,Synonyms,Japanese,English,German,Spanish,French,Type,Episodes,Status,Aired,Premiered,Broadcast,Producers,Licensors,Studios,Source,Genres,Theme,Demographic,Duration,Rating,Score,Ranked,Popularity,Members,Favorites,Scorers,Synopsis,Related_Entries,Title,Genre,Themes,Demographics
0,"Tottoko Hamtaro Dechu, Tottoko Hamutaro",とっとこハム太郎,Hamtaro,Hamtaro,Hamtaro,Hamtaro,['TV'],296,Finished Airing,"Jul 7, 2000 to Mar 31, 2006",['Summer 2000'],Fridays at 18:30 (JST),"['TV Tokyo', 'Half H.P Studio']",['VIZ Media'],['TMS Entertainment'],['Manga'],"['Adventure', 'Comedy']",['Anthropomorphic'],['Kids'],25 min. per ep.,G - All Ages,7.01,#4330,#2951,"62,643",280,30616,"He's small, fluffy, and absolutely adorable: Hamtarou is one perfect little hamster! After moving to a new house with his owner, 5th grader Hiroko Haruna, Hamtarou discovers other hamsters and quickly makes friends. The group of hamster explorers call themselves the Ham-Hams, and there's nowhere they won't go. The Ham-Hams go on crazy adventures all around the city while their owners are away, visiting everything from plays to magical lands of candy. Meanwhile, the humans face their own dramas.. Hamtarou meets a huge cast of different personalities, gets himself into—and out of—some pretty tight spots, and even helps Hiroko and her friends out more than once. Through it all, he never stops being unbearably cute. It's Hamtarou time!","['Sequel (TV) Tottoko Hamtarou Hai!', 'Adaptation (Manga) Hamtaro']",Tottoko Hamtarou,,,
1,,HAND MAID メイ,,,,,['TV'],10,Finished Airing,"Jul 26, 2000 to Sep 27, 2000",['Summer 2000'],Wednesdays at 18:30 (JST),"['Pioneer LDC', 'Cosmic Ray']","['Discotek Media', 'Geneon Entertainment USA']",['TNK'],Original,"['Comedy', 'Romance', 'Sci-Fi', 'Ecchi']",['Harem'],,23 min. per ep.,PG-13 - Teens 13 or older,6.68,#6030,#4195,"31,735",37,14208,"Saotome Kazuya is a computer whiz. One day his friend Nanbara, threatens him with a computer virus. Trying to stop the virus, Kazuya ends up making a special order. May is a cyberdoll that arrives at his door a few minutes later and she is 1/6th the size of a normal person, which makes for many awkward situations. Not to mention the fact Kazuya can't even afford to keep May. Cyberdyne is not satisfied with Kazuya's non-payments and will do anything to retrieve CBD May. (Source: ANN)","['Sequel (Special) Hand Maid May: Akiramemasen', '']",Hand Maid May,,,
2,"Medabots Damashii, Medabots Spirits, Medabots II",メダロット魂,Medabots Spirits,,,,['TV'],39,Finished Airing,"Jul 7, 2000 to Mar 30, 2001",['Summer 2000'],Fridays at 18:00 (JST),"['TV Tokyo', 'Nihon Ad Systems', 'Nelvana']","['ADV Films', 'Discotek Media']",['Trans Arts'],Game,"['Action', 'Adventure', 'Sci-Fi']",,,24 min. per ep.,G - All Ages,6.67,#6060,#4954,"21,901",23,11157,"The sequel to the famous Medabots series, following the continuing adventures of Ikki and Metabee. The two encountered a strange enemy named Jinkai and the so called Death Medabots. Along with Nae and Erica, they will defeat Jinkai and the Death Medabots.","['Prequel (TV) Medarot', '']",Medarot Damashii,,,
3,"Brigadoon Marin and Melan, MariMera",ブリガドーン まりんとメラン,Brigadoon,,,,['TV'],26,Finished Airing,"Jul 21, 2000 to Feb 9, 2001",['Summer 2000'],Fridays at 19:30 (JST),['Bandai Visual'],['Tokyopop'],['Sunrise'],Original,"['Adventure', 'Comedy', 'Drama', 'Sci-Fi']",['Mecha'],,24 min. per ep.,PG-13 - Teens 13 or older,7.19,#3409,#5783,"14,753",149,3977,"Marin is a typical junior high school girl with a sunny disposition and a loving adoptive family. Her life takes a drastic change when a mysterious mirage is seen in the sky above the entire earth. Killer androids called Monomakia descend to earth from the formation in the sky called Brigadoon and begin to hunt down little Marin. She discovers a blue bottle in a shrine as she seeks escape and from the bottle comes a protector, a sword carrying gun slinging alien called Melan Blue, together they must save the earth and deal with family crisis, school prejudice and the police and come to an understanding of Marins past and Melans unexplained mission, as well as learn to trust each other. Set in 1969 Japan with a colorful cast of friends and enemies. (Source: ANN)","['Adaptation (Manga) Brigadoon: Marin to Melan', '']",Brigadoon: Marin to Melan,,,
4,,ストレンジ・ドーン,,,,,['TV'],13,Finished Airing,"Jul 11, 2000 to Sep 26, 2000",['Summer 2000'],Tuesdays at 18:30 (JST),"None found,",['Urban Vision'],['HAL Film Maker'],Original,"['Adventure', 'Drama', 'Fantasy']",['Isekai'],,23 min. per ep.,PG-13 - Teens 13 or older,6.24,#8634,#7913,"6,782",9,2102,"Yuko and Eri are two normal girls who are sucked into the alternate world filled with tiny people. The people of this mysterious world sees them as their ""Great Protectors"" who can protect their land in a time of strife. The two girls set out on a mission with a group of warriors from the village to find out how they were brought here and how might they return home. However, there is a war brewing and these two Great Protectors are the political tool that every faction lusts for to rally the people to their side. (Source: ANN)",[],Strange Dawn,,,
5,Taegwon-wang Gangtaepung,태권왕 강태풍,King of Taekwondo Kang Taepoong,,,,['TV'],26,Finished Airing,"Jun 2, 2000 to Dec 8, 2000",['Summer 2000'],Unknown,"None found,","None found,","None found,",Original,,,,22 min. per ep.,PG-13 - Teens 13 or older,[],#14681,#18658,371,0,,No synopsis information has been added to this title. Help improve our database by adding a synopsis here.,[],Taekwon-wang Gang Taepung,['Sports'],"['Martial Arts', 'School']",
6,"Ha Pi Fuzi, Happy Father and Son",哈皮父子,Happy Father Happy Son,,,,['TV'],104,Finished Airing,Aug 2000 to Aug 2004,['Summer 2000'],Unknown,"None found,","None found,","None found,",Original,"['Comedy', 'Fantasy']",,['Kids'],6 min. per ep.,PG - Children,[],#18441,#22582,152,0,,No synopsis information has been added to this title. Help improve our database by adding a synopsis here.,"['Sequel (TV) Happy Fuzi: Chao Neng Pao Dan', '']",Happy Fuzi,,,
7,OP,ONE PIECE,One Piece,,,,['TV'],Unknown,Currently Airing,"Oct 20, 1999 to ?",['Fall 1999'],Sundays at 09:30 (JST),"['Fuji TV', 'TAP', 'Shueisha']","['Funimation', '4Kids Entertainment']",['Toei Animation'],['Manga'],"['Action', 'Adventure', 'Fantasy']",,['Shounen'],24 min.,PG-13 - Teens 13 or older,8.73,#51,#17,"2,497,625","234,846",1420258,"Barely surviving in a barrel after passing through a terrible whirlpool at sea, carefree Monkey D. Luffy ends up aboard a ship under attack by fearsome pirates. Despite being a naive-looking teenager, he is not to be underestimated. Unmatched in battle, Luffy is a pirate himself who resolutely pursues the coveted One Piece treasure and the King of the Pirates title that comes with it. The late King of the Pirates, Gol D. Roger, stirred up the world before his death by disclosing the whereabouts of his hoard of riches and daring everyone to obtain it. Ever since then, countless powerful pirates have sailed dangerous seas for the prized One Piece only to never return. Although Luffy lacks a crew and a proper ship, he is endowed with a superhuman ability and an unbreakable spirit that make him not only a formidable adversary but also an inspiration to many. As he faces numerous challenges with a big smile on his face, Luffy gathers one-of-a-kind companions to join him in his ambitious endeavor, together embracing perils and wonders on their once-in-a-lifetime adventure. [Written by MAL Rewrite]","['Adaptation (Manga) One Piece', 'Adaptation (Light Novel) One Piece: Loguetown-hen']",One Piece,,,
8,"GTO, GTO - The Animation",グレート・ティーチャー・オニヅカ,Great Teacher Onizuka,,,,['TV'],43,Finished Airing,"Jun 30, 1999 to Sep 17, 2000",['Summer 1999'],Wednesdays at 19:30 (JST),"['Aniplex', 'Fuji TV']","['Discotek Media', 'Tokyopop']",['Pierrot'],['Manga'],,,['Shounen'],25 min. per ep.,R - 17+ (violence & profanity),8.68,#69,#221,"867,314","27,379",425941,"Twenty-two-year-old Eikichi Onizuka—ex-biker gang leader, conqueror of Shonan, and virgin—has a dream: to become the greatest high school teacher in all of Japan. This isn't because of a passion for teaching, but because he wants a loving teenage wife when he's old and gray. Still, for a perverted, greedy, and lazy delinquent, there is more to Onizuka than meets the eye. So when he lands a job as the homeroom teacher of the Class 3-4 at the prestigious Holy Forest Academy—despite suplexing the Vice Principal—all of his talents are put to the test, as this class is particularly infamous. Due to their utter contempt for all teachers, the class' students use psychological warfare to mentally break any new homeroom teacher they get, forcing them to quit and leave school. However, Onizuka isn't your average teacher, and he's ready for any challenge in his way. Bullying, suicide, and sexual harassment are just a few of the issues his students face daily. By tackling the roots of their problems, Onizuka supports them with his unpredictable and unconventional methods—even if it means jumping off a building to save a suicidal child. Thanks to his eccentric charm and fun-loving nature, Class 3-4 slowly learns just how enjoyable school can be when you're the pupils of the Great Teacher Onizuka. [Written by MAL Rewrite]","['Prequel (OVA) Shonan Junai Gumi!', 'Adaptation (Manga) GTO Read Manga']",Great Teacher Onizuka,['Comedy'],"['Delinquents', 'School', 'Workplace']",
9,"Pocket Monsters, Indigo League, Adventures on the Orange Islands, The Johto Journeys, Johto League Champions, Master Quest",ポケットモンスター,Pokémon,Pokémon,Pokémon,Pokémon,['TV'],276,Finished Airing,"Apr 1, 1997 to Nov 14, 2002",['Spring 1997'],Thursdays at 19:00 (JST),"['TV Tokyo', 'TV Tokyo Music', 'Shogakukan Productions']","['VIZ Media', '4Kids Entertainment']",['OLM'],Game,"['Action', 'Adventure', 'Comedy', 'Fantasy']",,['Kids'],24 min. per ep.,PG - Children,7.40,#2384,#349,"654,038","5,564",411340,"Pokémon are peculiar creatures with a vast array of different abilities and appearances; many people, known as Pokémon trainers, capture and train them, often with the intent of battling others. Young Satoshi has not only dreamed of becoming a Pokémon trainer but also a ""Pokémon Master,"" and on the arrival of his 10th birthday, he finally has a chance to make that dream a reality. Unfortunately for him, all three Pokémon available to beginning trainers have already been claimed and only Pikachu, a rebellious Electric-type Pokémon, remains. However, this chance encounter would mark the start of a lifelong friendship and an epic adventure! Setting off on a journey to become the very best, Satoshi and Pikachu travel across beautiful, sprawling regions with their friends Kasumi, a Water-type trainer, and Takeshi, a Rock-type trainer. But danger lurks around every corner. The infamous Team Rocket is always nearby, seeking to steal powerful Pokémon through nefarious schemes. It'll be up to Satoshi and his friends to thwart their efforts as he also strives to earn the eight Pokémon Gym Badges he'll need to challenge the Pokémon League, and eventually claim the title of Pokémon Master. [Written by MAL Rewrite]","['Sequel (TV) Pokemon Advanced Generation', 'Adaptation (Manga) Satoshi to Pikachu', 'Adaptation (Manga) Dengeki! Pikachu', '']",Pokemon,,,
10,HxH,HUNTER×HUNTER（ハンター×ハンター）,Hunter x Hunter,,Hunter X Hunter: Cazadores de Tesoros,,['TV'],62,Finished Airing,"Oct 16, 1999 to Mar 31, 2001",['Fall 1999'],Saturdays at 18:00 (JST),['Fuji TV'],['VIZ Media'],['Nippon Animation'],['Manga'],"['Action', 'Adventure', 'Fantasy']",,['Shounen'],23 min. per ep.,PG-13 - Teens 13 or older,8.42,#183,#375,"616,841","11,537",300255,"Hunters are specialized in a wide variety of fields, ranging from treasure hunting to cooking. They have access to otherwise unavailable funds and information that allow them to pursue their dreams and interests. However, being a hunter is a special privilege, only attained by taking a deadly exam with an extremely low success rate. Gon Freecss, a 12-year-old boy with the hope of finding his missing father, sets out on a quest to take the Hunter Exam. Along the way, he picks up three companions who also aim to take the dangerous test: the revenge-seeking Kurapika, aspiring doctor Leorio Paladiknight, and a mischievous child the same age as Gon, Killua Zoldyck. As the four aspiring hunters embark on a perilous adventure, they fight for their dreams while defying the odds. [Written by MAL Rewrite]","['Sequel (OVA) Hunter x Hunter: Original Video Animation', 'Adaptation (Manga) Hunter x Hunter']",Hunter x Hunter,,,
11,"Yugioh, Yu-Gi-Oh!, Yu-Gi-Oh!: Duel Monsters, Yugioh: Duel Monsters, Yu-Gi-Oh! Duel Monsters",遊☆戯☆王　デュエルモンスターズ,Yu-Gi-Oh!,,,Yu-Gi-Oh!,['TV'],224,Finished Airing,"Apr 18, 2000 to Sep 29, 2004",['Spring 2000'],Tuesdays at 19:28 (JST),"['Nihon Ad Systems', 'Shueisha']",['Konami'],['Gallop'],['Manga'],"['Action', 'Adventure', 'Fantasy']",['Strategy Game'],['Shounen'],23 min. per ep.,PG-13 - Teens 13 or older,7.50,#1977,#603,"412,205","5,011",259909,"Yuugi Mutou is a naïve and lonely high school student who is fascinated by games. While staying with his grandfather, the owner of a game shop, he comes across an ancient Egyption relic known as the ""Millennium Puzzle."" Rumored to grant any wish to those who solve the Puzzle, Yuugi becomes determined to solve it to wish for some friends. After years of struggling, Yuugi manages to complete the puzzle and mysteriously finds that his wish has been fulfilled. Meanwhile, a new card game known as ""Duel Monsters"" starts rising in popularity. In this game, players called duelists fight against each other with ""monsters"" by using magic and trap cards to foil their opponent's plans. Yuugi quickly becomes skilled at the game and lives a peaceful life with his newfound friends. However, Yuugi's peace is short-lived. The undefeated duelist and egocentric billionaire Seto Kaiba suddenly abducts Yuugi's grandfather, forcing him to duel against the rare ""Blue Eyes White Dragon'' card. Yuugi is thrown into a new world of fierce battles and the stakes continue to rise as dark forces interfere from the shadows. After unexpectedly defeating Kaiba with the help of his ""other self""—the spirit of a nameless pharaoh—contained in the puzzle, he unofficially becomes the top duelist known as ""The King of Games."" However, this new title will attract covetousness and Yuugi will have to use all his intelligence and willpower in order to protect what he holds the dearest to him. [Written by MAL Rewrite]","['Prequel (TV) Yu☆Gi☆Oh!', 'Sequel (TV) Yu☆Gi☆Oh! Duel Monsters GX', 'Sequel (Movie) Yu☆Gi☆Oh! The Dark Side of Dimensions', 'Adaptation (Manga) Yu☆Gi☆Oh!']",Yu☆Gi☆Oh! Duel Monsters,,,
12,Detective Conan,名探偵コナン,Case Closed,Case Closed,,,['TV'],Unknown,Currently Airing,"Jan 8, 1996 to ?",['Winter 1996'],Saturdays at 18:00 (JST),"['Yomiuri Telecasting', 'Shogakukan', 'Audio Planning U', 'Tokyo Movie', 'Polydor Records']","['Funimation', 'Crunchyroll']",['TMS Entertainment'],['Manga'],"['Adventure', 'Comedy', 'Mystery']",['Detective'],['Shounen'],24 min.,PG-13 - Teens 13 or older,8.17,#435,#705,"360,897","15,328",164370,"Shinichi Kudou, a high school student of astounding talent in detective work, is well known for having solved several challenging cases. One day, when Shinichi spots two suspicious men and decides to follow them, he inadvertently becomes witness to a disturbing illegal activity. Unfortunately, he is caught in the act, so the men dose him with an experimental drug formulated by their criminal organization, leaving him to his death. However, to his own astonishment, Shinichi lives to see another day, but now in the body of a seven-year-old child. Perfectly preserving his original intelligence, he hides his real identity from everyone, including his childhood friend Ran Mouri and her father, private detective Kogorou Mouri. To this end, he takes on the alias of Conan Edogawa, inspired by the mystery writers Arthur Conan Doyle and Ranpo Edogawa. Shinichi, as Conan, starts secretly solving the senior Mouri's cases from behind the scenes with his still exceptional sleuthing skills, while covertly investigating the organization responsible for his current state, hoping to reverse the drug's effects someday. [Written by MAL Rewrite]","['Adaptation (Manga) Meitantei Conan', '']",Meitantei Conan,,,
13,,ラブひな,Love Hina,,,,['TV'],24,Finished Airing,"Apr 19, 2000 to Sep 27, 2000",['Spring 2000'],Wednesdays at 22:28 (JST),"['TV Tokyo', 'Yomiko Advertising']","['Funimation', 'Bandai Entertainment']",['Xebec'],['Manga'],"['Comedy', 'Romance', 'Ecchi']",['Harem'],['Shounen'],23 min. per ep.,PG-13 - Teens 13 or older,7.09,#3927,#944,"274,035","1,498",138371,"Keitaro Urashima promised a girl when he was young that they would meet up again at Tokyo University in the future. Sadly, in the National Practice Exam, Keitaro ranked 27th from the bottom. Knowing his grandmother owned a hotel, Keitaro intended to stay there while continuing his studies for Tokyo U, only to find out the hotel had long been transformed into an all-girls dormitory. Through an odd twist of fate, Keitaro eventually became the manager of the dorm, beginning his life of living with five other girls.","['Sequel (OVA) Love Hina Again', 'Adaptation (Manga) Love Hina Read Manga']",Love Hina,,,
14,"Digimon Adventure Zero Two, Digimon: Digital Monsters 02",デジモンアドベンチャー０２,Digimon Adventure 02,,,,['TV'],50,Finished Airing,"Apr 2, 2000 to Mar 25, 2001",['Spring 2000'],Sundays at 09:00 (JST),"['Yomiko Advertising', 'Fuji TV']","['Discotek Media', 'Saban Entertainment', 'Flatiron Film Company']",['Toei Animation'],Original,"['Action', 'Adventure', 'Comedy', 'Fantasy']",['Isekai'],['Kids'],25 min. per ep.,PG - Children,7.24,#3167,#1145,"227,507",779,146393,"Taichi Yagami and his friends have moved on to junior high, but by that time, they have lost contact with their Digimon partners. Taichi is therefore surprised to suddenly receive a distress call summoning him to the Digital World. Once there, he learns that Digimon are living in fear of the mysterious Digimon Emperor, who is somehow suppressing their ability to Digivolve! In the real world, Hikari Yagami and Takeru Takaishi reunite in the same fifth grade class. They share three schoolmates: Daisuke Motomiya, who reminds them both of Taichi; Miyako Inoue, a technical wizard; and Iori Hida, Miyako's neighbor. When these three children receive ""D-3"" Digivices, they—along with Hikari and Takeru, who still possess their own original Digivices—comprise the new generation of ""Chosen Children"" who must save the world once again. With the power of the Armored Digi-Eggs, they must thwart the Digimon Emperor's plans to spread his influence over the entire Digital World. [Written by MAL Rewrite]","['Prequel (Movie) Digimon Adventure: Bokura no War Game!', 'Sequel (Movie) Digimon Adventure 02: Diablomon no Gyakushuu', 'Adaptation (Manhua) Digimon Zero Two', '']",Digimon Adventure 02,,,
15,"Big O Roger, Big O",THEビッグオー,The Big O,,,,['TV'],26,Finished Airing,"Oct 13, 1999 to Mar 27, 2003",['Fall 1999'],Unknown,['Bandai Visual'],"['Bandai Entertainment', 'Sentai Filmworks']",['Sunrise'],Original,"['Action', 'Mystery', 'Sci-Fi']",,,24 min. per ep.,PG-13 - Teens 13 or older,7.53,#1863,#2202,"101,850","1,013",39647,"Paradigm City, a city of amnesia and a place of belonging. It remains populated by forgotten pasts and the ruins of their labors due to a calamity 40 years ago. Shrouded in a fog-like mystery, it is up to people like Roger Smith to shine a light through the mist. Acting as a professional negotiator and suave agent, Roger is a self-tailored ladies man whose only love is for funeral black. However, as he gets deeply involved with his clients, what often starts as a simple negotiation evolves into Roger saving Paradigm from crime and peril. In the process, Roger stumbles even deeper into the untold folds of the city. As a rule, things are hardly ever as they appear. Serving as gray knight in a gray world, Roger is not without allies. By his side are Norman, a loyal and widely skilled butler, and Dorothy, a human-like android with deadpan snark. Together with the relic Big O, a jet-black mecha of gargantuan size and weight, they help Roger serve iron justice to Paradigm's lurking villains as he discovers the truth about 40 years ago. [Written by MAL Rewrite]","['Adaptation (Manga) The Big O', '']",The Big O,,"['Adult Cast', 'Mecha', 'Psychological']",
16,,クレヨンしんちゃん,Shin Chan,Shin Chan,Shin Chan,,['TV'],Unknown,Currently Airing,"Apr 13, 1992 to ?",['Spring 1992'],Fridays at 19:30 (JST),['TV Asahi'],['Funimation'],['Shin-Ei Animation'],['Manga'],"['Comedy', 'Ecchi']",['School'],['Seinen'],21 min.,G - All Ages,7.80,#1030,#2402,"88,095","1,330",42202,"There is no such thing as an uneventful day in the life of kindergartener Shinnosuke ""Shin-chan"" Nohara. The five-year-old is a cut above the most troublesome, perverted, and shameless kid one can imagine. Shin-chan is almost always engaged in questionable activities such as forgetting about a friend during hide and seek, sumo wrestling for love, performing various gags including the notorious ""elephant"" in public, and flirting with college girls. The exemplary troublemaker has done it all and has no plans to stop anytime soon. Crayon Shin-chan follows the daily shenanigans of Shin-chan with his group of friends, parading around as the self-proclaimed ""Kasukabe Defense Force."" The adults witnessing these shenanigans unfold can't help but adore Shin-chan, as he keeps them entertained while unintentionally solving their daily troubles through his mindless antics—leaving himself as the only problem they do not know what to do with. [Written by MAL Rewrite]","['Adaptation (Manga) Crayon Shin-chan', '']",Crayon Shin-chan,,,
17,,ドラえもん,Doraemon,,Doraemon,,['TV'],1787,Finished Airing,"Apr 2, 1979 to Mar 18, 2005",['Spring 1979'],Fridays at 19:00 (JST),"['TV Asahi', 'Asatsu DK']","None found,",['Shin-Ei Animation'],['Manga'],"['Adventure', 'Comedy', 'Fantasy', 'Sci-Fi']",['Anthropomorphic'],,11 min. per ep.,PG - Children,7.86,#898,#2835,"67,037",669,39831,"Nobita Nobi is a normal fourth grade student. This all changes, however, when a blue robotic cat appears from his desk drawer. Calling himself Doraemon, this robot tells Nobita that his future descendants from the 22nd century live in poverty because of all the mistakes he made. Therefore, they have sent Doraemon to serve as a guide and mentor to Nobita, so that their future may change for the better. What Doraemon comes to learn, though, is that Nobita is the weakest and laziest student in the whole school. To assist in his quest, Doraemon has a four-dimensional pocket with him, in which he keeps various machines and gadgets from the future. Unfortunately, these often result in even more trouble for Nobita. Will Doraemon really be able to achieve his mission of changing Nobita, or will he remain as he is? [Written by MAL Rewrite]","['Prequel (TV) Doraemon', 'Sequel (TV) Doraemon (2005)', 'Adaptation (Manga) Doraemon', '']",Doraemon (1979),,,"['Kids', 'Shounen']"
18,,妖しのセレス,"Ceres, Celestial Legend","Ceres, Celestial Legend",Ceres: La Leyenda Celestial,,['TV'],24,Finished Airing,"Apr 20, 2000 to Sep 28, 2000",['Spring 2000'],Thursdays at 18:30 (JST),"['Bandai Visual', 'Shogakukan']","['VIZ Media', 'Discotek Media']",['Pierrot'],['Manga'],"['Adventure', 'Drama', 'Horror', 'Romance', 'Supernatural']",,['Shoujo'],21 min. per ep.,R - 17+ (violence & profanity),7.17,#3507,#2907,"64,425",489,28170,"Ceres was a tennyo (Celestial maiden) who came down from the heavens to bathe in a stream. She hung her hagoromo (robe) on a tree nearby, which was her key to returning to the heavens. But the robe was stolen and the man who had stolen it forced her to become his wife, thus producing a family full of human and tennyo blood mixed. Now, in modern day time, Aya Mikage is a descendent of Ceres, and has quite an amount of tennyo blood. On her 16th birthday, she and her twin brother, Aki, are thrown a party. At the ""party,"" Aya's grandpa plans to kill her, for she has tennyo powers unlike the rest of the family, and can actually become Ceres herself and destroy the Mikage family. Aya, however, can switch back, so this transformation happens quite frequently. With protector Yuuhi by her side, it is up to Aya to control Ceres and keep her from coming back, but her relationship with an ex-worker for her evil grandpa may be a distraction.","['Adaptation (Manga) Ayashi no Ceres', '']",Ayashi no Ceres,,"['Psychological', 'Reincarnation']",
19,Gensou Maden Saiyuki,幻想魔伝 最遊記,Saiyuki,Saiyuki,Saiyuki,,['TV'],50,Finished Airing,"Apr 4, 2000 to Mar 27, 2001",['Spring 2000'],Tuesdays at 18:30 (JST),"['TV Tokyo', 'Dentsu', 'Group TAC']",['ADV Films'],['Pierrot'],['Manga'],"['Action', 'Adventure', 'Drama', 'Fantasy']",['Mythology'],['Shounen'],23 min. per ep.,R - 17+ (violence & profanity),7.54,#1822,#3085,"57,356",799,21888,"Many years ago, humans and demons lived in harmony. But that unity ended when demons started attacking humans and plotted a mission to unleash Gyumao—an evil demon imprisoned for thousands of years. Now, Genjo Sanzo, a rogue priest, must team up with three demons—Sha Gojyo, Son Goku, and Cho Hakkai—and embark on a perilous journey to the west to stop these demons from resurrecting Gyumao and restore the balance between humans and demons on Earth. (Source: ANN)","['Prequel (OVA) Saiyuuki Reload: Burial', 'Sequel (TV) Saiyuuki Reload', 'Adaptation (Manga) Saiyuuki Read Manga', '']",Gensoumaden Saiyuuki,,,
20,"Zoids Classic, Zoids: Chaotic Century, Zoids: Guardian Forces",ゾイド,Zoids,,,,['TV'],67,Finished Airing,"Sep 4, 1999 to Dec 23, 2000",['Fall 1999'],Saturdays at 18:00 (JST),['Shogakukan Productions'],['VIZ Media'],['Xebec'],Other,"['Action', 'Adventure', 'Comedy', 'Sci-Fi']",['Mecha'],,25 min. per ep.,PG-13 - Teens 13 or older,7.37,#2484,#3240,"52,091",289,26864,"In a remote desert on the Planet Zi, a boy named Van discovers an abandoned, dilapidated facility. Inside, he finds an opaque cocoon that breaks on its own, and a dinosaur-like robot known as an ""Organoid"" emerges from the shell. Van names the creature Zeke and claims it for himself, but a group of bandits come after him to seize the Organoid. The bandits are equipped with ""Zoids,"" beast-like mechanical units that are used for combat. Van is able to fend off his pursuers by reviving and fusing with an old Zoid dubbed the ""Shield Liger."" Van returns to the facility with Zeke in tow and finds a new cocoon. He is ecstatic that he may have obtained another Organoid, but when the cocoon breaks, a girl emerges from it instead. Unaware of her origins, the girl only remembers that her name is Fiona and that she has to locate an object called the ""Zoid Eve."" Determined to solve the mystery behind her existence, Fiona ventures out alongside Van and Zeke to uncover what the Zoid Eve truly is. The trio runs across many friends and foes in their adventure, encountering various dangers and experiencing slices of light-heartedness as they travel. [Written by MAL Rewrite]","['Adaptation (Manga) Kijuushin Seiki Zoids', '']",Zoids,,,
21,"Les Enquetes de Kindaichi, Young Kindaichi's Casebook, Kindaichi Case Files",金田一少年の事件簿,The File of Young Kindaichi,,,,['TV'],148,Finished Airing,"Apr 7, 1997 to Sep 11, 2000",['Spring 1997'],Mondays at 19:00 (JST),"['Dentsu', 'Yomiuri Telecasting']","None found,",['Toei Animation'],['Manga'],,,['Shounen'],24 min. per ep.,R - 17+ (violence & profanity),7.94,#751,#4118,"33,304",265,8401,"Hajime Kindaichi's unorganized appearance and lax nature may give the impression of an average high school student, but a book should never be judged by its cover. Hajime is the grandson of the man who was once Japan's greatest detective, and he is also a remarkable sleuth himself. With the help of his best friend, Miyuki Nanase, and the peculiar inspector Isamu Kenmochi, Hajime travels to remote islands, ominous towns, abysmal seas, and other hostile environments. His life's mission is to uncover the truth behind some of the most cunning, grueling, and disturbing mysteries the world has ever faced. [Written by MAL Rewrite]","['Sequel (TV) Kindaichi Shounen no Jikenbo Returns', 'Adaptation (Manga) Kindaichi Shounen no Jikenbo: File Series', 'Adaptation (Light Novel) Kindaichi Shounen no Jikenbo', 'Adaptation (Manga) Kindaichi Shounen no Jikenbo - Short File Series']",Kindaichi Shounen no Jikenbo,['Mystery'],,
22,Sakura Taisen TV,サクラ大戦,Sakura Wars TV,Sakura Wars,Sakura Wars,Sakura Wars,['TV'],25,Finished Airing,"Apr 8, 2000 to Sep 23, 2000",['Spring 2000'],Saturdays at 17:30 (JST),"['Mainichi Broadcasting System', 'TBS', 'Sega', 'Avex Pictures', 'Imagine']","['ADV Films', 'Sentai Filmworks']",['Madhouse'],Game,"['Action', 'Adventure', 'Sci-Fi']",,,24 min. per ep.,PG-13 - Teens 13 or older,6.84,#5149,#4405,"28,696",63,8816,"It is the 1920s, and Japan is under attack by demonic invaders. The government has designed sturdy, albeit steam-powered, robot armor suits for the impending battle, but only young ladies with the proper combination of virtue and spirit can pilot the robots successfully. Enter young Sakura, arriving in the Imperial Capital from the countryside to join the Imperial Flower Combat Troop. She has the qualifications to be a fine robot pilot, but she's surprised to learn that this secret Defense Force has a cover story as a musical theatre troupe-and they take their cover jobs very seriously indeed. It's costumes, line readings and robot combat galore, as Sakura struggles to learn the ropes, learn her lines, and do her part to save the nation! (Source: ADV Films)","['Sequel (OVA) Sakura Taisen: Gouka Kenran', 'Sequel (TV) Shin Sakura Taisen the Animation', 'Adaptation (Manga) Sakura Taisen', '']",Sakura Taisen,,"['Mecha', 'Performing Arts']",
23,"Da!Da!Da!, UFO Baby",だぁ! だぁ! だぁ!,,,,,['TV'],78,Finished Airing,"Mar 28, 2000 to Feb 26, 2002",['Spring 2000'],Tuesdays at 18:00 (JST),"['NHK', 'Sogo Vision', 'NHK Enterprises']","None found,",['J.C.Staff'],['Manga'],"['Comedy', 'Sci-Fi']",['Childcare'],['Shoujo'],25 min. per ep.,G - All Ages,7.63,#1483,#4553,"26,883",253,12282,"Miyu is an 8th grade girl, whose parents have been hired by NASA. They take off to America leaving Miyu with Mr. Saionji. Later, Mr. Saionji decides to go on a 1 year long trip to India leaving Miyu alone with his son, Kanata. More complications rise when an Alien baby and his babysitter pet crashes/lands in their house. To make things worse, alien baby starts calling Miyu and Kanata Mom and Dad, also showing ESP power and floating around. (Source: ANN)","['Adaptation (Manga) Daa! Daa! Daa!', '']",Daa! Daa! Daa!,,,
24,"Ojamajo Doremi #, Useless Witch Doremi Sharp",おジャ魔女どれみ＃,,,,,['TV'],49,Finished Airing,"Feb 6, 2000 to Jan 28, 2001",['Winter 2000'],Sundays at 08:30 (JST),['Asahi Broadcasting'],"None found,",['Toei Animation'],Original,,,,24 min. per ep.,G - All Ages,7.46,#2127,#4782,"23,880",118,11751,"At the end of the first season, Doremi and her friends all had to give up their witch powers and be normal girls again. This also meant that they couldn't see Majorika, Lala, and the fairies again. The MAHO-Dou was also deserted and the door to the Majokai was locked. The Queen, having seen all this through her crystal ball, secretly makes it so that Doremi and co. all end up heading into the Majokai again, with the excuse to return Majorika's hair dryer. However they end up stumbling into a garden, and one of the roses reveals a baby! The Queen tells the girls that they must raise the baby for a whole year. To help them, they receive newer and stronger witch powers than before! The adventure isn't over yet!","['Prequel (TV) Ojamajo Doremi', 'Sequel (TV) Motto! Ojamajo Doremi']",Ojamajo Doremi Sharp,['Comedy'],"['Childcare', 'Mahou Shoujo']",
25,Gatekeepers,ゲートキーパーズ,,,,,['TV'],24,Finished Airing,"Apr 3, 2000 to Sep 18, 2000",['Spring 2000'],Mondays at 18:30 (JST),"['Bandai Visual', 'Media Factory', 'Kadokawa Shoten', 'Pony Canyon']",['Geneon Entertainment USA'],['Gonzo'],Game,"['Action', 'Comedy', 'Fantasy', 'Sci-Fi']",['Mecha'],,25 min. per ep.,PG-13 - Teens 13 or older,6.90,#4814,#4816,"23,369",61,9865,"Technology, science, and industry—this is 1969 Tokyo, and there is no better time to be alive! But a shadow looms quietly around every corner: ""Invaders"" have infiltrated the populace, and nobody knows who or what they are. Only the members of the top-secret agency AEGIS know of their existence. Covertly fighting the enemy is their job, but only those with the ability to open ""Gates"" to another world can truly defeat them. Within AEGIS is a specialized task force known as the ""Gate Keepers."" Composed of extraordinary individuals with a variety of Gate-related abilities, they are the only ones who can save humanity from the vicious Invaders plaguing the planet. Shun Ukiya is an average high school student who lives with his widowed mother and little sister. While on his way home from school one day, he comes across a group of Invaders heading toward his house. In a desperate plight to save his family, Shun discovers he possesses the ability to open a Gate, allowing him to harness massive amounts of energy. With his newfound ability exposed, he catches the attention of AEGIS, and particularly the interest of one of its Gate Keepers, Shun's childhood friend Ruriko Ikusawa. [Written by MAL Rewrite]","['Sequel (OVA) Gate Keepers 21', 'Adaptation (Manga) Gate Keepers']",Gate Keepers,,,
26,"Kochikame, This is the Police Station in Front of Kameari Park in Katsushika Ward, Kochira Katsushikaku Kameari Kouenmae Hashutsujo (1996)",こちら葛飾区亀有公園前派出所 (1996),,,Kochikame,,['TV'],373,Finished Airing,"Jun 16, 1996 to Dec 19, 2004",['Summer 1996'],Sundays at 19:00 (JST),"['Asatsu DK', 'Fuji TV']","None found,",['Gallop'],['Manga'],,,['Shounen'],25 min. per ep.,PG-13 - Teens 13 or older,7.78,#1083,#5111,"20,334",197,7455,"Ryoutsu, being an underpaid policeman, is always coming up with underhanded schemes in order to make a quick buck. But in the end, his plans (which are ridiculous to begin with) always go wrong and land him in big trouble with the chief.","['Adaptation (Manga) Kochira Katsushikaku Kameari Kouenmae Hashutsujo', '']",Kochira Katsushikaku Kameari Kouenmae Hashutsujo,['Comedy'],"['Adult Cast', 'Detective', 'Gag Humor']",
27,,モンスターファーム～伝説[レジェンド]への道～,Monster Rancher (2000),Monster Rancher,,Monster Rancher,['TV'],25,Finished Airing,"Apr 1, 2000 to Sep 30, 2000",['Spring 2000'],Saturdays at 07:30 (JST),"None found,","['ADV Films', 'Discotek Media']",['TMS Entertainment'],Game,"['Action', 'Adventure', 'Comedy', 'Fantasy']",['Isekai'],,24 min. per ep.,PG - Children,6.74,#5685,#5214,"19,403",17,9553,"Genki is a boy who loves playing video games. One day he's zapped into the world of Monster Rancher and meets the girl Holly and the monsters Mochi, Suezo, Golem, Tiger and Hare. Continuing from where the original story left off, Genki and friends journey to conquer the legend cup in hopes of freeing Holly's father from the mystery disc. (Source: AniDB)","['Prequel (TV) Monster Farm: Enbanseki no Himitsu', 'Adaptation (Manga) Monster Farm: Enbanseki no Himitsu']",Monster Farm: Legend e no Michi,,,
28,Collector Yui,コレクター・ユイ,Corrector Yui,,,,['TV'],52,Finished Airing,"Apr 9, 1999 to Oct 20, 2000",['Spring 1999'],Fridays at 18:00 (JST),"['NHK', 'Studio Tron']",['VIZ Media'],['Nippon Animation'],Original,"['Adventure', 'Comedy', 'Sci-Fi']",,,25 min. per ep.,G - All Ages,6.86,#5030,#5339,"18,178",65,7618,"Yui is an average schoolgirl who lives in a future where all computers are supported by a single global network known as COMNET. Yui is a computer-illiterate girl who after a computer-lab accident is approached by IR, a raccoon looking corrector computer program, which tells her she must save COMNET. She must stop the rogue A.I. (Artificial Intelligence) computer program known as Grosser and his hench-programs from taking over the world. Grosser was originally designed to be that manager of all of COMNET. At first she's very reluctant to play the heroine because of her complete lack of knowledge and ability with computers. To save COMNET she must find and gain the trust of the other seven wayward corrector programs. They must also find the creator or COMNET Professor Inukai, to help stop Grosser for good. (Source: ANN)","['Adaptation (Manga) Corrector Yui', 'Adaptation (Manga) Corrector Yui']",Corrector Yui,,,
29,,マシュランボー,Shinzo,,,Shinzo,['TV'],32,Finished Airing,"Feb 5, 2000 to Sep 23, 2000",['Winter 2000'],Saturdays at 18:28 (JST),"['TV Asahi', 'Toei Advertising']",['Saban Entertainment'],['Toei Animation'],Original,"['Adventure', 'Drama', 'Fantasy', 'Sci-Fi']",,,23 min. per ep.,PG - Children,6.93,#4683,#5444,"17,231",82,8578,"In the world of Mushrambo, human life has all but come to an end. After a deadly virus threatened the extinction of mankind, a new race called the Enterrans was created to preserve life on Earth. However, relations between the Enterrans and their creators did not remain peaceful. Soon a war broke out with the Enterrans fighting against the humans and their robots. Ultimately the Enterrans were the victors of this conflict, renaming Earth as Enterra in honor of their victory. Before the last vestiges of humanity fell, one of the few remaining scientists put his daughter, Yakumo Shindou, into a sleep chamber. His hope was that his daughter would one day reawaken and find the human sanctuary known as Shinzo, reviving humanity and restoring peace between humans and Enterrans. Centuries have passed since the war; Yakumo now awakens and meets an Enterran named Mashura who pledges to assist in her quest. Also joined by the Enterrans Sago and Kutal, the group must now work to locate Yakumo's missing memories and locate Shinzo. But not every Enterran is as kind as Yakumo's new friends and some are prepared to commit any atrocity to prevent the return of humanity.","['Adaptation (Manga) Mushrambo', '']",Mushrambo,,,
30,,POPEE the ぱフォーマー,Popee the Clown,,,,['TV'],39,Finished Airing,"Jan 3, 2000 to Dec 28, 2001",['Winter 2000'],Mondays at 20:53 (JST),"['Kids Station', 'Nippon Columbia']","None found,",['Zuiyo'],Original,"['Avant Garde', 'Comedy']",['Gag Humor'],,4 min. per ep.,R - 17+ (violence & profanity),7.27,#2980,#6258,"12,007",333,5261,"Somewhere in the desert lies the Wolf Zirkus: a strange circus where Popee, a clown in a pink rabbit jumpsuit, shares the stage with Kedamono, a purple creature who wears a mask. Together, they juggle the whims of performing, practicing their acts, and poking fun at each other. In a world where anything seems possible, there is no telling what will happen next during this eccentric spectacle. [Written by MAL Rewrite]",[],Popee the Performer,,,
31,,サイボーグクロちゃん,,,,,['TV'],66,Finished Airing,"Oct 2, 1999 to Jan 6, 2001",['Fall 1999'],Saturdays at 08:00 (JST),"['Public & Basic', 'Imagine']","None found,",['Studio Bogey'],['Manga'],"['Comedy', 'Sci-Fi']",,,25 min. per ep.,PG - Children,7.15,#3645,#6736,"10,120",66,4846,"Kuro is just an ordinary cat who only wants to protect his owners who are an old couple that can't fend for themselves. One day while on a date with his girlfriend Pooly who is a dog, he is kidnapped by an evil scientist and turned into a robot. Kuro somehow removes the chip that controlled him and notices that people get scared with his new robotic appearance and that he can now talk like a human. He decides to disguise himself with the skin of a stuffed toy and to continue living as a pet. (Source: ANN)","['Adaptation (Manga) Cyborg Kuro-chan', '']",Cyborg Kuro-chan,,,
32,,サザエさん,Mrs. Sazae,,,,['TV'],Unknown,Currently Airing,"Oct 5, 1969 to ?",['Fall 1969'],Sundays at 18:30 (JST),['Fuji TV'],"None found,",['Eiken'],['4-koma manga'],"['Comedy', 'Slice of Life']",,,24 min.,G - All Ages,6.14,#9128,#7129,"8,811",39,1938,"The main character is a mother named Sazae-san. She lives in a house with her husband, her kids and her parents. The show is the ultimate family program and tends to follow traditional themes. Think of this show as the Japanese equivalent to ""The Partridge Family"" and you'll get a good feel for this show's atmosphere. Don't expect to see things like violence, swearing, kung-fu action or magical girls. The plots are more like ""Today, Sazae-san goes to the new mall and gets lost"". Such ""boring"" plotlines and the simplistic art are often a turn-off to non-Japanese audiences, but most Japanese find the show incredibly good. As a result, it continues to be one of the top ratings grabbers on TV and is one of the few anime that is considered ""acceptable"" by adults. (Source: AniDB)","['Adaptation (Manga) Sazae-san', '']",Sazae-san,,,
33,"Ninja Boy Rantaro, Rakudaii Nintama Rantarou",忍たま乱太郎,,,El Ninja Boy Rantaró,,['TV'],Unknown,Currently Airing,"Apr 10, 1993 to ?",['Spring 1993'],Not scheduled once per week,"['NHK', 'Sogo Vision', 'NHK Enterprises']","None found,","['Ajia-do', 'Gakken']",['Manga'],,,['Kids'],10 min.,G - All Ages,7.08,#4020,#7395,"8,015",77,2550,"Taking place in the Sengoku Period, Rantarou, Kirimaru and Shinbei are young students at Ninjutsu Academy, a school that teaches all kinds of youth how to become ninjas. Known as ""Nintamas"" (a contraction of ninja + tama [egg]), the main trio, and many other students at the school, must learn all sorts of unique skills to achieve their goal. Unfortunately, things aren't that simple, since our protagonists constantly find themselves failing their classes. With strict ninja teachers such as Doi-sensei and Yamada-sensei, the mischievous girls from the Kunoichi class, an entire crew of pirates and dozens more interesting characters, anything can happen in the crazy world of Nintama. The episodes are 7 minutes and thirty seconds long each, and each season (which there's currently 29 of) usually has a range of 60-90 episodes.","['Adaptation (Manga) Rakudai Ninja Rantarou', '']",Nintama Rantarou,['Comedy'],,
34,Maruko-chan,ちびまる子ちゃん,Little Miss Maruko,,Chibi Maruko-chan,,['TV'],Unknown,Currently Airing,"Jan 8, 1995 to ?",['Winter 1995'],Sundays at 18:00 (JST),"['Ajia-do', 'Fuji TV', 'Sakura Production']","None found,",['Nippon Animation'],['Manga'],,['School'],['Shoujo'],23 min.,G - All Ages,7.34,#2627,#7910,"6,781",62,2189,"Momoko Sakura is an elementary school student who likes popular idol Momoe Yamaguchi and mangas. She is often called ""Chibi Maruko-chan"" due to her young age and small size. She lives together with her parents, her grandparents and her elder sister in a little town. In school, she has many friends with whom she studies and plays together everyday, including her close pal, Tama-chan; the student committee members, Maruo-kun and Migiwa-san; and the B-class trio: 'little master' Hanawa-kun, Hamaji-Bu Taro and Sekiguchi-kun. This is a fun-loving and enjoyable anime that portrays the simple things in life. (Source: ANN)","['Prequel (TV) Chibi Maruko-chan', 'Adaptation (Manga) Chibi Maruko-chan']",Chibi Maruko-chan (1995),['Comedy'],,
35,Rokumon Tengai Monkore Knight,六門天外モンコレナイト,Six Gates Faraway Mon Colle Knights,Mon Colle Knights,Los Caballeros del Mundo Mon,Mon Colle Knights,['TV'],51,Finished Airing,"Jan 10, 2000 to Dec 25, 2000",['Winter 2000'],Mondays at 18:00 (JST),"None found,",['Discotek Media'],['Studio Deen'],Card game,"['Adventure', 'Comedy', 'Fantasy']",['Parody'],['Kids'],25 min. per ep.,G - All Ages,6.43,#7511,#8351,"5,945",17,2389,"Two mad scientists, Professor Hiiragi and Count Collection, simultaneously manage to open a dream hole to an alternate world where myths are real, the Sixgate world. Professor Hiiragi recruits his daughter Rokuna and her friend Mondo to be the Mon Colle Knights and help him in obtaining six magical items before Count Collection does. These items which can alter the barriers of dimensions when combined, allowing them to be used to either peacefully have the magic of the Sixgate world cross over in the human world, take over the minds of all monsters, or worse, reformat reality. While this entry only has details based on the Japanese version, it also includes the version aired on Jetix.","['Adaptation (Manga) Rokumon Tengai Mon Colle Knight', '']",Rokumon Tengai Mon Colle Knights,,,
36,,トランスフォーマー・カーロボット,Transformers: Robots in Disguise,,,Transformers: Robots in Disguise,['TV'],39,Finished Airing,"Apr 5, 2000 to Dec 27, 2000",['Spring 2000'],Wednesdays at 18:30 (JST),"['TV Tokyo', 'NEC Interchannel']","['Hasbro', 'Saban Entertainment']","['Gallop', 'Dongwoo A&E']",Other,"['Adventure', 'Comedy', 'Sci-Fi']",['Mecha'],,23 min. per ep.,PG - Children,6.54,#6852,#8464,"5,785",23,2792,"The evil Gigatron has led his forces of Destrongers to Earth, where they seek to pillage the planet for its vast energy resources in order to fuel their war against the Autobots. If successful, the Destrongers will finally be able to tip the scale of power in the war to their favor, eliminating the Autobots and moving on to conquer the universe. To this end, the Destrongers kidnap the scientist Dr. Ohnishi, Earth's leading scientist on energy and natural resources. Dr. Oonishi's son, Koji, is contacted by none other than Fire Convoy, who takes the boy on a mission to rescue his father. Although Fire Convoy and the other Autobots fight valiantly, they are unable to rescue the doctor from the Destrongers. Now it is up to the Autobots and Koji to rescue Dr. Oonishi and protect the Earth and its resources from Gigatron and his army.",[],Transformers: Car Robots,,,
37,A Tree in a Sunny Place,陽だまりの樹,Tree in the Sun,,,,['TV'],25,Finished Airing,"Apr 5, 2000 to Sep 20, 2000",['Spring 2000'],Wednesdays at 00:50 (JST),"['VAP', 'Nippon Television Network']","None found,",['Madhouse'],['Manga'],"['Action', 'Award Winning', 'Drama']",,['Seinen'],23 min. per ep.,R+ - Mild Nudity,7.12,#3830,#8750,"5,310",24,1048,"A story set in the mid-1800's about a young doctor who has been trained in Western-style medicine and a young samurai who is trying to live up to the old traditions of his class and culture. The story is actually based upon real people - the doctor, Ryo-an, was Tezuka's great grandfather. During the Second Year of Ansei (1855) in Edo's Koishigawa are two young men, Manjiro Ibutani and Ryoan Tezuka. Ibutani is a low-ranking samurai who is a gifted swordsman and has a straightforward and strong sense of justice. Tezuka has a more carefree attitude. He has an eye for the ladies, but he is passionate about becoming a doctor. The two opposite characters come of age during the backdrop of the turbulent end of the Tokugawa Period (1600-1868 CE). (Source: AnimeNfo)","['Adaptation (Manga) Hidamari no Ki', '']",Hidamari no Ki,,"['Historical', 'Medical', 'Samurai']",
38,"Mahoujin Guruguru II, Mahoujin Guru Guru: Doki Doki Legend",ドキドキ♡伝説 魔法陣グルグル,Magical Circle Guru Guru 2,,,,['TV'],38,Finished Airing,"Apr 4, 2000 to Dec 26, 2000",['Spring 2000'],Tuesdays at 18:00 (JST),"['TV Tokyo', 'Sotsu']","None found,",['Nippon Animation'],['Manga'],"['Adventure', 'Comedy', 'Fantasy']",,['Shounen'],23 min. per ep.,G - All Ages,7.12,#3818,#9180,"4,632",6,1776,"Join the new legend of Guruguru, where Nike, the reluctant hero, and Kukuri, the innocent heroine, return to save the world. The magical adventure that unfolds, with its unique monsters and eccentric characters, is sure to draw you into this curious and exciting realm. To save the world from evil King Giri, Kukuri must locate the monsters in each territory and win them, one by one, over to her side. Meanwhile Nike's task is to be recognized by the Four Kings of Nature and collect their swords. These swords are known as the ""Sword of Wind,"" the ""Sword of Water,"" the ""Sword of Earth"" and the ""Sword of Fire."" Can Nike and Kukuri truly become hero and heroine? Follow their journey and find out! (Source: AniDB)","['Prequel (TV) Mahoujin Guruguru', 'Adaptation (Manga) Mahoujin Guruguru']",Dokidoki♡Densetsu: Mahoujin Guruguru,,,
39,"Soreike! Anpanman, Go! Anpanman, Anpanman TV",それいけ！アンパンマン,,,,,['TV'],Unknown,Currently Airing,"Oct 3, 1988 to ?",['Fall 1988'],Fridays at 16:20 (JST),"['Sotsu', 'Nippon Television Network']","None found,",['TMS Entertainment'],Picture book,"['Comedy', 'Fantasy']",,['Kids'],24 min.,PG - Children,6.58,#6587,#9191,"4,613",31,1739,"One night, a Star of Life falls down the chimney of a bakery nestled deep in the forest, causing the dough in the oven to come to life. The dough becomes Anpanman, a superhero made of anpan (a sweet roll with bean jam filling). Together with his friends, Anpanman fights his rival Baikinman and helps the malnourished. (Source: ANN)",[],Sore Ike! Anpanman,,,
40,"Platinumhugen Ordian, Silver Armor Knight Audian, Attack Armor Audian, Ginsokiko Ordian",銀装騎攻オーディアン,,,,Platinumhugen Ginsoukikou Ordian,['TV'],24,Finished Airing,"Apr 4, 2000 to Sep 19, 2000",['Spring 2000'],Tuesdays at 19:00 (JST),"['KSS', 'Kadokawa Shoten', 'Broccoli', 'Yomiko Advertising', 'Soft Garage', 'K-Factory']","None found,",['Plum'],Original,,['Mecha'],,25 min. per ep.,R+ - Mild Nudity,5.68,#11489,#9484,"4,171",5,1031,"Kananase Yu is just an ordinary high-school student. Since he has mysterious inside knowledge about piloting a mecha, he is recruited by the International Military Organization as a potential test pilot for a new mobile armor. However, apparently there are other young recruits around his age, including one of his classmates, were recruited as test pilot as well. Now Kananase Yu must prove that he is the best to be the test pilot. (Source: ANN)",[],Ginsoukikou Ordian,['Sci-Fi'],,
41,,キョロちゃん,,,,,['TV'],91,Finished Airing,"Jul 1, 1999 to Mar 29, 2001",['Summer 1999'],Thursdays at 18:00 (JST),"['TV Tokyo', 'Aniplex', 'Nihon Ad Systems']","None found,",['Group TAC'],Other,"['Adventure', 'Comedy', 'Fantasy']",,,25 min. per ep.,PG - Children,7.28,#2944,#10081,"3,465",26,1740,"While exploring ruins on Angel Island, a doctor finds a myserious newborn bird called Kyoro-chan. Together they form a bond and decide to travel the world together. Three years later when the Doctor and Kyoro-chan try to return to Angel Island they become shipwrecked from a storm. Kyoro-chan was able to make it safely to the island but the Doctor was nowhere to be found. Kyoro-chan prays for his safety and hope he returns as he now starts his new life on Angel Island.",[],Kyoro-chan,,,
42,,どーもくん,,,,,['TV'],37,Finished Airing,"Dec 22, 1998 to Jan 1, 2008",['Winter 1999'],Not scheduled once per week,['NHK'],"None found,",['dwarf'],Other,"['Comedy', 'Slice of Life']",,['Kids'],39 sec. per ep.,G - All Ages,6.43,#7544,#10462,"3,086",14,948,"A strange monster hatches from a mysterious egg. He befriends various animals, and takes residence in Osajii's burrow. He discovers new and exciting things about everyday life. As of 2008, there are at least 37 regular TV spot episodes of Domo-kun. These 37 episodes were released on DVD in Japan in July of 2009.",[],Domo-kun,,,
43,,おじゃる丸,Prince Mackaroo,,,,['TV'],Unknown,Currently Airing,"Oct 5, 1998 to ?",['Fall 1998'],Not scheduled once per week,['NHK'],['Enoki Films'],['Gallop'],Original,"['Adventure', 'Award Winning', 'Comedy', 'Fantasy']",,['Kids'],10 min.,G - All Ages,6.39,#7745,#11559,"2,229",5,553,"In the Heian era, around 1000 years ago, a young boy of noble family named Ojarumaru is bored with his life of privilege. Meanwhile, three demons steal the power-stick of Enma, king of demons, and then lose it. Ojarumaru finds it, and uses it to transport himself to the present time. Here, he is befriended by a young boy named Kazuma, and becomes a member of his family. As time goes on, Ojarumaru makes many new friends, while dodging the comedic efforts of the three demons, Akane, Kisuke, and Aobee, as they try to recover the stick. (from ANN)","['Adaptation (Manga) Ojarumaru', '']",Ojarumaru,,,
44,,グレゴリーホラーショー - The Second Guest,,,,,['TV'],25,Finished Airing,"Apr 1, 2000 to Oct 1, 2000",['Spring 2000'],Fridays at 23:54 (JST),"['VAP', 'TV Asahi']",['Geneon Entertainment USA'],['Milky Cartoon'],Original,"['Comedy', 'Horror', 'Mystery', 'Supernatural']",['Mythology'],,3 min. per ep.,PG - Children,6.61,#6461,#11706,"2,139",12,1026,"The second series, The Second Guest is similarly set with 25 stories, except this time the main victim is a woman who has just taken a taxi home from her best friend's wedding ceremony. (Source: AniDB)","['Prequel (TV) Gregory Horror Show', 'Sequel (TV) Gregory Horror Show: The Last Train']",Gregory Horror Show: The Second Guest,,,
45,Mighty Cat Masked Niyander,ニャニがニャンだー ニャンダーかめん,,,,,['TV'],83,Finished Airing,"Feb 6, 2000 to Sep 30, 2001",['Winter 2000'],Sundays at 07:00 (JST),"['Nagoya Broadcasting Network', 'Tokyu Agency']","None found,",['Sunrise'],Picture book,,,['Kids'],25 min. per ep.,PG - Children,6.85,#5076,#12777,"1,510",9,715,"One day a normal cat boy got a power to transform into a super ""kamen cat."" Whenever he heard people saying ""help"" he would dash right over there and help them fight against enemies.",[],Nyani ga Nyandaa Nyandaa Kamen,['Comedy'],,
46,,트랙시티,Track City,,,,['TV'],26,Finished Airing,"Jan 5, 2000 to May 30, 2002",['Winter 2000'],Unknown,"None found,","None found,",['SBS TV Production'],Unknown,,['Racing'],,24 min. per ep.,PG - Children,5.94,#10244,#12848,"1,483",1,546,"Jimmy was a typical boy who liked to play computer games. One day he was playing a game called 'Track City' when suddenly he got transported into the game world! Once he regained consciousness, a woman who apparently is the mayoress of the city explains to him that the world is threaten by a powerful malign virus and her allies and their only hope is to ask for the help of the ""Legendary racer"", the best player of 'Track City"". Things get complicated when Jimmy learns that the game made a mistake and confused him with the Legendary racer! Will Jimmy learn the necessary skills to defeat the viruses that threaten the world? Or will he be erased by the 'big head', the heavenly punisher that annihilates those who cannot achieve victory?",[],Track City,['Action'],,
47,"Inspector Fabre, Fabre Sensei wa Meitantei",ファーブル先生は名探偵,Dr. Fabre is a Detective,,,,['TV'],26,Finished Airing,"Apr 11, 2000 to Oct 17, 2000",['Spring 2000'],Tuesdays at 18:30 (JST),['Enoki Films'],"None found,",['E&G Films'],Book,,,,25 min. per ep.,PG - Children,6.27,#8433,#13155,"1,355",2,550,"The world of insects is full of enchantment and amazement. This animation series is inspired by ""the Diary of Insects"" written by Jean Henri Fabre, an outstanding French entomologist and author in the 19th Century. In his original works, Mr. Fabre vividly described the life of insects. In this series all the insects and bugs have been personified and drawn into marvelous animated characters. This is the story of the exciting adventures of a crime-buster in the world of insects! Our hero's way of investigation is so unique and always ends with surprising solutions. The interesting ecology of various insects will be described while our ""cool"" hero, Inspector Fabre, analyzes and unties the knots of crimes and conspiracy a la fashion of Sherlock Holmes!",[],Fabre-sensei wa Meitantei,['Mystery'],,
48,,しましまとらのしまじろう,,,,,['TV'],726,Finished Airing,"Dec 13, 1993 to Mar 31, 2008",['Winter 1994'],Mondays at 18:00 (JST),"['TV Tokyo', 'Azeta Pictures']","None found,",['Studio Kikan'],Original,"['Adventure', 'Comedy', 'Fantasy']",['Anthropomorphic'],['Kids'],23 min. per ep.,G - All Ages,5.92,#10324,#13250,"1,323",4,558,"Shimajiro, a preschool-aged tiger boy, has adventures with his friends Mimirin, Ramurin, Nyakki, and Toriipi on Challenge Island.","['Sequel (TV) Hakken Taiken Daisuki! Shimajirou', '']",Shima Shima Tora no Shimajirou,,,
49,,うちゅう人田中太郎,Taro the Space Alien,,,,['TV'],24,Finished Airing,"Apr 17, 2000 to Mar 26, 2001",['Spring 2000'],Unknown,['Shogakukan Productions'],['VIZ Media'],['Studio Hibari'],['Manga'],,['School'],['Kids'],20 min. per ep.,G - All Ages,6.05,#9655,#13489,"1,238",2,488,"Takashi Horimachi is an ordinary curious fifth grader attending ""Anytown"" Elementary School. One day, a very unusual transfer student named Tarou Tanaka joins Takashi's class. Takashi and his classmates have never encountered anyone quite like Taro before. He is blue, has huge glowing eyes, pointy ears, a smooth bald head and one horn. Takashi, obsessed with trying to figure out this strange new visitor, attempts to track Tarou's every move; and in the process he continuously falls victim to Tarou's hilarious assortment of cosmic jokes and traps. (Source: ANN)","['Adaptation (Manga) Uchuujin Tanaka Tarou', '']",Uchuujin Tanaka Tarou,['Comedy'],,
50,,親子クラブ,,,,,['TV'],1818,Finished Airing,"Oct 3, 1994 to Mar 30, 2013",['Fall 1994'],Unknown,['Fuji TV'],"None found,",['Eiken'],Original,"['Comedy', 'Slice of Life']",,,5 min. per ep.,G - All Ages,5.47,#12201,#13611,"1,198",0,442,This anime was running almost 20 years and has over 1800 episodes.,[],Oyako Club,,,
51,"Time Boken 2000: Kiramekiman, Kaitou Kiramekiman, Thief Glittering Man",タイムボカン2000 怪盗きらめきマン,,,,,['TV'],26,Finished Airing,"Apr 5, 2000 to Oct 4, 2000",['Spring 2000'],Unknown,"['TV Tokyo', 'Yomiko Advertising']","None found,",['Tatsunoko Production'],Unknown,"['Action', 'Adventure', 'Comedy', 'Sci-Fi']",['Mecha'],,25 min. per ep.,PG-13 - Teens 13 or older,5.94,#10241,#13591,"1,204",1,268,More Time Bokan adventures.,[],Time Bokan 2000: Kaitou Kiramekiman,,,
52,"Weekly! Story Land, Shuukan! Story Land",週刊ストーリーランド,,,,,['TV'],56,Finished Airing,"Oct 14, 1999 to Sep 13, 2001",['Fall 1999'],Thursdays at 20:00 (JST),['Nippon Television Network'],"None found,","['Nippon Animation', 'VAP', 'Satelight', 'Shin-Ei Animation', 'Tokyo Movie']",Original,"['Comedy', 'Drama', 'Slice of Life']",,['Seinen'],25 min. per ep.,PG-13 - Teens 13 or older,6.49,#7131,#13972,"1,085",0,158,"This was an anthology program containing several different anime each week along with some non-animated segments. Several of the animated films were short series including: Nazo no Rouba [謎の老婆] (tvss), Meibugyou Bun-san [名奉行・文さん], Jo Keibu Jinguuji Youko [女警部・神宮寺葉子], Remon Suzumori's Soudanjo [鈴森なんでも相談所]. (Source: animated-divots.net)",[],Shuukan Storyland,,,
53,,ビックリマン2000,,,,,['TV'],68,Finished Airing,"Nov 1, 1999 to Feb 22, 2001",['Fall 1999'],Mondays at 18:30 (JST),['Studio Comet'],"None found,","None found,",Unknown,"['Adventure', 'Fantasy']",,['Kids'],24 min. per ep.,G - All Ages,5.93,#10268,#14362,974,0,400,More adventures of Bikkuriman.,"['Prequel (TV) Super Bikkuriman', 'Sequel (TV) Happy☆Lucky Bikkuriman']",Bikkuriman 2000,,,
54,,蓝猫淘气3000问,3000 Whys Of Blue Cat,,,,['TV'],3057,Finished Airing,"Oct 8, 1999 to Aug 2001",['Fall 1999'],Not scheduled once per week,['Beijing Sunchime Happy Culture Company'],"None found,","None found,",Original,"['Adventure', 'Comedy']",,,11 min. per ep.,PG - Children,6.05,#9678,#14603,918,0,228,"Adventures include going into deep sea and accompanying dinosaurs. The shows are mainly based on science or science fiction. It has been popular in China, one reason might be the fact that many of the Chinese youth have been sending questions to the studio, and the studio answers them with one of Lan Mao's adventures. Lan Mao is sometimes impulsive, and in the end gets nothing but trouble. (Source: Wikipedia)",[],Lan Mao,,,
55,,ぐるぐるタウン　はなまるくん,,,La Pandilla de Hanamaru,,['TV'],101,Finished Airing,"Oct 3, 1999 to Sep 29, 2001",['Fall 1999'],Sundays at 09:30 (JST),"None found,","None found,",['Pierrot'],Original,,['Anthropomorphic'],['Kids'],25 min. per ep.,G - All Ages,6.08,#9516,#16258,592,1,130,Guruguru Town Hanamaru-kun follows the life of some children in a fictional town.,[],Guruguru Town Hanamaru-kun,['Comedy'],,
56,,날아라 슈퍼보드,The Flying Superboard,,,,['TV'],54,Finished Airing,"Aug 21, 1990 to Jan 11, 2002",['Summer 1990'],Tuesdays at Unknown,['KBS'],"None found,","None found,",['Manga'],"['Action', 'Adventure', 'Comedy']",,,22 min. per ep.,PG - Children,[],#20601,#16828,525,0,,"As a punishment for causing havoc in Heaven, Sonogong is locked in a huge iron mass for 500 years until Samjang Bupsa, an old priest embarking on a mission to rid the world of evil and spread peace throughout the land, rescues him. Sonogong becomes Samjang's disciple. He meets Saojung who enviously eyes Sonogong's amazing Superboard, and a brute swine oil seller Jopalgye. After several twists and turns, they join on Samjang's journey. Wherever they go, they meet overwhelming enemies and get into trouble. But they don't get frustrated and find ingenious way to defeat monsters. (Source: AniDB)",[],Narara Superboard,,,
57,,へろへろくん,,,,,['TV'],104,Finished Airing,"Apr 3, 2000 to Jan 2, 2001",['Spring 2000'],Unknown,['Public & Basic'],"None found,","['Studio Flag', 'Studio Bogey']",['Manga'],"['Adventure', 'Comedy']",['Strategy Game'],['Kids'],5 min. per ep.,PG - Children,[],#18557,#16849,524,0,,It's a comedy about children in elementary school.,[],Hero Hero-kun,,,
58,"Anime Roukyoku Kikou Shimizunojirochou Den, Anime Roukyoku Kikou Shimizu no Jirochou Den",アニメ浪曲紀行 清水次郎長伝,,,,,['TV'],30,Finished Airing,Apr 2000 to Nov 2000,['Spring 2000'],Saturdays at 05:45 (JST),"None found,","None found,","None found,",Unknown,"['Comedy', 'Drama']",['Historical'],,15 min. per ep.,G - All Ages,[],#16591,#17993,422,0,,"A story based on Shimizu no Jirochou, an early yakuza who specialized in gambling and maritime transport. The anime is composed of 10 stories. Each story was told over 3 episodes. The particular tale is based on Hirosawa Torazo II's telling; Hirosawa is a roukyoku/naniwabushi.",[],Anime Roukyoku Kikou Shimizu no Jirochouden,,,
59,"Dango 3 Kyodai, Three Dango Brothers, Dango San Kyodai, Dango 3 Kyoudai",だんご3兄弟あっという間劇場,,,,,['TV'],50,Finished Airing,Oct 1999 to Mar 2004,['Fall 1999'],Unknown,['NHK'],"None found,","None found,",Unknown,,['Music'],['Kids'],3 min. per ep.,G - All Ages,[],#17566,#18885,354,0,,The hit Danga San Kyoudai song was adapted into shorts that aired on NHK during commercial breaks in Okaasan to Issho's timeslot. The cheery series about three dango brothers was meant to give children quick lessons about sharing and humbleness.,[],Dango San Kyoudai Attoiuma Gekijou,,,
60,"Yancharumon Cha, Yancharumoncha, Yancharumon Tea",やんちゃるモンちゃ,,,,,['TV'],80,Finished Airing,"Apr 5, 1999 to Mar 30, 2002",['Spring 1999'],Unknown,['NHK'],"None found,",['Asahi Production'],Unknown,,,['Kids'],1 min. per ep.,PG - Children,[],#15990,#18988,347,0,,An NHK toddler's anime following a green tea monkey and his mischief.,[],Yancharu Moncha,,,
61,,ストレイシープの大冒険,The Adventure of Stray Sheep,,,,['TV'],12,Finished Airing,"Dec 24, 1994 to Dec 23, 2000",['Winter 1995'],Not scheduled once per week,['Fuji TV'],"None found,",['Robot Communications'],Original,,,['Kids'],5 min. per ep.,G - All Ages,[],#14611,#22481,156,1,,No synopsis information has been added to this title. Help improve our database by adding a synopsis here.,"['Sequel (TV) Stray Sheep: Poe no Chicchana Daibouken', '']",Stray Sheep no Daibouken,['Adventure'],,
62,Moopon 2nd Season,ムーぽん 第2期,,,,,['TV'],22,Finished Airing,"Apr 1, 2000 to Aug 25, 2000",['Spring 2000'],Unknown,"None found,","None found,","None found,",Unknown,,,['Kids'],55 sec. per ep.,PG - Children,[],#20502,#25211,93,0,,No synopsis information has been added to this title. Help improve our database by adding a synopsis here.,"['Prequel (TV) Muupon', '']",Muupon 2nd Season,['Comedy'],,
63,Clover 4.3,클로버 4/3,,,,,['ONA'],24,Finished Airing,Aug 2000 to Dec 2000,,,['Studio Kaab'],"None found,","None found,",Unknown,,['School'],,3 min. per ep.,PG-13 - Teens 13 or older,[],#17405,#15411,721,0,,"Studio Kaab's first work--an inspiring interactive animation. We follow the lives and turmoils of seven outcasted 17 year olds and you--the protagonist. Between the aches of being a girl who's younger than her body looks or a boy who'd rather get into fist fights than give handshakes, we found a piece of ourselves within the outcasted teens that's abnormal. Like a four leaf clover. Which are said to bring luck even though it is a mutant in the sea of three leaves. And so the curtain rises to glimpse at these four leaf Clovers--4 boys and 3 girls. (Source: Studio Kaab)",[],Clover 4/3,['Drama'],,
64,"Fooly Cooly, Furi Kuri",フリクリ,FLCL,,FLCL Furi Kuri,,['OVA'],6,Finished Airing,"Apr 26, 2000 to Mar 16, 2001",,,"['Starchild Records', 'King Records']",['Funimation'],"['Gainax', 'Production I.G']",Original,"['Action', 'Avant Garde', 'Comedy', 'Sci-Fi', 'Suspense']",,,25 min. per ep.,PG-13 - Teens 13 or older,8.03,#624,#228,"857,077","31,703",450365,"Naota Nandaba is an ordinary sixth grader living in a city where nothing amazing ever seems to happen. After his brother Tasuku leaves town to play baseball in America, Naota takes it upon himself to look after everything Tasuku left behind—from his top bunk bed to his ex-girlfriend Mamimi Samejima, who hasn't stopped clinging to Naota since Tasuku left. Little does Naota know, however, that his mundane existence is on the verge of being changed forever: enter Haruko Haruhara, a Vespa-riding, bass guitar-wielding, pink-haired psychopath whose first encounter with Naota leaves him with tire tracks on his back and a giant horn on his head. Though all he wants is some peace and quiet, when Haruko takes up residence at his parents' home, Naota finds himself dragged into the heart of the greatest battle for supremacy that Earth—and quite possibly the entire universe—has ever seen. [Written by MAL Rewrite]","['Sequel (Movie) FLCL Progressive', 'Adaptation (Manga) FLCL', 'Adaptation (Light Novel) FLCL', '']",FLCL,,"['Mecha', 'Parody', 'Psychological']",
65,JoJo's Bizarre Adventure (2000),ジョジョの奇妙な冒険 ADVENTURE,JoJo's Bizarre Adventure (OVA),,,,['OVA'],7,Finished Airing,"May 25, 2000 to Jan 25, 2002",,,"['KlockWorx', 'BEAM Entertainment']","None found,",['APPP'],['Manga'],"['Action', 'Adventure', 'Drama']",,['Shounen'],28 min. per ep.,R+ - Mild Nudity,7.24,#3126,#2459,"85,382",378,37681,"Kujo Jotaro is a normal, popular Japanese high-schooler, until he thinks that he is possessed by a spirit, and locks himself in prison. After seeing his grandfather, Joseph Joestar, and fighting Joseph's friend Muhammad Abdul, Jotaro learns that the ""Spirit"" is actually Star Platinum, his Stand, or fighting energy given a semi-solid form. Later, his mother gains a Stand, and becomes sick. Jotaro learns that it is because the vampire Dio Brando has been revived 100 years after his defeat to Jonathan Joestar, Jotaro's great-great-grandfather. Jotaro decides to join Joseph and Abdul in a trip to Egypt to defeat Dio once and for all.","['Sequel (OVA) JoJo no Kimyou na Bouken', 'Adaptation (Manga) JoJo no Kimyou na Bouken Part 3: Stardust Crusaders']",JoJo no Kimyou na Bouken: Adventure,,"['Super Power', 'Vampire']",
66,"Legend of the Galactic Heroes Gaiden: Spiral Labyrinth, LoGH Gaiden: Spiral Labyrinth",銀河英雄伝説外伝 螺旋迷宮,Legend of the Galactic Heroes Gaiden (1999),,,,['OVA'],28,Finished Airing,"Dec 24, 1999 to Jul 21, 2000",,,"['Tokuma Shoten', 'Tokuma Japan', 'Wright Staff']",['Sentai Filmworks'],['K-Factory'],Novel,"['Action', 'Drama', 'Sci-Fi']",,,26 min. per ep.,R - 17+ (violence & profanity),8.06,#581,#5015,"21,291",27,7864,"Ginga Eiyuu Densetsu Gaiden (1999) is the second of two OVA adaptations of side stories from the Ginga Eiyuu Densetsu novel series. This second adaptation follows the achievements of Yang Wen-li of the Free Planets Alliance before the fateful Battle of Astarte, and continues the tales of Reinhard von Müsel and Siegfried Kircheis of the Galactic Empire. Spiral Labyrinth Yang is propelled to the spotlight after his famous evacuation of civilians from El Facil. Following an unofficial double promotion and a flurry of media attention, he chronicles his research of the Year 730 Mafia—a close-knit group of Alliance military officers centered around the famed tactician Bruce Ashbey. He investigates a startling claim by Ashbey's deceased widow that may have enormous political ramifications: that the great war hero was not killed in action but murdered. The Mutineer Reinhard and Kircheis are posted on the destroyer Hameln II, docked at Iserlohn Fortress. After gaining the respect of the crew, Reinhard's leadership is tested when the captain is severely wounded and passes command authority to Reinhard, the next-highest ranking officer on deck. The Duelist While Reinhard and Kircheis are working in the Imperial capital Odin, Reinhard learns of a mining rights dispute involving Dorothea von Schaffhausen, a friend of his sister Annerose von Grünewald. Upon hearing that Count Herxheimer intends to settle the matter with a duel, Reinhard volunteers to represent the Schaffhausen family. The Retriever After falling out of favor with the nobility, Count Herxheimer is trying to escape to the Free Planets Alliance with a stolen Seffle particle generator prototype. Reinhard is tasked with retrieving both the prototype and the defector, but is only assigned the cruiser Hässliche Entlein due to the confidential nature of the mission. The Third Battle of Tiamat To commemorate the 30th year of the reign of Kaiser Friedrich IV, the Empire announces a large-scale military campaign against the Free Planets Alliance. In the ensuing clash between the Imperial expeditionary force and three Alliance fleets, Reinhard's timely intervention shapes the tides of war. [Written by MAL Rewrite]","['Sequel (Movie) Ginga Eiyuu Densetsu: Waga Yuku wa Hoshi no Taikai', 'Adaptation (Novel) Ginga Eiyuu Densetsu Gaiden']",Ginga Eiyuu Densetsu Gaiden (1999),,"['Adult Cast', 'Military', 'Space']",
67,,炎のらびりんす,Labyrinth Of Flames,,,Labyrinth Of Flames,['OVA'],2,Finished Airing,"Sep 25, 2000 to Dec 21, 2000",,,['Bandai Visual'],['Central Park Media'],['Studio Fantasia'],Original,"['Comedy', 'Ecchi']",['Samurai'],,32 min. per ep.,R+ - Mild Nudity,6.18,#8931,#6095,"12,810",17,5181,"Meet Galan, a Russian spastic geek who'd do anything to be a real, live samurai. But that's just an impossible dream... or is it? When his friend Natsu, who is a successor of Japanese emigrants family, gives him the gift of an ancient sword, strange events unfold, and even stranger people drop out of the sky to attack. Now Galan must overcome his ineptitude and join a bunch of beautiful women in a wacky romp through a kingdom that time forgot. Hey, what could be better? (Source: AniDB, edited)",[],Honoo no Labyrinth,,,
68,,エクスドライバー,,,,,['OVA'],6,Finished Airing,"Jul 25, 2000 to Sep 25, 2001",,,"['Bandai Visual', 'Xebec', 'Dentsu', 'Genco', 'Triangle Staff', 'Ashi Productions']",['Media Blasters'],['Actas'],Original,"['Action', 'Adventure', 'Comedy', 'Sci-Fi']",['Racing'],,25 min. per ep.,PG-13 - Teens 13 or older,6.67,#6095,#6135,"12,628",36,5225,"eX-Driver is set in the future, where all transportation is easily controlled by AI. Though, like all machines, they tend to break down, lose control, or get re-programmed. This is where three high schoolers with non-AI cars—a Subaru WRX, a Caterham Super 7, and a Lotus Europa—come in to save the day and make sure the public is safe at all times. (Source: ANN, edited)","['Prequel (Movie) eX-Driver: Nina & Rei Danger Zone', 'Sequel (Movie) eX-Driver the Movie']",eX-Driver,,,
69,,鋼鉄天使くるみ 25-28話,Steel Angel Kurumi Encore,,,,['OVA'],4,Finished Airing,"Jul 19, 2000 to Oct 4, 2000",,,['Pony Canyon'],['ADV Films'],['OLM'],Original,"['Comedy', 'Romance', 'Sci-Fi']",['Historical'],['Shounen'],15 min. per ep.,R+ - Mild Nudity,6.65,#6199,#7521,"7,671",6,3618,"Four additional short stories of the Steel Angels: Saki becomes a film actress, Karinka goes on a blind date with Kamihito, Kurumi practices the art of becoming a traditional Japanese woman, and the rest of the Steel Angels engage in a contest to win Nakahito's heart. (Source: ANN)",[],Koutetsu Tenshi Kurumi Encore,,,
70,,KIRARA,,,,,['OVA'],1,Finished Airing,"Sep 21, 2000",,,"['TOHO', 'Toho Music', 'Polydor Records']","None found,",['Ashi Productions'],['Manga'],"['Comedy', 'Romance', 'Supernatural', 'Ecchi']",,['Seinen'],39 min.,R+ - Mild Nudity,6.07,#9530,#7822,"6,972",16,2743,"After years of pining and confusion, a romance blossoms between high school friends Chikahira Asai and Kirara Imai, leading to their marriage. But their bright future together is tragically cut short when Kirara dies in a car accident on the day of their wedding. Kirara's love for Chikahira has allowed her to remain on Earth as a ghost, sending her eight years back in time to the moment when she becomes acquainted with her future husband. While Kirara hopes to use her ghostly powers to accelerate her younger self's romance, her good intentions might just become another obstacle on the road to love. [Written by MAL Rewrite]","['Adaptation (Manga) Kirara', '']",Kirara,,,
71,,恋姫,,,,,['OVA'],2,Finished Airing,"Sep 22, 2000 to Nov 24, 2000",,,['Pink Pineapple'],['NuTech Digital'],['Dream Entertainment'],Visual novel,"['Fantasy', 'Supernatural', 'Hentai']",['Harem'],,29 min. per ep.,Rx - Hentai,6.55,N/A,#8651,"5,468",21,2122,"When Musashi returns to his childhood home, he rekindles friendships with four beautiful young women from his youth that he'd totally forgotten about. Hidden desires give way to supernatural secrets, though, as Musashi discovers that the village he remembers hides a terrible secret that he never even imagined. Can love really conquer all? (Source: AniDB)","['Sequel (OVA) Zoku Koihime', '']",Koihime,,,
72,"Tonari no Onee-san, Miss Next Door",となりのお姉さん,Girl Next Door,,,,['OVA'],2,Finished Airing,"Jul 14, 2000 to Oct 13, 2000",,,['Digital Works'],['Critical Mass Video'],['Y.O.U.C'],Visual novel,"['Comedy', 'Hentai']",,,32 min. per ep.,Rx - Hentai,5.74,N/A,#9844,"3,755",8,1173,"Could YOU hold out? Haunted by the memory of his ideal woman, Masahiko is determined not to lose his virginity until he finds her again. Too bad his memory sucks and he can't remember who she is. While Masahiko is dreaming of his mystery woman, he may not have a choice in waiting for her much longer! It seems that everyone wants a piece of him lately. At work, his sex-starved boss is looking for a little action while her husband is out of town. At home, a very buxom childhood friend moves in and leaves him drooling. At college, he's become the target of both his professor and a sly sexy student stalker who manages to pop up in the most unusual places! To top everything off, Asuka, one of his neighbors, is secretly harboring her own fantasies about him! With this amount of sexual frustration swirling around him, can he possibly manage to hold out for the girl of his dreams? (Source: Critical Mass Video)",[],Tonari no Oneesan,,,
73,Battle Angel Alita 3D Special,銃夢-3Dスペシャル-,,,,,['OVA'],1,Finished Airing,"Aug 18, 2000",,,['Shueisha'],"None found,",['Anima'],['Manga'],"['Action', 'Sci-Fi']",,,3 min.,PG-13 - Teens 13 or older,4.81,#13432,#9858,"3,739",0,1610,"A 3 minute 3D-CGI rendered movie clip included with volume 6 of the Gunnm: Complete Edition manga reprint. It showcases Alita in a Third League motorball race with players from two of her races such as ""Armor"" Togo, Degchalev, and Valdicci, and depicts events from both of those races. (Source: AniDB)",[],Gunnm 3D Special,,,
74,"Pocket Monsters Indigo League Recap, Pocket Monsters OVA Summary",TV版 ポケットモンスター スペシャル マサラタウン編 総集編,,,,,['OVA'],3,Finished Airing,"Sep 29, 2000",,,['TV Tokyo'],"None found,",['OLM'],Game,"['Action', 'Adventure', 'Comedy', 'Fantasy']",,['Kids'],47 min. per ep.,PG - Children,6.15,#9122,#10052,"3,498",0,1165,A summary compilation of the Kanto season of Pocket Monsters. (Source: AniDB),[],TV-ban Pokemon Special Masara Town-hen Recaps,,,
75,,とらいあんぐるハート ～さざなみ女子寮～,Triangle Heart: Sazanami Joshi Ryo,,,,['OVA'],5,Finished Airing,"Aug 28, 2000 to Apr 26, 2002",,,['Discovery'],"None found,",['Mook Animation'],Visual novel,,,,29 min. per ep.,Rx - Hentai,5.37,N/A,#10040,"3,509",0,941,"Based on a game by ivory (JANIS). Makihara Kosuke works as a substitute janitor of woman dormitory, “Sazanami So”, while the regular janitor, who is his aunt, travels abroad. The contract term is almost over, but he has one thing worried about. Among the member of the dormitory, only Jinnai Mio doesn’t open out to him and doesn’t try to eat his dishes. Then, he makes the former janitor’s favorite dish to let her eat.","['Sequel (OVA) Triangle Heart: Sweet Songs Forever', '']",Triangle Heart: Sazanami Joshi-ryou,['Hentai'],,
76,Septem Charm Magical Canan,Septem Charm まじかるカナン,Magical Kanan,,,,['OVA'],4,Finished Airing,"Aug 25, 2000 to Nov 25, 2001",,,['Lemon Heart'],['Adult Source Media'],['Arms'],Visual novel,,['School'],,28 min. per ep.,Rx - Hentai,6.01,N/A,#10455,"3,091",2,955,"A magical creature went to the normal world to retrive some seeds. He lost his power and fainted. A girl found him and took him home. Well, this creature became a man after gaining back his power, which surprised the girl some. An incident happened and she became a magical fighter with his kiss. Things start to get complicated as they try to get the seeds and with most people not being what they seem. (Source: AniDB)","['Sequel (OVA) Septem Charm Magical Kanan: SP Summer Camp', '']",Septem Charm Magical Kanan,['Hentai'],,
77,Degeneration,堕楽,Dark,,,,['OVA'],2,Finished Airing,"Sep 15, 2000 to Dec 15, 2000",,,['Digital Works'],['Critical Mass Video'],['Y.O.U.C'],Visual novel,,,,31 min. per ep.,Rx - Hentai,5.49,N/A,#10505,"3,049",10,900,"Based on the game by Grand Blue. Shinji Yagami had always heard the rumors about female students being raped on campus - everyone did. Of course he never believed them until the day he stumbled across a website showing detailed pictures of female students being assaulted in the classrooms. Shocked to find himself turned on by what he sees, Shinji begins his descent into a world of voyeurism, S&M, and rape guided by fellow sadist Satoshi Kojima. When Shinji's childhood friend Miku Iino begins to suspect that he may be involved with the string of campus rapes, she decides to confront him. Torn between his own dark desires and the horror of his crimes, will Shinji continue to hide his secret from Miku, or will she become the next target of his vicious desires? (Source: AniDB)",[],Dark,['Hentai'],,
78,Syuusaku Replay,臭作 ～Replay～,,,,,['OVA'],4,Finished Airing,"Jul 28, 2000 to Jan 26, 2001",,,['Pink Pineapple'],['NuTech Digital'],"['ORADA COMPANY', 'PP Project']",Visual novel,,['School'],,28 min. per ep.,Rx - Hentai,5.86,N/A,#10773,"2,821",6,987,"It's now back and is more extreme than ever. He pretends to be the resident manager Kato, and humiliates the girls in the dormitory. Shusaku is a lunatic. He couldn't finish his fiendish plan because Eri Takabe has insight into his plan. But, Shusaku's madness is not over. His deep revenge restarts the girl's nightmare. The sequence of the old man's masochism begins. The beautiful girls are puzzled and amazed. Again tonight... it's a man's showtime. (Source: ANN)","['Prequel (OVA) Shusaku', 'Sequel (OVA) Shusaku Liberty']",Shusaku Replay,['Hentai'],,
79,,ジオブリーダーズ２ 魍魎遊撃隊,Geobreeders: Breakthrough,,,,['OVA'],4,Finished Airing,"Jul 26, 2000 to Mar 23, 2001",,,"None found,","None found,",['Chaos Project'],['Manga'],"['Adventure', 'Comedy', 'Sci-Fi']",,['Seinen'],25 min. per ep.,R+ - Mild Nudity,6.32,#8152,#10939,"2,672",3,1237,"Taba and the Girls of Kagura Total Security Inc. are at it again. This time they have to battle a Gang of Phantom Cats and a mysterious enemy and assassin. And there are the run ins with the Government, the need for a new office, as well as sorting out the past to deal with. Luckily, they've got a stock pile of weapons and super technology to help. (Source: ANN)","['Prequel (OVA) Geobreeders: File-X Chibi Neko Dakkan', 'Adaptation (Manga) Geobreeders']",Geobreeders 2: Mouryou Yuugekitai File-XX Ransen Toppa,,,
80,,霊能探偵ミコ,Phantom Hunter Miko,,,,['OVA'],2,Finished Airing,"Aug 25, 2000 to May 4, 2001",,,"None found,","None found,",['Studio Deen'],['Manga'],"['Comedy', 'Hentai']",,,29 min. per ep.,Rx - Hentai,5.64,N/A,#11366,"2,360",4,659,Jinguuji Miko and her male assistant Kanda Rokuro hunt phantoms together. The phantoms invade peoples bodies and control them. Trained as a skilled Phantom Hunter Miko must use exorcism to send the phantoms back to where ever they came from.,"['Adaptation (Manga) Kaisoku Tantei Miko', '']",Reinou Tantei Miko,,,
81,,M.E.M.～汚された純潔～,M.E.M.: Lost Virginity,,,,['OVA'],2,Finished Airing,"Aug 25, 2000 to Oct 27, 2000",,,['Pink Pineapple'],"None found,","['ORADA COMPANY', 'PP Project']",Visual novel,,,,28 min. per ep.,Rx - Hentai,5.57,N/A,#11434,"2,318",4,680,"Deep underground, a scientist is transforming females into sex slaves. Some for selling, some for secret projects for his own enjoyment.","['Adaptation (Light Novel) M.E.M.: Yogosareta Junketsu', '']",M.E.M.: Yogosareta Junketsu,['Hentai'],,
82,"5 Card, Fivecard",ファイブカード,Five Card,,,,['OVA'],4,Finished Airing,"Sep 28, 2000 to Aug 28, 2001",,,['Five Ways'],['NuTech Digital'],['Alice Production'],Visual novel,"['Comedy', 'Hentai']",['School'],,28 min. per ep.,Rx - Hentai,5.38,N/A,#12231,"1,807",1,586,"Daina Nariyuki, a sexy, young, English teacher, is planning to charm his way into four of his cute students, Lisa (Inari Vachs), Fumiko, Naoki, and Mimiko. However, Onikuma, the school dean, is already one step ahead of him with his own sinister plan... What is Onikuma up to? What will Daina do? Will he get his girls? Will he also end up with his pretty new assistant, Mayu (Tabitha Stevens)? Follow the titillating adventure of Daina, and his sexy girls! (Source: AniDB)",[],Five Card,,,
83,Alice Doll,聖少・女玩具 アリスドール,Ari Doll,,,,['OVA'],2,Finished Airing,"Aug 18, 2000 to Oct 18, 2000",,,['Five Ways'],"None found,",['Meltdown'],['Manga'],,,,29 min. per ep.,Rx - Hentai,5.11,N/A,#12366,"1,723",2,569,"Momoka secretly falls for student Nao. Nao has no girlfriend right now. Strong and brave, she always takes care of Nao's life in cold winter day. And the it is too freezing cold, Momoka decides to take a hot bath and wait for Nao's arrival. Nao returns home as usual. Not knowing why, Momoka suddenly has a reverie for him. She takes action… Nao sees this, still hesitates. Eventually they both... (Source: AniDB)",[],Seishou Jogangu Alice Doll,['Hentai'],,
84,,日野日出志 東海道 四谷怪談,,,,,['OVA'],1,Finished Airing,"Jul 20, 2000",,,"None found,","None found,","None found,",Unknown,,,,1 hr. 10 min.,R+ - Mild Nudity,[],#18597,#14380,970,0,,Based on Kaidan Yotsuya (Classic Japanese ghost story).,[],Hino Hideshi Toukaidou Yotsuya Kaidan,['Horror'],,
85,"Yuki Terai: Secrets, Yuki Terai: Secret Films, Yuki Terai: Secret Live",テライユキ,,Yuki Terai: Secrets,,Yuki Terai: Secrets,['OVA'],6,Finished Airing,"Aug 19, 2000",,,['Fuji TV'],"None found,","None found,",Original,,['Music'],,6 min. per ep.,PG-13 - Teens 13 or older,5.71,#11323,#14453,953,2,231,"Yuki Terai is a vivacious 17-year-old who lives just outside Tokyo. In most ways she is every bit the typical teen—except she doesn't exist. The invention of acclaimed computer animator Kenichi Kutsugi, Yuki Terai is Japan's No.1 Virtual Star. Capable of unprecedented life-like expressions and movement, she inhabits many worlds: real-life, science fiction and music. And now she can inhabit yours. In Secrets, the multi-faceted Yuki is showcased in six irresistible short stories. In Fly Away Alone, she plays a sensuous songbird; Dos/Chin, which also happens to be the name of her mischievous robotic dog, finds Yuki exploring her artistic side; A Life is a meditative piece where Yuki reflects on happier times; in fully-fledged Matrix mode, Comet The Thief stars our idol as a mischievous martial-arts bandit; The Mirror explores the darker side of Yuki as she is mysteriously followed by images of herself that seem to emerge from mirrors; and in Lazy Gui, our scantily-clad heroine embarks on a race against time as her Space Freighter is set for self-destruct. Includes two awesome bonuses: the music video of Yuki's smash hit, My Dearest You, and the incredible World War II air attack recreation, Project BB-11. Additional extras include The Making Of..., which explains the techniques and tricks used to create the state-of-the-art animation that gives life to this virtual megastar. Welcome to the worlds of Yuki Terai. Enter.. and your world will never be the same. (Source: AniDB)",[],Yuki Terai,,,
86,,大草原と白馬,The Prince and the White Horse,,El Príncipe y el Caballo Blanco,,['OVA'],1,Finished Airing,Jul 2000,,,['Shinano Kikaku'],"None found,",['Toei Animation'],Unknown,,,,25 min.,G - All Ages,5.49,#12136,#15142,782,0,181,"Bataar, a young Mongolian boy, wishes to cure his father's leg that was injured during a war with a neighboring tribe. One day, a white horse suddenly appears before him and Bataar starts a magical journey through time to rewrite history and to prevent the war from ever happening!",[],Daisougen to Hakuba,['Adventure'],"['Historical', 'Music']",
87,,SILENT CHASER 狩神,,,,,['OVA'],1,Finished Airing,"Aug 21, 2000",,,"None found,","None found,",['Studio Jin'],Visual novel,,,,30 min.,Rx - Hentai,4.72,N/A,#15289,747,0,195,Based on the adult PC game by Bunny Pro.,[],Silent Chaser Kagami,['Hentai'],,
88,,たれぱんだ,,,,,['OVA'],1,Finished Airing,"Jul 25, 2000",,,['Bandai Visual'],"None found,","None found,",Unknown,,['Music'],,17 min.,G - All Ages,5.76,#11132,#17225,485,0,143,A panda rolling around to music.,[],Tarepanda,['Award Winning'],,
89,,たべたのだあれ,Who Ate It?,,,,['OVA'],4,Finished Airing,"Jul 5, 2000",,,"None found,","None found,","None found,",Picture book,,,['Kids'],6 min. per ep.,G - All Ages,[],#14672,#22977,139,0,,Episode 1 - Popopopopo Episode 2 - Tabetano Daare Episode 3 - Saru Rururu one more Episode 4 - Hayaku Aitai na (Source: Official Site),[],Tabeta no Daare,,,
90,,눈높이영어 슈퍼톡톡,,,,,['OVA'],36,Finished Airing,"Aug 11, 2000 to ?",,,"None found,","None found,","None found,",Original,,,['Kids'],7 min. per ep.,PG - Children,[],#20739,#24082,111,0,,No synopsis information has been added to this title. Help improve our database by adding a synopsis here.,[],Noonnoppi English Super Talk Talk,['Comedy'],,
91,"Vampire Hunter D (2001), Vampire Hunter D Movie",バンパイアハンターD,Vampire Hunter D: Bloodlust,Vampire Hunter D: Bloodlust,Vampire Hunter D: Bloodlust,Vampire Hunter D: Bloodlust,['Movie'],1,Finished Airing,"Aug 25, 2000",,,"['Movic', 'Filmlink International', 'animate']",['Discotek Media'],['Madhouse'],['Light novel'],"['Action', 'Drama', 'Fantasy', 'Horror', 'Romance', 'Sci-Fi']",['Vampire'],,1 hr. 42 min.,R - 17+ (violence & profanity),7.95,#738,#1184,"219,772","2,913",105328,"When the soothing comfort of sunlight starts to fade, beings of seraphic beauty become the undisputed masters of the night, instilling fear in every living creature. Water turns into ice before these blood-sucking monsters, and their victims realize that this uncanny chill is the harbinger of their inevitable demise. Fortunately, the number of vampires is dwindling thanks to the dauntless bounty hunters who track down and slay the near-immortal predators. One night, tragedy befalls the Elbourne family as their daughter, Charlotte, is abducted by Meier Link, a revered vampire lord protected by an army of monsters. To save their beloved Charlotte, her family recruits the Marcus Brothers, a group of vampire hunters known for their ruthlessness; and D, a sword-wielding dhampir—a half-vampire, half-human who has the strengths of both species and the weaknesses of neither. The hunters rush to rescue Charlotte, but if her abductor decides to turn her into a vampire, they should eliminate her. Moreover, their mission must be completed before Meier reaches the impregnable vampire castle of Carmilla and takes Charlotte out of humanity's reach forever. [Written by MAL Rewrite]","['Prequel (Movie) Vampire Hunter D', 'Adaptation (Manga) Vampire Hunter D', 'Adaptation (Manga) Vampire Hunter D: Baraki', 'Adaptation (Light Novel) Vampire Hunter D']",Vampire Hunter D (2000),,,
92,"Pokémon: Spell Of The Unown, Gekijouban Pocket Monsters: Lord of the UNKNOWN Tower ENTEI, Pokémon Movie 3",ポケットモンスター 結晶塔の帝王 ENTEI,Pokémon 3: The Movie,Pokémon Film 3: Im Bann der Icognito,Pokémon Película 3: El Hechizo de los Unown,Pokémon Film 3: Le Sort des Zarbi,['Movie'],1,Finished Airing,"Jul 8, 2000",,,['Shogakukan Productions'],"['4Kids Entertainment', 'Warner Bros. Pictures']",['OLM'],Game,"['Action', 'Adventure', 'Comedy', 'Drama', 'Fantasy']",,['Kids'],1 hr. 13 min.,PG - Children,7.09,#3945,#1383,"184,693",151,118458,"Mii Snowdon is left on her own after her father disappears while investigating the mysterious letter-shaped Pokémon called the Unown. The only clue to her father's disappearance is a box containing several tiles. While playing with these tiles, Mii makes a wish to see her father again, and this wish awakens the Unown—who summon the lion-like, legendary Pokémon Entei to act as her father. Meanwhile, Satoshi heads to Greenfield with his faithful Pokémon companion, Pikachu, to meet with his friends, Kasumi and Takeshi. When they reach the area, they are shocked to find the place crystallized. They quickly learn that the Unown are responsible for this, and that they will need to be defeated in order to restore Greenfield to its former beauty. The situation becomes personal when Satoshi's mother is kidnapped by Entei. To discover why his mother was taken away, Satoshi, along with his friends and Pokémon, must travel the crystallized landscape to confront Entei and the Unown. [Written by MAL Rewrite]","['Adaptation (Manga) Gekijouban Pocket Monsters: Kesshoutou no Teiou Entei', '']",Pokemon Movie 03: Kesshoutou no Teiou Entei,,,
93,"Card Captors Sakura The Movie 2, Card Captor Sakura: Enchanted Cards",劇場版 カードキャプターさくら 封印されたカード,Cardcaptor Sakura Movie 2: The Sealed Card,,Sakura La Película 2: La Carta Sellada,Card Captor Sakura Film 2: La Carte Scellée,['Movie'],1,Finished Airing,"Jul 15, 2000",,,"['Bandai Visual', 'Shochiku', 'Kodansha', 'Shelty', 'Amber Film Works']","['Nelvana', 'Discotek Media', 'Geneon Entertainment USA']",['Madhouse'],['Manga'],"['Award Winning', 'Comedy', 'Drama', 'Romance']",['Mahou Shoujo'],['Shoujo'],1 hr. 22 min.,PG - Children,8.21,#380,#1956,"119,449",487,68849,"For this year's Nadeshiko Festival, Sakura Kinomoto's elementary school class is presenting a play. She will portray a princess who struggles to respond to the love confession of the neighboring country's prince. Sakura empathizes with her character all too well, since she herself still owes an answer to the boy who confessed his love for her four months ago. When cousins Shaoran and Meiling Li return from Hong Kong to pay a surprise visit to their friends in Japan, Sakura receives further encouragement to finally declare her feelings. However, she is repeatedly distracted by a presence reminiscent of a Clow Card as well as unexplained disappearances around town. Eventually, Sakura learns of another of Clow Reed's creations—the ""Nothing""—which was formerly sealed away beneath the magician's old house. It has power equal to all 52 cards Sakura possesses, and furthermore, it wants to take those cards away from her! Objects, space, and people disappear from Tomoeda with each card that is stolen. Sakura sets out to capture the Nothing so everything will return to normal, but what must she sacrifice in the process? [Written by MAL Rewrite]","['Prequel (TV) Cardcaptor Sakura', 'Sequel (TV) Cardcaptor Sakura: Clear Card-hen', 'Adaptation (Manga) Cardcaptor Sakura Read Manga', '']",Cardcaptor Sakura Movie 2: Fuuin Sareta Card,,,
94,Digimon Adventure 02: Digimon Hurricane Jouriku!! / Kouhen Chouzetsu Shinka!! Ougon no Digimental,映画 デジモンアドベンチャー０２,Digimon Movie 02 - Digimon Hurricane Touchdown! Supreme Evolution! The Golden Digimentals.,,,,['Movie'],2,Finished Airing,"Jul 8, 2000",,,['Bandai Visual'],"['Discotek Media', 'Saban Entertainment']",['Toei Animation'],Original,"['Adventure', 'Fantasy', 'Sci-Fi']",,['Kids'],32 min. per ep.,PG - Children,7.10,#3897,#3415,"47,503",44,27360,"Years after a young boy in America loses one of his Digimon friends, an evil viral Digimon successfully kidnaps the original Chosen Children. Their younger friends must race against time with their Digimon partners to discover the source of this new menace, and perhaps solve a years-old mystery. (Source: ANN)",[],Digimon Adventure 02 Movies,,,
95,,ピチューとピカチュウ,Pokémon: Pikachu and Pichu,,,Pokémon: Pikachu & Pichu,['Movie'],1,Finished Airing,"Jul 8, 2000",,,['Shogakukan Productions'],"['4Kids Entertainment', 'Warner Bros. Pictures']",['OLM'],Game,"['Adventure', 'Comedy', 'Fantasy']",,['Kids'],22 min.,PG - Children,6.72,#5783,#3556,"44,459",16,25372,"While visiting a big city home to many lively Pokémon, Pikachu rejoices when Satoshi, Kasumi, and Takeshi give their Pokémon free rein to play, with the only condition that they must all be at this rooftop in two hours. Unfortunately, Pikachu's leisure time is short-lived when he encounters a Pichu on a rooftop across the street. While bantering with each other, Pikachu nearly falls off the building. Following a lucky sequence of events, Pikachu finds himself safe next to Pichu and his brother—but on the opposite side of the road! Because they are familiar with the area, the Pichu brothers volunteer to escort Pikachu back to his friends. As the trio stumble upon a series of obstacles on their journey across the bustling city, Pikachu starts to wonder if he will rejoin his companions on time. [Written by MAL Rewrite]",[],Pokemon: Pichu to Pikachu,,,
96,"Cardcaptor Sakura: Leave it to Kero-chan, Cardcaptor Sakura: Kero's Corner",ケロちゃんにおまかせ！,Cardcaptor Sakura: Leave it to Kero! Theatrical Version,,,,['Movie'],1,Finished Airing,"Jul 15, 2000",,,"['NHK', 'Kodansha', 'Shelty']","['Discotek Media', 'Geneon Entertainment USA']",['Madhouse'],['Manga'],"['Comedy', 'Gourmet']",,['Shoujo'],10 min.,G - All Ages,7.32,#2711,#4161,"32,520",35,16601,"Following the events of Cardcaptor Sakura Movie 2: The Sealed Card, Kero and Spinel share a plate of takoyaki (octopus balls). They get into a fight over who gets the last piece, and in the process send it flying out the window. They both chase the takoyaki, and each other, in a mighty effort to be the ""takoyaki captor"". (Source: ANN)","['Adaptation (Manga) Cardcaptor Sakura Read Manga', '']",Cardcaptor Sakura: Kero-chan ni Omakase!,,,
97,Digimon - Grand Prix - CG Toei Animation Festival,デジモンアドベンチャー3D デジモングランプリ！,,,,,['Movie'],1,Finished Airing,"Jul 20, 2000",,,"None found,","None found,",['Toei Animation'],Original,"['Adventure', 'Comedy', 'Fantasy', 'Sports']",,['Kids'],7 min.,PG - Children,5.70,#11357,#7102,"8,901",5,3920,"Digimon special, Mario Kart style racing.",[],Digimon Adventure 3D: Digimon Grand Prix!,,"['Parody', 'Racing']",
98,Kaze o Mita Shonen,風を見た少年,The Boy Who Saw the Wind,,,Porté par le Vent,['Movie'],1,Finished Airing,"Jul 22, 2000",,,"None found,","None found,","[""Brain's Base""]",Book,"['Adventure', 'Drama', 'Fantasy']",,,1 hr. 37 min.,PG - Children,6.63,#6310,#8029,"6,520",3,2563,"Young boy Amon has mysterious powers. His dad is the cheif scientist for the Empire of the Golden Snake. He's invented weapons for this country in the past, but does not want his boy's powers to be used for destruction so he burns his research and tries to escape the country with his family. The mom and dad die in the escape and only Amon is left. He runs from the military, ends up on an island where he learns about the ancient people who could fly on the wind and talk to animals (as he can). Amon then ends up in a fishermen's village and makes friends with Maria. After this village is attacked by the Golden Snake army, the two run away with a band of rebels. Together, they try to stop the Empire of the Golden Snake from destroying and conquering everything. Based on the book by C.W. Nicol.",[],Kaze wo Mita Shounen,,,
99,"Ojamajo Doremi # Movie, Useless Witch Doremi Sharp, Bothersome Witch Doremi Sharp, Ojamjo Doremi #: Pop and the Queen's Cursed Rose",おジャ魔女どれみ♯,,,,,['Movie'],1,Finished Airing,"Jul 8, 2000",,,"None found,","None found,",['Toei Animation'],Original,,['Mahou Shoujo'],,27 min.,G - All Ages,7.19,#3441,#8365,"5,919",6,2609,"One day Pop was out scavenging with Hana, and found a beautiful rose inside the Queen's garden. Curious, she picked the rose and brought it home. Unwittingly, that rose can cause all wishes to become true, whether good or bad. Good wishes will turn the rose white and bloom, while bad wishes will turn the rose black and wither. After a heated argument with her sister Doremi, Pop wishes that Doremi loses all her magic and be turned into a mouse. Hilarity ensues, as Doremi and the others try to put everything back to normal. (Source: ANN)",[],Ojamajo Doremi Sharp Movie,['Comedy'],,
100,Glass no Chikyuu o Sukue Unico Tokubetsu Hen,ガラスの地球を救え ユニコ特別編,Saving Our Fragile Earth: Unico Special Chapter,,,,['Movie'],1,Finished Airing,"Jul 20, 2000",,,['Tezuka Productions'],"None found,","None found,",['Manga'],,,['Kids'],16 min.,G - All Ages,5.80,#10959,#15531,702,1,224,"This is the fourth original animated piece for the Tezuka Osamu Animation theatre that takes up Tezuka Osamu's message of ""Saving our Fragile Earth"" as its theme, and together with Unico's adventures commemorates the theatre's first anniversary. Unico, a unicorn's child, has dropped down from heaven. During his journey on the north wind, he meets Tsubasa, a tree boy who can speak. The Earth has become totally ruined to the extent that no creature can live there, because humans have drained it of all resources and destroyed the environment. Unico and Tsubasa go on a journey to find a way to make the Earth inhabitable again. They finally meet the Sphinx and the ""time fairy"" at the end of their hard journey. They decide to go back to the past and prevent humans from taking the wrong path. However, they can stay in the past for only five minutes. Will they be able to alter the future of the Earth in such short time? Their adventures to restore the Earth begin... (Source: Official page)",[],Glass no Chikyuu wo Sukue Unico Special,['Fantasy'],,
101,"The Sea's Aurora, Umi no Aurora",海のオーロラ,The Aurora,,,,['Movie'],1,Finished Airing,"Aug 5, 2000",,,['Nippon Television Network'],"None found,","None found,",Unknown,"['Adventure', 'Sci-Fi']",,,1 hr. 31 min.,PG-13 - Teens 13 or older,5.30,#12689,#15539,699,1,150,"Deep-sea archeologist Hiroshi Ibuki is the member of the digging team working at the bottom of the sea hoping to uncover the origins of Earth's existence but instead uncovers a mysterious colony of bacteria which gives off light similar to the Aurora Borealis. The ancient bacteria, once revived, attempt to make the world habitable for themselves —a process that would bring Earth back to its early primal form, killing all current life in the process. (Source: AnimeNFO)",[],The Aurora: Umi no Aurora,,,
102,Soreike! Anpanman: Tears of the Mermaid Princess,それいけ！アンパンマン 人魚姫のなみだ,,,,,['Movie'],1,Finished Airing,"Jul 29, 2000",,,"None found,","None found,",['TMS Entertainment'],Unknown,,,['Kids'],55 min.,PG - Children,5.94,#10238,#15664,679,0,150,12th Anpanman short movie.,[],Sore Ike! Anpanman: Ningyohime no Namida,['Comedy'],,
103,,それいけ!アンパンマン やきそばパンマンとブラックサボテンマン,,,,,['Movie'],1,Finished Airing,"Jul 29, 2000",,,['Tokyo Movie Shinsha'],"None found,","None found,",Unknown,"['Comedy', 'Fantasy']",,['Kids'],25 min.,PG - Children,[],#14564,#17077,499,1,,No synopsis information has been added to this title. Help improve our database by adding a synopsis here.,[],Sore Ike! Anpanman: Yakisobapanman to Black Sabotenman,,,
104,,映画 おじゃる丸 約束の夏 おじゃるとせみら,Prince Mackaroo the Movie: The Promised Summer - Ojaru and Semira,,,,['Movie'],1,Finished Airing,"Jul 15, 2000",,,"None found,","None found,",['Gallop'],Unknown,"['Adventure', 'Comedy', 'Fantasy']",,,47 min.,G - All Ages,[],#20807,#17716,443,2,,"A short film introduces Semira, a strange boy who comes to play with Ojaru and his chums and bears a marked resemblance to a boy of the same name who spent a summer with the village elders when they were boys, long ago. (Source: AnimeVice)",[],Ojarumaru Yakusoku no Natsu Ojaru to Semira Movie,,,
105,,ムーミン谷のオーロラ,,,,,['Movie'],1,Finished Airing,"Sep 5, 2000",,,"None found,","None found,","None found,",Book,"['Adventure', 'Fantasy', 'Sci-Fi']",,['Kids'],20 min.,G - All Ages,[],#20498,#21399,209,0,,No synopsis information has been added to this title. Help improve our database by adding a synopsis here.,[],Muumindani no Aurora,,,
106,"Seikai no Danshou: Birth, Passage of the Stars: Birth, Seikai no Danshou: Tanjyou, Lost Chapter of the Stars: Birth",星界の断章 “誕生”,Crest of the Stars: Birth,,,,['TV Special'],1,Finished Airing,"Aug 25, 2000",,,"['Bandai Visual', 'WOWOW']","['Funimation', 'Bandai Entertainment']",['Sunrise'],['Light novel'],"['Romance', 'Sci-Fi']",,,25 min.,PG-13 - Teens 13 or older,7.04,#4168,#7013,"9,176",12,4290,"This is the story about how Dubus, Lafiel's father, and Plakia after an adventure on a mysterious, abandoned spaceship decided to have a daughter together and why Dubus gave her the name Lafiel. (Source: ANN)","['Sequel (TV) Seikai no Monshou', 'Adaptation (Light Novel) Seikai no Danshou']",Seikai no Danshou: Tanjou,,"['Military', 'Space']",
107,"Rupan Sansei, Lupin III: $1 Money Wars",ルパン三世 1$マネーウォーズ,Lupin III: Missed by a Dollar,,,,['TV Special'],1,Finished Airing,"Jul 28, 2000",,,"['VAP', 'Tohokushinsha Film Corporation']","['Funimation', 'Discotek Media']",['TMS Entertainment'],['Manga'],"['Action', 'Adventure', 'Comedy', 'Mystery']",['Adult Cast'],['Seinen'],1 hr. 31 min.,PG-13 - Teens 13 or older,7.09,#3928,#7350,"8,198",3,3521,"Lupin & co. compete with a greedy bank president and her goons to solve the mystery leading to a broach, a treasure said to be behind the success of history's most powerful rulers. (Source: ANN)",[],Lupin III: $1 Money Wars,,,
108,,Di Gi Charat サマースペシャル2000,,,,,['TV Special'],4,Finished Airing,"Aug 22, 2000 to Aug 23, 2000",,,['TBS'],['Sentai Filmworks'],['Madhouse'],Original,,,,11 min. per ep.,G - All Ages,6.54,#6815,#9238,"4,538",3,2323,"The Di Gi Charat Summer Special was a four episode series that aired over two days, August 22, 2000 to August 23, 2000. This was the first series that Piyoko appeared in and the plot involves her attempting to hold Dejiko hostage for ransom. • Summer Special 2000 Episode 1 - Here comes Pyoko-nyo! • Summer Special 2000 Episode 2 - It's the Black Gamers-nyo • Summer Special 2000 Episode 3 - The Return of Abarenbou • Summer Special 2000 Episode 4 - Summer Bug (Source: AniDB & Wikipedia)","['Prequel (TV) Di Gi Charat', '']",Di Gi Charat Summer Special 2000,['Comedy'],,
109,GTO Omnibus,グレート・ティーチャー・オニヅカ 総集編,,,,,['TV Special'],2,Finished Airing,"Sep 3, 2000 to Sep 24, 2000",,,"None found,","None found,",['Pierrot'],['Manga'],"['Comedy', 'Drama']",,['Shounen'],35 min. per ep.,R - 17+ (violence & profanity),6.50,#7079,#13167,"1,351",3,373,Recaps of the Great Teacher Onizuka aired on Fuji TV.,[],Great Teacher Onizuka Recaps,,"['Delinquents', 'School']",
110,,クレヨンしんちゃん Specials,,,,,['Special'],Unknown,Currently Airing,"Dec 28, 1992 to ?",,,"None found,","None found,",['Shin-Ei Animation'],['Manga'],"['Comedy', 'Ecchi']",['School'],['Seinen'],48 min.,G - All Ages,[],#17451,#15463,712,2,,"87 Crayon Shin-chan TV Specials exist as of August 6, 2022.",[],Crayon Shin-chan Specials,,,
