,Synonyms,Japanese,English,Type,Episodes,Status,Aired,Premiered,Broadcast,Producers,Licensors,Studios,Source,Genres,Theme,Demographic,Duration,Rating,Score,Ranked,Popularity,Members,Favorites,Scorers,Synopsis,Related_Entries,Title,German,Spanish,French,Themes,Genre,Demographics
0,NARUTO,ナルト,Naruto,['TV'],220,Finished Airing,"Oct 3, 2002 to Feb 8, 2007",['Fall 2002'],Thursdays at 19:30 (JST),"['TV Tokyo', 'Aniplex', 'Shueisha']",['VIZ Media'],['Pierrot'],['Manga'],"['Action', 'Adventure', 'Fantasy']",['Martial Arts'],['Shounen'],23 min. per ep.,PG-13 - Teens 13 or older,8.01,#653,#9,"2,967,015","82,512",2044803,"Moments before Naruto Uzumaki's birth, a huge demon known as the Nine-Tailed Fox attacked Konohagakure, the Hidden Leaf Village, and wreaked havoc. In order to put an end to the demon's rampage, the leader of the village, the Fourth Hokage, sacrificed his life and sealed the monstrous beast inside the newborn Naruto. In the present, Naruto is a hyperactive and knuckle-headed ninja growing up within Konohagakure. Shunned because of the demon inside him, Naruto struggles to find his place in the village. His one burning desire to become the Hokage and be acknowledged by the villagers who despise him. However, while his goal leads him to unbreakable bonds with lifelong friends, it also lands him in the crosshairs of many deadly foes. [Written by MAL Rewrite]","['Sequel (TV) Naruto: Shippuuden', 'Adaptation (Manga) Naruto']",Naruto,,,,,,
1,"Ghost in the Shell SAC, Ghost in the Shell: Stand Alone Complex",攻殻機動隊 STAND ALONE COMPLEX,Ghost in the Shell: Stand Alone Complex,['TV'],26,Finished Airing,"Oct 1, 2002 to Oct 1, 2003",['Fall 2002'],Fridays at 15:30 (JST),"['Bandai Visual', 'Dentsu', 'Victor Entertainment', 'Animax', 'Kodansha', 'Trilogy Future Studio', 'Tokuma Shoten', 'Nippon Television Network']","['Bandai Entertainment', 'Manga Entertainment']",['Production I.G'],['Manga'],"['Action', 'Award Winning', 'Mystery', 'Sci-Fi']",,['Seinen'],25 min. per ep.,R - 17+ (violence & profanity),8.42,#188,#607,"409,436","8,764",168072,"In the not so distant future, mankind has advanced to a state where complete body transplants from flesh to machine is possible. This allows for great increases in both physical and cybernetic prowess and blurring the lines between the two worlds. However, criminals can also make full use of such technology, leading to new and sometimes, very dangerous crimes. In response to such innovative new methods, the Japanese Government has established Section 9, an independently operating police unit which deals with such highly sensitive crimes. Led by Daisuke Aramaki and Motoko Kusanagi, Section 9 deals with such crimes over the entire social spectrum, usually with success. However, when faced with a new A level hacker nicknamed ""The Laughing Man,"" the team is thrown into a dangerous cat and mouse game, following the hacker's trail as it leaves its mark on Japan. [Written by MAL Rewrite]","['Sequel (TV) Koukaku Kidoutai: Stand Alone Complex 2nd GIG', 'Adaptation (Light Novel) Koukaku Kidoutai: Stand Alone Complex', 'Adaptation (Manga) Koukaku Kidoutai: Stand Alone Complex Read Manga', 'Adaptation (Manga) Koukaku Kidoutai: Stand Alone Complex - The Laughing Man']",Koukaku Kidoutai: Stand Alone Complex,Ghost in the Shell: Stand Alone Complex,Ghost In The Shell : Stand Alone Complex,Ghost in The Shell: Stand Alone Complex,"['Adult Cast', 'Detective', 'Mecha', 'Military']",,
2,Charcoal Feather Federation,灰羽連盟,Haibane Renmei,['TV'],13,Finished Airing,"Oct 10, 2002 to Dec 19, 2002",['Fall 2002'],Thursdays at 02:28 (JST),"['Kadokawa Shoten', 'Fuji TV', 'Omnibus Promotion']","['Funimation', 'Geneon Entertainment USA']",['Radix'],Other,"['Drama', 'Fantasy', 'Mystery']",['Psychological'],,24 min. per ep.,PG-13 - Teens 13 or older,7.98,#689,#851,"307,507","8,338",107561,"Born from a cocoon in the village of Old Home, a young Haibane—a being with a halo and small gray wings—awakens to a world she does not understand without memories of her past. Named Rakka for the dream of falling she had while inside the cocoon, she soon becomes accustomed to life in the strange town. However, there are strict rules for the Haibane, such as being forbidden to leave the village or go near the walls surrounding it. These, along with mysterious disappearances of their kind on their ""Day of Flight,"" begin to unsettle Rakka and the others since they know almost nothing about their own kind. As Rakka and the other Haibane live their lives with no memories of the past, they try to break free from their former pain and ultimately find salvation. [Written by MAL Rewrite]","['Adaptation (Doujinshi) Old Home no Haibane-tachi', '']",Haibane Renmei,,,Ailes Grises : Haibane Renmei,,,
3,"Pocket Monsters: Advanced Generation, Advanced Challenge, Advanced Battle, Battle Frontier",ポケットモンスター　アドバンスジェネレーション,Pokémon: Advanced,['TV'],192,Finished Airing,"Nov 21, 2002 to Sep 14, 2006",['Fall 2002'],Thursdays at 19:00 (JST),"['TV Tokyo', 'TV Tokyo Music', 'Shogakukan Productions']","['VIZ Media', '4Kids Entertainment', 'The Pokemon Company International']",['OLM'],Game,"['Action', 'Adventure', 'Comedy', 'Fantasy']",,['Kids'],24 min. per ep.,PG - Children,7.13,#3776,#1307,"195,946",295,120800,"After participating in the Johto League, Satoshi decides to begin anew in yet another journey; this time by himself and Pikachu, in the land of Houen. Though he isn't alone for long, as 10-year-old Haruka (whom dislikes Pokemon, but just wants to come along to see the world) travels with him after Pikachu destroys her bicycle. Satoshi also meets up with his old companion, Takeshi, and Haruka's younger brother, Masato. Together, they travel along in Houen, battling Gym Leaders, entering contests, and other events on the way to the Houen League. (Source: ANN, edited)","['Prequel (TV) Pokemon', 'Sequel (TV) Pokemon Diamond & Pearl']",Pokemon Advanced Generation,Pokémon: Rubin und Saphir,Pokémon Advanced,Pokémon Advance,,,
4,Kidou Senshi Gundam SEED,機動戦士ガンダムSEED,Mobile Suit Gundam SEED,['TV'],50,Finished Airing,"Oct 5, 2002 to Sep 27, 2003",['Fall 2002'],Saturdays at 18:00 (JST),"['Sotsu', 'Asatsu DK', 'Mainichi Broadcasting System', 'Sony Music Entertainment', 'Atelier Musa']","['Nozomi Entertainment', 'Bandai Entertainment', 'NYAV Post']",['Sunrise'],Original,"['Action', 'Award Winning', 'Drama', 'Romance', 'Sci-Fi']",,,24 min. per ep.,R - 17+ (violence & profanity),7.74,#1190,#1417,"178,122","3,660",99079,"In the year Cosmic Era 0071, the space colony Heliopolis remains neutral in the great war raging across the galaxy between Coordinators, human beings whose biological traits have been altered before birth, and Naturals, unaltered people who remain on the planet Earth. The Naturals' deep hatred of the Coordinators drove the advanced beings into space, seeking shelter in man-made colonies. Kira Yamato is a Coordinator and university student on Heliopolis, when his life is thrown into disarray as ZAFT, the military organization composed of rebellious Coordinators, attacks the colony in an effort to steal a set of five state-of-the-art military mobile suits known as Gundams. While ZAFT manages to make off with four of the mobile suits, Kira take control of the final Gundam, the Strike. Surviving the battle, Kira and his college friends join the crew of the Archangel, a ship run by the Earth Alliance, and the young soldiers experience the horrors of war and the loss that comes with it. [Written by MAL Rewrite]","['Sequel (Special) Kidou Senshi Gundam SEED: Hoshi no Hazama de', 'Adaptation (Manga) Kidou Senshi Gundam SEED', 'Adaptation (Light Novel) Kidou Senshi Gundam SEED', '']",Kidou Senshi Gundam SEED,Mobile Suit Gundam Seed,Mobile Suit Gundam Seed,Mobile Suit Gundam Seed,"['Mecha', 'Military', 'Space']",,
5,GetBackers: Dakkanya,ゲットバッカーズ　奪還屋,Getbackers,['TV'],49,Finished Airing,"Oct 5, 2002 to Sep 20, 2003",['Fall 2002'],Saturdays at 17:30 (JST),"['TBS', 'Kodansha', 'Rondo Robe', 'Rakuonsha']","['ADV Films', 'Sentai Filmworks']",['Studio Deen'],['Manga'],"['Action', 'Mystery', 'Supernatural']",['Super Power'],['Shounen'],24 min. per ep.,PG-13 - Teens 13 or older,7.57,#1697,#1888,"125,536",887,54786,"Mido Ban and Amano Ginji are known as the Get Backers, retrievers with a success rate of 100%. Whatever is lost or stolen, they can definitely get it back. Despite their powerful abilities and enthusiastic behavior, Ban and Ginji are terminally broke no matter what they do simply because few people would actually desire to hire them. As a result, the pair of them tend to do dangerous jobs, often leading to unwanted re-encounters with their old (and dangerous) friends.","['Adaptation (Manga) GetBackers', '']",GetBackers,Getbackers,Get Backers,Get Backers,,,
6,,スパイラル -推理の絆-,Spiral: Bond of Reasoning,['TV'],25,Finished Airing,"Oct 1, 2002 to Mar 25, 2003",['Fall 2002'],Tuesdays at 18:00 (JST),"['TV Tokyo', 'Aniplex', 'Sotsu', 'SME Visual Works', 'Rakuonsha']",['Funimation'],['J.C.Staff'],['Manga'],"['Drama', 'Mystery']",,['Shounen'],23 min. per ep.,PG-13 - Teens 13 or older,7.21,#3310,#3176,"54,096",300,23520,"Ayumu Narumi has lived all his life in the shadow of his famous detective brother, Kiyotaka. However, Kiyotaka disappeared two years ago, leaving behind his wife Madoka and Ayumu himself, along with a cryptic message about the ""Blade Children."" One day, a girl at Ayumu's school suddenly dies. What seemed like a suicide at first glance turns out to be a murder, and Ayumu is the prime suspect. While investigating the person responsible for framing him, he discovers that the mysterious Blade Children are involved—and they somehow know Kiyotaka personally. Ayumu soon finds out just how dangerous the Blade Children are and learns that, in reality, he and Kiyotaka are intertwined more closely than he had ever believed. [Written by MAL Rewrite]","['Adaptation (Manga) Spiral: Suiri no Kizuna Read Manga', '']",Spiral: Suiri no Kizuna,,,,,,
7,,キディ・グレイド,Kiddy Grade,['TV'],24,Finished Airing,"Oct 9, 2002 to Mar 19, 2003",['Fall 2002'],Wednesdays at 01:58 (JST),['gimik'],['Funimation'],['Gonzo'],Original,"['Action', 'Sci-Fi']",,,23 min. per ep.,R+ - Mild Nudity,7.17,#3519,#3388,"48,056",250,19719,"In the distant future, humanity has taken to the skies and colonized many planets throughout the universe. An agency known as the Galactic Organization of Trade and Tariffs (GOTT) has been formed to maintain order. Within GOTT, a secret squad of enhanced human beings—known as the ES Unit—carry out secret missions to put a stop to major galactic crimes. Two such operatives are the lowly C-ranked Éclair and Lumière. Despite being on the bottom of the totem pole, the pair wield formidable powers: Éclair's superhuman strength and lipstick whip and Lumière's ability to take control of any computer. Together, they can take on any mission that GOTT throws at them. But as they complete more and more missions, the duo begin to uncover a major conspiracy that leaves them questioning everything they know about themselves and the entire galaxy. [Written by MAL Rewrite]","['Sequel (OVA) Kiddy GiRL-AND Pilot', 'Sequel (TV) Kiddy GiRL-AND', 'Adaptation (Manga) Kiddy Grade Reverse', '']",Kiddy Grade,,,,"['Mecha', 'Space', 'Super Power']",,
8,Mahoromatic 2,まほろまてぃっく  ~もっと美しいもの~,Mahoromatic ~Something More Beautiful~,['TV'],14,Finished Airing,"Sep 26, 2002 to Jan 16, 2003",['Fall 2002'],Unknown,['Pioneer LDC'],"['Sentai Filmworks', 'Geneon Entertainment USA']","['Gainax', 'Shaft']",['Manga'],"['Comedy', 'Drama', 'Romance', 'Sci-Fi', 'Ecchi']",['Military'],['Seinen'],24 min. per ep.,R+ - Mild Nudity,7.12,#3793,#4042,"34,320",48,17149,"As the relationship between Mahoro, Suguru and his classmates develops further, another android girl enters their lives and becomes attached to Mahoro. All the while, the number of days before Mahoro is to shut down decreases steadily. (Source: ANN)","['Prequel (TV) Mahoromatic: Automatic Maiden', '']",Mahoromatic: Motto Utsukushii Mono,,,,,,
9,,ハングリーハート Wild Striker,,['TV'],52,Finished Airing,"Sep 11, 2002 to Sep 10, 2003",['Fall 2002'],Wednesdays at Unknown,"None found,","None found,",['Nippon Animation'],['Manga'],,['Team Sports'],['Shounen'],23 min. per ep.,PG-13 - Teens 13 or older,7.54,#1825,#4610,"25,993",245,13880,"As the younger brother of Japanese soccer star Seisuke Kanou, Kyousuke was always expected to grow as a soccer player at the same pace his brother did—an expectation that proved too difficult to meet. Having fallen behind, he now lives in the shadow of his brother's success. Entering his freshman year at Jouyou Akanegaoka High School, Kyousuke vows never to play soccer again. However, Miki Tsujiwaki, the captain of the girls' soccer team, and Mori Kazuto, the manager of the boys' team, recognize Kyousuke's potential and want to see his return to the game for their own reasons. With an opportunity to play soccer again, Kyousuke must either remain steadfast in his decision to abandon the sport he once loved, or allow himself to reignite that flame to become the best striker in the world. [Written by MAL Rewrite]","['Adaptation (Manga) Hungry Heart', '']",Hungry Heart: Wild Striker,,,,,['Sports'],
10,Duel Masters 2.0,デュエル・マスターズ,,['TV'],26,Finished Airing,"Oct 21, 2002 to Apr 4, 2003",['Fall 2002'],Unknown,['Shogakukan Productions'],['Hasbro'],"['Studio Hibari', 'A.C.G.T.']",['Manga'],"['Action', 'Comedy', 'Fantasy']",['Strategy Game'],['Kids'],21 min. per ep.,PG-13 - Teens 13 or older,5.84,#10728,#4750,"24,170",40,13409,"The world of Duel Masters is one of five great civilizations. Through a card game, duelists can bring these worlds into existence, making what was previously abstract into reality. These skilled duelists are known as Kaijudo masters. Shobu Kirifuda is the best player at his local playground, and seeks to become a world-class master like his father. His first step on the road to conquest begins with winning a local tournament. Rather, it should have, except he is destroyed by the best Kaijudo master in the world, Knight. Shobu loses, but upon remembering the words of wisdom his father instilled into him, decides to continue on the road of becoming a duelist who can enjoy the game for what it is. And so begins his journey to victory－and as we all know, the journey is the most important part!","['Sequel (TV) Duel Masters Charge', 'Adaptation (Manga) Duel Masters']",Duel Masters,,,,,,
11,"Habitat Ground Jewdo, Heat Guy Jay, HeatGuy-J",ヒートガイジェイ,HeatGuy J,['TV'],25,Finished Airing,"Oct 2, 2002 to Mar 26, 2003",['Fall 2002'],Wednesdays at 01:50 (JST),"['Bandai Visual', 'TBS']","['Funimation', 'Geneon Entertainment USA']",['Satelight'],Original,"['Action', 'Adventure', 'Sci-Fi']",,,24 min. per ep.,PG-13 - Teens 13 or older,7.12,#3828,#5119,"20,284",73,7285,"In the city of Judoh, Claire Leonelli has inherited leadership of the Mafia group ""Vampire"" following the death of his father. To keep Claire's and other criminal activities in check, the city's Bureau of Urban Safety has Special Services Division operative Daisuke Aurora and the super android codenamed ""J"" (whose identity is apparently kept in secrecy, as androids are banned in the city). With both of them around, crime now has little room to breathe in Judoh. (Source: ANN)","['Adaptation (Manga) Heat Guy J', '']",Heat Guy J,,Heat Guy J,Heat Guy J,"['Detective', 'Organized Crime']",,
12,Hanada Shonen-Shi,花田少年史,,['TV'],25,Finished Airing,"Oct 2, 2002 to Mar 26, 2003",['Fall 2002'],Unknown,"['VAP', 'Nippon Television Network']","None found,",['Madhouse'],['Manga'],"['Comedy', 'Drama', 'Supernatural']",,['Seinen'],23 min. per ep.,R+ - Mild Nudity,7.98,#690,#5486,"16,869",165,5058,"Ichiro Hanada is a hyperactive little boy who lives with his parents, sister, and grandfather in a rural town. He is always up to some kind of mischief, often teasing his sister or making rude comments to others. Consequently, his mother constantly scolds him, and even the neighbours express disturbance from time to time on how rowdy he can be. One day, after pulling a terrible prank, Ichiro sprints onto the streets as his mother chases him. He steals a nearby bicycle and takes on a dangerous route, eventually being hit by a truck. Miraculously, he survives the crash, requiring nine stitches to the back of his head and balding for the surgery. However, the near-death experience gains him the ability to see ghosts—the last thing he needs in his life. Since Ichiro is the only one who can communicate with them, several ghosts of people who have recently died come to him, seeking help to fulfill their last wishes before achieving enlightenment. Each adventure with a ghost leaves the young and curious boy with a different lesson that gradually makes him wiser. [Written by MAL Rewrite]","['Adaptation (Manga) Hanada Shounen-shi', '']",Hanada Shounen-shi,,,,,,
13,"Petite Pri Yuushi, Puchi Puri Yuushi",ぷちぷり＊ユーシィ,Petite Princess Yucie,['TV'],26,Finished Airing,"Sep 30, 2002 to Mar 24, 2003",['Fall 2002'],Mondays at 18:00 (JST),"None found,",['ADV Films'],"['Gainax', 'AIC']",Game,"['Comedy', 'Fantasy']",,,25 min. per ep.,G - All Ages,7.40,#2386,#5544,"16,429",96,6614,"Despite recently turning 17, the otherwise ordinary Yucie still has the body of a child. Having stopped growing past the age of 10, Yucie yearns to fully mature into an adult body. One day, she is chosen as a candidate for the title of ""Platinum Princess,"" given once in a thousand years to whoever is worthy of the Eternal Tiara—a mysterious crown said to grant any wish. She's not alone either, as four other candidates also compete to have their own wishes granted by the crown. As a result, Yucie enrolls at the nearby Princess Academy in order to grow her heart and work towards becoming qualified for the Eternal Tiara. With her family, rivals, and even the principal of the academy there to lend a hand, will Yucie's much-desired wish finally come true? [Written by MAL Rewrite]","['Adaptation (Manga) Puchi Puri Yuushi', '']",Puchi Pri*Yucie,,,,,,
14,Gravion,超重神グラヴィオン,Super Heavy God Gravion,['TV'],13,Finished Airing,"Oct 8, 2002 to Dec 17, 2002",['Fall 2002'],Tuesdays at 02:10 (JST),"['Fuji TV', 'Imagica']",['ADV Films'],['Gonzo'],Original,"['Action', 'Comedy', 'Sci-Fi']",['Mecha'],,23 min. per ep.,PG-13 - Teens 13 or older,6.38,#7791,#5722,"15,172",19,5442,"The year is now 2041 AD. A new enemy called Zeravire suddenly appears in the solar system, destroying all military installations it comes across. However, a wealthy man named Klein Sandman is already aware of this planned invasion and had been secretly preparing his army for battle. His trump card is Gravion, a giant robot that utilizes gravity as its source of energy. Meanwhile a young man named Eiji secretly enters Sandman's base in search for his missing sister. It is there that he meets another young man by the name of Toga... These two must now fight together with four other individuals aboard the super robot, Gravion to fend off the Zeravire threat. (Source: ANN)","['Sequel (TV) Choujuushin Gravion Zwei', '']",Choujuushin Gravion,,,,,,
15,,オーバーマン キングゲイナー,,['TV'],26,Finished Airing,"Sep 7, 2002 to Mar 22, 2003",['Fall 2002'],Saturdays at 19:05 (JST),"['Bandai Visual', 'WOWOW']","['Bandai Entertainment', 'Sentai Filmworks', 'Discotek Media']",['Sunrise'],Original,"['Action', 'Adventure', 'Sci-Fi']",['Mecha'],,25 min. per ep.,PG-13 - Teens 13 or older,6.93,#4687,#5769,"14,846",43,4567,"Sometime in the distant future, mankind is forced to live in domed cities while the rest of the world is left to recover from years of environmental hardships. In the Siberian Dome-polis, professional gamer Gainer Sanga and mercenary Gain Bijou commandeer an Overman and lead a mass exodus out of the city. (Source: ANN)","['Adaptation (Manga) Overman King Gainer', '']",Overman King Gainer,,,,,,
16,"Weiss Kreuz Gluehen, Weiss Kreuz Gluhen, White Cross Glowing",ヴァイスクロイツ・グリーエン,Knight Hunters Eternity,['TV'],13,Finished Airing,"Nov 28, 2002 to Mar 20, 2003",['Fall 2002'],Unknown,"['animate Film', 'Kids Station', 'Movic']",['Media Blasters'],['ufotable'],Original,"['Action', 'Drama']",,,24 min. per ep.,R - 17+ (violence & profanity),6.52,#6953,#6475,"11,089",22,4153,"Koua is an academy that brings Japanese's most talented people and students together. The mission is to train talented people to bear the world's future leadership. However, recently, the suicide rate in the academy is increasing and there is hardly any information being released to the public. Fujimiya Aya is sent to infiltrate this school carrying out criminal investigation and disguise himself as a teacher. In fact, actually, there is a connection between Koua academy and the global terrorist activities that are frequently occur. Therefore Persia assigns Hidaka Ken and Kudou Youji as well into this mission to solve the truth and connection of the incident behind Koua academy. (Source: AniDB)","['Prequel (TV) Weiß Kreuz', 'Prequel (OVA) Weiß Kreuz OVA']",Weiß Kreuz Glühen,,,,,,
17,Galaxy Angel AA,ギャラクシーエンジェルＡ; ギャラクシーエンジェルＡＡ,Galaxy Angel A,['TV'],26,Finished Airing,"Oct 6, 2002 to Mar 31, 2003",['Fall 2002'],Sundays at 09:30 (JST),"['Bandai Visual', 'TV Osaka', 'Broccoli', 'Yomiko Advertising']","['Nozomi Entertainment', 'Bandai Entertainment']",['Madhouse'],Original,"['Comedy', 'Sci-Fi']",,,24 min. per ep.,PG - Children,7.28,#2927,#6584,"10,632",19,4761,"Their mission is to locate and retrieve the mysterious Lost Technology, even though these girls have never been known to stick to their mission. Milfeulle, Forte, Ranpha, Mint, and Vanilla are back for another round of hilarity. The Galaxy Angels have sworn to protect the galaxy one planet at a time. Now with some competition with the newly-formed Twin Star Brigade, they continue to find themselves in the center of chaos... though usually they're the ones at fault for its cause. (Source: ANN)","['Prequel (TV) Galaxy Angel Z', 'Sequel (TV) Galaxy Angel 4']",Galaxy Angel 3,,,,,,
18,Sister Princess Repure,シスター・プリンセス ～リピュア～,,['TV'],13,Finished Airing,"Oct 4, 2002 to Dec 25, 2002",['Fall 2002'],Unknown,['Omnibus Promotion'],['Discotek Media'],['Zexcs'],['Light novel'],"['Drama', 'Romance']",['Harem'],,25 min. per ep.,PG-13 - Teens 13 or older,6.29,#8311,#6692,"10,226",11,3809,"After a long time, Wataru has decided to leave his family home and live on his own. The girls have also decided to split up and most of them are living separately as well. But none of them have forgotten about their brother and still stick together to meet him. (Source: AniDB)","['Prequel (TV) Sister Princess', 'Adaptation (Light Novel) Sister Princess']",Sister Princess: Re Pure,,,,,,
19,,PIANO,Piano: The Melody of a Young Girl's Heart,['TV'],10,Finished Airing,"Nov 11, 2002 to Jan 13, 2003",['Fall 2002'],Mondays at 20:00 (JST),"['animate Film', 'Kids Station', 'Pioneer LDC']",['Nozomi Entertainment'],['OLM'],Original,"['Drama', 'Romance']",['Music'],,24 min. per ep.,G - All Ages,5.98,#10003,#6868,"9,656",12,3562,"When Miu was young, she was fascinated by the piano and took up lessons. When the show opens, Miu is in middle school. She is shy, a soft-spoken girl who doesn't have a lot of confidence in herself. Her friends would describe her as ""sweet"" and ""quiet."" At this point, Miu has been taking piano lessons for some time and while people have told her that she's gotten very good over the years, Miu herself feels she's not really good at anything—including the piano. Her teacher, Mr. Shirakawa, is often frustrated with her playing. Although she plays every note exactly correct, her heart just isn't in it... Meanwhile, Miu's come of the age when she's noticing boys and this shy young lady has noticed the handsome Kazuya Takahashi—even if he hasn't noticed her. This is Miu's story. The story of a young girl who is on a journey to discover the melody within her own heart and the courage to express it. (Source: RightStuf)",[],Piano,,,,,,
20,,プラトニック・チェーン,,['TV'],24,Finished Airing,"Oct 5, 2002 to Mar 29, 2003",['Fall 2002'],Saturdays at 02:25 (JST),"None found,","None found,",['ACiD FiLM'],Novel,"['Sci-Fi', 'Slice of Life']",,,6 min. per ep.,PG-13 - Teens 13 or older,5.72,#11303,#8435,"5,820",25,1129,"In the near future, technology has made a few leaps and bounds, and videophones and constant wireless internet access are available to everyone. However, it would seen that the government has been careless and a skilled hacker was able to break into the national information archive. Using the data held there he creates the Platonic Chain website for people to discover information about themselves and their friends. Words start to spread quickly that there is a site that enables you to look up anything. Coincidentally, three young girls, Hitomi, Rika, and Kanae, are able to access the site. (Source: ANN)","['Adaptation (Manga) Platonic Chain', '']",Platonic Chain,,,,,,
21,Bomberman Jetterz,ボンバーマン ジェッターズ,,['TV'],52,Finished Airing,"Oct 2, 2002 to Sep 24, 2003",['Fall 2002'],Wednesdays at 18:30 (JST),"['TV Tokyo', 'Nihon Ad Systems']","None found,",['Studio Deen'],Game,"['Action', 'Adventure', 'Comedy', 'Sci-Fi']",['Space'],,23 min. per ep.,G - All Ages,6.90,#4809,#8840,"5,159",56,1914,"Deep Space, many different cultures have come together to live on planet Jet. To keep the peace an organization known as the Jetters is formed. This space police group fight against the villains known as the ""Hige hige dan"" making sure that the universe is safe. The leader of the Jetters Mighty is a powerful Bomberman, who is looked up to and respected....his brother however is a lazy crude slacker named Shirobon. Suddenly Mighty disappears and Shiro finds himself placed in a new situation. Shiro steps up and become a responsible Bomberman, and with the new friends he made of the Jetters it may become possible for him to be the next ""Jetters leader."" (Source: ANN)",[],Bomberman Jetters,,,,,,
22,"Asobotto Senki Goku, Anbot Senki Gokyuu, Association Robot Goku",アソボット戦記五九,Monkey Typhoon,['TV'],52,Finished Airing,"Oct 1, 2002 to Sep 30, 2003",['Fall 2002'],Tuesdays at 18:30 (JST),['TV Tokyo'],"None found,",['Studio Egg'],['Manga'],"['Action', 'Adventure', 'Comedy', 'Sci-Fi']",,['Shounen'],23 min. per ep.,PG-13 - Teens 13 or older,6.59,#6527,#9567,"4,068",8,1480,"Four years into the future, the world has lost its balance... 10 thousand metres of vast woodland is gone, preventing humans to live and leaving a desert to spread endlessly. And so, they head into the world of Meshichi, to live together with the Anbots. As if guided by fate, Sanzou and Gokyuu meet. Traveling together, Sanzou - a young man shrouded in mystery, Gokyuu - the strongest and worst Anbot around, Tongoh - an Anbot fond of drinking, Jou - someone who is great with machines, Suuji - a female Anbot thief, and last but not least, Mioto. And so, their journey begins to the boundless East, to the land where the sun was born! (Source: AnimeNfo)","['Adaptation (Manga) Assobot Goku', '']",Asobot Senki Gokuu,,,,,,
23,,奇鋼仙女ロウラン,Strange Steel Fairy Rouran,['TV'],28,Finished Airing,"Nov 15, 2002 to May 30, 2003",['Fall 2002'],Unknown,['Starchild Records'],"None found,",['Zexcs'],Original,"['Action', 'Fantasy']",['Mecha'],,12 min. per ep.,PG-13 - Teens 13 or older,5.69,#11433,#10704,"2,879",3,769,"When the secret occult society, Shiromorishuua, sends a huge monster to attack Tokyo, ASY, a peace-keeping organization in Japan, retaliates with a Gousen (metal faery). ASY's Gousen annihilates the creature after driving it into open ocean. Although successful, a surprise attack follows. A girl, floating in midair and glowing with radiance, strikes with a beam of light. This girl is ""Rouran."" She knows neither her identity, her origins, nor why whenever she senses the Gousen or Kyoushi (reanimated corpses) she transforms into an avenging angel. As Rouran worries about her mysterious existence, Tetsuya kindly watches over her in Tokyo Arcadia, a settlement of expatriates and dissidents. (Source: AniDB)",[],Kikou Sennyo Rouran,,,,,,
24,,真･女神転生Ｄチルドレン ライト＆ダーク,,['TV'],52,Finished Airing,"Oct 5, 2002 to Sep 27, 2003",['Fall 2002'],Unknown,"None found,","None found,",['Actas'],Game,"['Action', 'Adventure', 'Fantasy', 'Sci-Fi', 'Supernatural']",,['Kids'],24 min. per ep.,PG - Children,6.44,#7428,#10913,"2,698",3,730,"A series based off of the Shin Megami Tensei Devil Children: Light & Dark games (known as DemiKids in the U.S.). The year is 200X. Jin, Akira and Lena are three child hood friends who like mysterious things. One day in the library, along with the mysterious transfer student Ami, they find the ""Akuma Compendium"". They chanted an incantation in the book and, to their surprise, devils appeared. Ami then told Jin and Akira that they are the Devil Children that will decide the fate of the world. She hands them their Devil Risers. The group then pass through the ""Door of Time"" to the land of Valhalla where they fight an evil ruler known as Imperius who plans on conquering all of the world. The Nakama of Jin is Rand, a Sol Lion, and Akira's is Gale, a Hylon. (Source: Wikipedia.org)","['Prequel (TV) Shin Megami Tensei Devil Children', '']",Shin Megami Tensei Devil Children: Light & Dark,,,,"['Mythology', 'Video Game']",,
25,"Shin Seiki Den Mars, Mars, New Century Legend Mars, Mars the Terminator",神世紀伝マーズ,,['TV'],13,Finished Airing,"Oct 31, 2002 to Feb 6, 2003",['Fall 2002'],Unknown,"['MediaNet', 'AT-X', 'Tsuburaya Productions']","None found,","['Plum', 'Studio Guts']",['Manga'],"['Action', 'Sci-Fi']",['Mecha'],['Shounen'],24 min. per ep.,PG-13 - Teens 13 or older,5.46,#12247,#11844,"2,046",1,760,"While reporting on a recently formed volcanic island, journalist Iwakura finds a stranded young man with no memories. News of the incident catches the attention of a mysterious person called Rush, who tracks down the amnesiac and explains to him the truth about his identity. The young man is named Mars and, like Rush, he is not originally from Earth. Mars was dispatched with one mission: to command a tremendously powerful robot named Gaia to destroy Earth when it becomes clear that humans are attempting to extend their influence into outer space. As a precaution, Gaia is programmed to self-destruct, taking the planet along with it, in the event that Mars dies. In light of Mars' amnesia, Rush agrees to give him 10 days to study Earth's history and decide his course of action. Mars must now choose whether to follow through with his duty or fight to save humanity. [Written by MAL Rewrite]","['Adaptation (Manga) Mars', '']",Shinseikiden Mars,,,,,,
26,"Fishing Fool Diary, Diary of a Fishing Fool",釣りバカ日誌,,['TV'],36,Finished Airing,"Nov 2, 2002 to Sep 13, 2003",['Fall 2002'],Unknown,['TV Asahi'],"None found,",['Toei Animation'],['Manga'],"['Comedy', 'Slice of Life']",,,24 min. per ep.,G - All Ages,[],#15034,#14573,926,1,,"Hamazaki Densuke (Hama-chan) is an unavaricious white-collar worker who does not have any interest in success and self-protection. Even though he incurs the wrath of his superior and stir ill feelings from his wife, Hama-chan prefers to take things at his own stride and goes fishing. He feels that there are more important things in life than work and enjoys the simple things in life such as fishing. (Source: ANN)","['Adaptation (Manga) Tsuribaka Nisshi', '']",Tsuri Baka Nisshi,,,,,,
27,Kasumin 2nd Series,カスミン (第2シリーズ),,['TV'],26,Finished Airing,"Oct 5, 2002 to Apr 5, 2003",['Fall 2002'],Unknown,['NHK'],"None found,",['OLM'],Unknown,,,['Kids'],25 min. per ep.,G - All Ages,[],#19340,#14955,828,2,,Second season of Kasumin,"['Prequel (TV) Kasumin', 'Sequel (TV) Kasumin 3rd Season']",Kasumin 2nd Season,,,,,['Fantasy'],
28,,ペコラ,Pecola,['TV'],26,Finished Airing,"Oct 6, 2002 to Mar 30, 2003",['Fall 2002'],Unknown,"['Yomiko Advertising', 'Nelvana']","None found,",['Milky Cartoon'],Picture book,,,['Kids'],25 min. per ep.,G - All Ages,5.82,#10839,#15587,692,6,214,"Pecola is an orphaned penguin who lives with Pecolias, his Grandfather. Cube Town is an isolated small coastal village with such features as an art museum, beach, lighthouse (which has the number 36 above its entrance) and canal. It is located adjacent to Crescent Bay surrounded by the Rookery Mountains coastal range and served by regular ships (including a weekly freighter) that deliver mail, foodstuffs and other supplies plus occasional tourists from a nearby large metropolis named Cubic City. The heights above it lead into Glacier Valley which is snowbound even during summer. (Source: Wikipedia)",[],Pecola,,,,,,
29,"Genki Genki Nontan, Genki! Genki! Nontan",げんき げんき ノンタン,,['TV'],15,Finished Airing,"Nov 4, 2002 to Dec 4, 2002",['Fall 2002'],Unknown,['Nippon Columbia'],"None found,",['Polygon Pictures'],Picture book,,['Music'],['Kids'],6 min. per ep.,G - All Ages,[],#18167,#18665,371,0,,"This 3D animated series for young children is based on the adventures of perky white kitten Non-tan. With his friends, fun-loving Tanuki, strong Bear, and the pink Rabbit triplets and his rival, Pig, he teaches children positive lessons about the beauty and wonder of life. (Source: The Anime Encyclopedia)","['Sequel (TV) Genki Genki Non-tan (2004)', '']",Genki Genki Non-tan,,,,,,
30,,巨人の星【特別篇】猛虎 花形満,The Star of the Giants (Hanagata),['TV'],13,Finished Airing,"Oct 23, 2002 to Jan 15, 2003",['Fall 2002'],Unknown,"None found,","None found,",['TMS Entertainment'],['Manga'],"['Drama', 'Sports']",['Team Sports'],,25 min. per ep.,G - All Ages,[],#19705,#20291,271,1,,"Mitsuru Hanagata spent his early childhood in the UK, where he developed a noble spirit by fighting back against the bullying faced by Asian people. After returning to Japan, he becomes the leader of a baseball team of juvenile delinquents and meets his eternal rival, Hyuuma Hoshi. After going to Koshien, the two rivals join Tigers and Giants respectively as professional players. They face-off against each other as they continue to improve their skills, Hyuuma as a pitcher who throws ""Big League"" balls and Hanagata as an aggressive player. (Source: TMS)",[],Kyojin no Hoshi: Tokubetsu-hen - Hanagata Mitsuru,,,,,,
31,OP,ONE PIECE,One Piece,['TV'],Unknown,Currently Airing,"Oct 20, 1999 to ?",['Fall 1999'],Sundays at 09:30 (JST),"['Fuji TV', 'TAP', 'Shueisha']","['Funimation', '4Kids Entertainment']",['Toei Animation'],['Manga'],"['Action', 'Adventure', 'Fantasy']",,['Shounen'],24 min.,PG-13 - Teens 13 or older,8.73,#51,#17,"2,497,535","234,833",1420216,"Barely surviving in a barrel after passing through a terrible whirlpool at sea, carefree Monkey D. Luffy ends up aboard a ship under attack by fearsome pirates. Despite being a naive-looking teenager, he is not to be underestimated. Unmatched in battle, Luffy is a pirate himself who resolutely pursues the coveted One Piece treasure and the King of the Pirates title that comes with it. The late King of the Pirates, Gol D. Roger, stirred up the world before his death by disclosing the whereabouts of his hoard of riches and daring everyone to obtain it. Ever since then, countless powerful pirates have sailed dangerous seas for the prized One Piece only to never return. Although Luffy lacks a crew and a proper ship, he is endowed with a superhuman ability and an unbreakable spirit that make him not only a formidable adversary but also an inspiration to many. As he faces numerous challenges with a big smile on his face, Luffy gathers one-of-a-kind companions to join him in his ambitious endeavor, together embracing perils and wonders on their once-in-a-lifetime adventure. [Written by MAL Rewrite]","['Adaptation (Manga) One Piece', 'Adaptation (Light Novel) One Piece: Loguetown-hen']",One Piece,,,,,,
32,Inu Yasha,犬夜叉,InuYasha,['TV'],167,Finished Airing,"Oct 16, 2000 to Sep 13, 2004",['Fall 2000'],Mondays at 19:00 (JST),['Yomiuri Telecasting'],['VIZ Media'],['Sunrise'],['Manga'],"['Action', 'Adventure', 'Fantasy', 'Romance']",,['Shounen'],24 min. per ep.,PG-13 - Teens 13 or older,7.87,#894,#245,"827,189","19,335",402566,"Kagome Higurashi's 15th birthday takes a sudden turn when she is forcefully pulled by a demon into the old well of her family's shrine. Brought to the past, when demons were a common sight in feudal Japan, Kagome finds herself persistently hunted by these vile creatures, all yearning for an item she unknowingly carries: the Shikon Jewel, a small sphere holding extraordinary power. Amid such a predicament, Kagome encounters a half-demon boy named Inuyasha who mistakes her for Kikyou, a shrine maiden he seems to resent. Because of her resemblance to Kikyou, Inuyasha takes a violent dislike to Kagome. However, after realizing the dire circumstances they are both in, he sets aside his hostility and lends her a hand. Unfortunately, during a fight for the Shikon Jewel, the miraculous object ends up shattered into pieces and scattered across the land. Fearing the disastrous consequences of this accident, Kagome and Inuyasha set out on a challenging quest to recover the shards before they fall into the wrong hands. [Written by MAL Rewrite]","['Sequel (TV) InuYasha: Kanketsu-hen', 'Adaptation (Manga) InuYasha']",InuYasha,,Inuyasha,,"['Historical', 'Love Polygon', 'Mythology', 'Time Travel']",,
33,"Pocket Monsters, Indigo League, Adventures on the Orange Islands, The Johto Journeys, Johto League Champions, Master Quest",ポケットモンスター,Pokémon,['TV'],276,Finished Airing,"Apr 1, 1997 to Nov 14, 2002",['Spring 1997'],Thursdays at 19:00 (JST),"['TV Tokyo', 'TV Tokyo Music', 'Shogakukan Productions']","['VIZ Media', '4Kids Entertainment']",['OLM'],Game,"['Action', 'Adventure', 'Comedy', 'Fantasy']",,['Kids'],24 min. per ep.,PG - Children,7.40,#2383,#349,"654,011","5,565",411328,"Pokémon are peculiar creatures with a vast array of different abilities and appearances; many people, known as Pokémon trainers, capture and train them, often with the intent of battling others. Young Satoshi has not only dreamed of becoming a Pokémon trainer but also a ""Pokémon Master,"" and on the arrival of his 10th birthday, he finally has a chance to make that dream a reality. Unfortunately for him, all three Pokémon available to beginning trainers have already been claimed and only Pikachu, a rebellious Electric-type Pokémon, remains. However, this chance encounter would mark the start of a lifelong friendship and an epic adventure! Setting off on a journey to become the very best, Satoshi and Pikachu travel across beautiful, sprawling regions with their friends Kasumi, a Water-type trainer, and Takeshi, a Rock-type trainer. But danger lurks around every corner. The infamous Team Rocket is always nearby, seeking to steal powerful Pokémon through nefarious schemes. It'll be up to Satoshi and his friends to thwart their efforts as he also strives to earn the eight Pokémon Gym Badges he'll need to challenge the Pokémon League, and eventually claim the title of Pokémon Master. [Written by MAL Rewrite]","['Sequel (TV) Pokemon Advanced Generation', 'Adaptation (Manga) Satoshi to Pikachu', 'Adaptation (Manga) Dengeki! Pikachu', '']",Pokemon,Pokémon,Pokémon,Pokémon,,,
34,"Yugioh, Yu-Gi-Oh!, Yu-Gi-Oh!: Duel Monsters, Yugioh: Duel Monsters, Yu-Gi-Oh! Duel Monsters",遊☆戯☆王　デュエルモンスターズ,Yu-Gi-Oh!,['TV'],224,Finished Airing,"Apr 18, 2000 to Sep 29, 2004",['Spring 2000'],Tuesdays at 19:28 (JST),"['Nihon Ad Systems', 'Shueisha']",['Konami'],['Gallop'],['Manga'],"['Action', 'Adventure', 'Fantasy']",['Strategy Game'],['Shounen'],23 min. per ep.,PG-13 - Teens 13 or older,7.50,#1978,#603,"412,191","5,011",259903,"Yuugi Mutou is a naïve and lonely high school student who is fascinated by games. While staying with his grandfather, the owner of a game shop, he comes across an ancient Egyption relic known as the ""Millennium Puzzle."" Rumored to grant any wish to those who solve the Puzzle, Yuugi becomes determined to solve it to wish for some friends. After years of struggling, Yuugi manages to complete the puzzle and mysteriously finds that his wish has been fulfilled. Meanwhile, a new card game known as ""Duel Monsters"" starts rising in popularity. In this game, players called duelists fight against each other with ""monsters"" by using magic and trap cards to foil their opponent's plans. Yuugi quickly becomes skilled at the game and lives a peaceful life with his newfound friends. However, Yuugi's peace is short-lived. The undefeated duelist and egocentric billionaire Seto Kaiba suddenly abducts Yuugi's grandfather, forcing him to duel against the rare ""Blue Eyes White Dragon'' card. Yuugi is thrown into a new world of fierce battles and the stakes continue to rise as dark forces interfere from the shadows. After unexpectedly defeating Kaiba with the help of his ""other self""—the spirit of a nameless pharaoh—contained in the puzzle, he unofficially becomes the top duelist known as ""The King of Games."" However, this new title will attract covetousness and Yuugi will have to use all his intelligence and willpower in order to protect what he holds the dearest to him. [Written by MAL Rewrite]","['Prequel (TV) Yu☆Gi☆Oh!', 'Sequel (TV) Yu☆Gi☆Oh! Duel Monsters GX', 'Sequel (Movie) Yu☆Gi☆Oh! The Dark Side of Dimensions', 'Adaptation (Manga) Yu☆Gi☆Oh!']",Yu☆Gi☆Oh! Duel Monsters,,,Yu-Gi-Oh!,,,
35,Detective Conan,名探偵コナン,Case Closed,['TV'],Unknown,Currently Airing,"Jan 8, 1996 to ?",['Winter 1996'],Saturdays at 18:00 (JST),"['Yomiuri Telecasting', 'Shogakukan', 'Audio Planning U', 'Tokyo Movie', 'Polydor Records']","['Funimation', 'Crunchyroll']",['TMS Entertainment'],['Manga'],"['Adventure', 'Comedy', 'Mystery']",['Detective'],['Shounen'],24 min.,PG-13 - Teens 13 or older,8.17,#435,#706,"360,890","15,328",164365,"Shinichi Kudou, a high school student of astounding talent in detective work, is well known for having solved several challenging cases. One day, when Shinichi spots two suspicious men and decides to follow them, he inadvertently becomes witness to a disturbing illegal activity. Unfortunately, he is caught in the act, so the men dose him with an experimental drug formulated by their criminal organization, leaving him to his death. However, to his own astonishment, Shinichi lives to see another day, but now in the body of a seven-year-old child. Perfectly preserving his original intelligence, he hides his real identity from everyone, including his childhood friend Ran Mouri and her father, private detective Kogorou Mouri. To this end, he takes on the alias of Conan Edogawa, inspired by the mystery writers Arthur Conan Doyle and Ranpo Edogawa. Shinichi, as Conan, starts secretly solving the senior Mouri's cases from behind the scenes with his still exceptional sleuthing skills, while covertly investigating the organization responsible for his current state, hoping to reverse the drug's effects someday. [Written by MAL Rewrite]","['Adaptation (Manga) Meitantei Conan', '']",Meitantei Conan,Case Closed,,,,,
36,"TeniPuri, PoT",テニスの王子様,The Prince of Tennis,['TV'],178,Finished Airing,"Oct 10, 2001 to Mar 23, 2005",['Fall 2001'],Wednesdays at 19:00 (JST),"['Production I.G', 'TV Tokyo', 'Nihon Ad Systems']","['Funimation', 'VIZ Media']",['Trans Arts'],['Manga'],,['School'],['Shounen'],22 min. per ep.,PG-13 - Teens 13 or older,7.85,#920,#1341,"190,926","3,041",86558,"At the request of his father, tennis prodigy Ryouma Echizen has returned from America and is ready to take the Japanese tennis scene by storm. Aiming to become the best tennis player in the country, he enrolls in Seishun Academy—home to one of the best middle school tennis teams in Japan. After Ryouma catches the captain's eye, he finds himself playing for a spot on the starting lineup in the intra-school ranking matches despite only being a freshman. Due to his age, the rest of the Seishun Boys' Tennis Team are initially reluctant to accept him, but his skill and determination convinces them to let him in. Armed with their new ""super rookie,"" Seishun sets out to claim a spot in the National Tournament, hoping to take the coveted title for themselves. In order to do so, the team must qualify by playing through the Tokyo Prefectural and Kanto Regionals. Yet, the road ahead of them is shared by a plethora of strong schools, each playing tennis in unique ways for their own reasons. Ryouma and his teammates must learn to cooperate if they want to become the champions they aspire to be. [Written by MAL Rewrite]","['Sequel (OVA) Tennis no Oujisama: Zenkoku Taikai-hen', 'Adaptation (Manga) Tennis no Oujisama']",Tennis no Oujisama,,,The Prince of Tennis,,['Sports'],
37,,プリンセスチュチュ,Princess Tutu,['TV'],38,Finished Airing,"Aug 16, 2002 to May 23, 2003",['Summer 2002'],Fridays at 20:30 (JST),"['Memory-Tech', 'GANSIS', 'Marvelous AQL', 'Omnibus Promotion']","['ADV Films', 'Sentai Filmworks']",['HAL Film Maker'],Original,"['Drama', 'Mystery', 'Romance']",,,16 min. per ep.,PG-13 - Teens 13 or older,8.14,#472,#1432,"176,466","5,207",68336,"In a fairy tale come to life, the clumsy, sweet, and gentle Ahiru seems like an unlikely protagonist. In reality, Ahiru is just as magical as the talking cats and crocodiles that inhabit her town—for Ahiru really is a duck! Transformed by the mysterious Drosselmeyer into a human girl, Ahiru soon learns the reason for her existence. Using her magical egg-shaped pendant, Ahiru can transform into Princess Tutu—a beautiful and talented ballet dancer whose dances relieve people of the turmoil in their hearts. With her newfound ability, Ahiru accepts the challenge of collecting the lost shards of her prince's heart, for long ago he had shattered it in order to seal an evil raven away for all eternity. Princess Tutu is a tale of heroes and their struggle against fate. Their beliefs, their feelings, and ultimately their actions will determine whether this fairy tale can reach its ""happily ever after."" [Written by MAL Rewrite]","['Adaptation (Manga) Princess Tutu', '']",Princess Tutu,,,Princesse Tutu,"['Anthropomorphic', 'Love Polygon', 'Mahou Shoujo', 'Performing Arts']",,
38,Digimon Season Four,デジモンフロンティア,Digimon Frontier,['TV'],50,Finished Airing,"Apr 7, 2002 to Mar 30, 2003",['Spring 2002'],Sundays at 09:00 (JST),"['Yomiko Advertising', 'Fuji TV']",['Flatiron Film Company'],['Toei Animation'],Original,"['Action', 'Adventure', 'Comedy', 'Drama', 'Fantasy']",['Isekai'],,23 min. per ep.,PG - Children,7.16,#3590,#1559,"161,613",611,99409,"With five new kids and an exciting new mission in the Digital World, Digimon Frontier brings back all the great action and adventure of the last three seasons. Takuya, Kouji, Izumi, Junpei. and Tomoki meet each other in a train that takes them to the Digital World where a war against evil is being fought. The Angel digimon, Cherubimon, one of The three angels sent to save the World from the power-hungry Lucemon, has turned to the dark side and the entire Digital World is in peril. To fight this great battle, the five CHOSEN ONES must find the Densetsu no Spirit (Legendary Spirit).","['Adaptation (Manhua) Digimon Frontier', '']",Digimon Frontier,,Digimon 4 Frontier,,,,
39,,東京ミュウミュウ,Mew Mew Power,['TV'],52,Finished Airing,"Apr 6, 2002 to Mar 29, 2003",['Spring 2002'],Saturdays at 08:00 (JST),"['TV Aichi', 'Tokyu Agency', ""We've Inc.""]",['4Kids Entertainment'],['Pierrot'],['Manga'],"['Romance', 'Sci-Fi']",['Mahou Shoujo'],['Shoujo'],24 min. per ep.,PG-13 - Teens 13 or older,7.10,#3886,#1561,"161,451","1,708",77315,"Ichigo Momomiya expected her date with her crush, Masaya Aoyama, to have a more romantic ending than her falling asleep after she sees a vision of a cat entering her body. Things get even stranger when, the next day, she begins displaying cat-like behaviors such as an intense craving for fish. When Masaya is attacked by a monster, she discovers that she is able to transform into the cat-eared magical girl, Mew Ichigo. After she saves Masaya, two researchers named Ryou Shirogane and Keiichiro Akasaka approach her and reveal they had injected her with Iriomote Cat DNA in order to create a magical girl that can save the world from aliens. Ichigo is tasked with fighting these monsters, but saving the world proves to be just too much for Ichigo to handle by herself. Fortunately, she learns that there are four other girls just like her, and now, Ichigo must find them quickly before the aliens completely take over the planet. [Written by MAL Rewrite]","['Adaptation (Manga) Tokyo Mew Mew Read Manga', '']",Tokyo Mew Mew,,,Mew Mew Power,,,
40,"12 Kingdoms, Juuni Kokki",十二国記,The Twelve Kingdoms,['TV'],45,Finished Airing,"Apr 9, 2002 to Aug 30, 2003",['Spring 2002'],Unknown,"['NHK', 'Sogo Vision']","['Media Blasters', 'Discotek Media']",['Pierrot'],Novel,"['Action', 'Adventure', 'Fantasy']",['Isekai'],,25 min. per ep.,PG-13 - Teens 13 or older,8.01,#649,#1560,"161,562","2,566",47626,"Youko Nakajima has only ever wanted to be normal. She does what she is asked, gets good grades, is the class president, and even helps her classmates whenever she can—but because of her red hair, she has never fit in. With her pushover attitude, Youko lets classmates take advantage of her, so she has nobody she can really call a friend. But on an otherwise ordinary day, a man who claims to be from another world barges into Youko's classroom and bows before her. This elegant blond-haired man, Keiki, claims that Youko is his master and belongs on the throne of his kingdom. However, their first meeting is cut short as Keiki has been followed by otherworldly beasts called youma. He is able to escape with Youko into his own realm, but two other classmates—Ikuya Asano and Yuka Sugimoto—are caught up in the madness as well. Unfortunately, their troubles have only just begun, as the youma attack leaves them separated from Keiki. Alone in this strange new land, these ordinary students must learn to fend for themselves or die. [Written by MAL Rewrite]","['Adaptation (Light Novel) Juuni Kokuki', '']",Juuni Kokuki,The Twelve Kingdoms,Doce Reinos,Les 12 Royaumes,,,
41,Hikaru's Go,ヒカルの碁,Hikaru no Go,['TV'],75,Finished Airing,"Oct 10, 2001 to Mar 26, 2003",['Fall 2001'],Unknown,"['TV Tokyo', 'Dentsu', 'Dream Force']",['VIZ Media'],['Pierrot'],['Manga'],"['Comedy', 'Drama', 'Supernatural']",,['Shounen'],23 min. per ep.,PG-13 - Teens 13 or older,8.07,#566,#1701,"143,557","2,477",65028,"While searching through his grandfather's attic, Hikaru Shindou stumbles upon an old go board. Touching it, he is greeted by a mysterious voice, and soon after falls unconscious. When he regains his senses, he discovers that the voice is still present and belongs to Fujiwara no Sai, the spirit of an ancient go expert. A go instructor for the Japanese Emperor in the Heian Era, Sai's passion for the game transcends time and space, allowing him to continue playing his beloved game as a ghostly entity. Sai's ultimate goal is to master a divine go technique that no player has achieved so far, and he seeks to accomplish this by playing the board game through Hikaru. Despite having no interest in board games, Hikaru reluctantly agrees to play, executing moves as instructed by Sai. However, when he encounters the young go prodigy Akira Touya, a passion for the game is slowly ignited within him. Inspired by his newfound rival, Hikaru's journey into the world of go is just beginning. [Written by MAL Rewrite]","['Sequel (Special) Hikaru no Go: Hokuto Hai e no Michi', 'Adaptation (Manga) Hikaru no Go']",Hikaru no Go,,,,"['School', 'Strategy Game']",,
42,WHR,Witch Hunter ROBIN (ウイッチハンターロビン),Witch Hunter Robin,['TV'],26,Finished Airing,"Jul 3, 2002 to Dec 25, 2002",['Summer 2002'],Wednesdays at 01:25 (JST),"['Bandai Visual', 'Dentsu', 'Victor Entertainment']","['Funimation', 'Bandai Entertainment']",['Sunrise'],Original,"['Action', 'Drama', 'Mystery', 'Supernatural']",['Detective'],,25 min. per ep.,PG-13 - Teens 13 or older,7.24,#3150,#1927,"121,899",665,45088,"Though hidden away from the general public, Witches—those with supernatural powers—have always existed in human societies. Neither numerous nor inherently evil, Witches are nonetheless capable of creating disorder by misusing their powers for criminal means. The task of solving supernatural crimes falls outside of the jurisdiction of normal authorities and is instead handled by the Solomon organization. Having finished her training in Italy, Robin Sena transfers to Solomon's local Japanese branch, STNJ. Possessing powerful pyrokinetic abilities, she is herself a Witch, putting her at odds with STNJ's methods of dealing with rogue Witches. In particular, Robin opposes the use of an elixir called Orbo, which can weaken or even neutralize a Witch's powers. If Robin wants to find her place within the organization, she must find a way to navigate the internal politics of Solomon while also handling the threat of hostile Witches—but both seem to be dangerous for very different reasons. [Written by MAL Rewrite]",[],Witch Hunter Robin,,,,,,
43,"Full Moon o Sagashite, Mangetsu wo Sagashite",満月をさがして,Searching for the Full Moon,['TV'],52,Finished Airing,"Apr 6, 2002 to Mar 29, 2003",['Spring 2002'],Saturdays at 07:30 (JST),"['TV Tokyo', 'Nihon Ad Systems']","['VIZ Media', 'AnimEigo']",['Studio Deen'],['Manga'],"['Comedy', 'Drama', 'Romance', 'Supernatural']",,['Shoujo'],24 min. per ep.,PG-13 - Teens 13 or older,7.93,#775,#2047,"113,186","1,868",49081,"Two years ago, Mitsuki Kouyama's friend, Eichi Sakurai, moved to America before she could confess her feelings to him. Though she cannot contact him, they made a promise to fulfill their respective dreams: Mitsuki wants to become a professional singer, and Eichi an astronomer. She hopes that one day her music will reach him across the world with a brilliance like that of the full moon. There is just one catch: Mitsuki suffers from throat cancer, which makes her voice quiet and singing strenuous. Her grandmother, who has a hatred of music, insists that Mitsuki undergo surgery to remove the cancer, but she refuses due to the risk of losing her voice. One day, two shinigami—Meroko Yui and Takuto Kira—appear to tell her that she only has one year left to live. This sudden revelation spurs Mitsuki into action, and she decides that with Meroko and Takuto's help, she will become a professional singer in the time she has left. Full Moon wo Sagashite follows the emotional story of Mitsuki and her shinigami friends as they discover what it means to sing—and ultimately, what it means to live. [Written by MAL Rewrite]","['Adaptation (Manga) Full Moon wo Sagashite', '']",Full Moon wo Sagashite,,,,"['Music', 'Showbiz']",,
44,"Big O Roger, Big O",THEビッグオー,The Big O,['TV'],26,Finished Airing,"Oct 13, 1999 to Mar 27, 2003",['Fall 1999'],Unknown,['Bandai Visual'],"['Bandai Entertainment', 'Sentai Filmworks']",['Sunrise'],Original,"['Action', 'Mystery', 'Sci-Fi']",,,24 min. per ep.,PG-13 - Teens 13 or older,7.53,#1863,#2202,"101,843","1,013",39646,"Paradigm City, a city of amnesia and a place of belonging. It remains populated by forgotten pasts and the ruins of their labors due to a calamity 40 years ago. Shrouded in a fog-like mystery, it is up to people like Roger Smith to shine a light through the mist. Acting as a professional negotiator and suave agent, Roger is a self-tailored ladies man whose only love is for funeral black. However, as he gets deeply involved with his clients, what often starts as a simple negotiation evolves into Roger saving Paradigm from crime and peril. In the process, Roger stumbles even deeper into the untold folds of the city. As a rule, things are hardly ever as they appear. Serving as gray knight in a gray world, Roger is not without allies. By his side are Norman, a loyal and widely skilled butler, and Dorothy, a human-like android with deadpan snark. Together with the relic Big O, a jet-black mecha of gargantuan size and weight, they help Roger serve iron justice to Paradigm's lurking villains as he discovers the truth about 40 years ago. [Written by MAL Rewrite]","['Adaptation (Manga) The Big O', '']",The Big O,,,,"['Adult Cast', 'Mecha', 'Psychological']",,
45,,クレヨンしんちゃん,Shin Chan,['TV'],Unknown,Currently Airing,"Apr 13, 1992 to ?",['Spring 1992'],Fridays at 19:30 (JST),['TV Asahi'],['Funimation'],['Shin-Ei Animation'],['Manga'],"['Comedy', 'Ecchi']",['School'],['Seinen'],21 min.,G - All Ages,7.80,#1030,#2402,"88,093","1,330",42200,"There is no such thing as an uneventful day in the life of kindergartener Shinnosuke ""Shin-chan"" Nohara. The five-year-old is a cut above the most troublesome, perverted, and shameless kid one can imagine. Shin-chan is almost always engaged in questionable activities such as forgetting about a friend during hide and seek, sumo wrestling for love, performing various gags including the notorious ""elephant"" in public, and flirting with college girls. The exemplary troublemaker has done it all and has no plans to stop anytime soon. Crayon Shin-chan follows the daily shenanigans of Shin-chan with his group of friends, parading around as the self-proclaimed ""Kasukabe Defense Force."" The adults witnessing these shenanigans unfold can't help but adore Shin-chan, as he keeps them entertained while unintentionally solving their daily troubles through his mindless antics—leaving himself as the only problem they do not know what to do with. [Written by MAL Rewrite]","['Adaptation (Manga) Crayon Shin-chan', '']",Crayon Shin-chan,Shin Chan,Shin Chan,,,,
46,Beyblade 2002,爆転シュート　ベイブレード2002,Beyblade V-Force,['TV'],51,Finished Airing,"Jan 7, 2002 to Dec 30, 2002",['Winter 2002'],Mondays at 18:00 (JST),"['TV Tokyo', 'd-rights']","['Nelvana', 'Discotek Media']",['Nippon Animation'],['Manga'],"['Action', 'Adventure', 'Comedy', 'Sci-Fi']",,['Shounen'],21 min. per ep.,PG - Children,6.74,#5661,#2748,"70,911",123,44404,"The Bladebreakers have to join forces once again because a mysterious group under the lead of Oozuma has defeated them, but the real enemy is not Oozuma. The real threath is formed by a group of people who use cyber-BitBeasts to capture the original ones from the Bladebreakers. (Source: ANN)","['Prequel (TV) Bakuten Shoot Beyblade', 'Sequel (TV) Bakuten Shoot Beyblade G Revolution']",Bakuten Shoot Beyblade 2002,,Beyblade Vforce,,,,
47,,ドラえもん,Doraemon,['TV'],1787,Finished Airing,"Apr 2, 1979 to Mar 18, 2005",['Spring 1979'],Fridays at 19:00 (JST),"['TV Asahi', 'Asatsu DK']","None found,",['Shin-Ei Animation'],['Manga'],"['Adventure', 'Comedy', 'Fantasy', 'Sci-Fi']",['Anthropomorphic'],,11 min. per ep.,PG - Children,7.86,#898,#2835,"67,030",669,39827,"Nobita Nobi is a normal fourth grade student. This all changes, however, when a blue robotic cat appears from his desk drawer. Calling himself Doraemon, this robot tells Nobita that his future descendants from the 22nd century live in poverty because of all the mistakes he made. Therefore, they have sent Doraemon to serve as a guide and mentor to Nobita, so that their future may change for the better. What Doraemon comes to learn, though, is that Nobita is the weakest and laziest student in the whole school. To assist in his quest, Doraemon has a four-dimensional pocket with him, in which he keeps various machines and gadgets from the future. Unfortunately, these often result in even more trouble for Nobita. Will Doraemon really be able to achieve his mission of changing Nobita, or will he remain as he is? [Written by MAL Rewrite]","['Prequel (TV) Doraemon', 'Sequel (TV) Doraemon (2005)', 'Adaptation (Manga) Doraemon', '']",Doraemon (1979),,Doraemon,,,,"['Kids', 'Shounen']"
48,"Tottoko Hamtaro Dechu, Tottoko Hamutaro",とっとこハム太郎,Hamtaro,['TV'],296,Finished Airing,"Jul 7, 2000 to Mar 31, 2006",['Summer 2000'],Fridays at 18:30 (JST),"['TV Tokyo', 'Half H.P Studio']",['VIZ Media'],['TMS Entertainment'],['Manga'],"['Adventure', 'Comedy']",['Anthropomorphic'],['Kids'],25 min. per ep.,G - All Ages,7.01,#4330,#2951,"62,641",280,30616,"He's small, fluffy, and absolutely adorable: Hamtarou is one perfect little hamster! After moving to a new house with his owner, 5th grader Hiroko Haruna, Hamtarou discovers other hamsters and quickly makes friends. The group of hamster explorers call themselves the Ham-Hams, and there's nowhere they won't go. The Ham-Hams go on crazy adventures all around the city while their owners are away, visiting everything from plays to magical lands of candy. Meanwhile, the humans face their own dramas.. Hamtarou meets a huge cast of different personalities, gets himself into—and out of—some pretty tight spots, and even helps Hiroko and her friends out more than once. Through it all, he never stops being unbearably cute. It's Hamtarou time!","['Sequel (TV) Tottoko Hamtarou Hai!', 'Adaptation (Manga) Hamtaro']",Tottoko Hamtarou,Hamtaro,Hamtaro,Hamtaro,,,
49,,SAMURAI DEEPER KYO,Samurai Deeper Kyo,['TV'],26,Finished Airing,"Jul 2, 2002 to Dec 24, 2002",['Summer 2002'],Tuesdays at 01:55 (JST),['Starchild Records'],"['Media Blasters', 'NYAV Post']",['Studio Deen'],['Manga'],"['Action', 'Adventure', 'Comedy', 'Supernatural']",,['Shounen'],24 min. per ep.,PG-13 - Teens 13 or older,6.89,#4851,#3065,"58,325",204,27086,"In the year 1600, at the fog-covered battlefield of Sekigahara, a fierce battle was waged by two exemplary swordsmen. One was Kyoushirou Mibu, a skilled and noble warrior in possession of the unique powers of the Mibu Clan. The other was the thousand-man slayer, with eyes and hair the color of blood, ""Demon Eyes"" Kyou. Their legendary clash was cut short when a meteor from the heavens fell down upon that battlefield, leaving both to vanish in its wake. Samurai Deeper Kyou begins four years after that battle, when a gun-wielding bounty hunter by the name of Yuya Shiina hunts down Kyoushirou—now a perverted, traveling medicine-man who has built up a large debt. On her way to claim his bounty, they are attacked by an inhuman monster that seeks to devour Kyoushirou. This encounter awakens ""Demon Eyes"" Kyou, whose mind has been trapped inside of Kyoushirou's body ever since that fateful battle. Thus begins a grand tale of legendary two swordsmen and the discovery of their secrets.","['Adaptation (Manga) Samurai Deeper Kyou', '']",Samurai Deeper Kyou,,,Samurai Deeper Kyo,"['Historical', 'Samurai']",,
50,"Rockman EXE, MegaMan: NT Warrior",ロックマン エグゼ,MegaMan NT Warrior,['TV'],56,Finished Airing,"Mar 4, 2002 to Mar 31, 2003",['Spring 2002'],Mondays at 18:30 (JST),"['TV Tokyo', 'Nihon Ad Systems', 'Half H.P Studio', 'Shogakukan Productions']",['VIZ Media'],['Xebec'],Game,"['Action', 'Adventure', 'Comedy', 'Sci-Fi']",['Video Game'],,21 min. per ep.,PG-13 - Teens 13 or older,6.91,#4767,#3704,"41,296",152,20633,"In the year of 20XX, a young boy by the name of Netto Hikari receives a very special gift as he enters the 5th grade. His very own customized net navi, Rockman! Despite Rockman's small size and far more responsible personality, the two boys quickly become the best of friends. A net navi is designed to guide his operator from the inside of his or her PErsonal Terminal, or simply PET for short. Children and adults alike enjoy friendly ""Net Battles"", where they spar their navis against each other to prove their worth. (Source: Official Site)","['Sequel (TV) Rockman.EXE Axess', 'Adaptation (Manga) Rockman EXE', 'Adaptation (Manga) Battle Story Rockman.EXE', '']",Rockman.EXE,MegaMan: NT Warrior Einklinken!,,Megaman NT Warrior,,,
51,,サイボーグ009 THE CYBORG SOLDIER,Cyborg 009,['TV'],50,Finished Airing,"Oct 14, 2001 to Oct 13, 2002",['Fall 2001'],Unknown,"['TV Tokyo', 'Shaft', 'Avex Entertainment', ""Brain's Base""]","['Sony Pictures Entertainment', 'Discotek Media']",['Japan Vistec'],['Manga'],"['Action', 'Adventure', 'Sci-Fi']",,['Shounen'],24 min. per ep.,PG-13 - Teens 13 or older,7.25,#3092,#3943,"36,093",192,13416,"Skull, the evil leader of the terrorist organization known as Black Ghost, has nine powerful cyborgs under his control. But Dr. Isaac Gilmore, the Black Ghosts cybernetics scientist, decides to go rogue, helping the cyborgs turn against Skull and his evil organization. Black Ghost wishes to start the next major world war by flooding the market with weapons of mass destruction. It seems the nine brave cyborgs have their work cut out for them, as Black Ghost is determined to bring those nine cyborgs down.","['Sequel (Special) Cyborg 009: The Cyborg Soldier - Kami no Ubugoe', 'Adaptation (Manga) Cyborg 009']",Cyborg 009: The Cyborg Soldier,,,,,,
52,"Hoshi no Kirby, Kirby of the Stars",星のカービィ,Kirby: Right Back at Ya!,['TV'],100,Finished Airing,"Oct 6, 2001 to Sep 27, 2003",['Fall 2001'],Saturdays at 19:30 (JST),"['CBC Television', 'Nintendo']",['4Kids Entertainment'],['Studio Sign'],Game,"['Action', 'Adventure', 'Comedy', 'Fantasy']",['Parody'],,24 min. per ep.,PG - Children,6.92,#4734,#3956,"35,881",370,18022,"A diminutive pink creature orbiting in space called ""Kirby"" crash lands into Dream Land. Once getting acquainted with the citizens who live there in Cappy Town, he begins to defend the town from the monsters that King Dedede, the self-proclaimed ruler of Cappy Town, orders from the evil Nightmare Enterprises. (Source: ANN)",[],Hoshi no Kirby,,,,,,
53,,天使な小生意気,Cheeky Angel,['TV'],50,Finished Airing,"Apr 7, 2002 to Mar 30, 2003",['Spring 2002'],Saturdays at 00:45 (JST),['TV Tokyo'],"None found,",['TMS Entertainment'],['Manga'],"['Comedy', 'Romance']",['Magical Sex Shift'],['Shounen'],24 min. per ep.,PG-13 - Teens 13 or older,7.42,#2275,#4335,"29,568",153,10445,Megumi-chan is a girl with a secret past. She used to be a boy until she met a person she thought was a magic user. This person gave him/her a magical book from which a genie appears to grant one wish when blood is applied to it. Megumi made the wish to be a man in a man's body but the genie has a twist: he grants wishes backwards so he turns Megumi-kun aged 9 to Megumi-chan. Years pass and Megumi enters High School where she immediately beats up the school bully who of course falls in love with her. She is looking for that book again to be able to reverse the spell placed upon her. (Source: ANN),"['Adaptation (Manga) Tenshi na Konamaiki', '']",Tenshi na Konamaiki,,,,,,
54,,りぜるまいん,,['TV'],24,Finished Airing,"Apr 3, 2002 to Dec 22, 2002",['Spring 2002'],Unknown,['m.o.e.'],"None found,","['Madhouse', 'Imagin']",['Manga'],"['Comedy', 'Romance', 'Sci-Fi', 'Ecchi']",['School'],,15 min. per ep.,R+ - Mild Nudity,6.50,#7107,#4580,"26,447",50,11091,"Iwaki Tomonori is an average 15-year-old boy who likes older women. He happens to have a crush on his teacher, but soon thereafter, learns she has become engaged. He heads home brokenhearted, only to find a 12-year-old girl named Rizel at his home, who he learns the Japanese government has married him to against his will. Furthermore, he learns Rizel is no ordinary girl; she is a biochemically engineered human, and her creators (her ""papa""s, as they are often referred to) promise to waive multiple bills of Iwaki's parents in exchange to be allowed to stay at their house, and thus Iwaki's life with Rizel begins.","['Adaptation (Manga) Rizelmine', '']",Rizelmine,,,,,,
55,,ドラゴンドライブ,Dragon Drive,['TV'],38,Finished Airing,"Jul 4, 2002 to Mar 27, 2003",['Summer 2002'],Thursdays at 18:00 (JST),"['Bandai Visual', 'Nihon Ad Systems', 'TV Tokyo Music']",['Bandai Entertainment'],['Madhouse'],['Manga'],"['Action', 'Adventure', 'Fantasy', 'Sci-Fi']",['Isekai'],['Shounen'],23 min. per ep.,PG - Children,6.69,#5941,#4742,"24,245",57,10090,"If there's one word to describe Reiji Ozora, it would be ""quitter."" He can never find the motivation to finish anything, and loses interest at the drop of a hat. This all changes when his best friend Maiko introduces him to the new game ""Dragon Drive."" In this virtual reality game, each player is assigned a dragon tailored to match their personality and strength. Reiji hopes for a big, strong, scary beast, but instead, he is stuck with Chibi, a cute, friendly-looking dragon smaller than he is. How disappointing—except it turns out that Chibi is the rarest dragon of them all! Reiji finally discovers something he can remain interested in, and works hard to train both himself and his newfound friend. Soon this training will be put to use to save the world, for there are people who have dark aspirations for Dragon Drive!","['Adaptation (Manga) Dragon Drive', '']",Dragon Drive,,,,,,
56,"Milmo de Pon!, Mirmo!, Wagamama Fairy Milmo De Pon!, Selfish fairy: Mirumo de Pon!, Selfish Fairy Mirumo de Pon!, Wagamama Fairy Mirumo de Pon! Golden, Wagamama Fairy Mirumo de Pon! Wonderful, Wagamama Fairy Mirumo de Pon! Charming",わがまま☆フェアリー ミルモでポン!,Mirmo Zibang!,['TV'],172,Finished Airing,"Apr 6, 2002 to Sep 27, 2005",['Spring 2002'],Unknown,"['Trinity Sound', 'Shogakukan Productions']",['VIZ Media'],['Studio Hibari'],['Manga'],"['Adventure', 'Comedy', 'Drama', 'Fantasy', 'Romance']",['School'],['Shoujo'],21 min. per ep.,G - All Ages,7.30,#2839,#5032,"21,100",137,9263,"Kaede is a cheerful and energetic eighth grader. When it comes to boys, however, she is hopelessly shy. One day, on her way home from school, Kaede walks into a mysterious shop and buys a colorful cocoa mug. When she reaches home, she casually peeks into the bottom of the mug and discovers an engraved note, which says, ""If you read this message aloud while pouring hot cocoa into the mug, a love fairy (""muglox"") will appear and grant your every wish."" The skeptical but curious Kaede follows the directions and announces her wish to date Yuuki, the class heartthrob. Suddenly, the adorable blue Mirumo appears! We soon find out, however, that this cute little muglox would rather eat chocolate and create mischief than help Kaede. Mirumo, it seems, is prince of the muglox world. Horrified at the prospect of having to marry Rirumu, his princess bride-to-be, Mirumo has escaped the muglox world. Hot on his heels, however, are Rirumu, Yashichi the bounty hunter, and a cast of hundreds of muglox ranging from the good to the bad to the nutty. This gang of adorable troublemakers will see to it that school life for Kaede and her friends is never the same... (Source: mirmo-zibang)","['Adaptation (Manga) Mirumo de Pon!', '']",Wagamama☆Fairy Mirumo de Pon!,,,Mirmo!,,,
57,"Kochikame, This is the Police Station in Front of Kameari Park in Katsushika Ward, Kochira Katsushikaku Kameari Kouenmae Hashutsujo (1996)",こちら葛飾区亀有公園前派出所 (1996),,['TV'],373,Finished Airing,"Jun 16, 1996 to Dec 19, 2004",['Summer 1996'],Sundays at 19:00 (JST),"['Asatsu DK', 'Fuji TV']","None found,",['Gallop'],['Manga'],,,['Shounen'],25 min. per ep.,PG-13 - Teens 13 or older,7.78,#1083,#5111,"20,333",197,7455,"Ryoutsu, being an underpaid policeman, is always coming up with underhanded schemes in order to make a quick buck. But in the end, his plans (which are ridiculous to begin with) always go wrong and land him in big trouble with the chief.","['Adaptation (Manga) Kochira Katsushikaku Kameari Kouenmae Hashutsujo', '']",Kochira Katsushikaku Kameari Kouenmae Hashutsujo,,Kochikame,,"['Adult Cast', 'Detective', 'Gag Humor']",['Comedy'],
58,"Kinnikuman Nisei, Kinnikuman Second Generations, Ultimate Muscle: The Kinnikuman Legacy",キン肉マンII世,Ultimate Muscle,['TV'],51,Finished Airing,"Jan 9, 2002 to Dec 25, 2002",['Winter 2002'],Wednesdays at 18:00 (JST),"['TV Tokyo', 'Yomiko Advertising']","['4Kids Entertainment', 'Discotek Media']",['Toei Animation'],['Manga'],"['Comedy', 'Sci-Fi', 'Sports']",['Combat Sports'],,24 min. per ep.,PG-13 - Teens 13 or older,6.91,#4756,#5270,"18,786",70,9631,"Kinnikuman II Sei takes place several years after the events of the original Kinnikuman. Mantarou Kinniku is the 59th prince of Planet Kinniku and son of the renowned wrestler, King Suguru. Lazy, immature, and cowardly, Mantarou seems to have little in common with his heroic father. When a powerful group calling themselves the dMP threatens the Earth, only someone as powerful as Kinnikuman stands a chance against them. Not knowing the current whereabouts of the King, a plan is formed to have his son Mantarou take up the mantle. The idea of fighting super villains does not sit well with Mantarou, who initially runs away from his duty. He flees to Earth where he encounters Meat, his father’s old trainer. Despite Mantarou's shortcomings, Meat sees King Suguru in him, and believes he can set the prince on the right path. Thus begins Mantarou's journey to better himself and save the world.","['Prequel (TV) Kinnikuman: Kanpeki Chоujin Shiso-hen Season 2', 'Sequel (TV) Kinnikuman II Sei: Ultimate Muscle', 'Adaptation (Manga) Kinnikuman II-sei', '']",Kinnikuman II Sei,,,,,,
59,Useless Witch Doremi Kaboom!,おジャ魔女どれみドッカ〜ン！,,['TV'],51,Finished Airing,"Feb 3, 2002 to Jan 26, 2003",['Winter 2002'],Sundays at 08:30 (JST),['Asahi Broadcasting'],"None found,",['Toei Animation'],Original,,['Mahou Shoujo'],,24 min. per ep.,G - All Ages,7.73,#1223,#5276,"18,737",304,8431,"Hana now becomes a peer of the Ojamajo. When Majotourbillon's spirit revives, the witches now have to break her curse. From the help from Pao-chan, Doremi, Hana, and the other witches are able to defeat the curses. (Source: ANN)","['Prequel (TV) Motto! Ojamajo Doremi', '']",Ojamajo Doremi Dokkaan!,,,,,['Comedy'],
60,,ホイッスル！,,['TV'],39,Finished Airing,"May 6, 2002 to Feb 3, 2003",['Spring 2002'],Unknown,['Marvelous Entertainment'],"None found,",['Studio Comet'],['Manga'],,,['Shounen'],24 min. per ep.,G - All Ages,7.36,#2536,#5669,"15,479",79,7317,"Kazamatsuri Shou's dream has always been to become a professional soccer player, but he has one problem: he's not very good at the game. He was accepted to the prestigious Musashi no Mori Junior High, known for its top rate soccer team, but he was never able to rise beyond the rank of third stringer. After transferring to Sakura Jousui Junior High, he can finally play soccer. And, with the support of his new friends and teammates, his strong determination, and lots of hard work, his soccer skills are developing rapidly and setting Shou well on his way to achieving his dream. (Source: ANN)","['Adaptation (Manga) Whistle!', '']",Whistle!,,,,"['School', 'Team Sports']",['Sports'],
61,Dante the Satan,魔王ダンテ,Demon Lord Dante,['TV'],13,Finished Airing,"Aug 31, 2002 to Nov 23, 2002",['Summer 2002'],Unknown,"['AT-X', 'Dynamic Planning']","['Discotek Media', 'Geneon Entertainment USA']",['Magic Bus'],['Manga'],"['Action', 'Horror', 'Supernatural']",['Mythology'],['Shounen'],24 min. per ep.,R+ - Mild Nudity,5.96,#10119,#6282,"11,901",13,4260,"While sleeping one night, Ryo Utsugi had a nightmare of monsters attacking him. One day he learns a mysterious power to let him hear voices and have visions of girls getting killed, but one night he hears the same voice. (Source: ANN)","['Adaptation (Manga) Maou Dante', '']",Maou Dante,,Demon Lord Dante,,,,
62,,サザエさん,Mrs. Sazae,['TV'],Unknown,Currently Airing,"Oct 5, 1969 to ?",['Fall 1969'],Sundays at 18:30 (JST),['Fuji TV'],"None found,",['Eiken'],['4-koma manga'],"['Comedy', 'Slice of Life']",,,24 min.,G - All Ages,6.14,#9129,#7129,"8,812",39,1938,"The main character is a mother named Sazae-san. She lives in a house with her husband, her kids and her parents. The show is the ultimate family program and tends to follow traditional themes. Think of this show as the Japanese equivalent to ""The Partridge Family"" and you'll get a good feel for this show's atmosphere. Don't expect to see things like violence, swearing, kung-fu action or magical girls. The plots are more like ""Today, Sazae-san goes to the new mall and gets lost"". Such ""boring"" plotlines and the simplistic art are often a turn-off to non-Japanese audiences, but most Japanese find the show incredibly good. As a result, it continues to be one of the top ratings grabbers on TV and is one of the few anime that is considered ""acceptable"" by adults. (Source: AniDB)","['Adaptation (Manga) Sazae-san', '']",Sazae-san,,,,,,
63,"Maidens of Morning Mist, Priestesses of the Morning Mist",朝霧の巫女,Shrine of the Morning Mist,['TV'],26,Finished Airing,"Jul 4, 2002 to Dec 26, 2002",['Summer 2002'],Unknown,"['Starchild Records', 'TV Tokyo Music', 'Shounen Gahousha']","['Media Blasters', 'NYAV Post']","['Chaos Project', 'GANSIS']",['Manga'],"['Action', 'Comedy', 'Supernatural']",['Mythology'],['Seinen'],12 min. per ep.,PG - Children,6.10,#9402,#7169,"8,674",6,2851,"Since childhood, Tadahiro Amatsu has two different-colored eyes - one brown and one light hazel. But because of a dark secret behind his left eye, he's become a target for the masked sorcerer Ayatara Miramune and his band of demons. To combat the demons appearing all over town, Yuzu Hieda, a priestess in training, recruits four other girls from her high school. Under the supervision of Yuzu's elder sister Kurako, the five young priestesses must undergo months of training to master their abilities. (Source: ANN)","['Adaptation (Manga) Asagiri no Miko', '']",Asagiri no Miko,,,Shrine Of The Morning Mist,,,
64,"Ninja Boy Rantaro, Rakudaii Nintama Rantarou",忍たま乱太郎,,['TV'],Unknown,Currently Airing,"Apr 10, 1993 to ?",['Spring 1993'],Not scheduled once per week,"['NHK', 'Sogo Vision', 'NHK Enterprises']","None found,","['Ajia-do', 'Gakken']",['Manga'],,,['Kids'],10 min.,G - All Ages,7.08,#4018,#7395,"8,014",77,2550,"Taking place in the Sengoku Period, Rantarou, Kirimaru and Shinbei are young students at Ninjutsu Academy, a school that teaches all kinds of youth how to become ninjas. Known as ""Nintamas"" (a contraction of ninja + tama [egg]), the main trio, and many other students at the school, must learn all sorts of unique skills to achieve their goal. Unfortunately, things aren't that simple, since our protagonists constantly find themselves failing their classes. With strict ninja teachers such as Doi-sensei and Yamada-sensei, the mischievous girls from the Kunoichi class, an entire crew of pirates and dozens more interesting characters, anything can happen in the crazy world of Nintama. The episodes are 7 minutes and thirty seconds long each, and each season (which there's currently 29 of) usually has a range of 60-90 episodes.","['Adaptation (Manga) Rakudai Ninja Rantarou', '']",Nintama Rantarou,,El Ninja Boy Rantaró,,,['Comedy'],
65,,激闘! クラッシュギアTURBO,,['TV'],68,Finished Airing,"Oct 7, 2001 to Jan 26, 2003",['Fall 2001'],Unknown,['Bandai Visual'],"None found,",['Sunrise'],Original,,,,25 min. per ep.,G - All Ages,6.84,#5127,#7496,"7,731",38,4196,After losing almost all their members the Tobita Crush Gear club is facing extinction. Kouya who dreams of being a Crush Gear Fighting Champion doesn't want to see the club become extinct and will do whatever he can to keep the club running and become a Cush Gear Champion.,"['Sequel (Movie) Gekitou! Crush Gear Turbo: Kaizabaan no Chousen', 'Adaptation (Manga) Gekitou! Crush Gear Turbo']",Gekitou! Crush Gear Turbo,Crush Gear Turbo,,,,['Sports'],
66,Maruko-chan,ちびまる子ちゃん,Little Miss Maruko,['TV'],Unknown,Currently Airing,"Jan 8, 1995 to ?",['Winter 1995'],Sundays at 18:00 (JST),"['Ajia-do', 'Fuji TV', 'Sakura Production']","None found,",['Nippon Animation'],['Manga'],,['School'],['Shoujo'],23 min.,G - All Ages,7.34,#2627,#7912,"6,780",62,2189,"Momoko Sakura is an elementary school student who likes popular idol Momoe Yamaguchi and mangas. She is often called ""Chibi Maruko-chan"" due to her young age and small size. She lives together with her parents, her grandparents and her elder sister in a little town. In school, she has many friends with whom she studies and plays together everyday, including her close pal, Tama-chan; the student committee members, Maruo-kun and Migiwa-san; and the B-class trio: 'little master' Hanawa-kun, Hamaji-Bu Taro and Sekiguchi-kun. This is a fun-loving and enjoyable anime that portrays the simple things in life. (Source: ANN)","['Prequel (TV) Chibi Maruko-chan', 'Adaptation (Manga) Chibi Maruko-chan']",Chibi Maruko-chan (1995),,Chibi Maruko-chan,,,['Comedy'],
67,"Di Gi Charat Panyo Panyo, DiGi Charat Panyo Panyo",ぱにょぱにょ　デ・ジ・キャラット,,['TV'],48,Finished Airing,"Jan 6, 2002 to Apr 3, 2003",['Winter 2002'],Unknown,['Broccoli'],"None found,",['Madhouse'],Unknown,,,,8 min. per ep.,G - All Ages,6.64,#6229,#8020,"6,548",14,2488,"Deijiko is the princess of the planet of Di Gi Charat. After reading a book, she is influenced to want to help everyone be happy. She leaves the castle and pretends to be a normal girl. She tries to make everyone happy by taking various jobs around the town and thereby making all sorts of new friends and inevitably, enemies. (Source: ANN)","['Sequel (TV) Di Gi Charat', '']",Panyo Panyo Di Gi Charat,,,,,['Comedy'],
68,,陸上防衛隊まおちゃん,Ground Defense Force! Mao-chan,['TV'],26,Finished Airing,"Jul 4, 2002 to Dec 26, 2002",['Summer 2002'],Thursdays at 02:35 (JST),"None found,",['Geneon Entertainment USA'],['Xebec'],Original,"['Comedy', 'Sci-Fi']",['Military'],['Kids'],12 min. per ep.,G - All Ages,6.33,#8103,#8198,"6,203",11,1890,"Mao Onigawara is a happy 8-year-old grade-schooler and the granddaughter of Chief of Staff of Ground Defense Force. Equipped with her cloverleaf-shaped badge which enables her to transform (but gives her no special power whatsoever), Mao and her best friends (granddaughters of Chief of Staff of Air and Marine Defense Force, respectively) will defend Japan against the invasion from ""cute aliens,"" who are way too cute to be dealt with by regular armed forces. (Source: ANN)","['Adaptation (Manga) Rikujou Bouei-tai Mao-chan', '']",Rikujou Bouei-tai Mao-chan,,,,,,
69,Atashinchi,あたしンち,My Family,['TV'],330,Finished Airing,"Apr 19, 2002 to Sep 19, 2009",['Spring 2002'],Saturdays at 11:20 (JST),"['TV Asahi', 'Yumeta Company']","None found,",['Shin-Ei Animation'],['Manga'],"['Comedy', 'Slice of Life']",,,25 min. per ep.,G - All Ages,7.38,#2439,#8236,"6,120",63,2771,"Outrageous misadventures of an almost normal family with a housewife, her husband, and their two kids Yuzuhiko and Mikan. Wacky humor about this weird family's daily life. (Source: AniDB)","[""Sequel (TV) Shin Atashin'chi"", ""Adaptation (Manga) Atashin'chi""]",Atashin'chi,,,,,,
70,"Robot-chan Cubix, Robots for Everyone, Lobojjang Kyubigseu",로보짱 큐빅스,Cubix,['TV'],26,Finished Airing,"Aug 11, 2001 to Apr 26, 2004",['Summer 2001'],Unknown,['CinePix'],['4Kids Entertainment'],['Xebec'],Unknown,,['Mecha'],,23 min. per ep.,PG - Children,5.38,#12487,#8845,"5,155",8,2614,"The year is 2040. Japanese robot technology is making remarkable progress; they can understand human language, and they've even succeeded in developing a humanoid robot that can feel emotions. The setting is a future town on the outskirts of Musashino in the Tokyo area, where humans and robots live together, ""New Musashino City."" In this town, our main character Ichiro and his friends, as well as some robots, all get along very well. Before these friends appears a mad scientist, Professor K, bent on taking over the world. Ichiro and his robot partner, Kombock, and his other friends stand against him to crush his schemes. Will they be able to protect the peaceful lives of humans and robots from this evil?! The story of the friendship of Ichiro, Kombock, and their friends begins!! (Source: AniDB)",[],Saiko Robot Kombock,,,Cubix: Robots pour Tous,,['Sci-Fi'],
71,"Soreike! Anpanman, Go! Anpanman, Anpanman TV",それいけ！アンパンマン,,['TV'],Unknown,Currently Airing,"Oct 3, 1988 to ?",['Fall 1988'],Fridays at 16:20 (JST),"['Sotsu', 'Nippon Television Network']","None found,",['TMS Entertainment'],Picture book,"['Comedy', 'Fantasy']",,['Kids'],24 min.,PG - Children,6.58,#6587,#9190,"4,613",31,1739,"One night, a Star of Life falls down the chimney of a bakery nestled deep in the forest, causing the dough in the oven to come to life. The dough becomes Anpanman, a superhero made of anpan (a sweet roll with bean jam filling). Together with his friends, Anpanman fights his rival Baikinman and helps the malnourished. (Source: ANN)",[],Sore Ike! Anpanman,,,,,,
72,"Bakutou Sengen Daigander, Bakutoh Sengen Daigunder",爆闘宣言ダイガンダー,Daigunder,['TV'],39,Finished Airing,"Apr 5, 2002 to Dec 27, 2002",['Spring 2002'],Fridays at 18:00 (JST),"['TV Tokyo', 'Nippon Animation', 'Victor Entertainment']","None found,","[""Brain's Base""]",Original,"['Adventure', 'Sci-Fi']",['Mecha'],,24 min. per ep.,PG - Children,6.82,#5245,#9631,"3,983",21,2189,"Akira Akebono, a young boy who is competing in a robot tournament where many of the robots are capable of transforming into animal forms. Akira wants to win the ultimate prize, the Titan Belt, with the help of his group of robots, all of which are capable of forming into the robot Daigunder. Daigunder is the creation of Akira's father, Professor Hajime Akebono. Together with a girl named Haruka, they compete under the name of Team Akira. However, Team Akira faces opposition from not only their competition, but a robot named Ginzan who is under the control of the evil Professor Maelstrom. (Source: ANN)",[],Bakutou Sengen Daigunder,,,,,,
73,,どーもくん,,['TV'],37,Finished Airing,"Dec 22, 1998 to Jan 1, 2008",['Winter 1999'],Not scheduled once per week,['NHK'],"None found,",['dwarf'],Other,"['Comedy', 'Slice of Life']",,['Kids'],39 sec. per ep.,G - All Ages,6.43,#7544,#10462,"3,086",14,948,"A strange monster hatches from a mysterious egg. He befriends various animals, and takes residence in Osajii's burrow. He discovers new and exciting things about everyday life. As of 2008, there are at least 37 regular TV spot episodes of Domo-kun. These 37 episodes were released on DVD in Japan in July of 2009.",[],Domo-kun,,,,,,
74,,おじゃる丸,Prince Mackaroo,['TV'],Unknown,Currently Airing,"Oct 5, 1998 to ?",['Fall 1998'],Not scheduled once per week,['NHK'],['Enoki Films'],['Gallop'],Original,"['Adventure', 'Award Winning', 'Comedy', 'Fantasy']",,['Kids'],10 min.,G - All Ages,6.39,#7746,#11559,"2,229",5,553,"In the Heian era, around 1000 years ago, a young boy of noble family named Ojarumaru is bored with his life of privilege. Meanwhile, three demons steal the power-stick of Enma, king of demons, and then lose it. Ojarumaru finds it, and uses it to transport himself to the present time. Here, he is befriended by a young boy named Kazuma, and becomes a member of his family. As time goes on, Ojarumaru makes many new friends, while dodging the comedic efforts of the three demons, Akane, Kisuke, and Aobee, as they try to recover the stick. (from ANN)","['Adaptation (Manga) Ojarumaru', '']",Ojarumaru,,,,,,
75,,ふぉうちゅんドッグす,,['TV'],39,Finished Airing,"Jul 4, 2002 to Mar 29, 2003",['Summer 2002'],Unknown,"None found,","None found,",['Vega Entertainment'],Original,,['Pets'],,25 min. per ep.,None,6.46,#7354,#12331,"1,744",5,592,"A French Bulldog is adopted from the Happy Kennel by a girl named Ai and is given the name Alex. She tells him stories and reads to him from a book titled The Adventures of Freddy about dog who leaves home to find the Fortune Tree. However, he is separated from Ai when he mistakenly follows a girl wearing the same clothes as Ai on a bus. Adopting the name Freddy, after the hero in Ai's storybook, Alex begins his quest to return to Ai. But before he can return to his owner, Freddy and his new friends must find the Fortune Tree and save it from dying, otherwise all the humans in the world will lose their good will and no longer care about their pets. (Source: Wikipedia)",[],Fortune Dogs,,,,,['Adventure'],
76,,しましまとらのしまじろう,,['TV'],726,Finished Airing,"Dec 13, 1993 to Mar 31, 2008",['Winter 1994'],Mondays at 18:00 (JST),"['TV Tokyo', 'Azeta Pictures']","None found,",['Studio Kikan'],Original,"['Adventure', 'Comedy', 'Fantasy']",['Anthropomorphic'],['Kids'],23 min. per ep.,G - All Ages,5.92,#10325,#13252,"1,323",4,558,"Shimajiro, a preschool-aged tiger boy, has adventures with his friends Mimirin, Ramurin, Nyakki, and Toriipi on Challenge Island.","['Sequel (TV) Hakken Taiken Daisuki! Shimajirou', '']",Shima Shima Tora no Shimajirou,,,,,,
77,,ベイベーばあちゃん,Baby Grandma,['TV'],53,Finished Airing,"Apr 8, 2002 to Dec 4, 2002",['Spring 2002'],Not scheduled once per week,"['Bandai Visual', 'NHK', 'Bandai']","None found,","None found,",Original,"['Comedy', 'Drama']",,,7 min. per ep.,G - All Ages,6.44,#7443,#13566,"1,213",0,359,"Amika is a elementary school student who dreams of becoming an idol. Her grandmother is a harsh yet wealthy woman who lives on a remote island that she owns. When her grandmother passed away, Amika's life begins to appear subtle changes. Not long after the passing of her grandmother, Amika's mother gave birth to a baby girl. Ironically, Amika's little sister looks and behaves exactly like her grandmother. (Source: ANN)",[],Baby Baachan,,,,,,
78,,親子クラブ,,['TV'],1818,Finished Airing,"Oct 3, 1994 to Mar 30, 2013",['Fall 1994'],Unknown,['Fuji TV'],"None found,",['Eiken'],Original,"['Comedy', 'Slice of Life']",,,5 min. per ep.,G - All Ages,5.47,#12201,#13610,"1,198",0,442,This anime was running almost 20 years and has over 1800 episodes.,[],Oyako Club,,,,,,
79,"Hikarian 2: Lightning Attack Express, Lightning Super Express Hikarian",電光超特急ヒカリアン,,['TV'],52,Finished Airing,"Apr 7, 2002 to Mar 30, 2003",['Spring 2002'],Unknown,"['TV Tokyo', 'Tokyo Kids']","None found,","None found,",Unknown,"['Action', 'Adventure']",,['Kids'],25 min. per ep.,G - All Ages,6.30,#8244,#13803,"1,132",2,261,The second season of Chou Tokkyuu Hikarian.,"['Prequel (TV) Chou Tokkyuu Hikarian', '']",Denkou Chou Tokkyuu Hikarian,,,,,,
80,,ストレイシープ ポーのちっちゃな大冒険,,['TV'],18,Finished Airing,"Oct 16, 2001 to Jan 1, 2005",['Fall 2001'],Unknown,['Fuji TV'],"None found,",['Robot Communications'],Original,,,['Kids'],2 min. per ep.,PG - Children,5.99,#9950,#16838,524,0,132,"Stray Sheep is based on the tales of Poe, a naive, independent and curious ram who finds himself sleepwalking into the most unpredictable situations on his path to reuniting with his herd and finding the ""ewe"" of his dreams. (Source: ANN)","['Prequel (TV) Stray Sheep no Daibouken', '']",Stray Sheep: Poe no Chicchana Daibouken,,,,,['Comedy'],
81,"Dango 3 Kyodai, Three Dango Brothers, Dango San Kyodai, Dango 3 Kyoudai",だんご3兄弟あっという間劇場,,['TV'],50,Finished Airing,Oct 1999 to Mar 2004,['Fall 1999'],Unknown,['NHK'],"None found,","None found,",Unknown,,['Music'],['Kids'],3 min. per ep.,G - All Ages,[],#17565,#18885,354,0,,The hit Danga San Kyoudai song was adapted into shorts that aired on NHK during commercial breaks in Okaasan to Issho's timeslot. The cheery series about three dango brothers was meant to give children quick lessons about sharing and humbleness.,[],Dango San Kyoudai Attoiuma Gekijou,,,,,,
82,,キ・ファイター テラン,Ki Fighter,['TV'],26,Finished Airing,"Aug 21, 2002 to Mar 19, 2003",['Summer 2002'],Unknown,"None found,","None found,","None found,",Unknown,,,['Kids'],22 min. per ep.,PG - Children,[],#19411,#19021,345,0,,"The Grand Evil was sealed in a cave behind an energized shield. But now, thousand years have passed and he is about to regain his former power to break away free from the shield. In order to prevent this disaster, the Elders of Fantasia have to take measure to keep the radioactive power in the shield. They send out nymph warriors to find and fetch Ki-fighter cocoons hidden somewhere in the word. During the mission, the nymphs come across with TaeRang, the Ki-Fighter, our heroic kid. He turns out to be the one who has a power to defeat of the Grand Evil, TaeRang sets on his way to find other weak creatures and their villages that are endangered by the unjust evil power. TeaRang is the one wise and brave kid to set it all to justice. (Source: ANN)",[],Ki-Fighter Taerang,,,,,['Adventure'],
83,Chaechaepong Kimchipong,채채퐁 김치퐁,,['TV'],26,Finished Airing,"Aug 9, 2002 to Feb 28, 2003",['Summer 2002'],Unknown,"None found,","None found,","None found,",Original,"['Adventure', 'Fantasy']",,['Kids'],24 min. per ep.,PG - Children,[],#17179,#19035,344,1,,The story follows as Tochi and Milo travel the world in search of new Kimchi Pong to save their homes and uncover the secrets behind these creatures.,[],Chaechaepong Kimchi Pong,,,,,,
84,"Ha Pi Fuzi, Happy Father and Son",哈皮父子,Happy Father Happy Son,['TV'],104,Finished Airing,Aug 2000 to Aug 2004,['Summer 2000'],Unknown,"None found,","None found,","None found,",Original,"['Comedy', 'Fantasy']",,['Kids'],6 min. per ep.,PG - Children,[],#18440,#22577,152,0,,No synopsis information has been added to this title. Help improve our database by adding a synopsis here.,"['Sequel (TV) Happy Fuzi: Chao Neng Pao Dan', '']",Happy Fuzi,,,,,,
85,,검정 고무신,Black Rubber Shoes,['TV'],39,Finished Airing,"Dec 15, 2000 to Jan 5, 2005",['Winter 2001'],Unknown,"None found,","None found,","None found,",['Manga'],,,['Kids'],11 min. per ep.,PG - Children,[],#18179,#23289,130,0,,No synopsis information has been added to this title. Help improve our database by adding a synopsis here.,"['Sequel (TV) Geomjeong Gomusin 4', '']",Geomjeong Gomusin,,,,,,
86,Bible Black: Night of the Walpulgiss,バイブルブラック,Bible Black,['OVA'],6,Finished Airing,"Jul 21, 2001 to Jun 25, 2003",,,"['Milky Animation Label', 'Active']",['Media Blasters'],['Studio Jam'],Visual novel,,,,28 min. per ep.,Rx - Hentai,6.58,N/A,#2807,"68,467",580,35687,"Every school has secrets, but few leave a stain that won't wash out. In a certain school, there was once a fun club centered around magic but had turned into murder and a lust for power. Sealed and willfully forgotten, the resulting evil of that day remained chained in the school's basement. Twelve years later, high school student Taki Minase, while inspecting the place where the incident took place, uncloaks the secret plastered in blood—a book of magic called ""Black Bible."" Trying his luck with its love curses, he soon finds out the magic proves real and easily penetrates the hearts and bodies of his fellow classmates. The resulting intercourse leaves the student body very vocal, and Minase's acts do not go unnoticed. What was at first a simple stroke of curiosity becomes much larger and harder to control. Fully swallowed by the unshackled darkness, everyone he knows becomes a victim, including his childhood friend Kurumi Imari. Torn apart, Minase finally realizes his mistakes and that he must reverse them in time if he ever hopes for him and Imari to come together. [Written by MAL Rewrite]","['Prequel (OVA) Bible Black Gaiden', 'Sequel (OVA) Bible Black: New Testament', 'Adaptation (Light Novel) Bible Black: La Noche de Walpurgis', '']",Bible Black,,,,,['Hentai'],
87,"Saint Seiya Hades, Saint Seiya: The Hades Sanctuary Chapter",聖闘士星矢 冥王ハーデス十二宮編,Saint Seiya: The Hades Chapter - Sanctuary,['OVA'],13,Finished Airing,"Nov 9, 2002 to Jul 25, 2003",,,"None found,","None found,",['Toei Animation'],['Manga'],"['Action', 'Adventure', 'Fantasy', 'Sci-Fi']",['Mythology'],['Shounen'],29 min. per ep.,PG-13 - Teens 13 or older,8.05,#602,#3018,"59,668",395,36749,"Hades is planning to take over the world, to achieve that goal, he sends out deceased Gold Saints to take Athena's head. Seiya and the other Bronze Saints come to help but their help isn't appreciated by the remaining Gold Saints that are still alive. (Source: ANN)","['Prequel (TV) Saint Seiya', 'Sequel (OVA) Saint Seiya: Meiou Hades Meikai-hen', 'Adaptation (Manga) Saint Seiya', '']",Saint Seiya: Meiou Hades Juuni Kyuu-hen,,Saint Seiya Los Caballeros del Zodiaco 7 : Hades Santuario,"Saint Seiya: Les Chevaliers du Zodiaque: Chapitre Hadès, Le Sanctuaire",,,
88,Onegai Sensei OVA,おねがい☆ティーチャー ヒミツなふたり,Please Teacher!: Secret Couple,['OVA'],1,Finished Airing,"Oct 25, 2002",,,"['Bandai Visual', 'WOWOW', 'Lantis']","['Nozomi Entertainment', 'Bandai Entertainment']",['Daume'],Original,"['Comedy', 'Romance', 'Sci-Fi', 'Ecchi']",,,21 min.,PG-13 - Teens 13 or older,7.27,#2977,#3334,"49,738",54,29567,"Kei and Mizuho are having some marital difficulties, and Mizuho's family decides it's high time for a visit. (Source: ANN)",[],Onegai☆Teacher: Himitsu na Futari,,,,,,
89,,マクロス ゼロ,Macross Zero,['OVA'],5,Finished Airing,"Dec 21, 2002 to Oct 20, 2004",,,"['Bandai Visual', 'Big West']",['Anime Limited'],['Satelight'],Original,"['Action', 'Adventure', 'Sci-Fi']",,,30 min. per ep.,R+ - Mild Nudity,7.48,#2022,#3710,"41,191",125,20312,"Taking place one year before the Zentraedi arrive on Earth, Macross Zero chronicles the final days of the war between the U.N. Spacy and anti-U.N. factions. After being shot down by the anti-U.N.'s newest fighter plane, ace pilot Shin Kudo finds himself on the remote island of Mayan, where technology is almost non-existent. While Shin stays on the island to heal his wounds, the tranqulity of the island is shattered by a battle that involves the UN's newest fighter - the VF-0. (Source: ANN)","['Sequel (TV) Macross', '']",Macross Zero,,,,"['Mecha', 'Military']",,
90,Hack OVA,.hack//LIMINALITY,.hack//Liminality,['OVA'],4,Finished Airing,"Jun 20, 2002 to Apr 10, 2003",,,"['Bandai Visual', 'Bandai', 'CyberConnect2']",['Bandai Entertainment'],['Bee Train'],Original,,['Video Game'],,33 min. per ep.,PG-13 - Teens 13 or older,6.58,#6600,#4029,"34,662",34,17021,"While playing the newly released MMORPG ""The World,"" Minase Mai and Tomonari Kasumi collapse in the real world and are sent to the hospital after hearing a mysterious sound. Only Mai recovers, while her friend Kasumi slips into a mysterious coma. Mai is later approached by the creator of ""The World,"" Tokuoka Junichiro, who unveils to her that, just like her friend, six other players across the country also collapsed while playing ""The World"" and are now in mysterious comas. What exactly is ""The World,"" what is this mysterious sound Mai keeps on hearing, and why are people slipping into comas from this game? Minase, Junichiro, and their acquaintances set off to get to the bottom of this problem before any further harm happens. [Written by MAL Rewrite]",[],.hack//Liminality,,,,,['Mystery'],
91,Green Green,グリーングリーン,,['OVA'],1,Finished Airing,"Dec 20, 2002",,,['StarLink'],"None found,",['Media Factory'],Visual novel,"['Comedy', 'Romance', 'Ecchi']",['School'],,26 min.,PG-13 - Teens 13 or older,5.94,#10206,#4437,"28,287",8,16361,"Hanaoka high school is an all girls' school, and the girls were pretty excited when they heard that boys were admitted into their high school. Smart and elegant boys, that's in their fantasy. However, in reality, the boys who were actually admitted are from the countryside and not smart at all, leave alone being elegant. And in fact, two of them are dirty perverts...",[],Green Green OVA,,,,,,
92,"YKK: Quiet Country Cafe, Yokohama Shopping Journal: Quiet Country Cafe",ヨコハマ買い出し紀行 Quiet Country Cafe,,['OVA'],2,Finished Airing,"Dec 18, 2002 to Mar 5, 2003",,,['SME Visual Works'],"None found,",['Ajia-do'],['Manga'],"['Sci-Fi', 'Slice of Life']",['Iyashikei'],['Seinen'],32 min. per ep.,R+ - Mild Nudity,7.13,#3738,#4912,"22,284",64,10060,"In the twilight of the human age, mankind continues to persevere, resisting the lull of nature's reclamation. For Alpha Hatsuseno and her café, things have not changed. The familiar sights and scenery instill a comforting solace—a sentiment cherished by Alpha. One day, however, a radio weather report forecasts an approaching typhoon that threatens to undermine the enduring peace. After taking refuge at Ojisan's gas station and returning to the café, Alpha is devastated to see that her beloved shop had been ravaged by the storm. Determined to restore it back to its former glory, she resolves to find other jobs as a way to fund the repairs. The journey into the unknown is an opportunity to explore what remains of civilization, and Alpha seizes this chance to expand her view of the outside world. [Written by MAL Rewrite]","['Prequel (OVA) Yokohama Kaidashi Kikou', 'Adaptation (Manga) Yokohama Kaidashi Kikou']",Yokohama Kaidashi Kikou: Quiet Country Cafe,,,,,,
93,,ナースウィッチ小麦ちゃんマジカルて,Nurse Witch Komugi,['OVA'],5,Finished Airing,"Aug 23, 2002 to Apr 2, 2004",,,"['Rondo Robe', 'Pioneer LDC', 'Toshiba Entertainment', 'Toshiba Digital Frontiers']",['ADV Films'],"['Kyoto Animation', 'Tatsunoko Production']",Original,"['Comedy', 'Fantasy']",,,24 min. per ep.,PG-13 - Teens 13 or older,6.64,#6225,#5229,"19,263",88,6798,"Ungrar, the King of Viruses, has escaped from his prison cell in Vaccine World. Maya, the Goddess of Vaccine World sends Mugimaru down to Earth to find a human to accept the powers of Vaccine World and become the Magical Nurse. He finds the best (and the only willing) person for the job when he meets Komugi Nakahara. Komugi is a playful, lazy, and easily distracted (typical) teenager whose dream is to become a cosplay idol. Balancing her career with the Kiri-Pro Promotion Company and her new job battling Ungrar's loyal henchman, the Magical Maid Koyori, Komugi delights audiences in this parody anime series. (Source: ANN)","['Sequel (OVA) Nurse Witch Komugi-chan Magikarte Z', '']",Nurse Witch Komugi-chan Magikarte,,,,"['Gag Humor', 'Mahou Shoujo', 'Otaku Culture', 'Parody']",,
94,,Viper GTS,Viper GTS,['OVA'],3,Finished Airing,"Dec 24, 2002 to Sep 25, 2003",,,['Front Line'],['Media Blasters'],['Studio G-1Neo'],Visual novel,,['Mythology'],,28 min. per ep.,Rx - Hentai,6.97,N/A,#5850,"14,288",116,6734,"Carrera is a female demon whose job is to create a wish granting contract with a human being in exchange for their soul. Along with her partners/rivals Mercedes and Rati, they carry out this job for the benefit of the demon world. When Carrera is summoned by the nerdy Ogawa, she finds him to be more interesting than her previous clients and develops a crush. Mercedes tries to get involved with Ogawa also to compete with Carrera. However, the female angels are upset by this disturbance and are willing to purify the demons with their precious ""holy water"" to save Ogawa's soul. (Source: ANN)",[],Viper GTS,,,,,['Hentai'],
95,"From I''s, I''s OVA, Aizu, From I""s",フロムアイズ ～もうひとつの夏の物語～,I''s,['OVA'],2,Finished Airing,"Dec 9, 2002 to Mar 19, 2003",,,"None found,",['VIZ Media'],"['Pierrot', 'Arms']",['Manga'],"['Drama', 'Romance']",,['Shounen'],29 min. per ep.,PG-13 - Teens 13 or older,5.88,#10529,#6507,"10,960",7,5022,"Aiming to become a modeling artist, Itsuki, a childhood friend of Ichitaka who went to America has come back to Japan. Iori who refused the idol path and started to pursue her ambition to become an actress instead. Ichitaka, wandering on his bicycle alone, tries to decide his choice between the two persons. (Source: AnimeNfo)","[""Adaptation (Manga) I''s"", '']",I''s,"I""S",From I´´s,"I""S",,,
96,Space Pirate Captain Herlock: The Endless Odyssey,SPACE PIRATE CAPTAIN HERLOCK OUTSIDE LEGEND ~The Endless Odyssey~,,['OVA'],13,Finished Airing,"Dec 21, 2002 to Dec 21, 2003",,,"['VAP', 'Pioneer LDC']",['Geneon Entertainment USA'],['Madhouse'],['Manga'],"['Action', 'Adventure', 'Drama', 'Sci-Fi']",['Space'],['Seinen'],25 min. per ep.,PG-13 - Teens 13 or older,7.30,#2832,#6794,"9,920",43,3141,"On an archaelogical mission to the end of the known universe, Professor Daiba unwitting unleashes an ancient horror from its confines. Five years later the malevolent alien force sets in motion a plan which reunites the various crewmembers of the Arcadia to sail the stars once more as well as bring Tadashi Daiba to meet Harlock for the first time (again). (Source: ANN)",[],Space Pirate Captain Herlock: Outside Legend - The Endless Odyssey,"Space Pirate Captain Herlock: Outside Legend, The Endless Odyssey",Space Pirate Captain Herlock: The Endless Odyssey,Space Pirate Captain Herlock: The Endless Odyssey,,,
97,"Vandread Intense Fighting Volume, Vandread Turbulence",ヴァンドレッド　激闘篇,,['OVA'],1,Finished Airing,"Oct 25, 2002",,,"None found,",['Funimation'],['Gonzo'],Original,"['Action', 'Adventure', 'Comedy', 'Sci-Fi', 'Ecchi']",,,1 hr. 26 min.,PG-13 - Teens 13 or older,6.86,#5022,#7297,"8,321",3,3248,"Vandread Gekitouhen (Vandread Turbulence), similiar to Vandread Taidouhen, is an OVA summary of Vandread the Second Stage plus several extra scenes (Source: AniDB)",[],Vandread: Gekitou-hen,,,,"['Mecha', 'Space']",,
98,"Shintaisou (Kari) The Animation: Yousei-tachi no Rondo, Rhythmic Gymnastics",新体操(仮),Princess 69,['OVA'],4,Finished Airing,"Oct 25, 2002 to Aug 22, 2003",,,['Pink Pineapple'],['Media Blasters'],['ORADA COMPANY'],Visual novel,,,,31 min. per ep.,Rx - Hentai,6.27,N/A,#7661,"7,328",37,2624,"A P.E. teacher, Nikusuke, happened to obtain a brief of ""Dark Rhythmic Gymnastics Project"". It is a competition where the players compete with others their lewdness. Following the project, Nikusuke looked for the players with Tomomi, a granddaughter of the board chairman. Their first game was Miku. Tomomi deceived innocent Miku, and she invited Miku out at night.","['Sequel (OVA) Shintaisou: Shin', 'Adaptation (Light Novel) Shintaisou: Kari']",Shintaisou: Kari,,,,,['Hentai'],
99,Stepsister,犠母妹,Step Sister,['OVA'],2,Finished Airing,"Oct 25, 2002 to Mar 28, 2003",,,['Discovery'],['Critical Mass Video'],['Mook Animation'],Visual novel,,,,28 min. per ep.,Rx - Hentai,6.57,N/A,#7903,"6,801",25,2835,"A renowned painter dies of heart disease while being married with Megumi, a woman much younger than he is. His son, Kyosuke, never liked that union and wants Megumi out of the house. Therefore Megumi proposes that Kyosuke can do anything he wants with her daughter Yuna, Kyosuke's stepsister, if he allows them to stay. Naturally, Kyosuke accepts. (Source: AniDB)",[],Gibomai,,,,,['Hentai'],
100,,Happy World!,,['OVA'],3,Finished Airing,"Dec 13, 2002 to Jun 27, 2003",,,"['KSS', 'Soft Garage']","None found,",['Zexcs'],['Manga'],"['Comedy', 'Fantasy', 'Romance', 'Ecchi']",,,26 min. per ep.,PG-13 - Teens 13 or older,5.98,#10032,#8010,"6,566",7,2898,"Oomura Takeshi is one unlucky fellow. He has has this case of bad luck ever since he was little. One day, while on his normal runs with bad luck, he meets an Angel named Elle, and he finds out that his father wished the curse of bad luck upon him. Takeshi has the oppurtunity to pass on the curse, but accepts it to save a young girl. For his noble act, Elle becomes human and lives with Takeshi to protect him from the curse, which is something Takeshi isn't particularly happy with. (Source: ANN)","['Adaptation (Manga) Happy World!', '']",Happy World!,,,,,,
101,"I'll / Crazy KOUZU Basketball Club, Generation basket",I'll/CKBC,I'll/CKBC,['OVA'],2,Finished Airing,"Dec 18, 2002 to Mar 26, 2003",,,"['Aniplex', 'SME Visual Works']",['Media Blasters'],['M.S.C'],['Manga'],,,['Shounen'],30 min. per ep.,PG-13 - Teens 13 or older,6.16,#9070,#8424,"5,842",6,2206,"Pressured by his family's background and expectations, high school student Hitonari Hiiragi has been considering quitting basketball. However, after meeting Akane Tachibana, Hiiragi's love for the sport is reignited. As he joins the Kouzu High School basketball club, Hiiragi aims to pursue his own path in basketball together with his cherished teammates. But despite having fun with his newfound comrades, Hiiragi eventually starts to question whether he can achieve his dreams with the current team and environment. As they each struggle with their differing approaches towards the sport, Hiiragi and the team ponder what it truly means to play basketball together. [Written by MAL Rewrite]","[""Adaptation (Manga) I'll"", '']",I'll/CKBC,,,,"['School', 'Team Sports']",['Sports'],
102,Innocent Nurse Academy,清純看護学院,Nurse Me!,['OVA'],3,Finished Airing,"Oct 25, 2002 to May 30, 2003",,,['Discovery'],['Critical Mass Video'],['AT-2'],Visual novel,"['Comedy', 'Hentai']",,,31 min. per ep.,Rx - Hentai,6.08,N/A,#9304,"4,424",9,1415,"You wouldn't think that a hospital would be the setting for a series of erotic adventures, but when a new crop of nurses' aides reports for duty, they're confronted by an erotic lesson plan that pushes them to the brink of ecstasy... and sanity.",[],Seijun Kango Gakuin,,,,,,
103,"Sakura Wars: Sumire Kanzaki Retirement Show - Su Mi Re, Sakura Wars: Sumire",『サクラ大戦』～神崎すみれ引退記念～「す・み・れ」,Sakura Taisen: Sumire,['OVA'],1,Finished Airing,"Dec 18, 2002",,,"['Sega', 'Imagine']",['Funimation'],['Radix'],Game,"['Drama', 'Sci-Fi']",,,24 min.,PG-13 - Teens 13 or older,6.40,#7684,#9880,"3,699",0,1406,"For years the defense and safety of the Imperial city rested on the shoulders of Sumire Kanzaki of the Flower Division. But this, as with all things, must fade away. As the top star of the Imperial Theatre Company, Sumire was the power and the light from which her comrades drew their own strength and resolve. It was through her that the Flower Division found their courage... and through her that many happy memories were made. Now the curtain rises for one final performance as the star that once shined so brightly begins to grow faint. As the spotlight dims on one legend, another must come center stage. (Source: Funimation)","['Prequel (Movie) Sakura Taisen: Katsudou Shashin', '']",Sakura Taisen: Kanzaki Sumire Intai Kinen - Su Mi Re,,,,"['Mecha', 'Performing Arts']",,
104,,女教師,Hot Juicy Teacher,['OVA'],3,Finished Airing,"Dec 25, 2002 to Aug 25, 2003",,,"['Milky Animation Label', 'MS Pictures']",['JapanAnime'],['Dream Entertainment'],Visual novel,,,,28 min. per ep.,Rx - Hentai,5.91,N/A,#10010,"3,545",1,1119,"This explicit anime takes place at an unusual school in which sex between students and, above all, with teachers, seems to be the norm rather than the exception. This first volume of the aptly named HOT JUICY TEACHER series focuses on Yuichiro, a formerly good-natured student who has turned twisted since being falsely accused of rape at a previous school. At his new school, he encounters a group of perverted, abusive bullies, some of their victims, and any number of extremely attractive and libidinous young instructors. Excellent character design and quality animation set this apart from the genre's many similar titles. (Source: AniDB)","['Adaptation (Light Novel) Onna Kyoushi', '']",Onna Kyoushi,,,,,['Hentai'],
105,Stratosphere no Yosei,ストラトスフェラの妖精,Nymphs of the Stratosphere,['OVA'],3,Finished Airing,"Nov 21, 2002 to Dec 26, 2002",,,"None found,",['Media Blasters'],"None found,",Original,"['Drama', 'Sci-Fi', 'Hentai']",,,30 min. per ep.,Rx - Hentai,5.67,N/A,#10047,"3,500",4,1182,"In the near future, the world as we know it has been spoiled by our negligence. From the stratosphere come five beautiful nymphs in the shape of angels, bearing the fragrance of forbidden fruit. It appears their desire is to bring pleasure to the devastated human race. A young programmer working late spots one of the beautiful girls on his balcony, peeping on a couple across the way. Once she departs he is surprised to find the scent of fruit lingering in the air. He knows he must pursue her, what he is yet to discover is that she's not of this Earth! (Source: AniDB)",[],Stratosphera no Yousei,,,,,,
106,Shin Seiki Inma Seiden,新世紀 淫魔聖伝,Inma Seiden: The Legend of the Beast of Lust,['OVA'],6,Finished Airing,"Mar 25, 2001 to Oct 25, 2002",,,['Green Bunny'],"['NuTech Digital', 'Kitty Media']",['Arms'],Original,"['Supernatural', 'Hentai']",['School'],,27 min. per ep.,Rx - Hentai,6.11,N/A,#10325,"3,197",15,846,"As the related Kameyama and Ootori families battle to lead Ootori Academy, sinister goings-on complicate their internal struggle. Terrifying sexual assaults are taking place, with the assailant concealing his identity with a foreboding iron mask. Sena is attacked by tentacles and a demon, and then the masked man appears before Mao, who tries to fight him off. When she fails to succeed, Hitomi Kameyama comes to her rescue, but the horror has just begun. (Source: NuTech Digital)",[],Shinseiki Inma Seiden,,,Inma Seiden: the Legend of the Bease of Lust - Cris et Châtiments,,,
107,Shokuzai no Kyoushitsu: Bad End,BAD END 贖罪の教室,Voyeur's Digest,['OVA'],2,Finished Airing,"Oct 11, 2002 to Jan 10, 2003",,,['Digital Works'],['Critical Mass Video'],['Y.O.U.C'],Visual novel,,,,28 min. per ep.,Rx - Hentai,5.27,N/A,#10456,"3,090",8,1104,"The written word is a powerful tool… something Mikimoto knows all too well. Talented and devious, Mikimoto has everything it takes to make a top-rated journalist, but what would a journalist be without a good scandal to write about? Developing his own personal underground newspaper, Mikimoto carefully plants the seeds of anger and wanton lust within his male classmates - all aimed towards just one person: the voluptuous Nanase. When his classmates finally go after her to punish her for all of her ""sins,"" Mikimoto silently records every depraved moment. As notoriety of the newspaper spreads, more and more girls are falling prey to the perverse desires of those influenced by it. Even Mikimoto is finding it harder and harder to resist his own dark desires towards one specific full-bosomed beauty, Madoka. Will this master manipulator ultimately fall prey to his own writing talents? (Source: AniDB)","['Adaptation (Light Novel) Shokuzai no Kyoushitsu: Bad End', '']",Bad End,,,,,['Hentai'],
108,,Wind -a breath of heart-,,['OVA'],1,Finished Airing,"Dec 27, 2002",,,['Audio Tanaka'],"None found,",['Ajia-do'],Visual novel,,['School'],,16 min.,PG-13 - Teens 13 or older,5.94,#10247,#10592,"2,968",0,1119,"Set four months after the resolution of the game the anime Wind is based on (via Hikari's ending), the entire gang is planning a big Christmas party. However, with the reappearance of Hikari, weird things start to happen in the city of Kazune. How will things turn out? (Source: AniDB)",[],Wind: A Breath of Heart,,,,,['Comedy'],
109,Ring of White Angels,白き天使達の輪舞,Hardcore Hospital,['OVA'],2,Finished Airing,"Oct 11, 2002 to Dec 13, 2002",,,['Digital Works'],['Critical Mass Video'],['Y.O.U.C'],Visual novel,,,,29 min. per ep.,Rx - Hentai,5.69,N/A,#10750,"2,837",1,948,"Date General Hospital is a place unlike any other. The staff is equipped with ""special nurses"" that aim to meet the needs of any willing and able patient around. This hand selected group of sexual girls are taken under the wing of Dr. Date who upon giving the women his secret stamina drug lets the patients, nurses, and even himself feel pleasure like they have never have before. (Source: ANN)",[],Shiroki Tenshi-tachi no Rondo,,,,,['Hentai'],
110,,ブラインドナイト,,['OVA'],3,Finished Airing,"Nov 22, 2002 to Jul 23, 2004",,,['Japan Home Video'],"None found,",['C&S Production'],Unknown,,,,26 min. per ep.,Rx - Hentai,5.54,N/A,#11131,"2,525",4,676,"When Yoji, a college student finds a demonic book, he decides to follow its writings and make a female student - Rie, his sexual slave. However, he's not satisified with only one slave. (Source: AniDB)",[],Blind Night,,,,,['Hentai'],
111,Hamutarou no Otanjobi,ハム太郎のおたんじょうび 〜ママをたずねて三千てちてち〜,Hamtaro: Hamtaro's Birthday! - 3000 Hammy Steps in Search of Mommy,['OVA'],1,Finished Airing,"Nov 21, 2002",,,"None found,",['VIZ Media'],['TMS Entertainment'],Unknown,"['Adventure', 'Comedy']",,['Kids'],44 min.,G - All Ages,6.60,#6500,#11396,"2,339",2,849,"Laura tells Hamtaro where he came from yet Laura thinks it is not true, just in time for his birthday, Hamtaro sets out with Boss and Oxnard to visit his mother to see if what Laura said is true, while the other Ham-Hams set up a surprise birthday party for him. (Source: Wikipedia)","['Sequel (OVA) Tottoko Hamtarou OVA 2: Hamuchanzu no Takara Sagashi Daisaku - Hamuha! Suteki na Umi no Natsuyasumi', '']",Tottoko Hamtarou OVA 1: Hamtaro no Otanjoubi - Mama wo Tasunete Sanzen Techi Techi,,,,,,
112,"Gakuen Toshi Valanoir, School City Valanoir",学園都市ヴァラノワール 上巻,,['OVA'],2,Finished Airing,"Oct 23, 2002 to Nov 27, 2002",,,['Idea Factory'],"None found,","None found,",Game,,,,50 min. per ep.,PG-13 - Teens 13 or older,4.68,#13541,#12402,"1,704",0,424,"Based on a Playstation 2 game by the same title, Varanoir's story takes place in a Magic University called.. well Varanoir. Students in this university are trained here for war preparation against the devil master. The main characters of the story is Myu, a granddaughter of Jii. Jii was a great swordsman in the past and he taught various sword fighting skills to Myu, although he's working as a chimney cleaner right now in Varanoir. Myu then decides to go to Varanoir for training to become a fighter. In Varanoir, Myu meets Ryuto, a talented student. However, Ryuto always sees Myu as her rival. (Source: AnimeNfo)",[],Gakuentoshi Varanoir Joukan,,,,,['Action'],
113,Fujun Isei Kouyuu: Taisetsu na Kimi he,不純異性交遊 ～大切な君へ～,,['OVA'],1,Finished Airing,"Nov 25, 2002",,,"['Milky Animation Label', 'MS Pictures']","None found,",['Studio OX'],['Manga'],,,,24 min.,Rx - Hentai,5.39,N/A,#12582,"1,608",0,428,No synopsis information has been added to this title. Help improve our database by adding a synopsis here.,[],Fujun Isei Kouyuu: Taisetsu na Kimi e,,,,,['Hentai'],
114,,完全無修正 それぞれの放課後,,['OVA'],1,Finished Airing,"Nov 18, 2002",,,['Five Ways'],"None found,",['Shinjukuza'],['Manga'],,['School'],,29 min.,Rx - Hentai,5.16,N/A,#12800,"1,502",2,428,Four friends at school. Three of them get caught up in having sex with older men. Two of them prostitute themselves to a middle-aged man while the other girl is caught masturbating at her teacher's desk. Do these girls really know what they've getting themselves into?,[],Kanzen Mushuusei: Sorezore no Houkago,,,,,['Hentai'],
115,Hal and Bons,ハル&ボンス,,['OVA'],5,Finished Airing,"Oct 2, 2002",,,['Grasshoppa!'],"None found,","None found,",Unknown,"['Comedy', 'Slice of Life']",,,8 min. per ep.,PG-13 - Teens 13 or older,4.84,#13397,#15096,795,1,311,Hal and Bons are a pair of beer drinking slacker dogs. They are joined on their sofa by an anthropomorphic rice cake by the name of Mochi who first interviews them and then decides to give up being an interviewer and move in with them instead. Hal and Bons have mixed feelings about this turn of events - Mochi tastes great but he's rather lacking in social skills and he's starting to smell... (Source: ANN),"['Sequel (OVA) New Hal & Bons', '']",Hal & Bons,,,,,,
116,Inu Yasha: Kagami no Naka no Mugenjou,犬夜叉 鏡の中の夢幻城,InuYasha the Movie 2: The Castle Beyond the Looking Glass,['Movie'],1,Finished Airing,"Dec 21, 2002",,,"['Yomiuri Telecasting', 'TOHO', 'Nippon Television Network', 'Shogakukan', 'Yomiuri TV Enterprise', 'Shogakukan Productions']",['VIZ Media'],['Sunrise'],['Manga'],"['Action', 'Adventure', 'Fantasy', 'Romance']",,['Shounen'],1 hr. 39 min.,PG-13 - Teens 13 or older,7.67,#1372,#2105,"108,584",267,59286,"Fortune smiles on Inuyasha and his allies when they finally defeat their nemesis Naraku, who has caused them unrelenting hardships. Overjoyed by the long-awaited victory, they all hurry to resume their former lives, unaware that danger still lurks around. Kanna and Kagura, two of Naraku's subordinates, make arrangements to set free a sealed demonic entity that claims to be Kaguya, the legendary Princess of the Heavens. Although preoccupied with their own endeavors, Inuyasha's group members reunite by a string of unusual coincidences involving Kanna and Kagura along with an inexplicable phenomenon of repeated full-moon nights. Upon realizing that Kaguya is behind the troubling events and that she holds a terrible power, they join forces once more to stop the disastrous fate she has planned for the world. [Written by MAL Rewrite]",[],InuYasha Movie 2: Kagami no Naka no Mugenjou,InuYasha Film 3: The Castle Beyond the Looking Glass,Inuyasha Película 2: El Castillo de Sueños en el Interior del Espejo,InuYasha Film 2: Le Château des Illusions,"['Historical', 'Mythology', 'Time Travel']",,
117,,BLUE GENDER THE WARRIOR,Blue Gender: The Warrior,['Movie'],1,Finished Airing,"Nov 20, 2002",,,"None found,",['Funimation'],['AIC'],Original,"['Action', 'Adventure', 'Drama', 'Horror', 'Sci-Fi']",,,1 hr. 38 min.,R - 17+ (violence & profanity),6.19,#8901,#6265,"11,961",8,5263,"It is a time of chaos. Earth is no longer what it used to be. It has been infested with a bug like species called the Blue. 20 years ago Yuji Kaido, who has a mysterious disease, is put into suspended animation until a cure is found. When he wakes up Yuji learns that it’s been more than 20 years since he was put into suspended animation, and the world is now controlled by these creatures. He then decides to join a group of soldiers fighting against the Blue for hope of a better future. (Source: ANN)",[],Blue Gender: The Warrior,,,,"['Gore', 'Mecha', 'Military', 'Space']",,
118,,タマラ 2010 ア パンク キャット イン スペース,Tamala 2010: A Punk Cat in Space,['Movie'],1,Finished Airing,"Oct 19, 2002",,,['Kinetique'],['Deaf Crocodile'],"None found,",Original,"['Avant Garde', 'Comedy', 'Sci-Fi']",['Psychological'],,1 hr. 31 min.,R - 17+ (violence & profanity),6.03,#9775,#6389,"11,398",66,3383,"In the year 2010, practically one hundred percent of Cat Earth's GDP comes from the megacorporation Catty & Co., which is rapidly spreading across the rest of the galaxy. Here lives Tamala, a beautiful yet foul-mouthed cat, who decides to travel to the planet of her birth, Orion. After an unfortunate crash landing on the planet Q, Tamala meets Michaelangelo, a fellow cat, whom Tamala refers to as ""MoiMoi."" As Tamala and Michaelangelo explore the planet's capital, Hate City—which is under martial law to separate the feuding cat and dog populations—they pass by graffiti and museum exhibits about the ancient cult of Minerva that speak of something dark and sinister. After Tamala catches the eye of the extremely violent motorcycle-riding Kentauros, she and Michaelangelo flee, but mysteries about Tamala's identity continue to surface. Why did Tamala originally leave Orion, and what exactly is her connection to Catty & Co.? [Written by MAL Rewrite]","['Sequel (OVA) Tamala 2010: A Punk Cat in Space OVA', '']",Tamala 2010: A Punk Cat in Space,,,Tamala 2010 : Une Chatte Punk dans l'Espace,,,
119,Pia Carrot: The Movie,Pia キャロットへようこそ！！劇場版～さやかの恋物語～,Welcome to Pia Carrot! Sayaka's Love Story,['Movie'],1,Finished Airing,"Oct 19, 2002",,,['TV Tokyo'],"None found,",['I-move'],Visual novel,"['Comedy', 'Romance']",,,47 min.,PG-13 - Teens 13 or older,5.83,#10764,#10069,"3,477",1,1511,"High schoolers Sayaka Takai and Akihiko Kannazuki work together at a restaurant chain ""Pia Carrot."" Both are interested in each other, but before either could make a move Sayaka was temporarily rotated to the newly established branch at a beach resort. While waitress girls at this new location did their best to confront harassment, make new friends, and attract new customers by attending a beauty contest, Sayaka's feeling for Akihiko never stops and has become stronger and stronger. (Source: ANN)","['Prequel (OVA) Pia Carrot e Youkoso!! 2 DX', '']",Pia Carrot e Youkoso!!: Sayaka no Koi Monogatari,,,,,,
120,Tottoko Hamutarou: Hamu Hamu Hamuuja! Maboroshi no Princess,とっとこハム太郎 ハムハムハムージャ！幻のプリンセス,,['Movie'],1,Finished Airing,"Dec 14, 2002",,,"None found,","None found,",['TMS Entertainment'],Unknown,"['Adventure', 'Comedy']",,['Kids'],54 min.,PG - Children,6.59,#6514,#11285,"2,422",4,847,"Lately, Hamtaro has been having a strange dream. In the dream, a beautiful princess hamster tearfully asks for help. Hamtaro can’t forget about her, even when he’s awake. One winter day, Laura talks to Hamtaro. She tells him that everyone in the family is going home to her father’s hometown. When Hamtaro tells his friends about it, Maxwell pulls out a Ham-Ham source book. It’s a book on old hamster history. According to the book, there is a “homeland” for hamsters called “Hamja Kingdom”. When the Ham-Hams build a sand castle and recite a spell exactly the way it is written in the book, they are whooshed to the Kingdom. When at last the hamsters reach the bustling Hamja Kingdom of hamsters, the popular King Hamja, the Mini-Hams that they’ve met before in Ham-Ham Land, and many jar spirits called the Mo-Hams appear. A parade begins merrily with singing and dancing! But, the bad magic cat “Sabakunya” appears suddenly, riding the giant sheep monster “Mee Mee”, and starts to trample the town. What a disaster! The Ham-Hams flee underground. The Ham-Hams are told of the state of the Kingdom and find that Sabakunya has snatched the King’s daughter, Princess Shera, and is pressing her into marriage on the Kingdom’s Founding Day. Sabakunya is trying to take over the country. Something clicks in Hamtaro’s mind. Princess Shera is without a doubt the princess who appeared in his dreams! Hamtaro wants very much to run to the castle where Sabakunya is, and so he and the Ham-Hams enter the castle. In the castle, they encounter danger after danger, and Hamtaro, pursued by Sabakunya’s henchmen, is separated from others.",[],Tottoko Hamtarou Movie 2: Ham-Ham Hamuuja! Maboroshi no Princess,,,,,,
121,,夢かける高原 清里の父 ポール・ラッシュ,Paul Rusch: His Life and Dream,['Movie'],1,Finished Airing,"Oct 19, 2002",,,"None found,","None found,",['Magic Bus'],Other,,['Historical'],,1 hr. 37 min.,G - All Ages,5.97,#10081,#15748,665,0,190,"An animated film about Paul Rusch, an American missionary who helped build churches, schools, hospitals in Japan and overall helped improve life in rural areas of Japan along with soothing post-WW2 relations between the two countries.",[],Yume Kakeru Kougen: Kiyosato no Chichi Paul Rusch,,,,,,
122,,アテルイ,,['Movie'],1,Finished Airing,"Dec 2, 2002",,,['Cinema Tohoku'],"None found,",['Magic Bus'],Unknown,"['Action', 'Fantasy']",['Historical'],,1 hr. 55 min.,G - All Ages,[],#16668,#16704,540,0,,A pseudo-historical movie that follows a modern day elementary schooler as he's tossed back into time to observe Aterui--a real leader of the Emishi who fought against the Imperial Yamato Court.,[],Aterui,,,,,,
123,Minimoni ja Movie Okashi na Daibouken!,ミニモニ。じゃ ムービー お菓子な大冒険！,Minimoni the Movie: The Great Sweets Adventure!,['Movie'],1,Finished Airing,"Dec 14, 2002",,,"None found,","None found,","None found,",Other,"['Adventure', 'Fantasy', 'Gourmet', 'Slice of Life']",,['Kids'],53 min.,G - All Ages,[],#20283,#22092,173,0,,"It's almost the second anniversary of Mini Moni's founding, and everyone at the Mini Moni Cafe is busy preparing a fabulous cake shaped like a castle to celebrate. Cafe leader Mari Yaguchi oversees baker Mika Todd and waitresses Nozomi Tsuji and Ai Kago, but when the curious customer Ai Takahashi wants to know why the cakes they make taste so great, they're unable to answer. She decides to find out for herself by stealing the cakes, but soon deeper trouble forms. (Source: TV Tropes)",[],Mini Moni the Movie: Okashi na Daibouken!,,,,,,
124,Ghost in the Shell: Stand Alone Complex - Tachikoma Specials,攻殻機動隊 STAND ALONE COMPLEX: Section9 Science File “タチコマな日々”,Ghost in the Shell: Stand Alone Complex: Tachikomatic Days,['Special'],26,Finished Airing,"Oct 1, 2002 to Mar 25, 2003",,,"['Bandai Visual', 'Dentsu', 'Victor Entertainment', 'Animax']",['Bandai Entertainment'],['Production I.G'],['Manga'],"['Comedy', 'Sci-Fi']",['Mecha'],,1 min. per ep.,PG - Children,7.11,#3856,#4581,"26,437",37,12475,Tachikomatic Days is a series of comedic shorts attached to the end of every episode of Ghost in the Shell: Stand Alone Complex. The shorts feature the antics of the Tachikoma think tanks of Section 9 and usually involve plot points. The average short time is a little over a minute.,"['Adaptation (Manga) Koukaku Kidoutai: Stand Alone Complex - Tachikoma na Hibi', '']",Koukaku Kidoutai: Stand Alone Complex - Tachikoma na Hibi,,,,,,
125,,水のコトバ,Aquatic Language,['TV Special'],1,Finished Airing,"Oct 26, 2002",,,"None found,",['AnimEigo'],['Studio Rikka'],Original,"['Drama', 'Sci-Fi', 'Suspense']",['Psychological'],,9 min.,PG-13 - Teens 13 or older,6.69,#5966,#4627,"25,739",27,14494,"Several people are spending their evening in a cafe. Two gossiping girls, two debating men, a bookworm and a boy, who just broke up with his girlfriend. The cafe's waitress starts a chat with him, persuading him to take a look at certain easel, while other customers begin to notice unusual things. (Source: ANN)",[],Mizu no Kotoba,,,,,,
126,"Mei to Konekobasu, Mei and the Kitten Bus",めいとこねこバス,Mei and the Baby Cat Bus,['Special'],1,Finished Airing,"Oct 1, 2002",,,"None found,","None found,",['Studio Ghibli'],Original,"['Adventure', 'Fantasy']",,,14 min.,G - All Ages,7.30,#2815,#4890,"22,520",24,8735,"One windy day, Mei Kusakabe ventures outside to play despite the turbulent weather. But just as she is about to indulge in her caramel candy, a sudden whirlwind appears and begins to chase her! Retreating back into the house, Mei discovers that her pursuer is a young Nekobasu, and after deciding on a sweet truce, the two quickly become friends. The baby Nekobasu returns that evening and invites Mei to travel with him—marking the start of their exhilarating adventure in and around the bustling forest. [Written by MAL Rewrite]",[],Mei to Koneko Bus,,,,,,
127,"The Form that Love Takes, Ai no Katachi, The Form that Sadness Takes, Kanashimi no Katachi, The Form that Friendship Takes, Yujo no Katach, Documents of the Shaman Fight",シャーマンキング,,['Special'],5,Finished Airing,"Jan 2, 2002 to Jul 24, 2003",,,['TV Tokyo Music'],"None found,",['Xebec'],['Manga'],"['Action', 'Adventure', 'Supernatural']",,['Shounen'],35 min. per ep.,PG-13 - Teens 13 or older,7.20,#3377,#5060,"20,910",26,8157,"Throughout the broadcast of Shaman King, many shorts (usually referred to as Shaman King omake and TV specials) were made on special days of the year related to spirits and the like. The omake were short stories that were made for humorous effect. Apparently, all of the omake fit into the story before the Shaman Fight 2nd round. Documents of the Shaman Fight was shown with a New Year's omake as well. The TV Specials were aired after specific points of the story as well as on holidays. The specials were never dubbed in English, and, most likely, never will be. (Source: Wikipedia)",[],Shaman King Specials,,,,,,
128,"Onegai Teacher Specials, Onegai Teacher: Marie Love Theater","おねがい☆ティーチャー まりえ, 愛の劇場",Please Teacher!: Marie Love Theater,['Special'],1,Finished Airing,"Oct 25, 2002",,,['Bandai Visual'],"None found,","None found,",Original,"['Comedy', 'Drama', 'Romance', 'Sci-Fi']",,,2 min.,PG-13 - Teens 13 or older,6.69,#5969,#6150,"12,564",5,5436,"Special bundled with the DVDs. Please note that this entry doesn't include any of the official AMVs, as those don't contain any new animation.",[],"Onegai☆Teacher: Marie, Ai no Gekijou",,,,,,
129,"Full Moon wo Sagashite: Cute Cute Big Adventure, Searching for the Full Moon: Cute Cute Adventure, Full Moon wo Sagashite: Cute Cute Adventure",かわいい かわいい 大冒険,,['Special'],1,Finished Airing,"Nov 1, 2002",,,['Nihon Ad Systems'],['VIZ Media'],['Studio Deen'],['Manga'],"['Comedy', 'Fantasy', 'Supernatural']",,['Shoujo'],10 min.,G - All Ages,6.69,#5942,#6731,"10,128",17,4616,"Mitsuki wakes up late, and must rush to a photo shoot. However, in her hury she forgets to bring Takuto and Meroko along. Now they must catch up to her, before the photo shoot begins, despite everything that gets in their way. (Source: ANN)",[],Full Moon wo Sagashite: Kawaii Kawaii Daibouken,,,,,,
130,"Mahoromatic: Motto Utsukushii Mono - Year End, Year End Special - 12.5, Mahoromatic: Motto Utsukushii Mono - Saimatsu Special",歳末スペシャル,,['Special'],1,Finished Airing,"Dec 21, 2002",,,"None found,","None found,",['Gainax'],['Manga'],"['Comedy', 'Romance', 'Sci-Fi', 'Ecchi']",['Military'],['Seinen'],24 min.,R+ - Mild Nudity,6.93,#4675,#8140,"6,328",2,2544,Summary of episodes 1 to 12 of Mahoromatic 2.,[],Mahoromatic 2 End Year Special,,,,,,
131,Princess Tutu Specials,プリンセスチュチュ,,['TV Special'],3,Finished Airing,"Dec 27, 2002 to May 16, 2003",,,"None found,","['ADV Films', 'Sentai Filmworks']",['HAL Film Maker'],Original,"['Drama', 'Mystery', 'Romance']",,,11 min. per ep.,PG-13 - Teens 13 or older,6.59,#6561,#8271,"6,067",7,2428,No synopsis information has been added to this title. Help improve our database by adding a synopsis here.,[],Princess Tutu Recaps,,,,"['Anthropomorphic', 'Love Polygon', 'Mahou Shoujo', 'Performing Arts']",,
132,,エクスドライバー the Movie,,['Special'],3,Finished Airing,"Oct 25, 2002",,,"['Bandai Visual', 'Genco']",['Geneon Entertainment USA'],"None found,",Original,,,,3 min. per ep.,PG-13 - Teens 13 or older,6.18,#8925,#13183,"1,344",1,435,"Three short bonus shorts featured with the movie, featuring Lisa, Lorna and Souichi in events set just before where the movie takes off. These bonus shorts are done in comedic style, mainly with camera pans and zooms on still images. (Source: Wikipedia)",[],eX-Driver the Movie Specials,,,,,['Comedy'],
133,"Jungle wa Itsumo Haré nochi Guu: Eizou Tokuten - Maboroshi no Pilot Film, Jungle wa Itsumo Hare nochi Guu Pilot",映像特典 ~幻のパイロットフィルム~,Haré+Guu: Movie Special - The Illusive Pilot Film,['Special'],1,Finished Airing,"Dec 21, 2002",,,['Bandai Visual'],['Funimation'],['Shin-Ei Animation'],['Manga'],,,,4 min.,PG-13 - Teens 13 or older,6.24,#8600,#13767,"1,143",0,380,"4-minute promo/pilot released with the Deluxe OVA, with a few events from the TV series in a different graphic style.",[],Jungle wa Itsumo Hare nochi Guu: Eizou Tokuten - Maboroshi no Pilot Film,,,,,['Comedy'],
134,,POPEE the ぱフォーマー カウントダウンスペシャル,,['Special'],1,Finished Airing,"Dec 31, 2002",,,"None found,","None found,",['Zuiyo'],Original,,,,5 min.,R - 17+ (violence & profanity),6.22,#8721,#13958,"1,089",2,576,Countdown to New Years 2003.,[],Popee the Performer: Countdown Special,,,,"['Mythology', 'School']",['Comedy'],
135,"Extra Special New Year's Question? 7 x 7 = 49 Nanas?, Nana 7 of 7: Oshougatsu da yo! 7 x 7 = 49-nin no Nana?",お正月だよ! 7×7=49人のナナ?,New Year Special: It's New Year's! 7 x 7 = 49 Nanas?,['Special'],1,Finished Airing,"Oct 2, 2002",,,"['TV Tokyo', 'Genco']","None found,",['A.C.G.T.'],Unknown,"['Adventure', 'Comedy']",,,23 min.,PG-13 - Teens 13 or older,6.32,#8122,#14437,957,0,335,"On New Year's Day, Nana Suzuki is disappointed when she has to share her holiday allowance with her six clones. However, the hyper-intelligent Nanasama hypothesizes that they can use the invention that cloned Nana to increase their allowance. Things don't go so smoothly this time either, though, as chaos ensues when Nana multiplies again—this time into 49 copies! [Written by MAL Rewrite]",[],Shichinin no Nana: Oshougatsu da yo! 7 x 7 = 49-nin no Nana?,,,,,,
136,"The Daichis: Earth Defence Family Special, Chikyu Boei Kazoku, Chikyu Boei Kazoku alternative ep 11, Chikyu Boei Kazoku ep 11.5",地球防衛家族 絶叫!愛の迷宮地獄,The Daichis: Earth's Defence Family - Into the Depths of Marital Hell,['Special'],1,Finished Airing,"Nov 25, 2002",,,['Bandai Visual'],"None found,",['Group TAC'],Original,"['Action', 'Drama']",['Strategy Game'],,22 min.,PG-13 - Teens 13 or older,6.35,#7965,#15355,729,0,244,"An alternative episode 11 (or episode 11.5) released on the DVD set of Chikyuu Bouei Kazoku. The world's first experience simulation game park ""Amber Crystal"" opened in Chiba Prefecture. Opening day only allows couples inside with a special ticket. Seiko and cameraman Hayakawa, Mamoru and Junko-sensei are there to meet up. While saying ""because it is a game, it's okay to do anything"", Mamoru guards as a knight figure to raise XP to steadily power up. Meanwhile, Seiko who became a mage, realized that this game park is the invasion of the space monster and goes on to approach the final boss of the game.",[],Chikyuu Bouei Kazoku Special,,,,,,
137,,クレヨンしんちゃん Specials,,['Special'],Unknown,Currently Airing,"Dec 28, 1992 to ?",,,"None found,","None found,",['Shin-Ei Animation'],['Manga'],"['Comedy', 'Ecchi']",['School'],['Seinen'],48 min.,G - All Ages,[],#17450,#15459,712,2,,"87 Crayon Shin-chan TV Specials exist as of August 6, 2022.",[],Crayon Shin-chan Specials,,,,,,
138,"Ponyutaun, Ponyu Town",ポンユタウン,,['TV Special'],1,Finished Airing,"Oct 7, 2002",,,"None found,","None found,",['Tomoyasu Murata Company'],Original,,,['Kids'],5 min.,G - All Ages,5.63,#11696,#16784,529,1,202,"In a small provincial town, three children play football but when they hear breaking glass, two of them flee; leaving a little girl to investigate. She finds that she has broken a fish bowl and a small fish is flapping on the ground gasping for its life. What will the girl do to save this poor creature?",[],Peng You Town,,,,,['Slice of Life'],
139,,それいけ! アンパンマン 勇気のほのおとクリスマス,,['TV Special'],1,Finished Airing,"Dec 13, 2002",,,"None found,","None found,",['TMS Entertainment'],Picture book,"['Comedy', 'Fantasy']",,['Kids'],50 min.,PG - Children,[],#14564,#18587,378,0,,No synopsis information has been added to this title. Help improve our database by adding a synopsis here.,[],Sore Ike! Anpanman: Yuuki no Honoo to Christmas,,,,,,
140,"Vampiyan Kids Episodes 22, 23, 24, 25 and 26, Nanchatte VAMPIYAN, Vampire Kids",バンパイヤン・キッズ,Vampiyan Kids,['Special'],3,Finished Airing,"Oct 25, 2002 to Nov 25, 2002",,,['Fuji TV'],"None found,","['Production I.G', 'Trans Arts']",Original,"['Comedy', 'Fantasy']",,['Kids'],23 min. per ep.,G - All Ages,[],#15194,#18987,347,0,,"DVD-only specials released on the 6th and 7th discs that are sometimes considered episode 24, 25, and 26 as a whole. And episode 22, 23, and 24 chronologically.",[],Vampiyan Kids Specials,,,,,,
141,"Atashinchi SP, Atashin'chi SP",あたしンち SP,,['Special'],4,Finished Airing,"Oct 11, 2002 to Oct 30, 2004",,,"None found,","None found,","None found,",['Manga'],"['Comedy', 'Slice of Life']",,,22 min. per ep.,G - All Ages,[],#16667,#19588,309,0,,Special episodes of Atashin'chi.,[],Atashin'chi Specials,,,,,,
