,Synonyms,Japanese,English,Type,Episodes,Status,Aired,Premiered,Broadcast,Producers,Licensors,Studios,Source,Genres,Themes,Duration,Rating,Score,Ranked,Popularity,Members,Favorites,Scorers,Synopsis,Related_Entries,Title,German,French,Demographic,Theme,Spanish,Genre,Demographics
0,"Full Metal Panic Fumoffu, Fullmetal Panic? Fumoffu",フルメタル・パニック? ふもっふ,Full Metal Panic? Fumoffu,['TV'],12,Finished Airing,"Aug 26, 2003 to Nov 18, 2003",['Summer 2003'],Tuesdays at 02:28 (JST),"['Tatsunoko Production', 'Kadokawa Shoten', 'Fuji TV', 'Imagica', 'Rakuonsha', 'Kadokawa Pictures Japan', 'KlockWorx', 'Happinet Pictures', 'Animation Do']","['ADV Films', 'Funimation']",['Kyoto Animation'],['Light novel'],"['Action', 'Comedy']","['Gag Humor', 'School']",24 min. per ep.,PG-13 - Teens 13 or older,8.02,#644,#869,"303,598","2,977",178503,"Sergeant Sousuke Sagara returns to Jindai High School to protect the precious war asset, Kaname Chidori, from any threat. However, his lack of social skills and real-life experience result in comical yet dangerous situations, endangering the peaceful school life Kaname longs for. As Sousuke continues to bring a wide range of weapons to school as a means to solve threats—real or fake—Kaname struggles to fulfill her duty as the student council vice president all while keeping him in check. To ensure a successful mission, Sousuke is occasionally forced to use the costume of a famous amusement park mascot called Bonta-kun. With his technical expertise, he eventually transforms the exuberant uniform into a cutting-edge exoskeleton that has only one dysfunction: the voice translator can only produce the sound ""mofu."" Full Metal Panic? Fumoffu depicts the adventures of Kaname and Sousuke as they try to live their normal school lives despite the chaos they inadvertently cause. [Written by MAL Rewrite]","['Adaptation (Light Novel) Full Metal Panic! Tanpenshuu', 'Adaptation (Light Novel) Full Metal Panic! Side Arms']",Full Metal Panic? Fumoffu,,,,,,,
1,"Ikki-Tosen: Legendary Fighter, Battle Vixens",一騎当千,Ikki Tousen: Battle Vixens,['TV'],13,Finished Airing,"Jul 30, 2003 to Oct 22, 2003",['Summer 2003'],Wednesdays at 11:30 (JST),"['Genco', 'Media Factory', 'AT-X']","['Funimation', 'Geneon Entertainment USA']",['J.C.Staff'],['Manga'],"['Action', 'Ecchi']","['Martial Arts', 'School', 'Super Power']",24 min. per ep.,R+ - Mild Nudity,6.37,#7896,#1486,"170,493",443,72425,"In the Kanto region, seven high schools fight to the death for absolute power. Each fighter is the reincarnation of a glorious warrior from the Three Kingdoms period, placing them in a perilous endeavor to overcome their often cruel destinies. Among them is the airheaded Hakufu Sonsaku, a student at Nanyou Academy who—despite possessing brilliant martial art abilities—is deemed to be killed at a young age by the ruthless Ukitsu. However, her fellow classmate Koukin Shuuyu is tasked by Hakufu's mother to protect his cousin from this grim fate. To add to his burden, Hakufu is subject to sudden bursts of anger, where she loses consciousness and unleashes a destructive power that threatens her own life. Together with Nanyou's ""Big Four,"" Hakufu and Shuuyu will have to foil the plans of their main rival schools and uncover the true nature of Hakufu's powers before it is too late. [Written by MAL Rewrite]","['Sequel (TV) Ikkitousen: Dragon Destiny', 'Adaptation (Manga) Ikkitousen']",Ikkitousen,Ikki Tousen: Gragon Girls,Ikki Tousen,['Seinen'],,,,
2,"Green Green TV, Guri Guri",グリーングリーン,Green Green,['TV'],12,Finished Airing,"Jul 13, 2003 to Sep 28, 2003",['Summer 2003'],Tuesdays at 00:05 (JST),"['Pony Canyon', 'Memory-Tech', 'Pony Canyon Enterprises']",['Media Blasters'],['Studio Matrix'],Visual novel,"['Comedy', 'Romance', 'Ecchi']",,24 min. per ep.,R+ - Mild Nudity,6.13,#9236,#1946,"120,122",229,67375,"Kanenone Gakuen is an all-male boarding school located in the countryside of Japan. Although an all-male school is nothing new, life can become quite difficult when there are no female students for miles around. In order to help the psychological health of everyone involved, the school board has decided to try and merge with the nearest all-girl boarding school in order to become co-ed. The boys of Kanenone are more than thrilled at the prospect, and the girls are curious as to how interesting school life might become if there were more boys around. Before any serious decisions are made, the girls have been invited to stay at Kanenone for one month as a test. Green Green follows Yuusuke Takazaki and his naughty room mates called the Baka (Idiot) Trio, and their ability to talk to the girls without making complete fools of themselves. But as soon as the school bus with the girls arrives, things become weird, hormonal, and hysterical. In particular, a girl named Midori Chitose leaps off the bus and immediately embraces a very confused Yuusuke. Is he a natural ladies' man, or do the two of them have a shared history that he is not aware of?","['Sequel (OVA) Green Green Thirteen: Erolutions', 'Adaptation (Light Novel) Green Green']",Green Green,,,,['School'],,,
3,Onegai☆Twins,おねがい☆ツインズ,Please Twins!,['TV'],12,Finished Airing,"Jul 15, 2003 to Oct 14, 2003",['Summer 2003'],Tuesdays at Unknown,"['Bandai Visual', 'Genco', 'Lantis']","['Nozomi Entertainment', 'Bandai Entertainment']",['Daume'],Original,"['Comedy', 'Drama', 'Sci-Fi']","['Harem', 'School']",23 min. per ep.,PG-13 - Teens 13 or older,6.80,#5360,#2335,"92,254",184,50831,"Maiku Kamishiro's past has always been somewhat of a mystery to him. The only clue he has to who his family might be is an old photograph showing two young children, a boy and a girl, playing in a small pool outside of a blue house. In an attempt to find his family, he moves to this blue house and begins working as a programmer. He's living a comfortable life until the day two very different girls show up at his door, both in possession of the same photograph, and both claiming to be his twin. With no way to prove who is a relative and who is a stranger, Maiku allows both girls to move in with him until they know for sure. (Source: ANN)","['Sequel (OVA) Onegai☆Twins: Natsu wa Owaranai', 'Adaptation (Light Novel) Onegai☆Twins', 'Adaptation (Manga) Onegai☆Twins', '']",Onegai☆Twins,,Please Twins,,,,,
4,,D.C.～ダ・カーポ～,D.C.~Da Capo~,['TV'],26,Finished Airing,"Jul 5, 2003 to Dec 27, 2003",['Summer 2003'],Saturdays at Unknown,"['Lantis', 'King Records']","None found,","['feel.', 'Zexcs']",Visual novel,"['Drama', 'Romance']",,23 min. per ep.,PG-13 - Teens 13 or older,6.71,#5828,#2593,"77,842",198,31340,"Hatsunejima abounds in mysteries—one of which is the town's unwithering cherry trees that are said to grant the most genuine wishes. There are also rumors of people possessing supernatural powers, like Junichi Asakura, who can see other people's dreams and create sweets out of nothing. Alongside his sister Nemu, he enjoys living in peace with his friends at Kazami Academy but chooses to shroud his identity in secrecy. His tranquil school life comes to a halt when he finds out that his childhood friend Sakura Yoshino has returned from America after six years. She is there for one purpose: to fulfill the promises she made long ago with Junichi. Little does anyone know, however, that Sakura's appearance is bound to change everyone's lives—for better or worse. [Written by MAL Rewrite]","['Sequel (TV) D.C.S.S: Da Capo Second Season', 'Adaptation (Manga) Da Capo']",D.C.: Da Capo,,,,['Harem'],,,
5,,なるたる ～骸なる星・珠たる子～,Shadow Star Narutaru,['TV'],13,Finished Airing,"Jul 7, 2003 to Sep 29, 2003",['Summer 2003'],Tuesdays at 00:00 (JST),"['Kids Station', 'Ken Groove', 'Step Eizou', 'C-TBS']",['Central Park Media'],['Planet'],['Manga'],"['Drama', 'Horror', 'Sci-Fi', 'Suspense']",,24 min. per ep.,R - 17+ (violence & profanity),5.98,#10000,#3854,"38,022",71,10868,"During her summer holiday at her grandparents house Tamai Shiina, a young and cheerful schoolgirl, meets a strange looking creature. They befriend each other and Shiina names it ""Hoshimaru: The Round Star."" When Shiina returns home after the summer to go back to school, she starts meeting other kids that also have befriended a strange creature like Hoshimaru. But she soon finds out that not all these creatures and their masters are as friendly as Hoshimaru. (Source: ANN)","['Adaptation (Manga) Narutaru: Mukuro Naru Hoshi Tama Taru Ko', '']",Narutaru: Mukuro Naru Hoshi Tama Taru Ko,,,['Seinen'],,,,
6,"Po-Po-Tan, Popo-tan",ぽぽたん,,['TV'],12,Finished Airing,"Jul 18, 2003 to Oct 3, 2003",['Summer 2003'],Unknown,['Bandai Visual'],"['Sentai Filmworks', 'Geneon Entertainment USA']",['Shaft'],Visual novel,"['Comedy', 'Drama', 'Supernatural', 'Ecchi']",,24 min. per ep.,R+ - Mild Nudity,6.26,#8527,#4614,"25,965",64,10538,"Beautiful sisters Ai, Mai, Mii, their android maid Mea and slippery pet ferret Unagi make an amazing journey together through time and space without ever leaving their beloved mansion behind! Following the clues of the strange dandelion-like ""Popotan,"" the girls are theoretically seeking the person who has the answers to their most personal questions, but they seem to have more than enough time to take side trips, meet new friends, visit hot springs and occasionally operate the X-mas shop they keep in the house along the way! Yet, the girls' ultimate destiny holds more than a few surprises of its own, and not every moment is filled with hilarity, as moving through time means having to leave friends behind as well. (Source: RightStuf)","['Adaptation (Manga) Popotan', '']",Popotan,,,,['Time Travel'],,,
7,Happy Lesson: Advance,HAPPY☆LESSON ADVANCE,,['TV'],13,Finished Airing,"Jul 3, 2003 to Sep 28, 2003",['Summer 2003'],Unknown,['KSS'],"None found,",['Studio Hibari'],['Manga'],"['Comedy', 'Romance']",,24 min. per ep.,PG-13 - Teens 13 or older,6.76,#5573,#5606,"15,999",8,6891,Hitotose Chitose is now living together with his 5 teachers as his mothers when a mysterious girl appears and becomes their neighbor which turns out that that person is Nagatsuki Kuron who wants Mu-chan to be her mother so another sibling rivalry ensues as to who would end up as Mu-chan's child. (Source: ANN),"['Prequel (TV) Happy☆Lesson (TV)', 'Sequel (OVA) Happy☆Lesson The Final', 'Adaptation (Manga) Happy★Lesson: Mama Sensei wa Saikou!', '']",Happy☆Lesson Advance,,,,['Harem'],Happy☆Lesson Advance,,
8,,ダイバージェンス・イヴ,,['TV'],13,Finished Airing,"Jul 2, 2003 to Sep 24, 2003",['Summer 2003'],Wednesdays at 10:00 (JST),"['Media Factory', 'Imagica', 'KlockWorx']","['ADV Films', 'Sentai Filmworks']",['Radix'],Original,"['Adventure', 'Drama', 'Sci-Fi']","['Mecha', 'Military', 'Space']",24 min. per ep.,R+ - Mild Nudity,5.90,#10442,#5861,"14,231",15,4782,"In the 24th Century, Intergalactic Space Travel has become a reality. One of the first outposts in the far reaches of space is WATCHER'S NEST - an inflation hole drive portal - which has recently come under attack by a mysterious force known simply as GHOUL... A group of young female cadets assigned to the portal are unexpectedly thrown into a hornet's nest of trouble as they finalize their training to become an elite pilot in the Seraphim Squadron. (Source: DVD Collection Back Cover)","['Sequel (TV) Divergence Eve 2: Misaki Chronicles', '']",Divergence Eve,,,,,,,
9,"Rumic Theater, Rumiko Takahashi Theater, Rumic World TV",高橋留美子劇場,Rumiko Takahashi Anthology,['TV'],13,Finished Airing,"Jul 6, 2003 to Sep 28, 2003",['Summer 2003'],Sundays at 00:55 (JST),['Tokyo Movie Shinsha'],['Geneon Entertainment USA'],['TMS Entertainment'],['Manga'],"['Comedy', 'Drama', 'Romance', 'Supernatural']",,24 min. per ep.,PG-13 - Teens 13 or older,7.14,#3713,#7288,"8,343",8,2429,"Shelter. Employment. Companionship. Rumiko Takahashi explores the stress that can befall people when these basic necessities become endangered. From penguins to wedding chapels and to amnesiac husbands, each episode explores supposedly normal people under extreme situations with all of the dramatic skill and warped comedy that you expect from the world-famous creator of InuYasha, Ranma 1/2, Urusei Yatsura! (Source: Geneon)","['Adaptation (Manga) P no Higeki: Takahashi Rumiko Kessakushuu', 'Adaptation (Manga) Senmu no Inu: Takahashi Rumiko Kessakushuu', 'Adaptation (Manga) Akai Hanataba: Takahashi Rumiko Kessakushuu', '']",Takahashi Rumiko Gekijou,,Rumiko Takahashi Anthologie,['Seinen'],,El Teatro de Rumiko,,
10,,シンデレラボーイ,,['TV'],13,Finished Airing,"Jun 21, 2003 to Sep 13, 2003",['Summer 2003'],Saturdays at 10:30 (JST),"None found,",['Discotek Media'],['Magic Bus'],['Manga'],"['Action', 'Adventure', 'Comedy', 'Mystery']",,25 min. per ep.,PG-13 - Teens 13 or older,6.32,#8141,#7291,"8,330",9,3023,Ranma and his partner Rera run a detective agency in Giraffe City. An arranged accident leaves Rera and Ranma in an unfortunate state where the two detectives swap bodies at the stroke of midnight. With Ranma dissapearing and the beautiful Rera appearing. (Source: ANN),"['Adaptation (One-shot) Cinderella Boy', '']",Cinderella Boy,,,['Seinen'],['Magical Sex Shift'],,,
11,"Sumeba Miyako no Cosmos-sou Suttoko Taisen Dokkoida, Sumeba Miyako no Cosmos-sou Suttoko Taisen Dokkoider",住めば都のコスモス荘 すっとこ大戦ドッコイダー,Dokkoida?!,['TV'],12,Finished Airing,"Jul 13, 2003 to Sep 28, 2003",['Summer 2003'],Sundays at 02:25 (JST),"['Media Factory', 'KlockWorx', 'Memory-Tech', 'Toshiba Entertainment', 'Toshiba Digital Frontiers']","['Sentai Filmworks', 'Geneon Entertainment USA']",['ufotable'],['Light novel'],"['Action', 'Adventure', 'Comedy', 'Sci-Fi']",,24 min. per ep.,PG-13 - Teens 13 or older,6.76,#5536,#7846,"6,920",15,2568,"The Galaxy Federation Police (GFP) desperately wants to cover-up its personnel shortage with new mechanized power-suits. Suzuo, 19-years old, desperately needs a job. Tampopo needs an earthling to fit the prototype of her company's suit and declares Suzuo the perfect candidate! Strong competitors and the wacky A-class criminals fight against our hero in diapers, but they must not recognize each other out of costume or the test results will be a failure- but it's OK if they all live in the same apartment building to save money, right? (Source: Sentai Filmworks)","['Adaptation (Manga) Sumeba Miyako no Cosmos-sou', '']",Sumeba Miyako no Cosmos-sou Suttoko Taisen Dokkoida,,Dokkoider!?,['Shounen'],['Parody'],,,
12,,IGPX: Immortal Grand Prix,,['TV'],5,Finished Airing,"Sep 15, 2003 to Sep 19, 2003",['Summer 2003'],Unknown,"None found,","['Bandai Entertainment', 'Discotek Media']","['Bee Train', 'Production I.G']",Original,"['Sci-Fi', 'Sports']",,5 min. per ep.,PG-13 - Teens 13 or older,6.51,#6995,#9106,"4,735",5,1631,"In the year 2035, Team Suzaku and Team Sledge Mamma are preparing to meet in the final round of the 12th Immortal Grand-1 Prix (IG1 or IGPX). Takeshi leads Team Suzaku, which is made up of a group of young amateur pilots who must make the most of their limited funds and weaponry in order to prepare for the competition designed for professionals. This series served as the pilot to the full IGPX: Immortal Grand Prix, each episode is only 5 minutes long or less. A key difference between the two is that this series featured combat mecha competition rather than racing mecha.",[],IGPX: Immortal Grand Prix,,,,['Mecha'],,,
13,"Go forward, Let's Go Straight Ahead!, Let's Walk Straight",まっすぐにいこう。,,['TV'],4,Finished Airing,"Aug 18, 2003 to Aug 21, 2003",['Summer 2003'],Not scheduled once per week,['Yomiuri Telecasting'],"None found,",['Yumeta Company'],['Manga'],"['Comedy', 'Slice of Life']",,21 min. per ep.,PG - Children,6.38,#7816,#9167,"4,649",7,1422,"A talking dog is a beautiful story that you should have dreamt of as a child. But if you have forgotten about it, this is a reminder of that fable story. This is the story of a dog that talks, but ordinary people cannot hear his voice. The main character, Mametaro, is an adventurous crossbreed dog. He loves his owner, Iku-chan and his girlfriend Hanako-chan very much. However, he just cannot stand Iku-chan's friend, Akiyoshi. During this story, which will be told from Mametaro's point of view, the warm days of spring are finally here. The school and the riverbank, which is actually just an ordinary neighborhood for people, seems like a mysterious world that extends infinitely to little Mametaro and his friends. (Source: AniDB)","['Sequel (TV) Massugu ni Ikou. 2nd Season', 'Adaptation (Manga) Massugu ni Ikou.']",Massugu ni Ikou.,,,['Josei'],['Pets'],,,
14,"Guardian Fairy Michel, Michel: The Little Guardian, Shouhu Jingling",수호요정 미셸,Michel,['TV'],26,Finished Airing,"Jun 6, 2003 to Dec 11, 2003",['Summer 2003'],Unknown,['Iconix Entertainment'],"None found,",['DR Movie'],Unknown,"['Adventure', 'Fantasy']",,25 min. per ep.,PG - Children,6.19,#8890,#14502,941,0,239,"A girl named Kim chases a group of thieves called the Black Hammer Gang. Until one day the Black Hammer gang and Kim fall on an island inhabited by fairies and it's guardian Michel. The Black Hammer Gang tries to steal the life source of the island called the tree of life. Causing damage to the land and kidnapping the fairies, Michel and Kim have to combat the Black Hammer gang and take back the fairies. (Source: ANN)",[],Suhoyojeong Michel,,,['Kids'],,,,
15,Mini Moni ja TV,ミニモニ. じゃてーびぃ,,['TV'],15,Finished Airing,"Sep 8, 2003 to Sep 26, 2003",['Summer 2003'],Unknown,"None found,","None found,","None found,",Other,,,1 min. per ep.,G - All Ages,5.25,#12815,#15006,817,2,323,"The J-pop group Mini Moni has opened a cheerful little cake shop. Leader Mika-chan struggles to keep Aibon and Nono from causing trouble, all the while teaching new member Ai-chan the ropes. Regular customers include lively flower shop owner Yaguchi-san, and her flight attendant friend Gocchin, who is constantly trying to impress everyone with her non-existent knowledge of the places she claims her job has taken her. (Source: ANN)",[],Mini Moni the TV,,,,,,['Comedy'],
16,Nezha Chuan Qi,哪吒传奇,The Legend of Nezha,['TV'],52,Finished Airing,"Jun 1, 2003 to Jul 2004",['Summer 2003'],Sundays at Unknown,"None found,","None found,",['CCTV Animation'],Original,,,22 min. per ep.,PG - Children,6.83,#5204,#15385,725,2,222,"The Legend of Nezha narrative The story of Natra, the heavenly boy who was born bare, very mischievous, but the temperament, the mentality of goodness, always towards the righteous. With powerful martial arts and magic, he tried to save the evil to bring peaceful life for people in the time of raging love.",[],Nezha Chuanqi,,,,,,['Adventure'],
17,My Little Fox,꼬마여우 요랑,,['TV'],26,Finished Airing,"Jul 23, 2003 to Feb 11, 2004",['Summer 2003'],Unknown,['KBS'],"None found,","None found,",Unknown,"['Adventure', 'Comedy', 'Fantasy']",,23 min. per ep.,G - All Ages,[],#18563,#16373,576,4,,"Yorang, a fox who lives in heaven and has important responsibilities, would rather play tricks on others and seek fun all day. One day, heaven holds a festival for the completion of the ""Book of Wishes,"" a prestigious work that can help remove the black fox's seal. During this festival, Yo-rang, who is very mischievous, throws away the valuable book. Heaven is threatened by the black fox's bad magic. Yo-rang, responsible for the debacle, searches for the book and meets a boy named ""Kang-hyun,"" who loses his mother at an early age and moves to the Fox Village from Seoul, with his father. Kang-hyun and Yo-rang look for the book together. But the black fox tries to ruin their plan, and Kang-hyun and Yo-rang encounter all kinds of hardship. In the end, they develop a strong friendship. (Source: Arirang TV)",[],Hey Yo Yorang,,,['Kids'],,,,
18,NARUTO,ナルト,Naruto,['TV'],220,Finished Airing,"Oct 3, 2002 to Feb 8, 2007",['Fall 2002'],Thursdays at 19:30 (JST),"['TV Tokyo', 'Aniplex', 'Shueisha']",['VIZ Media'],['Pierrot'],['Manga'],"['Action', 'Adventure', 'Fantasy']",,23 min. per ep.,PG-13 - Teens 13 or older,8.01,#653,#9,"2,967,172","82,512",2044904,"Moments before Naruto Uzumaki's birth, a huge demon known as the Nine-Tailed Fox attacked Konohagakure, the Hidden Leaf Village, and wreaked havoc. In order to put an end to the demon's rampage, the leader of the village, the Fourth Hokage, sacrificed his life and sealed the monstrous beast inside the newborn Naruto. In the present, Naruto is a hyperactive and knuckle-headed ninja growing up within Konohagakure. Shunned because of the demon inside him, Naruto struggles to find his place in the village. His one burning desire to become the Hokage and be acknowledged by the villagers who despise him. However, while his goal leads him to unbreakable bonds with lifelong friends, it also lands him in the crosshairs of many deadly foes. [Written by MAL Rewrite]","['Sequel (TV) Naruto: Shippuuden', 'Adaptation (Manga) Naruto']",Naruto,,,['Shounen'],['Martial Arts'],,,
19,OP,ONE PIECE,One Piece,['TV'],Unknown,Currently Airing,"Oct 20, 1999 to ?",['Fall 1999'],Sundays at 09:30 (JST),"['Fuji TV', 'TAP', 'Shueisha']","['Funimation', '4Kids Entertainment']",['Toei Animation'],['Manga'],"['Action', 'Adventure', 'Fantasy']",,24 min.,PG-13 - Teens 13 or older,8.73,#51,#17,"2,497,592","234,839",1420240,"Barely surviving in a barrel after passing through a terrible whirlpool at sea, carefree Monkey D. Luffy ends up aboard a ship under attack by fearsome pirates. Despite being a naive-looking teenager, he is not to be underestimated. Unmatched in battle, Luffy is a pirate himself who resolutely pursues the coveted One Piece treasure and the King of the Pirates title that comes with it. The late King of the Pirates, Gol D. Roger, stirred up the world before his death by disclosing the whereabouts of his hoard of riches and daring everyone to obtain it. Ever since then, countless powerful pirates have sailed dangerous seas for the prized One Piece only to never return. Although Luffy lacks a crew and a proper ship, he is endowed with a superhuman ability and an unbreakable spirit that make him not only a formidable adversary but also an inspiration to many. As he faces numerous challenges with a big smile on his face, Luffy gathers one-of-a-kind companions to join him in his ambitious endeavor, together embracing perils and wonders on their once-in-a-lifetime adventure. [Written by MAL Rewrite]","['Adaptation (Manga) One Piece', 'Adaptation (Light Novel) One Piece: Loguetown-hen']",One Piece,,,['Shounen'],,,,
20,Inu Yasha,犬夜叉,InuYasha,['TV'],167,Finished Airing,"Oct 16, 2000 to Sep 13, 2004",['Fall 2000'],Mondays at 19:00 (JST),['Yomiuri Telecasting'],['VIZ Media'],['Sunrise'],['Manga'],"['Action', 'Adventure', 'Fantasy', 'Romance']","['Historical', 'Love Polygon', 'Mythology', 'Time Travel']",24 min. per ep.,PG-13 - Teens 13 or older,7.87,#894,#245,"827,227","19,337",402579,"Kagome Higurashi's 15th birthday takes a sudden turn when she is forcefully pulled by a demon into the old well of her family's shrine. Brought to the past, when demons were a common sight in feudal Japan, Kagome finds herself persistently hunted by these vile creatures, all yearning for an item she unknowingly carries: the Shikon Jewel, a small sphere holding extraordinary power. Amid such a predicament, Kagome encounters a half-demon boy named Inuyasha who mistakes her for Kikyou, a shrine maiden he seems to resent. Because of her resemblance to Kikyou, Inuyasha takes a violent dislike to Kagome. However, after realizing the dire circumstances they are both in, he sets aside his hostility and lends her a hand. Unfortunately, during a fight for the Shikon Jewel, the miraculous object ends up shattered into pieces and scattered across the land. Fearing the disastrous consequences of this accident, Kagome and Inuyasha set out on a challenging quest to recover the shards before they fall into the wrong hands. [Written by MAL Rewrite]","['Sequel (TV) InuYasha: Kanketsu-hen', 'Adaptation (Manga) InuYasha']",InuYasha,,,['Shounen'],,Inuyasha,,
21,"Yugioh, Yu-Gi-Oh!, Yu-Gi-Oh!: Duel Monsters, Yugioh: Duel Monsters, Yu-Gi-Oh! Duel Monsters",遊☆戯☆王　デュエルモンスターズ,Yu-Gi-Oh!,['TV'],224,Finished Airing,"Apr 18, 2000 to Sep 29, 2004",['Spring 2000'],Tuesdays at 19:28 (JST),"['Nihon Ad Systems', 'Shueisha']",['Konami'],['Gallop'],['Manga'],"['Action', 'Adventure', 'Fantasy']",,23 min. per ep.,PG-13 - Teens 13 or older,7.50,#1978,#603,"412,205","5,011",259909,"Yuugi Mutou is a naïve and lonely high school student who is fascinated by games. While staying with his grandfather, the owner of a game shop, he comes across an ancient Egyption relic known as the ""Millennium Puzzle."" Rumored to grant any wish to those who solve the Puzzle, Yuugi becomes determined to solve it to wish for some friends. After years of struggling, Yuugi manages to complete the puzzle and mysteriously finds that his wish has been fulfilled. Meanwhile, a new card game known as ""Duel Monsters"" starts rising in popularity. In this game, players called duelists fight against each other with ""monsters"" by using magic and trap cards to foil their opponent's plans. Yuugi quickly becomes skilled at the game and lives a peaceful life with his newfound friends. However, Yuugi's peace is short-lived. The undefeated duelist and egocentric billionaire Seto Kaiba suddenly abducts Yuugi's grandfather, forcing him to duel against the rare ""Blue Eyes White Dragon'' card. Yuugi is thrown into a new world of fierce battles and the stakes continue to rise as dark forces interfere from the shadows. After unexpectedly defeating Kaiba with the help of his ""other self""—the spirit of a nameless pharaoh—contained in the puzzle, he unofficially becomes the top duelist known as ""The King of Games."" However, this new title will attract covetousness and Yuugi will have to use all his intelligence and willpower in order to protect what he holds the dearest to him. [Written by MAL Rewrite]","['Prequel (TV) Yu☆Gi☆Oh!', 'Sequel (TV) Yu☆Gi☆Oh! Duel Monsters GX', 'Sequel (Movie) Yu☆Gi☆Oh! The Dark Side of Dimensions', 'Adaptation (Manga) Yu☆Gi☆Oh!']",Yu☆Gi☆Oh! Duel Monsters,,Yu-Gi-Oh!,['Shounen'],['Strategy Game'],,,
22,"Ghost in the Shell SAC, Ghost in the Shell: Stand Alone Complex",攻殻機動隊 STAND ALONE COMPLEX,Ghost in the Shell: Stand Alone Complex,['TV'],26,Finished Airing,"Oct 1, 2002 to Oct 1, 2003",['Fall 2002'],Fridays at 15:30 (JST),"['Bandai Visual', 'Dentsu', 'Victor Entertainment', 'Animax', 'Kodansha', 'Trilogy Future Studio', 'Tokuma Shoten', 'Nippon Television Network']","['Bandai Entertainment', 'Manga Entertainment']",['Production I.G'],['Manga'],"['Action', 'Award Winning', 'Mystery', 'Sci-Fi']","['Adult Cast', 'Detective', 'Mecha', 'Military']",25 min. per ep.,R - 17+ (violence & profanity),8.42,#188,#607,"409,453","8,764",168075,"In the not so distant future, mankind has advanced to a state where complete body transplants from flesh to machine is possible. This allows for great increases in both physical and cybernetic prowess and blurring the lines between the two worlds. However, criminals can also make full use of such technology, leading to new and sometimes, very dangerous crimes. In response to such innovative new methods, the Japanese Government has established Section 9, an independently operating police unit which deals with such highly sensitive crimes. Led by Daisuke Aramaki and Motoko Kusanagi, Section 9 deals with such crimes over the entire social spectrum, usually with success. However, when faced with a new A level hacker nicknamed ""The Laughing Man,"" the team is thrown into a dangerous cat and mouse game, following the hacker's trail as it leaves its mark on Japan. [Written by MAL Rewrite]","['Sequel (TV) Koukaku Kidoutai: Stand Alone Complex 2nd GIG', 'Adaptation (Light Novel) Koukaku Kidoutai: Stand Alone Complex', 'Adaptation (Manga) Koukaku Kidoutai: Stand Alone Complex Read Manga', 'Adaptation (Manga) Koukaku Kidoutai: Stand Alone Complex - The Laughing Man']",Koukaku Kidoutai: Stand Alone Complex,Ghost in the Shell: Stand Alone Complex,Ghost in The Shell: Stand Alone Complex,['Seinen'],,Ghost In The Shell : Stand Alone Complex,,
23,Detective Conan,名探偵コナン,Case Closed,['TV'],Unknown,Currently Airing,"Jan 8, 1996 to ?",['Winter 1996'],Saturdays at 18:00 (JST),"['Yomiuri Telecasting', 'Shogakukan', 'Audio Planning U', 'Tokyo Movie', 'Polydor Records']","['Funimation', 'Crunchyroll']",['TMS Entertainment'],['Manga'],"['Adventure', 'Comedy', 'Mystery']",,24 min.,PG-13 - Teens 13 or older,8.17,#435,#706,"360,892","15,328",164366,"Shinichi Kudou, a high school student of astounding talent in detective work, is well known for having solved several challenging cases. One day, when Shinichi spots two suspicious men and decides to follow them, he inadvertently becomes witness to a disturbing illegal activity. Unfortunately, he is caught in the act, so the men dose him with an experimental drug formulated by their criminal organization, leaving him to his death. However, to his own astonishment, Shinichi lives to see another day, but now in the body of a seven-year-old child. Perfectly preserving his original intelligence, he hides his real identity from everyone, including his childhood friend Ran Mouri and her father, private detective Kogorou Mouri. To this end, he takes on the alias of Conan Edogawa, inspired by the mystery writers Arthur Conan Doyle and Ranpo Edogawa. Shinichi, as Conan, starts secretly solving the senior Mouri's cases from behind the scenes with his still exceptional sleuthing skills, while covertly investigating the organization responsible for his current state, hoping to reverse the drug's effects someday. [Written by MAL Rewrite]","['Adaptation (Manga) Meitantei Conan', '']",Meitantei Conan,Case Closed,,['Shounen'],['Detective'],,,
24,Technolyze,TEXHNOLYZE,Texhnolyze,['TV'],22,Finished Airing,"Apr 17, 2003 to Sep 25, 2003",['Spring 2003'],Thursdays at 03:28 (JST),"['Group TAC', 'Rondo Robe', 'Fuji TV', 'Pioneer LDC', 'Geneon Entertainment USA']",['Funimation'],['Madhouse'],Original,"['Avant Garde', 'Drama', 'Mystery', 'Sci-Fi', 'Suspense']","['Adult Cast', 'Organized Crime', 'Psychological']",23 min. per ep.,R+ - Mild Nudity,7.76,#1118,#973,"267,294","5,331",60178,"In the dark underground city of Lux, people live in fear and despair under the rule of various criminal factions. Almost secluded from the surface, the gangs' only interaction with the outer world is their mining operation of ""raffia,"" which is the raison d'être of the city. Available only in Lux, this rare substance is the basis of ""texhnolyze"" transplants that permit humans to replace parts of their body with cybernetic prostheses. The latter have the particularity not to trigger an immune response in their hosts and the ""Class"" has the privilege to conduct research on them. This elusive organization, also in charge of the raffia production, delegates its executive authority to a group called Organo led by Keigo Oonishi—a self-righteous man with texhnolyzed legs who is rumored to hear the ""voice of the city."" The fragile balance of powers in Lux is disturbed when a mysterious visitor named Kazuho Yoshii begins committing a series of crimes that puts the gangs at each other's throats. In the midst of the chaos, new actors emerge: Ichise, an ex-boxer mutilated by Organo and recently texhnolyzed by Eriko ""Doc"" Kamata; and Ran, a young florist who can see the future. While Lux steadily plunges into insanity, both Ichise and Ran find themselves involved in the greatest crisis the city has ever faced. [Written by MAL Rewrite]",[],Texhnolyze,,,,,,,
25,"Pocket Monsters: Advanced Generation, Advanced Challenge, Advanced Battle, Battle Frontier",ポケットモンスター　アドバンスジェネレーション,Pokémon: Advanced,['TV'],192,Finished Airing,"Nov 21, 2002 to Sep 14, 2006",['Fall 2002'],Thursdays at 19:00 (JST),"['TV Tokyo', 'TV Tokyo Music', 'Shogakukan Productions']","['VIZ Media', '4Kids Entertainment', 'The Pokemon Company International']",['OLM'],Game,"['Action', 'Adventure', 'Comedy', 'Fantasy']",,24 min. per ep.,PG - Children,7.13,#3776,#1307,"195,946",295,120802,"After participating in the Johto League, Satoshi decides to begin anew in yet another journey; this time by himself and Pikachu, in the land of Houen. Though he isn't alone for long, as 10-year-old Haruka (whom dislikes Pokemon, but just wants to come along to see the world) travels with him after Pikachu destroys her bicycle. Satoshi also meets up with his old companion, Takeshi, and Haruka's younger brother, Masato. Together, they travel along in Houen, battling Gym Leaders, entering contests, and other events on the way to the Houen League. (Source: ANN, edited)","['Prequel (TV) Pokemon', 'Sequel (TV) Pokemon Diamond & Pearl']",Pokemon Advanced Generation,Pokémon: Rubin und Saphir,Pokémon Advance,['Kids'],,Pokémon Advanced,,
26,"TeniPuri, PoT",テニスの王子様,The Prince of Tennis,['TV'],178,Finished Airing,"Oct 10, 2001 to Mar 23, 2005",['Fall 2001'],Wednesdays at 19:00 (JST),"['Production I.G', 'TV Tokyo', 'Nihon Ad Systems']","['Funimation', 'VIZ Media']",['Trans Arts'],['Manga'],,,22 min. per ep.,PG-13 - Teens 13 or older,7.85,#920,#1341,"190,933","3,041",86561,"At the request of his father, tennis prodigy Ryouma Echizen has returned from America and is ready to take the Japanese tennis scene by storm. Aiming to become the best tennis player in the country, he enrolls in Seishun Academy—home to one of the best middle school tennis teams in Japan. After Ryouma catches the captain's eye, he finds himself playing for a spot on the starting lineup in the intra-school ranking matches despite only being a freshman. Due to his age, the rest of the Seishun Boys' Tennis Team are initially reluctant to accept him, but his skill and determination convinces them to let him in. Armed with their new ""super rookie,"" Seishun sets out to claim a spot in the National Tournament, hoping to take the coveted title for themselves. In order to do so, the team must qualify by playing through the Tokyo Prefectural and Kanto Regionals. Yet, the road ahead of them is shared by a plethora of strong schools, each playing tennis in unique ways for their own reasons. Ryouma and his teammates must learn to cooperate if they want to become the champions they aspire to be. [Written by MAL Rewrite]","['Sequel (OVA) Tennis no Oujisama: Zenkoku Taikai-hen', 'Adaptation (Manga) Tennis no Oujisama']",Tennis no Oujisama,,The Prince of Tennis,['Shounen'],['School'],,['Sports'],
27,"DN Angel, DNAngel",Ｄ・Ｎ・ＡＮＧＥＬ,D.N.Angel,['TV'],26,Finished Airing,"Apr 3, 2003 to Sep 25, 2003",['Spring 2003'],Thursdays at 18:30 (JST),['Kadokawa Shoten'],"['ADV Films', 'Discotek Media']",['Xebec'],['Manga'],"['Action', 'Comedy', 'Fantasy', 'Romance']",,23 min. per ep.,PG-13 - Teens 13 or older,7.16,#3588,#1365,"188,310","1,282",100382,"Daisuke Niwa is a clumsy, block-headed, and wimpy middle school student who has few redeeming qualities. On his 14th birthday, he finally decides to confess his love to his longtime crush Risa Harada, but is rejected. In an unexpected turn of events, however, Daisuke finds himself transforming into Dark Mousy, the infamous phantom thief, whenever his mind is set on Risa. Though Daisuke is unaware of this strange heritage, his mother is certainly not: since before the boy was born, his mother had been planning for him to steal valuable works of art and let the name of the elusive art thief be known. With doubt and confusion constantly clouding his mind, Daisuke finds himself struggling in his relationships with classmates and family. And it is not long before Daisuke realizes that he is not the only one with a fated family legacy—his greatest adversary could be the one classmate he is most unwilling to fight. [Written by MAL Rewrite]","['Adaptation (Manga) D.N.Angel', '']",D.N.Angel,,,['Shoujo'],['School'],,,
28,,LAST EXILE（ラストエグザイル）,Last Exile,['TV'],26,Finished Airing,"Apr 8, 2003 to Sep 30, 2003",['Spring 2003'],Tuesdays at 01:30 (JST),"['GDH', 'Victor Entertainment', 'TV Tokyo Music']","['Funimation', 'Geneon Entertainment USA']",['Gonzo'],Original,"['Action', 'Adventure', 'Sci-Fi']",,24 min. per ep.,PG-13 - Teens 13 or older,7.78,#1084,#1406,"180,400","1,889",72671,"In the world of Prester, flight is the dominant mode of transportation, made possible by Claudia Fluid: a liquidized form of the crystals that are produced on the planet. An organization known solely as ""the Guild"" has absolute authority over the skies, with a monopoly on the engines that make use of this fluid. Moreover, as ecological disasters destabilize the warring countries of Anatoray and Disith, the Guild also arbitrates in the disputes between the two. Caught in the middle of the conflict are Sky Couriers, piloting small, two-person vanships that fly freely through the sky. Last Exile follows the adventures of two teenagers who dream of surpassing their parents: Claus Valca, son of a famous vanship pilot, and Lavie Head, Claus' best friend and navigator. Their job as couriers entails passing through an air current called the Grand Stream that separates the hostile nations, which even standard airships struggle to survive. However, when they take on a high-rated delivery to bring an orphan girl named Alvis Hamilton to the battleship Silvana, they get dragged into a much greater conflict that pits them against the might of the Guild. [Written by MAL Rewrite]","['Sequel (TV) Last Exile: Ginyoku no Fam', 'Adaptation (Manga) Last Exile: Sunadokei no Tabibito']",Last Exile,,,,,,,
29,Kidou Senshi Gundam SEED,機動戦士ガンダムSEED,Mobile Suit Gundam SEED,['TV'],50,Finished Airing,"Oct 5, 2002 to Sep 27, 2003",['Fall 2002'],Saturdays at 18:00 (JST),"['Sotsu', 'Asatsu DK', 'Mainichi Broadcasting System', 'Sony Music Entertainment', 'Atelier Musa']","['Nozomi Entertainment', 'Bandai Entertainment', 'NYAV Post']",['Sunrise'],Original,"['Action', 'Award Winning', 'Drama', 'Romance', 'Sci-Fi']","['Mecha', 'Military', 'Space']",24 min. per ep.,R - 17+ (violence & profanity),7.74,#1190,#1417,"178,126","3,660",99081,"In the year Cosmic Era 0071, the space colony Heliopolis remains neutral in the great war raging across the galaxy between Coordinators, human beings whose biological traits have been altered before birth, and Naturals, unaltered people who remain on the planet Earth. The Naturals' deep hatred of the Coordinators drove the advanced beings into space, seeking shelter in man-made colonies. Kira Yamato is a Coordinator and university student on Heliopolis, when his life is thrown into disarray as ZAFT, the military organization composed of rebellious Coordinators, attacks the colony in an effort to steal a set of five state-of-the-art military mobile suits known as Gundams. While ZAFT manages to make off with four of the mobile suits, Kira take control of the final Gundam, the Strike. Surviving the battle, Kira and his college friends join the crew of the Archangel, a ship run by the Earth Alliance, and the young soldiers experience the horrors of war and the loss that comes with it. [Written by MAL Rewrite]","['Sequel (Special) Kidou Senshi Gundam SEED: Hoshi no Hazama de', 'Adaptation (Manga) Kidou Senshi Gundam SEED', 'Adaptation (Light Novel) Kidou Senshi Gundam SEED', '']",Kidou Senshi Gundam SEED,Mobile Suit Gundam Seed,Mobile Suit Gundam Seed,,,Mobile Suit Gundam Seed,,
30,"12 Kingdoms, Juuni Kokki",十二国記,The Twelve Kingdoms,['TV'],45,Finished Airing,"Apr 9, 2002 to Aug 30, 2003",['Spring 2002'],Unknown,"['NHK', 'Sogo Vision']","['Media Blasters', 'Discotek Media']",['Pierrot'],Novel,"['Action', 'Adventure', 'Fantasy']",,25 min. per ep.,PG-13 - Teens 13 or older,8.01,#649,#1560,"161,575","2,566",47626,"Youko Nakajima has only ever wanted to be normal. She does what she is asked, gets good grades, is the class president, and even helps her classmates whenever she can—but because of her red hair, she has never fit in. With her pushover attitude, Youko lets classmates take advantage of her, so she has nobody she can really call a friend. But on an otherwise ordinary day, a man who claims to be from another world barges into Youko's classroom and bows before her. This elegant blond-haired man, Keiki, claims that Youko is his master and belongs on the throne of his kingdom. However, their first meeting is cut short as Keiki has been followed by otherworldly beasts called youma. He is able to escape with Youko into his own realm, but two other classmates—Ikuya Asano and Yuka Sugimoto—are caught up in the madness as well. Unfortunately, their troubles have only just begun, as the youma attack leaves them separated from Keiki. Alone in this strange new land, these ordinary students must learn to fend for themselves or die. [Written by MAL Rewrite]","['Adaptation (Light Novel) Juuni Kokuki', '']",Juuni Kokuki,The Twelve Kingdoms,Les 12 Royaumes,,['Isekai'],Doce Reinos,,
31,,金色のガッシュベル!!,Zatch Bell!,['TV'],150,Finished Airing,"Apr 6, 2003 to Mar 26, 2006",['Spring 2003'],Sundays at 09:00 (JST),"['Yomiko Advertising', 'Fuji TV']","['VIZ Media', 'Flatiron Film Company']",['Toei Animation'],['Manga'],"['Action', 'Adventure', 'Comedy', 'Supernatural']",,23 min. per ep.,PG-13 - Teens 13 or older,7.55,#1773,#1817,"132,196","1,314",62537,"Takamine Kiyomaro, a depressed don't-care-about-the-world guy, was suddenly given a little demon named Gash Bell to take care of. Little does he know that Gash is embroiled into an intense fight to see who is the ruler of the demon world. All of the demons have to pick a master on Earth and duke it out with other demons until one survives. Needless to say, Kiyomaro becomes Gash's master, and through their many battles, Kiyomaro learns the importance of friendship and courage.","['Adaptation (Manga) Konjiki no Gash!!', '']",Konjiki no Gash Bell!!,,Zatch Bell!,['Shounen'],['Mythology'],,,
32,GetBackers: Dakkanya,ゲットバッカーズ　奪還屋,Getbackers,['TV'],49,Finished Airing,"Oct 5, 2002 to Sep 20, 2003",['Fall 2002'],Saturdays at 17:30 (JST),"['TBS', 'Kodansha', 'Rondo Robe', 'Rakuonsha']","['ADV Films', 'Sentai Filmworks']",['Studio Deen'],['Manga'],"['Action', 'Mystery', 'Supernatural']",,24 min. per ep.,PG-13 - Teens 13 or older,7.57,#1697,#1888,"125,541",887,54789,"Mido Ban and Amano Ginji are known as the Get Backers, retrievers with a success rate of 100%. Whatever is lost or stolen, they can definitely get it back. Despite their powerful abilities and enthusiastic behavior, Ban and Ginji are terminally broke no matter what they do simply because few people would actually desire to hire them. As a result, the pair of them tend to do dangerous jobs, often leading to unwanted re-encounters with their old (and dangerous) friends.","['Adaptation (Manga) GetBackers', '']",GetBackers,Getbackers,Get Backers,['Shounen'],['Super Power'],Get Backers,,
33,Haiki Oujo,スクラップド・プリンセス,Scrapped Princess,['TV'],24,Finished Airing,"Apr 8, 2003 to Oct 7, 2003",['Spring 2003'],Tuesdays at 18:00 (JST),"['Kadokawa Shoten', 'A-Line']","['Funimation', 'Bandai Entertainment']",['Bones'],['Light novel'],"['Action', 'Adventure', 'Drama', 'Fantasy', 'Sci-Fi']",,23 min. per ep.,PG-13 - Teens 13 or older,7.36,#2528,#2228,"99,337",429,39113,"Born to the royal family, Pacifica Casull has earned the nickname ""Scrapped Princess"" after an apocalyptic prophecy foretells her destroying the world on her 16th birthday. Rescued from certain death by a kindly family, she takes shelter with her adoptive older brother and sister, Shannon and Raquel Casull. When news of her survival reaches the ears of the God Mauser's worshippers, they issue her death at all costs, forcing Pacifica to flee for her life. Plagued by threats from the church, the nobility and even the common people, the three siblings attempt to outrun the fate Pacifica is destined to bring, all the while questioning if one girl's life is worth the world's demise. The true nature of the Scrapped Princess, along with the harrowing revelations of the world itself, becomes more and more apparent as the princess' 16th birthday fast approaches. [Written by MAL Rewrite]","['Adaptation (Manga) Scrapped Princess', 'Adaptation (Manga) Scrapped Princess', 'Adaptation (Light Novel) Scrapped Princess', '']",Scrapped Princess,,,,['Mecha'],Scrapped Princess: La Princesa Abandonada,,
34,Kaleido Star: New Wings,カレイドスター,Kaleido Star,['TV'],51,Finished Airing,"Apr 3, 2003 to Mar 27, 2004",['Spring 2003'],Saturdays at 09:30 (JST),"['Production I.G', 'TV Tokyo', 'HAL Film Maker', 'HoriPro', 'MediaNet']","['ADV Films', 'Funimation']",['Gonzo'],Original,"['Comedy', 'Drama', 'Supernatural']","['Performing Arts', 'Showbiz']",23 min. per ep.,PG-13 - Teens 13 or older,7.90,#812,#2390,"88,833","1,318",36837,"The Kaleido Stage is known throughout the world for captivating audiences with its amazing acrobatics, innovative routines, and extravagant costumes and sets. It is a place for guests to believe in magic, and Sora Naegino wants nothing more than to be a part of that magic—by becoming an acrobat for the famed circus herself. To realize her dream, she travels from Japan to California to audition for a place in the group. However, Sora learns that she needs much more than her natural talent to bring joy to the faces in the crowd. She quickly discovers just how difficult it is to be a professional performer where the stakes—and the stunts—are higher and mistakes spell danger! To put on performances worthy of the Kaleido Stage, she will need to endure rigorous training, unconventional assignments, fierce competition, and the antics of a mischievous spirit named Fool. Can Sora reach new heights, make new friends, conquer her fears, and surpass her limits to become a Kaleido Star? [Written by MAL Rewrite]","['Sequel (OVA) Kaleido Star: Aratanaru Tsubasa - Extra Stage', '']",Kaleido Star,,,,,,,
35,,クレヨンしんちゃん,Shin Chan,['TV'],Unknown,Currently Airing,"Apr 13, 1992 to ?",['Spring 1992'],Fridays at 19:30 (JST),['TV Asahi'],['Funimation'],['Shin-Ei Animation'],['Manga'],"['Comedy', 'Ecchi']",,21 min.,G - All Ages,7.80,#1030,#2402,"88,094","1,330",42201,"There is no such thing as an uneventful day in the life of kindergartener Shinnosuke ""Shin-chan"" Nohara. The five-year-old is a cut above the most troublesome, perverted, and shameless kid one can imagine. Shin-chan is almost always engaged in questionable activities such as forgetting about a friend during hide and seek, sumo wrestling for love, performing various gags including the notorious ""elephant"" in public, and flirting with college girls. The exemplary troublemaker has done it all and has no plans to stop anytime soon. Crayon Shin-chan follows the daily shenanigans of Shin-chan with his group of friends, parading around as the self-proclaimed ""Kasukabe Defense Force."" The adults witnessing these shenanigans unfold can't help but adore Shin-chan, as he keeps them entertained while unintentionally solving their daily troubles through his mindless antics—leaving himself as the only problem they do not know what to do with. [Written by MAL Rewrite]","['Adaptation (Manga) Crayon Shin-chan', '']",Crayon Shin-chan,Shin Chan,,['Seinen'],['School'],Shin Chan,,
36,,マーメイドメロディー ぴちぴちピッチ,Mermaid Melody: Pichi Pichi Pitch,['TV'],52,Finished Airing,"Apr 5, 2003 to Mar 27, 2004",['Spring 2003'],Saturdays at 08:00 (JST),"['TV Aichi', 'Tokyu Agency', ""We've Inc.""]",['ADV Films'],"['Actas', 'Synergy Japan']",['Manga'],"['Adventure', 'Comedy', 'Fantasy', 'Romance']",,24 min. per ep.,PG - Children,7.19,#3438,#2453,"85,484",998,43877,"As the mermaid princess of the North Pacific (one of the seven mermaid kingdoms), Lucia entrusts a magical pearl to a boy who falls overboard a ship one night. Lucia must travel to the human world to reclaim her pearl and protect the mermaid kingdoms. Using the power of music Lucia is able to protect herself and the mermaid kingdoms from a growing evil force.","['Sequel (TV) Mermaid Melody Pichi Pichi Pitch Pure', 'Adaptation (Manga) Pichi Pichi Pitch: Mermaid Melody']",Mermaid Melody Pichi Pichi Pitch,,,['Shoujo'],['Music'],,,
37,,ソニック X,Sonic X,['TV'],78,Finished Airing,"Apr 6, 2003 to Mar 28, 2004",['Spring 2003'],Sundays at 08:30 (JST),['TV Tokyo'],"['4Kids Entertainment', 'Discotek Media']",['TMS Entertainment'],Game,"['Action', 'Adventure', 'Comedy', 'Sci-Fi']",,24 min. per ep.,PG - Children,6.61,#6436,#2448,"85,710",698,50745,"Sonic the Hedgehog's typical irreverence leads to the coveted chaos emeralds being caught in the crossfire and rendered unstable just before activation. The resulting chaos control engulfs everything for miles around Dr. Eggman's base, and, with scrambled input, nobody can predict the outcome. Isolated from his friends and enemies alike, Sonic awakes in a strange world: an unknown city surrounded by mysterious people. He realizes he has been warped across the universe to an entirely different planet—Earth. As he rushes to escape the equally confused authorities, Sonic finds himself falling head-first into the pool of the illustrious Thorndyke family. Thankfully, Christopher, Thonrdykes' son, saves Sonic and offers protection from a society that mistakenly believes him to be hostile. Sheltered by the family, Sonic resolves to regroup with his friends, save this new world from the threat he brought to them, and find a way home. [Written by MAL Rewrite]",[],Sonic X,,,['Kids'],['Anthropomorphic'],,,
38,,ドラえもん,Doraemon,['TV'],1787,Finished Airing,"Apr 2, 1979 to Mar 18, 2005",['Spring 1979'],Fridays at 19:00 (JST),"['TV Asahi', 'Asatsu DK']","None found,",['Shin-Ei Animation'],['Manga'],"['Adventure', 'Comedy', 'Fantasy', 'Sci-Fi']",,11 min. per ep.,PG - Children,7.86,#898,#2835,"67,030",669,39827,"Nobita Nobi is a normal fourth grade student. This all changes, however, when a blue robotic cat appears from his desk drawer. Calling himself Doraemon, this robot tells Nobita that his future descendants from the 22nd century live in poverty because of all the mistakes he made. Therefore, they have sent Doraemon to serve as a guide and mentor to Nobita, so that their future may change for the better. What Doraemon comes to learn, though, is that Nobita is the weakest and laziest student in the whole school. To assist in his quest, Doraemon has a four-dimensional pocket with him, in which he keeps various machines and gadgets from the future. Unfortunately, these often result in even more trouble for Nobita. Will Doraemon really be able to achieve his mission of changing Nobita, or will he remain as he is? [Written by MAL Rewrite]","['Prequel (TV) Doraemon', 'Sequel (TV) Doraemon (2005)', 'Adaptation (Manga) Doraemon', '']",Doraemon (1979),,,,['Anthropomorphic'],Doraemon,,"['Kids', 'Shounen']"
39,"Tottoko Hamtaro Dechu, Tottoko Hamutaro",とっとこハム太郎,Hamtaro,['TV'],296,Finished Airing,"Jul 7, 2000 to Mar 31, 2006",['Summer 2000'],Fridays at 18:30 (JST),"['TV Tokyo', 'Half H.P Studio']",['VIZ Media'],['TMS Entertainment'],['Manga'],"['Adventure', 'Comedy']",,25 min. per ep.,G - All Ages,7.01,#4330,#2951,"62,643",280,30616,"He's small, fluffy, and absolutely adorable: Hamtarou is one perfect little hamster! After moving to a new house with his owner, 5th grader Hiroko Haruna, Hamtarou discovers other hamsters and quickly makes friends. The group of hamster explorers call themselves the Ham-Hams, and there's nowhere they won't go. The Ham-Hams go on crazy adventures all around the city while their owners are away, visiting everything from plays to magical lands of candy. Meanwhile, the humans face their own dramas.. Hamtarou meets a huge cast of different personalities, gets himself into—and out of—some pretty tight spots, and even helps Hiroko and her friends out more than once. Through it all, he never stops being unbearably cute. It's Hamtarou time!","['Sequel (TV) Tottoko Hamtarou Hai!', 'Adaptation (Manga) Hamtaro']",Tottoko Hamtarou,Hamtaro,Hamtaro,['Kids'],['Anthropomorphic'],Hamtaro,,
40,"Beyblade Revolution, Beyblade GRevolution",爆転シュート　ベイブレードＧレボリューション,Beyblade G Revolution,['TV'],52,Finished Airing,"Jan 6, 2003 to Dec 29, 2003",['Winter 2003'],Mondays at 18:00 (JST),"['TV Tokyo', 'Yomiko Advertising', 'd-rights']","['Nelvana', 'Discotek Media']",['Nippon Animation'],['Manga'],"['Action', 'Adventure', 'Comedy', 'Sci-Fi']",,20 min. per ep.,PG - Children,6.97,#4524,#3279,"51,171",233,31501,"After keeping their BitBeasts out of harm's way, a new world championship tournament is announced, but the defending champions can't all be on the same team. Their friendship will be tested and tried as each Bladebreaker goes on a quest to prove why they are the best Beyblader around. Tyson, Max, Ray, Kai, and newcomer Daichi, must keep up their winning ways...even if they must face each other. But, after the tournament is over, what awaits them is an old foe, Boris, taking over the BBA and transforming it into BEGA, the Beyblade Entertainment Global Association. To save Beybladers of the entire world from BEGA's corruption, the Bladebreakers must reunite once again... (Source: ANN)","['Prequel (TV) Bakuten Shoot Beyblade 2002', '']",Bakuten Shoot Beyblade G Revolution,,,['Shounen'],,,,
41,Airmaster,エアマスター,Air Master,['TV'],27,Finished Airing,"Apr 2, 2003 to Oct 1, 2003",['Spring 2003'],Wednesdays at 00:58 (JST),"['VAP', 'Nippon Television Network']",['Geneon Entertainment USA'],['Toei Animation'],['Manga'],"['Action', 'Comedy']",,24 min. per ep.,R - 17+ (violence & profanity),6.94,#4641,#3695,"41,474",152,16779,"A former gymnast, Aikawa Maki has turned her skills to a different way of life—street fighting. The only thing that truly makes her feel alive is violence. With amazing power and grace, she fights opponent after opponent, repeatedly demonstrating the gymnastic talent that earns her her nom de guerre, ""Airmaster.""","['Adaptation (Manga) Air Master', '']",Air Master,,,['Seinen'],['Martial Arts'],,,
42,,魔探偵ロキ RAGNAROK,Mythical Detective Loki Ragnarok,['TV'],26,Finished Airing,"Apr 5, 2003 to Sep 27, 2003",['Spring 2003'],Unknown,"['TV Tokyo', 'Rakuonsha']","['ADV Films', 'Sentai Filmworks']",['Studio Deen'],['Manga'],"['Comedy', 'Mystery', 'Supernatural']",,24 min. per ep.,PG-13 - Teens 13 or older,7.24,#3134,#3756,"40,196",183,17005,"Loki, the Norse god of mischief, has been exiled to the human world for what was apparently a bad joke. Along with being exiled, he's forced to take the form of a child. He's told the only way he can get back to the world of the gods is if he can collect auras of evil that take over human hearts, and so to do this he runs a detective agency. Loki is soon joined by a human girl named Mayura who is a maniac for mysteries, and she soon helps out in her own way. However, soon other Norse gods begin to appear, and most have the intent to assassinate Loki for reasons unclear. (Source: ANN)","['Adaptation (Manga) Matantei Loki', '']",Matantei Loki Ragnarok,,Le Détective Légendaire Loki Ragnarok,['Shounen'],['Mythology'],,,
43,Detective Academy Q,探偵学園Q,Detective School Q,['TV'],45,Finished Airing,"Apr 15, 2003 to Mar 20, 2004",['Spring 2003'],Unknown,"['Group TAC', 'Kodansha']","None found,",['Pierrot'],['Manga'],"['Comedy', 'Drama', 'Mystery']",,25 min. per ep.,PG-13 - Teens 13 or older,7.73,#1206,#3912,"36,761",265,14895,"Kyuu is your average boy with a knack for logic and reasoning. Desiring to become a detective, he finds out about the existence of the Dan Detective School (DDS); a famed school where students are allowed to bear arms. Together with Megu, a girl with photographic memory, the martial arts master Kinta, the genius programmer Kazuma and the mysterious Ryuu, Kyuu tackles many well planned out crimes, always seeking the truth.","['Adaptation (Manga) Tantei Gakuen Q', '']",Tantei Gakuen Q,,,['Shounen'],['Detective'],,,
44,,サイボーグ009 THE CYBORG SOLDIER,Cyborg 009,['TV'],50,Finished Airing,"Oct 14, 2001 to Oct 13, 2002",['Fall 2001'],Unknown,"['TV Tokyo', 'Shaft', 'Avex Entertainment', ""Brain's Base""]","['Sony Pictures Entertainment', 'Discotek Media']",['Japan Vistec'],['Manga'],"['Action', 'Adventure', 'Sci-Fi']",,24 min. per ep.,PG-13 - Teens 13 or older,7.25,#3092,#3943,"36,096",192,13418,"Skull, the evil leader of the terrorist organization known as Black Ghost, has nine powerful cyborgs under his control. But Dr. Isaac Gilmore, the Black Ghosts cybernetics scientist, decides to go rogue, helping the cyborgs turn against Skull and his evil organization. Black Ghost wishes to start the next major world war by flooding the market with weapons of mass destruction. It seems the nine brave cyborgs have their work cut out for them, as Black Ghost is determined to bring those nine cyborgs down.","['Sequel (Special) Cyborg 009: The Cyborg Soldier - Kami no Ubugoe', 'Adaptation (Manga) Cyborg 009']",Cyborg 009: The Cyborg Soldier,,,['Shounen'],,,,
45,"Hoshi no Kirby, Kirby of the Stars",星のカービィ,Kirby: Right Back at Ya!,['TV'],100,Finished Airing,"Oct 6, 2001 to Sep 27, 2003",['Fall 2001'],Saturdays at 19:30 (JST),"['CBC Television', 'Nintendo']",['4Kids Entertainment'],['Studio Sign'],Game,"['Action', 'Adventure', 'Comedy', 'Fantasy']",,24 min. per ep.,PG - Children,6.92,#4734,#3956,"35,881",370,18022,"A diminutive pink creature orbiting in space called ""Kirby"" crash lands into Dream Land. Once getting acquainted with the citizens who live there in Cappy Town, he begins to defend the town from the monsters that King Dedede, the self-proclaimed ruler of Cappy Town, orders from the evil Nightmare Enterprises. (Source: ANN)",[],Hoshi no Kirby,,,,['Parody'],,,
46,,ウルトラマニアック,Ultra Maniac,['TV'],26,Finished Airing,"May 20, 2003 to Nov 11, 2003",['Spring 2003'],Tuesdays at 22:00 (JST),['WAO World'],"['Discotek Media', 'Geneon Entertainment USA']",['Ashi Productions'],['Manga'],"['Comedy', 'Fantasy', 'Romance']",,24 min. per ep.,G - All Ages,7.15,#3629,#3995,"35,181",142,14455,"Fantasies and miracles never interested Ayu Tateishi, a popular second-year student at her middle school. She was content with preserving her image of being cool, calm, and collected—all to catch the eye of her crush, Tetsushi Kaji. Ayu's carefree youthful days are interrupted by the appearance of Nina Sakura, a new transfer student who turns out to be a witch. As the only person who knows about Nina's ability to cast spells using a mini-computer, Ayu is forced to help Nina with her mission to find the five Holy Stones, qualifying her to marry the prince of the Magic Kingdom. Unfortunately, Nina's ineptitude with magic and her habit of meddling in Ayu's personal life cause nothing but trouble for the two of them as Ayu toils to maintain her good reputation and Nina struggles to hide her secret from the discerning eye of Hiroki Tsujiai, Tetsushi's best friend and an avid fan of manga. And when Nina's search for the five Holy Stones brings allies and challengers from the Magic Kingdom, Ayu is dragged into a world she never even dreamed was possible. [Written by MAL Rewrite]","['Adaptation (Manga) Ultra Maniac', '']",Ultra Maniac,,,['Shoujo'],['School'],,,
47,,明日のナージャ,Tomorrow's Nadja,['TV'],50,Finished Airing,"Feb 2, 2003 to Jan 25, 2004",['Winter 2003'],Sundays at 08:30 (JST),['Asahi Broadcasting'],"None found,",['Toei Animation'],Original,"['Adventure', 'Drama', 'Romance']",,24 min. per ep.,G - All Ages,7.59,#1598,#4012,"34,853",288,12183,"This story takes place about one hundred years ago. Nadja is a bright, cheerful girl who was raised in an orphanage near London, England. Nadja was entrusted to the orphanage when she was a baby. So she thought her father and mother were dead. But before her thirteenth birthday, she found out that her mother might be alive.. Nadja sets out on a journey to find her mother! With all of Europe as the stage, Nadja's exciting adventure begins! (Source: AniDB)","['Adaptation (Manga) Ashita no Nadja', '']",Ashita no Nadja,,,,['Historical'],Nadja Applefields,,
48,"Pokemon Housoukyoku, Shuukan Pokemon Housoukyoku, Pokemon Hoso, Pocket Monsters Housoukyoku",ポケットモンスター サイドストーリー,Pokémon Chronicles,['TV'],16,Finished Airing,"Dec 3, 2002 to Sep 28, 2004",['Winter 2003'],Tuesdays at 19:00 (JST),['Shogakukan Productions'],['4Kids Entertainment'],['OLM'],Game,"['Adventure', 'Comedy', 'Fantasy']",,20 min. per ep.,PG - Children,6.89,#4904,#4080,"33,853",15,16956,"While Satoshi continues on his quest to become the best, many others will experience their own unique journey through the Pokémon world—researchers, professors, Gym Leaders, Team Rocket members, Trainers, and even Pokémon. Some are familiar faces and others are strangers at first, but what they all have in common is a love of adventure—especially when it involves Pokémon! (Source: Official site)",[],Pokemon Side Stories,,Pokémon Chronicles,['Kids'],,Pokémon Chronicles,,
49,"Astroboy, Astro Boy (2003)",アストロボーイ・鉄腕アトム,Astro Boy (2003),['TV'],50,Finished Airing,"Apr 6, 2003 to Mar 28, 2004",['Spring 2003'],Unknown,"['Sony Pictures Entertainment', 'Dentsu', 'Mill Creek Entertainment']","None found,",['Tezuka Productions'],['Manga'],"['Action', 'Adventure', 'Sci-Fi']",,24 min. per ep.,G - All Ages,7.08,#3984,#4560,"26,787",169,12178,"At the Ministry of Science, fervent Professor Ochanomizu alongside his coworkers strive to reactivate Atom—the first robot with a human heart. Atom is the masterpiece of enigmatic Professor Umatarou Tenma, who built the android to replace his deceased son Tobio. However, while Tenma inexplicably shut down his brainchild and disappeared, Ochanomizu refuses to let such a major breakthrough in science go to waste. Despite having the appearance of a nine-year-old, Atom not only possesses incredible strength and intelligence, but he is also endowed with a remarkable conscience and compassion that rivals humans. Sadly, the mechanical boy soon faces rejection and learns that not everyone is as welcoming as Ochanomizu. Although automatons have integrated into society, they are accepted only as tools and even seen as an upcoming threat to mankind's dominion. Dreaming of a world where people and robots can prosper together, Atom dedicates his existence to protecting the lives of both and inspiring them to form genuine bonds. [Written by MAL Rewrite]","['Prequel (TV) Atom: The Beginning', 'Adaptation (Manga) Tetsuwan Atom', 'Adaptation (Manga) Astro Boy: Tetsuwan Atom', '']",Astro Boy: Tetsuwan Atom,,Astro Boy,['Shounen'],['Super Power'],Astro Boy,,
50,Stellvia of the Universe,宇宙のステルヴィア,Stellvia,['TV'],26,Finished Airing,"Apr 3, 2003 to Sep 25, 2003",['Spring 2003'],Thursdays at 01:00 (JST),"['Starchild Records', 'TV Tokyo Music']","['Discotek Media', 'Geneon Entertainment USA']",['Xebec'],Original,"['Action', 'Romance', 'Sci-Fi']","['Mecha', 'Space']",23 min. per ep.,PG-13 - Teens 13 or older,7.33,#2687,#4605,"26,102",124,10103,"In the year 2167, a wave of radiation released by the supernova of the nearby star Hydrus Beta caused cataclysmic damage on Earth, leaving millions dead. Now, it is the year 2356. United to rebuild Earth, humanity prepares for the supernova's second wave of destruction. In order to protect the planet from future harm, massive space colonies called ""Foundations"" have been built throughout the Solar System. Acting as centers for both knowledge and exploration, it is at one of these Foundations—the Stellvia—that Shima Katase applies to be a preparatory student against her mother's wishes, aspiring to see space directly with her own eyes. At the Stellvia, Katase trains to become a pilot and hopes to be selected for the ""Great Mission"" to shield Earth from the second wave. While she struggles with both her pilot classes and her tumultuous social life, she slowly grows into someone who might just be able to protect humanity. [Written by MAL Rewrite]","['Adaptation (Manga) Uchuu no Stellvia', '']",Uchuu no Stellvia,,,,,,,
51,,ハングリーハート Wild Striker,,['TV'],52,Finished Airing,"Sep 11, 2002 to Sep 10, 2003",['Fall 2002'],Wednesdays at Unknown,"None found,","None found,",['Nippon Animation'],['Manga'],,,23 min. per ep.,PG-13 - Teens 13 or older,7.54,#1825,#4610,"25,996",245,13881,"As the younger brother of Japanese soccer star Seisuke Kanou, Kyousuke was always expected to grow as a soccer player at the same pace his brother did—an expectation that proved too difficult to meet. Having fallen behind, he now lives in the shadow of his brother's success. Entering his freshman year at Jouyou Akanegaoka High School, Kyousuke vows never to play soccer again. However, Miki Tsujiwaki, the captain of the girls' soccer team, and Mori Kazuto, the manager of the boys' team, recognize Kyousuke's potential and want to see his return to the game for their own reasons. With an opportunity to play soccer again, Kyousuke must either remain steadfast in his decision to abandon the sport he once loved, or allow himself to reignite that flame to become the best striker in the world. [Written by MAL Rewrite]","['Adaptation (Manga) Hungry Heart', '']",Hungry Heart: Wild Striker,,,['Shounen'],['Team Sports'],,['Sports'],
52,,ディア・ボーイズ,Hoop Days,['TV'],26,Finished Airing,"Apr 7, 2003 to Sep 29, 2003",['Spring 2003'],Mondays at 01:00 (JST),['OB Planning'],['Bandai Entertainment'],['A.C.G.T.'],['Manga'],"['Drama', 'Sports']",,24 min. per ep.,PG-13 - Teens 13 or older,6.77,#5483,#4849,"23,038",52,10615,"Aikawa Kazuhiko was the captain of Tendoji high school prestigious basketball team. He moves into a new town to attend Mizuho high school and joins its basketball team. However, Mizuho high's basketball team is far from being prestigious, in fact, it's now defunct. Nevertheless to say, Kazuhiko's persistence, passion and basketball skills inspired other team members of the dysfunctional basketball team to gear up and start practicing again. The goal is to play in the national tournaments where all young basketball players meet their opponents to compete with them. The tale of youth of the five protagonists: Fujiwara Takumi, Ishii Tsutomu, Dobashi Kenji, Miura Ranmaru and Aikawa Kazuhiko have just began along with the live of Mizuho high school basketball team. (Source: AnimeNfo)","['Adaptation (Manga) Dear Boys', '']",Dear Boys,,Hoop Days,['Shounen'],['Team Sports'],,,
53,"Milmo de Pon!, Mirmo!, Wagamama Fairy Milmo De Pon!, Selfish fairy: Mirumo de Pon!, Selfish Fairy Mirumo de Pon!, Wagamama Fairy Mirumo de Pon! Golden, Wagamama Fairy Mirumo de Pon! Wonderful, Wagamama Fairy Mirumo de Pon! Charming",わがまま☆フェアリー ミルモでポン!,Mirmo Zibang!,['TV'],172,Finished Airing,"Apr 6, 2002 to Sep 27, 2005",['Spring 2002'],Unknown,"['Trinity Sound', 'Shogakukan Productions']",['VIZ Media'],['Studio Hibari'],['Manga'],"['Adventure', 'Comedy', 'Drama', 'Fantasy', 'Romance']",,21 min. per ep.,G - All Ages,7.30,#2839,#5032,"21,100",137,9263,"Kaede is a cheerful and energetic eighth grader. When it comes to boys, however, she is hopelessly shy. One day, on her way home from school, Kaede walks into a mysterious shop and buys a colorful cocoa mug. When she reaches home, she casually peeks into the bottom of the mug and discovers an engraved note, which says, ""If you read this message aloud while pouring hot cocoa into the mug, a love fairy (""muglox"") will appear and grant your every wish."" The skeptical but curious Kaede follows the directions and announces her wish to date Yuuki, the class heartthrob. Suddenly, the adorable blue Mirumo appears! We soon find out, however, that this cute little muglox would rather eat chocolate and create mischief than help Kaede. Mirumo, it seems, is prince of the muglox world. Horrified at the prospect of having to marry Rirumu, his princess bride-to-be, Mirumo has escaped the muglox world. Hot on his heels, however, are Rirumu, Yashichi the bounty hunter, and a cast of hundreds of muglox ranging from the good to the bad to the nutty. This gang of adorable troublemakers will see to it that school life for Kaede and her friends is never the same... (Source: mirmo-zibang)","['Adaptation (Manga) Mirumo de Pon!', '']",Wagamama☆Fairy Mirumo de Pon!,,Mirmo!,['Shoujo'],['School'],,,
54,"Kochikame, This is the Police Station in Front of Kameari Park in Katsushika Ward, Kochira Katsushikaku Kameari Kouenmae Hashutsujo (1996)",こちら葛飾区亀有公園前派出所 (1996),,['TV'],373,Finished Airing,"Jun 16, 1996 to Dec 19, 2004",['Summer 1996'],Sundays at 19:00 (JST),"['Asatsu DK', 'Fuji TV']","None found,",['Gallop'],['Manga'],,"['Adult Cast', 'Detective', 'Gag Humor']",25 min. per ep.,PG-13 - Teens 13 or older,7.78,#1083,#5111,"20,333",197,7455,"Ryoutsu, being an underpaid policeman, is always coming up with underhanded schemes in order to make a quick buck. But in the end, his plans (which are ridiculous to begin with) always go wrong and land him in big trouble with the chief.","['Adaptation (Manga) Kochira Katsushikaku Kameari Kouenmae Hashutsujo', '']",Kochira Katsushikaku Kameari Kouenmae Hashutsujo,,,['Shounen'],,Kochikame,['Comedy'],
55,,エスアザーワイズ,E's Otherwise,['TV'],26,Finished Airing,"Apr 1, 2003 to Sep 23, 2003",['Spring 2003'],Tuesdays at 18:00 (JST),['Sotsu'],['ADV Films'],['Pierrot'],['Manga'],"['Action', 'Adventure', 'Drama', 'Sci-Fi']","['Military', 'Super Power']",23 min. per ep.,PG-13 - Teens 13 or older,6.58,#6610,#5436,"17,273",26,7355,"Kai, who has powers different from the rest, together with his sickly sister Hikaru was protected by an organization called ASHURUM. Scouted by Eiji, Kai was delegated to the ASHURUM special force AESES and undergo intensive training. Whenever he was free, Kai visited Hikaru at the hospital belongs to the organization, but Hikaru's condition never improved. So, one year later, with amazing growth from the intensive training, Kai decides to escape from the organization. (Source: ANN)","[""Adaptation (Manga) E's"", '']",E's Otherwise,,,['Shounen'],,,,
56,,ガドガード,,['TV'],26,Finished Airing,"Apr 16, 2003 to Sep 25, 2003",['Spring 2003'],Thursdays at 02:58 (JST),"['HAL Film Maker', 'Media Factory', 'Imagica', 'Amber Film Works', 'Imagine']","['Funimation', 'Geneon Entertainment USA']",['Gonzo'],Original,"['Action', 'Adventure', 'Sci-Fi']",,23 min. per ep.,PG-13 - Teens 13 or older,6.64,#6271,#5734,"15,130",27,5180,"Several hundred years in the future, the resources of the Earth runs out, and the progression of the human race has stagnated. The world is now divided into ""Units."" A boy named Hajiki Sanada lives with his mother and sister in Unit 74, in a place called ""Night Town,"" in which all electricity is shut down at midnight. The key in this story is an object called the GAD. GADs have the ability to reconstruct materials while reacting to feelings of an organic life. The size and shape of the resulting product seem to be different depending on the kinds of feelings that the life possesses. When Hajiki comes in contact with one by accident, it transforms into a huge robot—a Tekkoudo, or ""Iron Giant""—which Hajiki names Lightning. And soon he realizes that he isn't the only one with a Tekkoudo, and must find out how to deal with those others who he feels are the ""same"" as himself. (Source: ANN)",[],Gad Guard,,,,['Mecha'],,,
57,Transformers Legend of Micron,超ロボット生命体トランスフォーマー マイクロン伝説,Transformers Armada,['TV'],52,Finished Airing,"Jan 10, 2003 to Dec 26, 2003",['Winter 2003'],Fridays at 18:00 (JST),"['TV Tokyo', 'Nippon Columbia', 'TV Tokyo Music']",['Hasbro'],['Actas'],Other,"['Action', 'Sci-Fi']",,24 min. per ep.,PG-13 - Teens 13 or older,6.82,#5182,#6513,"10,942",54,5948,"On the mechanical planet of Cybertron live super robotic organisms known as Transformers. There, mainly consisting of convoys, the Cybertron army, and their old enemy Destron fell into conflict to gain hold of a new power to join their side. A new breed of Transformers known as the Microns. But, grieving over the battle the Microns set off to the other end of the universe. 4 million years later, on Earth, 3 young children activated a mysterious panel inside a cave. And somehow, that was the dormant Micron...","['Sequel (TV) Transformers Superlink', '']",Chou Robot Seimeitai Transformers Micron Densetsu,Transformers Armada,Transformers Armada,,['Mecha'],,,
58,,サザエさん,Mrs. Sazae,['TV'],Unknown,Currently Airing,"Oct 5, 1969 to ?",['Fall 1969'],Sundays at 18:30 (JST),['Fuji TV'],"None found,",['Eiken'],['4-koma manga'],"['Comedy', 'Slice of Life']",,24 min.,G - All Ages,6.14,#9129,#7129,"8,811",39,1938,"The main character is a mother named Sazae-san. She lives in a house with her husband, her kids and her parents. The show is the ultimate family program and tends to follow traditional themes. Think of this show as the Japanese equivalent to ""The Partridge Family"" and you'll get a good feel for this show's atmosphere. Don't expect to see things like violence, swearing, kung-fu action or magical girls. The plots are more like ""Today, Sazae-san goes to the new mall and gets lost"". Such ""boring"" plotlines and the simplistic art are often a turn-off to non-Japanese audiences, but most Japanese find the show incredibly good. As a result, it continues to be one of the top ratings grabbers on TV and is one of the few anime that is considered ""acceptable"" by adults. (Source: AniDB)","['Adaptation (Manga) Sazae-san', '']",Sazae-san,,,,,,,
59,DiGi Charat Nyo,デ・ジ・キャラットにょ,,['TV'],104,Finished Airing,"Apr 6, 2003 to Mar 28, 2004",['Spring 2003'],Sundays at 09:30 (JST),"['TV Osaka', 'Broccoli']",['Bandai Entertainment'],['Madhouse'],Unknown,"['Comedy', 'Fantasy', 'Sci-Fi']",,12 min. per ep.,G - All Ages,7.05,#4131,#7180,"8,651",50,3085,"Di Gi Charat (a.k.a. Dejiko) - along with Petit Charat (a.k.a. Puchiko) and Gema - travels to Earth as part of her training to become a full-fledged princess. They crash on a small town in Japan, where they meet the Omocha brothers (who spend most of their time thinking how cute Puchiko is) and Mr. & Mrs. Ankoro (an elderly couple that makes Japanese sweets). (Source: ANN)",[],Di Gi Charat Nyo,,,,,,,
60,"Ninja Boy Rantaro, Rakudaii Nintama Rantarou",忍たま乱太郎,,['TV'],Unknown,Currently Airing,"Apr 10, 1993 to ?",['Spring 1993'],Not scheduled once per week,"['NHK', 'Sogo Vision', 'NHK Enterprises']","None found,","['Ajia-do', 'Gakken']",['Manga'],,,10 min.,G - All Ages,7.08,#4018,#7395,"8,014",77,2550,"Taking place in the Sengoku Period, Rantarou, Kirimaru and Shinbei are young students at Ninjutsu Academy, a school that teaches all kinds of youth how to become ninjas. Known as ""Nintamas"" (a contraction of ninja + tama [egg]), the main trio, and many other students at the school, must learn all sorts of unique skills to achieve their goal. Unfortunately, things aren't that simple, since our protagonists constantly find themselves failing their classes. With strict ninja teachers such as Doi-sensei and Yamada-sensei, the mischievous girls from the Kunoichi class, an entire crew of pirates and dozens more interesting characters, anything can happen in the crazy world of Nintama. The episodes are 7 minutes and thirty seconds long each, and each season (which there's currently 29 of) usually has a range of 60-90 episodes.","['Adaptation (Manga) Rakudai Ninja Rantarou', '']",Nintama Rantarou,,,['Kids'],,El Ninja Boy Rantaró,['Comedy'],
61,Maruko-chan,ちびまる子ちゃん,Little Miss Maruko,['TV'],Unknown,Currently Airing,"Jan 8, 1995 to ?",['Winter 1995'],Sundays at 18:00 (JST),"['Ajia-do', 'Fuji TV', 'Sakura Production']","None found,",['Nippon Animation'],['Manga'],,,23 min.,G - All Ages,7.34,#2627,#7910,"6,781",62,2189,"Momoko Sakura is an elementary school student who likes popular idol Momoe Yamaguchi and mangas. She is often called ""Chibi Maruko-chan"" due to her young age and small size. She lives together with her parents, her grandparents and her elder sister in a little town. In school, she has many friends with whom she studies and plays together everyday, including her close pal, Tama-chan; the student committee members, Maruo-kun and Migiwa-san; and the B-class trio: 'little master' Hanawa-kun, Hamaji-Bu Taro and Sekiguchi-kun. This is a fun-loving and enjoyable anime that portrays the simple things in life. (Source: ANN)","['Prequel (TV) Chibi Maruko-chan', 'Adaptation (Manga) Chibi Maruko-chan']",Chibi Maruko-chan (1995),,,['Shoujo'],['School'],Chibi Maruko-chan,['Comedy'],
62,Atashinchi,あたしンち,My Family,['TV'],330,Finished Airing,"Apr 19, 2002 to Sep 19, 2009",['Spring 2002'],Saturdays at 11:20 (JST),"['TV Asahi', 'Yumeta Company']","None found,",['Shin-Ei Animation'],['Manga'],"['Comedy', 'Slice of Life']",,25 min. per ep.,G - All Ages,7.38,#2439,#8236,"6,120",63,2771,"Outrageous misadventures of an almost normal family with a housewife, her husband, and their two kids Yuzuhiko and Mikan. Wacky humor about this weird family's daily life. (Source: AniDB)","[""Sequel (TV) Shin Atashin'chi"", ""Adaptation (Manga) Atashin'chi""]",Atashin'chi,,,,,,,
63,"Robot-chan Cubix, Robots for Everyone, Lobojjang Kyubigseu",로보짱 큐빅스,Cubix,['TV'],26,Finished Airing,"Aug 11, 2001 to Apr 26, 2004",['Summer 2001'],Unknown,['CinePix'],['4Kids Entertainment'],['Xebec'],Unknown,,,23 min. per ep.,PG - Children,5.38,#12487,#8845,"5,155",8,2614,"The year is 2040. Japanese robot technology is making remarkable progress; they can understand human language, and they've even succeeded in developing a humanoid robot that can feel emotions. The setting is a future town on the outskirts of Musashino in the Tokyo area, where humans and robots live together, ""New Musashino City."" In this town, our main character Ichiro and his friends, as well as some robots, all get along very well. Before these friends appears a mad scientist, Professor K, bent on taking over the world. Ichiro and his robot partner, Kombock, and his other friends stand against him to crush his schemes. Will they be able to protect the peaceful lives of humans and robots from this evil?! The story of the friendship of Ichiro, Kombock, and their friends begins!! (Source: AniDB)",[],Saiko Robot Kombock,,Cubix: Robots pour Tous,,['Mecha'],,['Sci-Fi'],
64,Bomberman Jetterz,ボンバーマン ジェッターズ,,['TV'],52,Finished Airing,"Oct 2, 2002 to Sep 24, 2003",['Fall 2002'],Wednesdays at 18:30 (JST),"['TV Tokyo', 'Nihon Ad Systems']","None found,",['Studio Deen'],Game,"['Action', 'Adventure', 'Comedy', 'Sci-Fi']",,23 min. per ep.,G - All Ages,6.90,#4809,#8841,"5,160",56,1914,"Deep Space, many different cultures have come together to live on planet Jet. To keep the peace an organization known as the Jetters is formed. This space police group fight against the villains known as the ""Hige hige dan"" making sure that the universe is safe. The leader of the Jetters Mighty is a powerful Bomberman, who is looked up to and respected....his brother however is a lazy crude slacker named Shirobon. Suddenly Mighty disappears and Shiro finds himself placed in a new situation. Shiro steps up and become a responsible Bomberman, and with the new friends he made of the Jetters it may become possible for him to be the next ""Jetters leader."" (Source: ANN)",[],Bomberman Jetters,,,,['Space'],,,
65,"Soreike! Anpanman, Go! Anpanman, Anpanman TV",それいけ！アンパンマン,,['TV'],Unknown,Currently Airing,"Oct 3, 1988 to ?",['Fall 1988'],Fridays at 16:20 (JST),"['Sotsu', 'Nippon Television Network']","None found,",['TMS Entertainment'],Picture book,"['Comedy', 'Fantasy']",,24 min.,PG - Children,6.58,#6587,#9190,"4,613",31,1739,"One night, a Star of Life falls down the chimney of a bakery nestled deep in the forest, causing the dough in the oven to come to life. The dough becomes Anpanman, a superhero made of anpan (a sweet roll with bean jam filling). Together with his friends, Anpanman fights his rival Baikinman and helps the malnourished. (Source: ANN)",[],Sore Ike! Anpanman,,,['Kids'],,,,
66,"Asobotto Senki Goku, Anbot Senki Gokyuu, Association Robot Goku",アソボット戦記五九,Monkey Typhoon,['TV'],52,Finished Airing,"Oct 1, 2002 to Sep 30, 2003",['Fall 2002'],Tuesdays at 18:30 (JST),['TV Tokyo'],"None found,",['Studio Egg'],['Manga'],"['Action', 'Adventure', 'Comedy', 'Sci-Fi']",,23 min. per ep.,PG-13 - Teens 13 or older,6.59,#6527,#9567,"4,068",8,1480,"Four years into the future, the world has lost its balance... 10 thousand metres of vast woodland is gone, preventing humans to live and leaving a desert to spread endlessly. And so, they head into the world of Meshichi, to live together with the Anbots. As if guided by fate, Sanzou and Gokyuu meet. Traveling together, Sanzou - a young man shrouded in mystery, Gokyuu - the strongest and worst Anbot around, Tongoh - an Anbot fond of drinking, Jou - someone who is great with machines, Suuji - a female Anbot thief, and last but not least, Mioto. And so, their journey begins to the boundless East, to the land where the sun was born! (Source: AnimeNfo)","['Adaptation (Manga) Assobot Goku', '']",Asobot Senki Gokuu,,,['Shounen'],,,,
67,,どーもくん,,['TV'],37,Finished Airing,"Dec 22, 1998 to Jan 1, 2008",['Winter 1999'],Not scheduled once per week,['NHK'],"None found,",['dwarf'],Other,"['Comedy', 'Slice of Life']",,39 sec. per ep.,G - All Ages,6.43,#7544,#10462,"3,086",14,948,"A strange monster hatches from a mysterious egg. He befriends various animals, and takes residence in Osajii's burrow. He discovers new and exciting things about everyday life. As of 2008, there are at least 37 regular TV spot episodes of Domo-kun. These 37 episodes were released on DVD in Japan in July of 2009.",[],Domo-kun,,,['Kids'],,,,
68,,真･女神転生Ｄチルドレン ライト＆ダーク,,['TV'],52,Finished Airing,"Oct 5, 2002 to Sep 27, 2003",['Fall 2002'],Unknown,"None found,","None found,",['Actas'],Game,"['Action', 'Adventure', 'Fantasy', 'Sci-Fi', 'Supernatural']","['Mythology', 'Video Game']",24 min. per ep.,PG - Children,6.44,#7428,#10913,"2,698",3,730,"A series based off of the Shin Megami Tensei Devil Children: Light & Dark games (known as DemiKids in the U.S.). The year is 200X. Jin, Akira and Lena are three child hood friends who like mysterious things. One day in the library, along with the mysterious transfer student Ami, they find the ""Akuma Compendium"". They chanted an incantation in the book and, to their surprise, devils appeared. Ami then told Jin and Akira that they are the Devil Children that will decide the fate of the world. She hands them their Devil Risers. The group then pass through the ""Door of Time"" to the land of Valhalla where they fight an evil ruler known as Imperius who plans on conquering all of the world. The Nakama of Jin is Rand, a Sol Lion, and Akira's is Gale, a Hylon. (Source: Wikipedia.org)","['Prequel (TV) Shin Megami Tensei Devil Children', '']",Shin Megami Tensei Devil Children: Light & Dark,,,['Kids'],,,,
69,"Machine Robo Rescue, Sortie!",出撃！マシンロボレスキュー,,['TV'],53,Finished Airing,"Jan 8, 2003 to Jan 3, 2004",['Winter 2003'],Wednesdays at 18:00 (JST),"['TV Tokyo', 'Bandai Visual', 'Lantis']","None found,",['Sunrise'],Unknown,"['Action', 'Sci-Fi']",,23 min. per ep.,PG - Children,6.86,#5012,#11034,"2,598",9,1168,"In the future, age is not a factor to determine whether someone can perform a certain task or not, but special talent and training. An organization, Machine Robo Rescue (MRR), was established for robots and children to become partner and rescue people from danger. Then 12 children with various abilities were selected and introduced as part of this program: Robo Rescue! Meet Oozora Taiyou, one of the children who were chosen as a part of MRR program. After being late on his first day of training, he went to perform a hot rescue with JETROBO. However, a mysterious Robot from mysterious organization, ""The Star""(?), appeared before MRR team to interfere with the rescue. What are the motives of the mysterious organization? And what are their goals? Life as one of the children chosen as part of MRR has started for Oozora Taiyou. Bumpy and hard training is just ahead for MRR team in order to protect many people's life! (Source: AnimeNfo)",[],Shutsugeki! Machine Robo Rescue,,,,['Mecha'],,,
70,,おじゃる丸,Prince Mackaroo,['TV'],Unknown,Currently Airing,"Oct 5, 1998 to ?",['Fall 1998'],Not scheduled once per week,['NHK'],['Enoki Films'],['Gallop'],Original,"['Adventure', 'Award Winning', 'Comedy', 'Fantasy']",,10 min.,G - All Ages,6.39,#7746,#11559,"2,229",5,553,"In the Heian era, around 1000 years ago, a young boy of noble family named Ojarumaru is bored with his life of privilege. Meanwhile, three demons steal the power-stick of Enma, king of demons, and then lose it. Ojarumaru finds it, and uses it to transport himself to the present time. Here, he is befriended by a young boy named Kazuma, and becomes a member of his family. As time goes on, Ojarumaru makes many new friends, while dodging the comedic efforts of the three demons, Akane, Kisuke, and Aobee, as they try to recover the stick. (from ANN)","['Adaptation (Manga) Ojarumaru', '']",Ojarumaru,,,['Kids'],,,,
71,,クラッシュギアNitro,,['TV'],50,Finished Airing,"Feb 2, 2003 to Jan 25, 2004",['Winter 2003'],Unknown,"None found,","None found,",['Sunrise'],Unknown,,,23 min. per ep.,PG-13 - Teens 13 or older,6.14,#9150,#11642,"2,175",4,1009,"Story about a young boy name: Mahha Masaru, who dreamt of having a crush gear fight with the others even though he doesn't have his very own crush gear! One day, a sudden chance came to him and he got the legendary crush gear which look similer to the one that was used by Kouya Marino and finally he can go and paticipate in his own crush gear fight with his friends and foe!!","['Adaptation (Manga) Crush Gear N', '']",Crush Gear Nitro,,,,['Racing'],,['Sports'],
72,,FIRESTORM　ファイアーストーム,,['TV'],26,Finished Airing,"Apr 6, 2003 to Sep 28, 2003",['Spring 2003'],Sundays at 09:00 (JST),"['Madhouse', 'TV Tokyo']",['Enoki Films'],['Trans Arts'],Original,"['Action', 'Adventure', 'Sci-Fi']","['Mecha', 'Military']",25 min. per ep.,PG-13 - Teens 13 or older,5.46,#12233,#12509,"1,652",1,313,"It is the year 2104 AD. The terrible war is over and peace seemed close in the world. However, there is one thing that can bring down this peace. That is the criminal organisation who's power and actions are widespread across the world... The Black Orchid. From the main countries of the world, the ""Storm Force"" was formed to take down the Black Orchid. They are also known under the code name ""Fire Storm"". (Source: AniDB)",[],Firestorm,,,,,,,
73,"Croquette!, Corokke!",コロッケ！,Croket!,['TV'],104,Finished Airing,"Apr 7, 2003 to Mar 27, 2005",['Spring 2003'],Mondays at 18:30 (JST),['TV Tokyo'],"None found,",['OLM'],['Manga'],"['Action', 'Adventure', 'Comedy', 'Fantasy']",,20 min. per ep.,G - All Ages,6.88,#4949,#12563,"1,618",4,614,"The ""Forbidden Treasure"" is an extraordinary artefact who can grant any wishes. The people seeking it are called the Bankers, and our hero, Corokke, is one of them.","['Adaptation (Manga) Croket!', '']",Croket!,,,['Kids'],,,,
74,,しましまとらのしまじろう,,['TV'],726,Finished Airing,"Dec 13, 1993 to Mar 31, 2008",['Winter 1994'],Mondays at 18:00 (JST),"['TV Tokyo', 'Azeta Pictures']","None found,",['Studio Kikan'],Original,"['Adventure', 'Comedy', 'Fantasy']",,23 min. per ep.,G - All Ages,5.92,#10325,#13252,"1,323",4,558,"Shimajiro, a preschool-aged tiger boy, has adventures with his friends Mimirin, Ramurin, Nyakki, and Toriipi on Challenge Island.","['Sequel (TV) Hakken Taiken Daisuki! Shimajirou', '']",Shima Shima Tora no Shimajirou,,,['Kids'],['Anthropomorphic'],,,
75,,時空冒険記　ゼントリックス,Zentrix,['TV'],26,Finished Airing,"Apr 5, 2003 to Sep 27, 2003",['Spring 2003'],Unknown,['Imagi'],['Bandai Entertainment'],"None found,",Original,"['Adventure', 'Sci-Fi']",,25 min. per ep.,PG - Children,6.25,#8528,#13268,"1,313",6,455,"The series is set in Zentrix City, a seemingly ""perfect"" city. Emperor Jarad is a scientist who with the help of scientists Dr. Roark and Dr. Coy, created a super-computer called OmnicronPsy, which manages all of the city's higher and day-to-day functions, controlling a wide variety of machines and robots, allowing humankind to live a seemingly ""perfect"" life. However OmnicronPsy, using His super-intelligence, decides that it would make a better ruler than Jarad, and starts to break down the coding that stops him from revolting and harming the Royal Family. Discovering this, Jarad and Dr. Roark head back in time 7 years to stop the revolt from ever happening. To accomplish this they plan to shut down the six Zentrium chips that power OmnicronPsy. Upon discovering this, Jarad's daughter and only heir, Princess Megan, proceeds to follow him to the past while OmnicronPsy concurrently undoes his restriction codes and sends his Robo Guards to hunt her down.",[],Jikuu Boukenki Zentrix,,Zentrix,,['Mecha'],,,
76,"Plusters, Journey of Adventure: PLUSTERWORLD",冒険遊記プラスターワールド,Adventure Hero Pluster World,['TV'],52,Finished Airing,"Apr 3, 2003 to Mar 25, 2004",['Spring 2003'],Thursdays at 18:00 (JST),['TV Tokyo'],"None found,","['Actas', ""Brain's Base""]",Original,"['Action', 'Adventure', 'Sci-Fi']",,24 min. per ep.,G - All Ages,6.23,#8667,#13495,"1,235",4,312,"According to the legend, the once peaceful ""Pluster World"" plunged into chaos and darkness due to the manifestation of the evil MINASUTA. At that time, selected Plusters were combined with humans, and successfully sealed away the evil MINASUTA. It was then believed that the peace which had returned would continue forever. Greenery and trees filled the land, flowers bloomed everywhere, living creatures soar in the blue sky, run on the land, and swim in the seas. However, this peacefulness was once again lost due to reappearance of the MINASUTA... Now, the fusion of Plusters and Humans once again opens the door for a hot adventure! (Source: aniDB)",[],Bouken Yuuki Pluster World,,,,,,,
77,,親子クラブ,,['TV'],1818,Finished Airing,"Oct 3, 1994 to Mar 30, 2013",['Fall 1994'],Unknown,['Fuji TV'],"None found,",['Eiken'],Original,"['Comedy', 'Slice of Life']",,5 min. per ep.,G - All Ages,5.47,#12201,#13611,"1,198",0,442,This anime was running almost 20 years and has over 1800 episodes.,[],Oyako Club,,,,,,,
78,Kasumin 3rd Series,カスミン (第3シリーズ),,['TV'],26,Finished Airing,"Apr 9, 2003 to Oct 1, 2003",['Spring 2003'],Unknown,['NHK'],"None found,",['OLM'],Unknown,,,25 min. per ep.,PG - Children,6.23,#8683,#14259,"1,009",2,399,"Kasumi Haruno is a fourth grade student. She came to Kasumi Town to see off her zoologist parents on their trip to Africa to do research. In the center of the town, surrounded by forest, is the large mansion belonging to the Kasumi family where Kasumi will be staying from now on. Kasumi passes through the mansion's gate right away, but a strange atmosphere emanates from somewhere in the Kasumi Forest. When he finally makes it to the mansion, there are talking appliances! It would seem that members of the Kasumi family were youkai called ""Henamon"". Kasumi never dreamed she would end up living with a family of Henamon. She is very busy doing the cooking, laundry, and cleaning in exchange for living there. Surrounded by mysterious companions, what will become of Kasumi's new life? (Source: AniDB)","['Prequel (TV) Kasumin 2nd Season', '']",Kasumin 3rd Season,,,['Kids'],,,['Fantasy'],
79,"Fishing Fool Diary, Diary of a Fishing Fool",釣りバカ日誌,,['TV'],36,Finished Airing,"Nov 2, 2002 to Sep 13, 2003",['Fall 2002'],Unknown,['TV Asahi'],"None found,",['Toei Animation'],['Manga'],"['Comedy', 'Slice of Life']",,24 min. per ep.,G - All Ages,[],#15035,#14573,926,1,,"Hamazaki Densuke (Hama-chan) is an unavaricious white-collar worker who does not have any interest in success and self-protection. Even though he incurs the wrath of his superior and stir ill feelings from his wife, Hama-chan prefers to take things at his own stride and goes fishing. He feels that there are more important things in life than work and enjoys the simple things in life such as fishing. (Source: ANN)","['Adaptation (Manga) Tsuribaka Nisshi', '']",Tsuri Baka Nisshi,,,,,,,
80,,스피어즈,,['TV'],26,Finished Airing,"Feb 27, 2003 to Aug 21, 2003",['Winter 2003'],Unknown,['Studio Kaab'],"None found,","None found,",Unknown,"['Action', 'Fantasy']",,22 min. per ep.,PG - Children,6.12,#9285,#14609,918,1,156,"Unbeknownst to human history, the Kingdom of Spheres existed upon our earth long ago. The people of this kingdom would be regarded today as people with psychic powers. Unfortunately, like most other civilizations, as the gap widened more and more between the social classes, the Kingdom of Spheres was troubled by those greedy for power; and in the end it collapsed. Na Yeon is a mysterious girl who was found in the Antarctic after the destruction of Spheres. One day Asten, the chairman of Sphere Union, who has a burning ambition to control the world, sent his followers to keep watch on Na Yeon. Na Yeon and her friends try to keep three artifacts, the keys to conquer the world, from the hands of Sphere Union. (Source: Wikipedia)",[],Spheres,,,,['Super Power'],,,
81,,デジガールPOP! 〜STRAWBERRY＆POP MIX FLAVOR〜,,['TV'],26,Finished Airing,"Feb 17, 2003 to Aug 12, 2003",['Winter 2003'],Unknown,"['GDH', 'HoriPro', 'Kids Station', 'Pioneer LDC']","None found,",['Creators Dot Com'],Unknown,"['Comedy', 'Sci-Fi']",,3 min. per ep.,PG - Children,5.79,#10975,#15147,780,0,139,"One fine day, a robot by the name of ""Digi-girl"" fell from the sky and landed near the nail-saloon operated by Nails, a nail-artist who likes all things pretty. Nails took Digi-girl in, hoping that she can help out with the household chorse. However, much to her desperation, the latter is completely useless with cleaning matters and constantly fumbles with dire results. On top of that, she creates a commotion where-ever she goes, be it in school or on the streets. This is a cute and ""pop"" story about a robot girl mixing together with other peculiar townsfolk. (Source: ANN)",[],DigiGirl Pop!: Strawberry & Pop Mix Flavor,,,,,,,
82,Little Bebil in Wonderland,ワンダーベビルくん,,['TV'],30,Finished Airing,"Apr 11, 2003 to Feb 6, 2004",['Spring 2003'],Unknown,"['Aniplex', 'Dentsu', 'NHK', 'MICO']","None found,",['Radix'],Unknown,"['Comedy', 'Fantasy']",,25 min. per ep.,G - All Ages,[],#15372,#15241,758,0,,No synopsis has been added for this series yet. Click here to update this information.,[],Wonder Bebil-kun,,,,,,,
83,"Tank Knights Portriss, Mugen Senki Fortress",無限戦記ポトリス,,['TV'],52,Finished Airing,"Apr 5, 2003 to Mar 27, 2004",['Spring 2003'],Unknown,"['TV Tokyo', 'Bandai Visual']","None found,","['Sunrise', 'Dongwoo A&E']",Unknown,"['Action', 'Sci-Fi']",,25 min. per ep.,PG - Children,6.10,#9372,#15734,667,1,126,"In a raving world, legendary knights stood up. Will they become gods of war or world saviors? Three Portriss Knights and sole human boy are now going to change the World! Portriss Planet, home of where robots live in peace. However, this peacefulness was ruined by the sudden appearance of a Dictator ""Dark Portriss"". Dark Portriss plans to attain infinite powers through the use of the ""Space-time destroying Cannon"". The only ones able to stop this are the Portriss Knights! A boy, Yuuma, accidentally got into the Portriss World, and the Portrisses` adventure begins! (Source: AniDB)",[],Mugen Senki Portriss,,,,['Mecha'],,,
84,,ストレイシープ ポーのちっちゃな大冒険,,['TV'],18,Finished Airing,"Oct 16, 2001 to Jan 1, 2005",['Fall 2001'],Unknown,['Fuji TV'],"None found,",['Robot Communications'],Original,,,2 min. per ep.,PG - Children,5.99,#9948,#16840,524,0,132,"Stray Sheep is based on the tales of Poe, a naive, independent and curious ram who finds himself sleepwalking into the most unpredictable situations on his path to reuniting with his herd and finding the ""ewe"" of his dreams. (Source: ANN)","['Prequel (TV) Stray Sheep no Daibouken', '']",Stray Sheep: Poe no Chicchana Daibouken,,,['Kids'],,,['Comedy'],
85,,かっぱまき,Kappamaki and the Sushi Kids,['TV'],130,Finished Airing,"Mar 31, 2003 to Sep 26, 2003",['Spring 2003'],Unknown,"None found,","None found,",['Trans Arts'],Unknown,"['Comedy', 'Slice of Life']",,3 min. per ep.,G - All Ages,[],#19321,#18043,418,1,,"Kappamaki and his sushi friends are cute-cool-charming characters who soothe your grating feelings and heal your weary heart. They are all adorable characters originally made with clay by Miss Eri Okamoto. Kappamaki and the Sushi Kids are living in a small and peaceful village surrounded by unspoiled nature - flowers, fields, green forest with a crystal-clear river flowing through it. All the inhabitants including Kappamaki and his friends are naïve, honest and tenderhearted. There is a school, a park, houses, business offices and shops just like an ordinary small village anywhere. A friendly guy says that it is a typical Alpine village with the glamour of Paris and the atmosphere of Venice... Is it, really?! OK. Let's take a closer look... Oh, my goodness! The village looks as if it is made of sushi tools - The banks of the canals are sushi pails. The buildings are piled-up sushi baskets etc... This series of animated shorts is full of humorous mishaps and heart-warming tales giving smiles and chuckles to everybody. They are also educational and entertaining describing friendship and kindness. So, please enjoy the mind-healing tales in this fantasy land. (Source: AniDB)",[],Kappamaki,,,,,,,
86,"Dango 3 Kyodai, Three Dango Brothers, Dango San Kyodai, Dango 3 Kyoudai",だんご3兄弟あっという間劇場,,['TV'],50,Finished Airing,Oct 1999 to Mar 2004,['Fall 1999'],Unknown,['NHK'],"None found,","None found,",Unknown,,,3 min. per ep.,G - All Ages,[],#17566,#18885,354,0,,The hit Danga San Kyoudai song was adapted into shorts that aired on NHK during commercial breaks in Okaasan to Issho's timeslot. The cheery series about three dango brothers was meant to give children quick lessons about sharing and humbleness.,[],Dango San Kyoudai Attoiuma Gekijou,,,['Kids'],['Music'],,,
87,"Ha Pi Fuzi, Happy Father and Son",哈皮父子,Happy Father Happy Son,['TV'],104,Finished Airing,Aug 2000 to Aug 2004,['Summer 2000'],Unknown,"None found,","None found,","None found,",Original,"['Comedy', 'Fantasy']",,6 min. per ep.,PG - Children,[],#18441,#22580,152,0,,No synopsis information has been added to this title. Help improve our database by adding a synopsis here.,"['Sequel (TV) Happy Fuzi: Chao Neng Pao Dan', '']",Happy Fuzi,,,['Kids'],,,,
88,,검정 고무신,Black Rubber Shoes,['TV'],39,Finished Airing,"Dec 15, 2000 to Jan 5, 2005",['Winter 2001'],Unknown,"None found,","None found,","None found,",['Manga'],,,11 min. per ep.,PG - Children,[],#18180,#23244,130,0,,No synopsis information has been added to this title. Help improve our database by adding a synopsis here.,"['Sequel (TV) Geomjeong Gomusin 4', '']",Geomjeong Gomusin,,,['Kids'],,,,
89,,VIE DURANT,,['ONA'],8,Finished Airing,"Jul 15, 2003 to Sep 2, 2003",,,"None found,","None found,","['Radix', 'Marine Entertainment']",Original,"['Drama', 'Sci-Fi']",,7 min. per ep.,PG-13 - Teens 13 or older,4.70,#13533,#12094,"1,901",3,352,"The Antarctic thaws and it is an era when most of the land has been submerged in water. The extinction of Mankind already draws near. Mankind who were born from Adam and Eve, were now deteriorating as they repeatedly get cloned from generation to generation. Things essential for the survival of living things were lost. Even so, the ones remaining cling on to survive... ""We should get what we need for survival from something else...!"" And so, a mere small group of humans began a new life upon the surface of water, exhausting the resources of each and every other living thing to survive. In the end, they discover people who posess a huge quantity of things necessary for survival. The young men who posessed such things continues their journey even today, to escape from those who were pursuing them. They just wanted to find that something somewhere. They were seeking for the one and only ""help"" there was... (Source: AnimeNfo)",[],Vie Durant,,,,['Vampire'],,,
90,,TRIP TREK [トリップトレック],,['ONA'],4,Finished Airing,2003,,,"None found,","None found,",['Manglobe'],Original,"['Adventure', 'Comedy', 'Fantasy']",,5 min. per ep.,G - All Ages,4.61,#13592,#16900,518,0,207,"A young girl from a fairy-tale world, Zocco searches the real world for her missing mother. She is accompanied by Minime, a magical companion / pet that her mother created for her. (Source: ANN)",[],Trip Trek,,,,,,,
91,,はじめの一歩 間柴vs木村 死刑執行,Fighting Spirit: Mashiba vs. Kimura,['OVA'],1,Finished Airing,"Sep 5, 2003",,,"None found,",['Discotek Media'],['Madhouse'],['Manga'],,,1 hr. 1 min.,PG-13 - Teens 13 or older,8.24,#347,#1971,"118,810",223,73195,"Tatsuya Kimura is beginning to feel left behind. With his friends Ippo Makunouchi and Mamoru Takamura holding the championship belt in their respective weight classes, Kimura's inability to become Japan's Junior Lightweight boxing champion eats away at him. Scheduled to fight with the current champion Ryo Mashiba, Kimura begins to train with Ippo's rival Ichirou Miyata, who previously suffered a crushing defeat from Mashiba's signature ""Hitman"" style of boxing. But Mashiba has his own desire to hold onto the belt, hoping to soon shoot for the World title and secure financial stability for his sister Kumi. Will Kimura's overwhelming drive to prove his strength as a boxer overcome Mashiba's desperate wish to provide a better life for Kumi? [Written by MAL Rewrite]","['Prequel (TV Special) Hajime no Ippo: Champion Road', 'Sequel (TV) Hajime no Ippo: New Challenger', 'Adaptation (Manga) Hajime no Ippo', '']",Hajime no Ippo: Mashiba vs. Kimura,,,['Shounen'],['Combat Sports'],,['Sports'],
92,Tenchi Muyo! Ryo-Ohki 3rd Season,天地無用！魎皇鬼 第三期,Tenchi Muyo! Ryo-Ohki,['OVA'],6,Finished Airing,"Sep 18, 2003 to Mar 16, 2005",,,"['VAP', 'Nippon Television Network']",['Funimation'],['AIC'],Original,"['Action', 'Comedy', 'Sci-Fi']","['Harem', 'Space']",30 min. per ep.,R+ - Mild Nudity,7.26,#3065,#4939,"22,025",49,11276,"Ever since his powers awakened, Tenchi Masaki has attracted the attention of many powerful galactic beings, including the mysterious Lady Takami who dispatches her best warrior, Z, to observe him. Though he is under strict orders not to harm Tenchi, Z has no intention of playing by the rules and begins plotting his demise. Meanwhile, on Earth, Tenchi tries to piece together more information about his family and the universe. But as usual, his life won't be getting any easier, as his entire household enters a state of panic when Noike Kamiki Jurai—a woman claiming to be Tenchi’s fiancée—shows up out of the blue. [Written by MAL Rewrite]","['Prequel (OVA) Tenchi Muyou! Ryououki 2nd Season', 'Sequel (OVA) Tenchi Muyou! Ryououki 3rd Season: Tenchi Seirou naredo Namitakashi?']",Tenchi Muyou! Ryououki 3rd Season,,,,,,,
93,,ナースウィッチ小麦ちゃんマジカルて,Nurse Witch Komugi,['OVA'],5,Finished Airing,"Aug 23, 2002 to Apr 2, 2004",,,"['Rondo Robe', 'Pioneer LDC', 'Toshiba Entertainment', 'Toshiba Digital Frontiers']",['ADV Films'],"['Kyoto Animation', 'Tatsunoko Production']",Original,"['Comedy', 'Fantasy']","['Gag Humor', 'Mahou Shoujo', 'Otaku Culture', 'Parody']",24 min. per ep.,PG-13 - Teens 13 or older,6.64,#6226,#5229,"19,265",88,6798,"Ungrar, the King of Viruses, has escaped from his prison cell in Vaccine World. Maya, the Goddess of Vaccine World sends Mugimaru down to Earth to find a human to accept the powers of Vaccine World and become the Magical Nurse. He finds the best (and the only willing) person for the job when he meets Komugi Nakahara. Komugi is a playful, lazy, and easily distracted (typical) teenager whose dream is to become a cosplay idol. Balancing her career with the Kiri-Pro Promotion Company and her new job battling Ungrar's loyal henchman, the Magical Maid Koyori, Komugi delights audiences in this parody anime series. (Source: ANN)","['Sequel (OVA) Nurse Witch Komugi-chan Magikarte Z', '']",Nurse Witch Komugi-chan Magikarte,,,,,,,
94,,新・北斗の拳,New Fist of the North Star,['OVA'],3,Finished Airing,"Jul 24, 2003 to May 28, 2004",,,"['OB Planning', 'Kitty Films', 'Sega']","['ADV Films', 'Sentai Filmworks']",['A.C.G.T.'],['Light novel'],"['Action', 'Drama', 'Sci-Fi']","['Gore', 'Martial Arts', 'Super Power']",58 min. per ep.,R+ - Mild Nudity,6.93,#4693,#5626,"15,808",21,6531,"In a post-apocalyptic Earth, the water has become entirely toxic, except for some kept safe in a reservoir. A fortified zone has been created by a man named Sanga, he calls it The Lastland. A group of villagers have discovered safe water, and Sanga wants it. He and his band of killers go to kill everyone and steal it. As they do a mysterious man appears out of nowhere, instantly killing some of Sanga's men. His name is Kenshiro, and he can beat any man with his martial art, Hokuto Shin Ken. Sanga will do anything for the water, and Kenshiro will do anything to try and stop him. (Source: ANN)","['Prequel (TV) Hokuto no Ken 2', 'Adaptation (Light Novel) Hokuto no Ken: Jubaku no Machi']",Shin Hokuto no Ken,,,['Shounen'],,New El Puño de la Estrella del Norte,,
95,"Lingerie Office, Lingeries Office",ランジェリーズ,,['OVA'],3,Finished Airing,"Jul 24, 2003 to Feb 26, 2004",,,['Green Bunny'],['NuTech Digital'],['Studio Fantasia'],Visual novel,,,28 min. per ep.,Rx - Hentai,7.00,N/A,#6727,"10,137",83,4406,"As Yusuke Nakonishi begins his new job at the Best Beauty Body Lingerie Company, little does he know that he's about to find himself in the center of a ring of business and sexual intrigue. Charged to disrupt and eliminate the cohorts of an opposing faction, Nakonishi thrusts himself on the prowl after three of his sexy co-workers around whom this sex drama spirals. (Source: AniDB)","['Adaptation (Light Novel) Lingeries', '']",Lingeries,Lingerie Office,Lingerie Office,,,Lingeries Office,['Hentai'],
96,"Sexy Magical Girl Ai, Maho Shojo Ai",魔法少女アイ,,['OVA'],5,Finished Airing,"Aug 25, 2003 to Feb 25, 2005",,,"['Milky Animation Label', 'MS Pictures']",['JapanAnime'],['Shinkuukan'],Visual novel,"['Action', 'Horror', 'Supernatural', 'Hentai']",,27 min. per ep.,Rx - Hentai,6.49,N/A,#7022,"9,148",43,3058,"In a certain town, there were consecutive phantom assaults. Because the incidents were extraordinarily, there was a rumor that a ghost or supernatural creature caused them. The students in the school which Akitoshi went to were frightened. One day, an unknown girl appeared in the school. However, all the students except Akitoshi thought they had known her. Feeling strange, he shadowed her in order to investigate her but he lost sight of her. At that moment, he heard the scream of a woman from the nearby material yard and went to the place where the scream came from. There he found the beautiful girl of the school, Mikage. Mikage was surrounded by monsters ""Yuragi"" (fluctuation), and she was hanged naked. Yuragi noticed Akitoshi and began to attack him. Then, the fighter, Ai, appeared and cut them down. Akitoshi stared at Ai. What was her true character, an enemy or an ally? (Source: AnimeNfo)","['Sequel (OVA) Mahou Shoujo Ai San: The Anime', 'Adaptation (Light Novel) Mahou Shoujo Ai']",Mahou Shoujo Ai,,,,,,,
97,"RahXephon Interlude: Her and Herself - Thatness and Thereness, RahXephon OVA",ラーゼフォン 間奏曲 / 彼女と彼女自身と 「Thatness And Thereness」,,['OVA'],1,Finished Airing,"Aug 7, 2003",,,['Bandai'],['Sentai Filmworks'],['Bones'],Original,"['Drama', 'Sci-Fi']",,15 min.,PG-13 - Teens 13 or older,6.27,#8458,#7542,"7,618",3,3075,"Quon Kisaragi was surprised when she saw an illusion of herself floating in midair. This other ""self"" of her claimed that she is a fragment of Quon. Thus an existentialistic dialogue began between the two. (Source: ANN)",[],RahXephon: Kansoukyoku/Kanojo to Kanojo Jishin to - Thatness and Thereness,,,,['Psychological'],,,
98,,とらいあんぐるハート -Sweet Songs Forever-,,['OVA'],4,Finished Airing,"Jul 24, 2003 to Dec 26, 2003",,,['Discovery'],"None found,",['Seven Arcs'],Visual novel,"['Adventure', 'Romance']",,28 min. per ep.,R - 17+ (violence & profanity),6.10,#9393,#7539,"7,624",7,3050,"Fiasse is a world-renowned singer. She is now the headmistress of a special Singing School who does a Charity World Tour every year. Her mother left behind a inheritance for her after she died and some shady people are after Fiasse and the inheritance. Bring in Ellis, and two siblings who are master of the swords to protect Fiasse. The World Tour is coming up and Fiasse will continue the show. Ellis, Kyoya, Miyuki and company must protect their childhood friend at all costs. (Source: ANN)","['Prequel (OVA) Triangle Heart: Sazanami Joshi-ryou', '']",Triangle Heart: Sweet Songs Forever,,,,,,,
99,,誘惑,Temptation,['OVA'],2,Finished Airing,"Jul 25, 2003 to Oct 31, 2003",,,['Discovery'],"['Central Park Media', 'Critical Mass Video']",['AT-2'],Visual novel,,,30 min. per ep.,Rx - Hentai,6.41,N/A,#7938,"6,748",28,2508,"Unable to resist his animal urges, a professor is caught red-handed having sex with a busty coed! Now under blackmail, he must help his new partner in crime mentor the hottest females on campus... and capture their erotic training sessions on film!",[],Yuuwaku,,,,['School'],,['Hentai'],
100,Mazinkaiser: OVA 8,マジンカイザー　死闘！暗黒大将軍,Mazinkaiser VS Great General of Darkness,['OVA'],1,Finished Airing,"Jul 25, 2003",,,"['Bee Media', 'Dynamic Planning']",['Discotek Media'],"[""Brain's Base""]",['Manga'],,,56 min.,R - 17+ (violence & profanity),7.09,#3930,#8487,"5,749",12,2928,"They strike without warning and instantly plunge the world into terror. The Great General of Darkness leads the underground Mycenae Empire in a bid to conquer Earth. The Mazinger Army falls before the seven generals under him, each of them leading an army of superior Warrior Beasts. Meanwhile, Archduke Gorgon is relentlessly pursuing Koji Kabuto, trying to eliminate him before he can reach Mazinkaiser. But a red light in the sky over Mt. Fuji portends the greatest battle in history! (Source: Discotek)","['Prequel (OVA) Mazinkaiser', '']",Mazinkaiser: Shitou! Ankoku Dai Shougun,,,,['Mecha'],Mazinkaiser ¡Combate a Muerte contra el General Negro!,['Action'],
101,"True Love Story Summer Days, and yet...","True Love Story Summer Days, and yet...","True Love Story Summer Days, and yet...",['OVA'],3,Finished Airing,"Sep 26, 2003 to Apr 23, 2004",,,['KSS'],"None found,","['Picture Magic', 'A-Line']",Visual novel,,,25 min. per ep.,PG-13 - Teens 13 or older,5.91,#10409,#8607,"5,542",4,2002,"When Morisaki Yuuta ran into a girl in the school hallway that day, he had no idea his life would change forever. As a member of the photography club and a fledgling to the world of women, Yuuta's life has been turned upside down by the entrance of not one, but several women into his life! From old friends to new acquaintances, it will be tough figuring out who to choose! It is based on the latest installment of the True Love Story series of dating sims.",[],True Love Story,,,,,,['Romance'],
102,,HEARTWORK Symphony of Destruction,Heartwork: Love Guns,['OVA'],3,Finished Airing,"Aug 28, 2003 to May 21, 2004",,,['Active'],['Media Blasters'],['Kyushu Network Animation'],Visual novel,"['Action', 'Hentai']",,30 min. per ep.,Rx - Hentai,6.21,N/A,#8920,"5,035",15,1706,"The fiendish gun to which that makes the person deviate whom it has, continues to inhale no human thing blood. A certain day, Asakura superior obtains that gun accidentally. In the bag where the gun has entered the mass cash and video of request for the assassination by the person of puzzle... the owner of the original bag was the hit man who is called the hunter. It faces to the actual place of assassination, as a hunter uniting with the woman angel of puzzle superior, there, he means to assassinate the target. As for superior, selecting one some kind of destiny? And, as for this dangerous game expecting first death, or... (Source: AniDB)",[],Heartwork: Symphony of Destruction,,,,,,,
103,,凌辱の連鎖,Chains of Lust,['OVA'],2,Finished Airing,"Sep 12, 2003 to Jan 9, 2004",,,['Digital Works'],['Critical Mass Video'],['Y.O.U.C'],Visual novel,,,29 min. per ep.,Rx - Hentai,5.96,N/A,#9208,"4,585",11,1605,"Blackmail, lust, and unspeakable acts are performed in a secret room when two adult video store workers create their own erotic film with a cast of unwilling women. Soon the police start sniffing around the scene, but not to stop the illicit movie magic, they want a piece of the action. (Source: ANN)",[],Ryoujoku no Rensa,,,,,,['Hentai'],
104,"Elfeana, Elfina: Servant Princess",エルフィーナ～淫夜へと売られた王国で…～THE ANIMATION,,['OVA'],3,Finished Airing,"Aug 22, 2003 to Jan 23, 2004",,,['Pink Pineapple'],['Media Blasters'],['Himajin Planning'],Visual novel,"['Fantasy', 'Hentai']",,29 min. per ep.,Rx - Hentai,5.97,N/A,#9276,"4,479",5,1565,Elfina lived a life of luxury as a member of the royal family. She was waited on hand and foot and had a team of servants. That was until her country was invaded! Now Elfina must comply to the sexual demands of her new masters and it doesn't matter how humiliating or intimate the favors! (Source: AniDB),"['Adaptation (Light Novel) Elfina: Yoru e to Urareta Oukoku de... Inyoru no Oukyuu-hen', 'Adaptation (Light Novel) Elfina: Yoru e to Urareta Oukoku de... Houshi Kokka-hen']",Elfina: Yoru e to Urareta Oukoku de... The Animation,,,,,,,
105,,女教師・裕美の放課後,Hot for Teacher,['OVA'],2,Finished Airing,"Aug 8, 2003 to Nov 14, 2003",,,['Digital Works'],['Critical Mass Video'],['Y.O.U.C'],Visual novel,,,29 min. per ep.,Rx - Hentai,5.78,N/A,#9299,"4,432",9,1390,"Yumi is a busty, dark haired beauty who knows how to give her students what they want. But unfortunately, she's never been good at getting what she wants and lately everything seems to be going wrong. First she has a nasty break-up with her fiance, and then she's sexually harassed by the Vice-Principal. One thing leads to another... and before she knows it, the VP and some very horny students trap her into a hot and heavy orgy. After ravishing her over and over again, they make her swear to become their secret sex slave. Now, Yumi's only hope is the reluctant Katsutoshi and his perky girlfriend Keiko. But even with their help, it'll be hard for Yumi to escape her bonds of sexual slavery, since everyone seems to be hot for teacher... (Source: AniDB)",[],Onna Kyoushi Yumi no Houkago,,,,,,['Hentai'],
106,Houkago Renai Club,放課後マニア倶楽部 -濃いの欲しいの-,After School Mania Club,['OVA'],2,Finished Airing,"Jul 25, 2003 to Dec 19, 2003",,,['Pink Pineapple'],"None found,",['Himajin Planning'],Visual novel,,,28 min. per ep.,Rx - Hentai,5.21,N/A,#9460,"4,208",3,1353,"Why join a boring club like the literature or baseball club when you can be part of ""After school Mania club"", its a club that encourages conversation between its members to get to know each other better and ultimately have a date. After their usual meeting on a cafeteria the members can go shopping, find a girlfriend or boyfriend or why not, discover each other sexual preferences. Based on a game of the same name by Libido.",[],Houkago Mania Club: Koi no Hoshii no,,,,,El Club de las Pervertidas,['Hentai'],
107,,大悪司,,['OVA'],2,Finished Airing,"Aug 28, 2003 to May 27, 2005",,,['Green Bunny'],"None found,",['Shinkuukan'],Visual novel,,,22 min. per ep.,Rx - Hentai,6.54,N/A,#9648,"3,969",3,1704,Specials of the Daiakuji: The Xena Buster series.,[],Daiakuji: The Xena Buster Specials,,,,,,['Hentai'],
108,Submarine 707 Revolution,サブマリン707R,Submarine 707R,['OVA'],2,Finished Airing,"Sep 26, 2003 to Apr 28, 2004",,,"['Aniplex', 'Sony Music Entertainment']",['Geneon Entertainment USA'],['Group TAC'],['Manga'],"['Action', 'Adventure', 'Sci-Fi']",,50 min. per ep.,PG-13 - Teens 13 or older,6.21,#8796,#10114,"3,425",3,1399,"In order to keep ocean peace, PKN was organized. It consisted of the state-of-the-art battle ships of various countries. However, they were raided during the foundation ceremony by the unidentified organization, USR, which plotted to conquer the world. They couldn’t be much for the submarine UX which was operated by Admiral Red of USR. But an old Japanese submarine, the 707 saved them, which was operated Captain Hayami at the risk of his life. One year later, succeeding to the 707, which had been ruined during the former fight, newly developed submarine, the 707 II, went for a sail. Among the crews, there were boys, such as Kenji, Goro, and Senta, who had been trainees. PKN formed a fleet led by the Great Guardian, which was the latest battle ship of the United States. However, the attacks of Submarine U were very server, and the fleet was defeated. Then, the 707 arrived. As soon as Red noticed the 707, he was glad to reunion with his rival and began to fight. Escaping from the submarine attack, they hid the 707 in the valley. But Red tried to destroy the valley in order to put the 707 into the torrents of mud. The 707 nearly escaped from it and got in the crater. However it was the pure water layer where the submarine couldn’t float up. At the moment, numerous torpedoes launched to the 707. (Source: AnimeNfo)","['Sequel (OVA) Shinkai no Kantai: Submarine 707', 'Adaptation (Manga) Submarine 707']",Submarine 707R,,,,['Military'],,,
109,Woman Wolf Mania,女狼狂濡,Legend of the Wolf Woman,['OVA'],2,Finished Airing,"Aug 27, 2003 to Nov 21, 2003",,,['CherryLips'],"None found,",['Studio Kyuuma'],Original,"['Horror', 'Sci-Fi', 'Supernatural', 'Hentai']",,26 min. per ep.,Rx - Hentai,5.62,N/A,#10212,"3,324",4,1109,"After a strange hostage-taking case, SWAT officer Linda and her friend Mary, who works at the CSI division, discover that the perpetrator has contracted a mutated rabies virus from the hostage's dog, which is now on the loose. Soon, the city is flooded with people turned to freaks by the decease, and to their horror, Linda and Mary's mutual friend Kata, a stripper at the local night club, appears to have been bitten by the stray dog, too... (Source: ANN)",[],Megami Kyouju,,,,['Military'],,,
110,,メイド イン ドリーム,Maids in Dream,['OVA'],2,Finished Airing,"Jul 25, 2003 to Dec 25, 2003",,,['Lemon Heart'],"None found,",['J.K.I'],Visual novel,,,28 min. per ep.,Rx - Hentai,5.68,N/A,#11045,"2,593",2,925,"A young man wakes up in an unfamiliar room. He has no memory about anything and can't even remember his own name. When he first wakes up there are six maids waiting and worrying about him because he is their new master. One of them tells him his name is Akio. He then learns that he is in a special mansion and will be able to leave only after he manages to resolve his personal issues. The maids are supposed to help him do so, however with no memory he has no idea what personal ""issues"" he needs to resolve. (Source: AniDB)",[],Maids in Dream,,,,,,['Hentai'],
111,,陰陽師 ～妖艶絵巻～,,['OVA'],2,Finished Airing,"Sep 25, 2003 to Dec 25, 2003",,,"['Milky Animation Label', 'MS Pictures']","None found,",['T-Rex'],Original,"['Supernatural', 'Hentai']",,30 min. per ep.,Rx - Hentai,5.61,N/A,#11039,"2,595",2,767,Some people investigate a series of mysterious murders and end up finding out that demons are behind all the killings.,"['Sequel (OVA) Onmyouji Ayakashi no Megami: Inran Jubaku', '']",Onmyouji: Youen Emaki,,,,['Mythology'],,,
112,Dollhouse,人形の館,,['OVA'],2,Finished Airing,"Jul 25, 2003 to Nov 25, 2003",,,['MS Pictures'],['Kitty Media'],['AIC'],Visual novel,,,26 min. per ep.,Rx - Hentai,5.49,N/A,#11252,"2,443",1,747,"So was working at the house of a millionaire, Katsuragi during the summer break. Though the house located deep in mountains far from the town, he enjoyed the days with a beautiful lady, her daughter, and charming maids. One day, he found a mysterious dollhouse in the attic. Inside it, there were dolls that looked like people in the house. He found that the doll had a magical power to manipulate the person at his will, and he made the women his sexual slaves one after another not knowing it is the way to lead to the ruin. (Source: AnimeNfo)",[],Ningyou no Yakata,,,,,,['Hentai'],
113,Wind of Ebenbourg,エーベンブルグの風,,['OVA'],2,Finished Airing,"Jul 25, 2003 to Sep 26, 2003",,,['Amumo'],['NuTech Digital'],['Arms'],Visual novel,,,28 min. per ep.,Rx - Hentai,5.56,N/A,#11735,"2,116",2,685,"Claude was a poor scholar living in England, but is called back to become the Lord of Ronsard by a counselor known as Sophie. Claude's life begins anew with the fate of the city in his hands. But the exiled former lord Eric wants his power back and plans to assassinate Claude. At his new home, Claude meets the lovely maid of the mansion, Mylene. (Source: ANN)",[],Ebenbourg no Kaze,,,,,,['Hentai'],
114,Masaru 2,Masaru あしたの雪之丞2,,['OVA'],2,Finished Airing,"Jul 25, 2003 to Sep 24, 2003",,,['Pink Pineapple'],"None found,",['Triple X'],Visual novel,,,26 min. per ep.,Rx - Hentai,5.46,N/A,#12214,"1,817",1,533,"Kubo Masaru was seriously injured and became unconscious while he was practicing boxing. Fortunately, he recovered from the injury, but he couldn’t continue boxing anymore. When he visited sanatorium, he met his classmate, Ohse Yumiko.","['Prequel (OVA) Ashita no Yukinojou', '']",Masaru Ashita no Yukinojou 2,,,,,,['Hentai'],
115,,水晶の夜 ~蒼い告白より~,,['OVA'],1,Finished Airing,"Sep 12, 2003",,,"None found,","None found,",['Studio OX'],Original,,,26 min.,Rx - Hentai,5.09,N/A,#13973,"1,084",2,269,No synopsis information has been added to this title. Help improve our database by adding a synopsis here.,[],Suishou no Yoru: Aoi Kokuhaku yori,,,,,,['Hentai'],
116,Shirouto Kurabu,素人倶楽部/ハメ撮りアニメ完全無修正!!,,['OVA'],1,Finished Airing,"Aug 20, 2003",,,"None found,","None found,","None found,",Unknown,,,29 min.,Rx - Hentai,4.67,N/A,#14824,859,0,255,No synopsis information has been added to this title. Help improve our database by adding a synopsis here.,[],Shirouto Club: Hamedori Anime Kanzen Mushuusei!!,,,,,,['Hentai'],
117,,とっとこハム太郎 「あ」から「ん」まで ひらがなあそび,,['OVA'],1,Finished Airing,"Jul 30, 2003",,,"None found,","None found,","None found,",['Manga'],,,30 min.,G - All Ages,5.94,#10242,#16268,591,0,129,An educational Hamtarou video that teaches the hiragana alphabet to children.,[],"Tottoko Hamtarou: ""A"" kara ""N"" made Hiragana Asobi",,,['Kids'],,,,
118,,妄想科学シリーズ ワンダバスタイル みっくすJUICEの作り方,,['OVA'],1,Finished Airing,"Aug 28, 2003",,,"None found,","None found,",['TNK'],Original,"['Comedy', 'Sci-Fi']",,22 min.,PG-13 - Teens 13 or older,[],#20453,#20196,276,0,,"Mix JUICE's members are about to give a concert, they are interviewed by journalists about how the band were created. Each member gave a different story! Then, each girl sing alone but only a part of the crowd is moved. Finally they perform together and then, we learn from the producer Hanagata how he recruited the girls to give birth to Mix JUICE. (Source: AniDB)",[],Mousou Kagaku Series: Wandaba Style - Mix Juice no Tsukurikata,,,,['Music'],,,
119,,スノー事故はNO!NO! 雪ダルマンの冬道交通安全,,['OVA'],1,Finished Airing,"Aug 5, 2003",,,"None found,","None found,",['Animation Studio Wagumi'],Original,,,11 min.,G - All Ages,[],#14461,#21074,227,0,,A snowman teaches traffic safety for slippery icy winter roads.,[],Snow Jiko wa No! No! Yuki Daruman no Fuyumichi Koutsuu Anzen,,,['Kids'],['Educational'],,,
120,,仏ゾーン,,['OVA'],1,Finished Airing,"Jul 24, 2003",,,"None found,","None found,",['Xebec'],['Manga'],"['Action', 'Adventure', 'Comedy', 'Fantasy', 'Supernatural']",,Unknown,PG-13 - Teens 13 or older,[],#17103,#21380,209,0,,Bundled as a bonus video within the VHS/DVD release of Shaman King: Kanashimi no Katachi.,"['Adaptation (Manga) Butsu Zone', '']",Butsu Zone,,,['Shounen'],,,,
121,"Gekijouban Pocket Monsters Advanced Generation: Nana-Yo no Negai Boshi Jiraachi, Pokemon Advanced Generation: Nanayo no Negaiboshi Jirachi",ポケットモンスター・アドバンスジェネレーション  七夜の願い星 ジラーチ,Pokémon: Jirachi — Wish Maker,['Movie'],1,Finished Airing,"Jul 19, 2003",,,"['TV Tokyo', 'Shogakukan Productions']","['4Kids Entertainment', 'Miramax Films']",['OLM'],Game,"['Adventure', 'Comedy', 'Drama', 'Fantasy']",,1 hr. 21 min.,PG - Children,6.75,#5612,#2189,"102,723",26,63137,"The Millennium Comet is about to make its long-awaited appearance in the sky again, supposedly granting the wishes of all those who see it in the skies above them. Of course, Satoshi and friends are equally interested in the Millennium Festival, especially when they attend a magic performance by the Great Butler. Even more interesting is the mysterious cocoon in Butler’s possession—from which Masato hears a mysterious voice calling! When Jirachi emerges from its slumber, Masato has a new friend—sadly, it’s only for the brief few days that the Millennium Comet appears in the sky. Masato is anxious to make the most of his time with his new friend, but the Great Butler has his own plans for Jirachi, which are not so friendly. He wants to revive the Legendary Groudon, and Jirachi just might be able to grant that wish. Can Masato, Satoshi, Haruka, and Takeshi stop Butler and save Jirachi before Groudon reappears to reign destruction over the land? (Source: Official site)","['Adaptation (Manga) Gekijouban Pocket Monster Advanced Generation: Nanayo no Negaiboshi Jirachi', '']",Pokemon Movie 06: Nanayo no Negaiboshi Jirachi,Pokémon Film 6: Jirachi : Wishmaker Der Film,"Pokémon Film 6: Jirachi, le Génie des Vœux",['Kids'],,Pokémon Película 6: Alma Gemela,,
122,,원더풀 데이즈,Sky Blue,['Movie'],1,Finished Airing,"Jul 17, 2003",,,['Tin House'],"None found,","None found,",Original,"['Action', 'Drama', 'Romance', 'Sci-Fi']",,1 hr. 35 min.,PG-13 - Teens 13 or older,6.98,#4454,#3949,"36,010",77,15735,"Set in 2142, Wonderful Days depicts a world that has been nearly destroyed by environmental pollution. Human life as we know it is almost extinct, and only a few were able to pull through the collapse of Earth's ecosystem. In order to deal with the chaos, a city named Ecoban was created. The city uses the very pollution that caused the disaster as an energy source. However, although the initial plan was successful to an extent, it didn't just create a new source of energy, but also an elite group of people. This prestigious faction believes that they are above the system, and are not willing to accept survivors from outside the city unless they are put to work as laborers. Among the people living in the wasteland outside Ecoban is a young man named Shua. He leads a very difficult life, but tries to make the most of it through the love that he feels for his childhood friend Jay. Unfortunately, Jay may be more interested in her security commander Cade than in Shua, and thus a love triangle is formed. Not only does Shua have to deal with the heartbreak, but he must also find a new way to survive in the crumbles left from the once-beautiful planet Earth.",[],Wonderful Days,,,,['Love Polygon'],Días Maravillosos,,
123,Pocket Monsters: Odoru Pokemon Himitsu Kichi,おどるポケモンひみつ基地,Pokémon: Gotta Dance,['Movie'],1,Finished Airing,"Jul 19, 2003",,,['Shogakukan Productions'],"['4Kids Entertainment', 'Miramax Films']",['OLM'],Game,"['Comedy', 'Fantasy']",,24 min.,PG - Children,6.44,#7481,#5972,"13,573",2,6005,"Jesse, James and Meowth have just completed building a giant new Team Rocket headquarters, and will soon be hosting a grand gala to show it to the boss. Several Whismur Pokemon (with maracas in hand) have been enslaved to provide the entertainment of the evening, much to their dismay. However, when Pikachu, Torchic, Mudkip and the rest of the gang find their way into the base and to the jail cell of the Whismur, they know they need to free their comrades from captivity. During the impending escape attempt, both friend and foe alike can't help but break out in group dances galore. (Source: IMDB)",[],Pokemon: Odoru Pokemon Himitsu Kichi,,,['Kids'],,,,
124,,茄子 アンダルシアの夏,Nasu: Summer in Andalusia,['Movie'],1,Finished Airing,"Jul 26, 2003",,,"['VAP', 'Telecom Animation Film', 'Oh! Production', 'Tokuma Shoten', 'Asmik Ace', 'Nippon Television Network', 'Tokyu Recreation']",['AnimEigo'],['Madhouse'],['Manga'],,,46 min.,PG-13 - Teens 13 or older,6.97,#4502,#6404,"11,347",11,4709,"Every year, cyclists take to the streets of Spain for La Vuelta, a multi-stage race with legs occurring all over the country. On the day of his brother's wedding, Pepe Benengeli is set to compete in a part of the competition that passes through his hometown in the scorchingly hot region of Andalusia. With intense pressure from the other competitors and the blazing heat of the sun, Pepe must dig deep if he is going to snag victory on his home turf. [Written by MAL Rewrite]","['Sequel (OVA) Nasu: Suitcase no Wataridori', 'Adaptation (Manga) Nasu']",Nasu: Andalusia no Natsu,Nasu: Sommer in Andalusien,Nasu: Un Été Andalou,['Seinen'],['Racing'],,['Sports'],
125,,もも子、かえるの歌がきこえるよ。,My Sister Momoko,['Movie'],1,Finished Airing,"Jul 23, 2003",,,"None found,","None found,",['Magic Bus'],Book,"['Drama', 'Slice of Life']",,1 hr. 19 min.,G - All Ages,7.50,#1965,#8655,"5,461",25,1642,"Momoko, who attends a special school, is both mentally and physically disabled. Every morning she becomes peevish because she can't go to the ordinary school with her twin brother Riki. Her family soothes Momoko by singing her favorite song ""The Song of Frogs."" One day, Momoko shouts encouragement to Riki who's playing dodgeball at an open classroom day and Riki's team wins the game. Ryuji, whose team lost the game, is not impressed and demands that Riki stop bringing his 'idiot sister' to school. Riki totally loses control and hits Ryuji with all his might. The following year, an experiment in integrated education is implemented and Momoko begins to attend Riki's school. Unfortunately, her physical condition takes a turn for the worse and she's sent to a hospital. Riki and all her classmates want to cheer her up and they set a goal of winning a relay race so that they would be able to tell Momoko the good news. Meanwhile, the fastest sprinter, Ryuichi, insists that he won't be taking part in the race. (Source: Eleven Arts)",[],"Momoko, Kaeru no Uta ga Kikoeru yo.",,,,['School'],,,
126,,강아지똥,Doggy Poo,['Movie'],1,Finished Airing,"Jul 25, 2003",,,"None found,","None found,",['Itasca Studio'],Picture book,,,33 min.,G - All Ages,5.67,#11508,#10208,"3,327",11,1536,"Once upon a time, a little doggy poo lived on the side of a road. He felt all alone in this world. He believed that nobody needed him for anything, and that he had no purpose in life. If only Doggy Poo had a reason for being, then he wouldn't give up on his dream to be useful to this world. One day, Doggy Poo meets a lovely dandelion sprout. Will she explain his purpose in life? Will she help him make his dream come true? (Source: AniDB)",[],Gang-aji Ttong,,,['Kids'],,,['Fantasy'],
127,The Last Ark,엘리시움,,['Movie'],1,Finished Airing,"Aug 15, 2003",,,"['Hanho Heung-Up', 'Big Film Entertainment']","None found,","['Toei Animation', 'OLM Digital']",Unknown,"['Action', 'Sci-Fi']",,1 hr. 26 min.,PG-13 - Teens 13 or older,5.24,#12835,#12554,"1,625",1,723,"In In the year 2113 A.D., a team of scientists is dispatched to Antarctica to investigate the region's abnormal seismic activity. Near the epicenter of the activity, the expedition discovers vast land markings akin to the Nazca paleoglyphs drawn in the Peruvian desert. Stranger still is the presence of an enormous underground cavern below these symbols. At the bottom of the chasm, a portion of a tremendous tower juts from the ground. Armed with ultra-digital cameras, the scientific team transmits their findings to the Command Center. One explorer traces the image of a star chart engraved on the tower's exterior. The tower begins to emit a sinister howling as if possessed by demonic forces. One by one, the members of the expedition writhe in pain and die. Those observing the scene at the Command Center watch helplessly. As the high-frequency noise suffuses their headquarters, they too succumb and die in agony. When the waves of the frequency are analyzed, they are discovered to be a beacon directed at the planet Elysium, which lies beyond Earth's solar system. Van, the reluctant hero of the story, is an 18-year-old pizza delivery boy in Manhattan. He competes in the most popular sport of the 22nd century -- turbo jai alai racing. These races are fast paced and deadly affairs that integrate virtual reality into the competition. He's deeply in love with Lydia, a talented ballerina. In the chaotic futuristic metropolis, they only have each other and their dreams. Van and Lydia desperately want the chance to escape the polluted city-scape. Despite the dangers, Van enters a turbo jai alai race in the hopes of winning first prize -- two tickets to a galactic resort where Lydia can audition for the Jupiter Ballet. Meanwhile, earth's deep space observation vessel, the Odyssey, patrols the planet's orbital perimeter. The Odyssey is confronted by an armada of sophisticated alien spacecraft from Elysium. The awed human crew prepares to receive the Elysian ambassador, Yaspe. Without warning, the Odyssey loses control of its weapons, fires on the ambassador's vessel and destroys it. This tragic misunderstanding results in brutal retaliation by the Elysian fleet, culminating in the destruction of the Odyssey and a full-scale attack on Earth. Van's deadly sport of choice turns deadlier when the stadium he is competing in comes under fire from the Elysian barrage. Van struggles through the chaos on his turbo-cycle to rescue Lydia from the collapsing stands. The indiscriminate Elysian onslaught scorches cities worldwide. Van and Lydia flee through the burning streets of Manhattan seeking safety. After a series of harrowing escapes, they find refuge in a claustrophobic fall-out shelter. (Source: AniDB)",[],Elysium,,,,['Mecha'],,,
128,"Astro Boy Tetsuwan Atom: Ivan's Planet, Tetsuwan Atom: Ivan's Planet, Astro Boy Tetsuwan Atom Tokubetsu Hen: Ivan no Wakusei - Robot to Ningen no Yuujou",ASTRO BOY 鉄腕アトム特別編 イワンの惑星~ロボットと人間の友情~,,['Movie'],1,Finished Airing,"Sep 13, 2003",,,['Tezuka Productions'],"None found,","None found,",Unknown,"['Action', 'Sci-Fi']","['Mecha', 'Super Power']",20 min.,G - All Ages,6.15,#9119,#13487,"1,240",0,310,Another Tetsuwan Atom Movie that was shown in the Tezuka Osamu World Cinema in Tokyo until it was closed in 2011. (Source: AniDB),[],Tetsuwan Atom: Ivan no Wakusei - Robot to Ningen no Yuujou,,,['Shounen'],,,,
129,,それいけ! アンパンマン ルビーの願い,,['Movie'],1,Finished Airing,"Jul 12, 2003",,,"None found,","None found,","None found,",Unknown,,,51 min.,PG - Children,5.99,#9946,#14878,845,1,276,"Ruby is an Aurora Girl who makes northern lights together with her kind. She is banished from Aurora no kuni (Aurora Land) because of her selfishness and horrible behaviour, and she is told to find a stone called Aurora no Shizuku that can grant three wishes. That way she will be forgiven. Ruby meets Anpanman and lies to him that she needs the stone to rescue her land. But when Baikinman is also interested in getting the three wishes, Ruby is torn between the choice of helping her new friends or being able to return to Aurora no kuni. (Source: ANN)",[],Sore Ike! Anpanman: Ruby no Negai,,,['Kids'],,,['Comedy'],
130,My Son Goku,ぼくの孫悟空,,['Movie'],1,Finished Airing,"Jul 12, 2003",,,"['Avex Entertainment', 'Tezuka Productions']","None found,","None found,",Unknown,"['Adventure', 'Fantasy']",,1 hr. 35 min.,G - All Ages,6.13,#9227,#14989,821,1,226,"Son-Goku is a monkey who was born from a stone and is endowed with magical powers. He gets carried away and goes on a rampage until at last Buddha confines him within Mt. Gogyo. Saved by Sanzohoshi, Son-Goku accompanies him on a journey to India. But on their way, monsters lie in wait for them. (Source: BakaBT)",[],Boku no Son Gokuu,,,['Kids'],,,,
131,,minamo,,['Movie'],1,Finished Airing,"Sep 17, 2003",,,"None found,","None found,",['Mirai Film'],Original,,,2 min.,G - All Ages,4.81,#13425,#16764,532,0,228,Mizue set up a camera over a water tray with an illuminated white background (presumably an animation table) and experimented with the flow of aqueous ink over the surface of the water using stop motion animation techniques.,[],Minamo,,,,,,,
132,,それいけ! アンパンマン 怪傑ナガネギマンとドレミ姫,,['Movie'],1,Finished Airing,"Jul 12, 2003",,,"None found,","None found,",['TMS Entertainment'],Unknown,"['Comedy', 'Fantasy']",,20 min.,PG - Children,[],#14535,#17090,497,0,,No synopsis information has been added to this title. Help improve our database by adding a synopsis here.,[],Sore Ike! Anpanman: Kaiketsu Naganegiman to Doremi-hime,,,['Kids'],,,,
133,"Rabbit, Lost Memories: The Art & Music of Silent Hil",兎,,['Movie'],1,Finished Airing,"Jul 3, 2003",,,['Konami'],"None found,","None found,",Game,"['Avant Garde', 'Horror']",,2 min.,PG-13 - Teens 13 or older,5.04,#13191,#17241,483,0,245,"Usagi is a two-and-a-half minute short-film produced by Team Silent. It features many Robbie the Rabbits of varying colors in a hospital-like setting as they walk around, wheel gurneys, and ride elevators. (Source: Silent Hill Wiki)",[],Usagi,,,,,,,
134,,良寛さん,,['Movie'],1,Finished Airing,"Jul 12, 2003",,,"None found,","None found,","None found,",Other,,,1 hr. 13 min.,G - All Ages,[],#21479,#17618,452,0,,"An animated motion picture about a real-life Buddhist monk and renowned poet, Ryoukan who lived in 18th century Japan, during the Edo Period. Though born to a wealthy family in Izumozaki, Ryoukan chooses to abandon the easy life he would have inherited in order to understand the true meaning of life through the teachings of Buddhism. From his early adulthood, he undergoes a series of harsh training that demands a solitary and meager lifestyle. Throughout it all, he remains an extremely modest and humble person, a true humanitarian who accepts every individual for who they are while rejecting all worldly fame and wealth. Ryoukan found true peace in life through nature and spending time with children. His pure mind and affable personality have captivated many, and his legacy and the wisdom of his teachings live on today. (Source: ATTKC)",[],Ryoukan-san,,,,['Historical'],,,
135,"The Form that Love Takes, Ai no Katachi, The Form that Sadness Takes, Kanashimi no Katachi, The Form that Friendship Takes, Yujo no Katach, Documents of the Shaman Fight",シャーマンキング,,['Special'],5,Finished Airing,"Jan 2, 2002 to Jul 24, 2003",,,['TV Tokyo Music'],"None found,",['Xebec'],['Manga'],"['Action', 'Adventure', 'Supernatural']",,35 min. per ep.,PG-13 - Teens 13 or older,7.20,#3377,#5060,"20,910",26,8157,"Throughout the broadcast of Shaman King, many shorts (usually referred to as Shaman King omake and TV specials) were made on special days of the year related to spirits and the like. The omake were short stories that were made for humorous effect. Apparently, all of the omake fit into the story before the Shaman Fight 2nd round. Documents of the Shaman Fight was shown with a New Year's omake as well. The TV Specials were aired after specific points of the story as well as on holidays. The specials were never dubbed in English, and, most likely, never will be. (Source: Wikipedia)",[],Shaman King Specials,,,['Shounen'],,,,
136,"Pokemon: Pichu Bros. Wild Adventure, Pocket Monsters: Boku-tachi Pichu Brothers - Party wa Oosawagi! no Maki",ぼくたちピチューブラザーズ　～パーティはおおさわぎ！のまき～,Pokémon: Pichu Bros. in Party Panic,['Special'],1,Finished Airing,"Jul 18, 2003",,,['Nintendo'],"['4Kids Entertainment', 'Nintendo of America']",['OLM'],Game,"['Adventure', 'Comedy', 'Fantasy']",,20 min.,PG - Children,6.49,#7126,#5919,"13,909",9,6747,"This is an animated cartoon that was released inside the game Pokémon Channel. A half-hour long anime show, broken into five short segments, featuring the Pichu Brothers. Meowth throws a party that the Pichu brothers and their friends are not invited to. After a series of events, they find out they were invited, but their invitations were simply delivered late. They go to Meowth's Party and hear him sing. The series has a total of five episodes, each on its own channel. (Source: Wikipedia)",[],Pokemon: Bokutachi Pichu Brothers - Party wa Oosawagi! no Maki,,,['Kids'],,,,
137,"Mahoromatic Summer 2003 TV Special, Mahoromatic: Natsu no TV Special",まほろまてぃっく 夏のTVスペシャル,,['Special'],1,Finished Airing,"Aug 15, 2003",,,"None found,","['Sentai Filmworks', 'Geneon Entertainment USA']","['Gainax', 'Shaft']",['Manga'],"['Comedy', 'Romance', 'Sci-Fi', 'Ecchi']",,23 min.,R+ - Mild Nudity,7.07,#4076,#6293,"11,854",3,5886,"It's another normal day in the Misato residence when Mahoro finds yet another pornographic magazine in Suguru's room. This prompts her and Minawa to make a pact with Chizuko, Rin, Miyuki and Miss Shikijo to search and confiscate all of the perverted stash in the house. Suguru, Kiyomi and Toshiya must do whatever it takes to protect their treasure from the girls. (Source: ANN)",[],Mahoromatic Summer Special,,,['Seinen'],,,,
138,Rupan Sansei,ルパン三世: お宝返却大作戦！！,Lupin III: Operation Return the Treasure,['TV Special'],1,Finished Airing,"Aug 1, 2003",,,"None found,",['Discotek Media'],['TMS Entertainment'],['Manga'],"['Action', 'Adventure', 'Comedy', 'Mystery']",,1 hr. 31 min.,PG-13 - Teens 13 or older,7.28,#2945,#7452,"7,835",2,3282,"After robbing a Moscow casino right under Zenigata's nose, Lupin sets his sights on stealing the Trick Diamond. He and Jigen head to the estate of the recently deceased Mark Williams, another master thief who's had the diamond, as well as other treasures, in his possession for years. However, instead of finding the diamond, Lupin & Jigen find Fujiko, who tells them about Mark's dying wish - Lupin must return all the treasures the old thief stole to their rightful place. If this is done in time, the location of the diamond will be revealed, and Lupin can use it to get the real treasure, hidden in Gaudí's Sagrada Familia. Returning the stolen goods isn't easy though, as Zenigata and the casino boss' ruthless gang are on Lupin and friends' tail. (Source: ANN)",[],Lupin III: Otakara Henkyaku Daisakusen!!,,,['Seinen'],['Adult Cast'],,,
139,"Chiccha na Yukitsukai Sugar Special, Chiccha na Yukitsukai Sugar Tokubetsu Hen",ちっちゃな雪使いシュガー特別編,Sugar: A Little Snow Fairy Summer Special,['TV Special'],2,Finished Airing,"Aug 21, 2003 to Aug 28, 2003",,,"['Kadokawa Shoten', 'Broccoli', 'TBS', 'Pioneer LDC']","['Sentai Filmworks', 'Geneon Entertainment USA']",['J.C.Staff'],Original,"['Comedy', 'Fantasy']",,24 min. per ep.,G - All Ages,7.02,#4282,#8483,"5,751",6,2464,"When Saga—now 15 years old—arrives at her home after a day of errands, her grandmother Regina discovers an old dress in the attic. At this point, Saga recalls the time her elementary class participated in a play titled ""Princess and Fairy."" She volunteered to play the role of the Princess while her rival Greta played the evil witch. The production of the school play reminded Sugar and the other fairies of the time ""The Bear Pianist"" played in the town not too long ago.","['Prequel (TV) Chicchana Yukitsukai Sugar', '']",Chicchana Yukitsukai Sugar Specials,,,,,,,
140,"RahXephon Episode 9.5, RahXephon Special",ラーゼフォン 特別編集版 翼の記憶 -Memory-,,['TV Special'],1,Finished Airing,"Apr 9, 2002",,,"None found,",['Sentai Filmworks'],['Bones'],Original,"['Action', 'Drama', 'Mystery', 'Romance', 'Sci-Fi']","['Mecha', 'Music']",35 min.,PG-13 - Teens 13 or older,6.37,#7844,#9405,"4,281",0,1283,Recap TV Special for the series RahXephon.,[],RahXephon: Tsubasa no Kioku - Memory,,,,,,,
141,"UFO Ultramaiden Valkyrie OVA Special: Bridal Training, UFO Princess Walkyure, UFO Princess Walküre, Bride Training Boot Camp",円盤皇女ワるきゅーレ 七転八倒 花嫁修行,,['Special'],1,Finished Airing,"Aug 23, 2003",,,"['Media Factory', 'Nippon Columbia', 'KlockWorx', 'Toshiba Entertainment']",['ADV Films'],['TNK'],['Manga'],"['Comedy', 'Romance', 'Sci-Fi']",,24 min.,PG-13 - Teens 13 or older,6.80,#5320,#9406,"4,278",1,1947,"The queen of planet Valhalla arrives on Earth with a virtual-world-program, called ""bride training boot camp"". They built several pairs which have to take a random card with a special situation that might occur if you are married. For instance Kazuto and Valkyrie have to make dinner, Raine and Kazuto's sister have to manage poverty or Akina and Hydra have to prepare a wedding ceremony as bride and groom (so everyone gets the most unlikely and unsuitable situation). (Source: ANN)",[],UFO Princess Valkyrie: Shichiten Battou Hanayome Shuugyou,,,,,,,
142,Bondage Game: Shinsou no Reijou-tachi Special,ボンデージ・ゲーム -深窓の隷嬢達-,,['Special'],1,Finished Airing,"Aug 8, 2003",,,['Pink Pineapple'],"None found,",['ORADA COMPANY'],Visual novel,"['Suspense', 'Hentai']",,26 min.,Rx - Hentai,5.08,N/A,#10307,"3,217",3,1011,Bonus episode for the hentai anime Bondage Game: Shinsou no Reijoutachi.,[],Bondage Game: Shinsou no Reijou-tachi - Shinsou no Dorei-tachi,,,,['Psychological'],,,
143,Orb Panic Adventure!,球体パニックアドベンチャー!,,['Special'],1,Finished Airing,"Jul 19, 2003",,,['Fuji TV'],"None found,","None found,",Unknown,,"['Martial Arts', 'Super Power']",8 min.,G - All Ages,4.73,#13497,#10519,"3,034",0,1257,"A special screened at special events named Odaiba Boken-Oh featuring characters from Astro Boy, Dragon Ball Z and One Piece.","['Sequel (Special) Kyutai Panic Adventure Returns!', '']",Kyutai Panic Adventure!,,,['Shounen'],,,['Action'],
144,"HeatGuy J: Captive - Angel, Habitat Ground Jewdo Special, Heat Guy Jay Special, HeatGuy-J Special",ヒートガイジェイ虜 -ANGEL-,HeatGuy J: Angel,['Special'],1,Finished Airing,"Sep 26, 2003",,,['Bandai Visual'],"['Funimation', 'Geneon Entertainment USA']",['Satelight'],Original,"['Action', 'Adventure', 'Sci-Fi']","['Mecha', 'Organized Crime']",25 min.,PG-13 - Teens 13 or older,6.89,#4878,#10680,"2,899",1,1181,"Episode 14.5 In the city of Judoh, Claire Leonelli has inherited leadership of the Mafia group ""Vampire"" following the death of his father. To keep Claire's and other criminal activities in check, the city's Bureau of Urban Safety has Special Services Division operative Daisuke Aurora and the super android codenamed ""J"" (whose identity is apparently kept in secrecy, as androids are banned in the city). With both of them around, crime now has little room to breathe in Judoh. (Source: ANN)",[],Heat Guy J: Toriko - Angel,,,,,,,
145,"UFO Ultramaiden Valkyrie Recap, UFO Princess Walkyure, UFO Princess Walküre",円盤皇女ワるきゅーレ,,['Special'],1,Finished Airing,"Aug 23, 2003",,,"['Media Factory', 'Nippon Columbia', 'KlockWorx', 'Toshiba Entertainment']",['ADV Films'],['TNK'],['Manga'],"['Comedy', 'Romance', 'Sci-Fi']",,45 min.,PG-13 - Teens 13 or older,6.11,#9304,#12415,"1,700",0,520,"A 45-minute recap episode of the first season, narrated by Sanada-san.",[],UFO Princess Valkyrie: Recap,,,,,,,
146,"Cyborg 009: The Cyborg Soldier Finale, Cyborg 009: The Cyborg Soldier ep 51",サイボーグ009 THE CYBORG SOLDIER 宇宙(かみ)の産声,,['Special'],1,Finished Airing,"Aug 27, 2003",,,"None found,",['Discotek Media'],['Japan Vistec'],['Manga'],"['Action', 'Adventure', 'Sci-Fi']",,24 min.,PG-13 - Teens 13 or older,6.33,#8068,#12438,"1,689",0,478,The unaired final episode of Cyborg 009: The Cyborg Soldier. It was released on DVD two years after the show finished its televised broadcast.,"['Prequel (TV) Cyborg 009: The Cyborg Soldier', ""Adaptation (Manga) Cyborg 009 Kanketsu-hen: Conclusion God's War""]",Cyborg 009: The Cyborg Soldier - Kami no Ubugoe,,,['Shounen'],['Mecha'],,,
147,Tenchi Muyou! Ryououki 3rd Season Radio Special,ラヂオ天地,,['Special'],5,Finished Airing,"Sep 18, 2003 to Mar 16, 2005",,,"None found,","None found,","None found,",Original,"['Comedy', 'Slice of Life']",,5 min. per ep.,G - All Ages,6.30,#8294,#12552,"1,629",1,367,Picture Dramas released with the Tenchi Muyou! Ryououki 3rd Season OVA volumes.,[],Tenchi Muyou! Ryououki 3rd Season Picture Drama,,,,,,,
148,Jinzou Ningen Kikaida vs. Inazuman,ギターを持った少年 -キカイダーVSイナズマン-,The Boy Who Carried a Guitar: Kikaider vs. Inazuman,['Special'],1,Finished Airing,"Sep 18, 2003",,,"None found,","None found,","['Radix', 'Studio OX']",Unknown,,,28 min.,PG-13 - Teens 13 or older,6.35,#7972,#12690,"1,558",1,587,The OVA Special which teams the Anime version of the legendary Henshin Hero Jiro/Jinzou Ningen Kikaider with another Toei Henshin Hero Inazuman.,"['Prequel (OVA) Kikaider 01 The Animation', 'Adaptation (Manga) Inazuman vs Kikaider']",Guitar wo Motta Shounen: Kikaider vs. Inazuman,,,['Shounen'],,,['Sci-Fi'],
149,Platonic Chain Special,プラトニック・チェーン,,['Special'],1,Finished Airing,"Sep 14, 2003",,,"None found,","None found,",['ACiD FiLM'],Novel,"['Sci-Fi', 'Slice of Life']",,15 min.,PG-13 - Teens 13 or older,5.57,#11920,#13915,"1,100",2,388,"In the near future, technology has made a few leaps and bounds, and videophones and constant wireless internet access are available to everyone. However, it would seen that the government has been careless and a skilled hacker was able to break into the national information archive. Using the data held there he creates the Platonic Chain website for people to discover information about themselves and their friends. Words start to spread quickly that there is a site that enables you to look up anything. Coincidentally, three young girls, Hitomi, Rika, and Kanae, are able to access the site. (Source: AniDB) This is a 15 minutes special to the TV series, Platonic Chain.",[],Platonic Chain: Web,,,,,,,
150,"Sensou Douwa 2, A Mother Who Became a Kite",凧になったお母さん,,['TV Special'],1,Finished Airing,"Aug 15, 2003",,,"None found,","None found,",['Shin-Ei Animation'],Novel,,,45 min.,G - All Ages,6.50,#7045,#14279,"1,003",3,213,"The second film in Shin-Ei's series of annual WWII themed anime television movies for children ""Sensou Douwa"" (war story). (Source: AniDB)",[],Tako ni Natta Okaasan,,,,['Historical'],,['Drama'],
151,,クレヨンしんちゃん Specials,,['Special'],Unknown,Currently Airing,"Dec 28, 1992 to ?",,,"None found,","None found,",['Shin-Ei Animation'],['Manga'],"['Comedy', 'Ecchi']",,48 min.,G - All Ages,[],#17451,#15460,712,2,,"87 Crayon Shin-chan TV Specials exist as of August 6, 2022.",[],Crayon Shin-chan Specials,,,['Seinen'],['School'],,,
152,Bosco Adventure Pilot,ボスコの森のなかまたち,,['Special'],1,Finished Airing,"Jul 25, 2003",,,"None found,","None found,","None found,",Book,"['Adventure', 'Fantasy']",,5 min.,G - All Ages,5.87,#10570,#17934,426,0,141,A pilot episode made one year before the Bosco Daibouken anime featuring different characters. It was publicly released to 19 years later.,[],Bosco no Mori no Nakama-tachi,,,,,,,
153,,英雄にはなれない僕らだから,,['Special'],5,Finished Airing,"Sep 2, 2003",,,"None found,","None found,","None found,",Original,,"['Performing Arts', 'School']",3 min. per ep.,G - All Ages,5.76,#11105,#17978,423,0,114,"The future dream I wrote for an elementary school assignment was ""hero"". Amano Kanzaki was such a child. The performance of the theater department at a welcome party for freshman high school students, he came across a hero there. ""I also want to stand on the same stage together"".",[],Eiyuu ni wa Narenai Bokura Dakara,,,,,,,
154,,onちゃん夢パワー大冒険！,"On-chan, Dream Power Big Adventure!",['TV Special'],1,Finished Airing,"Aug 5, 2003",,,"None found,","None found,",['Nippon Animation'],Unknown,,,55 min.,G - All Ages,[],#20841,#18381,393,1,,"On-chan and his friends from the universe's Parade Star, for some reason meets the brother and sister, Kenta and Haruka, who is moving from Tokyo to Sapporo along the way, in the middle of a meadow. The two of them travel to get back to their new home in Sapporo. For on-chan and the other's though, they encounter all sorts of trouble. At first, Kenta was opposing on-chan's dream power but before he knew it, he was also under its influence... (Source: AniDB)","['Sequel (TV) Yume Miru, Anime: On-chan', '']","On-chan, Yume Power Daibouken!",,,,,,['Fantasy'],
