,Synonyms,Japanese,English,German,Spanish,French,Type,Episodes,Status,Aired,Premiered,Broadcast,Producers,Licensors,Studios,Source,Genres,Themes,Duration,Rating,Score,Ranked,Popularity,Members,Favorites,Scorers,Synopsis,Related_Entries,Title,Demographic,Theme,Genre,Demographics
0,Mousou Dairinin,妄想代理人,Paranoia Agent,Paranoja Agent,Paranoia Agent,Paranoia Agent,['TV'],13,Finished Airing,"Feb 3, 2004 to May 18, 2004",['Winter 2004'],Saturdays at 00:00 (JST),"['WOWOW', 'Asmik Ace', 'Tohokushinsha Film Corporation']","['Funimation', 'Geneon Entertainment USA']",['Madhouse'],Original,"['Avant Garde', 'Award Winning', 'Drama', 'Mystery', 'Supernatural', 'Suspense']","['Adult Cast', 'Detective', 'Psychological']",24 min. per ep.,R+ - Mild Nudity,7.66,#1391,#552,"442,973","5,915",170574,"The infamous Shounen Bat is terrorizing the residents of Musashino City. Flying around on his rollerblades and beating people down with a golden baseball bat, the assailant seems impossible to catch—much less understand. His first victim, the well-known yet timid character designer Tsukiko Sagi, is suspected of orchestrating the attacks. Believed only by her anthropomorphic pink stuffed animal, Maromi, Tsukiko is just one of Shounen Bat's many victims. As Shounen Bat continues his relentless assault on the town, detectives Keiichi Ikari and Mitsuhiro Maniwa begin to investigate the identity of the attacker. However, more and more people fall victim to the notorious golden bat, and news of the assailant begins circulating around the town. Paranoia starts to set in as chilling rumors spread amongst adults and children alike. Will the two detectives be able to unravel the truth behind Shounen Bat, or will the paranoia get to them first? [Written by MAL Rewrite]",[],Mousou Dairinin,,,,
1,Ghost In The Shell S.A.C. 2nd GIG,攻殻機動隊 S.A.C. 2nd GIG,Ghost in the Shell: Stand Alone Complex 2nd GIG,Ghost in the Shell: Stand Alone Complex 2nd GIG,Ghost in the Shell: Stand Alone Complex 2nd GIG,Ghost in the Shell: Stand Alone Complex 2nd GIG,['TV'],26,Finished Airing,"Jan 1, 2004 to Jan 8, 2005",['Winter 2004'],Unknown,"['Bandai Visual', 'Dentsu', 'Victor Entertainment', 'Kodansha', 'Tokuma Shoten', 'Nippon Television Network', 'Fonishia']","['Bandai Entertainment', 'Manga Entertainment']",['Production I.G'],['Manga'],"['Action', 'Mystery', 'Sci-Fi']","['Adult Cast', 'Detective', 'Mecha', 'Military']",25 min. per ep.,R - 17+ (violence & profanity),8.51,#142,#1116,"233,647","3,213",106502,"Following the closure of the ""Laughing Man"" case, Section 9 is re-established by Japan's newly elected Prime Minister, Youko Kayabuki, to combat the persistent threat of cyber-terrorism. A group calling themselves ""The Individual Eleven"" has begun committing acts of terror across Japan. While Motoko Kusanagi, Daisuke Aramaki, Batou, and the other members of Section 9 investigate this new menace, the Japanese government faces a separate crisis, as foreign refugees displaced by the Third World War seek asylum in Japan. But as the members of the special-ops team continually encounter Gouda Kazundo—a leading member of the Cabinet Intelligence Service—in their hunt, they begin to suspect that he may be involved, and that the events of the refugee crisis and The Individual Eleven may be more connected than they realize... [Written by MAL Rewrite]","['Prequel (TV) Koukaku Kidoutai: Stand Alone Complex', 'Sequel (TV Special) Koukaku Kidoutai: Stand Alone Complex - Solid State Society']",Koukaku Kidoutai: Stand Alone Complex 2nd GIG,['Seinen'],,,
2,"MariMite, La Vierge Marie Vous Regarde, The Virgin Mary is Watching You",マリア様がみてる,Maria Watches Over Us,,María nos mira,,['TV'],13,Finished Airing,"Jan 8, 2004 to Apr 1, 2004",['Winter 2004'],Thursdays at 01:00 (JST),"['Rondo Robe', 'TV Tokyo Music']","['Nozomi Entertainment', 'Maiden Japan']",['Studio Deen'],['Light novel'],"['Drama', 'Girls Love']",,23 min. per ep.,PG-13 - Teens 13 or older,7.28,#2949,#2693,"73,573",710,22712,"Sachiko Ogasawara, a brilliant and refined student at Lillian Girls' Academy, hides a troubled personality behind her status as the school idol. She has a deep aversion to men and is revolted by the idea of having to dance with a male student for the upcoming school play. Desiring to step down from her role, she proposes to the Yamayuri Council, Lillian's student council, that she will instead prove her worth by finding a petite sœur—an underclassman who becomes the protegee of her grande sœur. To the bewilderment of all, Yumi Fukuzawa, the first-year student Sachiko invites to become her petite sœur, refuses the proposal. However, senior Yamayuri Council member Sei Satou proposes a challenge: if Sachiko can convince Yumi to become her petite sœur, she can withdraw from the play. Although Sachiko often struggles to connect with others, she endeavors to do everything in her power to win Yumi over. [Written by MAL Rewrite]","['Sequel (TV) Maria-sama ga Miteru: Haru', 'Adaptation (Manga) Maria-sama ga Miteru', 'Adaptation (Light Novel) Maria-sama ga Miteru', '']",Maria-sama ga Miteru,['Shoujo'],['School'],,
3,We Are Pretty Cure,ふたりはプリキュア,Pretty Cure,Pretty Cure,Pretty Cure,Pretty Cure,['TV'],49,Finished Airing,"Feb 1, 2004 to Jan 30, 2005",['Winter 2004'],Sundays at 08:30 (JST),"['Asatsu DK', 'Asahi Production', 'Asahi Broadcasting']",['4Kids Entertainment'],['Toei Animation'],Original,"['Action', 'Comedy']",,24 min. per ep.,G - All Ages,7.10,#3899,#3135,"55,508",377,21126,"Middle school students Nagisa Misumi and Honoka Yukishiro are the epitome of dissimilarity. Popular with their classmates, Nagisa is the school's energetic star lacrosse player, while Honoka is the soft-spoken ""Queen of Intelligence."" As unrelated as they may seem, Nagisa and Honoka live double lives as the ""emissaries of light"": Cure Black and Cure White of Pretty Cure. With the assistance of two fairies, Mipple and Mepple, the girls fight against the Dotsuku Zone—an evil force that has invaded the Garden of Light. In order to prevent the Dotsuku Zone from taking over the Garden of Rainbows as well, the pair must work together to find seven Prism Stones and restore the Prism Hopish to drive out the vile forces. With strong foes standing in their way, Nagisa and Honoka learn to work together and harness their newfound powers in order to save the worlds from further ruin. [Written by MAL Rewrite]","['Sequel (TV) Futari wa Precure: Max Heart', 'Adaptation (Manga) Futari wa Precure']",Futari wa Precure,,['Mahou Shoujo'],,
4,,ごくせん,The Gokusen,,,,['TV'],13,Finished Airing,"Jan 7, 2004 to Mar 31, 2004",['Winter 2004'],Wednesdays at 01:23 (JST),"['VAP', 'Omnibus Promotion']","['Media Blasters', 'NYAV Post']",['Madhouse'],['Manga'],"['Action', 'Comedy']","['Delinquents', 'Organized Crime', 'School', 'Workplace']",23 min. per ep.,R - 17+ (violence & profanity),7.41,#2302,#3303,"50,687",271,22838,"Kumiko Yamaguchi is smart, enthusiastic, and ready to start her dream job as a math teacher at Shirokin Academy. But as her first day opens on atrocious students and cowering teachers, Kumiko realizes that the all-boys high school is a cesspool of delinquents with no intention of improving themselves. However, what her rowdy students don't know is that behind her dorky facade, Kumiko is the acting head of a powerful yakuza clan, and she has the skills to prove it! Capable of overpowering even the strongest of gangsters in seconds, Kumiko must keep her incredible strength and criminal influence a secret in order to keep her job. Unfortunately, with the vice principal constantly trying to get her fired and Shin Sawada, the leader of her class of delinquents, suspecting she's stronger than she lets on, Kumiko has a difficult teaching career ahead of her. [Written by MAL Rewrite]","['Adaptation (Manga) Gokusen', '']",Gokusen,['Josei'],,,
5,,ゆめりあ,,,,,['TV'],12,Finished Airing,"Jan 9, 2004 to Mar 26, 2004",['Winter 2004'],Fridays at 00:30 (JST),"None found,","['ADV Films', 'Sentai Filmworks']",['Studio Deen'],Visual novel,"['Action', 'Comedy', 'Ecchi']","['Harem', 'Super Power']",24 min. per ep.,PG-13 - Teens 13 or older,6.06,#9642,#4368,"29,203",33,13244,"On his 16th birthday, Tomokazu Mikuri had a realistic dream where he sees a girl battling a giant floating monstrosity. When he wakes up, he is surprised that the girl is actually sleeping next to him... Whenever he sleeps from now on, he ends up back at the dream world, and more and more people that he knows keep showing up there too. He finds out from a mysterious masked woman in the dream world named Silk that they are fighting against one named Faydoom, and he is the one who provides the powers to those girls so that they can fight these monsters. And so it goes... (Source: ANN)",[],Yumeria,,,,
6,"Mezzo Danger Service Agency, Mezzo Forte TV, Mezzo TV Danger Service Agency",メゾ,,,,Mezzo,['TV'],13,Finished Airing,"Jan 4, 2004 to Mar 28, 2004",['Winter 2004'],Sundays at 23:30 (JST),"['Pierrot', 'Shochiku', 'Memory-Tech', 'Happinet Pictures']","['ADV Films', 'Sentai Filmworks']",['Arms'],Original,"['Action', 'Adventure', 'Comedy', 'Mystery', 'Sci-Fi']",,24 min. per ep.,R+ - Mild Nudity,6.62,#6407,#4697,"24,818",73,9277,"Mikura, Kurokawa, and Harada are the 3 members of the Danger Service Agency (DSA). Mikura is the brawns of the group, Harada is the brains, and Kurokawa is just a bitter ex-cop that likes to think he's in charge. They'll take on any job as long as it involves lots of danger and, of course, money. If you want to live long enough to eat dinner, you better not cross them. Their biggest case, however, could prove to be finding out why someone wants Kurokawa assassinated. (Source: ANN)","['Prequel (OVA) Mezzo Forte', '']",Mezzo DSA,,,,
7,,光と水のダフネ,Daphne in the Brilliant Blue,,,Daphne in The Brilliant Blue,['TV'],24,Finished Airing,"Jan 16, 2004 to Jul 3, 2004",['Winter 2004'],Saturdays at 00:30 (JST),"['Genco', 'Lantis', 'Pony Canyon', 'Toshiba Entertainment']","['Sentai Filmworks', 'Geneon Entertainment USA']",['J.C.Staff'],Original,"['Comedy', 'Drama', 'Mystery', 'Sci-Fi', 'Ecchi']","['Detective', 'Psychological']",24 min. per ep.,PG-13 - Teens 13 or older,6.75,#5597,#5489,"16,828",31,5494,"In the future, water has covered much of the Earth due to the effects of global warming. The orphaned Maia Mizuki, 15, just graduated from middle school and has already applied for employment in the elite paramilitary Ocean Agency, part of the futuristic world government. Only the best, most intelligent, and physically fit students are eligible for admission. Maia, the series' protagonist, is set to become one of the few. But her ideal life quickly falls apart. To her disappointment, Maia unexpectedly fails her entrance exams. Making matters worse, she promptly gets evicted from her house, pick pocketed, taken hostage, then shot. She is ""saved"" by two women (Rena and Shizuka) that are part of an unorthodox help-for-hire organization called Nereids (inspired by the Greek mythological Nereids ). With nowhere to go, Maia joins up with Nereids, taking jobs from capturing wanted criminals to chasing stray cats, often with unexpected results. Gloria and Yu later join up with Nereids. ""Daphne"" in the title refers to a subplot that starts midway into the series and eventually become important to Maia. ""Brilliant Blue"" refers to the fact that this is a world covered by water with almost no land. The world consists of vast oceans, a few islands, and floating cities. (Source: Wikipedia)","['Adaptation (Manga) Ai: Hikari to Mizu no Daphne', '']",Hikari to Mizu no Daphne,,,,
8,Area 88 (2004),エリア８８,,,,,['TV'],12,Finished Airing,"Jan 9, 2004 to Mar 26, 2004",['Winter 2004'],Fridays at 02:12 (JST),"['TV Asahi', 'Animax', 'Studio Live']",['ADV Films'],['Group TAC'],['Manga'],"['Action', 'Drama', 'Romance']",,23 min. per ep.,PG-13 - Teens 13 or older,6.98,#4458,#5672,"15,442",65,5954,"Deep in the sandy plains of the Middle Eastern kingdom of Asran, Japanese photojournalist Makoto Shinjou travels to the remote airbase Area 88 to document the activities of the mercenaries who destroy the country's enemies for a living. Among their ranks is Shin Kazama, a Japanese ace pilot who was tricked by his former best friend into signing a contract with the Asran's fighter squad. Because of this, he lost his career as an airline pilot and the chance to marry his fiancee Ryoko Tsugumo. Now, Shin has three choices in order to leave Area 88 and return to Japan: serve the mercenary group for three years, earn US$1.5 million, or desert the base, risking imminent death. (Source: ANN)","['Adaptation (Manga) Area 88', '']",Area 88 (TV),['Shounen'],['Military'],,
9,"Bedaman, Battle B'Daman",B-伝説(ビーレジェンド)! バトルビーダマン,Battle B-Daman,,,,['TV'],52,Finished Airing,"Jan 5, 2004 to Dec 27, 2004",['Winter 2004'],Mondays at 18:00 (JST),"['TV Tokyo', 'Yomiko Advertising', 'd-rights', 'Heewon Entertainment']",['Hasbro'],['Nippon Animation'],['Manga'],"['Adventure', 'Fantasy']",,22 min. per ep.,PG - Children,6.31,#8218,#5822,"14,467",30,8063,"Upon the creation of marble launching machines known as B-Daman, people started to participate in the competitive sport B-DaBattles. However, B-Daman contain hidden powers which enhance marble shooting that can be misused for combative purposes. One night, a certain object residing behind the walls of a restaurant calls upon Yamato Daiwa—a boy raised by cats. Yamato has been having visions of the object which resembles a machine familiar to everyone. Little does he know, hidden behind the walls is not a mere machine, but the fate of the world. [Written by MAL Rewrite]","['Sequel (TV) B-Legend! Battle B-Daman Fire Spirits!', 'Adaptation (Manga) B-Densetsu! Battle B-Daman']",B-Legend! Battle B-Daman,['Kids'],['Strategy Game'],,
10,,勇午 ～交渉人～,Yugo The Negotiator,,,,['TV'],13,Finished Airing,"Feb 25, 2004 to May 26, 2004",['Winter 2004'],Tuesdays at 00:00 (JST),['G&G Entertainment'],['ADV Films'],"['Artland', 'G&G Direction']",['Manga'],"['Action', 'Drama', 'Mystery', 'Suspense']","['Military', 'Psychological']",24 min. per ep.,R - 17+ (violence & profanity),7.06,#4110,#5942,"13,765",33,4055,"""Negotiation means, you turn words into weapons"" This is the realization of the popular comic Yu-go that was published in Kondasha Afternoon Magazine over a period of 10 years. Beppu Yuugo is the world's most successfull negotiator. His only weapons are ""words."" Yuugo doesn't kill people. Neither does he threaten them with brute violence. With rich knowledge and a calm judgement, he believes in the humans inside them. Doing only that he has managed many dangerous negotiations successfully until now. Now two of the many episodes have been chosen very carefully, one taking place in Russia, the other one in Pakistan. In the burning desert and the freezing Siberia Yuugo begins his negotiations. (Source: AniDB)","['Adaptation (Manga) Yuugo', '']",Yuugo: Koushounin,['Seinen'],,,
11,,十兵衛ちゃん2 ～シベリア柳生の逆襲～,Jubei-chan 2: The Counterattack of Siberia Yagyu,,,,['TV'],13,Finished Airing,"Jan 8, 2004 to Apr 1, 2004",['Winter 2004'],Unknown,['TV Tokyo Music'],"['Media Blasters', 'Geneon Entertainment USA']",['Madhouse'],Original,"['Action', 'Adventure', 'Comedy', 'Drama']","['Martial Arts', 'Samurai']",24 min. per ep.,PG-13 - Teens 13 or older,6.82,#5210,#6224,"12,210",18,4812,"Three hundred years ago, in the frigid land of Siberia, Jubei Yagyu engaged in a fierce battle with Kitaretsusai of the Northern Yagyu clan. The duel was costly, as his daughter Freesia was frozen in suspended animation. As a result of global warming in the present day, Freesia breaks free from her icy grave and moves to Japan as a middle school transfer student, where she befriends Jiyuu Nanohana. Little does Jiyuu know that Freesia is targeting her to acquire the coveted Lovely Eye Patch, which Freesia believes is rightfully hers. (Source: ANN)","['Prequel (TV) Juubee-chan: Lovely Gantai no Himitsu', '']",Juubee-chan 2: Siberia Yagyuu no Gyakushuu,,,,
12,"Burn-Up Scramble, Burn Up! Scramble",バーンナップスクランブル,,,Burn-Up Scramble: Policias del Futuro,,['TV'],12,Finished Airing,"Jan 12, 2004 to Mar 29, 2004",['Winter 2004'],Unknown,"['AIC', 'Memory-Tech', 'Toshiba Entertainment', 'Geneon Entertainment']",['Geneon Entertainment USA'],['AIC Spirits'],Original,"['Action', 'Comedy', 'Drama', 'Mystery', 'Sci-Fi', 'Ecchi']",,24 min. per ep.,R - 17+ (violence & profanity),6.14,#9148,#6554,"10,725",6,3482,"AD. 2023, Tokyo. Because of the change of the society such as internationalization and enlargement of the trading, the dark side of the society also continues changing. The criminals are getting deep, and their organizations are increasing its size, then the peace and security is getting worse. The government takes it seriously, and decides to introduce an innovative system. In order to cope with the special criminals, an extralegal police is founded. It is a special criminal team, Warriors, which consists of a few elite members. (Source: AnimeNfo)",[],Burn Up Scramble,,['Detective'],,
13,Northward: Diamond Dust Drops,北へ。 ～Diamond Dust Drops～,Diamond Daydreams,,,,['TV'],12,Finished Airing,"Jan 20, 2004 to Apr 5, 2004",['Winter 2004'],Unknown,"None found,",['ADV Films'],['Studio Deen'],Visual novel,"['Drama', 'Romance']",,24 min. per ep.,PG-13 - Teens 13 or older,6.56,#6717,#6725,"10,140",10,3109,"If a couple sees the diamond dust together, then they will certainly find eternal happiness. Or so it is said. This is a drama about the romances, friendships and conflicts of six girls from Hokkaido and how the diamond dust affects them and eventually links them together in the search for happiness. (Source: ANN)",[],Kita e.: Diamond Dust Drops,,,,
14,Gravion Zwei,超重神グラヴィオンツヴァイ,Super Heavy God Gravion Zwei,,,,['TV'],12,Finished Airing,"Jan 9, 2004 to Mar 26, 2004",['Winter 2004'],Fridays at 00:15 (JST),"None found,",['ADV Films'],['Gonzo'],Original,"['Action', 'Adventure', 'Comedy', 'Sci-Fi']",,23 min. per ep.,R+ - Mild Nudity,6.63,#6292,#6760,"10,024",19,4145,"After Gravion was able to use its ultimate attack, the Zeravire threat seemed to have temporary stopped. However when it rises back up all of a sudden, the Earth Gult and its trump card, the super robot Gravion, is needed to defend this world again. All this while, the EFA is planning to create their own weapons to counter the Zeravire, the Grand Trooper. Now as they attempt to fend off the Zeravire, the people of the Earth Gult and EFA must protect their future as well as confront their pasts, and unveil the mysteries of the Zeravire. (Source: ANN)","['Prequel (TV) Choujuushin Gravion', 'Adaptation (Light Novel) Choujuushin Gravion Zwei']",Choujuushin Gravion Zwei,,['Mecha'],,
15,Superior Defender Gundam Force,SDガンダムフォース,,,,,['TV'],52,Finished Airing,"Jan 7, 2004 to Dec 29, 2004",['Winter 2004'],Wednesdays at 18:00 (JST),"['Bandai Visual', 'Sotsu', 'TV Tokyo Music']",['Bandai Entertainment'],['Sunrise'],Original,"['Adventure', 'Comedy', 'Fantasy']",,25 min. per ep.,PG-13 - Teens 13 or older,5.40,#12435,#6770,"9,988",11,4763,"The land of Neotopia is attacked by the Dark Axis, evil invaders from another dimension who wish to conquer this land. Neotopia's answer: the secret Super Dimensional Guard and their defenders, the Gundam Force. Led by Captain Gundam, the Gundam Force and its team of Gundams with special abilities are aided by a boy named Shute as they stop at nothing to defend the land from the Dark Axis and to defeat them once and for all. (Source: ANN)",[],SD Gundam Force,,['Mecha'],,
16,Super Transformation Cosprayers,超変身コス∞プレイヤー,The Cosmopolitan Prayers,,,,['TV'],8,Finished Airing,"Jan 13, 2004 to Mar 2, 2004",['Winter 2004'],Unknown,['m.o.e.'],"None found,","['Imagin', 'Studio Live']",Original,"['Action', 'Adventure', 'Comedy', 'Fantasy', 'Sci-Fi', 'Ecchi']",,17 min. per ep.,PG-13 - Teens 13 or older,4.83,#13396,#6932,"9,452",4,3623,"Koto unknowingly seals away the Sun Goddess Amaterasu, and now she is in a different world and can't return. Meeting priestesses who combat the evil in this strange place she learns that Black Towers throughout the land keep Amaterasu sealed away and are guarded by evil monsters. Koto must now find a way to help defeat these monsters and return the world to the way it was. (Source: ANN)",[],Chou Henshin Cosprayers,,['Super Power'],,
17,,みさきクロニクル 〜ダイバージェンス・イヴ〜,Misaki Chronicle: Divergence Eve,,,,['TV'],13,Finished Airing,"Jan 3, 2004 to Mar 27, 2004",['Winter 2004'],Saturdays at 00:30 (JST),"['Imagica', 'KlockWorx']","['ADV Films', 'Sentai Filmworks']",['Radix'],Original,"['Adventure', 'Drama', 'Sci-Fi']","['Mecha', 'Military', 'Space']",24 min. per ep.,PG-13 - Teens 13 or older,6.28,#8408,#7277,"8,378",12,3097,"Through the long distance warp called the ""Exodus Project"", Worns, Ryer and the other crew members of ""Watchers Nest"" manage to escape from the Earth. Misaki, who was attending the final battle with ""Ghoul"" at that time, isn't present there and before her eyes, the earth changes and gets enclosed by a time barrier. Ryer and the others search for a way to escape from this space time maze, but the earth changes to various forms. Innumerable ""Nows"" appear due to varying time axes. And also Misaki, who should have disappeared because of the Exodus Project incident, still afortiori. Before Ryer and the others, different forms of Misaki appear. The Misaki from training school, the Misaki from her childhood days. Are these reflections caused by the conflicts that exist inside Misaki? She awakens a second time and when she derives the response, that history is leading into a completely differnet direction now. Will Misaki, Ryer and the others be able to find a real happy end?! (Source: AnimeNfo)","['Prequel (TV) Divergence Eve', '']",Divergence Eve 2: Misaki Chronicles,,,,
18,,トランスフォーマー スーパーリンク,Transformers Energon,,,Transformers Energon : La Bataille de L'Energon,['TV'],51,Finished Airing,"Jan 9, 2004 to Dec 24, 2004",['Winter 2004'],Fridays at 18:00 (JST),"None found,",['Hasbro'],['Actas'],Other,"['Adventure', 'Sci-Fi']","['Mecha', 'Space']",24 min. per ep.,PG-13 - Teens 13 or older,6.11,#9304,#8179,"6,246",16,3069,"It has been 10 years since the fateful battle with Unicron. Many of the Decepticons who fought in the battle against Unicron have joined forces with the Autobos to mine for Energon, an alternate energy source. But a new source of evil has a risen, Alpha Q who plans to steal the Energon from the Autobots with the help of Scorponok and the Terrorcons. This new evil is trying to revive Megatron and Unicron in order to rekindle the old flames of war. (Source: ANN)","['Prequel (TV) Chou Robot Seimeitai Transformers Micron Densetsu', 'Sequel (TV) Transformers Galaxy Force']",Transformers Superlink,,,,
19,,かいけつゾロリ,Kaiketsu Zorori,,,Zorori - Le Magnifique,['TV'],52,Finished Airing,"Feb 1, 2004 to Feb 6, 2005",['Winter 2004'],Unknown,['Nagoya Broadcasting Network'],"None found,",['Ajia-do'],Unknown,"['Adventure', 'Comedy']",,24 min. per ep.,PG - Children,7.08,#4004,#9507,"4,143",45,1617,"Adapted from the popular storybooks of the same name by Yutaka Hara, Kaiketsu Zorori follows the adventures of a scheming fox named Zorori, who is determined to become the King of Mischief with his very own castle and beautiful bride. Although Zorori is notorious for his pranks and tricks, his conniving plots often backfire and end up helping his targets, and despite appearing to be villainous and immoral, he is actually caring and sentimental. Nevertheless, Zorori has the wits, intelligence, and dexterity to always find a solution out of the most hopeless of situations. Travelling with a pair of twin boar bandits, Ishishi and Noshishi, he continues on his journey to make his deceased mother proud.","['Sequel (TV) Majime ni Fumajime Kaiketsu Zorori', '']",Kaiketsu Zorori,,,,
20,I'll Be Number 1!,モンキーターン,,,,,['TV'],25,Finished Airing,"Jan 11, 2004 to Jun 27, 2004",['Winter 2004'],Sundays at 00:55 (JST),['TV Tokyo'],"None found,","['OLM', 'AIC']",['Manga'],"['Action', 'Drama']",,23 min. per ep.,PG-13 - Teens 13 or older,6.46,#7314,#11572,"2,217",1,715,"Based on Kawai Katsutoshi's manga of the same name, published in Weekly Shounen Sunday, Monkey Turn is a sports anime based around professional speed boat racing. The anime's protagonist, Tadano Kenji, is too short to follow his dream of becoming a professional baseball player, but his baseball coach recommends him to boat racing. One day Tadano-san unexpectedly meets his old girlfriend and they exchange promises: in return for her being faithful to him, he is charged with becoming Japan's best racer within three years. The eponymous ""Monkey Turn"" is a boat maneuver Kenji-san thought up while visiting his girlfriend. The Monkey Turn gives Kenji quite the advantage over other boaters, but is it enough for him become the best? (Source: AniDB)","['Sequel (TV) Monkey Turn V', 'Adaptation (Manga) Monkey Turn']",Monkey Turn,['Shounen'],['Racing'],,
21,NARUTO,ナルト,Naruto,,,,['TV'],220,Finished Airing,"Oct 3, 2002 to Feb 8, 2007",['Fall 2002'],Thursdays at 19:30 (JST),"['TV Tokyo', 'Aniplex', 'Shueisha']",['VIZ Media'],['Pierrot'],['Manga'],"['Action', 'Adventure', 'Fantasy']",,23 min. per ep.,PG-13 - Teens 13 or older,8.01,#653,#9,"2,966,857","82,502",2044700,"Moments before Naruto Uzumaki's birth, a huge demon known as the Nine-Tailed Fox attacked Konohagakure, the Hidden Leaf Village, and wreaked havoc. In order to put an end to the demon's rampage, the leader of the village, the Fourth Hokage, sacrificed his life and sealed the monstrous beast inside the newborn Naruto. In the present, Naruto is a hyperactive and knuckle-headed ninja growing up within Konohagakure. Shunned because of the demon inside him, Naruto struggles to find his place in the village. His one burning desire to become the Hokage and be acknowledged by the villagers who despite him. However, while his goal leads him to unbreakable bonds with lifelong friends, it also lands him in the crosshairs of many deadly foes. [Written by MAL Rewrite]","['Sequel (TV) Naruto: Shippuuden', 'Adaptation (Manga) Naruto']",Naruto,['Shounen'],['Martial Arts'],,
22,OP,ONE PIECE,One Piece,,,,['TV'],Unknown,Currently Airing,"Oct 20, 1999 to ?",['Fall 1999'],Sundays at 09:30 (JST),"['Fuji TV', 'TAP', 'Shueisha']","['Funimation', '4Kids Entertainment']",['Toei Animation'],['Manga'],"['Action', 'Adventure', 'Fantasy']",,24 min.,PG-13 - Teens 13 or older,8.73,#51,#17,"2,497,357","234,815",1420111,"Barely surviving in a barrel after passing through a terrible whirlpool at sea, carefree Monkey D. Luffy ends up aboard a ship under attack by fearsome pirates. Despite being a naive-looking teenager, he is not to be underestimated. Unmatched in battle, Luffy is a pirate himself who resolutely pursues the coveted One Piece treasure and the King of the Pirates title that comes with it. The late King of the Pirates, Gol D. Roger, stirred up the world before his death by disclosing the whereabouts of his hoard of riches and daring everyone to obtain it. Ever since then, countless powerful pirates have sailed dangerous seas for the prized One Piece only to never return. Although Luffy lacks a crew and a proper ship, he is endowed with a superhuman ability and an unbreakable spirit that make him not only a formidable adversary but also an inspiration to many. As he faces numerous challenges with a big smile on his face, Luffy gathers one-of-a-kind companions to join him in his ambitious endeavor, together embracing perils and wonders on their once-in-a-lifetime adventure. [Written by MAL Rewrite]","['Adaptation (Manga) One Piece', 'Adaptation (Light Novel) One Piece: Loguetown-hen']",One Piece,['Shounen'],,,
23,"Hagane no Renkinjutsushi, FMA, Full Metal Alchemist",鋼の錬金術師,Fullmetal Alchemist,,,,['TV'],51,Finished Airing,"Oct 4, 2003 to Oct 2, 2004",['Fall 2003'],Saturdays at 18:00 (JST),"['Aniplex', 'Dentsu', 'Square Enix', 'Mainichi Broadcasting System']","['Funimation', 'Aniplex of America']",['Bones'],['Manga'],"['Action', 'Adventure', 'Award Winning', 'Drama', 'Fantasy']",,24 min. per ep.,R - 17+ (violence & profanity),8.11,#517,#83,"1,510,097","26,278",910072,"Edward Elric, a young, brilliant alchemist, has lost much in his twelve-year life: when he and his brother Alphonse try to resurrect their dead mother through the forbidden act of human transmutation, Edward loses his brother as well as two of his limbs. With his supreme alchemy skills, Edward binds Alphonse's soul to a large suit of armor. A year later, Edward, now promoted to the fullmetal alchemist of the state, embarks on a journey with his younger brother to obtain the Philosopher's Stone. The fabled mythical object is rumored to be capable of amplifying an alchemist's abilities by leaps and bounds, thus allowing them to override the fundamental law of alchemy: to gain something, an alchemist must sacrifice something of equal value. Edward hopes to draw into the military's resources to find the fabled stone and restore his and Alphonse's bodies to normal. However, the Elric brothers soon discover that there is more to the legendary stone than meets the eye, as they are led to the epicenter of a far darker battle than they could have ever imagined. [Written by MAL Rewrite]","['Sequel (Movie) Fullmetal Alchemist: The Conqueror of Shamballa', 'Adaptation (Manga) Fullmetal Alchemist Read Manga', 'Adaptation (Light Novel) Fullmetal Alchemist', '']",Fullmetal Alchemist,['Shounen'],['Military'],,
24,Inu Yasha,犬夜叉,InuYasha,,Inuyasha,,['TV'],167,Finished Airing,"Oct 16, 2000 to Sep 13, 2004",['Fall 2000'],Mondays at 19:00 (JST),['Yomiuri Telecasting'],['VIZ Media'],['Sunrise'],['Manga'],"['Action', 'Adventure', 'Fantasy', 'Romance']","['Historical', 'Love Polygon', 'Mythology', 'Time Travel']",24 min. per ep.,PG-13 - Teens 13 or older,7.87,#894,#245,"827,151","19,335",402552,"Kagome Higurashi's 15th birthday takes a sudden turn when she is forcefully pulled by a demon into the old well of her family's shrine. Brought to the past, when demons were a common sight in feudal Japan, Kagome finds herself persistently hunted by these vile creatures, all yearning for an item she unknowingly carries: the Shikon Jewel, a small sphere holding extraordinary power. Amid such a predicament, Kagome encounters a half-demon boy named Inuyasha who mistakes her for Kikyou, a shrine maiden he seems to resent. Because of her resemblance to Kikyou, Inuyasha takes a violent dislike to Kagome. However, after realizing the dire circumstances they are both in, he sets aside his hostility and lends her a hand. Unfortunately, during a fight for the Shikon Jewel, the miraculous object ends up shattered into pieces and scattered across the land. Fearing the disastrous consequences of this accident, Kagome and Inuyasha set out on a challenging quest to recover the shards before they fall into the wrong hands. [Written by MAL Rewrite]","['Sequel (TV) InuYasha: Kanketsu-hen', 'Adaptation (Manga) InuYasha']",InuYasha,['Shounen'],,,
25,"Yugioh, Yu-Gi-Oh!, Yu-Gi-Oh!: Duel Monsters, Yugioh: Duel Monsters, Yu-Gi-Oh! Duel Monsters",遊☆戯☆王　デュエルモンスターズ,Yu-Gi-Oh!,,,Yu-Gi-Oh!,['TV'],224,Finished Airing,"Apr 18, 2000 to Sep 29, 2004",['Spring 2000'],Tuesdays at 19:28 (JST),"['Nihon Ad Systems', 'Shueisha']",['Konami'],['Gallop'],['Manga'],"['Action', 'Adventure', 'Fantasy']",,23 min. per ep.,PG-13 - Teens 13 or older,7.50,#1977,#603,"412,177","5,011",259893,"Yuugi Mutou is a naïve and lonely high school student who is fascinated by games. While staying with his grandfather, the owner of a game shop, he comes across an ancient Egyption relic known as the ""Millennium Puzzle."" Rumored to grant any wish to those who solve the Puzzle, Yuugi becomes determined to solve it to wish for some friends. After years of struggling, Yuugi manages to complete the puzzle and mysteriously finds that his wish has been fulfilled. Meanwhile, a new card game known as ""Duel Monsters"" starts rising in popularity. In this game, players called duelists fight against each other with ""monsters"" by using magic and trap cards to foil their opponent's plans. Yuugi quickly becomes skilled at the game and lives a peaceful life with his newfound friends. However, Yuugi's peace is short-lived. The undefeated duelist and egocentric billionaire Seto Kaiba suddenly abducts Yuugi's grandfather, forcing him to duel against the rare ""Blue Eyes White Dragon'' card. Yuugi is thrown into a new world of fierce battles and the stakes continue to rise as dark forces interfere from the shadows. After unexpectedly defeating Kaiba with the help of his ""other self""—the spirit of a nameless pharaoh—contained in the puzzle, he unofficially becomes the top duelist known as ""The King of Games."" However, this new title will attract covetousness and Yuugi will have to use all his intelligence and willpower in order to protect what he holds the dearest to him. [Written by MAL Rewrite]","['Prequel (TV) Yu☆Gi☆Oh!', 'Sequel (TV) Yu☆Gi☆Oh! Duel Monsters GX', 'Sequel (Movie) Yu☆Gi☆Oh! The Dark Side of Dimensions', 'Adaptation (Manga) Yu☆Gi☆Oh!']",Yu☆Gi☆Oh! Duel Monsters,['Shounen'],['Strategy Game'],,
26,Detective Conan,名探偵コナン,Case Closed,Case Closed,,,['TV'],Unknown,Currently Airing,"Jan 8, 1996 to ?",['Winter 1996'],Saturdays at 18:00 (JST),"['Yomiuri Telecasting', 'Shogakukan', 'Audio Planning U', 'Tokyo Movie', 'Polydor Records']","['Funimation', 'Crunchyroll']",['TMS Entertainment'],['Manga'],"['Adventure', 'Comedy', 'Mystery']",,24 min.,PG-13 - Teens 13 or older,8.17,#435,#706,"360,875","15,330",164355,"Shinichi Kudou, a high school student of astounding talent in detective work, is well known for having solved several challenging cases. One day, when Shinichi spots two suspicious men and decides to follow them, he inadvertently becomes witness to a disturbing illegal activity. Unfortunately, he is caught in the act, so the men dose him with an experimental drug formulated by their criminal organization, leaving him to his death. However, to his own astonishment, Shinichi lives to see another day, but now in the body of a seven-year-old child. Perfectly preserving his original intelligence, he hides his real identity from everyone, including his childhood friend Ran Mouri and her father, private detective Kogorou Mouri. To this end, he takes on the alias of Conan Edogawa, inspired by the mystery writers Arthur Conan Doyle and Ranpo Edogawa. Shinichi, as Conan, starts secretly solving the senior Mouri's cases from behind the scenes with his still exceptional sleuthing skills, while covertly investigating the organization responsible for his current state, hoping to reverse the drug's effects someday. [Written by MAL Rewrite]","['Adaptation (Manga) Meitantei Conan', '']",Meitantei Conan,['Shounen'],['Detective'],,
27,ΠΛΑΝΗΤΕΣ,プラネテス,Planetes,,,,['TV'],26,Finished Airing,"Oct 4, 2003 to Apr 17, 2004",['Fall 2003'],Saturdays at 08:05 (JST),"['Bandai Visual', 'NHK']","['Bandai Entertainment', 'Crunchyroll']",['Sunrise'],['Manga'],"['Award Winning', 'Drama', 'Romance', 'Sci-Fi']","['Adult Cast', 'Space', 'Workplace']",25 min. per ep.,PG-13 - Teens 13 or older,8.25,#336,#980,"265,815","3,994",79689,"In 2075, space travel is no longer just a dream, but an everyday reality for mankind. Advancements in science and technology have led to the colonization of the moon, the commercialization of outer space, and the formation of large space corporations. Ai Tanabe, an upbeat woman whose interests lie in the cosmos, joins Technora Corporation as a member of their Debris Section, a department dedicated to the removal of dangerous space junk between the orbits of the Earth and Moon. However, Ai soon discovers how unappreciated her job is. As the laughingstock of Technora, the Debris Section is severely understaffed, poorly funded, and is forced to use a dilapidated spaceship nicknamed the ""Toy Box"" for debris retrieval. Undeterred, Ai perseveres and gradually becomes acquainted with the strange personalities that make up the Debris Section's staff, such as the bumbling but good-natured chief clerk Philippe Myers; the mysterious and tight-lipped temp worker Edelgard Rivera; and the hotheaded and passionate Hachirouta Hoshino, who longs for a spaceship to call his own. Planetes is an unconventional sci-fi series that portrays the vastness of space as a backdrop for the personal lives of ordinary people—people who may have been born on Earth, but whose hopes and dreams lie amongst the stars. [Written by MAL Rewrite]","['Adaptation (Manga) Planetes', '']",Planetes,['Seinen'],,,
28,Chrono Crusade: Mary Magdalene,クロノクルセイド,Chrono Crusade,Chrono Crusade,Chrono Crusade,Chrono Crusade,['TV'],24,Finished Airing,"Nov 25, 2003 to Jun 10, 2004",['Fall 2003'],Tuesdays at 02:28 (JST),"['Lantis', 'Kadokawa Shoten', 'Fuji TV']","['ADV Films', 'Funimation']",['Gonzo'],['Manga'],"['Action', 'Romance', 'Supernatural']","['Historical', 'Mythology']",23 min. per ep.,R - 17+ (violence & profanity),7.60,#1588,#1125,"231,806","1,941",105895,"The 1920s was a decade of great change and upheaval, with monstrous demons appearing across America. To combat this menace, the holy organization known as the Order of Magdalene was established. The organization's New York branch is home to the young and reckless Sister Rosette Christopher, as well as her partner Chrno. Tasked with the extermination of demonic threats, the renowned team is excellent at their job, despite causing extensive collateral damage on their missions. However, both Rosette and Chrno are driven by their dark pasts. Through exterminating demons, Rosette hopes to find her lost brother Joshua who was taken by the sinner and demon, Aion, with whom Chrno also shares a bloody history. The two of them must fight off the increasingly dangerous demonic menace and discover its source, while continuing to search for the truth behind Joshua's disappearance. [Written by MAL Rewrite]","['Adaptation (Manga) Chrno Crusade', '']",Chrno Crusade,['Shounen'],,,
29,,ガングレイヴ,Gungrave,,,,['TV'],26,Finished Airing,"Oct 7, 2003 to Mar 30, 2004",['Fall 2003'],Tuesdays at 01:30 (JST),['Tohokushinsha Film Corporation'],"['Funimation', 'Geneon Entertainment USA']",['Madhouse'],Game,"['Action', 'Drama', 'Sci-Fi']","['Adult Cast', 'Gore', 'Organized Crime', 'Super Power']",25 min. per ep.,R - 17+ (violence & profanity),7.81,#1024,#1298,"197,603","2,450",71475,"Brandon Heat and Harry MacDowel, two friends so close they could be called brothers, receive an abrupt and violent reminder one fateful day of how appallingly merciless the world around them can be. Their whole lives before then were simple and easygoing, consisting largely of local brawls, seducing women, and committing petty theft to make a living and pass the time. What they failed to realize is that in this cruel world, happiness is fleeting, and change is inevitable. Enter Millennion, the largest and most infamous mafia syndicate in the area, which accepts Brandon and Harry into their ranks and starts them at the bottom of the food chain. Harry has ambitions to ascend the ranks and one day replace Big Daddy as the supreme leader of Millennion, while Brandon only wishes to support his friend and appease Big Daddy who has taken custody of the woman Brandon loves. Based off the third-person shooter video game under the same name, Gungrave is an epic story of friendship, betrayal, and avarice that spans the course of several years, ultimately tying back to the gripping and foreboding first episode, all the while building up to the story's thrilling conclusion. [Written by MAL Rewrite]",[],Gungrave,,,,
30,Gunslinger Girls,ガンスリンガー・ガール,Gunslinger Girl,,,,['TV'],13,Finished Airing,"Oct 9, 2003 to Feb 19, 2004",['Fall 2003'],Thursdays at 03:48 (JST),"['Marvelous Entertainment', 'Fuji TV']",['Funimation'],['Madhouse'],['Manga'],"['Action', 'Drama', 'Sci-Fi', 'Suspense']","['Military', 'Psychological']",24 min. per ep.,R - 17+ (violence & profanity),7.38,#2451,#1303,"196,535","1,212",79384,"In the heart of Italy, the Social Welfare Agency rescues young girls from hospital beds and gives them a second chance at life using the latest in cybernetic advancements. With their artificially enhanced bodies, the girls are brainwashed and trained as assassins to carry out the dirty work of the Italian Government. Despite all the modifications, they are still just children at heart, struggling for recognition from those they love, even knowing the love they feel is manufactured. This tragic tale unfolds as these girls grapple with their emotions in an agency that treats them as nothing but ruthless killers. [Written by MAL Rewrite]","['Sequel (TV) Gunslinger Girl: Il Teatrino', 'Adaptation (Manga) Gunslinger Girl']",Gunslinger Girl,,,,
31,"Pocket Monsters: Advanced Generation, Advanced Challenge, Advanced Battle, Battle Frontier",ポケットモンスター　アドバンスジェネレーション,Pokémon: Advanced,Pokémon: Rubin und Saphir,Pokémon Advanced,Pokémon Advance,['TV'],192,Finished Airing,"Nov 21, 2002 to Sep 14, 2006",['Fall 2002'],Thursdays at 19:00 (JST),"['TV Tokyo', 'TV Tokyo Music', 'Shogakukan Productions']","['VIZ Media', '4Kids Entertainment', 'The Pokemon Company International']",['OLM'],Game,"['Action', 'Adventure', 'Comedy', 'Fantasy']",,24 min. per ep.,PG - Children,7.13,#3776,#1307,"195,936",295,120794,"After participating in the Johto League, Satoshi decides to begin anew in yet another journey; this time by himself and Pikachu, in the land of Houen. Though he isn't alone for long, as 10-year-old Haruka (whom dislikes Pokemon, but just wants to come along to see the world) travels with him after Pikachu destroys her bicycle. Satoshi also meets up with his old companion, Takeshi, and Haruka's younger brother, Masato. Together, they travel along in Houen, battling Gym Leaders, entering contests, and other events on the way to the Houen League. (Source: ANN, edited)","['Prequel (TV) Pokemon', 'Sequel (TV) Pokemon Diamond & Pearl']",Pokemon Advanced Generation,['Kids'],,,
32,"TeniPuri, PoT",テニスの王子様,The Prince of Tennis,,,The Prince of Tennis,['TV'],178,Finished Airing,"Oct 10, 2001 to Mar 23, 2005",['Fall 2001'],Wednesdays at 19:00 (JST),"['Production I.G', 'TV Tokyo', 'Nihon Ad Systems']","['Funimation', 'VIZ Media']",['Trans Arts'],['Manga'],,,22 min. per ep.,PG-13 - Teens 13 or older,7.85,#920,#1341,"190,921","3,041",86555,"At the request of his father, tennis prodigy Ryouma Echizen has returned from America and is ready to take the Japanese tennis scene by storm. Aiming to become the best tennis player in the country, he enrolls in Seishun Academy—home to one of the best middle school tennis teams in Japan. After Ryouma catches the captain's eye, he finds himself playing for a spot on the starting lineup in the intra-school ranking matches despite only being a freshman. Due to his age, the rest of the Seishun Boys' Tennis Team are initially reluctant to accept him, but his skill and determination convinces them to let him in. Armed with their new ""super rookie,"" Seishun sets out to claim a spot in the National Tournament, hoping to take the coveted title for themselves. In order to do so, the team must qualify by playing through the Tokyo Prefectural and Kanto Regionals. Yet, the road ahead of them is shared by a plethora of strong schools, each playing tennis in unique ways for their own reasons. Ryouma and his teammates must learn to cooperate if they want to become the champions they aspire to be. [Written by MAL Rewrite]","['Sequel (OVA) Tennis no Oujisama: Zenkoku Taikai-hen', 'Adaptation (Manga) Tennis no Oujisama']",Tennis no Oujisama,['Shounen'],['School'],['Sports'],
33,Sakigake!! Cromartie Koukou,魁!! クロマティ高校,Cromartie High School,,,,['TV'],26,Finished Airing,"Oct 3, 2003 to Mar 26, 2004",['Fall 2003'],Fridays at 01:00 (JST),['TV Tokyo Music'],"['ADV Films', 'Sentai Filmworks', 'Discotek Media']",['Production I.G'],['Manga'],,"['Delinquents', 'Gag Humor', 'Parody', 'School']",11 min. per ep.,PG-13 - Teens 13 or older,7.89,#849,#1675,"146,830","1,696",56360,"Takashi Kamiyama is your typical mild-mannered high school student—polite, aloof, and pacifistic, with a slightly above-average IQ. But would your average high school student really enroll himself at the infamous Cromartie High School, known as a breeding ground for the toughest delinquents out there? Apparently so, as that is exactly what Takashi does, though for reasons he'd rather leave unmentioned. However, one thing is for sure: the ""hard-boiled rabbit in a den full of hungry lions"" is never going to have another dull day. And how could he, now that he's surrounded by mohawked punks, obnoxious robots, and... gorillas? And was that Freddie Mercury riding a horse down the corridor? Follow Takashi as he earnestly dedicates his new high school life to better his school's reputation while his classmates are hellbent on wreaking havoc. [Written by MAL Rewrite]","['Adaptation (Manga) Sakigake!! Cromartie Koukou', '']",Sakigake!! Cromartie Koukou,['Shounen'],,['Comedy'],
34,,金色のガッシュベル!!,Zatch Bell!,,,Zatch Bell!,['TV'],150,Finished Airing,"Apr 6, 2003 to Mar 26, 2006",['Spring 2003'],Sundays at 09:00 (JST),"['Yomiko Advertising', 'Fuji TV']","['VIZ Media', 'Flatiron Film Company']",['Toei Animation'],['Manga'],"['Action', 'Adventure', 'Comedy', 'Supernatural']",,23 min. per ep.,PG-13 - Teens 13 or older,7.55,#1771,#1817,"132,183","1,314",62532,"Takamine Kiyomaro, a depressed don't-care-about-the-world guy, was suddenly given a little demon named Gash Bell to take care of. Little does he know that Gash is embroiled into an intense fight to see who is the ruler of the demon world. All of the demons have to pick a master on Earth and duke it out with other demons until one survives. Needless to say, Kiyomaro becomes Gash's master, and through their many battles, Kiyomaro learns the importance of friendship and courage.","['Adaptation (Manga) Konjiki no Gash!!', '']",Konjiki no Gash Bell!!,['Shounen'],['Mythology'],,
35,,まぶらほ,Maburaho,,,,['TV'],24,Finished Airing,"Oct 14, 2003 to Apr 6, 2004",['Fall 2003'],Tuesdays at 18:00 (JST),"['Kadokawa Shoten', 'KlockWorx', 'Happinet Pictures', 'Sony PCL']",['ADV Films'],['J.C.Staff'],['Light novel'],"['Comedy', 'Drama', 'Romance', 'Ecchi']","['Harem', 'School']",23 min. per ep.,R+ - Mild Nudity,6.72,#5772,#2220,"99,970",227,49484,"In the world of Maburaho, everyone is born with the ability to use magic and are thus labeled magicians. However, the magical ability of each person is not equal. The number of times you can use magic determines the amount of respect you receive, and since one’s magical power is determined at birth by traits and genetics, those who have a bloodline stemming from famous magicians are highly sought after. Having the lowest magic count in Aoi Academy, Kazuki Shikimori is looked down upon by his classmates and seen as a nearly worthless magician. However, his bloodline consists of many great magicians throughout the ages, meaning that while he may not be a great magician, his offspring could be. This leads to him being sought after by three different young women: Yuna Miyama, a transfer student who declares herself his wife upon arrival, Rin Kamishiro, a prideful swordswoman of a traditional family who wants to kill him so she will be free to pursue her own desires, and Kuriko Kazetsubaki, a member of an influential family who bluntly tries to seduce him for his genes. Now he has to deal with not only the jealousy of all the guys in his school, but also various women chasing after him!","['Adaptation (Manga) Maburaho', 'Adaptation (Light Novel) Maburaho']",Maburaho,,,,
36,"Boboboobo Boobobo, Bo-Bobo, Boboboubo Boubobo",ボボボーボ・ボーボボ,Bobobo-bo Bo-bobo,,,,['TV'],76,Finished Airing,"Nov 8, 2003 to Oct 15, 2005",['Fall 2003'],Unknown,"['Avex Entertainment', 'Dentsu', 'TV Asahi']","['Discotek Media', 'Illumitoon Entertainment']",['Toei Animation'],['Manga'],"['Adventure', 'Comedy', 'Sci-Fi']","['Gag Humor', 'Parody']",25 min. per ep.,PG-13 - Teens 13 or older,7.50,#1945,#2264,"97,756","1,147",40256,"In a futuristic world, the Maruhage Empire is a militant organization out to steal everyone's hair, and thus their freedom. But a brave man with an afro of gold and nose hairs of steel stands up against their tyranny. Bobobo-bo Bo-bobo, trained in the ways of hair, rescues a teenager named Beauty from the grunts of the Maruhage Empire. Together, they start on a journey to defeat Emperor Tsuru Tsurulina IV. As Bo-bobo meets new friends and battles foes along the way, so too does he begin his quest to save all the hairs of the world! Light-hearted and comical, Bobobo-bo Bo-bobo details a wacky adventure in which Bo-bobo and his companions fight all sorts of villains and deviants within the Maruhage Empire, all the while having a fun and exciting adventure. [Written by MAL Rewrite]","['Adaptation (Manga) Bobobo-bo Bo-bobo', '']",Bobobo-bo Bo-bobo,['Shounen'],,,
37,Kaleido Star: New Wings,カレイドスター,Kaleido Star,,,,['TV'],51,Finished Airing,"Apr 3, 2003 to Mar 27, 2004",['Spring 2003'],Saturdays at 09:30 (JST),"['Production I.G', 'TV Tokyo', 'HAL Film Maker', 'HoriPro', 'MediaNet']","['ADV Films', 'Funimation']",['Gonzo'],Original,"['Comedy', 'Drama', 'Supernatural']","['Performing Arts', 'Showbiz']",23 min. per ep.,PG-13 - Teens 13 or older,7.90,#812,#2390,"88,825","1,318",36834,"The Kaleido Stage is known throughout the world for captivating audiences with its amazing acrobatics, innovative routines, and extravagant costumes and sets. It is a place for guests to believe in magic, and Sora Naegino wants nothing more than to be a part of that magic—by becoming an acrobat for the famed circus herself. To realize her dream, she travels from Japan to California to audition for a place in the group. However, Sora learns that she needs much more than her natural talent to bring joy to the faces in the crowd. She quickly discovers just how difficult it is to be a professional performer where the stakes—and the stunts—are higher and mistakes spell danger! To put on performances worthy of the Kaleido Stage, she will need to endure rigorous training, unconventional assignments, fierce competition, and the antics of a mischievous spirit named Fool. Can Sora reach new heights, make new friends, conquer her fears, and surpass her limits to become a Kaleido Star? [Written by MAL Rewrite]","['Sequel (OVA) Kaleido Star: Aratanaru Tsubasa - Extra Stage', '']",Kaleido Star,,,,
38,,クレヨンしんちゃん,Shin Chan,Shin Chan,Shin Chan,,['TV'],Unknown,Currently Airing,"Apr 13, 1992 to ?",['Spring 1992'],Fridays at 19:30 (JST),['TV Asahi'],['Funimation'],['Shin-Ei Animation'],['Manga'],"['Comedy', 'Ecchi']",,21 min.,G - All Ages,7.80,#1030,#2402,"88,086","1,330",42197,"There is no such thing as an uneventful day in the life of kindergartener Shinnosuke ""Shin-chan"" Nohara. The five-year-old is a cut above the most troublesome, perverted, and shameless kid one can imagine. Shin-chan is almost always engaged in questionable activities such as forgetting about a friend during hide and seek, sumo wrestling for love, performing various gags including the notorious ""elephant"" in public, and flirting with college girls. The exemplary troublemaker has done it all and has no plans to stop anytime soon. Crayon Shin-chan follows the daily shenanigans of Shin-chan with his group of friends, parading around as the self-proclaimed ""Kasukabe Defense Force."" The adults witnessing these shenanigans unfold can't help but adore Shin-chan, as he keeps them entertained while unintentionally solving their daily troubles through his mindless antics—leaving himself as the only problem they do not know what to do with. [Written by MAL Rewrite]","['Adaptation (Manga) Crayon Shin-chan', '']",Crayon Shin-chan,['Seinen'],['School'],,
39,,マーメイドメロディー ぴちぴちピッチ,Mermaid Melody: Pichi Pichi Pitch,,,,['TV'],52,Finished Airing,"Apr 5, 2003 to Mar 27, 2004",['Spring 2003'],Saturdays at 08:00 (JST),"['TV Aichi', 'Tokyu Agency', ""We've Inc.""]",['ADV Films'],"['Actas', 'Synergy Japan']",['Manga'],"['Adventure', 'Comedy', 'Fantasy', 'Romance']",,24 min. per ep.,PG - Children,7.19,#3437,#2453,"85,481",998,43873,"As the mermaid princess of the North Pacific (one of the seven mermaid kingdoms), Lucia entrusts a magical pearl to a boy who falls overboard a ship one night. Lucia must travel to the human world to reclaim her pearl and protect the mermaid kingdoms. Using the power of music Lucia is able to protect herself and the mermaid kingdoms from a growing evil force.","['Sequel (TV) Mermaid Melody Pichi Pichi Pitch Pure', 'Adaptation (Manga) Pichi Pichi Pitch: Mermaid Melody']",Mermaid Melody Pichi Pichi Pitch,['Shoujo'],['Music'],,
40,,ソニック X,Sonic X,,,,['TV'],78,Finished Airing,"Apr 6, 2003 to Mar 28, 2004",['Spring 2003'],Sundays at 08:30 (JST),['TV Tokyo'],"['4Kids Entertainment', 'Discotek Media']",['TMS Entertainment'],Game,"['Action', 'Adventure', 'Comedy', 'Sci-Fi']",,24 min. per ep.,PG - Children,6.61,#6436,#2448,"85,703",698,50740,"Sonic the Hedgehog's typical irreverence leads to the coveted chaos emeralds being caught in the crossfire and rendered unstable just before activation. The resulting chaos control engulfs everything for miles around Dr. Eggman's base, and, with scrambled input, nobody can predict the outcome. Isolated from his friends and enemies alike, Sonic awakes in a strange world: an unknown city surrounded by mysterious people. He realizes he has been warped across the universe to an entirely different planet—Earth. As he rushes to escape the equally confused authorities, Sonic finds himself falling head-first into the pool of the illustrious Thorndyke family. Thankfully, Christopher, Thonrdykes' son, saves Sonic and offers protection from a society that mistakenly believes him to be hostile. Sheltered by the family, Sonic resolves to regroup with his friends, save this new world from the threat he brought to them, and find a way home. [Written by MAL Rewrite]",[],Sonic X,['Kids'],['Anthropomorphic'],,
41,"Read or Die TV, Read or Die, ROD, Read or Die: the TV, Read or Dream, R.O.D. TV",アール・オー・ディー ザ・ティーヴィー,R.O.D -The TV-,,,R.O.D -The TV-,['TV'],26,Finished Airing,"Sep 1, 2003 to Mar 16, 2004",['Fall 2003'],Not scheduled once per week,"['Aniplex', 'Studio Deen', 'Broccoli', 'Sony Music Entertainment']","['Aniplex of America', 'Geneon Entertainment USA']",['J.C.Staff'],['Manga'],"['Action', 'Adventure', 'Comedy', 'Drama', 'Sci-Fi']",,25 min. per ep.,R+ - Mild Nudity,7.52,#1905,#2737,"71,814",434,29554,"Anita King, Maggie Mui, and Michelle Cheung are the Paper Sisters. They run the Three Sisters Detective Agency in Hong Kong which is dedicated to solving cases involving books. They are hired as local guides for Nenene Sumiregawa, a Japanese novelist who has been struggling with writer's block following the disappearance of her longtime friend, Yomiko Readman. The sisters are all Paper Masters—individuals with the power to control paper—and with their abilities, they save Nenene from the dangerous terrorists targeting her at a book signing. But in case they strike again, the sisters remain as her bodyguards to protect her from further harm. This is a dream come true for bookworms Maggie and Michelle who love Nenene's stories, but the young Anita cannot stand books despite her powers over paper. The three struggle to adapt to their new daily life in Japan, guarding Nenene while continuing their detective work under a mysterious organization, Dokusensha. However, the more they get to know Nenene, the more they discover the link between her, the disappearance of her friend Yomiko, and the mysterious books Dokusensha sends the Paper Masters to investigate. What began as a simple job ends up a bigger case than they have ever had before. Are these girls really willing to risk their lives over literature? [Written by MAL Rewrite]","['Prequel (OVA) R.O.D: Read or Die', 'Adaptation (Manga) R.O.D: Read or Dream']",R.O.D: The TV,,['Super Power'],,
42,,ドラえもん,Doraemon,,Doraemon,,['TV'],1787,Finished Airing,"Apr 2, 1979 to Mar 18, 2005",['Spring 1979'],Fridays at 19:00 (JST),"['TV Asahi', 'Asatsu DK']","None found,",['Shin-Ei Animation'],['Manga'],"['Adventure', 'Comedy', 'Fantasy', 'Sci-Fi']",,11 min. per ep.,PG - Children,7.86,#898,#2835,"67,025",669,39823,"Nobita Nobi is a normal fourth grade student. This all changes, however, when a blue robotic cat appears from his desk drawer. Calling himself Doraemon, this robot tells Nobita that his future descendants from the 22nd century live in poverty because of all the mistakes he made. Therefore, they have sent Doraemon to serve as a guide and mentor to Nobita, so that their future may change for the better. What Doraemon comes to learn, though, is that Nobita is the weakest and laziest student in the whole school. To assist in his quest, Doraemon has a four-dimensional pocket with him, in which he keeps various machines and gadgets from the future. Unfortunately, these often result in even more trouble for Nobita. Will Doraemon really be able to achieve his mission of changing Nobita, or will he remain as he is? [Written by MAL Rewrite]","['Prequel (TV) Doraemon', 'Sequel (TV) Doraemon (2005)', 'Adaptation (Manga) Doraemon', '']",Doraemon (1979),,['Anthropomorphic'],,"['Kids', 'Shounen']"
43,"Tottoko Hamtaro Dechu, Tottoko Hamutaro",とっとこハム太郎,Hamtaro,Hamtaro,Hamtaro,Hamtaro,['TV'],296,Finished Airing,"Jul 7, 2000 to Mar 31, 2006",['Summer 2000'],Fridays at 18:30 (JST),"['TV Tokyo', 'Half H.P Studio']",['VIZ Media'],['TMS Entertainment'],['Manga'],"['Adventure', 'Comedy']",,25 min. per ep.,G - All Ages,7.01,#4330,#2951,"62,640",280,30614,"He's small, fluffy, and absolutely adorable: Hamtarou is one perfect little hamster! After moving to a new house with his owner, 5th grader Hiroko Haruna, Hamtarou discovers other hamsters and quickly makes friends. The group of hamster explorers call themselves the Ham-Hams, and there's nowhere they won't go. The Ham-Hams go on crazy adventures all around the city while their owners are away, visiting everything from plays to magical lands of candy. Meanwhile, the humans face their own dramas.. Hamtarou meets a huge cast of different personalities, gets himself into—and out of—some pretty tight spots, and even helps Hiroko and her friends out more than once. Through it all, he never stops being unbearably cute. It's Hamtarou time!","['Sequel (TV) Tottoko Hamtarou Hai!', 'Adaptation (Manga) Hamtaro']",Tottoko Hamtarou,['Kids'],['Anthropomorphic'],,
44,"Peacemaker Kurogane, PMK",PEACE MAKER 鐵,Peace Maker Kurogane,,,,['TV'],24,Finished Airing,"Oct 8, 2003 to Mar 24, 2004",['Fall 2003'],Unknown,"['GDH', 'TV Asahi', 'Imagica']","['ADV Films', 'Funimation']",['Gonzo'],['Manga'],"['Action', 'Comedy']","['Historical', 'Samurai']",24 min. per ep.,R - 17+ (violence & profanity),7.29,#2876,#3019,"59,645",273,23950,"Although traumatized by witnessing the murder of his parents by one of the Choushuu, Ichimura Tetsunosuke's thirst for revenge lead him to desire strength. At the age of 15, Tetsunosuke approached the Shinsengumi, wanting to become one of its members. However, Tetsunosuke lacked the skill, mind and will to emotionlessly cut down whoever threatened peace and the Shinsengumi. Even with the support of his brother Tatsunosuke and his newfound friends of the Shinsengumi, little did Tetsunosuke know the blood and pain he would have to face being part of this historical group.","['Sequel (Movie) Peace Maker Kurogane Movie 1: Omou Michi', 'Adaptation (Manga) Shinsengumi Imon Peace Maker']",Peace Maker Kurogane,['Shounen'],,,
45,,ギルガメッシュ,Gilgamesh,,,,['TV'],26,Finished Airing,"Oct 2, 2003 to Mar 18, 2004",['Fall 2003'],Unknown,['Kansai Telecasting'],['ADV Films'],"['Group TAC', 'Japan Vistec']",['Manga'],"['Drama', 'Fantasy', 'Sci-Fi']",,23 min. per ep.,R - 17+ (violence & profanity),6.59,#6533,#3574,"44,049",194,11963,"In an attempt to gather information on immortality, scientists from around the world have assembled to study ""Heaven's Gate""—the tomb turned laboratory of the mythical king Gilgamesh. But soon enough, the research is deemed unethical and all planned work comes to a halt. However, a group of terrorists pay this no thought and storm into Heaven's Gate, ultimately causing an explosion that leads to the collapse of the advanced information civilization. Many years after the incident, the siblings Tatsuya and Kiyoko Madoka are on the run from thugs. Yet this seems to be the least of their worries as they find themselves in the midst of a war between two powerful cryptic factions. With both groups claiming to fight for the betterment of society, Tatsuya and Kiyoko will have to find a way to decide who to trust. [Written by MAL Rewrite]","['Adaptation (Manga) Gilgamesh', '']",Gilgamesh,['Shounen'],,,
46,"Saiyuki Reloaded, Saiyuki 2, Saiyuki R",最遊記RELOAD,Saiyuki Reload,Saiyuki Reload,Saiyuki Reload,Saiyuki Reload,['TV'],25,Finished Airing,"Oct 2, 2003 to Mar 25, 2004",['Fall 2003'],Thursdays at 18:30 (JST),"None found,","['Discotek Media', 'Geneon Entertainment USA']",['Pierrot'],['Manga'],"['Action', 'Adventure', 'Comedy', 'Drama', 'Supernatural']",,23 min. per ep.,PG-13 - Teens 13 or older,7.36,#2527,#3896,"37,032",118,13943,"Priest Genjo Sanzo and companions Cho Hakkai, Sha Gojyo, and Son Goku maintain their westward journey to stop the resurrection of the demon Gyoumao. As the reputation of the Sanzo Ikkou precedes them, they continue to fight demon assassins at every turn, but they must also deal with increasing tensions within their group in order to defeat a powerful enemy. (Source: ANN)","['Prequel (TV) Gensoumaden Saiyuuki', 'Sequel (TV) Saiyuuki Reload Gunlock', 'Sequel (TV) Saiyuuki Reload: Zeroin', 'Adaptation (Manga) Saiyuuki Read Manga']",Saiyuuki Reload,['Josei'],['Mythology'],,
47,Detective Academy Q,探偵学園Q,Detective School Q,,,,['TV'],45,Finished Airing,"Apr 15, 2003 to Mar 20, 2004",['Spring 2003'],Unknown,"['Group TAC', 'Kodansha']","None found,",['Pierrot'],['Manga'],"['Comedy', 'Drama', 'Mystery']",,25 min. per ep.,PG-13 - Teens 13 or older,7.73,#1206,#3912,"36,757",265,14893,"Kyuu is your average boy with a knack for logic and reasoning. Desiring to become a detective, he finds out about the existence of the Dan Detective School (DDS); a famed school where students are allowed to bear arms. Together with Megu, a girl with photographic memory, the martial arts master Kinta, the genius programmer Kazuma and the mysterious Ryuu, Kyuu tackles many well planned out crimes, always seeking the truth.","['Adaptation (Manga) Tantei Gakuen Q', '']",Tantei Gakuen Q,['Shounen'],['Detective'],,
48,"Pokemon Housoukyoku, Shuukan Pokemon Housoukyoku, Pokemon Hoso, Pocket Monsters Housoukyoku",ポケットモンスター サイドストーリー,Pokémon Chronicles,,Pokémon Chronicles,Pokémon Chronicles,['TV'],16,Finished Airing,"Dec 3, 2002 to Sep 28, 2004",['Winter 2003'],Tuesdays at 19:00 (JST),['Shogakukan Productions'],['4Kids Entertainment'],['OLM'],Game,"['Adventure', 'Comedy', 'Fantasy']",,20 min. per ep.,PG - Children,6.89,#4904,#4080,"33,852",15,16955,"While Satoshi continues on his quest to become the best, many others will experience their own unique journey through the Pokémon world—researchers, professors, Gym Leaders, Team Rocket members, Trainers, and even Pokémon. Some are familiar faces and others are strangers at first, but what they all have in common is a love of adventure—especially when it involves Pokémon! (Source: Official site)",[],Pokemon Side Stories,['Kids'],,,
49,"Uninhabited Planet Survive, Survivants, Survive! - Uninhabited Planet, Uninhabited Planet SURVIVE, Uninhabited Planet Survival",無人惑星サヴァイヴ,,,,,['TV'],52,Finished Airing,"Oct 16, 2003 to Oct 28, 2004",['Fall 2003'],Unknown,['NHK'],"None found,","['Madhouse', 'Telecom Animation Film']",Original,"['Action', 'Adventure', 'Fantasy', 'Sci-Fi', 'Slice of Life']",,25 min. per ep.,G - All Ages,7.72,#1235,#4204,"31,570",325,10908,"The story is set in the 22nd century where space travel, planet colonization and anti-gravity basketball are practically everyday things. Planet Earth has become uninhabitable, and therefore people live in colonies on the surrounding planets. On a school field trip, a mistake causes the protagonist, a young transfer student named Luna, her pet robot, and six of her classmates to be thrown through a gravity storm and crash land on a seemingly uninhabited planet. There, with Luna as their leader, the robot cat Chako, the lone wolf Kaoru, the spoiled rich boy Howard, the shy Sharla, the obedient Bell, the prideful musician Menori and the young genius Shingo must fight for their survival. But is the planet really uninhabited, or is there someone or something out there, waiting in the shadows? (Source: Wikipedia)",[],Mujin Wakusei Survive,,,,
50,"Astroboy, Astro Boy (2003)",アストロボーイ・鉄腕アトム,Astro Boy (2003),,Astro Boy,Astro Boy,['TV'],50,Finished Airing,"Apr 6, 2003 to Mar 28, 2004",['Spring 2003'],Unknown,"['Sony Pictures Entertainment', 'Dentsu', 'Mill Creek Entertainment']","None found,",['Tezuka Productions'],['Manga'],"['Action', 'Adventure', 'Sci-Fi']",,24 min. per ep.,G - All Ages,7.08,#3984,#4560,"26,782",169,12176,"At the Ministry of Science, fervent Professor Ochanomizu alongside his coworkers strive to reactivate Atom—the first robot with a human heart. Atom is the masterpiece of enigmatic Professor Umatarou Tenma, who built the android to replace his deceased son Tobio. However, while Tenma inexplicably shut down his brainchild and disappeared, Ochanomizu refuses to let such a major breakthrough in science go to waste. Despite having the appearance of a nine-year-old, Atom not only possesses incredible strength and intelligence, but he is also endowed with a remarkable conscience and compassion that rivals humans. Sadly, the mechanical boy soon faces rejection and learns that not everyone is as welcoming as Ochanomizu. Although automatons have integrated into society, they are accepted only as tools and even seen as an upcoming threat to mankind's dominion. Dreaming of a world where people and robots can prosper together, Atom dedicates his existence to protecting the lives of both and inspiring them to form genuine bonds. [Written by MAL Rewrite]","['Prequel (TV) Atom: The Beginning', 'Adaptation (Manga) Tetsuwan Atom', 'Adaptation (Manga) Astro Boy: Tetsuwan Atom', '']",Astro Boy: Tetsuwan Atom,['Shounen'],['Super Power'],,
51,"Milmo de Pon!, Mirmo!, Wagamama Fairy Milmo De Pon!, Selfish fairy: Mirumo de Pon!, Selfish Fairy Mirumo de Pon!, Wagamama Fairy Mirumo de Pon! Golden, Wagamama Fairy Mirumo de Pon! Wonderful, Wagamama Fairy Mirumo de Pon! Charming",わがまま☆フェアリー ミルモでポン!,Mirmo Zibang!,,,Mirmo!,['TV'],172,Finished Airing,"Apr 6, 2002 to Sep 27, 2005",['Spring 2002'],Unknown,"['Trinity Sound', 'Shogakukan Productions']",['VIZ Media'],['Studio Hibari'],['Manga'],"['Adventure', 'Comedy', 'Drama', 'Fantasy', 'Romance']",,21 min. per ep.,G - All Ages,7.30,#2838,#5032,"21,099",137,9262,"Kaede is a cheerful and energetic eighth grader. When it comes to boys, however, she is hopelessly shy. One day, on her way home from school, Kaede walks into a mysterious shop and buys a colorful cocoa mug. When she reaches home, she casually peeks into the bottom of the mug and discovers an engraved note, which says, ""If you read this message aloud while pouring hot cocoa into the mug, a love fairy (""muglox"") will appear and grant your every wish."" The skeptical but curious Kaede follows the directions and announces her wish to date Yuuki, the class heartthrob. Suddenly, the adorable blue Mirumo appears! We soon find out, however, that this cute little muglox would rather eat chocolate and create mischief than help Kaede. Mirumo, it seems, is prince of the muglox world. Horrified at the prospect of having to marry Rirumu, his princess bride-to-be, Mirumo has escaped the muglox world. Hot on his heels, however, are Rirumu, Yashichi the bounty hunter, and a cast of hundreds of muglox ranging from the good to the bad to the nutty. This gang of adorable troublemakers will see to it that school life for Kaede and her friends is never the same... (Source: mirmo-zibang)","['Adaptation (Manga) Mirumo de Pon!', '']",Wagamama☆Fairy Mirumo de Pon!,['Shoujo'],['School'],,
52,"Kochikame, This is the Police Station in Front of Kameari Park in Katsushika Ward, Kochira Katsushikaku Kameari Kouenmae Hashutsujo (1996)",こちら葛飾区亀有公園前派出所 (1996),,,Kochikame,,['TV'],373,Finished Airing,"Jun 16, 1996 to Dec 19, 2004",['Summer 1996'],Sundays at 19:00 (JST),"['Asatsu DK', 'Fuji TV']","None found,",['Gallop'],['Manga'],,"['Adult Cast', 'Detective', 'Gag Humor']",25 min. per ep.,PG-13 - Teens 13 or older,7.78,#1083,#5110,"20,327",197,7454,"Ryoutsu, being an underpaid policeman, is always coming up with underhanded schemes in order to make a quick buck. But in the end, his plans (which are ridiculous to begin with) always go wrong and land him in big trouble with the chief.","['Adaptation (Manga) Kochira Katsushikaku Kameari Kouenmae Hashutsujo', '']",Kochira Katsushikaku Kameari Kouenmae Hashutsujo,['Shounen'],,['Comedy'],
53,Rockman EXE Axess,ロックマンエグゼ Axess,MegaMan NT Warrior: Axess,,,,['TV'],51,Finished Airing,"Oct 4, 2003 to Sep 25, 2004",['Fall 2003'],Unknown,"['TV Tokyo', 'Shogakukan Productions']",['VIZ Media'],['Xebec'],Game,"['Action', 'Adventure', 'Comedy', 'Sci-Fi']",,24 min. per ep.,PG - Children,7.14,#3703,#5313,"18,473",49,8920,"Netto's father Yuuichirou Hikari has made a scientific breakthrough by introducing the ""synchro chips"". If an operator and his or her navi are in a special enviroment known as a ""dimensional area"", they can fuse together in the real world via a technique called ""cross fusion""! Yuuichirou's first test subject, Misaki Gorou, attempts the process and sadly fails. Netto offers to try with Rockman, but his father forbids it. Cross Fusion puts enormous strain on the operator's health, and battling in the real world could mean death. (Source: Official Site)","['Prequel (TV) Rockman.EXE', 'Sequel (TV) Rockman.EXE Stream']",Rockman.EXE Axess,,['Strategy Game'],,
54,,銀河鉄道物語,The Galaxy Railways,The Galaxy Railways,The Galaxy Railways,Galaxy Railways,['TV'],26,Finished Airing,"Oct 5, 2003 to Apr 11, 2004",['Fall 2003'],Unknown,"['Ginga Ya', 'Studio Kyuuma', 'Trilogy Future Studio']",['Funimation'],['Planet'],Original,"['Action', 'Adventure', 'Drama', 'Sci-Fi']",,24 min. per ep.,PG-13 - Teens 13 or older,7.08,#3998,#5958,"13,627",51,3731,"In the distant future, trains are no longer bound by their physical tracks. Instead, they take to the skies and travel across the universe on the Galaxy Railways, transporting mankind from planet to planet. However, the Galaxy Railways are no safer than traditional trains: criminals, terrorists, and vile aliens always find a way to stir up trouble. Manabu Yuuki, a rash and hot-headed man, is the latest addition to the Galaxy Railways' elite Space Defence Force (SDF). These brave men and women are responsible for protecting the railways and responding to any unprecedented danger, risking their lives to protect the innocent from evil. But as this drama unfolds and the SDF's greatest crisis draws nearer, Manabu must truly learn what it means to be a member of the SDF before it is too late. [Written by MAL Rewrite]","['Sequel (TV) Ginga Tetsudou Monogatari: Eien e no Bunkiten', 'Sequel (OVA) Ginga Tetsudou Monogatari: Wasurerareta Toki no Wakusei']",Ginga Tetsudou Monogatari,,['Space'],,
55,,ふたつのスピカ,Twin Spica,,,,['TV'],20,Finished Airing,"Nov 1, 2003 to Mar 27, 2004",['Fall 2003'],Saturdays at 09:00 (JST),['NHK'],"None found,",['Group TAC'],['Manga'],"['Drama', 'Sci-Fi', 'Supernatural']",,25 min. per ep.,PG-13 - Teens 13 or older,7.35,#2571,#6385,"11,421",71,4302,"When Kamogawa Asumi was just a baby, her mother was grievously injured when a rocket crashed to the ground. Five years later, having been in a coma all the time, Asumi's mother finally dies, and the little girl struggles to come to terms with the death of a mother she barely remembers. In the midst of her turmoil, she meets ""Lion-san,"" a strange figure wearing a lion mask and claiming to be a ghost. Lion-san helps Asumi to bury her mother's ashes, and finally, Asumi reaches her own decision: ""When I grow up, I'm going to be a rocket pilot."" (Source: ANN)","['Adaptation (Manga) Futatsu no Spica', '']",Futatsu no Spica,,['School'],,
56,F-Zero: The Legend of Falcon,F-ZERO ファルコン伝説,F-Zero: GP Legend,,,,['TV'],51,Finished Airing,"Oct 7, 2003 to Sep 28, 2004",['Fall 2003'],Tuesdays at 18:30 (JST),"['TV Tokyo', 'Dentsu']",['4Kids Entertainment'],['Ashi Productions'],Game,"['Action', 'Adventure', 'Sci-Fi']","['Mecha', 'Racing']",23 min. per ep.,PG - Children,6.52,#6969,#6778,"9,977",65,2869,"Rick Wheeler was a police detective who got into a fatal car accident while pursuing the criminal Zoda. He was placed into artificial coldsleep for 150 years. Wheeler is brought back to life by Jody Summer and Dr. Stewart, who work with a group of good racers who try to keep prize money out of the hands of unsavory people like the Dark Million Organization run by Black Shadow and Deathborn.",[],F-Zero: Falcon Densetsu,,,,
57,,サザエさん,Mrs. Sazae,,,,['TV'],Unknown,Currently Airing,"Oct 5, 1969 to ?",['Fall 1969'],Sundays at 18:30 (JST),['Fuji TV'],"None found,",['Eiken'],['4-koma manga'],"['Comedy', 'Slice of Life']",,24 min.,G - All Ages,6.14,#9129,#7129,"8,812",39,1938,"The main character is a mother named Sazae-san. She lives in a house with her husband, her kids and her parents. The show is the ultimate family program and tends to follow traditional themes. Think of this show as the Japanese equivalent to ""The Partridge Family"" and you'll get a good feel for this show's atmosphere. Don't expect to see things like violence, swearing, kung-fu action or magical girls. The plots are more like ""Today, Sazae-san goes to the new mall and gets lost"". Such ""boring"" plotlines and the simplistic art are often a turn-off to non-Japanese audiences, but most Japanese find the show incredibly good. As a result, it continues to be one of the top ratings grabbers on TV and is one of the few anime that is considered ""acceptable"" by adults. (Source: AniDB)","['Adaptation (Manga) Sazae-san', '']",Sazae-san,,,,
58,DiGi Charat Nyo,デ・ジ・キャラットにょ,,,,,['TV'],104,Finished Airing,"Apr 6, 2003 to Mar 28, 2004",['Spring 2003'],Sundays at 09:30 (JST),"['TV Osaka', 'Broccoli']",['Bandai Entertainment'],['Madhouse'],Unknown,"['Comedy', 'Fantasy', 'Sci-Fi']",,12 min. per ep.,G - All Ages,7.05,#4131,#7182,"8,649",50,3084,"Di Gi Charat (a.k.a. Dejiko) - along with Petit Charat (a.k.a. Puchiko) and Gema - travels to Earth as part of her training to become a full-fledged princess. They crash on a small town in Japan, where they meet the Omocha brothers (who spend most of their time thinking how cute Puchiko is) and Mr. & Mrs. Ankoro (an elderly couple that makes Japanese sweets). (Source: ANN)",[],Di Gi Charat Nyo,,,,
59,"Ninja Boy Rantaro, Rakudaii Nintama Rantarou",忍たま乱太郎,,,El Ninja Boy Rantaró,,['TV'],Unknown,Currently Airing,"Apr 10, 1993 to ?",['Spring 1993'],Not scheduled once per week,"['NHK', 'Sogo Vision', 'NHK Enterprises']","None found,","['Ajia-do', 'Gakken']",['Manga'],,,10 min.,G - All Ages,7.08,#4017,#7395,"8,014",77,2550,"Taking place in the Sengoku Period, Rantarou, Kirimaru and Shinbei are young students at Ninjutsu Academy, a school that teaches all kinds of youth how to become ninjas. Known as ""Nintamas"" (a contraction of ninja + tama [egg]), the main trio, and many other students at the school, must learn all sorts of unique skills to achieve their goal. Unfortunately, things aren't that simple, since our protagonists constantly find themselves failing their classes. With strict ninja teachers such as Doi-sensei and Yamada-sensei, the mischievous girls from the Kunoichi class, an entire crew of pirates and dozens more interesting characters, anything can happen in the crazy world of Nintama. The episodes are 7 minutes and thirty seconds long each, and each season (which there's currently 29 of) usually has a range of 60-90 episodes.","['Adaptation (Manga) Rakudai Ninja Rantarou', '']",Nintama Rantarou,['Kids'],,['Comedy'],
60,Maruko-chan,ちびまる子ちゃん,Little Miss Maruko,,Chibi Maruko-chan,,['TV'],Unknown,Currently Airing,"Jan 8, 1995 to ?",['Winter 1995'],Sundays at 18:00 (JST),"['Ajia-do', 'Fuji TV', 'Sakura Production']","None found,",['Nippon Animation'],['Manga'],,,23 min.,G - All Ages,7.34,#2627,#7910,"6,781",62,2189,"Momoko Sakura is an elementary school student who likes popular idol Momoe Yamaguchi and mangas. She is often called ""Chibi Maruko-chan"" due to her young age and small size. She lives together with her parents, her grandparents and her elder sister in a little town. In school, she has many friends with whom she studies and plays together everyday, including her close pal, Tama-chan; the student committee members, Maruo-kun and Migiwa-san; and the B-class trio: 'little master' Hanawa-kun, Hamaji-Bu Taro and Sekiguchi-kun. This is a fun-loving and enjoyable anime that portrays the simple things in life. (Source: ANN)","['Prequel (TV) Chibi Maruko-chan', 'Adaptation (Manga) Chibi Maruko-chan']",Chibi Maruko-chan (1995),['Shoujo'],['School'],['Comedy'],
61,Atashinchi,あたしンち,My Family,,,,['TV'],330,Finished Airing,"Apr 19, 2002 to Sep 19, 2009",['Spring 2002'],Saturdays at 11:20 (JST),"['TV Asahi', 'Yumeta Company']","None found,",['Shin-Ei Animation'],['Manga'],"['Comedy', 'Slice of Life']",,25 min. per ep.,G - All Ages,7.38,#2439,#8235,"6,120",63,2771,"Outrageous misadventures of an almost normal family with a housewife, her husband, and their two kids Yuzuhiko and Mikan. Wacky humor about this weird family's daily life. (Source: AniDB)","[""Sequel (TV) Shin Atashin'chi"", ""Adaptation (Manga) Atashin'chi""]",Atashin'chi,,,,
62,"Robot-chan Cubix, Robots for Everyone, Lobojjang Kyubigseu",로보짱 큐빅스,Cubix,,,Cubix: Robots pour Tous,['TV'],26,Finished Airing,"Aug 11, 2001 to Apr 26, 2004",['Summer 2001'],Unknown,['CinePix'],['4Kids Entertainment'],['Xebec'],Unknown,,,23 min. per ep.,PG - Children,5.38,#12484,#8845,"5,154",8,2613,"The year is 2040. Japanese robot technology is making remarkable progress; they can understand human language, and they've even succeeded in developing a humanoid robot that can feel emotions. The setting is a future town on the outskirts of Musashino in the Tokyo area, where humans and robots live together, ""New Musashino City."" In this town, our main character Ichiro and his friends, as well as some robots, all get along very well. Before these friends appears a mad scientist, Professor K, bent on taking over the world. Ichiro and his robot partner, Kombock, and his other friends stand against him to crush his schemes. Will they be able to protect the peaceful lives of humans and robots from this evil?! The story of the friendship of Ichiro, Kombock, and their friends begins!! (Source: AniDB)",[],Saiko Robot Kombock,,['Mecha'],['Sci-Fi'],
63,"Soreike! Anpanman, Go! Anpanman, Anpanman TV",それいけ！アンパンマン,,,,,['TV'],Unknown,Currently Airing,"Oct 3, 1988 to ?",['Fall 1988'],Fridays at 16:20 (JST),"['Sotsu', 'Nippon Television Network']","None found,",['TMS Entertainment'],Picture book,"['Comedy', 'Fantasy']",,24 min.,PG - Children,6.58,#6587,#9190,"4,612",31,1739,"One night, a Star of Life falls down the chimney of a bakery nestled deep in the forest, causing the dough in the oven to come to life. The dough becomes Anpanman, a superhero made of anpan (a sweet roll with bean jam filling). Together with his friends, Anpanman fights his rival Baikinman and helps the malnourished. (Source: ANN)",[],Sore Ike! Anpanman,['Kids'],,,
64,,どーもくん,,,,,['TV'],37,Finished Airing,"Dec 22, 1998 to Jan 1, 2008",['Winter 1999'],Not scheduled once per week,['NHK'],"None found,",['dwarf'],Other,"['Comedy', 'Slice of Life']",,39 sec. per ep.,G - All Ages,6.43,#7544,#10462,"3,085",14,948,"A strange monster hatches from a mysterious egg. He befriends various animals, and takes residence in Osajii's burrow. He discovers new and exciting things about everyday life. As of 2008, there are at least 37 regular TV spot episodes of Domo-kun. These 37 episodes were released on DVD in Japan in July of 2009.",[],Domo-kun,['Kids'],,,
65,Popolocrois Monogatari - Hajimari no Bouken,ポポロクロイス,,,,,['TV'],26,Finished Airing,"Oct 5, 2003 to Mar 28, 2004",['Fall 2003'],Unknown,"['Tokyo Movie Shinsha', 'Tohokushinsha Film Corporation']","None found,",['TMS Entertainment'],Game,"['Adventure', 'Fantasy']",,23 min. per ep.,PG - Children,6.79,#5377,#11046,"2,590",2,1023,"Pinon, the boy who flows within his body, the blood of the three races (the Dragons, the fairies and the humans), is actually the son of the Courageous One, Pietro. Pinon's encounter with a mysterious animal, Pap, opens up the door to an adventurous journey. He befriends Luna and Marco on the way. However, when he learns that his adventure will determine the fate of PoPoLoCrois, Pinon hardens his heart and leaves his friends. Unknown to him, this is an introductory chapter to a new adventure and Pinon will realise that he must resolve the bigger crisis present in PoPoLoCrois. (Source: ANN)","['Prequel (TV) Popolocrois Monogatari', '']",PopoloCrois,,,,
66,,おじゃる丸,Prince Mackaroo,,,,['TV'],Unknown,Currently Airing,"Oct 5, 1998 to ?",['Fall 1998'],Not scheduled once per week,['NHK'],['Enoki Films'],['Gallop'],Original,"['Adventure', 'Award Winning', 'Comedy', 'Fantasy']",,10 min.,G - All Ages,6.39,#7748,#11558,"2,229",5,553,"In the Heian era, around 1000 years ago, a young boy of noble family named Ojarumaru is bored with his life of privilege. Meanwhile, three demons steal the power-stick of Enma, king of demons, and then lose it. Ojarumaru finds it, and uses it to transport himself to the present time. Here, he is befriended by a young boy named Kazuma, and becomes a member of his family. As time goes on, Ojarumaru makes many new friends, while dodging the comedic efforts of the three demons, Akane, Kisuke, and Aobee, as they try to recover the stick. (from ANN)","['Adaptation (Manga) Ojarumaru', '']",Ojarumaru,['Kids'],,,
67,Papuwa 2,パプワ,,,,,['TV'],26,Finished Airing,"Sep 30, 2003 to Mar 30, 2004",['Fall 2003'],Tuesdays at 18:00 (JST),['Sotsu'],['ADV Films'],['Nippon Animation'],['Manga'],"['Adventure', 'Comedy']",,23 min. per ep.,R+ - Mild Nudity,6.60,#6488,#11549,"2,234",10,872,"In this sequel series, events continue four years after they left off in the first series. Papuwa-kun is a mysterious boy who lives on a new tropical island full of the same crazy creatures. Along with his maid, Liquid, and his new amnestic friend, ""Rotarou"", they lead nonsensical adventures as they try to evade and confuse the Ganma Army, Special Corps, and even the Shinsengumi from discovering Rotarou's real secret and taking him away. (Source: ANN)","['Prequel (TV) Nangoku Shounen Papuwa-kun', '']",Papuwa,,,,
68,"Croquette!, Corokke!",コロッケ！,Croket!,,,,['TV'],104,Finished Airing,"Apr 7, 2003 to Mar 27, 2005",['Spring 2003'],Mondays at 18:30 (JST),['TV Tokyo'],"None found,",['OLM'],['Manga'],"['Action', 'Adventure', 'Comedy', 'Fantasy']",,20 min. per ep.,G - All Ages,6.88,#4949,#12563,"1,618",4,614,"The ""Forbidden Treasure"" is an extraordinary artefact who can grant any wishes. The people seeking it are called the Bankers, and our hero, Corokke, is one of them.","['Adaptation (Manga) Croket!', '']",Croket!,['Kids'],,,
69,"Tea-dog, Tea Dogs",お茶犬 ちょこっとものがたり,,,,,['TV'],26,Finished Airing,"Oct 6, 2003 to Apr 1, 2004",['Fall 2003'],Unknown,['Four Some'],"None found,","None found,",Unknown,,,4 min. per ep.,G - All Ages,6.28,#8381,#12940,"1,440",8,515,"Ocha-ken is a children's program about tea-dogs and tea-cats, each representing a different blend. The episodes are very short and geared to teaching the audience various values. The lesson, or moral of the episode is displayed at the end. (Source: AniDB)","['Sequel (TV) Ocha-ken: Hotto Monogatari', '']",Ocha-ken: Chokotto Monogatari,['Kids'],,['Comedy'],
70,,しましまとらのしまじろう,,,,,['TV'],726,Finished Airing,"Dec 13, 1993 to Mar 31, 2008",['Winter 1994'],Mondays at 18:00 (JST),"['TV Tokyo', 'Azeta Pictures']","None found,",['Studio Kikan'],Original,"['Adventure', 'Comedy', 'Fantasy']",,23 min. per ep.,G - All Ages,5.92,#10324,#13252,"1,322",4,558,"Shimajiro, a preschool-aged tiger boy, has adventures with his friends Mimirin, Ramurin, Nyakki, and Toriipi on Challenge Island.","['Sequel (TV) Hakken Taiken Daisuki! Shimajirou', '']",Shima Shima Tora no Shimajirou,['Kids'],['Anthropomorphic'],,
71,"Plusters, Journey of Adventure: PLUSTERWORLD",冒険遊記プラスターワールド,Adventure Hero Pluster World,,,,['TV'],52,Finished Airing,"Apr 3, 2003 to Mar 25, 2004",['Spring 2003'],Thursdays at 18:00 (JST),['TV Tokyo'],"None found,","['Actas', ""Brain's Base""]",Original,"['Action', 'Adventure', 'Sci-Fi']",,24 min. per ep.,G - All Ages,6.23,#8669,#13495,"1,235",4,312,"According to the legend, the once peaceful ""Pluster World"" plunged into chaos and darkness due to the manifestation of the evil MINASUTA. At that time, selected Plusters were combined with humans, and successfully sealed away the evil MINASUTA. It was then believed that the peace which had returned would continue forever. Greenery and trees filled the land, flowers bloomed everywhere, living creatures soar in the blue sky, run on the land, and swim in the seas. However, this peacefulness was once again lost due to reappearance of the MINASUTA... Now, the fusion of Plusters and Humans once again opens the door for a hot adventure! (Source: aniDB)",[],Bouken Yuuki Pluster World,,,,
72,,親子クラブ,,,,,['TV'],1818,Finished Airing,"Oct 3, 1994 to Mar 30, 2013",['Fall 1994'],Unknown,['Fuji TV'],"None found,",['Eiken'],Original,"['Comedy', 'Slice of Life']",,5 min. per ep.,G - All Ages,5.47,#12200,#13608,"1,198",0,442,This anime was running almost 20 years and has over 1800 episodes.,[],Oyako Club,,,,
73,Pororo the Little Penguin,뽀롱뽀롱 뽀로로,,,Pororo: El Pequeño Pingüino,,['TV'],52,Finished Airing,"Nov 27, 2003 to May 18, 2004",['Fall 2003'],Unknown,['EBS'],"None found,","None found,",Original,,,5 min. per ep.,G - All Ages,6.00,#9927,#13845,"1,118",3,456,"The curious penguin Pororo is out exploring one day when he stumbles upon a mysterious egg. Planning on eating it, Pororo decides to take it home. However, the egg hatches in front of his eyes, and to his surprise a dinosaur emerges, staring him in the face. Though terrified at first, Pororo soon befriends the lovable pint-sized creature and the two go on many adventures with the rest of their friends. Within this gang of friends, there is the dinosaur Crong, a playful troublemaker; the fox Eddy, a trickster and inventor; the beaver Loopy, an artistic baker; and the polar bear Poby, a photographer and fisherman with a generous heart. When all these friends get together, they are sure to get into mischief. Porong Porong Pororo follows Pororo and his friends as they venture through their daily lives. Confronting every new adventure and challenge, Pororo and the gang will learn courage, compassion, and what it truly means to be a good friend. [Written by MAL Rewrite]","['Sequel (TV) Porong Porong Pororo 2', '']",Porong Porong Pororo,['Kids'],,,
74,,ミッドナイトホラースクール,,,,,['TV'],52,Finished Airing,"Oct 1, 2003 to Mar 24, 2004",['Fall 2003'],Wednesdays at 15:30 (JST),['Milky Cartoon'],"None found,","None found,",Unknown,,,11 min. per ep.,None,6.28,#8377,#14356,978,4,146,"The school has 26 students with each name of them beginning with a letter of the alphabet in order and a color, 3 teachers, 3 classrooms, a library, a cafeteria, a music room, a playroom, a fountain, a skeleton playground, a graveyard and several school staff. (Source: Wikipedia)",[],Midnight Horror School,,,['Comedy'],
75,Little Bebil in Wonderland,ワンダーベビルくん,,,,,['TV'],30,Finished Airing,"Apr 11, 2003 to Feb 6, 2004",['Spring 2003'],Unknown,"['Aniplex', 'Dentsu', 'NHK', 'MICO']","None found,",['Radix'],Unknown,"['Comedy', 'Fantasy']",,25 min. per ep.,G - All Ages,[],#15368,#15240,757,0,,No synopsis has been added for this series yet. Click here to update this information.,[],Wonder Bebil-kun,,,,
76,Nezha Chuan Qi,哪吒传奇,The Legend of Nezha,,,,['TV'],52,Finished Airing,"Jun 1, 2003 to Jul 2004",['Summer 2003'],Sundays at Unknown,"None found,","None found,",['CCTV Animation'],Original,,,22 min. per ep.,PG - Children,6.83,#5202,#15383,725,2,222,"The Legend of Nezha narrative The story of Natra, the heavenly boy who was born bare, very mischievous, but the temperament, the mentality of goodness, always towards the righteous. With powerful martial arts and magic, he tried to save the evil to bring peaceful life for people in the time of raging love.",[],Nezha Chuanqi,,,['Adventure'],
77,Sou Nanda,おもいっきり科学アドベンチャー そーなんだ!,Full-Blast Science Adventure: So That's How It Is!,,,,['TV'],26,Finished Airing,"Oct 5, 2003 to Mar 28, 2004",['Fall 2003'],Unknown,"['TV Tokyo', 'Dentsu', 'WAO World', 'Future Planet', 'Geneon Entertainment']","None found,",['OLM'],Original,"['Comedy', 'Sci-Fi']",,20 min. per ep.,None,[],#20838,#15500,707,1,,"After a soccer game one day, six kids are playing a cute RPG-looking video game at their homes. One of them scored the winning goal, one was the goal keeper who barely missed the ball, and the others were two groups of two who were rooting for their respective sides. Suddenly, when they defeat a boss, a strange thing pops up in front of them, and they're sucked into the game world! Tomoru (scorer), Mio, and Dai end up together with Professor Galileo, who tells them that he's the one that created this game that they`ve appeared in, called Eureka, but he inadvertently got sucked into it as well. In order to get back to their world, they need to clear missions that pop up in certain areas of the world. So when a mission appears, Tomoru and the gang make the professor take them along. When they get to area C-1, they find that not only do they have a mission, but they have a rival group! The rival professor has brought their rivals from the soccer game, Yukio, Suzuka, and Kouta, with him! Their mission, of course, is a scientific one. First the computer explains how lightning is formed, and then they have to figure out a way to stop the lightning to clear the mission! Tomoru and company manage to get it done, and get a Eureka Stone, letting them get back to their world! Except... the gateway back actually needs ten Eureka Stones total before it will open! Sounds like there's a lot of science to be learned and missions to be cleared before they can go home. (Source: Jascii.net)",[],Omoikkiri Kagaku Adventure Sou Nanda!,['Kids'],,,
78,"Tank Knights Portriss, Mugen Senki Fortress",無限戦記ポトリス,,,,,['TV'],52,Finished Airing,"Apr 5, 2003 to Mar 27, 2004",['Spring 2003'],Unknown,"['TV Tokyo', 'Bandai Visual']","None found,","['Sunrise', 'Dongwoo A&E']",Unknown,"['Action', 'Sci-Fi']",,25 min. per ep.,PG - Children,6.10,#9371,#15736,667,1,126,"In a raving world, legendary knights stood up. Will they become gods of war or world saviors? Three Portriss Knights and sole human boy are now going to change the World! Portriss Planet, home of where robots live in peace. However, this peacefulness was ruined by the sudden appearance of a Dictator ""Dark Portriss"". Dark Portriss plans to attain infinite powers through the use of the ""Space-time destroying Cannon"". The only ones able to stop this are the Portriss Knights! A boy, Yuuma, accidentally got into the Portriss World, and the Portrisses` adventure begins! (Source: AniDB)",[],Mugen Senki Portriss,,['Mecha'],,
79,My Little Fox,꼬마여우 요랑,,,,,['TV'],26,Finished Airing,"Jul 23, 2003 to Feb 11, 2004",['Summer 2003'],Unknown,['KBS'],"None found,","None found,",Unknown,"['Adventure', 'Comedy', 'Fantasy']",,23 min. per ep.,G - All Ages,[],#18561,#16375,576,4,,"Yorang, a fox who lives in heaven and has important responsibilities, would rather play tricks on others and seek fun all day. One day, heaven holds a festival for the completion of the ""Book of Wishes,"" a prestigious work that can help remove the black fox's seal. During this festival, Yo-rang, who is very mischievous, throws away the valuable book. Heaven is threatened by the black fox's bad magic. Yo-rang, responsible for the debacle, searches for the book and meets a boy named ""Kang-hyun,"" who loses his mother at an early age and moves to the Fox Village from Seoul, with his father. Kang-hyun and Yo-rang look for the book together. But the black fox tries to ruin their plan, and Kang-hyun and Yo-rang encounter all kinds of hardship. In the end, they develop a strong friendship. (Source: Arirang TV)",[],Hey Yo Yorang,['Kids'],,,
80,,ストレイシープ ポーのちっちゃな大冒険,,,,,['TV'],18,Finished Airing,"Oct 16, 2001 to Jan 1, 2005",['Fall 2001'],Unknown,['Fuji TV'],"None found,",['Robot Communications'],Original,,,2 min. per ep.,PG - Children,5.99,#9951,#16832,524,0,132,"Stray Sheep is based on the tales of Poe, a naive, independent and curious ram who finds himself sleepwalking into the most unpredictable situations on his path to reuniting with his herd and finding the ""ewe"" of his dreams. (Source: ANN)","['Prequel (TV) Stray Sheep no Daibouken', '']",Stray Sheep: Poe no Chicchana Daibouken,['Kids'],,['Comedy'],
81,Grandpa Danger,絶体絶命でんぢゃらすじーさん,,,,,['TV'],33,Finished Airing,Oct 2003 to Mar 2004,['Fall 2003'],Unknown,"None found,","None found,","None found,",['Manga'],,,35 sec. per ep.,G - All Ages,5.50,#12116,#16993,509,0,140,"Grandpa Danger is a world where the great protector is Grandpa Danger! He's an expert at falling off of cliffs, dealing with a principal who suffers from a severe inferiority complex, and escaping the hidden dangers of sleep! He's a nonsensical, utterly disgusting, relentless prankster. Grandpa Danger's excessive phlegm and farts frustrate Grandson to hilarious extremes, and make you laugh until your stomach splits! (Source: AniDB)","['Sequel (TV) Zettai Zetsumei Dangerous Jiisan (2004)', 'Adaptation (Manga) Zettai Zetsumei Dangerous Jiisan']",Zettai Zetsumei Dangerous Jiisan,['Kids'],,['Comedy'],
82,"Dango 3 Kyodai, Three Dango Brothers, Dango San Kyodai, Dango 3 Kyoudai",だんご3兄弟あっという間劇場,,,,,['TV'],50,Finished Airing,Oct 1999 to Mar 2004,['Fall 1999'],Unknown,['NHK'],"None found,","None found,",Unknown,,,3 min. per ep.,G - All Ages,[],#17562,#18884,354,0,,The hit Danga San Kyoudai song was adapted into shorts that aired on NHK during commercial breaks in Okaasan to Issho's timeslot. The cheery series about three dango brothers was meant to give children quick lessons about sharing and humbleness.,[],Dango San Kyoudai Attoiuma Gekijou,['Kids'],['Music'],,
83,,まゆとろ THE TOONS,,,,,['TV'],33,Finished Airing,"Oct 1, 2003 to Mar 1, 2004",['Fall 2003'],Unknown,"None found,","None found,","None found,",Unknown,"['Comedy', 'Fantasy']",,2 min. per ep.,G - All Ages,[],#20086,#19177,335,0,,No synopsis has been added for this series yet. Click here to update this information.,[],Mayutoro The Toons,['Kids'],,,
84,"Ha Pi Fuzi, Happy Father and Son",哈皮父子,Happy Father Happy Son,,,,['TV'],104,Finished Airing,Aug 2000 to Aug 2004,['Summer 2000'],Unknown,"None found,","None found,","None found,",Original,"['Comedy', 'Fantasy']",,6 min. per ep.,PG - Children,[],#18439,#22576,152,0,,No synopsis information has been added to this title. Help improve our database by adding a synopsis here.,"['Sequel (TV) Happy Fuzi: Chao Neng Pao Dan', '']",Happy Fuzi,['Kids'],,,
85,,검정 고무신,Black Rubber Shoes,,,,['TV'],39,Finished Airing,"Dec 15, 2000 to Jan 5, 2005",['Winter 2001'],Unknown,"None found,","None found,","None found,",['Manga'],,,11 min. per ep.,PG - Children,[],#18178,#23287,129,0,,No synopsis information has been added to this title. Help improve our database by adding a synopsis here.,"['Sequel (TV) Geomjeong Gomusin 4', '']",Geomjeong Gomusin,['Kids'],,,
86,,ねんどのたたかい,Battle of Clay,,,,['ONA'],1,Finished Airing,"Jan 28, 2004",,,"None found,","None found,","None found,",Original,"['Action', 'Comedy']",,1 min.,PG - Children,3.38,#13828,#10112,"3,426",6,2323,Two little claymen get into a tussle after the red Akairo-kun plays a trick on the yellow Kiiro-kun while he is sharing a peaceful moment with a pig. [Written by MAL Rewrite],"['Sequel (ONA) Nendo no Tatakai 2', '']",Nendo no Tatakai,,,,
87,,ねんどのたたかい２,Battle of Clay 2,,,,['ONA'],1,Finished Airing,"Jan 21, 2004",,,"None found,","None found,","None found,",Original,"['Action', 'Comedy']",,1 min.,PG-13 - Teens 13 or older,3.25,#13839,#10826,"2,774",3,1864,"Two men are playing rock-paper-scissors, but this version has a painful twist: whoever loses the round will be whacked on the head with a mallet. A bowl will offer them protection from the blow but only if they are quick enough to grab it. Tension builds as the game begins. What will the outcome be? [Written by MAL Rewrite]","['Prequel (ONA) Nendo no Tatakai', '']",Nendo no Tatakai 2,,,,
88,,菅井君と家族石,Sguy and the Family Stone,,,,['ONA'],10,Finished Airing,Mar 2004 to ?,,,"None found,","None found,",['DLE'],Original,,,4 min. per ep.,None,[],#14611,#20778,243,0,,No synopsis information has been added to this title. Help improve our database by adding a synopsis here.,[],Sugai-kun to Kazoku Ishi,,,['Comedy'],
89,The Melancholy of the Legged Tank,装脚戦車の憂鬱,Two Legged Tank,,,,['ONA'],1,Finished Airing,"Mar 15, 2004",,,"None found,","None found,","None found,",Original,,"['Mecha', 'Military']",5 min.,PG-13 - Teens 13 or older,[],#14567,#22014,176,0,,"Armored tank. A walking combat vehicle equipped with a complex running device called ""lifting legs."" Although it has high rough terrain running performance, it cannot match combat vehicles of the same scale in terms of armor firepower due to structural limitations. Kuwai Valley, announcing the arrival of Senunkyu. Captain Sudo, commander of the Independent Legged Tank Company, was tasked with destroying an enemy tank that had turned into a pillbox. A roar with legs is now roaring across the deep mountain cliffs! (Source: Official Website, translated)",[],Sou Ashi Sensha no Yuuutsu,,,['Action'],
90,"Hunter x Hunter: G I Final, Hunter x Hunter OVA 3",HUNTER×HUNTER G・I Final,,,,,['OVA'],14,Finished Airing,"Mar 3, 2004 to Aug 18, 2004",,,"None found,","None found,",['Nippon Animation'],['Manga'],"['Action', 'Adventure', 'Fantasy']",,23 min. per ep.,PG-13 - Teens 13 or older,8.25,#333,#1643,"150,434",250,81047,"Continuing with their adventure at Greed Island, Gon and Killua train furiously under the guidance of Biscuit for better preparation at attempting the game. With their abilities vastly improving and the threat of player killers menacing Greed Island, Gon and company continue the game despite the dangers that they will face with the game activities and encounters with other players. Based on the manga by Togashi Yoshihiro.","['Prequel (OVA) Hunter x Hunter: Greed Island', 'Adaptation (Manga) Hunter x Hunter']",Hunter x Hunter: Greed Island Final,['Shounen'],,,
91,,ウルフズ・レイン,Wolf's Rain OVA,,,Wolf's Rain,['OVA'],4,Finished Airing,"Jan 23, 2004 to Feb 25, 2004",,,"['Bandai Visual', 'Victor Entertainment', 'Asatsu DK']","['Funimation', 'Bandai Entertainment']",['Bones'],Original,"['Action', 'Adventure', 'Drama', 'Fantasy']",,23 min. per ep.,PG-13 - Teens 13 or older,7.98,#698,#2733,"72,102",397,36407,"As the world accelerates toward its own destruction, Kiba and Cheza—with the help of Tsume, Hige, Toboe, and Blue—race to reach true paradise before the entire world is rendered uninhabitable. Now reunited, Cher and Hubb decide to accompany the wolves in hopes of seeing the journey through to its end, while a distraught and confused Quent wanders aimlessly into the wasteland with his mind fixated on revenge. Meanwhile, Lord Darcia the Third has finally put his plot into motion and pursues Cheza, pitting him against the pack. As everything falls apart yet simultaneously falls into place, the wolves struggle to survive in an increasingly dangerous environment. Though the end draws near, paradise seems further away than ever before. [Written by MAL Rewrite]","[""Prequel (TV) Wolf's Rain"", '']",Wolf's Rain OVA,,,,
92,"Sex Friend, Sex Friend",SEXFRIEND ～セックスフレンド～,Sexfriend,,,,['OVA'],2,Finished Airing,"Jan 22, 2004 to Apr 23, 2004",,,"['Green Bunny', 'Cosmic Ray']",['Media Blasters'],['Shinkuukan'],Visual novel,,,28 min. per ep.,Rx - Hentai,6.67,N/A,#5205,"19,477",118,9320,"Tomohiro Takabe is suprised one day when Mina Hayase tells him she wants to be more than a friend. Instead of being her boyfriend, Tomohiro is going to be her ""sexfriend"". With the help of the school nurse, the two spend their days in the nurses office. The two then decide to further their friendship by trying out some new ways. (Source: ANN)","['Adaptation (Light Novel) Sex Friend', '']",Sexfriend,,,['Hentai'],
93,,インタールード,Interlude,,,,['OVA'],3,Finished Airing,"Mar 25, 2004 to Aug 27, 2004",,,['Happinet Pictures'],['Geneon Entertainment USA'],['Toei Animation'],Visual novel,"['Adventure', 'Horror', 'Mystery']",,40 min. per ep.,R - 17+ (violence & profanity),6.34,#8055,#5721,"15,178",21,5517,"The unnamed main character has been having strange dreams, seeing strange things, and meeting strange people. He investigates these events and finds a strange girl named Aya. With her help, he discovers that his world may not in fact be real and many of the people he thinks he knows may not exist anymore. (Source: FUNimation)",[],Interlude,,,,
94,,ファントム THE ANIMATION,Phantom: The Animation,,,,['OVA'],3,Finished Airing,"Feb 27, 2004 to Nov 26, 2004",,,['KSS'],['Media Blasters'],['Arcs Create'],Visual novel,"['Action', 'Drama']",,28 min. per ep.,R - 17+ (violence & profanity),6.45,#7408,#5743,"15,048",16,6140,"Zwei was an ordinary person, until one day, while walking the streets a night, he witnessed a brutal assassination. He managed to avoid the sniper, a young girl named Ein, but was soon captured, and had the memories of his former life erased. He is spared death only by accepting a condition: to train to become an assassin alongside Ein. Now, he must find a way to free himself from this shady world and reclaim his life once again. (Source: ANN)",[],Phantom The Animation,,['Organized Crime'],,
95,,機動戦士ガンダムSEED MSV ASTRAY,Mobile Suit Gundam SEED MSV Astray,,,,['OVA'],2,Finished Airing,"Mar 1, 2004 to Jul 1, 2004",,,"None found,","None found,",['Sunrise'],Original,,"['Mecha', 'Military', 'Space']",5 min. per ep.,PG-13 - Teens 13 or older,6.31,#8184,#5915,"13,923",12,6420,"In the first short, Lowe Gear and the Junk Guild make a stop at an mobile suit parts auction on Earth where Lowe purchases a head taken from a modified BuCUE suit which, when attached to the arm of his Red Frame Astray, acts as a dual beam saber. Lowe tries to decrypt some combat data contained in the head, but is shortly engaged by, and goes into combat with, several ZAFT suits including a CGUE DEEP Arms. In the second short, Blue Frame pilot Gai Murakamo engages and, with the help of his fellow Serpent Tail mercenaries, traps a GINN High Mobility Type. He then faces off with the legendary Edward Harrelson, who pilots a Sword Calamity Gundam and has just finished destroying a fleet of ZAFT ships. (Source: ANN)","['Adaptation (Manga) Kidou Senshi Gundam SEED: Astray', '']",Kidou Senshi Gundam SEED MSV Astray,,,['Sci-Fi'],
96,,王ドロボウ JING in Seventh Heaven,Jing: King of Bandits - Seventh Heaven,,,,['OVA'],3,Finished Airing,"Jan 21, 2004 to Apr 28, 2004",,,['Aniplex'],"['ADV Films', 'Funimation']",['Studio Deen'],['Manga'],"['Adventure', 'Comedy', 'Fantasy']",,28 min. per ep.,PG-13 - Teens 13 or older,7.23,#3213,#5995,"13,421",25,5646,"Jing, the infamous King of Bandits, finds himself and his feathered partner Kir behind bars in Seventh Heaven, the most notorious prison complex in the world. There, they seek to steal the Dream Orb from the convict Campari. But before doing so, they must escape from the prison of dreams that Campari has conjured for them.","['Prequel (TV) Ou Dorobou Jing', 'Adaptation (Manga) Ou Dorobou Jing']",Ou Dorobou Jing in Seventh Heaven,['Shounen'],['Psychological'],,
97,Hyper Shinobi Animation: Shadow,影Shadow,Shadow,,,,['OVA'],4,Finished Airing,"Mar 26, 2004 to Dec 26, 2004",,,['Japan Home Video'],['Super Techno Arts'],['APPP'],Original,"['Action', 'Hentai']","['Gore', 'Historical', 'Martial Arts', 'Samurai']",29 min. per ep.,Rx - Hentai,6.28,N/A,#7637,"7,380",27,2214,"It is the peaceful Edo period in Japan, and ninjas are hardly needed anymore. Karyu, a particularly skilled ninja, is forced to do work as a hired killer. She is asked to kill a merchant, but when she gets there, she finds that his servant is actually a ninja, who is just as skilled as Karyu. Her name is Uzume. Karyu and Uzume then compete against eachother in a bloody battle for superiority. (Source: ANN)",[],Kage (OVA),,,,
98,Angelique OVA 4,オリジナルビデオアニメーション アンジェリーク,,,,,['OVA'],3,Finished Airing,"Mar 17, 2004 to Mar 23, 2005",,,['Koei'],"None found,",['Yumeta Company'],Visual novel,"['Drama', 'Fantasy', 'Romance', 'Sci-Fi']",,30 min. per ep.,PG-13 - Teens 13 or older,6.28,#8401,#7777,"7,066",14,2448,"Angelique Limoges and Rosalia de Catargena have been chosen as candidates in a Queen Examination - a test to see who is better qualified to be the next Queen of the cosmos. For this special examination, both girls are given their own continent on a planet. The girls must raise the continents into thriving civilizations and environments. Nine Guardians (who control various elements, such as fire, wind, and water) have been chosen to help the girls raise their continents during the Queen Examination. (Source: ANN)","['Sequel (OVA) Angelique: Shiroi Tsubasa no Memoire', 'Adaptation (Manga) Angelique']",Angelique,['Shoujo'],['Reverse Harem'],,
99,,アニメーション制作進行くろみちゃん 2,Animation Runner Kuromi 2,Animation Runner Kuromi 2,,,['OVA'],1,Finished Airing,"Jan 28, 2004",,,['DAX Production'],['Central Park Media'],['Yumeta Company'],Original,"['Comedy', 'Drama']","['Otaku Culture', 'Parody']",45 min.,PG-13 - Teens 13 or older,6.91,#4788,#7883,"6,836",3,3982,"After rookie producer Mikiko Oguro manages to guide her team through the production of the anime Time Journeys, the president of Studio Petit announces that the studio will be producing three different shows for the upcoming season. With Mikiko barely able to hold the tiny team together, the president calls in a veteran producer to ease the burden on her shoulders. However, when the new producer starts cutting corners in order to meet the strict deadlines, the team becomes jaded and wonder if they are working on a production they can truly be proud of. [Written by MAL Rewrite]","['Prequel (OVA) Animation Seisaku Shinkou Kuromi-chan', '']",Animation Seisaku Shinkou Kuromi-chan 2,,,,
100,Equation of the Immoral,淫の方程式,Immorality,,,,['OVA'],2,Finished Airing,"Mar 25, 2004 to Nov 25, 2004",,,"['Milky Animation Label', 'MS Pictures']",['JapanAnime'],['Piko Studio'],['Manga'],,,28 min. per ep.,Rx - Hentai,6.27,N/A,#8343,"5,952",33,2246,"Sayako is a new nurse at this certain school. She is what you call a diva: nice pretty face, slender body with the perfect curves and last but not least, very well-formed bust. But there is more to her than meets the eye. (Source: AniDB)","['Adaptation (Manga) Yoru no Houteishiki', '']",In no Houteishiki,,['School'],['Hentai'],
101,Wives Cosplay Cafe,人妻コスプレ喫茶,Cosplay Cafe,,,,['OVA'],2,Finished Airing,"Mar 25, 2004 to Aug 25, 2004",,,['Milky Animation Label'],['Media Blasters'],['Aiko'],Visual novel,,,26 min. per ep.,Rx - Hentai,5.98,N/A,#8524,"5,696",6,2004,"There's a coffee shop that attracts a lot of customers, but not because of the coffee, but because of the waitresses who are all married women wearing outfits that normal waitresses wouldn't wear. But the story focuses more on the love life of Asahina Tomoya who's the temporary owner of the coffee shop. (Source: AniDB)","['Adaptation (Light Novel) Hitozuma Cosplay Kissa', '']",Hitozuma Cosplay Kissa,,,['Hentai'],
102,Virgin in The School Uniform,制服処女 the Animation,,,,,['OVA'],2,Finished Airing,"Feb 27, 2004 to May 28, 2004",,,"['Pink Pineapple', 'Soft Garage']","None found,",['ORADA COMPANY'],['Manga'],,,28 min. per ep.,Rx - Hentai,6.21,N/A,#8722,"5,360",19,1740,"The anime itself depicts teen-aged (and well endowed) school girls getting raped—by her teachers (the first episode), by some ""businessmen"" who mistake the girl for a hooker (the second episode), by a class mate in mad love with the girl (third episode), and finally two sisters being raped by the school janitor. (Source: AniDB)",[],Seifuku Shojo The Animation,,,['Hentai'],
103,Variable Geo Neo: The Animation,V.G.NEO THE ANIMATION,Variable Geo Neo,,,,['OVA'],3,Finished Airing,"Feb 25, 2004 to Jan 25, 2005",,,"['Milky Animation Label', 'MS Pictures']",['Critical Mass Video'],['Studio Jam'],Visual novel,"['Action', 'Hentai']",,29 min. per ep.,Rx - Hentai,5.62,N/A,#9479,"4,179",3,1403,"""V.G. Neo"" is a legendary battle that has been held over several decades to find the strongest waitress. Asuka Yuu arranges with her brother-in-law to live with him and work in his cafe. Suddenly, the enormous debt she owes to her brother-in-law becomes too costly. In order to repay the money, she joins the ""Virgin Goodness League"" which is a battle of waitresses set on one of the most enormous luxury liners in the world. An unknown sponsor promises enormous prizes for victory, but the loser will have to bear the ultimate humiliation. The maidens who will change fate cannot lose these one on one matches or they will suffer the consequences. (Source: AnimeNfo)",[],V.G.Neo The Animation,,['Martial Arts'],,
104,Chobatsu Yobiko,懲罰予備校,Bondage 101,,,,['OVA'],2,Finished Airing,"Feb 13, 2004 to May 7, 2004",,,['Digital Works'],['Critical Mass Video'],['Y.O.U.C'],Visual novel,,,30 min. per ep.,Rx - Hentai,5.88,N/A,#9749,"3,856",5,1255,"To all observers, Ryuei College looks like a clean-cut, ivy-league school… but in reality, the school is hiding its true purpose: to produce perfect female sex slaves. Enter Kyoichi Shizuma. After being fired from his last job for molesting the students, Kyoichi has been hired as a professor at Ryuei College and given a single task: turn three of the school’s top female students into willing, luscious, and obedient sex slaves. When Kyoichi enthusiastically begins his new job, he discovers that his new students are going to be a handful. Yumiko, a gorgeous girl with glasses, knows all about the true nature of the college. She seems like the perfect, willing slave – but is she really? Then there’s the submissive and easily influenced Asuna. Beautiful as she may be, she never seems to be able to think for herself. But Kyoichi’s biggest problem is with the fiery and defiant freshman Tomo. When Tomo discovers the true nature of the school’s “education program,” she’s determined to fight to her last breath. Kyoichi may have thought this was going to be his dream job, but he’s about to discover that it’s anything but easy! (Source: Critical Mass Video)",[],Choubatsu Yobikou,,['School'],['Hentai'],
105,Tokyo University Story,東京大学物語,,,,,['OVA'],2,Finished Airing,"Feb 24, 2004 to Mar 24, 2004",,,['Shogakukan'],"None found,",['Shinkuukan'],['Manga'],"['Comedy', 'Drama', 'Romance', 'Ecchi']",,30 min. per ep.,R - 17+ (violence & profanity),4.79,#13440,#9768,"3,837",3,1466,"Murakami Naoki is the most intelligent student at his high school, but he can't stop obsessing over a girl named Mizuno Haruka. He finally asks her out, and to his surprise, she accepts. After several months of a loving yet obviously doomed romance, it comes time for them to take the entrance exams for Tokyo University. But what would happen to their relationship if only one of them was accepted. (Source: ANN)","['Adaptation (Manga) Tokyo Daigaku Monogatari', '']",Tokyo Daigaku Monogatari,,['School'],,
106,"Hijikata Toshizo: Shiru no Kiseki, Hijikata Toshizo Shiro no Kiseki, Hijikata Toshizo: The White Trail, Toshizo Hijikata: Cornerstone of Understanding",土方歳三　白の軌跡,,,,,['OVA'],1,Finished Airing,"Jan 12, 2004",,,"['Imagica', 'Beyond C.']","None found,",['Studio 4°C'],Original,"['Action', 'Drama']","['Historical', 'Samurai']",32 min.,PG-13 - Teens 13 or older,6.09,#9432,#10055,"3,494",6,1245,"A biographical sketch of the life and ideals of Hijikata Toshizou, Vice Commander of the Shinsengumi, fighting to uphold the Shogunate during the Meiji revolution. (Source: ANN)",[],Hijikata Toshizou: Shiro no Kiseki,,,,
107,"Judgment! XX Angel Rabbie, Divine Punishment: Angel Rabbie OVA, XX Angel Rabbie OVA",天罰エンジェルラビィ☆,,,,,['OVA'],1,Finished Airing,"Jan 23, 2004",,,"['AIC', 'Media Factory', 'Toshiba Entertainment', 'Omnibus Promotion']","None found,",['AIC Spirits'],Visual novel,"['Comedy', 'Sci-Fi']",,23 min.,PG-13 - Teens 13 or older,4.96,#13256,#10420,"3,118",1,1563,"In the far away future, the unison of witchcraft and science brought great changes to mankind. On the moon, the elite of magic and science has been gathered and the ""Magic Town Sorcerium"" built. Day by day, research is done and big wealth awarded to human race. However, this prosperity also brings with it a fight for those interests and leads finally to the ""Big Magic War"" between earth and moon, which causes the downfall of glory. The few surviving humans start to rebuild a new civilization. But forbidden arms (DNA -attackers and -changers) that were used in the big magic war left deep scars and several obscurities like giant creatures and others threaten the humans, being weak having lost all magic and science. Scared as they are, all they wish for is that this terror comes to an end. However, there is someone contrary to those terrors - ""Heaven"" sent ""Angels"", girls with special powers who are sent to various points in history to put things right. This thrilling story describes how the fighting girls protect humanity from terror. But despite the existence of them, the deep darkness is spreading. Lasty Farson, code name Angel Rabbie, is our clumsy and ever-hungry heroine. On her first day, she's late but when trouble strikes, she's sent from the station down to the planet and helps a group of villagers clear out a woman and her gang stealing food and treasure from the people. At the same time, she learns Lukia Shawl, a missing comrade it seems is somehow involved or at least up to something of her own (she'd been missing so long, she was presumed dead). (Source: The Smuggler)",[],Tenbatsu Angel Rabbie☆,,,,
108,,初恋,,,,,['OVA'],2,Finished Airing,"Feb 25, 2004 to Apr 25, 2004",,,['Lemon Heart'],"None found,",['Blue Note'],Visual novel,,,30 min. per ep.,Rx - Hentai,5.69,N/A,#10599,"2,959",1,806,"Based on a game by Runesoft. Hatsushima Minoru was a high school student, who goes to Seiou Kan Gakuen High school which located on the hill in a historical town. He spent a carefree campus lives with his friends. One day in spring, his boy and girl friends announced that they began to go out with each other. Until then, Minoru hadn't wanted to have a lover very much. But he found he yearned for their relations. After a while, when his little sister took him to the tennis mach, he met Sakurai Momoko who was his senior student. (Source: AnimeNfo)",[],Hatsukoi,,,['Hentai'],
109,"Mikagura Tanteidan - Katsudou Shashin, Mikagura Detective Agency",御神楽探偵団,,,,,['OVA'],3,Finished Airing,"Mar 26, 2004 to Sep 24, 2004",,,['Pink Pineapple'],"None found,","None found,",Visual novel,,,30 min. per ep.,Rx - Hentai,5.85,N/A,#11162,"2,499",5,740,"* Based on a game by ELF It was Taisho era. Mikagura Tokito was the director of a detective agency, which has solved a lot of cases. One day he disappeared involved in an accident.Tomoe, Shigeno, and Chizuru, who adored him, got anxious about him. Hearing that Shigeno's elder brother had seen him at a church in a foreign country, so they travelled there hoping to meet him again. However, it was a dead body of a priest in a church which they found there. Furthermore, they found his arms had been cut off from his body. Because they thought his death had something to do with Tokito's disappearance, they would investigate the case. Suddenly they were attacked by men. Being involved in danger, they tried to find Tokito but will they find him? (Source: AnimeNfo)",[],Mikagura Tanteidan,,,['Hentai'],
110,"Shadow Skill: Kuruda-ryu Kousatsu-hou no Himitsu, Shadow Skill: Secret of the Kurudan Style, Shadow Skill 3",SHADOW SKILL ～クルダ流交殺法の秘密～,,,,,['OVA'],1,Finished Airing,"Feb 10, 2004",,,"None found,","None found,","None found,",['Manga'],"['Action', 'Adventure', 'Drama', 'Fantasy']","['Martial Arts', 'Super Power']",1 hr.,PG-13 - Teens 13 or older,5.80,#10934,#11168,"2,496",4,810,"The story takes place in warrior kingdom where a deadly martial art called Shadow Skill is practiced to defend the continued existence of the kingdom. Dreaming of becoming an invincible warrior one day, like the legendary warrior named Scar Face who has defeated 2,000 opponents, the boy named Cau Ban trains hard with his older adopted sister Elle who has mastered Shadow Skill. A deadly combat breaks out when a rouge pack of intruders suddenly assaults the castle to steal a box that contains a secret... (Source: ANN)","['Adaptation (Manga) Shadow Skill', '']",Shadow Skill: Kurudaryuu Kousatsuhou no Himitsu,['Shounen'],,,
111,"Yuki Yoru Ichiya Monogatari, Inyoku Emaki Yuki Yo ni Hime wa Okasareru",雪夜一夜物語,Snow Night Stories,,,,['OVA'],3,Finished Airing,"Mar 18, 2004 to Jul 29, 2005",,,['ChiChinoya'],"None found,",['Schoolzone'],Original,,,15 min. per ep.,Rx - Hentai,5.73,N/A,#11396,"2,339",2,859,"This three episode hentai centers around three love stories. Thief: A young woman wed to a much older man, he couldn't unsatisf her because he finished too fast, one day he leaves to sell some goods, and a Theif enters. Female Pervert Warrior: During the feudal war era, one small country collapsed. While most of the royal family and relatives were killed, the princess and Shingo, her vassal, escaped. But a harsh fate was waiting for the princess. Disgraced Bride: Once upon a time, a clan lord was betrothed to and fell in love with a princess. Her beauty made him speechless, and she always looked so happy. However, the lord's ''affection'' for princess Chiho became stronger every day, and she lives like a bird in a cage, constantly receiving the lord's hard love. (Source: ANN)",[],Yukiyo Ichiya Monogatari,,['Historical'],['Hentai'],
112,,河原崎家の一族2,Kawarazaki-ke no Ichizoku 2,,,,['OVA'],4,Finished Airing,"Jan 23, 2004 to Aug 27, 2004",,,['Pink Pineapple'],"None found,",['Arms'],Visual novel,,,28 min. per ep.,Rx - Hentai,5.52,N/A,#11485,"2,276",2,725,"The continuation of the first OVAs, just with a little twists in the main story line, but it refains the same as the first one. (Source: ANN)","['Prequel (OVA) Kawarazaki-ke no Ichizoku The Animation', '']",Kawarazaki-ke no Ichizoku 2,,,['Hentai'],
113,"Detective Goddess, Megami Tantei",真版女神探偵 VINUS FILE,The Venus Files,Venus File,,,['OVA'],2,Finished Airing,"Feb 27, 2004 to Aug 27, 2004",,,['Shinkuukan'],"['NuTech Digital', 'Critical Mass Video']","None found,",['Manga'],,,29 min. per ep.,Rx - Hentai,5.84,N/A,#11792,"2,076",5,714,"Karen and Rio, members of the Goddess Investigation Agency take it upon themselves to expose the underground organization of rapists and sex traffickers responsible for the murder of Rio's younger sister Aya. With the help of their young apprentice detective Masafumi, the pair follow the trail of trademark narcotics used by the organization, battling not only those they set out to apprehend, but their own demons in the process.","['Prequel (OVA) Megami Tantei Vinus File', '']",Shin-ban Megami Tantei Vinus File,,,['Hentai'],
114,Big Yamato,大ヤマト零号,Great Yamato No. 0,,,,['OVA'],5,Finished Airing,"Mar 31, 2004 to Jun 15, 2007",,,"None found,","None found,",['JCF'],Original,,"['Adult Cast', 'Space']",41 min. per ep.,PG-13 - Teens 13 or older,5.74,#11206,#11926,"1,991",1,601,"In the galactic group there are more than 100,000,000,000 galaxies, and the Milky Way galaxy, the one which includes Earth's solar system, is only one of these... one of many in the immensity of outer space. This story starts in the year 3199, when a mighty enemy attacks the Milky Way from a neighbouring galaxy. The enemy engages the combined forces of the Milky Way, an Alliance of many stellar nations, and defeats them one after another. The remaining Milky Way Alliance forces are reduced to just six fleets. After the Alliance headquarters is destroyed, and when the collapse of the central Milky Way Alliance is imminent, the Great Yamato ""Zero"" surprises everyone and embarks on a mission to assist the Milky Way Alliance in one last great battle.",[],Dai Yamato Zero-gou,,,['Sci-Fi'],
115,,女教師 ―肉体授業―,,,,,['OVA'],2,Finished Airing,"Feb 2, 2004 to Apr 21, 2004",,,['Japan Home Video'],"None found,",['Shura'],Visual novel,,,27 min. per ep.,Rx - Hentai,5.42,N/A,#12316,"1,752",2,528,No synopsis information has been added to this title. Help improve our database by adding a synopsis here.,[],Onna Kyoushi: Nikutai Jugyou,,['School'],['Hentai'],
116,,Princess Holiday ～転がるりんご亭千夜一夜～,,,,,['OVA'],2,Finished Airing,"Mar 25, 2004 to May 25, 2004",,,['Lemon Heart'],"None found,",['Datama Film'],Visual novel,"['Fantasy', 'Hentai']",,28 min. per ep.,Rx - Hentai,5.37,N/A,#12325,"1,747",2,584,"The storyline revolves around a princess that has returned after 3 years, and a hero that is given the burden to protect the girls (both the princess and the younger sister). (Source: ANN)","['Adaptation (Light Novel) Princess Holiday: Korogaru Ringotei Senya Ichiya', '']",Princess Holiday: Korogaru Ringo Tei Senya Ichiya,,,,
117,"Hamtaro OVA 3, Tottoko Hamutarou: Hamuchanzu to Niji no Kuni no Oujisama, Hamtaro: Rainbow Rescue",ハムちゃんずと虹の国の王子さま 〜せかいでいちばんのたからもの〜,,,,,['OVA'],1,Finished Airing,"Mar 24, 2004",,,"None found,","None found,",['TMS Entertainment'],Unknown,"['Adventure', 'Comedy']",,45 min.,G - All Ages,6.21,#8803,#12664,"1,569",1,492,"Based on the third Hamtaro game (fourth in Japan), Prince Bo falls from the sky when the rainbow disappears. Now Hamtaro and the Ham-Hams must help him bring back the rainbow. (Source: Wikipedia)","['Prequel (OVA) Tottoko Hamtarou OVA 2: Hamuchanzu no Takara Sagashi Daisaku - Hamuha! Suteki na Umi no Natsuyasumi', 'Sequel (OVA) Tottoko Hamtarou OVA 4: Hamuchanzu no Mezase! Hamuhamu Kin Medal - Hashire! Hashire! Daisakusen']",Tottoko Hamtarou OVA 3: Hamuchanzu to Niji no Kuni no Oujisama - Sekai de Ichiban no Takaramono,['Kids'],,,
118,"Tenshi no Shippo Chu!: Omnibus Tenshi no Utagoe, The Angel's Singing Voice, Tenshi no Shippo Chu Special, Angel Tales Chu Special, Angel Tales Chu! Special, Tenshi no Shippo 2 Special, Tail of Angels Chu! Special",天使のしっぽＣｈｕ！ ~総集編~ 天使の歌声 (うたごえ),,,,,['OVA'],1,Finished Airing,"Jan 22, 2004",,,['Bandai Visual'],"None found,",['Tokyo Kids'],Unknown,"['Fantasy', 'Romance']",,25 min.,PG-13 - Teens 13 or older,6.06,#9634,#14732,887,0,264,This special is a compilation video of the whole season in which each girl has a her own individual song sung by her respective voice actress. It highlights her story and there is a karaoke text frame on the bottom for the watcher to sing-a-long.,[],Tenshi no Shippo Chu!: Tenshi no Utagoe,,,,
119,,フイチンさん,,,,,['OVA'],1,Finished Airing,"Mar 20, 2004",,,"None found,","None found,",['Animaruya'],['Manga'],,,1 hr.,G - All Ages,6.15,#9084,#16620,548,0,193,Based on Ueda Toshiko's shoujo manga.,[],Fuichin-san,['Shoujo'],['Historical'],['Drama'],
120,,あした・きらりん,,,,,['OVA'],1,Finished Airing,"Mar 26, 2004",,,"None found,","None found,",['Animation Staff Room'],Original,,,26 min.,G - All Ages,5.88,#10514,#17216,485,1,114,"Ayako suffers from autism, and all kids in the class mock her except for Yuri - the only girl who shows some kindness towards her. Greatly appreciating that, Ayako gives Yuri a present - a beaded bracelet. Later, the school is preparing for the summer cultural festival, and Ayako's present inspires Yuri with an idea to make a decoration for one of the school's exterior walls - a giant picture made of ropes beaded with empty cans of different colours. All kids including Ayako then gather empty cans from all around the city and start creating the picture. However, the day before the festival is scheduled to open a typhoon hits the city, threatening to ruin the kids' hard work. (Source: AniDB)",[],Ashita Kirarin,['Kids'],,['Drama'],
121,,花と少年,The Flower and the Phoenix,,,,['OVA'],1,Finished Airing,"Jan 1, 2004",,,['Shinano Kikaku'],"None found,",['Toei Animation'],Unknown,,,25 min.,G - All Ages,5.44,#12311,#18966,349,0,117,Yuji and Koichi set off on a journey to find a rare bamboo flower for a school project. In the forest they encounter a legendary phoenix who asks for their help to save the forest.,[],Hana to Shounen,,,['Fantasy'],
122,,キティとダニエルのおどるサンタさんのひみつ,,,,,['OVA'],1,Finished Airing,"Jan 1, 2004",,,['Sanrio'],"None found,","None found,",Original,,,18 min.,G - All Ages,[],#19463,#19460,317,0,,Kitty is spending Christmas Eve with Grandpa Anthony and Grandma Margaret. Daniel is joining but he's really jittery and the only solution comes from Santa-san.,[],Kitty to Daniel no Odoru Santa-san no Himitsu,['Kids'],,['Fantasy'],
123,,盲導犬クイールの一生,,,,,['OVA'],1,Finished Airing,"Mar 13, 2004",,,"None found,","None found,","None found,",Unknown,,,25 min.,G - All Ages,[],#20447,#19611,308,0,,"A biographical anime about Quill, a real life guide dog.",[],Moudouken Quill no Isshou,,['Pets'],['Drama'],
124,Koukaku Kidoutai 2: Innocence,イノセンス,Ghost in the Shell 2: Innocence,Ghost in the Shell 2: Innocence,Ghost in the Shell 2: Innocence,Ghost in The Shell 2: Innocence,['Movie'],1,Finished Airing,"Mar 6, 2004",,,"['Bandai Visual', 'Dentsu', 'Kodansha', 'd-rights', 'Tokuma Shoten', 'Nippon Television Network']","['Funimation', 'Bandai Entertainment', 'GKIDS']",['Production I.G'],['Manga'],"['Action', 'Award Winning', 'Mystery', 'Sci-Fi', 'Suspense']","['Adult Cast', 'Detective', 'Mecha', 'Military', 'Psychological']",1 hr. 39 min.,R - 17+ (violence & profanity),7.78,#1098,#1497,"169,795","1,085",90611,"With Major Motoko Kusanagi missing, Section 9's Batou is assigned to investigate a string of gruesome murders—seemingly at the hands of faulty gynoids, or sex robots. But when a faulty gynoid leaves Batou a cryptic message, he begins to question the cause of their malfunctions. Suspicions of politically motivated murder and an illegal ""ghost"" quickly crop up, drawing Batou and his partner Togusa into a perilous web of conspiracy. As their investigation goes on, the line between man and machine continues to blur, and reality and perception become indistinguishable. Confronting strange and dangerous foes, Batou and Togusa explore a futuristic world filled with machines and living dolls but utterly devoid of humanity. [Written by MAL Rewrite]","['Prequel (Movie) Koukaku Kidoutai', '']",Innocence,['Seinen'],,,
125,,デッド　リーブス,Dead Leaves,,,Dead leaves,['Movie'],1,Finished Airing,"Jan 16, 2004",,,"None found,",['Manga Entertainment'],['Production I.G'],Original,"['Action', 'Comedy', 'Sci-Fi']","['Gore', 'Super Power']",52 min.,R+ - Mild Nudity,7.20,#3352,#2259,"97,902",689,43217,"Shortly after waking up in an unknown street with no clothes or memories, Retro and Pandy team up and begin a life of thrill chasing and violence. Retro's wild antics and Pandy's carefree personality make them the perfect partners in crime to cause mayhem wherever they strike. When an accidental mistake lands them behind bars, Retro and Pandy are sent to Dead Leaves—a high-security prison on the Moon. Once there, they soon discover that the other inmates are clones, all products of genetic mutation experiments. With nothing better to do, they escape from their cell and lead a prison break with the other captives. Armed with a crew of mutants and a hunger for havoc, the chaotic duo begins their wacky escape. [Written by MAL Rewrite]",[],Dead Leaves,,,,
126,,ワンピース呪われた聖剣,One Piece: The Curse of the Sacred Sword,One Piece Film 5: Der Fluch des heiligen Schwerts,One Piece Película 5: La Maldición de la Espada Sagrada,One Piece Film 5: La Malédiction de L'épée Sacrée,['Movie'],1,Finished Airing,"Mar 6, 2004",,,"None found,","None found,",['Toei Animation'],['Manga'],"['Action', 'Adventure', 'Fantasy']",,1 hr. 35 min.,PG-13 - Teens 13 or older,7.10,#3918,#2388,"88,982",38,49846,"Luffy and crew go to an island searching for a legendary sword, said to be the most expensive in the world. Soon attacking marines and beautiful maidens split the crew. Zoro betrays the crew to help an old friend, Luffy and Usopp wander through a cave, and the rest help a village fight marines. When Zoro defeats Sanji he takes the sacred pearls that are the only defense against the evil sword that will plunge the world into darkness. (Source: ANN)",[],One Piece Movie 05: Norowareta Seiken,['Shounen'],,,
127,,ワンピース めざせ！海賊野球王,One Piece: Take Aim! The Pirate Baseball King,,,,['Movie'],1,Finished Airing,"Mar 6, 2004",,,"None found,","None found,",['Toei Animation'],['Manga'],"['Comedy', 'Fantasy', 'Sports']",,5 min.,PG-13 - Teens 13 or older,6.95,#4608,#3840,"38,396",14,20110,Luffy and crew takes on Arlong's crew in baseball. Announced by Bon Clay and Buggy. (Source: ANN),[],One Piece: Mezase! Kaizoku Yakyuu Ou,['Shounen'],['Team Sports'],,
128,,聖闘士星矢 天界編 序奏 ~overture~,Saint Seiya: The Heaven Chapter - Overture,,Saint Seiya Película 5: Los Caballeros del Zodiaco: Capítulo del Cielo - Overture.,Saint Seiya Film 5: Les Chevaliers du Zodiaque: Chapitre du Monde Céleste - Ouverture,['Movie'],1,Finished Airing,"Feb 14, 2004",,,['Shueisha'],"None found,",['Toei Animation'],['Manga'],"['Action', 'Adventure', 'Fantasy', 'Sci-Fi']",,1 hr. 20 min.,PG-13 - Teens 13 or older,7.21,#3302,#4638,"25,578",65,14927,"After the Saints' victory against Hades, Seiya is left wounded and motionless in a wheel chair with no possible chance of recovery. Athena's sister Artemis, the Virgin Goddess of the Moon and twin sister of Apollo, makes an elaborate proposal - to restore Seiya's physical health in exchange for the supremacy of Sanctuary. Athena accepts and Artemis and her ""Knights of the Sky"" swiftly take control of Sanctuary. Now Seiya and his fellow Bronze Saints combat the forces of Zeus to regain their homeland but it will not be so easy. Bronze Saints Hydra Ichi and Unicorn Jabu, and Silver Saint Ophiuchus Shaina have join forces with Artemis and Apollo. (Source: ANN)","['Prequel (OVA) Saint Seiya: Meiou Hades Elysion-hen', 'Sequel (TV) Saint Seiya Omega']",Saint Seiya: Tenkai-hen Josou - Overture,['Shounen'],['Mythology'],,
129,Nitaboh: Tsugaru Shamisen Shiso Gaibun,NITABOH 仁太坊―津軽三味線始祖外聞,,,,,['Movie'],1,Finished Airing,"Feb 21, 2004",,,"None found,","None found,",['WAO World'],Other,,"['Historical', 'Music']",1 hr. 39 min.,PG - Children,7.27,#2975,#6740,"10,109",19,3560,"At a young age, Nitaroh is stricken with an illness that leaves him blind. He inherits the shamisen once used by his mother and is taught its basics by a blind traveling shamisen player. In time, with the help of friends old and new, he walks the paths that leads to his ultimate fate—that of founder of the Tsugaru style of shamisen playing. (Source: ANN)",[],Nitaboh,,,,
130,Doraemon: Nobita's Wannyan Space-Time Legend,映画 ドラえもん のび太のワンニャン時空伝,Doraemon the Movie: Nobita in the Wan-Nyan Spacetime Odyssey,,Doraemon Película 25: Doraemon y la Leyenda del Espacio Tiempo,,['Movie'],1,Finished Airing,"Mar 6, 2004",,,"None found,","None found,",['Shin-Ei Animation'],Unknown,"['Adventure', 'Comedy', 'Sci-Fi']",,1 hr. 20 min.,PG - Children,7.38,#2447,#6894,"9,547",10,6097,"One day, Nobita finds a stray dog drowning in a river while playing by the river side. Feeling sorry for the dog, he decides to take it home by hiding it in a ""kennel on the wall"" and names it Ichi (originated from ""One"", which sounds similar to ""wan"", the sound a dog makes according to the Japanese language), and secretly feeds it and plays with Ichi with his Kendama to find. Soon after, he also adopts a stray cat named Zubu (or wet in Japanese, due to the discovery of it in a rainstorm)... and many other stray cats and dogs. With so many stray cats and dogs, Nobita, along with his friends, decide to send them back in time, 300 million years ago, where there was no other living beings around. After using the Ray of Evolution to allow them to operate a food-making machine, they depart, with a promise to return to the present. However, when they try to visit them the next day (from their point of view), they encountered a time-space anomaly, sending them crash landing 1,000 years before their original time-destination— to their surprise, They found out the dogs and cats have evolved enough to form a civilized society that rivaled those of Future Society. As the time machine is broken, they try to find help to repair it so they can continue their chrono-journey, only to learn of a bigger issue — a cluster of asteroids are going to Collide with Earth. Will Nobita finally reunite with Ichi, as he promised? More over, what's with Hachi, a dog who resembles Ichi greatly? The 300 million years of time and space adventure begins. (Source: Wikipedia)","['Adaptation (Manga) Daichouhen Doraemon', '']",Doraemon Movie 25: Nobita no Wan Nyan Jikuuden,['Kids'],,,
131,"Tetsuwan Atom: The Glorious Earth, Astro Boy: Kagayakeru Chikyuu, Astro Boy: The Glorious Earth",Tetsuwan Atom 鉄腕アトム 特別編: 輝ける地球 ~あなたは青く、美しい...~,,,,,['Movie'],1,Finished Airing,"Feb 7, 2004",,,['Tezuka Productions'],"None found,","None found,",Unknown,,,20 min.,G - All Ages,6.09,#9466,#13153,"1,357",0,337,Another Tetsuwan Atom Movie that was shown in the Tezuka Osamu World Cinema in Tokyo until it was closed in 2011. (Source: AniDB),[],"Tetsuwan Atom: Kagayakeru Hoshi - Anata wa Aoku, Utsukushii...",,,['Sci-Fi'],
132,,ドラえもんアニバーサリー25,Doraemon the Movie 25th Anniversary,,,,['Movie'],1,Finished Airing,"Mar 6, 2004",,,"None found,","None found,",['Shin-Ei Animation'],['Manga'],"['Comedy', 'Sci-Fi']",,4 min.,G - All Ages,6.30,#8244,#13466,"1,245",2,501,"A short film screened simultaneously with Doraemon Movie 25: Nobita no Wan Nyan Jikuuden and Pa-Pa-Pa the ★ Movie: Perman - Tako de Pon! Ashi wa Pon!. It reflects on the history of the previous Doraemon films as well as introduces the characters (as well as characters from F. Fujio Fujiko's other works, not just Doraemon-exclusive ones).","['Adaptation (Manga) Doraemon', '']",Doraemon Anniversary 25,,,,"['Kids', 'Shounen']"
133,,Pa-Pa-Pa ザ★ムービー パーマン タコDEポン! アシHAポン!,,,,,['Movie'],1,Finished Airing,"Mar 6, 2004",,,"None found,","None found,",['Shin-Ei Animation'],Unknown,"['Adventure', 'Comedy']",,32 min.,PG - Children,6.45,#7407,#15384,726,0,279,"Dr. Octo who researches octopodes decides to take over the world as he deems the eight legged creatures a more suitable master species than humans. To do this, he takes an idol singer Sumire Hoshino (aka Perman #3) hostage. Mitsuo Suwa (aka Perman #1) likes the idol dearly (as he doesn't know the real identity of his Perman partner) and becomes so angry that he transforms to go rescue her. But fighting a giant octopus is more challenging than it looks! Screened simultaneously with Doraemon Movie 25: Nobita no Wan Nyan Jikuudeni and Doraemon Anniversary 25.",[],Pa-Pa-Pa the ★ Movie: Perman - Tako de Pon! Ashi wa Pon!,['Kids'],['Super Power'],,
134,,蝴蝶夢：梁山伯與祝英台,The Butterfly Lovers: Leon and Jo,,,,['Movie'],1,Finished Airing,"Jan 22, 2004",,,"None found,","None found,","None found,",Other,"['Drama', 'Romance']",,1 hr. 35 min.,G - All Ages,[],#18768,#22904,141,0,,"The Butterfly Lovers is an animated re-telling of the classical Chinese story of two lovers, Liang Shanbo and Zhu Yingtai. (Source: IMDB)",[],Hudie Meng: Liang Shan Bo yu Zhu Ying Tai,,['Historical'],,
135,Hikaru no Go: Journey to the North Star Cup,ヒカルの碁 北斗杯への道,,,,,['Special'],1,Finished Airing,"Jan 3, 2004",,,['Dentsu'],"None found,",['Pierrot'],['Manga'],,,1 hr. 17 min.,PG-13 - Teens 13 or older,7.93,#777,#4704,"24,766",40,13163,"Hikaru is given a phone call asking him to appear in the Japan/China/Korea Junior's Tournament but he finds out he will have to take place in a preliminary tournament to choose Japan's three contestants. Upon discussing this with Akira, he discovers that Akira has already been chosen for the tournament and will not be taking place in the preliminaries. Hikaru then decides not to visit Akira's Go Salon until he takes his place on the team with Akira. That may be tougher than originally planned, as not only does Hikaru have to battle with old friends for one of two coveted spots, but he may have a new challenger, in a promising player from the Kansai Go Institute. (Source: ANN)","['Prequel (TV) Hikaru no Go', 'Adaptation (Manga) Hikaru no Go']",Hikaru no Go: Hokuto Hai e no Michi,['Shounen'],['Strategy Game'],,
136,,機動戦士ガンダムSEED 星のはざまで,Mobile Suit Gundam SEED: After-Phase Between the Stars,,,,['Special'],1,Finished Airing,"Mar 26, 2004",,,"None found,",['Nozomi Entertainment'],['Sunrise'],Original,"['Action', 'Drama', 'Sci-Fi']",,5 min.,PG-13 - Teens 13 or older,6.96,#4558,#5459,"17,102",7,8629,"As the war between ZAFT's Coordinators and Earth's Naturals comes to a close, the survivors of the conflict recuperate. Some of these veterans heal with the aid of loved ones, and others choose to recover in isolation, reflecting on their losses and the friends no longer with them. In this epilogue to the hardships of Kira Yamato and Athrun Zala, the heroes come to terms with their roles in the recent war and prepare for adventures yet to come. [Written by MAL Rewrite]","['Prequel (TV) Kidou Senshi Gundam SEED', 'Sequel (TV) Kidou Senshi Gundam SEED Destiny']",Kidou Senshi Gundam SEED: Hoshi no Hazama de,,['Mecha'],,
137,Ghost in the Shell: Stand Alone Complex - Tachikoma Fan Disc Specials,ファンディスク 攻殻機動隊 STAND ALONE COMPLEX-インターバル-,Ghost in the Shell: Stand Alone Complex: Tachikomatic Days Fan Disc,,,,['Special'],3,Finished Airing,"Feb 25, 2004",,,"None found,","None found,",['Production I.G'],Unknown,"['Comedy', 'Sci-Fi']",,1 min. per ep.,G - All Ages,6.34,#8009,#8102,"6,385",1,1517,Tachikomatic Days shorts released on a fan disc compilation. Later re-released on a BD box with all the Tachikoma shorts.,[],Koukaku Kidoutai: Stand Alone Complex - Tachikoma na Hibi - Interval,,['Mecha'],,
138,"RahXephon Episode 9.5, RahXephon Special",ラーゼフォン 特別編集版 翼の記憶 -Memory-,,,,,['TV Special'],1,Finished Airing,"Apr 9, 2002",,,"None found,",['Sentai Filmworks'],['Bones'],Original,"['Action', 'Drama', 'Mystery', 'Romance', 'Sci-Fi']","['Mecha', 'Music']",35 min.,PG-13 - Teens 13 or older,6.37,#7844,#9405,"4,281",0,1283,Recap TV Special for the series RahXephon.,[],RahXephon: Tsubasa no Kioku - Memory,,,,
139,,ジョジョの奇妙な冒険 ファントム ブラッド,JoJo's Bizarre Adventure: Phantom Blood Pilot,,,,['Special'],1,Finished Airing,"Mar 28, 2004",,,['KlockWorx'],"None found,",['APPP'],['Manga'],"['Action', 'Supernatural']",,2 min.,R - 17+ (violence & profanity),6.66,#6123,#9579,"4,057",11,1520,"A 2-minute animated video highlighting key points in the battle between the courageous Jonathan Joestar and his adoptive brother Dio Brando, who has turned into a powerful vampire.","['Adaptation (Manga) JoJo no Kimyou na Bouken Part 1: Phantom Blood', '']",JoJo no Kimyou na Bouken: Phantom Blood Pilot,['Shounen'],['Vampire'],,
140,"Scientific Boys Club, China-san: Specials, Shrinking of Miss China, Planet of Miss China, Sake Cup of Miss China, Drinking of Miss China",チャイナさん 短編集,Spirit of Wonder: China-san Short Stories,,,,['Special'],3,Finished Airing,"Jan 25, 2001 to Jan 23, 2004",,,['Toshiba EMI'],"None found,",['Ajia-do'],['Manga'],"['Comedy', 'Sci-Fi']",,13 min. per ep.,R+ - Mild Nudity,6.58,#6589,#10366,"3,162",4,1073,Three short stories featuring China-san.,[],Spirit of Wonder: China-san Tanpenshuu,['Seinen'],,,
141,,クレヨンしんちゃん Specials,,,,,['Special'],Unknown,Currently Airing,"Dec 28, 1992 to ?",,,"None found,","None found,",['Shin-Ei Animation'],['Manga'],"['Comedy', 'Ecchi']",,48 min.,G - All Ages,[],#17447,#15453,712,2,,"87 Crayon Shin-chan TV Specials exist as of August 6, 2022.",[],Crayon Shin-chan Specials,['Seinen'],['School'],,
142,,SHIDEN,,,,,['Special'],1,Finished Airing,"Mar 25, 2004",,,"None found,","None found,","None found,",Original,,,23 min.,PG-13 - Teens 13 or older,5.48,#12168,#18371,394,0,119,"Described as a ""modern car racing anime for tween and teen audiences."" Though intended to be a television series, several problems led to the project's cancellation after the creation of a 30-minute pilot. The single episode was presented at the 2004 Tokyo Anime Fair. (Source: ANN)",[],Shiden Pilot,,['Racing'],['Action'],
