,Japanese,English,Type,Episodes,Status,Aired,Premiered,Broadcast,Producers,Licensors,Studios,Source,Genres,Themes,Duration,Rating,Score,Ranked,Popularity,Members,Favorites,Scorers,Synopsis,Related_Entries,Title,Synonyms,Genre,Demographic,French,Theme,Demographics,German,Spanish
0,バッカーノ！,Baccano!,['TV'],13,Finished Airing,"Jul 27, 2007 to Nov 2, 2007",['Summer 2007'],Fridays at 00:30 (JST),"['Aniplex', 'Movic']","['Funimation', 'Aniplex of America']","[""Brain's Base""]",['Light novel'],"['Action', 'Mystery', 'Supernatural']","['Adult Cast', 'Historical', 'Organized Crime']",24 min. per ep.,R - 17+ (violence & profanity),8.35,#233,#196,"930,534","23,510",390214,"During the early 1930s in Chicago, the transcontinental train, Flying Pussyfoot, is starting its legendary journey that will leave a trail of blood all over the country. At the same time in New York, the ambitious scientist Szilard and his unwilling aide Ennis are looking for missing bottles of the immortality elixir. In addition, a war between the mafia groups is getting worse. On board the Advena Avis, in 1711, alchemists are about to learn the price of immortality. Based on the award-winning light novels of the same name, Baccano! follows several events that initially seem unrelated, both in time and place, but are part of a much bigger story—one of alchemy, survival, and immortality. Merging these events together are the kindhearted would-be thieves, Isaac and Miria, connecting various people, all of them with their own hidden ambitions and agendas, and creating lifelong bonds and consequences for everyone involved. [Written by MAL Rewrite]","['Sequel (Special) Baccano! Specials', 'Adaptation (Manga) Baccano! 1931 The Grand Punk Railroad', 'Adaptation (Manga) Baccano! Read Manga', 'Adaptation (Light Novel) Baccano! Read LN']",Baccano!,,,,,,,,
1,スクールデイズ,School Days,['TV'],12,Finished Airing,"Jul 4, 2007 to Sep 27, 2007",['Summer 2007'],Wednesdays at 02:15 (JST),"['Avex Entertainment', 'Marvelous Entertainment', 'Lantis', 'Pony Canyon']",['Discotek Media'],['TNK'],Visual novel,"['Drama', 'Romance']","['Harem', 'School']",24 min. per ep.,R+ - Mild Nudity,5.51,#12078,#319,"686,273","3,443",408645,"High school student Makoto Itou first notices Kotonoha Katsura at the start of his second semester, freshman year. Immediately, he becomes entranced by her beauty, but his bashfulness doesn't allow him to approach her, even though they ride the same train every day. Instead, he snaps a photo of her in secret and sets it as his cell phone's wallpaper: a charm that, if kept under wraps, would supposedly help you realize your love. However, classmate Sekai Saionji spots the picture, but instead of ratting him out, she offers to help set him up with Kotonoha—going so far as befriending her just for him. Thus, the trio begins a rather impromptu friendship. School Days follows the lives of these three teenagers as they traverse the joys and hardships that come with being a high schooler. In a story alive and brimming with romance and melancholy, the tale of these three students will linger in memory long after the momentous conclusion. [Written by MAL Rewrite]","['Adaptation (Manga) School Days', '']",School Days,,,,,,,,
2,ゼロの使い魔 ～双月の騎士～,The Familiar of Zero: Knight of the Twin Moons,['TV'],12,Finished Airing,"Jul 9, 2007 to Sep 24, 2007",['Summer 2007'],Mondays at 00:30 (JST),"['Genco', 'Media Factory', 'Shochiku', 'Happinet Pictures']",['Sentai Filmworks'],['J.C.Staff'],['Light novel'],"['Action', 'Adventure', 'Comedy', 'Fantasy', 'Romance', 'Ecchi']","['Harem', 'Isekai', 'School']",23 min. per ep.,PG-13 - Teens 13 or older,7.39,#2431,#458,"516,686","1,278",315064,"Revered as heroes for their role in defending Tristain, Louise Françoise and her familiar Saito Hiraga face heavy pressure to continue protecting the Kingdom. With an uneasy peace now established within Albion, the newly crowned Queen Henrietta must deal with a political struggle brewing on the horizon. To make matters worse, a new villain has begun plotting in the shadows against the Crown. With the continuing threats that face the Kingdom, Louise and Saito are compelled to work together once more. No longer ""Louise the Zero,"" the young mage's newfound aptitude for Void magic gives her enough power to wipe out an entire village; however, wielding these abilities comes with its share of challenges. As more conflicts arise, the idea of placing honor above oneself is put into question—regardless of their answer, their only choice is to see it through until the end. [Written by MAL Rewrite]","['Prequel (TV) Zero no Tsukaima', 'Sequel (TV) Zero no Tsukaima: Princesses no Rondo', 'Adaptation (Manga) Zero no Tsukaima', 'Adaptation (Manga) Zero no Tsukaima Chevalier']",Zero no Tsukaima: Futatsuki no Kishi,"Zero's Familiar 2nd Series, Zero no Tsukaima S2, The Familiar of Zero: The Rider of the Twin Moons",,,,,,,
3,ひぐらしのなく頃に解,Higurashi: When They Cry – Kai,['TV'],24,Finished Airing,"Jul 6, 2007 to Dec 18, 2007",['Summer 2007'],Fridays at 02:30 (JST),"['Frontier Works', 'Sotsu', 'Movic']",['Sentai Filmworks'],['Studio Deen'],Visual novel,"['Horror', 'Mystery', 'Suspense']","['Gore', 'Psychological']",24 min. per ep.,R - 17+ (violence & profanity),8.16,#456,#486,"492,853","7,514",260306,"In the small village of Hinamizawa, Rika Furude and her friends live together in relative harmony. Beneath this mask of peace, however, lies a hidden darkness, one that Rika understands all too well. In this eternal summer, she has been witness to unspeakable horrors. Every time the clock resets, Rika must try to find the villain behind these senseless deaths before tragedy strikes again. However, trying to decipher a mystery when only half the clues are present proves time and again to be disastrous, and each time she believes that things will change, she inevitably fails. As the annual festival approaches, Rika begins her descent from hope to despair in her struggle to break the chains of fate entangling them all. [Written by MAL Rewrite]","['Prequel (TV) Higurashi no Naku Koro ni', 'Sequel (OVA) Higurashi no Naku Koro ni Rei', 'Adaptation (Manga) Higurashi no Naku Koro ni Kai: Minagoroshi-hen Read Manga', 'Adaptation (Manga) Higurashi no Naku Koro ni Kai: Matsuribayashi-hen Read Manga']",Higurashi no Naku Koro ni Kai,"Higurashi no Naku Koro ni 2, Higurashi no Naku Koro ni 2nd Series, Higurashi no Nakukoro ni 2nd Season, The Moment the Cicadas Cry 2",,,,,,,
4,さよなら絶望先生,"Sayonara, Zetsubou-Sensei",['TV'],12,Finished Airing,"Jul 8, 2007 to Sep 23, 2007",['Summer 2007'],Unknown,"['Starchild Records', 'Omnibus Promotion']","['Nozomi Entertainment', 'Media Blasters']",['Shaft'],['Manga'],,"['Gag Humor', 'Parody', 'School']",24 min. per ep.,R - 17+ (violence & profanity),7.85,#923,#721,"354,866","4,702",130709,"Nozomu Itoshiki is a high school teacher so pessimistic that even the smallest of misfortunes can send him into a pit of raging despair; some of these ""catastrophes"" even lead to suicide attempts. Sayonara Zetsubou Sensei is a satirical slice-of-life comedy set in the modern day, covering various aspects of Japanese life and culture through Nozomu and his interactions with his students: Kiri Komori, a recluse who refuses to leave the school; Abiru Kobushi, an enigma who frequently arrives to class with severe and mysterious injuries; the hyper-optimistic Kafuuka Fuura, Nozomu's polar opposite; and several other unusual girls, all of whom are just as eccentric as their teacher. [Written by MAL Rewrite]","['Sequel (TV) Zoku Sayonara Zetsubou Sensei', 'Adaptation (Manga) Sayonara Zetsubou Sensei Read Manga']",Sayonara Zetsubou Sensei,"Sayonara Zetsubo Sensei, Goodbye Teacher Despair, SZS",['Comedy'],['Shounen'],,,,,
5,モノノ怪,Mononoke,['TV'],12,Finished Airing,"Jul 13, 2007 to Sep 28, 2007",['Summer 2007'],Fridays at 00:45 (JST),"['Dentsu', 'SKY Perfect Well Think', 'Fuji TV', 'Asmik Ace', 'Sony Music Entertainment']",['Discotek Media'],['Toei Animation'],Original,"['Horror', 'Mystery', 'Supernatural', 'Suspense']","['Adult Cast', 'Historical', 'Mythology', 'Psychological']",22 min. per ep.,R - 17+ (violence & profanity),8.41,#193,#733,"346,643","8,765",99589,"The ""Medicine Seller"" is a deadly and mysterious master of the occult who travels across feudal Japan in search of malevolent spirits called ""mononoke"" to slay. When he locates one of these spirits, he cannot simply kill it; he must first learn its Form, its Truth, and its Reason in order to wield the mighty Exorcism Sword and fight against it. He must begin his strange exorcisms with intense psychological analysis and careful investigative work—an extremely dangerous step, as he must first confront and learn about the mononoke before he even has the means to defeat it. The Medicine Seller's journey leads him to an old-fashioned inn where Shino, a pregnant woman, has finally found a place to rest. The owner has reluctantly placed her in the last vacant room; however, as she settles in, it quickly becomes clear that the room is infested by a lethal band of mononoke, the Zashiki Warashi. With his hunter's intuition, the Medicine Seller begins his investigation to discover the Form, the Truth, and the Reason before the Zashiki Warashi can kill again. [Written by MAL Rewrite]","['Prequel (TV) Ayakashi: Japanese Classic Horror', 'Adaptation (Manga) Mononoke: Umibouzu', 'Adaptation (Manga) Mononoke: Zashiki Warashi', 'Adaptation (Manga) Mononoke: Nue']",Mononoke,,,,,,,,
6,デビル メイ クライ,Devil May Cry,['TV'],12,Finished Airing,"Jun 14, 2007 to Sep 6, 2007",['Summer 2007'],Thursdays at 23:00 (JST),"['WOWOW', 'Media Factory', 'Capcom', 'Toshiba Entertainment', 'Showgate']",['Funimation'],['Madhouse'],Game,"['Action', 'Fantasy']","['Gore', 'Mythology']",24 min. per ep.,R - 17+ (violence & profanity),6.93,#4704,#806,"318,807","1,661",173144,"Patty Lowell—the lost heir of a prestigious family—is found at an orphanage, and J.D. Morrison brings her to his acquaintance Dante, the owner of a business called ""Devil May Cry."" Dante takes on so-called ""odd jobs,"" and at Morrison's request, he agrees to become a bodyguard for Patty. Begrudgingly, he sets out to deliver Patty to her family, though he is a bit annoyed with a job that essentially amounts to babysitting. While Dante seems like a lazy good-for-nothing, he is actually a prolific demon hunter, which comes in handy when demons begin pursuing Patty. Soon enough, Dante realizes that there is more to this case than meets the eye, and he makes use of his particular skill set in order to keep Patty safe. [Written by MAL Rewrite]",[],Devil May Cry,"Devil May Cry: The Animated Series, DmC",,,,,,,
7,ZOMBIE-LOAN ゾンビローン,Zombie-Loan,['TV'],11,Finished Airing,"Jul 4, 2007 to Sep 12, 2007",['Summer 2007'],Wednesdays at 02:40 (JST),"['Xebec', 'Nihon Ad Systems']",['Discotek Media'],['XEBEC M2'],['Manga'],"['Action', 'Horror', 'Supernatural']",,23 min. per ep.,R - 17+ (violence & profanity),6.81,#5273,#1712,"142,006",320,65504,"Do you know when you are going to die? Michiru Kita does, as she has the ability to see a ""ring of death"" on the necks of those around her—and the darker the ring, the closer one is to death. One day, she notices that two boys in her class, Chika Akatsuki and Shito Tachibana, have completely black rings. Seeking to warn them of their impending demise, she stumbles onto their secret: they are already dead, but are kept alive due to a contract with Zombie-Loan, a mysterious loan office. Of course, nothing comes without a price, as the boys must hunt down and kill zombies in order to pay off their debt. And once they learn about Michiru's ""Shinigami Eyes,"" they drag her into their crazy world. [Written by MAL Rewrite]","['Sequel (Special) Zombie-Loan Specials', 'Adaptation (Manga) Zombie-Loan']",Zombie-Loan,,,['Shounen'],,,,,
8,シグルイ,Shigurui: Death Frenzy,['TV'],12,Finished Airing,"Jul 19, 2007 to Oct 11, 2007",['Summer 2007'],Thursdays at 23:30 (JST),"['WOWOW', 'Akita Shoten', 'Geneon Entertainment']",['Funimation'],['Madhouse'],['Manga'],"['Action', 'Drama', 'Suspense']","['Adult Cast', 'Gore', 'Historical', 'Martial Arts', 'Psychological', 'Samurai']",23 min. per ep.,R+ - Mild Nudity,7.35,#2562,#1840,"129,378",942,38817,"At the beginning of the Edo Era, when people enjoyed a time of peace, Lord Tokugawa Tadanaga holds a fighting tournament. In the past, matches were fought with wooden swords. This time, real swords will be used. One-armed Fujiki Gennosuke and blind Irako Seigen will fight each other in this match. Both are disciples of Iwamoto Kogan, who is known as Japan's greatest swordsman. Each of them are determined to prove himself the successor of Iwamoto's school. However, there can only be one champion. So begins a story of intertwining fates, conflict, and strange destinies. (Source: ANN)","['Adaptation (Manga) Shigurui', '']",Shigurui,Crazy for Death,,['Seinen'],Shigurui : Furie Meurtrière,,,,
9,湾岸ミッドナイト,,['TV'],26,Finished Airing,"Jun 15, 2007 to Sep 13, 2008",['Summer 2007'],Unknown,['OB Planning'],"None found,",['A.C.G.T.'],['Manga'],,,25 min. per ep.,PG-13 - Teens 13 or older,7.49,#2003,#3403,"47,602",652,18539,"From dusk until dawn, street racers gather on a Tokyo highway—the Wangan Route—in search of only one thing: speed. Among them, a newcomer attracts the attention of the route's veterans after he purchases a Nissan Fairlady Z, a car infamously nicknamed The Devil Z. The newcomer ignores the warnings of Eriko Asakura, who lost her brother, Akio, in an accident involving the same vehicle. The Devil Z's new owner, who coincidentally shares the exact same name as Eriko's brother, becomes bewitched by the car's mysterious power—even after crashing twice. Now a high school dropout who works to pay for his car repairs, Akio befriends regular street racers of the area: the legendary owner of the Porsche 911 Turbo, a car known on the streets as ""Blackbird;"" the genius surgeon Tatsuya Shima; and Reina Akikawa, who works as a model by day and displays unparalleled skill in her Nissan Skyline GT-R by night. Thanks to these connections, Akio manages to find the retired designer of The Devil Z's engine, a solitary man named Jun Kitami. Following his meeting with Akio, Jun resumes building overpowered yet dangerous engines. Meanwhile, the racers of the Wangan Route are caught in a desperate race against The Devil Z with no clear end in sight. [Written by MAL Rewrite]","['Adaptation (Manga) Wangan Midnight', '']",Wangan Midnight,,['Action'],['Seinen'],,['Racing'],,,
10,ケンコー全裸系水泳部 ウミショー,,['TV'],13,Finished Airing,"Jul 4, 2007 to Sep 26, 2007",['Summer 2007'],Wednesdays at 02:00 (JST),"['Marvelous Entertainment', 'Pony Canyon', 'Pony Canyon Enterprises', 'Geneon Entertainment']","None found,",['Artland'],['Manga'],"['Comedy', 'Sports', 'Ecchi']",,25 min. per ep.,PG-13 - Teens 13 or older,7.10,#3903,#3725,"40,778",90,17195,"Kaname Okiura, a student of Prefectoral Umineko Shougyou High (""Umishou"" for short), joined the school's swimming club in order to learn how to swim, but the club is filled with weirdos, let alone who can teach him swimming. Then, a sunny, happy-go-lucky girl named Amuro Ninagawa who transferred from Okinawa joined the club. Her extraordinary underwater speed and unorthodox swimming style (plus her personal habit of nude swimming—a powerful magnet to teenage boys) surprised every club member, especially Okiura, because she reminds him of a mermaid-like creature he saw only once in his early childhood. (Source: ANN)","['Adaptation (Manga) Kenkou Zenrakei Suieibu Umishou', '']",Kenkou Zenrakei Suiei-bu Umishou,"Kenkou Zenra-kei Suiei-bu Umishou, Kenkoo Zenra-kei Suiei-bu Umishou, Umisho High School Naked Swimming Club, Umisho",,['Shounen'],,['School'],,,
11,東京魔人學園剣風帖　龖（トウ） 第弐幕,,['TV'],12,Finished Airing,"Jul 27, 2007 to Oct 12, 2007",['Summer 2007'],Fridays at 23:00 (JST),"None found,","['ADV Films', 'Funimation']","['AIC Spirits', 'BeSTACK']",Game,"['Action', 'Drama', 'Horror', 'Mystery']","['Martial Arts', 'School']",24 min. per ep.,R - 17+ (violence & profanity),7.17,#3514,#3783,"39,603",63,14895,"The battle against Tendou Kodzunu is over, and the Magami Five begin to look forward to their senior graduation, hopefully planning for their adult futures. However, life in Tokyo is not at peace... The underground assassin group known as the Twelve Heavenly Generals of the Martial Fist begin to move against those protecting the city from demons. Normally rumored to kill criminals that the mundane law was unable to bring to justice, the Martial Fist now set their sights on Tatsuma Hiyuu, Kyouichi Houraiji, Aoi Misato, Komaki Sakurai, Yuuya Daigo, and Hisui Kisaragi. What is the purpose of this cruel turn of events? And who ordered the hit? New threats emerge as others awakened to powers unleashed by the Ryumyaku seek out the Magami kids - and old friends now return as enemies. Destinies will collide as the Stars of Fate begin to merge; Yin and Yang will meet. And soon the shadowy figure pulling the strings will reveal himself, in an effort to raze Tokyo to the ground and awaken the Vessel of the Golden Dragon.","['Prequel (TV) Tokyo Majin Gakuen Kenpuuchou: Tou', 'Adaptation (Manga) Tokyo Majin Gakuen Kenpuuchou']",Tokyo Majin Gakuen Kenpuuchou: Tou Dai Ni Maku,"Tokyo Majin Gakuen Kenpucho: Tou Kenbu Hen, Tokyo Majin Gakuen Kenpucho: Tou 2nd Act",,,,,,,
12,もえたん,,['TV'],12,Finished Airing,"Jul 9, 2007 to Sep 24, 2007",['Summer 2007'],Mondays at 01:30 (JST),['Lantis'],"None found,",['Actas'],Other,"['Comedy', 'Ecchi']","['Mahou Shoujo', 'School']",24 min. per ep.,R+ - Mild Nudity,6.39,#7739,#4306,"30,054",85,10424,"Ink Nijihara is a girl in high school. Unfortunately her crush Nao Tezuka barely recognizes her. To make matters worse, she is very short. Now Ink meets a duck and becomes a ""mahou shoujo"" and teaches Nao english in disguise. (Source: ANN)","['Adaptation (Manga) Moetan', '']",Moetan,,,,,,,,
13,ドージンワーク,Dojin Work,['TV'],12,Finished Airing,"Jul 4, 2007 to Sep 19, 2007",['Summer 2007'],Wednesdays at 01:30 (JST),"['m.o.e.', 'Media Factory', 'Half H.P Studio', 'Houbunsha', 'Index', 'Toranoana']",['Media Blasters'],['Remic'],['4-koma manga'],"['Comedy', 'Slice of Life']",,13 min. per ep.,PG-13 - Teens 13 or older,6.75,#5624,#4370,"29,173",39,13752,"Doujin Work follows the life of a young girl named Najimi Osana and her exposure into the doujin world. She was first tempted into becoming a doujin artist after seeing how much one of her friends can make at a convention. Najimi loves to draw, though soon learns contrary to what she expected that this new world is anything but easy. As she attends more conventions and meets more people, Najimi eventually manages to find a group of very interesting friends. These friends already have some experience in the field and help her out along the way so that she can someday make a name for herself creating doujinshi. (Source: ANN)","['Adaptation (Manga) Doujin Work', '']",Doujin Work,,,,,['Otaku Culture'],,,
14,スカイガールズ,,['TV'],26,Finished Airing,"Jul 6, 2007 to Dec 28, 2007",['Summer 2007'],Unknown,"['Konami', 'Geneon Entertainment']","None found,",['J.C.Staff'],Original,,"['Mecha', 'Military']",24 min. per ep.,PG-13 - Teens 13 or older,6.99,#4413,#4657,"25,289",51,9490,"In the near future, Earth is at war with aliens called Worms. The war leaves the population of Earth decimated, with young men the main casualties. The Worms were beaten back but their re-emergence heralds the creation of a mecha unit called the Sonic Divers, piloted by 3 young girls to counter this threat.",[],Sky Girls,"Sky Girls TV, Sky Girls (2007)",['Sci-Fi'],,,,,,
15,ななついろ★ドロップス,,['TV'],12,Finished Airing,"Jul 3, 2007 to Sep 18, 2007",['Summer 2007'],Unknown,['Geneon Entertainment'],"None found,",['Studio Barcelona'],Visual novel,,"['Mahou Shoujo', 'School']",24 min. per ep.,PG-13 - Teens 13 or older,6.99,#4432,#4792,"23,742",88,9478,"Tsuwabuki is a normal student, though not very social. One day he meets a new transfer student, named Sumomo Akihime, and another girl, both the only members of the gardening club. Tsuwabuki is forced by a teacher to join this club. But then he bumps into a strange guy with dog ears, switching his drink with they guy's by mistake. Drinking it, he is turned in a stuffed animal. The teacher tells him that the only way to turn back to normal is to find the chosen girl and let her catch the seven stardrops. This girl is Sumomo, that accepts to help him, though she's not allowed to know the animal's true identity. (Source: ANN)","['Adaptation (Manga) Nanatsuiro★Drops', '']",Nanatsu-iro★Drops,"Seven-Colored Drops, Nanatsu-iro Drops: First Love That Encompasses You, Nanatsuiro★Drops",['Romance'],,,,,,
16,ぽてまよ,,['TV'],12,Finished Airing,"Jul 7, 2007 to Sep 22, 2007",['Summer 2007'],Unknown,['Lantis'],"None found,",['J.C.Staff'],['4-koma manga'],,,24 min. per ep.,PG-13 - Teens 13 or older,7.29,#2878,#5168,"19,742",78,7282,"Sunao Moriyama finds a strange but cute creature that he names Potemayo. Potemayo starts following him everywhere, usually riding on top of his head. His discovery becomes the center of attention in his class at school. Soon after, a similar creature appears, and is named Guchuko by one of Sunao's classmates. However, Guchuko doesn't seem to be as good-natured as Potemayo. (Source: ANN)","['Adaptation (Manga) Potemayo', '']",Potemayo,,['Comedy'],['Seinen'],,['School'],,,
17,CODE-E,,['TV'],12,Finished Airing,"Jul 4, 2007 to Sep 19, 2007",['Summer 2007'],Unknown,['Nagoya Broadcasting Network'],['Media Blasters'],['Studio Deen'],Original,"['Comedy', 'Romance', 'Sci-Fi']",,24 min. per ep.,G - All Ages,6.39,#7754,#5234,"19,190",19,7987,"Chinami Ebihara is girl with a strange ability to generate electromagnetic waves when her emotions run high. However, since this ""ability"" affects anything electrical, it resulted in her having to transfer from school to school when she was younger. As Chinami, now 18 years of age, transfers to a new school, she once again affects the electronic devices in the school, but this time, when another student, Kotaro Kannagi, sees her do this, he becomes obsessed in studying her ""TYPE-E"" ability. (Source: ANN)","['Sequel (TV) Mission-E', 'Adaptation (Manga) Code-Ex', 'Adaptation (Light Novel) Code-E: Harukanaru Sasayaki', '']",Code-E,,,,,['School'],,,
18,ムシウタ,Mushi-Uta,['TV'],12,Finished Airing,"Jul 6, 2007 to Oct 5, 2007",['Summer 2007'],Fridays at 00:00 (JST),"['WOWOW', 'Kadokawa Shoten', 'Broccoli', 'Studio Tulip', 'Rakuonsha', 'Zexcs']","None found,",['Beat Frog'],['Light novel'],"['Action', 'Fantasy', 'Sci-Fi']",,24 min. per ep.,PG-13 - Teens 13 or older,6.57,#6638,#5408,"17,542",29,6992,"Mushi-uta's story takes place in the near future. Ten years before the story's opening, strange insect-like creatures known as ""Mushi"" began appearing. The Mushi are able to consume peoples' dreams and thoughts in return for supernatural powers. At the end of episode one, protagonist Daisuke ""Kakkou"" Kusuriya encounters a young girl named Shiika Anmoto. The two, in time, become quite close. However, unbeknownst to Kakkou, Shiika is an escapee from a secret prison known as GARDEN where those posessed by the Mushi, known as the Mushitsuki are held. GARDEN's military force, the Special Environmental Conservation Executive Office, dispatches its finest killer to track down Shiika. However, they are faced with resistance from the Mushibane resistance organisation, led by the secretive ""Ladybird."" (Source: ANN)","['Adaptation (Manga) Mushi-Uta', 'Adaptation (Light Novel) Mushi-Uta']",Mushi-Uta,Mushiuta,,,,,,,
19,BUZZER BEATER 第2期,,['TV'],13,Finished Airing,"Jul 4, 2007 to Sep 26, 2007",['Summer 2007'],Wednesdays at 00:56 (JST),"None found,","None found,",['TMS Entertainment'],['Web manga'],"['Sci-Fi', 'Sports']",,25 min. per ep.,PG-13 - Teens 13 or older,6.76,#5539,#6852,"9,713",7,4536,"After being drafted into the Earth Team, a basketball team comprised solely of humans, street-punk-turned-pro Hideyoshi couldn't be more cocky. The team is still up against the Gorons, a physically superior race of aliens who have dominated the game for some time. New challenges and problems stand in their way. Hideyoshi is unhappy with the team and the Gorons have new tricks up their sleeves. (Source: ANN)","['Prequel (TV) Buzzer Beater', '']",Buzzer Beater 2nd Season,"Buzzer Beater (2007), Buzzer Beater Part 2",,,,['Team Sports'],,,
20,鉄子の旅,,['TV'],13,Finished Airing,"Jun 24, 2007 to Sep 23, 2007",['Summer 2007'],Unknown,"['Toei Video', 'Tohokushinsha Film Corporation', 'Shogakukan', 'Shogakukan Productions']","None found,",['Group TAC'],['Manga'],"['Comedy', 'Slice of Life']",,24 min. per ep.,PG-13 - Teens 13 or older,6.27,#8425,#10678,"2,896",7,637,"Based on a seinen manga by Kikuchi Naoe and Yokomi Hirohiko, serialised in IKKI. The ""story"" is that a manga artist is asked by her boss to accompany him and a travel-writer on various train trips around Japan and draw a manga about it. The kicker though, is that it's completely non-fiction —the creator really did go on all these trips, and the manga simply records what happened, with no embellishment. There's a little disclaimer at the front that says ""This is non-fiction, so I apologize for the lack of drama,"" and indeed, it mostly is just about them riding trains from place to place, waiting on platforms, etc. The ""travel writer"" turns out to be a super train-otaku who has vast knowledge of the train network, but also micro-manages all their trips, planning every detail down to the second. He cares mostly about following the schedule and successfully achieving his planned goals (e.g. visiting all stations on a line in a completely bizarre order to accomodate infrequent trains). The mangaka doesn't really care about trains; she's cynical, sarcastic, and rather lazy (she mainly just looks forward to the next eki-ben); he's completely gung-ho as long as he's following the schedule, and the inevitable conflicts are pretty entertaining. Throughout, though, it feels real —if you've travelled by train in Japan it will all seem very familiar, not just the scenery, but also the atmosphere and feel— and the artist does a great job of pacing and applying little tweaks to keep it consistently entertaining. In an additional bit of recursiveness, some of the characters who show up in the manga (who of course are real people, who really did show up) do so because they (really) read previous episodes of the manga! In addition of course, you can learn about various out of the way and interesting Japanese train lines and stations; some of them really do look cool. There's always this vague sense of surreality about it however, the trips are all planned by the train-guy (goal: visit all 9,843 stations in Japan) who seems to consider everything as part of a checklist rather than an experience to be enjoyed. You learn a bit about train-otaku culture too; there's really only the one guy in the story, but train-otaku culture is a sort of constant peripheral presence. (Source: AniDB)","['Adaptation (Manga) Tetsuko no Tabi', '']",Tetsuko no Tabi,"Tetsuko's Travels, Tetsuko's Trip",,['Seinen'],,,,,
21,はぴはぴクローバー,,['TV'],13,Finished Airing,"Jul 6, 2007 to Sep 28, 2007",['Summer 2007'],Fridays at 16:30 (JST),['Shogakukan Productions'],"None found,",['Group TAC'],['Manga'],"['Fantasy', 'Slice of Life']","['Anthropomorphic', 'Iyashikei']",25 min. per ep.,G - All Ages,6.37,#7869,#11755,"2,094",11,532,Happy Happy Clover recounts the everyday life of a bunny named Chima and the other animals in the Crescent Moon Forest.,"['Adaptation (Manga) Happy Happy Clover', '']",Happy Happy Clover,Happy Clover,,,,,"['Kids', 'Shoujo']",,
22,ご存知!かくざ父さん,,['TV'],11,Finished Airing,"Jul 7, 2007 to Dec 31, 2007",['Summer 2007'],Unknown,"None found,","None found,","None found,",Original,,"['Historical', 'Parody', 'Racing']",2 min. per ep.,G - All Ages,[],#18252,#20327,268,0,,The second season of the Kakuza Tousan franchise.,"['Prequel (TV) Kakuza Tousan', 'Sequel (TV) Kakugen! Kakuza Tousan']",Gozonji! Kakuza Tousan,,['Drama'],,,,,,
23,進め!土管くん,,['TV'],13,Finished Airing,"Jul 7, 2007 to Sep 29, 2007",['Summer 2007'],Unknown,"None found,","None found,",['DLE'],Original,,,6 min. per ep.,G - All Ages,[],#14646,#20389,265,0,,"The second season of the Dokan-kun franchise. It aired within the ""Fight Tension☆School"" variety program.","['Prequel (TV) Dennou Senshi Dokan-kun', 'Sequel (TV) Tatakae! Dokan-kun: Gekitou-kun']",Susume! Dokan-kun,Fight Tension☆School,['Comedy'],,,['Mecha'],,,
24,ななみちゃん 第4シリーズ,,['TV'],16,Finished Airing,"Jun 1, 2007 to Sep 14, 2007",['Summer 2007'],Unknown,"None found,","None found,","None found,",Other,,,5 min. per ep.,G - All Ages,[],#20565,#20849,239,0,,No synopsis information has been added to this title. Help improve our database by adding a synopsis here.,"['Prequel (TV) Nanami-chan 3rd Series', 'Sequel (TV) Nanami-chan 5th Series']",Nanami-chan 4th Series,,,['Kids'],,,,,
25,-ナルト- 疾風伝,Naruto Shippuden,['TV'],500,Finished Airing,"Feb 15, 2007 to Mar 23, 2017",['Winter 2007'],Thursdays at 19:30 (JST),"['TV Tokyo', 'Aniplex', 'KSS', 'Rakuonsha', 'TV Tokyo Music', 'Shueisha']",['VIZ Media'],['Pierrot'],['Manga'],"['Action', 'Adventure', 'Fantasy']",,23 min. per ep.,PG-13 - Teens 13 or older,8.28,#303,#16,"2,598,340","115,650",1728837,"It has been two and a half years since Naruto Uzumaki left Konohagakure, the Hidden Leaf Village, for intense training following events which fueled his desire to be stronger. Now Akatsuki, the mysterious organization of elite rogue ninja, is closing in on their grand plan which may threaten the safety of the entire shinobi world. Although Naruto is older and sinister events loom on the horizon, he has changed little in personality—still rambunctious and childish—though he is now far more confident and possesses an even greater determination to protect his friends and home. Come whatever may, Naruto will carry on with the fight for what is important to him, even at the expense of his own body, in the continuation of the saga about the boy who wishes to become Hokage. [Written by MAL Rewrite]","['Prequel (TV) Naruto', 'Sequel (Movie) Boruto: Naruto the Movie', 'Sequel (TV) Boruto: Naruto Next Generations', 'Adaptation (Manga) Naruto']",Naruto: Shippuuden,Naruto Hurricane Chronicles,,['Shounen'],Naruto Shippuden,['Martial Arts'],,Naruto Shippuden,Naruto Shippuden
26,ONE PIECE,One Piece,['TV'],Unknown,Currently Airing,"Oct 20, 1999 to ?",['Fall 1999'],Sundays at 09:30 (JST),"['Fuji TV', 'TAP', 'Shueisha']","['Funimation', '4Kids Entertainment']",['Toei Animation'],['Manga'],"['Action', 'Adventure', 'Fantasy']",,24 min.,PG-13 - Teens 13 or older,8.73,#51,#17,"2,496,802","234,768",1419770,"Barely surviving in a barrel after passing through a terrible whirlpool at sea, carefree Monkey D. Luffy ends up aboard a ship under attack by fearsome pirates. Despite being a naive-looking teenager, he is not to be underestimated. Unmatched in battle, Luffy is a pirate himself who resolutely pursues the coveted One Piece treasure and the King of the Pirates title that comes with it. The late King of the Pirates, Gol D. Roger, stirred up the world before his death by disclosing the whereabouts of his hoard of riches and daring everyone to obtain it. Ever since then, countless powerful pirates have sailed dangerous seas for the prized One Piece only to never return. Although Luffy lacks a crew and a proper ship, he is endowed with a superhuman ability and an unbreakable spirit that make him not only a formidable adversary but also an inspiration to many. As he faces numerous challenges with a big smile on his face, Luffy gathers one-of-a-kind companions to join him in his ambitious endeavor, together embracing perils and wonders on their once-in-a-lifetime adventure. [Written by MAL Rewrite]","['Adaptation (Manga) One Piece', 'Adaptation (Light Novel) One Piece: Loguetown-hen']",One Piece,OP,,['Shounen'],,,,,
27,BLEACH - ブリーチ -,Bleach,['TV'],366,Finished Airing,"Oct 5, 2004 to Mar 27, 2012",['Fall 2004'],Tuesdays at 18:00 (JST),"['TV Tokyo', 'Aniplex', 'Dentsu', 'TV Tokyo Music', 'Shueisha']",['VIZ Media'],['Pierrot'],['Manga'],"['Action', 'Adventure', 'Supernatural']",,24 min. per ep.,PG-13 - Teens 13 or older,7.97,#703,#35,"2,075,036","78,053",1188805,"Ichigo Kurosaki is an ordinary high schooler—until his family is attacked by a Hollow, a corrupt spirit that seeks to devour human souls. It is then that he meets a Soul Reaper named Rukia Kuchiki, who gets injured while protecting Ichigo's family from the assailant. To save his family, Ichigo accepts Rukia's offer of taking her powers and becomes a Soul Reaper as a result. However, as Rukia is unable to regain her powers, Ichigo is given the daunting task of hunting down the Hollows that plague their town. However, he is not alone in his fight, as he is later joined by his friends—classmates Orihime Inoue, Yasutora Sado, and Uryuu Ishida—who each have their own unique abilities. As Ichigo and his comrades get used to their new duties and support each other on and off the battlefield, the young Soul Reaper soon learns that the Hollows are not the only real threat to the human world. [Written by MAL Rewrite]","['Sequel (TV) Bleach: Sennen Kessen-hen', 'Adaptation (Manga) Bleach']",Bleach,,,['Shounen'],,,,,
28,天元突破グレンラガン,Gurren Lagann,['TV'],27,Finished Airing,"Apr 1, 2007 to Sep 30, 2007",['Spring 2007'],Sundays at 08:30 (JST),"['TV Tokyo', 'Aniplex', 'Dentsu', 'Konami', 'Half H.P Studio', 'Bandai']","['ADV Films', 'Bandai Entertainment', 'Aniplex of America']",['Gainax'],Original,"['Action', 'Adventure', 'Award Winning', 'Sci-Fi']",,24 min. per ep.,PG-13 - Teens 13 or older,8.63,#84,#67,"1,676,619","80,898",930772,"Simon and Kamina were born and raised in a deep, underground village, hidden from the fabled surface. Kamina is a free-spirited loose cannon bent on making a name for himself, while Simon is a timid young boy with no real aspirations. One day while excavating the earth, Simon stumbles upon a mysterious object that turns out to be the ignition key to an ancient artifact of war, which the duo dubs Lagann. Using their new weapon, Simon and Kamina fend off a surprise attack from the surface with the help of Yoko Littner, a hot-blooded redhead wielding a massive gun who wanders the world above. In the aftermath of the battle, the sky is now in plain view, prompting Simon and Kamina to set off on a journey alongside Yoko to explore the wastelands of the surface. Soon, they join the fight against the ""Beastmen,"" humanoid creatures that terrorize the remnants of humanity in powerful robots called ""Gunmen."" Although they face some challenges and setbacks, the trio bravely fights these new enemies alongside other survivors to reclaim the surface, while slowly unraveling a galaxy-sized mystery. [Written by MAL Rewrite]","['Adaptation (Manga) Tengen Toppa Gurren Lagann', '']",Tengen Toppa Gurren Lagann,"Tengen Toppa Gurren-Lagann, Making Break-Through Gurren Lagann, Heavenly Breakthrough Gurren Lagann, TTGL, Gurren Laggan",,,Gurren Lagann,['Mecha'],,Gurren Lagann,Gurren Lagann
29,銀魂,Gintama,['TV'],201,Finished Airing,"Apr 4, 2006 to Mar 25, 2010",['Spring 2006'],Thursdays at 18:00 (JST),"['TV Tokyo', 'Aniplex', 'Dentsu', 'Trinity Sound', 'Miracle Robo', 'Shueisha']","['Sentai Filmworks', 'Crunchyroll']",['Sunrise'],['Manga'],"['Action', 'Comedy', 'Sci-Fi']","['Gag Humor', 'Historical', 'Parody', 'Samurai']",24 min. per ep.,PG-13 - Teens 13 or older,8.93,#17,#145,"1,104,655","60,229",408387,"Edo is a city that was home to the vigor and ambition of samurai across the country. However, following feudal Japan's surrender to powerful aliens known as the ""Amanto,"" those aspirations now seem unachievable. With the once-influential shogunate rebuilt as a puppet government, a new law is passed that promptly prohibits all swords in public. Enter Gintoki Sakata, an eccentric silver-haired man who always carries around a wooden sword and maintains his stature as a samurai despite the ban. As the founder of Yorozuya, a small business for odd jobs, Gintoki often embarks on endeavors to help other people—though usually in rather strange and unforeseen ways. Assisted by Shinpachi Shimura, a boy with glasses supposedly learning the way of the samurai; Kagura, a tomboyish girl with superhuman strength and an endless appetite; and Sadaharu, their giant pet dog who loves biting on people's heads, the Yorozuya encounter anything from alien royalty to scuffles with local gangs in the ever-changing world of Edo. [Written by MAL Rewrite]","[""Sequel (TV) Gintama'"", 'Adaptation (Manga) Gintama']",Gintama,"Gin Tama, Silver Soul, Yorinuki Gintama-san",,['Shounen'],,,,,
30,Darker than BLACK -黒の契約者-,Darker than Black,['TV'],25,Finished Airing,"Apr 6, 2007 to Sep 28, 2007",['Spring 2007'],Fridays at 01:25 (JST),"['Aniplex', 'Square Enix', 'Mainichi Broadcasting System', 'Movic', 'Myrica Music', 'Fonishia']",['Funimation'],['Bones'],Original,"['Action', 'Mystery', 'Sci-Fi']",,24 min. per ep.,R - 17+ (violence & profanity),8.05,#605,#178,"974,576","16,760",445296,"It has been 10 years since Heaven's Gate appeared in South America and Hell's Gate appeared in Japan, veiling the once familiar night sky with an oppressive skyscape. Their purposes unknown, these Gates are spaces in which the very laws of physics are ignored. With the appearance of the Gates emerged Contractors, who, in exchange for their humanity, are granted supernatural abilities. In the Japanese city surrounding Hell's Gate, Section 4 Chief Misaki Kirihara finds herself at odds with an infamous Contractor codenamed Hei. Called ""Black Reaper"" in the underground world, Hei, like his associates, undertakes missions for the mysterious and ruthless Syndicate while slowly peeling back the dark layers covering a nefarious plot that threatens the very existence of Contractors. From the mind of Tensai Okamura comes a sci-fi thriller taking the form of a subtle exposé on a war in which political positions and justice have no sway—a war waged exclusively in the shadows. [Written by MAL Rewrite]","['Sequel (Special) Darker than Black: Kuro no Keiyakusha Gaiden', 'Adaptation (Manga) Darker than Black: Kuro no Keiyakusha']",Darker than Black: Kuro no Keiyakusha,DTB,,,Darker than Black,['Super Power'],,Darker Than Black,
31,ディー・グレイマン,D.Gray-man,['TV'],103,Finished Airing,"Oct 3, 2006 to Sep 30, 2008",['Fall 2006'],Tuesdays at 18:00 (JST),"['TV Tokyo', 'Aniplex', 'Dentsu', 'Half H.P Studio', 'Sony Music Entertainment']",['Funimation'],['TMS Entertainment'],['Manga'],"['Action', 'Adventure', 'Fantasy']",,23 min. per ep.,PG-13 - Teens 13 or older,8.00,#662,#303,"710,696","13,699",291835,"Losing a loved one is so painful that one may sometimes wish to be able to resurrect them—a weakness that the enigmatic Millennium Earl exploits. To make his mechanical weapons known as ""Akuma,"" he uses the souls of the dead that are called back. Once a soul is placed in an Akuma, it is trapped forever, and the only way to save them is to exorcise them from their vessel using the Anti-Akuma weapon, ""Innocence."" After spending three years as the disciple of General Cross, Allen Walker is sent to the Black Order—an organization comprised of those willing to fight Akuma and the Millennium Earl—to become an official Exorcist. With an arm as his Innocence and a cursed eye that can see the suffering souls within an Akuma, it's up to Allen and his fellow Exorcists to stop the Millennium Earl's ultimate plot: one that can lead to the destruction of the world. [Written by MAL Rewrite]","['Sequel (TV) D.Gray-man Hallow', 'Adaptation (Manga) D.Gray-man']",D.Gray-man,"D. Gray-man, D. Grey-man",,['Shounen'],,['Urban Fantasy'],,,
32,クレイモア,Claymore,['TV'],26,Finished Airing,"Apr 4, 2007 to Sep 26, 2007",['Spring 2007'],Wednesdays at 01:26 (JST),"['VAP', 'Avex Entertainment', 'Nippon Television Network', 'D.N. Dream Partners']",['Funimation'],['Madhouse'],['Manga'],"['Action', 'Adventure', 'Fantasy']",,23 min. per ep.,R+ - Mild Nudity,7.73,#1208,#315,"695,403","8,620",335585,"When a shapeshifting demon with a thirst for human flesh, known as ""youma,"" arrives in Raki's village, a lone woman with silver eyes walks into town with only a sword upon her back. She is a ""Claymore,"" a being manufactured as half-human and half-youma, for the express purpose of exterminating these monsters. After Raki's family is killed, the Claymore saves his life, but he is subsequently banished from his home. With nowhere else to go, Raki finds the Claymore, known as Clare, and decides to follow her on her journeys. As the pair travel from town to town, defeating youma along the way, more about Clare's organization and her fellow warriors comes to light. With every town cleansed and every demon destroyed, they come closer to the youma on which Clare has sought vengeance ever since she chose to become a Claymore. [Written by MAL Rewrite]","['Adaptation (Manga) Claymore', '']",Claymore,,,['Shounen'],,['Gore'],,,
33,らき☆すた,Lucky☆Star,['TV'],24,Finished Airing,"Apr 8, 2007 to Sep 17, 2007",['Spring 2007'],Mondays at 00:00 (JST),"['Lantis', 'Kadokawa Shoten', 'Rakuonsha', 'KlockWorx', 'Lucky Paradise']","['Funimation', 'Bandai Entertainment', 'Kadokawa Pictures USA']",['Kyoto Animation'],['4-koma manga'],,"['CGDCT', 'Gag Humor', 'Otaku Culture', 'School']",24 min. per ep.,PG-13 - Teens 13 or older,7.75,#1151,#334,"671,404","12,756",331151,"Lucky☆Star follows the daily lives of four cute high school girls—Konata Izumi, the lazy otaku; the Hiiragi twins, Tsukasa and Kagami (sugar and spice, respectively); and the smart and well-mannered Miyuki Takara. As they go about their lives at school and beyond, they develop their eccentric and lively friendship and making humorous observations about the world around them. Be it Japanese tradition, the intricacies of otaku culture, academics, or the correct way of preparing and eating various foods—no subject is safe from their musings. [Written by MAL Rewrite]","['Sequel (OVA) Lucky☆Star: Original na Visual to Animation', 'Adaptation (Manga) Lucky☆Star']",Lucky☆Star,Lucky Star,['Comedy'],,,,,,
34,ラブ★コン,Lovely Complex,['TV'],24,Finished Airing,"Apr 7, 2007 to Sep 29, 2007",['Spring 2007'],Saturdays at 17:30 (JST),"['TBS', 'TAP', 'Sony Music Entertainment', 'Shueisha', 'Nichion']",['Discotek Media'],['Toei Animation'],['Manga'],"['Comedy', 'Romance']",,24 min. per ep.,PG-13 - Teens 13 or older,8.03,#628,#374,"617,207","10,572",303575,"Love is unusual for Risa Koizumi and Atsushi Ootani, who are both striving to find their ideal partner in high school—172 cm tall Koizumi is much taller than the average girl, and Ootani is much shorter than the average guy at 156 cm. To add to their plights, their crushes fall in love with each other, leaving Koizumi and Ootani comically flustered and heartbroken. To make matters worse, they're even labeled as a comedy duo by their homeroom teacher due to their personalities and the stark difference in their heights, and their classmates even think of their arguments as sketches. Lovely★Complex follows Koizumi and Ootani as they encourage each other in finding love and become close friends. Apart from their ridiculous antics, they soon find out an unexpected similarity in their music and fashion tastes. Maybe they possess a chemistry yet unknown, but could love ever bloom between the mismatched pair? [Written by MAL Rewrite]","['Adaptation (Manga) Lovely★Complex', '']",Lovely★Complex,"Love★Com, Love Com",,['Shoujo'],Lovely Complex,['School'],,Lovely Complex,Lovely Complex
35,家庭教師ヒットマンREBORN!,Reborn!,['TV'],203,Finished Airing,"Oct 7, 2006 to Sep 25, 2010",['Fall 2006'],Saturdays at 10:30 (JST),"['TV Tokyo', 'Dentsu', 'Marvelous Entertainment', 'Pony Canyon', 'd-rights']","['VIZ Media', 'Discotek Media']",['Artland'],['Manga'],"['Action', 'Comedy']","['Organized Crime', 'Super Power']",24 min. per ep.,PG-13 - Teens 13 or older,8.12,#500,#415,"570,911","16,014",264927,"There is no putting it lightly—Tsunayoshi Sawada is just no good. He is clumsy, talentless, and desperately in love with the school idol Kyouko Sasagawa, a girl so completely out of his league. Dubbed ""Loser Tsuna"" by his classmates, he seems to be the very personification of failure in the guise of a middle-schooler. Tsuna's boring life takes an extraordinary twist when he encounters the mysterious Reborn, who happens to be a hitman... and shockingly, a baby! Sent from the strongest Mafia family in Italy, Reborn is assigned the daunting mission of preparing the dull middle schooler to succeed the ninth boss of the notorious Vongola family, who is on the brink of retirement. The dull boy has a grueling road ahead, but with the help of his new criminal affiliates and his peculiar home tutor, perhaps even Loser Tsuna can achieve greatness. [Written by MAL Rewrite]","['Adaptation (Manga) Katekyou Hitman Reborn!', '']",Katekyou Hitman Reborn!,"Kateikyoushi Hitman Reborn!, Home Tutor Hitman Reborn!",,['Shounen'],Mon prof le tueur Reborn!,,,,Reborn!
36,風のスティグマ,Kaze no Stigma,['TV'],24,Finished Airing,"Apr 13, 2007 to Sep 21, 2007",['Spring 2007'],Fridays at 01:30 (JST),"None found,",['Funimation'],['Gonzo'],['Light novel'],"['Action', 'Romance', 'Supernatural']",,24 min. per ep.,PG-13 - Teens 13 or older,7.15,#3607,#518,"464,833","1,965",241334,"Kazuma Yagami is a user of ""Fuujutsu,"" the ability to control the wind. He returns to his old home, the noble Kannagi household, after being banished four years ago for his inability to control fire and his subsequent defeat in a duel at the hands of his younger cousin, Ayano Kannagi. Returning after such a brutal exile already gives rise to many conflicts, but to make matters worse, several Kannagi family members have recently been murdered with Fuujutsu. This leads the Kannagi family, including the hot-headed Ayano, to suspect Kazuma as the culprit. Now, Kazuma must not only clear his name, but also aid the family he shares a mutual hatred with, in order to discover the true identity of the killer. [Written by MAL Rewrite]","['Adaptation (Manga) Kaze no Stigma: Kouen no Miko', 'Adaptation (Light Novel) Kaze no Stigma']",Kaze no Stigma,"Kaze no Seikon, Stigma of the Wind",,,,,,,
37,名探偵コナン,Case Closed,['TV'],Unknown,Currently Airing,"Jan 8, 1996 to ?",['Winter 1996'],Saturdays at 18:00 (JST),"['Yomiuri Telecasting', 'Shogakukan', 'Audio Planning U', 'Tokyo Movie', 'Polydor Records']","['Funimation', 'Crunchyroll']",['TMS Entertainment'],['Manga'],"['Adventure', 'Comedy', 'Mystery']",,24 min.,PG-13 - Teens 13 or older,8.17,#435,#706,"360,837","15,330",164332,"Shinichi Kudou, a high school student of astounding talent in detective work, is well known for having solved several challenging cases. One day, when Shinichi spots two suspicious men and decides to follow them, he inadvertently becomes witness to a disturbing illegal activity. Unfortunately, he is caught in the act, so the men dose him with an experimental drug formulated by their criminal organization, leaving him to his death. However, to his own astonishment, Shinichi lives to see another day, but now in the body of a seven-year-old child. Perfectly preserving his original intelligence, he hides his real identity from everyone, including his childhood friend Ran Mouri and her father, private detective Kogorou Mouri. To this end, he takes on the alias of Conan Edogawa, inspired by the mystery writers Arthur Conan Doyle and Ranpo Edogawa. Shinichi, as Conan, starts secretly solving the senior Mouri's cases from behind the scenes with his still exceptional sleuthing skills, while covertly investigating the organization responsible for his current state, hoping to reverse the drug's effects someday. [Written by MAL Rewrite]","['Adaptation (Manga) Meitantei Conan', '']",Meitantei Conan,Detective Conan,,['Shounen'],,['Detective'],,Case Closed,
38,瀬戸の花嫁,My Bride is a Mermaid,['TV'],26,Finished Airing,"Apr 2, 2007 to Oct 1, 2007",['Spring 2007'],Mondays at 02:00 (JST),"['TV Tokyo', 'Square Enix', 'Sotsu']",['Funimation'],"['Gonzo', 'AIC']",['Manga'],"['Comedy', 'Romance', 'Supernatural']","['Organized Crime', 'Parody', 'School']",24 min. per ep.,PG-13 - Teens 13 or older,7.65,#1410,#762,"337,628","3,003",147531,"During his summer vacation, middle school student Nagasumi Michishio travels to the Seto Inland Sea. One day, while swimming at Mio Sun Beach, his leg suddenly cramps. No one is close enough to notice his desperate screams for help, and so he sinks into the ocean, where he is left to drown alone. Just as he loses consciousness, however, a mermaid appears and saves his life. That night, Nagasumi is visited by his savior, a girl who introduces herself as Sun Seto—a mermaid from a yakuza family. As it turns out, under mermaid law, a mermaid whose identity is revealed to a human must be punished by execution. To avoid this harrowing outcome, the Seto family propose a solution: Nagasumi must marry Sun or die at the hands of Gouzaburou, Sun's father and boss of the Seto clan. Faced with no other option, Nagasumi takes her hand in marriage. Now, the newlyweds face the difficult task of keeping their relationship secret. Between Gouzaburou's unending attempts on Nagasumi's life and the eccentric antics of a slew of antagonists, a genuine and innocent love blossoms between the pair as they adapt to their new life. [Written by MAL Rewrite]","['Sequel (OVA) Seto no Hanayome OVA', 'Adaptation (Manga) Seto no Hanayome']",Seto no Hanayome,The Inland Sea Bride,,['Shounen'],,,,,My Bride is a Mermaid
39,史上最強の弟子 ケンイチ,KenIchi: The Mightiest Disciple,['TV'],50,Finished Airing,"Oct 8, 2006 to Sep 30, 2007",['Fall 2006'],Sundays at 00:55 (JST),"['TV Tokyo', 'Tokyo Movie Shinsha', 'Shogakukan']","['Funimation', 'Discotek Media']",['TMS Entertainment'],['Manga'],"['Action', 'Comedy']","['Martial Arts', 'School']",24 min. per ep.,PG-13 - Teens 13 or older,8.04,#612,#832,"312,478","3,626",161430,"Whenever he is not getting pummeled in the karate club after school, high schooler Kenichi Shirahama can be found with his head buried in one of the many self-help books he carries with him every day. One day, on the way to school, Kenichi accidentally frightens the new student in his class, leading her to throw him down onto the ground. After apologizing for her violent reflexes, she introduces herself as Miu Furinji and asks Kenichi to be her friend. Later that day, after karate club practice, Kenichi is given an ultimatum by one of the other club members: they will fight next week and the loser has to quit the club permanently. While lamenting his imminent defeat in the upcoming fight, Kenichi witnesses Miu fend off three thugs easily. Fed up with being perpetually bullied by those more powerful than him, he asks Miu for tips on how to become a better fighter. She directs Kenichi to her grandfather's dojo, Ryouzanpaku, where several skilled—albeit strange—masters of extreme martial arts have gathered to hone their abilities. Miu promises that Kenichi will become significantly stronger, but only if he manages to stay alive. With those ominous words looming in his mind and the appearance of a criminal martial arts gang known as ""Ragnarok"" threatening the safety of those around him, Kenichi takes the first step on his journey to become a world-class fighter and a defender of the defenseless. [Written by MAL Rewrite]","['Sequel (OVA) Shijou Saikyou no Deshi Kenichi OVA', 'Adaptation (Manga) Shijou Saikyou no Deshi Kenichi']",Shijou Saikyou no Deshi Kenichi,History's Strongest Disciple Kenichi,,['Shounen'],,,,Kenichi: The Mightiest Disciple,
40,ハヤテのごとく！,Hayate the Combat Butler,['TV'],52,Finished Airing,"Apr 1, 2007 to Mar 30, 2008",['Spring 2007'],Sundays at 10:00 (JST),"['TV Tokyo', 'Studio Tulip', 'Shogakukan Productions']","['Bandai Entertainment', 'Sentai Filmworks']",['SynergySP'],['Manga'],"['Action', 'Comedy', 'Romance']","['Harem', 'Parody']",24 min. per ep.,PG-13 - Teens 13 or older,7.50,#1976,#1127,"231,544","1,591",99445,"According to Murphy's Law, ""anything that can go wrong, will go wrong,"" and truer words cannot describe the unfortunate life of the hard-working Hayate Ayasaki. Abandoned by his parents after accumulating a debt of over one hundred fifty million yen, he is sold off to the yakuza, initiating his swift getaway from a future he does not want. On that fateful night, he runs into Nagi Sanzenin, a young girl whom he decides to try and kidnap to pay for his family's massive debt. Unfortunately, due to his kind-hearted nature and a string of misunderstandings, Nagi believes Hayate to be confessing his love to her. After saving her from real kidnappers, Hayate is hired as Nagi's personal butler, upon which she is revealed to be a member of one of the wealthiest families in Japan. Highly skilled but cursed with the world's worst luck, Hayate gets straight to work serving his employer all the while trying to deal with the many misfortunes that befall him. From taking care of a mansion to fending off dangerous foes, and even unintentionally wooing the hearts of the women around him, Hayate is in over his head in the butler comedy Hayate no Gotoku! [Written by MAL Rewrite]","['Sequel (OVA) Hayate no Gotoku!!: Atsu ga Natsuize - Mizugi-hen!', 'Adaptation (Manga) Hayate no Gotoku!']",Hayate no Gotoku!,Hayate no Gotoku!,,['Shounen'],Hayate the Combat Butler!,,,Hayate the Combat Butler!,Hayate the Combat Butler!
41,精霊の守り人,Moribito - Guardian of the Spirit,['TV'],26,Finished Airing,"Apr 7, 2007 to Sep 29, 2007",['Spring 2007'],Saturdays at 08:06 (JST),"['Dentsu', 'NHK Enterprises', 'Geneon Entertainment', 'Fonishia']","['VIZ Media', 'Media Blasters', 'Sentai Filmworks', 'Geneon Entertainment USA']",['Production I.G'],Novel,"['Action', 'Adventure', 'Fantasy']",,25 min. per ep.,PG-13 - Teens 13 or older,8.12,#496,#1155,"225,889","2,801",78642,"On the precipice of a cataclysmic drought, the Star Readers of the Shin Yogo Empire must devise a plan to avoid widespread famine. It is written in ancient myths that the first emperor, along with eight warriors, slew a water demon to avoid a great drought and save the land that was to become Shin Yogo. If a water demon was to appear once more, its death could bring salvation. However, the water demon manifests itself within the body of the emperor's son, Prince Chagum—by the emperor's order, Chagum is to be sacrificed to save the empire. Meanwhile, a mysterious spear-wielding mercenary named Balsa arrives in Shin Yogo on business. After saving Chagum from a thinly veiled assassination attempt, she is tasked by Chagum's mother to protect him from the emperor and his hunters. Bound by a sacred vow she once made, Balsa accepts. Seirei no Moribito follows Balsa as she embarks on her journey to protect Chagum, exploring the beauty of life, nature, family, and the bonds that form between strangers. [Written by MAL Rewrite]","['Adaptation (Manga) Seirei no Moribito', 'Adaptation (Manga) Yami no Moribito', 'Adaptation (Light Novel) Moribito Series', '']",Seirei no Moribito,Guardian of the Sacred Spirit,,,Moribito: Guardian Of The Spirit,,,Guardian of the Spirit,Moribito: Guardíán del Espíritu Sagrado
42,遊☆戯☆王　デュエルモンスターズ GX,Yu-Gi-Oh! GX,['TV'],180,Finished Airing,"Oct 6, 2004 to Mar 26, 2008",['Fall 2004'],Wednesdays at 18:30 (JST),"['TV Tokyo', 'Nihon Ad Systems', 'Shueisha']","['Konami', 'Funimation']",['Gallop'],['Manga'],"['Action', 'Comedy', 'Fantasy']",,23 min. per ep.,PG-13 - Teens 13 or older,7.21,#3344,#1156,"225,873","1,729",140763,"In the world of Duel Monsters, a new generation of duelists await their turn to bid for the highest title: The King of Games. As an aspiring duelist, the happy-go-lucky Juudai Yuuki enrolls at the Duel Academy, a reputable institution tasked with nurturing these potential challengers. On his first day, however, Juudai's laid back and careless attitude causes him to arrive late to his entrance exam. There, he stumbles upon a familiar figure who entrusts him the ""Winged Kuriboh,"" a card which becomes Judai's new partner. Soon, he begins living as a duelist—but will destiny and darkness bend his reality into something beyond his imagination? Yu☆Gi☆Oh!: Duel Monsters GX follows the story of Juudai as he strives to fulfill his goal of becoming the next King of Games. As they are thrust into countless unprecedented circumstances, one thing is for sure for Juudai and his friends—there will never be a dull moment at the Duel Academy! [Written by MAL Rewrite]","['Prequel (TV) Yu☆Gi☆Oh! Duel Monsters', ""Sequel (TV) Yu☆Gi☆Oh! 5D's"", 'Adaptation (Manga) Yu☆Gi☆Oh! GX', '']",Yu☆Gi☆Oh! Duel Monsters GX,"Yu-Gi-Oh! GX, Yugioh GX, Yu-Gi-Oh! Genex, Yugioh Genex, Yu-Gi-Oh!: Duel Monsters GX, Yugioh: Duel Monsters GX, Yu-Gi-Oh!: Duel Monsters Genex, Yugioh: Duel Monsters Genex, Game King of Duel Monsters GX",,['Shounen'],Yu-Gi-Oh! GX,['Strategy Game'],,,Yu-Gi-Oh! GX
43,ぼくらの,Bokurano,['TV'],24,Finished Airing,"Apr 9, 2007 to Sep 25, 2007",['Spring 2007'],Mondays at 01:30 (JST),"['Sotsu Music Publishing', 'Future Vision Music']",['Discotek Media'],['Gonzo'],['Manga'],"['Action', 'Drama', 'Sci-Fi', 'Suspense']","['Mecha', 'Psychological', 'Survival']",23 min. per ep.,R - 17+ (violence & profanity),7.59,#1622,#1302,"196,543","1,201",54782,"As fifteen children at a summer camp enjoy their carefree vacation together, they stumble upon a small cave near the beach. The group finds a mysterious room deep within its caverns, where they meet a strange man who calls himself Kokopelli. The man invites the children to play a game that involves taking turns controlling a robot to protect the Earth against aliens. Thinking it might be an interesting computer game, all but one of the children sign a contract agreeing to play. Later that day, the giant robot appears in person and the children are teleported into its cockpit, where they find Kokopelli, who pilots a fight against a similar robotic creature that has appeared nearby. After winning the battle, Kokopelli tries to apologize but is interrupted as the children are teleported back to the ground in the midst of the carnage. As the bewilderment following the fight settles, the robot suddenly disappears and the children are left scared and confused. Despite seeming like a harmless game at first, the children never anticipated the stakes of this game and how their pasts would intertwine with their decisions going forward. [Written by MAL Rewrite]","['Adaptation (Manga) Bokurano', '']",Bokura no,Bokurano: Ours,,['Seinen'],,,,,Bokurano
44,アイシールド21,,['TV'],145,Finished Airing,"Apr 6, 2005 to Mar 19, 2008",['Spring 2005'],Wednesdays at 19:00 (JST),"['TV Tokyo', 'Nihon Ad Systems', 'TV Tokyo Music', 'Shueisha']","['VIZ Media', 'Sentai Filmworks']",['Gallop'],['Manga'],,,23 min. per ep.,PG-13 - Teens 13 or older,7.91,#798,#1355,"189,270","2,064",91279,"Shy, reserved, and small-statured, Deimon High School student Sena Kobayakawa is the perfect target for bullies. However, as a result of running errands throughout his life, Sena has become agile and developed a skill for avoiding crowds of people. After the cunning Youichi Hiruma—captain of the Deimon Devil Bats football team—witnesses Sena's rapid legs in motion, he coerces the timid boy into joining his squad. As Hiruma wants to conceal Sena's identity from other clubs, Sena is forced to hide under the visored helmet of ""Eyeshield 21,"" a mysterious running back wearing the number 21 jersey. The legendary Eyeshield 21 can supposedly run at the speed of light and has achieved remarkable feats in the United States during his time at the Notre Dame College. Accustomed to avoiding his problems in the past, Sena's specialty might just help him become the new secret weapon of the Deimon Devil Bats. As he interacts with his teammates, Sena gradually gains more self-confidence and forges valuable bonds along the way. [Written by MAL Rewrite]","['Adaptation (Manga) Eyeshield 21', '']",Eyeshield 21,Eyeshield21,['Sports'],['Shounen'],,['Team Sports'],,,
45,ロミオ×ジュリエット,Romeo x Juliet,['TV'],24,Finished Airing,"Apr 5, 2007 to Sep 26, 2007",['Spring 2007'],Thursdays at 01:45 (JST),"['GDH', 'Kadokawa Shoten', 'CBC Television', 'SKY Perfect Well Think', 'Happinet Pictures', 'Sotsu Music Publishing', 'Future Vision Music']",['Funimation'],['Gonzo'],Book,"['Drama', 'Fantasy', 'Romance']",,24 min. per ep.,PG-13 - Teens 13 or older,7.57,#1673,#1365,"188,201","1,196",76305,"On the floating continent of Neo Verona, the Montague family slaughters the entire Capulet family and seizes control of the kingdom. The true heir to the throne, Juliet Fiammata Asto Capulet, manages to escape the onslaught and is hidden away by loyalists for 14 years with hope that she may one day overthrow the cruel Montague regime. Despite having forgotten the murder of her entire family, Juliet now secretly protects the oppressed citizens of Neo Verona as a vigilante called the Red Whirlwind. During one of her escapades she meets Romeo Candorebanto Montague, the kind and selfless son of the tyrannical Prince Laertes Montague, and without knowledge of each other's background, they both fall in love at first sight. Unfortunately, however, their destiny is a cursed one: not only does each of the two families wish to obliterate the other, but an ancient secret hidden beneath Neo Verona also threatens their undying love for each other. Will they be able to defy the stars, or is this truly a love that can never be? [Written by MAL Rewrite]","['Adaptation (Manga) Romeo x Juliet Read Manga', '']",Romeo x Juliet,RomeoxJuliet,,,,['Historical'],,,
46,ポケットモンスター ダイヤモンド&パール,Pokémon: Diamond and Pearl,['TV'],191,Finished Airing,"Sep 28, 2006 to Sep 9, 2010",['Fall 2006'],Thursdays at 19:00 (JST),"['TV Tokyo', 'SoftX', 'Nintendo', 'Shogakukan Productions']","['VIZ Media', 'The Pokemon Company International']",['OLM'],Game,"['Action', 'Adventure', 'Comedy', 'Fantasy']",,23 min. per ep.,PG - Children,7.31,#2803,#1607,"155,205",537,94734,"Following the end of Satoshi's Hoenn journey, he travels to the Sinnoh region for his next adventure en route to becoming a Pokémon Master. Immediately upon arrival, Team Rocket makes another attempt to snatch Pikachu, only for it to fail once again. However, Pikachu has fallen deep into a forest and it's up to Satoshi to find him! Along the way, he reunites with Takeshi—a Pokémon breeder with whom he has traveled through many regions—and meets his soon-to-be rival, Shinji, a power-hungry trainer who cares little for his Pokémons' feelings. Still in search for Pikachu, Satoshi notices a powerful electric attack in the distance and heads toward it to find Pikachu with Team Rocket and Hikari—a novice trainer aiming to be the top Pokémon coordinator. After foiling Team Rocket's plans, Satoshi reunites with Pikachu and Hikari joins the group. And thus, Satoshi and his friends begin their journey through the exciting land of Sinnoh. [Written by MAL Rewrite]","['Prequel (TV) Pokemon Advanced Generation', 'Sequel (TV) Pokemon Best Wishes!']",Pokemon Diamond & Pearl,"Pocket Monsters: Diamond & Pearl, Diamond and Pearl, DP: Battle Dimension, DP: Galactic Battles, DP: Sinnoh League Victors",,['Kids'],Pokémon Diamond and Pearl,,,Pokémon: Diamant und Perl,Pokémon Diamond and Pearl
47,電脳コイル,Den-noh Coil,['TV'],26,Finished Airing,"May 12, 2007 to Dec 1, 2007",['Spring 2007'],Unknown,"['Bandai Visual', 'NHK', 'Tokuma Shoten']",['Maiden Japan'],['Madhouse'],Original,"['Adventure', 'Award Winning', 'Drama', 'Mystery', 'Sci-Fi']",,25 min. per ep.,G - All Ages,8.02,#640,#1631,"152,185","1,666",44951,"In the near future, augmented reality has become a key part of daily life. A gentle middle school girl named Yuuko ""Yasako"" Okonogi and her family have just moved to Daikoku City despite rumors of people disappearing. There, her grandmother, nicknamed ""Mega-baa,"" runs a shop called Megasia that specializes in illegal tools which interact with parts of the virtual world. Mega-baa also hosts an unofficial detective agency called ""Coil,"" a group of children around Yasako's age who find and handle corruption of the virtual world. Yasako gets involved with the group when Fumie Hashimoto, a playful member of Coil, helps rescue her cyberdog Densuke after getting trapped in virtual space while chasing a mysterious virus. Also investigating these corruptions and viruses is an abrasive hacker named Yuuko Amasawa, who the others take to calling Isako. Can Coil discover the truths behind the mysterious viruses and corruption, and if they can, at what cost? [Written by MAL Rewrite]","['Adaptation (Light Novel) Dennou Coil', 'Adaptation (Manga) Dennou Coil']",Dennou Coil,"Cyber Coil, Coil - A Circle of Children, Denno Coil",,,Dennoh Coil,,,,
48,ヒロイック・エイジ,Heroic Age,['TV'],26,Finished Airing,"Apr 2, 2007 to Oct 1, 2007",['Spring 2007'],Mondays at 01:30 (JST),['Starchild Records'],['Funimation'],['Xebec'],Original,"['Action', 'Sci-Fi']","['Mecha', 'Military', 'Space']",23 min. per ep.,PG-13 - Teens 13 or older,7.50,#1977,#2017,"115,349",656,48101,"When the Golden Race invited other races to join them in the stars, three sentient races answered their call. The Goldens called them the Bronze, Silver and Heroic Tribes. Just before the Gold Tribe left to travel to another Universe, a fourth race appeared, traveling to the stars on their own accomplishments. The Golds named the human race the Iron Tribe. During the passing of time, humanity suffers at the hands of the more dominant races and is now facing extinction. Following a prophecy left by the Gold Tribe, Princess Deianeira sets out to search for the powerful being who might be able to save humankind. She meets a wild haired boy on an abandoned planet—a fateful encounter that will not only change the fortunes of Humanity, but also the fate of the universe. (Source: AniDB)","['Adaptation (Manga) Heroic Age', '']",Heroic Age,,,,,,,,
49,結界師,Kekkaishi,['TV'],52,Finished Airing,"Oct 16, 2006 to Feb 5, 2008",['Fall 2006'],Mondays at 19:00 (JST),"['Yomiuri Telecasting', 'Tohokushinsha Film Corporation']","['VIZ Media', 'Discotek Media']",['Sunrise'],['Manga'],"['Action', 'Adventure', 'Supernatural']",,24 min. per ep.,PG-13 - Teens 13 or older,7.59,#1612,#2031,"114,463",626,51481,"Yoshimura Sumimura comes from a long line of ""Kekkaishi,"" individuals who have supernatural abilities and are able to destroy evil creatures called Ayakashi that venture into the human realm from time to time. The Ayakashi are demons that look to feast on the power emanating from the land of Karasumori, which also happens to be where Yoshimura's high school is located. Now, Yoshimura must fight to protect his beloved school and hometown. Although, if it were up to him, he would rather be baking cakes than fighting off the ugly characters that show up at night. Thankfully, Yoshimura isn't the only one helping to keep the baddies at bay. His childhood friend and neighbor, Tokine Yukimura, joins him in this righteous battle. Despite the fact that they are from rival clans, these two make a fantastic team. And teamwork is something vital to fighting the evil that is closing in, as the Ayakashi attack in waves, looking to claim the land as their own, and a shadowy organization looks on, ready to pounce when the time is right...","['Adaptation (Manga) Kekkaishi', '']",Kekkaishi,Barrier Master,,['Shounen'],,['Mythology'],,,Kekkaishi
50,爆丸バトルブローラーズ,,['TV'],52,Finished Airing,"Apr 5, 2007 to Mar 27, 2008",['Spring 2007'],Thursdays at 17:30 (JST),['Nelvana'],['Warner Bros. Pictures'],['TMS Entertainment'],Original,"['Action', 'Fantasy']",,24 min. per ep.,PG - Children,6.47,#7236,#2039,"113,871",459,70775,"Mysterious cards came down from the sky one day. Capable of summoning powerful creatures from another dimension, they became the centerpiece of a new game called Bakugan. The game gained instant popularity among children and teenagers, with the best of them competing in a worldwide ranking. Meanwhile, war for domination over Vestroia, the homeland of Bakugan cards, rages on. Invaded by the White Dragon Naga and his servants, the Doom Beings, the realm becomes increasingly destabilized. Dimensions begin to merge and many Bakugan players come to realize that their pastime is not merely a game. Danma Kuusou, one such Bakugan player, intends to become the World Ranking's leader someday. However, during one of his fights he experiences a vision of a clash in Vestroia. The fight suddenly moves to Earth, where Danma comes into possession of a talking, mighty fire Bakugan, Pyrus Dragonoid. He soon gets dragged into the conflict, and together with his Bakugan Brawlers team, must traverse the dimensions and restore balance in a ravaged world. [Written by MAL Rewrite]","['Sequel (TV) Bakugan Battle Brawlers: New Vestroia', '']",Bakugan Battle Brawlers,,,,,['Strategy Game'],,,
51,ながされて藍蘭島,,['TV'],26,Finished Airing,"Apr 5, 2007 to Sep 27, 2007",['Spring 2007'],Thursdays at 01:20 (JST),['Square Enix'],['Discotek Media'],['feel.'],['Manga'],"['Comedy', 'Fantasy', 'Romance', 'Ecchi']",,24 min. per ep.,PG-13 - Teens 13 or older,7.21,#3295,#2136,"105,738",411,45892,"Ikuto Touhohin just had a fight with his old man, one that led him to make a rash decision to run away from home. He boards a ship, deciding to take a vacation, but the ship is suddenly hit by a huge storm—one that sends Ikuto overboard! When he regains consciousness, he realizes he is still alive on some island. An isolated island. An isolated island with nothing but girls. Beautiful girls. Stranded on an island with only girls, no electricity, gas, radio, television, like he was back in the stone age. (Source: AniDB)","['Adaptation (Manga) Nagasarete Airantou', '']",Nagasarete Airantou,"Drift off to Blue Orchid Island, Casted Away - Airan Island",,['Shounen'],,['Harem'],,,Nagasarete Airanto
52,おおきく振りかぶって,Big Windup!,['TV'],25,Finished Airing,"Apr 13, 2007 to Sep 28, 2007",['Spring 2007'],Unknown,"['Aniplex', 'Mainichi Broadcasting System', 'TBS', 'Kodansha', 'Movic', 'Rakuonsha']",['Funimation'],['A-1 Pictures'],['Manga'],,,24 min. per ep.,PG-13 - Teens 13 or older,7.87,#883,#2177,"103,144","1,745",42134,"Ren Mihashi was the ace of his middle school's baseball team, but due to his poor pitching, they could never win. Constant losses eventually lead to his teammates bullying him and reached the point where his teammates no longer tried to win, causing Mihashi to graduate with little self-esteem. As a result, Mihashi decides to go to a high school in a different prefecture where he has no intention of playing baseball. Unfortunately, upon his arrival at Nishiura High, he is dragged into joining their new team as the starting pitcher. Although unwilling at first, Mihashi realizes that this is a place where he will be accepted for who he is; with help from the catcher Takaya Abe, he starts to have more confidence in his own abilities. Abe, seeing the potential in Mihashi, makes it a goal to help him become a pitcher worthy of being called an ace. [Written by MAL Rewrite]","['Sequel (TV) Ookiku Furikabutte: Natsu no Taikai-hen', 'Adaptation (Manga) Ookiku Furikabutte']",Ookiku Furikabutte,"Oofuri, Ohkiku Furikabutte, Swing Big!",['Sports'],['Seinen'],,['Team Sports'],,,
53,クレヨンしんちゃん,Shin Chan,['TV'],Unknown,Currently Airing,"Apr 13, 1992 to ?",['Spring 1992'],Fridays at 19:30 (JST),['TV Asahi'],['Funimation'],['Shin-Ei Animation'],['Manga'],"['Comedy', 'Ecchi']",,21 min.,G - All Ages,7.80,#1050,#2402,"88,073","1,330",42190,"There is no such thing as an uneventful day in the life of kindergartener Shinnosuke ""Shin-chan"" Nohara. The five-year-old is a cut above the most troublesome, perverted, and shameless kid one can imagine. Shin-chan is almost always engaged in questionable activities such as forgetting about a friend during hide and seek, sumo wrestling for love, performing various gags including the notorious ""elephant"" in public, and flirting with college girls. The exemplary troublemaker has done it all and has no plans to stop anytime soon. Crayon Shin-chan follows the daily shenanigans of Shin-chan with his group of friends, parading around as the self-proclaimed ""Kasukabe Defense Force."" The adults witnessing these shenanigans unfold can't help but adore Shin-chan, as he keeps them entertained while unintentionally solving their daily troubles through his mindless antics—leaving himself as the only problem they do not know what to do with. [Written by MAL Rewrite]","['Adaptation (Manga) Crayon Shin-chan', '']",Crayon Shin-chan,,,['Seinen'],,['School'],,Shin Chan,Shin Chan
54,怪物王女,Princess Resurrection,['TV'],25,Finished Airing,"Apr 13, 2007 to Sep 28, 2007",['Spring 2007'],Fridays at 01:55 (JST),"['Imagin', 'Lantis', 'Index', 'Universal Pictures Japan']","['ADV Films', 'Sentai Filmworks']",['Madhouse'],['Manga'],"['Action', 'Comedy', 'Horror', 'Supernatural']",,24 min. per ep.,PG-13 - Teens 13 or older,6.96,#4547,#2482,"83,830",216,30323,"When Hiro Hiyorimi tries to save a beautiful young woman from certain death, he ends up a dead hero himself! However, since the drop-dead girl is Hime, daughter of the King of the Monsters, his ""reward"" is to come back as a not-quite-living soldier in her honor guard of horror! That means helping fight off the army of supernatural monstrosities Hime's siblings are unleashing against her in hopes of moving up the ladder of succession. And if facing off with vampires and zombies isn't bad enough, how can anyone be prepared for the REALLY weird ones, like were-sharks, pandas and killer dumplings? This sure as hell isn't the afterlife Hiro was hoping for, but the really sad part is that Hime is the good girl in all of this... or at least as close to good as you can come when you're on the wrong side of the gates of hell! (Source: RightStuf)","['Sequel (Special) Kaibutsu Oujo: Konsui Oujo', 'Adaptation (Manga) Kaibutsu Oujo Read Manga']",Kaibutsu Oujo,"Kaibutsu Ohjo, Monster Princess",,['Shounen'],,['Vampire'],,,
55,ケロロ軍曹,Sgt. Frog,['TV'],358,Finished Airing,"Apr 3, 2004 to Apr 4, 2011",['Spring 2004'],Unknown,"['TV Tokyo', 'Nihon Ad Systems', 'Rakuonsha']","['ADV Films', 'Funimation', 'Discotek Media']",['Sunrise'],['Manga'],"['Comedy', 'Sci-Fi']",,23 min. per ep.,PG-13 - Teens 13 or older,7.70,#1300,#2552,"80,338","1,281",35925,"It is the year 2004 AD, and pandemonium breaks as a mysterious frog-like alien race fills the sky with UFOs—or so 12-year-old Fuyuki Hinata dreams. Coincidentally, Sergeant Keroro, leader of a preliminary squad for the Keronian invasion of Pekopon—the alien name for Earth—begins his mission by invading Fuyuki's home. After subduing the boy and his sister, Keroro plans to reunite with his comrades and return to the mothership to repair his invaluable invasion device, the Kero Ball. Unfortunately, he receives word that headquarters has abandoned his unit's retrieval due to an unprecedented issue that forced the rest of the Keronians to flee. Consequently, Keroro is forced to stay at the Hinata residence together with the friendly, starry-eyed Fuyuki; his athletic, short-tempered sister Natsumi; and their hardworking, attractive mother Aki. Now stuck until further notice, Keroro and his platoon spend each day plotting world domination, but are thwarted each and every time by various unexpected factors. Nevertheless, as they live alongside humans, they learn to treat them as friends and allies, forming comedic yet meaningful connections that make their lives on Earth worthwhile. [Written by MAL Rewrite]","['Prequel (Special) Kero 0: Shuppatsu da yo! Zenin Shuugou!', 'Adaptation (Manga) Keroro Gunsou']",Keroro Gunsou,Sergeant Frog,,['Shounen'],,['Parody'],,,
56,地球へ…,Toward the Terra (TV),['TV'],24,Finished Airing,"Apr 7, 2007 to Sep 22, 2007",['Spring 2007'],Saturdays at 18:00 (JST),"['Aniplex', 'Mainichi Broadcasting System', 'SKY Perfect Well Think']",['Bandai Entertainment'],"['Tokyo Kids', 'Minami Machi Bugyousho']",['Manga'],"['Action', 'Drama', 'Sci-Fi']","['Military', 'Space', 'Super Power']",24 min. per ep.,PG-13 - Teens 13 or older,7.85,#926,#2912,"63,947",841,19202,"When humanity realized that the Earth, or Terra, had been polluted beyond fixing, the planet's governments united under a unique authoritarian system named Superior Domination (SD) and started to colonize space. Centuries later, mankind has given up its freedom in favor of the AI Grand Mother; when someone reaches the age of 14, their memories are wiped and they are automatically assigned a new role in society. Jomy Marquis Shin, a sensitive young man raised by loving parents, is saved from this grim fate by Soldier Blue, the current leader of the Mu race—a new species of human beings blessed with psychic abilities. However, in the eyes of SD, the existence of people like Jomy threatens the new paradigm of humanity. Hunted down by the hounds of the government, Jomy finds solace in the welcoming arms of the Mu, who hide aboard the spaceship Shangri-La. Now the leader of the Mu resistance years later, Jomy embarks on a journey toward Terra to escape from SD's manhunt led by Keith Anyan, an ambitious and ruthless rising star of humanity. Will Jomy and his people manage to reach the cradle of humanity before Keith destroys their last hope? [Written by MAL Rewrite]","['Adaptation (Manga) Terra e...', '']",Terra e... (TV),"Terra e... (2007), Terra he..., Chikyuu he..., Towards the Terra...",,['Shounen'],,,,,
57,エル・カザド,El Cazador de la Bruja,['TV'],26,Finished Airing,"Apr 3, 2007 to Sep 25, 2007",['Spring 2007'],Tuesdays at 01:30 (JST),['Victor Entertainment'],['Funimation'],['Bee Train'],Original,"['Adventure', 'Drama', 'Mystery']",,24 min. per ep.,PG-13 - Teens 13 or older,7.20,#3380,#3089,"57,266",265,19076,"Nadie is a bounty hunter with an attitude, and she's got a lock on her next target: Ellis, a young amnesiac girl who is a suspect in the murder of a famous scientist. Nadie manages to apprehend Ellis, but on a whim, decides to accompany her to Wiñay Marka, a place which supposedly holds the key to unlocking Ellis's memories and her mysterious past. However, Nadie cautions Ellis that this does not mean she will go free—once Ellis has found what she is looking for, Nadie will turn her over to the authorities. With Ellis's connection to a gemstone called the Inca Rose as their only guide, the two set off on their journey south through Mexico to search for the mysterious ""Eternal City"" of Wiñay Marka. [Written by MAL Rewrite]","['Adaptation (Manga) El Cazador', '']",El Cazador de la Bruja,"El Cazador, The Witch Hunter",,,,,,,
58,ブルー・ドラゴン,,['TV'],51,Finished Airing,"Apr 7, 2007 to Mar 29, 2008",['Spring 2007'],Saturdays at 09:00 (JST),['Pony Canyon'],['VIZ Media'],['Pierrot'],Game,"['Adventure', 'Comedy', 'Fantasy']",,25 min. per ep.,PG - Children,6.40,#7688,#3095,"57,048",116,29236,"As Shu's village was being attacked by an unknown enemy, he and his friends, Jiro and Kluke decide to defend their home. They soon meet warrior Zola and receive the powers of Shadow, an ability that let's them transform their shadow into a powerful monster. Shu receives one of the most powerful monsters, Blue Dragon, and they all set out to defeat their enemy. (Source: ANN)","['Sequel (TV) Blue Dragon: Tenkai no Shichi Ryuu', '']",Blue Dragon,,,,,,,,
59,魔法少女リリカルなのはStrikerS,Magical Girl Lyrical Nanoha StrikerS,['TV'],26,Finished Airing,"Apr 2, 2007 to Sep 24, 2007",['Spring 2007'],Unknown,"['A-Line', 'King Records', 'Omnibus Promotion']",['Discotek Media'],['Seven Arcs'],Original,"['Action', 'Comedy', 'Drama']",,25 min. per ep.,PG-13 - Teens 13 or older,7.61,#1562,#3147,"55,093",566,26976,"Distinguished mages Nanoha Takamachi, Fate Testarossa, and Hayate Yagami now work as military personnel for the Time-Space Administration Bureau on the planet Midchilda, having completed their studies on Earth in the last ten years since the ""Book of Darkness"" incident. One day, the three end up helping the Bureau respond to a severe airport fire, but their efforts are left unrecognized. A series of unfortunate events motivate Hayate to create the elite unit Riot Force 6, which handles cases involving public safety as well as dangerous magical objects known as Lost Logia. There the trio works alongside promising recruits Subaru Nakajima, Teana Lanster, Caro Ru Lushe, and Erio Mondial, who endure difficult training to fulfill expectations while overcoming hurdles and achieving personal goals. However, carrying out their mission proves to be a constant struggle. Battling foes who exploit the Lost Logia and facing criticisms from within the Bureau, Riot Force 6 quickly finds itself stretched thin. [Written by MAL Rewrite]","[""Prequel (TV) Mahou Shoujo Lyrical Nanoha A's"", 'Sequel (TV) Mahou Shoujo Lyrical Nanoha ViVid', 'Adaptation (Manga) Mahou Shoujo Lyrical Nanoha StrikerS THE COMICS', '']",Mahou Shoujo Lyrical Nanoha StrikerS,Nanoha Season 3,,,,['Mahou Shoujo'],,,
60,かみちゃまかりん,,['TV'],26,Finished Airing,"Apr 6, 2007 to Sep 28, 2007",['Spring 2007'],Unknown,"['Broccoli', 'Nihon Ad Systems', 'Pony Canyon', 'Studio Kelmadick']","None found,",['Satelight'],['Manga'],"['Comedy', 'Fantasy', 'Romance']","['Mahou Shoujo', 'School']",24 min. per ep.,PG-13 - Teens 13 or older,7.18,#3451,#3163,"54,497",382,23122,"Thirteen-year-old Karin Hanazono feels like her life can't get any worse, Her parents died when she was younger, leaving her with an aunt who doesn't hesitate to call her stupid and useless over her poor grades. Her only friend, her cat named Shii-chan, passed away recently, leaving her completely alone. All she has left of her parents is a ring given to her by her mother, which she treasures dearly as the sole thing left of her past. Kamichama Karin begins the moment her life takes a turn for the better, when she is approached by Himeka Kuujou, a cute girl who has also lost her parents, and Kazune Kuujou, her cousin who finds girls to be troublesome, both of whom are searching for a goddess. Her mother's memento ring shines brightly in their presence and fills her with its radiance, making her smarter, faster, and capable of granting wishes. It turns out that her ring allows her to become the very goddess they were looking for, and now that she has awakened that power, others will come after her for it…","['Adaptation (Manga) Kamichama Karin', '']",Kamichama Karin,"Kami-chama Karin, Little Goddess Karin",,['Shoujo'],,,,,
61,オーバードライヴ,,['TV'],26,Finished Airing,"Apr 4, 2007 to Sep 26, 2007",['Spring 2007'],Wednesdays at 01:30 (JST),"['Sotsu', 'Pony Canyon', 'Half H.P Studio']","None found,",['Xebec'],['Manga'],,,24 min. per ep.,PG-13 - Teens 13 or older,7.51,#1915,#3499,"45,724",208,21017,"Mikoto Shinozaki is a high school student lacking in social awareness. In addition, due to his untidy appearance and low self-esteem, he is an easy target for bullies. Regardless, any misfortune that falls upon Mikoto is partly his own fault—at least, that is what Yuki Fukuzawa, the most popular girl in class, believes. With this assumption, Yuki invites Mikoto to join the school's bicycle club, in hopes he can improve himself and gain new friends. Motivated by feelings he has for Yuki, Mikoto has no reason to decline her offer—except for the fact that he does not know how to ride a bicycle. Despite his lack of even the fundamentals, Mikoto cannot get over the image of himself on a bicycle. Eventually, he succumbs to his curiosity and sneaks into the school grounds at night to practice. This begins Mikoto's journey as he pedals his way through the vast world of cycling, where the scenery of his life changes in ways he never thought possible. [Written by MAL Rewrite]","['Adaptation (Manga) Over Drive', '']",Over Drive,OverDrive,['Sports'],['Shounen'],,['Racing'],,,
62,彩雲国物語 第2シリーズ,Tales of Saiunkoku,['TV'],39,Finished Airing,"Apr 7, 2007 to Mar 8, 2008",['Spring 2007'],Saturdays at 09:00 (JST),"['NHK', 'Sogo Vision']","None found,",['Madhouse'],['Light novel'],"['Adventure', 'Fantasy', 'Romance']","['Historical', 'Reverse Harem']",25 min. per ep.,PG-13 - Teens 13 or older,8.00,#675,#3623,"42,907",204,18439,"Shuurei Kou and her friend Eigetsu To, a boy prodigy of humble origins, have been appointed co-governors of the Sa province, one of the eight provinces in Saiunkoku. Together, they decide to make the province an academic research center in the hopes of bringing a long overdue prosperity to the region. However, while Shuurei goes to the capital to obtain approvals for the ambitious project, the Sa province's recently established tranquility is threatened by a pandemic that brings both death and turmoil as it begins to spread among the people. Counting on Eigetsu to monitor the situation until her return, Shuurei seeks support from her allies to find a suitable treatment. Yet, Eigetsu's past personal conflicts distract him, providing an opportunity for opponents of Shuurei's position to take advantage of the troubles and undermine her authority. Becoming a government official has been Shuurei's lifelong dream, but it is no easy task for the first woman undertaking such a position. Will she step up and overcome this great challenge or give in to the looming adversities? [Written by MAL Rewrite]","['Prequel (TV) Saiunkoku Monogatari', 'Adaptation (Manga) Saiunkoku Monogatari', 'Adaptation (Light Novel) Saiunkoku Monogatari', '']",Saiunkoku Monogatari 2nd Season,"Saiunmono, Saimono, Saiunkoku Monogatari Dai 2 Series",,['Shoujo'],,,,,
63,きらりん☆レボリューション,Kirarin Revolution,['TV'],153,Finished Airing,"Apr 7, 2006 to Mar 27, 2009",['Spring 2006'],Fridays at 18:00 (JST),"['MediaNet', 'Sony Music Entertainment', 'Shogakukan Productions']","None found,","['SynergySP', 'G&G Entertainment']",['Manga'],"['Comedy', 'Drama', 'Romance']",,22 min. per ep.,PG-13 - Teens 13 or older,7.08,#4001,#4051,"34,226",275,14290,"Kirari Tsukishima, a gluttonous 14-year-old beauty, is a girl who does not care about idols and the entertainment world because her mind is occupied by food. Her obsession with food only causes her to be clueless about love. One day, after saving a turtle that is stranded in a tree, Kirari meets with a handsome and gentle boy named Seiji, who gives her ticket to a SHIPS (a popular idol group) concert to show his gratitude for her saving his pet. Kirari then storms off to the concert and runs into another boy, who tears up her ticket and warns her to stay away from Seiji because she and Seiji live in different worlds. The outraged Kirari then sneaks into the concert, only to discover that Seiji and the boy who tore her ticket, named Hiroto, are actually members of SHIPS. Finally understanding the meaning of ""different worlds"" (Seiji is a popular idol while she is an average middle school student), Kirari refuses to give up. Filled with determination to be with Seiji, she declares that she will also become an idol. (Source: Wikipedia)","['Adaptation (Manga) Kirarin☆Revolution', '']",Kirarin☆Revolution,,,['Shoujo'],,['Showbiz'],,,
64,レ・ミゼラブル 少女コゼット,,['TV'],52,Finished Airing,"Jan 7, 2007 to Dec 30, 2007",['Winter 2007'],Sundays at 19:30 (JST),"None found,","None found,",['Nippon Animation'],Novel,,,24 min. per ep.,G - All Ages,7.90,#814,#4205,"31,536",292,10318,"In 19th century France, a struggling single mother, Fantine, leaves her three-year-old daughter Cosette in the care of her new acquaintances, the Thernadiers. Unfortunately, Cosette's caretakers prove to be anything but loving, and the poor girl is subjected to repeated abuse and forced servitude. Still, she endures the torment in the hopes of seeing her mother once again. One night, while doing errands for her host family, Cosette is assisted by an honorable stranger named Jean Valjean. After a brief conversation with the young girl, Jean acknowledges her as the type of person he has been seeking and rescues her from the clutches of the Thernadiers. They make their way to a nearby town where Cosette enjoys a new life thanks to her savior. Under Jean's guidance, Cosette promises to help others with her newfound freedom. She pledges to heal the nation, ensuring that no one else suffers her fate. Though the road ahead is paved with tragedies left by the French Revolution, this idealistic girl will not rest until France is freed from poverty and suffering. [Written by MAL Rewrite]",[],Les Misérables: Shoujo Cosette,Les Miserables: Shoujo Cosette,['Drama'],,,['Historical'],,,
65,デルトラクエスト,Deltora Quest,['TV'],65,Finished Airing,"Jan 6, 2007 to Mar 29, 2008",['Winter 2007'],Saturdays at 08:00 (JST),"['Dentsu', 'Genco', 'Kodansha', 'Half H.P Studio']",['Flatiron Film Company'],['OLM'],Book,"['Adventure', 'Fantasy']",,25 min. per ep.,PG-13 - Teens 13 or older,7.09,#3959,#4223,"31,141",221,13134,"Long ago, the blacksmith Adin forged a belt of seven powerful gems, one from each of the seven tribes of Deltora. Wielding the belt's unparalleled power, he repelled the Shadow Lord's attempt to overthrow the kingdom. Adin was crowned king of Deltora, but he never forgot that the enemy remained unbeaten. Centuries later, memory of the Shadow Lord has become faded and almost forgotten, and the people of Deltora see their monarchy as detached and uncaring. Much to their dismay, the Shadow Lord strikes once more, breaking the Belt of Deltora by scattering the seven gems across the continent. Jarred, a close friend of the young king Endon, assists him and his wife in escaping from the castle as the Shadow Lord takes over, and they part ways to go into hiding. The Shadow Lord now reigns over Deltora and many years pass under his tyrannical rule. However, there is a glimmer of hope in Jarred's son Lief, whom he has lovingly raised and trained to find the scattered gemstones and reassemble the Belt of Deltora. Along with his companions Barda and Jasmine, Lief must face devious enemies and dangerous beasts to oust the Shadow Lord and return peace to Deltora. [Written by MAL Rewrite]","['Adaptation (Manga) Deltora Quest', '']",Deltora Quest,,,['Kids'],,,,,
66,古代王者 恐竜キング Ｄキッズアドベンチャー,Dinosaur King,['TV'],49,Finished Airing,"Feb 4, 2007 to Jan 27, 2008",['Winter 2007'],Unknown,"['Asatsu DK', 'Sega', 'Happinet Pictures', 'Nagoya Broadcasting Network']","['4Kids Entertainment', 'Discotek Media']",['Sunrise'],Game,"['Adventure', 'Fantasy']",,25 min. per ep.,PG - Children,6.44,#7466,#4382,"29,017",146,17227,"Dr. Taylor was on a paleontology mission with his son, Max in Africa. Rex, Max's best friend, joins along as well. When Max had stumbled across some magic stone slabs with images of dinosaurs, the boys and their friend Zoe were being called out by the dinosaurs for help. It seems that an evil organization called the ""Alpha Gang,"" led by the nefarious Dr. Z, traveled back in time to hunt down the dinosaurs so that they could take over the world by using those dinosaurs. It is up to Max, Rex, and their friend Zoe to travel around the world, defeating Dr. Z and the Alpha Gang while hunting down the dinosaurs. (Source: Wikipedia)","['Sequel (TV) Kodai Ouja Kyouryuu King: Yokuryuu Densetsu', 'Adaptation (Manga) Dinosaur King']",Kodai Ouja Kyouryuu King,"Kodai Oja Kyoryu King D-Kids Adventure, Ancient Ruler Dinosaur King",,['Kids'],Dinosaur King: The Adventure begins,,,Dinosaur King: The Adventure begins,Dinosaur King
67,アイドルマスター XENOGLOSSIA（ゼノグラシア）,IDOLM@STER Xenoglossia,['TV'],26,Finished Airing,"Apr 3, 2007 to Sep 25, 2007",['Spring 2007'],Mondays at 02:30 (JST),['Bandai Visual'],['Sentai Filmworks'],['Sunrise'],Game,"['Action', 'Comedy', 'Sci-Fi']",,23 min. per ep.,PG-13 - Teens 13 or older,6.45,#7425,#4761,"24,068",31,7323,"107 years ago, the Moon was destroyed in a massive cataclysm that shattered Earth's former satellite into 81 quintillion tons of orbital debris. However, thanks to super-science, the Earth itself was saved and today no one really thinks much about that century-past disaster. Which is why when teenage Haruka Amami auditions for something called the Idolmaster Project, she THINKS she's trying out to be a singing idol. Instead, Haruka finds herself at a secret school run by the Mondenkind Agency, living with a group of other girls who have also been selected as candidates to pilot an iDOL - an advanced robot specifically designed to intercept falling chunks of moon rock. Except, the people who run the Mondenkind Agency aren't exactly knights in shining armor. And then there's the question of whether the iDOLs are really JUST robots. Because from almost the first moment, Haruka starts to feel emotions resonating from within the iDOL called Imber. (Source: Sentai Filmworks)","['Adaptation (Manga) Idolmaster Xenoglossia', '']",iDOLM@STER Xenoglossia,"Idol Master Xenoglossia, Idolmaster Xenoglossia",,,,['Mecha'],,,
68,ドラえもん (2005),,['TV'],Unknown,Currently Airing,"Apr 22, 2005 to ?",['Spring 2005'],Fridays at 19:00 (JST),['TV Asahi'],"None found,",['Shin-Ei Animation'],['Manga'],"['Comedy', 'Sci-Fi']",,25 min.,PG - Children,7.71,#1277,#5003,"21,429",239,9594,"Doraemon (2005) is the most recent anime series based on Fujiko Fujio's manga of the same name. It is the 2005 version of 1979 series, with certain changes in the animation and other things. Doraemon is a cat-like robot who appears in the present to steer Nobita/Noby, who is a dumb, naive and clumsy boy on the right path in order to secure his future. Nobita's love interest is Shizuka Minamoto/Sue, his frenemies are Takeshi Goda/Big G and Suneo/Sneech. (Source: Wikipedia)","['Prequel (TV) Doraemon (1979)', 'Adaptation (Manga) Doraemon']",Doraemon (2005),,,,,['Anthropomorphic'],"['Kids', 'Shounen']",,
69,桃華月憚,Toka Gettan: The Moonlight Lady Returns,['TV'],26,Finished Airing,"Apr 3, 2007 to Sep 25, 2007",['Spring 2007'],Tuesdays at 01:30 (JST),"['Avex Entertainment', 'DAX Production', 'WAO World', 'Imagine']",['Sentai Filmworks'],['Studio Deen'],Visual novel,"['Drama', 'Fantasy', 'Romance', 'Ecchi']",,23 min. per ep.,R - 17+ (violence & profanity),6.48,#7188,#5048,"20,980",48,4888,"Touka Gettan is set in the land of Kamitsumihara, where traces of magic and legend can still be seen. The land has been under the protection of the Kamiazuma clan since it was founded. The story revolves around Touka Kamiazuma, the main protagonist, and his encounter with a young girl named Momoka Kawakabe who comes to stay with the clan. Their meeting sets off a chain of events that will bring an ancient legend to life. (Source: ANN)","['Adaptation (Manga) Touka Gettan', '']",Touka Gettan,,,,,,,,
70,Yes! プリキュア5,Yes! Precure 5,['TV'],49,Finished Airing,"Feb 4, 2007 to Jan 27, 2008",['Winter 2007'],Unknown,['Asahi Broadcasting'],"None found,",['Toei Animation'],Original,,"['Mahou Shoujo', 'School']",24 min. per ep.,G - All Ages,7.18,#3497,#5203,"19,482",93,8033,"Yumehara Nozomi, a regular student, finds a magical book called the Dream Collet in the library and meets Coco and Nuts, two creatures from the Palmier Kingdom. They plead with Nozomi to restore their world, which has been destroyed by an organization called the Nightmares, by completing the Dream Collet and finding the 55 Pinkies to make any wish come true. Meanwhile, the Nightmares are moving into the real world. Once Nozomi agrees to help, Coco and Nuts transform her into the magical girl Cure Dream and turn four fellow students into her Pretty Cure team. (Source: ANN)","['Sequel (TV) Yes! Precure 5 GoGo!', 'Adaptation (Manga) Yes! Precure 5']",Yes! Precure 5,,['Action'],,,,,,
71,流星のロックマン,Megaman Star Force,['TV'],55,Finished Airing,"Oct 7, 2006 to Oct 27, 2007",['Fall 2006'],Unknown,['Shogakukan Productions'],['VIZ Media'],['Xebec'],Game,"['Action', 'Sci-Fi']",,10 min. per ep.,PG - Children,7.09,#3949,#5844,"14,326",80,6362,"In the year 220X, the world has advanced toward radio-wave technology, and the world is connected through the Wave Road. Meet Subaru Hoshikawa, a fifth-grade student who lost his father in a space accident. Subaru meets an extraterrestrial radio-wave being named War-Rock, descending from a distant FM planet. War-Rock claims to know about Subaru's father, but many alien beings are after War-Rock. The two work together and merge into Rockman, a radio-wave human capable of traversing the Wave Road and battling the radio-wave viruses and FMs that threaten the Earth. (Source: ANN)","['Sequel (TV) Ryuusei no Rockman Tribe', 'Adaptation (Manga) Ryuusei no Rockman']",Ryuusei no Rockman,"Ryusei no Rockman, Rockman of the Shooting Star, Rockman of the Meteor",,,,['Strategy Game'],,,
72,大江戸ロケット,Oh! Edo Rocket,['TV'],26,Finished Airing,"Apr 4, 2007 to Sep 26, 2007",['Spring 2007'],Wednesdays at 02:00 (JST),"['Sunny Side Up', 'Index', 'Universal Pictures Japan']",['Funimation'],['Madhouse'],Other,"['Comedy', 'Drama', 'Fantasy', 'Sci-Fi']",,24 min. per ep.,PG-13 - Teens 13 or older,7.19,#3439,#6003,"13,380",35,4818,"In Edo in the mid-1800's, fireworks maker Seikichi Tamaya and his friends struggle to live under the harsh morality laws imposed by the strict city councilor, which ban all luxuries, including fireworks. One day, a strange girl stops by Sekichi's shop with an equally strange request: she wants Sekichi to build a firework that can reach the moon. (Source: ANN)",[],Oh! Edo Rocket,"Ohedo Rocket, Ooedo Rocket",,,,['Historical'],,,
73,攻殻機動隊 STAND ALONE COMPLEX タチコマな日々,Ghost in the Shell: Stand Alone Complex: Tachikomatic Days,['TV'],12,Finished Airing,"May 2, 2007 to Apr 13, 2008",['Spring 2007'],Unknown,"None found,","None found,",['Production I.G'],['Manga'],"['Comedy', 'Sci-Fi']",,3 min. per ep.,PG - Children,7.19,#3431,#6096,"12,803",7,3769,"Tachikoma TV series that aired on Animax. Unlike the previous ""Tachikoma na Hibi,"" which were auxiliary episodes to the main Ghost in the Shell SAC and 2nd GIG, the special version has longer stories based on various Japanese and Orthodox folklore. Later re-released on a BD box with all the Tachikoma shorts.",[],Koukaku Kidoutai: Stand Alone Complex - Tachikoma na Hibi (TV),Ghost in the Shell: Stand Alone Complex - Tachikoma na Hibi Specials,,,,['Mecha'],,,
74,キスダム -ENGAGE planet-,,['TV'],26,Finished Airing,"Apr 4, 2007 to Sep 26, 2007",['Spring 2007'],Unknown,['Bandai Visual'],"['Maiden Japan', 'Bandai Visual USA']",['Satelight'],Original,,"['Mecha', 'Military']",24 min. per ep.,PG-13 - Teens 13 or older,6.52,#6917,#6336,"11,633",14,3260,"In A.D. 2031, humans are enjoying a prosperous existence until strange life forms called Hardians appear. They suddenly begin to multiply and assault the human population. As a countermeasure, mankind organizes the N.I.D.F. to investigate the Hardians and protect themselves. A fighter pilot, Aiba Shu, begins to become involved in the battle against the lifeforms. Rurika Yuno, one of Earth's foremost scientists, investigates the Hardians and hears rumors about the ""Book of a Dead Man."" What is the secret of this tome, and what relation does it have to the Hardians? Now, the fight for mankind's survival begins. (Source: AnimeNfo)","['Sequel (Special) Kiss Dum R: Meguriahi', '']",Kiss Dum: Engage Planet,Engage Planet Kiss Dum,['Sci-Fi'],,,,,,
75,ライディーン,Reideen,['TV'],26,Finished Airing,"Feb 4, 2007 to Sep 1, 2007",['Winter 2007'],Saturdays at 19:00 (JST),['Tohokushinsha Film Corporation'],['Sentai Filmworks'],['Production I.G'],Original,"['Action', 'Sci-Fi']",,24 min. per ep.,PG-13 - Teens 13 or older,6.52,#6937,#6850,"9,714",8,3199,"Saiga is a normal high school student with a gift in mathematics. His daily routine is disrupted when his family gets news that his Father's remains have been discovered—a noted archeologist and researcher who had gone missing while exploring a site many years before. Among his remains were notes and artifacts that needed to be identified by the family near a notable triangular mountain in Japan known as ""Japan's pyramid"", a place suspected by some to be man-made. A meteor containing a strange robotic lifeform falls from the sky and begins to cause destruction, putting Saiga in danger and causing a mysterious bracelet from his father's research to activate and merge him with an ancient robot burried within the pyramid—a robot the runes describe as Reideen. It is now up to Saiga and guardian Reideen to fight against this unknown alien threat from the sky. (Source: ANN)","['Adaptation (Manga) Reideen', '']",Reideen,"Reideen (2007), Raideen",,,,['Mecha'],,,
76,鋼鉄三国志,,['TV'],25,Finished Airing,"Apr 6, 2007 to Sep 28, 2007",['Spring 2007'],Unknown,['Nihon Ad Systems'],"None found,",['Picture Magic'],Unknown,,,23 min. per ep.,PG-13 - Teens 13 or older,6.29,#8349,#6949,"9,402",14,2783,"The Imperial Seal has been passed down through the generations since ancient times. It confers great power unto the warriors that it chooses. This is the story of those warriors. It is a time of chaos and of civil war. It is a time when great armies clash in titanic battles and great heroes carve their names in history. It is also a time of death and destruction, when the people of the land live in constant fear of the sword. Onto this stage steps the reluctant Rikuson (Lu Xun), whose family had been the guardians of the Imperial Seal up until it was stolen by Sonsaku. At the behest of his mentor Rikuson offers his services to Sonsaku with the intention of confirming the will of the Imperial Seal. However, assassins strike down Sonsaku and the Imperial Seal is lost. So begins, Rikuson’s journey to recover the Imperial Seal and discover his destiny. (Source: AniDB)","['Sequel (Special) Koutetsu Sangokushi Special', '']",Koutetsu Sangokushi,,['Adventure'],,,['Historical'],,,
77,サザエさん,Mrs. Sazae,['TV'],Unknown,Currently Airing,"Oct 5, 1969 to ?",['Fall 1969'],Sundays at 18:30 (JST),['Fuji TV'],"None found,",['Eiken'],['4-koma manga'],"['Comedy', 'Slice of Life']",,24 min.,G - All Ages,6.14,#9155,#7129,"8,805",39,1935,"The main character is a mother named Sazae-san. She lives in a house with her husband, her kids and her parents. The show is the ultimate family program and tends to follow traditional themes. Think of this show as the Japanese equivalent to ""The Partridge Family"" and you'll get a good feel for this show's atmosphere. Don't expect to see things like violence, swearing, kung-fu action or magical girls. The plots are more like ""Today, Sazae-san goes to the new mall and gets lost"". Such ""boring"" plotlines and the simplistic art are often a turn-off to non-Japanese audiences, but most Japanese find the show incredibly good. As a result, it continues to be one of the top ratings grabbers on TV and is one of the few anime that is considered ""acceptable"" by adults. (Source: AniDB)","['Adaptation (Manga) Sazae-san', '']",Sazae-san,,,,,,,,
78,風の少女エミリー,,['TV'],26,Finished Airing,"Apr 7, 2007 to Sep 29, 2007",['Spring 2007'],Unknown,['NHK'],"None found,",['TMS Entertainment'],Novel,,,25 min. per ep.,G - All Ages,7.35,#2578,#7255,"8,445",28,2926,"Based on the Emily of New Moon novel by Lucy Maud Montgomery. Emily is an orphan who gets sent to live with her relatives on Prince Edward Island, after her father dies. In New Moon she lives with her Aunt Elizabeth, Aunt Laura, and Cousin Jimmy, and learns to adapt with the help of her imagination and new friends. (Source: ANN)",[],Kaze no Shoujo Emily,"Kaze no Shojo Emily, Emily of the New Moon",['Drama'],,,['Historical'],,,
79,忍たま乱太郎,,['TV'],Unknown,Currently Airing,"Apr 10, 1993 to ?",['Spring 1993'],Not scheduled once per week,"['NHK', 'Sogo Vision', 'NHK Enterprises']","None found,","['Ajia-do', 'Gakken']",['Manga'],,,10 min.,G - All Ages,7.08,#4010,#7391,"8,013",77,2550,"Taking place in the Sengoku Period, Rantarou, Kirimaru and Shinbei are young students at Ninjutsu Academy, a school that teaches all kinds of youth how to become ninjas. Known as ""Nintamas"" (a contraction of ninja + tama [egg]), the main trio, and many other students at the school, must learn all sorts of unique skills to achieve their goal. Unfortunately, things aren't that simple, since our protagonists constantly find themselves failing their classes. With strict ninja teachers such as Doi-sensei and Yamada-sensei, the mischievous girls from the Kunoichi class, an entire crew of pirates and dozens more interesting characters, anything can happen in the crazy world of Nintama. The episodes are 7 minutes and thirty seconds long each, and each season (which there's currently 29 of) usually has a range of 60-90 episodes.","['Adaptation (Manga) Rakudai Ninja Rantarou', '']",Nintama Rantarou,"Ninja Boy Rantaro, Rakudaii Nintama Rantarou",['Comedy'],['Kids'],,,,,El Ninja Boy Rantaró
80,機神大戦 ギガンティック・フォーミュラ,,['TV'],26,Finished Airing,"Apr 5, 2007 to Sep 27, 2007",['Spring 2007'],Unknown,"['Bandai Visual', 'TV Tokyo Music']","None found,","[""Brain's Base""]",Original,,,24 min. per ep.,PG-13 - Teens 13 or older,6.78,#5431,#7614,"7,424",8,2467,"2035 A.D. The heads of ancient giant idols were excavated all over the world. Using those twelve stones statues, Humanity had barely overcome the threat of extinction called the ""Equatorial Winter"". But the stone statues had forced Humanity to construct colossal suits of armor as their bodies and demanded that the humans fight each other. (Source: ANN)",[],Kishin Taisen Gigantic Formula,"Apo Mekhanes Theos Gigantic Formula, Mechanical Divine War Gigantic Formula, War Gods Battle: Gigantic Formula",['Sci-Fi'],,,['Mecha'],,,
81,ちびまる子ちゃん,Little Miss Maruko,['TV'],Unknown,Currently Airing,"Jan 8, 1995 to ?",['Winter 1995'],Sundays at 18:00 (JST),"['Ajia-do', 'Fuji TV', 'Sakura Production']","None found,",['Nippon Animation'],['Manga'],,,23 min.,G - All Ages,7.34,#2613,#7911,"6,777",62,2188,"Momoko Sakura is an elementary school student who likes popular idol Momoe Yamaguchi and mangas. She is often called ""Chibi Maruko-chan"" due to her young age and small size. She lives together with her parents, her grandparents and her elder sister in a little town. In school, she has many friends with whom she studies and plays together everyday, including her close pal, Tama-chan; the student committee members, Maruo-kun and Migiwa-san; and the B-class trio: 'little master' Hanawa-kun, Hamaji-Bu Taro and Sekiguchi-kun. This is a fun-loving and enjoyable anime that portrays the simple things in life. (Source: ANN)","['Prequel (TV) Chibi Maruko-chan', 'Adaptation (Manga) Chibi Maruko-chan']",Chibi Maruko-chan (1995),Maruko-chan,['Comedy'],['Shoujo'],,['School'],,,Chibi Maruko-chan
82,ゲゲゲの鬼太郎 (2007),,['TV'],100,Finished Airing,"Apr 1, 2007 to Mar 29, 2009",['Spring 2007'],Sundays at 09:00 (JST),"None found,","None found,",['Toei Animation'],['Manga'],"['Comedy', 'Fantasy', 'Horror']",,23 min. per ep.,G - All Ages,6.94,#4643,#7951,"6,704",13,2197,"The classic tale of Gegege no Kitaro told yet again. The story is the usual in the Gegege no Kitaro series. Kitaro is a boy living in the Gegege Forest/Cemetery (lands where many Yokai roam) with his mostly dead father (who survives only in his eye), Sunakake Babaa, NekoMusume, and Konaki Jiji. One difference between this Kitaro and all of the others that came before him, is that this one has brown hair instead of the standard grayish silver.","['Adaptation (Manga) GeGeGe no Kitarou', '']",Gegege no Kitarou (2007),Spooky Kitaro,,,,,,,
83,あたしンち,My Family,['TV'],330,Finished Airing,"Apr 19, 2002 to Sep 19, 2009",['Spring 2002'],Saturdays at 11:20 (JST),"['TV Asahi', 'Yumeta Company']","None found,",['Shin-Ei Animation'],['Manga'],"['Comedy', 'Slice of Life']",,25 min. per ep.,G - All Ages,7.38,#2457,#8235,"6,116",63,2770,"Outrageous misadventures of an almost normal family with a housewife, her husband, and their two kids Yuzuhiko and Mikan. Wacky humor about this weird family's daily life. (Source: AniDB)","[""Sequel (TV) Shin Atashin'chi"", ""Adaptation (Manga) Atashin'chi""]",Atashin'chi,Atashinchi,,,,,,,
84,とっとこハム太郎は〜い!,Hamtaro Hai!,['TV'],77,Finished Airing,"Apr 5, 2006 to Mar 28, 2008",['Spring 2006'],Unknown,['TV Tokyo'],"None found,","None found,",Unknown,,,5 min. per ep.,PG - Children,6.75,#5589,#8403,"5,860",9,2306,"Tottoko Hamutaro Hai! is the sequel to Tottoko Hamutaro, or in English, Hamtaro. The series revolves around the 15 original Ham-Hams in short 5-minute episodes. The Hai! series is animated differently from the original series, most notably, the head-to-body ratio is off, and it is also computer-generated in 3-D. (Source: Wikipedia)","['Prequel (TV) Tottoko Hamtarou', '']",Tottoko Hamtarou Hai!,"Tottoko Hamutarou Hai!, Tottoko Hamutarou: Norisuta Haai!",['Adventure'],['Kids'],,['Anthropomorphic'],,,
85,スパイダーライダーズ ～よみがえる太陽～,Spider Riders: Resurrected Sun,['TV'],26,Finished Airing,"Apr 14, 2007 to Oct 13, 2007",['Spring 2007'],Saturdays at 17:00 (JST),"['TV Tokyo', 'Yomiko Advertising', 'Cookie Jar Entertainment']","None found,",['Bee Train'],Novel,"['Action', 'Adventure']",,23 min. per ep.,PG - Children,6.70,#5914,#8795,"5,220",8,2309,"The battle against the Insectors to save the Inner World rages on, as Hunter Steele and the Spider Riders defend Arachna. With the help of his friends—Igneous, an intelligent young royal officer of Arachna's military; Magma, a foolhardy warrior; and Corona, a kind-hearted girl—crisis has been averted—but not for long. News of the Kingdom of Nuuma being attacked by the Insectors is soon brought to the attention of the Spider Riders, who are reluctant to leave Arachna undefended. But past favors need to be repaid, so they decide to travel across the Inner Ocean to protect the Kingdom of Nuuma. Entrusted with finding four of the Oracle's keys locked away by the leader of the Insectors, Hunter and his friends strive to bring about peace once and for all. Spider Riders: Yomigaeru Taiyou is the epic conclusion to the Spider Riders series. Will the four Oracle Keys find their way to Hunter and the Spider Riders, or will Mantid and the Insectors finally have their wish granted, conquering the Inner World for themselves? [Written by MAL Rewrite]","['Prequel (TV) Spider Riders: Oracle no Yuusha-tachi', '']",Spider Riders: Yomigaeru Taiyou,,,,,['Mecha'],,,
86,それいけ！アンパンマン,,['TV'],Unknown,Currently Airing,"Oct 3, 1988 to ?",['Fall 1988'],Fridays at 16:20 (JST),"['Sotsu', 'Nippon Television Network']","None found,",['TMS Entertainment'],Picture book,"['Comedy', 'Fantasy']",,24 min.,PG - Children,6.58,#6607,#9190,"4,609",31,1738,"One night, a Star of Life falls down the chimney of a bakery nestled deep in the forest, causing the dough in the oven to come to life. The dough becomes Anpanman, a superhero made of anpan (a sweet roll with bean jam filling). Together with his friends, Anpanman fights his rival Baikinman and helps the malnourished. (Source: ANN)",[],Sore Ike! Anpanman,"Soreike! Anpanman, Go! Anpanman, Anpanman TV",,['Kids'],,,,,
87,おねがい マイメロディ すっきり♪,,['TV'],52,Finished Airing,"Apr 1, 2007 to Mar 24, 2008",['Spring 2007'],Sundays at 09:30 (JST),['Sanrio'],"None found,",['Studio Comet'],Unknown,"['Comedy', 'Fantasy']",,10 min. per ep.,PG - Children,6.95,#4609,#9600,"4,020",11,955,The third series of Onegai My Melody.,"['Prequel (TV) Onegai My Melody: Kurukuru Shuffle!', 'Sequel (TV) Onegai♪My Melody Kirara★']",Onegai My Melody Sukkiri♪,,,,,,,,
88,どーもくん,,['TV'],37,Finished Airing,"Dec 22, 1998 to Jan 1, 2008",['Winter 1999'],Not scheduled once per week,['NHK'],"None found,",['dwarf'],Other,"['Comedy', 'Slice of Life']",,39 sec. per ep.,G - All Ages,6.43,#7528,#10461,"3,084",14,948,"A strange monster hatches from a mysterious egg. He befriends various animals, and takes residence in Osajii's burrow. He discovers new and exciting things about everyday life. As of 2008, there are at least 37 regular TV spot episodes of Domo-kun. These 37 episodes were released on DVD in Japan in July of 2009.",[],Domo-kun,,,['Kids'],,,,,
89,ゼロ デュエル・マスターズ,,['TV'],12,Finished Airing,"Apr 9, 2007 to Sep 28, 2007",['Spring 2007'],Unknown,"None found,","None found,",['SynergySP'],Original,"['Adventure', 'Comedy', 'Sports']",,23 min. per ep.,PG-13 - Teens 13 or older,6.01,#9894,#10738,"2,842",1,998,"It is featured in an alternate universe where Shobu had lost his duel against Hakuoh in their duel back in the Season 1 episode ""Just Duel It"". A mysterious organization is interested in fledgling duelist Shobu Kirifuda's ability to bring Duel Master creatures to life. With the support of his friends, Shobu duels with passion, discipline, and heart as he strives to be like his father and become the next Kaijudo master. (Source: Duel Masters Wikia)","['Prequel (TV) Duel Masters Charge', 'Sequel (TV) Duel Masters Zero']",Zero Duel Masters,,,['Kids'],,['Strategy Game'],,,
90,少女チャングムの夢,,['TV'],26,Finished Airing,"Mar 14, 2007 to Sep 19, 2007",['Spring 2007'],Unknown,['Heewon Entertainment'],"None found,","None found,",Other,"['Adventure', 'Comedy', 'Gourmet']",,24 min. per ep.,None,7.29,#2889,#11326,"2,387",14,957,Second season of Jang Geum's Dream.,"[""Prequel (TV) Dae Jang Geum: Jang Geum's Dream"", '']",Dae Jang Geum: Jang Geum's Dream 2,"Shoujo Changumu no Yume, Janggeum's Dream, Changumu no Yume - Dae Jang Geum, 장금이의 꿈",,,,['Historical'],,,
91,おじゃる丸,Prince Mackaroo,['TV'],Unknown,Currently Airing,"Oct 5, 1998 to ?",['Fall 1998'],Not scheduled once per week,['NHK'],['Enoki Films'],['Gallop'],Original,"['Adventure', 'Award Winning', 'Comedy', 'Fantasy']",,10 min.,G - All Ages,6.39,#7741,#11558,"2,226",5,553,"In the Heian era, around 1000 years ago, a young boy of noble family named Ojarumaru is bored with his life of privilege. Meanwhile, three demons steal the power-stick of Enma, king of demons, and then lose it. Ojarumaru finds it, and uses it to transport himself to the present time. Here, he is befriended by a young boy named Kazuma, and becomes a member of his family. As time goes on, Ojarumaru makes many new friends, while dodging the comedic efforts of the three demons, Akane, Kisuke, and Aobee, as they try to recover the stick. (from ANN)","['Adaptation (Manga) Ojarumaru', '']",Ojarumaru,,,['Kids'],,,,,
92,太極千字文,Tai Chi Chasers,['TV'],39,Finished Airing,"Apr 29, 2007 to Jan 20, 2008",['Spring 2007'],Unknown,"['KBS', 'Iconix Entertainment']",['4Kids Entertainment'],"['Toei Animation', 'JM Animation']",Other,"['Action', 'Adventure', 'Fantasy']",,27 min. per ep.,PG - Children,6.35,#7968,#12125,"1,877",8,609,"After a strange and devastating attack on his home, a young boy named Rai is shocked to discover he's a secret descendent of the Tigeroids: an ancient race of peaceful beings locked in a struggle with the ruthless and cunning Dragonoids. In a parallel universe called Suhn, the Tigeroids and Dragonoids are battling furiously to recover 500 lost tai chi characters. Whoever retrieves these precious and potent symbols will possess the ultimate power to rule their realm…and destroy their enemies. As Rai hones his innate tai chi skills to fight the Dragonoids, he must find the lost tai chi and battle to become one of the champion Tai Chi Chasers! (Source: 4Kids Entertainment)",[],Taichi Senjimon,,,,,,,,
93,シュガーバニーズ,Sugar Bunnies,['TV'],26,Finished Airing,"Apr 3, 2007 to Sep 25, 2007",['Spring 2007'],Unknown,['Sanrio'],"None found,",['Asahi Production'],Unknown,,,11 min. per ep.,G - All Ages,6.01,#9881,#12908,"1,451",7,253,"Random cutesy edutainment tales aimed at small children, featuring animated speaking plushy toys. Aired inside the anime corner of the Kitty's Paradise TV block.","['Sequel (Special) Sugar Bunnies: Taisetsu na Tomodachi e...', '']",Sugar Bunnies,,,['Kids'],,,,,
94,しましまとらのしまじろう,,['TV'],726,Finished Airing,"Dec 13, 1993 to Mar 31, 2008",['Winter 1994'],Mondays at 18:00 (JST),"['TV Tokyo', 'Azeta Pictures']","None found,",['Studio Kikan'],Original,"['Adventure', 'Comedy', 'Fantasy']",,23 min. per ep.,G - All Ages,5.92,#10350,#13243,"1,322",4,558,"Shimajiro, a preschool-aged tiger boy, has adventures with his friends Mimirin, Ramurin, Nyakki, and Toriipi on Challenge Island.","['Sequel (TV) Hakken Taiken Daisuki! Shimajirou', '']",Shima Shima Tora no Shimajirou,,,['Kids'],,['Anthropomorphic'],,,
95,親子クラブ,,['TV'],1818,Finished Airing,"Oct 3, 1994 to Mar 30, 2013",['Fall 1994'],Unknown,['Fuji TV'],"None found,",['Eiken'],Original,"['Comedy', 'Slice of Life']",,5 min. per ep.,G - All Ages,5.47,#12200,#13604,"1,198",0,442,This anime was running almost 20 years and has over 1800 episodes.,[],Oyako Club,,,,,,,,
96,人造昆虫カブトボーグ V×V,,['TV'],52,Finished Airing,"Oct 5, 2006 to Oct 11, 2007",['Fall 2006'],Unknown,"['Sony Pictures Entertainment', 'Studio Comet', 'Nihon Ad Systems', 'Animax']","None found,","['G&G Entertainment', 'G&G Direction']",Unknown,"['Action', 'Comedy', 'Fantasy']",,24 min. per ep.,G - All Ages,6.01,#9841,#14253,"1,010",7,283,"BorgBattles between KabutoBorgs have become popular enough to hold world tournaments. The main character Ryuusei is an enthusiast of these battles. Along with his friends Katsuji and Ken, he continues fighting against new enemies day after day.",[],Jinzou Konchuu Kabutoborg VxV,Artificial Insect KABUTO BORG Victory by Victory,,,,['Strategy Game'],,,
97,祝! (ハピ☆ラキ)ビックリマン,,['TV'],46,Finished Airing,"Oct 15, 2006 to Sep 30, 2007",['Fall 2006'],Unknown,['TV Asahi'],"None found,",['Toei Animation'],Unknown,"['Adventure', 'Comedy', 'Fantasy']",,24 min. per ep.,G - All Ages,6.28,#8403,#14345,982,1,348,Continuation of the Bikkuriman Series. Genki Seihikari and his friends join the adventure in order to save seven gods of the White Galaxy.,"['Prequel (TV) Bikkuriman 2000', '']",Happy☆Lucky Bikkuriman,,,['Kids'],,,,,
98,르브바하프 왕국 재건설기,,['TV'],26,Finished Airing,"May 21, 2007 to Nov 26, 2007",['Spring 2007'],Unknown,['Studio Kaab'],"None found,","None found,",Unknown,"['Comedy', 'Drama']",,20 min. per ep.,None,[],#21367,#14722,888,1,,"Three people are hiding out in a cabin by the foothills. Van is the prince from the now-defunct Revbahaf Kingdom, Kona – his hand maiden, and Sian – his philosopher and tutor. Chased by enemies, these three individuals earn the kindness of Aaron, who feeds them at the cabin. By helping out with Aaron’s chores, the former royal family learns to live a peaceful life getting by, rather than plotting a revenge on the neighboring country which invaded them. Together they try to rebuild the Kingdom of Revbahaf. (Source: Manhwa101)",[],Revbahaf Wang-gug Jaegeon-soelgi,"Revbahaf Kingdom Rebuilding Story, The Legend of Prince Van, Revbahaf: The Story of Rebuilding the Kingdom",,,,,,,
99,ぜんまいざむらい,,['TV'],215,Finished Airing,"Apr 3, 2006 to Feb 6, 2009",['Spring 2006'],Unknown,['Aniplex'],"None found,","['A-1 Pictures', 'No Side']",Original,,,5 min. per ep.,G - All Ages,5.85,#10667,#15132,783,2,233,"200 years ago, Zenmai Zamurai was a thief by profession. While stealing from a house one night, he fell down a well and died. He was then resurrected by Daifukunokami and a wind-up key was placed on his head. If the key wound down, Zennosuke would die. The only way the key can be wound is by Zennosuke doing good deeds. In order to achieve this end, he is given the Dango-ken, which is a sword with Japanese Dumplings skewered onto it. Whenever Zenmai Zamurai sees people doing injustice or generally being out of control, he uses his sword to shoot the dumplings into their mouths. When the dumplings are eaten, the people suddenly become happy and realize the error of their ways. He helps out the people of his village in many ways, big and small. Whenever he has done well, a rainbow comes out of the sky to wind up his key. -Wikipedia",[],Zenmai Zamurai,,['Comedy'],['Kids'],,,,,
100,サルゲッチュ ～オンエアー～2nd,,['TV'],51,Finished Airing,"Oct 7, 2006 to Sep 29, 2007",['Fall 2006'],Unknown,"None found,","None found,",['Xebec'],Game,"['Adventure', 'Comedy', 'Fantasy', 'Romance']",,10 min. per ep.,PG - Children,5.93,#10275,#15156,777,3,182,Saru Getchu: On Air sequel.,"['Prequel (TV) Saru Getchu: On Air', '']",Saru Getchu: On Air 2nd,"Saru! Get You: On Air, Ape Escape",,['Kids'],,,,,
101,ぷるるんっ！しずくちゃん,,['TV'],51,Finished Airing,"Oct 7, 2006 to Sep 29, 2007",['Fall 2006'],Unknown,"None found,","None found,",['TMS Entertainment'],['Manga'],,,24 min. per ep.,G - All Ages,[],#21177,#15806,655,1,,"The series revolves around a playful young child named Shizuku-Chan. He, alongside his schoolmates, friends, and family lives a life of dangerous adventures in the Shizuku Forest. (Source: Wikipedia)","['Sequel (TV) Pururun! Shizuku-chan Aha', '']",Pururun! Shizuku-chan,,['Comedy'],['Kids'],,,,,
102,味楽る!ミミカ,Miracle! Mimika,['TV'],225,Finished Airing,"Apr 3, 2006 to Mar 13, 2009",['Spring 2006'],Unknown,['NHK'],"None found,",['Digital Media Lab'],Original,"['Gourmet', 'Slice of Life']",,10 min. per ep.,G - All Ages,[],#20319,#16050,619,0,,"Himeno Mimika is a daughter of historical cook family. She goes to a cooking school, Miracle Academy which train cooks all over the world. Vying with rivals, she brings out her gift, and she grows up as a cook. (Source: AnimeNfo)",[],Miracle! Mimika,Miracle Mimika,,['Kids'],,,,,
103,おでんくん,,['TV'],156,Finished Airing,"Aug 4, 2005 to Feb 27, 2009",['Summer 2005'],Unknown,['Studio Egg'],"None found,","None found,",Picture book,,,7 min. per ep.,G - All Ages,[],#20789,#17014,506,1,,"In an odd dimensional bubble inside the kettle of an Oden food cart exists Oden village. The residents of Oden village spend their idyllic days waiting for customers to come and eat them. In the meantime, Oden-kun helps other troubled dwellers to realize their dreams. One day, he hears that a customer's mother suffers from cancer so he leaves the kettle and after being eaten, faces the cancer cell Gannosuke. Oden-kun's dream is to meet his own mother. Looking forward to this day, Oden-kun spends his days doing one good deed a day. (Source: ANN)","['Sequel (TV) Ganbare! Oden-kun', '']",Oden-kun,Odenkun,['Comedy'],,,,,,
104,えほん寄席,,['TV'],73,Finished Airing,"Apr 2006 to Nov 11, 2023",['Spring 2006'],Unknown,"['NHK', 'Pony Canyon']","None found,","None found,",Other,,"['Historical', 'Performing Arts']",5 min. per ep.,PG - Children,[],#17875,#17191,488,0,,Anime rakugo of classic Japanese horror tales shown in a wide variety of art styles.,[],Ehon Yose,,['Horror'],['Kids'],,,,,
105,ロビーとケロビー,Robby & Kerobby,['TV'],52,Finished Airing,"Apr 1, 2007 to Mar 30, 2008",['Spring 2007'],Unknown,"['Aniplex', 'Yomiko Advertising', ""We've Inc.""]","None found,",['A-1 Pictures'],Original,,,10 min. per ep.,G - All Ages,[],#21389,#17409,466,0,,A story of the adventures of Robby and Kerobby along with their other friends.,[],Robby to Kerobby,Robikero,['Comedy'],['Kids'],,,,,
106,パンツぱんくろう,,['TV'],85,Finished Airing,Apr 2004 to Mar 2008,['Spring 2004'],Unknown,['NHK'],"None found,","None found,",Unknown,"['Comedy', 'Slice of Life']",,1 min. per ep.,G - All Ages,[],#20968,#19434,319,0,,"A series of minute-long animated shorts that aired on Japanese public television. Aimed at toddlers and young children, the comedic series is mostly about toilet training.",[],Pants Pankurou,,,['Kids'],,,,,
107,チビナックス2.0,,['TV'],25,Finished Airing,"Apr 14, 2007 to Oct 13, 2007",['Spring 2007'],Saturdays at 21:54 (JST),"None found,","None found,","None found,",Other,,,3 min. per ep.,G - All Ages,[],#17286,#20141,279,0,,The second season of Chibinacs with a brand new protagonist.,"['Prequel (TV) Chibinacs', 'Sequel (TV) Chibinacs 3']",Chibinacs 2.0,Chibinacs,['Comedy'],,,,,,
108,크리스탈요정 지스쿼드,Z-Squad,['TV'],26,Finished Airing,"Dec 4, 2006 to Sep 10, 2007",['Winter 2007'],Unknown,"None found,","None found,","None found,",Original,"['Adventure', 'Fantasy']",,23 min. per ep.,PG - Children,[],#17455,#20556,254,1,,No synopsis information has been added to this title. Help improve our database by adding a synopsis here.,[],Crystal-yojeong Z-Squad,"Crystal Fairy Z-Squad, Keuliseutal-yojeong Jiseukwodeu",,['Kids'],,,,,
109,火星娃之古代大家故事,,['TV'],54,Finished Airing,Jan 2007 to Dec 2007,['Winter 2007'],Unknown,"None found,","None found,","None found,",Unknown,,,11 min. per ep.,PG - Children,[],#18809,#22514,154,0,,No synopsis information has been added to this title. Help improve our database by adding a synopsis here.,[],Huoxing Wa: Zhi Gudai Dajia Gushi,,,['Kids'],,,,,
110,火星娃冒险乐园,,['TV'],53,Finished Airing,May 2007 to Aug 2007,['Spring 2007'],Unknown,"None found,","None found,","None found,",Unknown,,,11 min. per ep.,PG - Children,[],#18793,#22782,144,0,,No synopsis information has been added to this title. Help improve our database by adding a synopsis here.,[],Huo Xing Wa: Maoxian Leyuan,,,['Kids'],,,,,
111,消失的文明,,['TV'],13,Finished Airing,Apr 2007 to Sep 2008,['Spring 2007'],Unknown,"None found,","None found,","None found,",Original,,,22 min. per ep.,PG - Children,[],#15719,#24271,107,0,,No synopsis information has been added to this title. Help improve our database by adding a synopsis here.,[],Xiaoshi de Wenming,,,['Kids'],,,,,
112,最終試験くじら,,['ONA'],12,Finished Airing,"Aug 25, 2007 to Nov 10, 2007",,,['Starchild Records'],['Media Blasters'],['Zexcs'],Visual novel,"['Comedy', 'Mystery', 'Supernatural', 'Ecchi']",,5 min. per ep.,PG-13 - Teens 13 or older,4.93,#13294,#8303,"6,017",3,2056,"Like snow falling in summer, like a cicada lamenting the coming of winter... In a town watched over by a whale in the sky... the extraordinary is made ordinary. Spectacles that could never be given form are instead given flesh and soul. And in their midst, the story of a miracle that comes to pass in this town of miracles incarnate... For Kuonji, this newly-discovered vision is a thing of wonder and fright – a sentiment not shared by his peers. Under its watchful gaze, Kuonji chats with and hangs out with his somewhat unusual friends. Whether it's with Nina and her striped panties, cat-loving Sacchan, the strange alien Allen or a variety of other busty, skimpily-dressed babes, Kuonji finds himself in the middle of ecchi situations galore! Welcome to the world of Final Examination Kujira. (Source: BakaBT) Based on a game by Circus.","['Adaptation (Light Novel) Saishuu Shiken Kujira', '']",Saishuu Shiken Kujira,Final Examination Kujira,,,,['School'],,,
113,Deep Sea Tentacle,Deep Sea Tentacle,['ONA'],1,Finished Airing,"Jul 16, 2007",,,"None found,","None found,","None found,",Original,,,1 min.,G - All Ages,4.50,#13657,#16921,513,0,263,Abstract short film by Kojirou Shishido featuring creatures in the ocean.,[],Deep Sea Tentacle,,['Avant Garde'],,,['Music'],,,
114,Drawing!!,Drawing!!,['ONA'],1,Finished Airing,"Jul 9, 2007",,,"None found,","None found,","None found,",Original,,,1 min.,G - All Ages,5.06,#13149,#18779,361,1,163,Abstract short film by Kojirou Shishido.,[],Drawing!!,,['Avant Garde'],,,['Music'],,,
115,ワカメビルディング,Seaweed Buildings,['ONA'],1,Finished Airing,"Jul 25, 2007",,,"None found,","None found,","None found,",Original,,,1 min.,G - All Ages,4.94,#13282,#19264,330,0,160,Abstract short film by Kojirou Shishido featuring seaweed and sea urchins.,[],Wakame Buildings,,['Avant Garde'],,,['Music'],,,
116,撲殺天使ドクロちゃん2[セカンド],Bludgeoning Angel Dokuro-chan 2,['OVA'],2,Finished Airing,"Aug 11, 2007 to Nov 10, 2007",,,"['ASCII Media Works', 'Showgate', 'Geneon Entertainment']","['Media Blasters', 'Discotek Media']",['HAL Film Maker'],['Light novel'],"['Comedy', 'Supernatural', 'Ecchi']","['Gag Humor', 'Gore']",26 min. per ep.,R - 17+ (violence & profanity),6.63,#6336,#2057,"112,375",125,67654,"Only more bizarre, troublesome, and funny adventures await Sakura Kusakabe as he continues living with the angel sisters Dokuro and Zakuro Mitsukai. More angels, including the polite Sabato Mihashigo and the quirky Zansu, show up to join in on the crazy situations. More often than not, their antics lead to Dokuro and her trusty Excalibolg killing Sakura, turning him into a bloody pulp. [Written by MAL Rewrite]","['Prequel (OVA) Bokusatsu Tenshi Dokuro-chan', 'Adaptation (Manga) Bokusatsu Tenshi Dokuro-chan', 'Adaptation (Light Novel) Bokusatsu Tenshi Dokuro-chan', '']",Bokusatsu Tenshi Dokuro-chan 2,Club-To-Death Angel Dokuro-chan 2,,,Bludgeoning Angel Dokuro-chan Second,,,Bludgeoning Angel Dokuro-chan Second,Bludgeoning Angel Dokuro-chan Temporada 2
117,鴉 -KARAS-,Karas,['OVA'],6,Finished Airing,"Mar 25, 2005 to Aug 3, 2007",,,"['Shochiku', 'AT-X', 'Magic Capsule', 'Toshiba Entertainment', 'Showgate']",['Manga Entertainment'],['Tatsunoko Production'],Original,"['Action', 'Fantasy', 'Sci-Fi']","['Gore', 'Super Power']",30 min. per ep.,R - 17+ (violence & profanity),7.36,#2509,#2870,"65,653",317,28689,"The world of the humans and the world of the demons (youkai) have overlapped one another, leaving humans to walk the streets of life as they normally would, while demons walk, hidden from the naked eye, down the very same streets. A seemingly young woman named Yurine and her servant, the Karas (from the Japanese word for ""Crow""), have long maintained order and balance between the overlapped worlds, ultimately keeping the demons from interrupting the lives of humans. However, humans have come to forget and jest at the existence of demons, and no longer understand the privilege it is to live without fear. Disgusted by this arrogance, an old Karas turns his back on the laws he had once upheld, and in his human form, named Eko, he creates an army of Mikura, or mechanized demons, to ready an attack on the human race. A young man named Otoha inherits the powers of the Karas and takes his place at the side of Yurine, who claims that his soul called out for her while he lived the life of a human. They live in the world of the demons. It is now up to Otoha to prove himself as a Karas, and restore the balance that Eko threatens to upset. Meanwhile, a superstitious police officer named Sagisaka and his rational new recruit, Kure, follow the trail of the murders dealt by Eko's Mikura, as well as the trail of a rogue Mikura named Nue. The prophecy unfolds from here into a grave revelation for all in the city. (Source: Wikipedia)",[],Karas,"Crow, Raven, Karas: The Prophecy, Karas: The Revelation",,,,,,,
118,マーダープリンセス,Murder Princess,['OVA'],6,Finished Airing,"Mar 28, 2007 to Aug 29, 2007",,,['Marvelous Entertainment'],['Funimation'],['Bee Train'],['Manga'],"['Action', 'Adventure', 'Fantasy']",,24 min. per ep.,R - 17+ (violence & profanity),6.96,#4553,#3030,"59,505",164,29899,"After a sudden coup d'etat by the court scientist Dr. Akamashi results in the king's death, Princess Alita Castilia Arago Forland is forced to flee the capital. During her mad dash for survival deep into the forest, Alita collides with the brutal and temperamental bounty hunter Falis, which causes the two women to magically switch bodies. Using her original body as collateral, Alita convinces Falis—and her henchmen Dominikov and Pete—to help take back the capital from the treasonous scientist by pretending to be the real princess. However, while the plan was initially successful, the only diplomacy Falis knows is with her sword. Alita must now work hard to make sure the kingdom is not trading one royal scandal for another, all while the two displaced women look for a way to return to their original bodies. [Written by MAL Rewrite]","['Adaptation (Manga) Murder Princess', '']",Murder Princess,,,,,['Gore'],,,
119,お金がないっ,No Money,['OVA'],4,Finished Airing,"Feb 9, 2007 to Dec 21, 2007",,,"['KlockWorx', 'Happinet Pictures']",['Media Blasters'],['Lyrics'],['Manga'],"['Boys Love', 'Drama', 'Erotica']",,29 min. per ep.,R+ - Mild Nudity,6.12,N/A,#3453,"46,637",159,25959,"Yukiya Ayase is a gentle, kind hearted, and innocent university student. The only relative he has left, his cousin Tetsuo, betrays Ayase by selling him to the highest bidder in an auction with hopes of making an enormous profit to be able to pay off his debts. Somuku Kanou, a bad-tempered (though very rich) loan shark, comes to Ayase's rescue and buys Ayase for an impressive 1.2 billion. Kanou apparently knows Ayase from something that happened between them in the past, but Ayase cannot remember who Kanou is nor does he understand why he ""saved"" him. In a desperate effort to keep Ayase close to him, Kanou demands the debt be repaid in full and suggests the perfect way to do it: by selling his body to Kanou for 500,000 each time. Ayase is horrified in the beginning, but something soon begins to grow between them that can't be bought for any price. (Source: ANN)","['Adaptation (Manga) Okane ga Nai', '']",Okane ga Nai,,,,,,,,
120,ARIA The OVA ~ARIETTA~ (アリア ジ オーブイエー ~アリエッタ~),Aria the OVA: Arietta,['OVA'],1,Finished Airing,"Sep 21, 2007",,,"['TV Tokyo', 'Media Factory', 'Shochiku', 'AT-X']",['Nozomi Entertainment'],['HAL Film Maker'],['Manga'],"['Fantasy', 'Sci-Fi', 'Slice of Life']",,30 min.,G - All Ages,7.99,#679,#3784,"39,593",81,18050,"Akari Mizunashi dreams of life after attaining her goal of becoming a Prima Undine, but upon waking realizes that she might not actually have the confidence to run Aria Company on her own. Wary of the future, she seeks advice from her mentor Alicia Florence—one of the three great ""Water Fairies"" of Neo-Venezia. Much to Akari's surprise, Alicia reveals her own struggles of the past, but also shares the steps she took in overcoming her self-doubt of running the company and taking on an apprentice. Finding solace in her teacher's words, Akari prepares to embrace whatever trials she must overcome on her path toward achieving her dreams. [Written by MAL Rewrite]","['Prequel (TV) Aria the Natural', 'Sequel (TV) Aria the Origination']",Aria the OVA: Arietta,,,['Shounen'],,['Iyashikei'],,,
121,テニスの王子様 全国大会篇 Semifinal,The Prince of Tennis: The National Tournament Semifinals,['OVA'],6,Finished Airing,"Jun 22, 2007 to Jan 25, 2008",,,"['Production I.G', 'TV Tokyo', 'Bandai Visual', 'Marvelous Entertainment', 'Nihon Ad Systems', 'Shueisha']","None found,",['M.S.C'],['Manga'],,,23 min. per ep.,PG-13 - Teens 13 or older,7.87,#892,#3829,"38,671",39,21287,"The National Tournament continues for Ryouma Echizen and the Seishun Academy Boys' Tennis Team as they face off against last year's semifinalist, Shitenhouji Middle School. As winners of the Kansai Regionals, Shitenhouji is one of the top contenders to win this year's tournament. What's more, each member of the Shitenhouji team has skills that are said to surpass their Seishun counterparts. Shitenhouji also has Kintarou Tooyama, another ""super rookie"" who rivals Ryouma in strength and technique. Seishun will have to push the limits of their abilities to stand a chance at defeating the Kansai champions in this East versus West matchup. [Written by MAL Rewrite]","['Prequel (OVA) Tennis no Oujisama: Zenkoku Taikai-hen', 'Sequel (OVA) Tennis no Oujisama: Zenkoku Taikai-hen - Final', 'Adaptation (Manga) Tennis no Oujisama', '']",Tennis no Oujisama: Zenkoku Taikai-hen - Semifinal,"Prince of Tennis OVA 2, Prince of Tennis OVA Semifinal",['Sports'],['Shounen'],,,,,
122,こどものじかん OVA,,['OVA'],3,Finished Airing,"Sep 11, 2007 to Jan 21, 2011",,,"None found,","None found,","['Diomedéa', 'Studio Barcelona']",['Manga'],"['Comedy', 'Ecchi']",,24 min. per ep.,R+ - Mild Nudity,7.02,#4290,#4226,"31,067",30,16989,"A series of OVA episodes released with the limited edition manga volumes. Episode 01: What You Gave Me (Anata ga Watashi ni Kureta Mono) Kokonoe, Usa, and Kagami go shopping for a present for Sensei. Eventually Kokonoe decides to make one and they all end up spending the night at her house. Along the way we learn more about Usa's love for Reiji, Kagami's love for Kokonoe, and Kokonoe's love for Sensei. Episode 02: Kuro-chan, Shiro-chan (Kuro-chan to Shiro-chan) Kuro-chan tries to become friends with Shirai-sensei. Episode 03: A Child's Summer Time (Kodomo no Natsu Jikan) The girls, Aoki and Houin go into the country to visit Aoki's family.","['Adaptation (Manga) Kodomo no Jikan', '']",Kodomo no Jikan OVA,"Kodomo no Jikan: Anata ga Watashi ni Kureta Mono, Kuro-chan to Shiro-chan, Kodomo no Natsu Jikan, Nymphet, Kojika, Kodomo no Jikan Second Term Special, Kodomo no Jikan OAD",,,,['School'],,,
123,AIKa R-16:VIRGIN MISSION,AIKa R-16: Virgin Mission,['OVA'],3,Finished Airing,"Apr 25, 2007 to Oct 26, 2007",,,"['Bandai Visual', 'Omnibus Promotion']",['Bandai Entertainment'],['Studio Fantasia'],Original,"['Action', 'Comedy', 'Ecchi']",,26 min. per ep.,R+ - Mild Nudity,5.88,#10537,#4504,"27,414",57,10643,"Aika is a smart and athletic high school girl. She is so competent that she successfully passes the salvagers license test, obtaining a C-class license. Yet, she is young and hotheaded, so much so that Gota still treats her as a child. Due to this personality, no one is willing to hire her for salvaging jobs. Since she had taken the trouble to get her license, she decides to post an ad in her school to attract clients. She manages to get the attention of Erika, a daughter of a rich family and the leader of the treasure hunting club. She asks Aika to salvage something from the sea and Aika delightfully accepts the request. However, upon seeing the state-of-the-art submarine loaded onto Erika's private cruiser and discovering their destination, Aika realizes the terrible nature of her assignment. This results in a clash with a group of high school girls in the southern islands. Who is the mysterious girl named Karen? So begins Aika's newest challenge! (Source: AnimeNfo)","['Sequel (OVA) AIKa Zero', 'Adaptation (Manga) AIKa R-16: School Mission']",AIKa R-16: Virgin Mission,,,,,,,Aika R-16: Virgin Mission,
124,マリア様がみてる〜３rd〜,Maria Watches Over Us 3rd,['OVA'],5,Finished Airing,"Dec 29, 2006 to Jul 25, 2007",,,"None found,",['Nozomi Entertainment'],['Studio Deen'],['Light novel'],"['Drama', 'Girls Love']",,51 min. per ep.,PG-13 - Teens 13 or older,7.79,#1075,#4775,"23,938",99,11034,"Summer has arrived, and the students of Lillian Girls' Academy are on break! Yumi and Sachiko head out to the Ogasawara family's summer home, but what was supposed to be a relaxing vacation takes a turn for the worse when some of Sachiko's old acquaintances drop by for tea. These rich and snobby debutantes don't think Yumi is worthy of Sachiko's affection and they're out to make this summer one she'll regret. (Source: RightStuf)","['Prequel (TV) Maria-sama ga Miteru: Haru', 'Sequel (TV) Maria-sama ga Miteru 4th', 'Adaptation (Manga) Maria-sama ga Miteru', 'Adaptation (Light Novel) Maria-sama ga Miteru']",Maria-sama ga Miteru 3rd,"MariMite OVA, La Vierge Marie Vous Regarde, The Virgin Mary is Watching You",,['Shoujo'],,['School'],,,María Nos Mira. Los Ovas.
125,イバラード時間,,['OVA'],1,Finished Airing,"Jul 4, 2007",,,"None found,","None found,",['Studio Ghibli'],Other,,,30 min.,G - All Ages,6.84,#5162,#4795,"23,648",37,8196,"Much like looking through a window, Iblard Jikan explores the fantastic and beautiful world of Iblard by panning through art created by Naohisa Inoue. Iblard shows itself to be nothing short of amazing and will wash serenity over your mind. (Source: ANN)",[],Iblard Jikan,Iblard Time,['Fantasy'],,,,,,
126,あねき… MY SWEET ELDER SISTER THE ANIMATION,Aneki... My Sweet Elder Sister: The Animation,['OVA'],4,Finished Airing,"Sep 28, 2007 to Jul 29, 2011",,,['Pink Pineapple'],"None found,","['T-Rex', 'Office TakeOut']",['Manga'],,,30 min. per ep.,Rx - Hentai,6.80,N/A,#5775,"14,799",104,5714,"Takumi just cannot stop fantasizing about Saki-senpai, her voluptuous body just stands out anywhere. One day she talks to him on the train and they become friends. Whenever he can, Takumi stares at her form, always getting a hard-on. The next day he finds out they have the same fetish... and so the story begins. (Source: AniDB)","['Adaptation (Manga) Aneki... My Sweet Elder Sister', '']",Aneki... My Sweet Elder Sister The Animation,,['Hentai'],,,,,,
127,BLAME! (2007),,['OVA'],2,Finished Airing,"Sep 7, 2007",,,['Geneon Entertainment'],"None found,",['Production I.G'],['Manga'],"['Action', 'Sci-Fi']",,4 min. per ep.,PG-13 - Teens 13 or older,5.33,#12597,#6352,"11,551",7,4717,"Based on the manga Blame! by Nihei Tsutomu, serialised in Monthly Afternoon. In a city that is said to have thousands of levels, making it impossible to tell the sky from the ground, the mysterious Killy wanders the bizarre and foreboding levels of this mega-structure, where the boundaries between machine and living organism have been obscured. (Source: AniDB)","['Sequel (ONA) Blame!', 'Adaptation (Manga) Blame! Read Manga']",Blame! Prologue,,,,,['Mecha'],,,
128,ICE - アイス -,,['OVA'],3,Finished Airing,"May 25, 2007 to Sep 25, 2007",,,"None found,",['Sentai Filmworks'],['PPM'],Original,"['Action', 'Girls Love', 'Sci-Fi']",,37 min. per ep.,R - 17+ (violence & profanity),5.26,#12787,#6768,"9,989",13,4135,"By A.D. 2010, all men have died off quickly due to a dramatic change in the environment and an unknown contaminant. The population decreased to the lowest number ever seen...until only the women were left alive. They live huddled in small corners of a world mostly reclaimed by nature. There are those who accept their inevitable extinction and live a carefree life... There are those who try to continue on the race with the help of science... It is a society of constant conflict over their differences of principles and policies. The story takes place in the center of Tokyo. It is one of the places left for them. The conflict over the specimen of ""ICE"" and the chance it may provide to save humanity begins. (Source: AnimeNfo)",[],Ice,"ICE: The Last Generation, Project Ice",,,,['Military'],,,
129,相姦遊戯,Sexual Pursuit,['OVA'],2,Finished Airing,"Aug 10, 2007 to Nov 9, 2007",,,['Digital Works'],['Media Blasters'],['Y.O.U.C'],Visual novel,,,27 min. per ep.,Rx - Hentai,6.72,N/A,#7001,"9,211",53,3872,"Yuji just got himself a new board game and he can't wait to play. What Yuji doesn't know is that the game possesses secret powers - sexual powers, to be precise. He and his stepmother decide to give it a try. The game requires drawing cards from a deck that have sexual instructions on them. Though it starts out innocently enough, Yuji soon experiences sexual feelings for his opponent. As the game progresses and the sexual tension escalates, it culminates in a sexual free-for-all with his stepmother and stepsister. (Source: Boxtorrents)","['Sequel (OVA) Soukan Yuugi 2', '']",Soukan Yuugi,,['Hentai'],,,,,,
130,レッドガーデン デッドガールズ,Red Garden: Dead Girls,['OVA'],1,Finished Airing,"Aug 8, 2007",,,"['GDH', 'Sotsu Music Publishing']","['ADV Films', 'Funimation']",['Gonzo'],Original,,,44 min.,R - 17+ (violence & profanity),6.30,#8276,#7240,"8,496",10,3580,"In the future (subsequent to the events of the television series) Kate, Rose, Rachel and Claire divide their immortal lives between study and vigilantism. Their past link to the red garden on Roosevelt Island comes back to haunt them after mysterious transfer students Louise and Edgar seek out their friendship.","['Prequel (TV) Red Garden', '']",Red Garden: Dead Girls,,['Mystery'],,,['Mecha'],,,
131,After... THE ANIMATION,,['OVA'],2,Finished Airing,"Aug 25, 2007 to Jan 25, 2008",,,"['Milky Animation Label', 'MS Pictures']",['Kitty Media'],['Melissa'],Visual novel,,,26 min. per ep.,Rx - Hentai,5.67,N/A,#7249,"8,462",25,2872,Young boy gets involved with the teacher and classmates.,"['Adaptation (Light Novel) After...', '']",After... The Animation,,['Hentai'],,,['School'],,,
132,めがちゅ!,Oh My Sex Goddess,['OVA'],3,Finished Airing,"Jul 25, 2007 to Jan 25, 2008",,,"['Milky Animation Label', 'MS Pictures']",['Kitty Media'],"None found,",Visual novel,"['Supernatural', 'Hentai']",,35 min. per ep.,Rx - Hentai,6.47,N/A,#7314,"8,264",7,2971,"Based on an adult game by Front Wing. Kousuke is an everyday nice-guy college kid who suffers from a reoccurring nightmare where he's a rampaging sex demon. He just can't figure out why that is, as he sits down to play his favorite video games like Magical Girl Lape-chan. One day a beautiful Goddess named Fauna appears before him, not to grant wishes, but to destroy him! It seems Kousuke has the power of an evil demon sleeping inside of him. Luckily, Fauna decides on an alternate means of stopping the demon, which involves lots of sex with her and sexy older sister (and love potion maker) Jordh. Unluckily, there's Natsuki, a little devil with plans of her own for Kousuke. (Source: AniDB)",[],Megachu!,"Megamisama Chuuihou, Megamisama Chu'uihou The Animation",,,,,,Megachu 2,
133,仕舞妻[しまいづま]～姉妹妻3～ The Animation,Fleshdance,['OVA'],2,Finished Airing,"Sep 25, 2007 to Nov 25, 2007",,,"['Milky Animation Label', 'MS Pictures']",['Kitty Media'],['Studio Jam'],Visual novel,,,28 min. per ep.,Rx - Hentai,6.80,N/A,#8067,"6,451",32,2336,"Art school student Fushimi Kenta looks for inspiration wherever he can find it. When a successful painter takes him under his wing, his creativity is aroused the moment he meets the painter’s wife. Seduced by her beauty and exotic dancing skills, Kenta’s art comes second to learning the horizontal tango. Soon he’s dancing in the sheets with any girl within reach. (Source: ANN)",[],Shimaizuma: Shimaizuma 3 The Animation,Shimai Tsuma: Shimai Tsuma 3,['Hentai'],,,,,,
134,淫欲特急ゼツリンオー,Hentai Express,['OVA'],1,Finished Airing,"Aug 31, 2007",,,['Schoolzone'],['Adult Source Media'],"None found,",Original,,,23 min.,Rx - Hentai,5.68,N/A,#8142,"6,314",65,1753,"The Oraga Stone is the source of energy to activate cyborgs, through combination of the train, to fight for evil or good. The only way to supply the energy to the stone is through sexual stimulation of women to orgasm. The M-77 Express was stolen by a professor who had betrayed the good guys to do his evil desires. The only way to stop him... ... the Sex Desire Express Zetsurinou (Source: ANN)",[],Inyoku Tokkyuu Zetsurinou,Inyoku Tokkyu Zetu-Rinoh,['Hentai'],,Hentai Express,,,,
135,放課後2 THE ANIMATION,,['OVA'],1,Finished Airing,"Aug 31, 2007",,,['Himajin Planning'],"None found,",['T-Rex'],Visual novel,,,30 min.,Rx - Hentai,5.77,N/A,#9408,"4,274",9,1327,"Ryuichi's first sex doesn't go well and he can't get an erection since then. He starts to work at a girl's high school as a janitor but his work attitudes are terrible, so his dismissal is decided. When he is depressed to hear that, he meets Midori. And he gets an erection while talking to her. He can't stand it and rapes her. He has only one month to go so he decides to spend his time at school raping as many girls as possible.... (Source: ErogeShop)","['Sequel (OVA) Houkago 2: Sayuri', 'Adaptation (Light Novel) Houkago 2: Hakudaku no Lesson']",Houkago 2 The Animation,,['Hentai'],,,,,,
136,H・P・ラヴクラフトのダニッチ・ホラー　その他の物語,H. P. Lovecraft's The Dunwich Horror and Other Stories,['OVA'],1,Finished Airing,"Aug 28, 2007",,,"None found,","None found,",['Toei Animation'],Novel,,,46 min.,PG-13 - Teens 13 or older,5.81,#10869,#9739,"3,859",5,992,"This anime is a compilation of three Lovecraft's works: The Picture in the House, The Dunwich Horror and The Festival.","['Adaptation (Manga) Dunwich no Kai: Lovecraft Kessakushuu', '']",H. P. Lovecraft's The Dunwich Horror and Other Stories,,['Horror'],,,,,,
137,人妻コスプレ喫茶2～人妻ラブラブ・コスプレOVA～,,['OVA'],2,Finished Airing,"Aug 24, 2007 to Nov 22, 2007",,,['Pink Pineapple'],"None found,",['Space-X'],Visual novel,,,29 min. per ep.,Rx - Hentai,6.36,N/A,#9899,"3,674",3,1154,No synopsis information has been added to this title. Help improve our database by adding a synopsis here.,"['Adaptation (Light Novel) Hitozuma Cosplay Kissa 2', '']",Hitozuma Cosplay Kissa 2: Hitozuma LoveLove - Cosplay OVA,,['Hentai'],,,,,,
138,英才狂育,,['OVA'],1,Finished Airing,"Jul 25, 2007",,,"['Jam', 'MS Pictures']",['Kitty Media'],"None found,",Visual novel,,,18 min.,Rx - Hentai,5.17,N/A,#10518,"3,030",4,1108,"Based on the H-game by Amalgame. Certain subjects being taught these days at college aren't always on the curriculum... Sex education is one of them! Here at our all-girls school, one male teacher takes it upon himself to best educate students in the ways of carnal knowledge. Using (and abusing) his authority, he lures the hottest students into his lair and has his sleazy way with them! In the the end, these girls will learn some lessons they'll never forget. At another college, a glowing phallus-shaped artifact possesses magical powers that turn innocent girls into raging sex maniacs. When a teacher is seduced by a student, he soon finds himself endowed with a power that the girls cannot resist... (Source: AniDB)",[],Eisai Kyoiku,"Study-A-Broad episode #1, Study A-Broad",['Hentai'],,,['School'],,,
139,Magicalもえ,Magical Moe,['OVA'],1,Finished Airing,"Aug 24, 2007",,,['Animac'],"None found,",['Blue Cat'],Original,,,23 min.,Rx - Hentai,5.18,N/A,#11519,"2,251",4,683,"Moe and Bunta are chasing an enemy who holds the powerful and magical coin that can rule the kingdom. However, all three were accidentally thrown into the human world while the coin scattered into tiny pieces. Now, Moe and Bunta took it upon themselves to find these small coins and bring order back to their kingdom and also remove the enemy from the human world. (Source: AniDB)",[],Magical Moe,マジカルもえ,['Hentai'],,,,,,
140,FLAG Director's Edition 一千万のクフラの記録,,['OVA'],1,Finished Airing,"Aug 8, 2007",,,"None found,","None found,",['The Answer Studio'],Original,,,1 hr. 40 min.,PG-13 - Teens 13 or older,6.68,#6008,#11813,"2,059",1,593,"For many years a civil war raves in Uddiyana. Even the peacekeeping forces of the United Nations can bring the situation not under control. Only a by chance taken up photo, this shows how civilians hoist an impromptu UN flag together with soldiers, hope for peace spreads by his symbolic power. Then, nevertheless, the flag is stolen by the extremists who want to prevent the upcoming armistice. As a result the special task force SDC is asked to find the flag and to fetch back with the help of HAVWCs, modern fight robots. The journalist Saeko Shirasu who already shot the symbolic-laden photo of the peace banner should accompany the mission and document. However, the time becomes scarce, because heated by the extremists the mood threatens to tip in the population...",[],Flag Director's Edition: Issenman no Kufura no Kiroku,,['Action'],,,,,Flag: The Movie - Director's Cut,
141,TAMALA2010 a punk cat in space,,['OVA'],2,Finished Airing,"Aug 24, 2007",,,"None found,","None found,",['Pierrot'],Original,"['Avant Garde', 'Sci-Fi']",,17 min. per ep.,G - All Ages,5.52,#12034,#12275,"1,773",2,542,"After a long 5-year wait, the team that created the widely acclaimed ""TAMALA2010 A Punk Cat in Space"" (Winner of the Jury and Public's Prize for Best Animated Feature Film in Canada's FanTasia 2003), brings you a fusion of extremely cute graphics and nice music. Also included are 3 shorts directed by Studio 4C's Hidekazu Ohara. It's a new animation world you'd want to see and listen to again and again. (Source: AniDB)","['Prequel (Movie) Tamala 2010: A Punk Cat in Space', '']",Tamala 2010: A Punk Cat in Space OVA,"Tamala 2010 OVA, Tamala 2010 - A Punk Cat In Space (2007), Tamala on Parade, Tamala's Wild party",,,,,,,
142,大江戸四十八手[ふぉうてぃえいと],,['OVA'],3,Finished Airing,"Sep 29, 2007 to Feb 22, 2008",,,"['White Bear', 'Mediabank']","None found,",['Studio 9 Maiami'],Original,,,27 min. per ep.,Rx - Hentai,5.74,N/A,#12337,"1,737",1,550,"The action takes place in Ooedo Japan, when geishas and public houses appeared. Back then, girls raised in poor provincial families had little chances to get married successfully. The only opportunity to improve financial and social status for them was to move to Ooedo, the city of wealthy clans, and to become a servant or a geisha - and, perhaps, a lover of a rich feudal. Young and poor Ushizu has chosen this very path. Alongside, this hentai is a sort of Japanese Kama Sutra. The end of each part contains the description of sexual positions.",[],Ooedo Forty Eight,"Ooedo Shijuu Hachite, Ooedo Shijuuhatte",['Hentai'],,,['Historical'],,,
143,AAAで行こう!!~Yuuna&Akiko~,,['OVA'],1,Finished Airing,"Aug 24, 2007",,,['Opera House'],"None found,","None found,",Unknown,,,11 min.,G - All Ages,[],#16481,#17561,454,0,,No synopsis information has been added to this title. Help improve our database by adding a synopsis here.,[],AAA de Ikou!!: Yuuna & Akiko,Yuuna & Akiko: Let's Go AAA!,['Comedy'],,,,,,
144,ヱヴァンゲリヲン新劇場版:序,Evangelion: 1.0 You Are (Not) Alone,['Movie'],1,Finished Airing,"Sep 1, 2007",,,"None found,",['Funimation'],['Khara'],Original,"['Action', 'Award Winning', 'Drama', 'Sci-Fi', 'Suspense']","['Mecha', 'Psychological']",1 hr. 41 min.,R+ - Mild Nudity,8.00,#663,#394,"588,517","1,994",362411,"In a post-apocalyptic world, the last remaining human settlement in Japan is the heavily fortified city of Tokyo-3. Fourteen-year-old Shinji Ikari is brought to the headquarters of NERV, an underground organization lead by his estranged father, Gendou. He requests that Shinji become a pilot of an ""Evangelion,"" a colossal android built to fight against monstrous and destructive alien creatures known as ""Angels"" that wreak havoc on the planet and threaten the survival of the remaining human race. Although initially reluctant, Shinji is swayed by the idea of reconciling with his father, and agrees to aid in mankind's perilous endeavor against its alien threat, as the pilot of Evangelion Unit-01. Thrust into the midst of a dangerous battlefield, Shinji must find the necessary courage and resolve to face against the Angels' incursions before it is too late. [Written by MAL Rewrite]","['Sequel (Movie) Evangelion Movie 2: Ha', '']",Evangelion Movie 1: Jo,"Evangelion Shin Gekijouban: Jo, Rebuild of Evangelion: 1.0 You Are (Not) Alone, Evangelion: 1.01 You Are (Not) Alone, Evangelion: 1.11 You Are (Not) Alone",,,Evangelion: 1.11 You Are (Not) Alone,,,Evangelion: 1.11 You Are (Not) Alone.,Evangelion: 1.11 You Are (Not) Alone
145,ストレンヂア -無皇刃譚-,Sword of the Stranger,['Movie'],1,Finished Airing,"Sep 29, 2007",,,"['Bandai Visual', 'Shochiku', 'Sony Music Entertainment', 'Hakuhodo DY Media Partners', 'Fonishia']","['Funimation', 'Bandai Entertainment']",['Bones'],Original,"['Action', 'Adventure']","['Historical', 'Samurai']",1 hr. 42 min.,R - 17+ (violence & profanity),8.25,#330,#746,"342,996","3,022",168367,"In the Sengoku period of Japan, a young orphan named Kotarou and his dog Tobimaru steal from unsuspecting villagers in order to make ends meet. However, Kotarou is forced to remain on the run when he finds himself being hunted down by assassins sent by China's Ming Dynasty for mysterious reasons not involving his petty crimes. Fortunately, the duo run into Nanashi, a ronin who has taken refuge in a small temple, when Kotarou is attacked and Tobimaru poisoned. Although the samurai saves the helpless pair from their pursuers, he feels that there is no need to help them further; but when offered a gem in exchange for his services as a bodyguard, he reluctantly accepts Kotarou's offer of employment—just until Tobimaru is healed and the two reach their destination. As the three set out on a perilous journey, it soon becomes evident that their path is riddled with danger, as the Ming Dynasty has now sent a terrifying swordsman after them to capture Kotarou and fulfill a certain prophecy. [Written by MAL Rewrite]","['Adaptation (Manga) Stranger: Mukou Hadan', '']",Stranger: Mukou Hadan,,,,Sword of the Stranger,,,Sword of the Stranger,Sword of the Stranger: El Samurai sin Nombre
146,劇場版NARUTO -ナルト- 疾風伝,Naruto Shippuden the Movie 1,['Movie'],1,Finished Airing,"Aug 4, 2007",,,"['TV Tokyo', 'Aniplex', 'Dentsu', 'Bandai', 'Shueisha']",['VIZ Media'],['Pierrot'],['Manga'],"['Action', 'Adventure', 'Fantasy']",,1 hr. 34 min.,PG-13 - Teens 13 or older,7.29,#2875,#846,"308,201",323,178393,"A group of ninja is planning to revive a powerful demon, and once its spirit is reunited with its body, the world will be destroyed. The only way to prevent this from happening is for Shion, a shrine maiden, to seal it away for good. Naruto Uzumaki is tasked to guard her, but one thing stops Shion from accepting his help: she also has the ability to predict death—and she has foreseen his demise approaching soon. In order to escape his fate, Naruto must stay away from Shion; however, undeterred, he chooses to challenge the prophecy in order to protect Shion and the world. [Written by MAL Rewrite]","['Adaptation (Light Novel) Gekijouban Naruto: Shippuuden', '']",Naruto: Shippuuden Movie 1,"Naruto Shippuden Movie, Naruto Movie 4, Gekijouban Naruto Shippuuden",,['Shounen'],Naruto Shippuden Le Film: Un Funeste Présage,,,Naruto Shippuden: Der Film,Naruto Shippuden: La Película
147,劇場版 クラナド,Clannad The Motion Picture,['Movie'],1,Finished Airing,"Sep 15, 2007",,,"None found,",['Sentai Filmworks'],['Toei Animation'],Visual novel,"['Drama', 'Romance', 'Supernatural']",,1 hr. 33 min.,PG-13 - Teens 13 or older,7.24,#3154,#1399,"181,875",450,93562,"Tomoya Okazaki is a cynical delinquent who lacks ambition as he apathetically labors through high school. During his childhood, a tragedy had caused his father to seek solace in alcoholism and neglect his son. Yet, meaningful human interaction can be a benediction, as Tomoya learns when he meets the enigmatic Nagisa Furukawa. The odd girl offers a gesture of friendship to Tomoya, but he rejects the request, dismissing it as a trivial incident. However, as he soon realizes that he is encountering Nagisa more and more often during school, Tomoya drops his discompassions and befriends the girl. When he learns that Nagisa's dream is to revive the Drama Club, Tomoya decides to shed his detachment from the ordinary pleasures of life and dedicate himself to helping his new friend achieve her ambition. But what starts as a simple friendship may progress into something far more deep, intimate, and life-changing. As the pair face various hardships and afflictions, Tomoya and Nagisa gradually come to terms with the challenges of life. [Written by MAL Rewrite]",[],Clannad Movie,Gekijouban Clannad,,,,['School'],,Clannad: Der Film,
148,ポケットモンスター ダイヤモンド＆パール ディアルガVSパルキアVSダークライ,Pokémon: The Rise Of Darkrai,['Movie'],1,Finished Airing,"Jul 15, 2007",,,['Shogakukan Productions'],"['VIZ Media', 'The Pokemon Company International']",['OLM'],Game,"['Action', 'Adventure', 'Comedy', 'Drama', 'Fantasy']",,1 hr. 30 min.,PG - Children,7.31,#2804,#1936,"120,698",145,75206,"The beautiful Alamos Town is home to a pair of century-old structures known as the Space-Time Towers, built by the architect Godey to play orchestral music in the area. The towers are also home to the Alamos Town Contest Hall, which is the next destination for Hikari, Satoshi, and Takeshi in their journey through the Sinnoh region. A woman named Alice and her partner Chimchar are happy to guide Satoshi and his friends through the town and its hallmarks. But the tour is suddenly interrupted when Alice's friend Tonio notices a wave of dimensional disturbances throughout the town—all of which is blamed on an ominous Pokémon named Darkrai. The space-time disturbances continue to intensify as two legendary Pokémon, the Temporal Pokémon Dialga and the Spatial Pokémon Palkia, appear to duel each other, isolating the town and everyone present in it from the world into another dimension! As he learns that this event was foreseen long ago, Tonio finds that his great-grandfather left behind a way to stop the dueling Pokémon. Will Satoshi and his friends be able to use this last resort to save Alamos Town from vaporizing between the dimensions? [Written by MAL Rewrite]","['Adaptation (Manga) Gekijouban Pocket Monsters Diamond & Pearl: Dialga vs. Palkia vs. Darkrai', '']",Pokemon Movie 10: Dialga vs. Palkia vs. Darkrai,"Gekijouban Pocket Monsters Diamond and Pearl: Dialga vs. Palkia vs. Darkrai, Pokemon Diamond & Pearl: Dialga vs. Palkia vs. Darkrai",,['Kids'],Pokemon Film 10: L'ascension de Darkrai,,,Pokémon Film 10: Der Aufstieg von Darkrai,Pokémon Película 10: Pokémon: El desafío de Darkrai
149,ピアノの森 The Perfect World of Kai,The Piano Forest,['Movie'],1,Finished Airing,"Jul 21, 2007",,,"['Sony Music Entertainment', 'Cyclone Graphics']","None found,",['Madhouse'],['Manga'],,"['Music', 'School']",1 hr. 40 min.,G - All Ages,7.61,#1568,#2759,"70,471",123,28233,"Piano no Mori tells the story of Shuuhei Amamiya, a transfer student, and Kai Ichinose, a problem child from the rough areas of town. Upon transferring to Moriwaki Elementary and telling the other kids about his talent for piano, Shuuhei quickly finds himself as the victim of bully Daigaku Kanehira. Daigaku dares Shuuhei to find and play a cursed piano in the forest, which leads him to meet Kai, who claims to be the owner of the piano and the only one who can play it. Intrigued, Shuuhei follows Kai to the hidden piano in the forest and listens to him play a beautiful medley. Earning the respect of not only Shuuhei but school music teacher Sousuke Ajino as well, Kai now finds himself formally learning how to play the piano. [Written by MAL Rewrite]","['Adaptation (Manga) Piano no Mori Read Manga', '']",Piano no Mori,"The Perfect World of Kai, Forest of Piano",['Drama'],['Seinen'],Piano Forest,,,The Piano Forest,
150,ジーニアスパーティー,,['Movie'],7,Finished Airing,"Jul 7, 2007",,,"None found,",['GKIDS'],['Studio 4°C'],Original,"['Action', 'Avant Garde', 'Fantasy', 'Romance', 'Sci-Fi']","['Mecha', 'Music', 'Psychological']",14 min. per ep.,R+ - Mild Nudity,7.11,#3875,#3753,"40,231",75,13302,"A collection of seven individual and unique shorts which range from touching to downright bizarre. With each story different from the last, we encounter monsters going to school, a man who has a hard time dealing with himself, and a child who learns the hard way about the circle of life, as well as many other unique characters and experiences. A journey through the minds of the most prolific artists in Japan, this compilation truly is the setting of a Genius Party. [Written by MAL Rewrite]",[],Genius Party,"Shanghai Dragon, Deathtic 4, Doorbell, Limit Cycle, Happy Machine, Baby Blue",,,,,,,
151,ベクシル 2077日本鎖国,Vexille,['Movie'],1,Finished Airing,"Aug 18, 2007",,,"['Avex Entertainment', 'Shochiku', 'TBS', 'Yahoo! Japan', 'Shogakukan', 'Shogakukan Productions']",['Funimation'],['Oxybot'],Original,"['Action', 'Sci-Fi']",,1 hr. 49 min.,PG-13 - Teens 13 or older,6.89,#4876,#5227,"19,276",24,11048,"In an alternate 21st century, the robotics industry undergoes a period of rapid advancement worldwide. By the year 2050, Japan has firmly established itself as the leader in robotic technology and manufacture with Daiwa Heavy Industries. As the technology evolves to include robotic enhancements to the human body, the blurring of the line between man and machine triggers a sudden shift in world opinion. In response, the U.N. passes a unilateral ban of further research and development on robotics in 2067. Japan fiercely objects to this ban, but is unable to prevent its passage. In protest, Japan withdrew from international politics and chose to pursue a policy of high-tech national isolation. While only trade continues, Japan disappears from the world scene. Ten years later, a series of bizarre incidents lead the American technology police agency SWORD to believe that Japan has concealed extensive development of banned technologies through the use of the RACE network. SWORD dispatches a unit of special agents to infiltrate Japan and gather intelligence on the country. Vexille, a veteran agent among the group, uncovers the horrifying truth behind the ten years of isolation.",[],Vexille: 2077 Nihon Sakoku,"Vexille: 2077 Nippon Sakoku, Vexille: 2077 Japan National Isolation",,,Vexille 2077,['Military'],,Vexille,Vexille
152,河童のクゥと夏休み,Summer Days with Coo,['Movie'],1,Finished Airing,"Jul 28, 2007",,,"['Dentsu', 'TV Asahi', 'Shochiku', 'Sony Music Entertainment', 'Dentsu Tec', 'Imagine']",['GKIDS'],['Shin-Ei Animation'],Original,"['Adventure', 'Award Winning', 'Fantasy']",,2 hr. 21 min.,PG - Children,7.49,#2008,#5241,"19,070",52,8161,"Kouichi Uehara is a fourth grade student living in the suburb of Tokyo. One day, he picks up a large stone which turns out to be a fossil of a baby ""Kappa"" who has been sleeping underground for the past 300 years, and names it ""Coo."" They become good friends and Coo starts living with Kouichi's family. However, Coo has a hard time adjusting to life among humans and misses his kind.",[],Kappa no Coo to Natsuyasumi,Kappa no Coo to Natsuyasumi,,,Un été avec Coo,['Mythology'],,Summer Days with Coo,El Verano de Coo
153,劇場版アクエリオン -壱発逆転篇-,,['Movie'],1,Finished Airing,"Sep 22, 2007",,,['Sankyo'],"None found,",['Satelight'],Original,"['Drama', 'Fantasy']",,1 hr. 56 min.,PG-13 - Teens 13 or older,6.71,#5809,#7852,"6,905",3,2363,"This movie is an alternative version of the TV series; it is composed of the two 2007 OVAs, edited to improve the pacing of the plot, and an extra segment akin to a TV episode where the cast are given the task of studying flowers. The plot has several differences to the TV series.",[],Aquarion Movie: Ippatsu Gyakuten-hen,Gekijouban Aquarion: Ippatsu Gyakuten Hen,,,,['Mecha'],,,
154,キディ・グレイド　劇場版　第三部: 黎明篇,,['Movie'],1,Finished Airing,"Sep 1, 2007",,,"['Kadokawa Shoten', 'gimik']","None found,","['Gonzo', 'asread.']",Original,"['Action', 'Sci-Fi']","['Mecha', 'Space', 'Super Power']",1 hr. 30 min.,PG-13 - Teens 13 or older,7.06,#4084,#8840,"5,158",6,1605,A is the retelling of the original anime's finale.,"['Prequel (Movie) Kiddy Grade: Maelstrom', '']",Kiddy Grade: Truth Dawn,"Kiddy Grade: Reimei-hen, Kiddy Grade Movie 3",,,,,,,
155,銀河鉄道999 星空はタイムマシーン,,['Movie'],1,Finished Airing,"Jul 14, 2007",,,"None found,","None found,",['Toei Animation'],Unknown,"['Drama', 'Sci-Fi']",,32 min.,G - All Ages,6.33,#8108,#13709,"1,165",0,188,"Sometime in the 21st century on the Earth, Galaxy Express 999 destined for Great Andromeda is about to depart. A mysterious girl, Jula, suddenly appears in front of Maetel and Tetsuro who are visiting a museum. After predicting the fall of the human race, Jula has disappeared into outer space. Matel and Tetsuro follow her riding in the 999. Tetsuro finds Jula on asteroid Itokawa, which was once explored by the Hayabusa probe. Jula disappears into space again but her spacecraft crashes into an asteroid, falling down to Jupiter. Will Tetsuro be able to rescue Jula? What does Jula mean by the ""fall of the human race""? Transcending space and time, this is the saga of the 999 traveling among the stars in our solar system. (Source: Toei Animation)",[],Ginga Tetsudou 999: Hoshizora wa Time Machine,"Galaxy Express 999: The Starlit Sky is a Time Machine, Galaxy Express 999: The Starlit Sky is a Time Machine - Solar System/Extinction of the Dinosaurs",,,,,,,
156,それいけ! アンパンマン シャボン玉のプルン,"Anpanman: Purun, the Soap Bubble",['Movie'],1,Finished Airing,"Jul 14, 2007",,,"['VAP', 'Tokyo Movie Shinsha']","None found,","None found,",Unknown,"['Comedy', 'Fantasy']",,51 min.,PG - Children,6.15,#9072,#15484,707,1,208,"Anpanman's friends go see a bubble show performed by Shabondama-hime and her Shabondama Girls, who make exquisite bubbles by playing their flutes. One of the girls, Purun, can't make big bubbles no matter how much she rehearses. She feels inadequate as she goes to retrieve her lost flute, which Creampanda finds and goes to return. Meanwhile Baikinman takes over Shabondama-hime's castle and steals the flutes, using their power to create evil bubbles, and Purun must realize her own importance and save the day with Anpanman's help. (Source: ANN)",[],Sore Ike! Anpanman: Shabondama no Purun,,,['Kids'],,,,,
157,大ちゃん、だいすき。,,['Movie'],1,Finished Airing,"Aug 18, 2007",,,"['Tama Production', 'Tokyo MX']","None found,","None found,",Book,"['Drama', 'Slice of Life']",,1 hr. 20 min.,G - All Ages,[],#17522,#16995,508,0,,"Main character in this film, Mai, has a handicapped brother, who is totally deaf, called Dai-Chan. He is like a younger brother for Mai yet he is actually her older brother because Dai-Chan always asks Mai to hold him up with smiling all over. One day, an elementary school Mai goes to and a handicapped school Dai-Chan goes to start to communicate each other. And then, Mai's class mates started to make fun of Mai and draw a funny portrait of Dai-Chan on black board in the class. Mai gets shocked and hurt at that mischief. And moreover, their mother gets sickness at the same time. That's why Dai-Chan should enter in an orphanage for handicapped children; however, Mai really wants to take care of him by herself, so she tries to stop it. This story is written about a love of family, close bond, and relationship between human and human. We definitely have a common warm heart and a moment we have to use it with honest feeling. This film could remind us some important things we should never forget about our life. (Source: AniDB)",[],"Dai-chan, Daisuki.","Daichan, Daisuki.",,,,['School'],,,
158,それいけ!アンパンマン ホラーマンとホラ・ホラコ,,['Movie'],1,Finished Airing,"Jul 14, 2007",,,['Tokyo Movie Shinsha'],"None found,","None found,",Unknown,"['Comedy', 'Fantasy']",,20 min.,PG - Children,[],#14525,#17831,433,0,,No synopsis information has been added to this title. Help improve our database by adding a synopsis here.,[],Sore Ike! Anpanman: Horrorman to Hora Horako,,,['Kids'],,,,,
159,보글보글 보물선,Submarine Bubble Bubble,['Movie'],1,Finished Airing,"Jul 25, 2007",,,"None found,","None found,","None found,",Unknown,"['Adventure', 'Fantasy']",,55 min.,PG-13 - Teens 13 or older,[],#17007,#18263,403,0,,A bunch of dreamers and treasure hunters go hunting for a legendary dragon treasure. (Source: AniDB),[],Bogeul Bogeul Bomulseon,,,,,,,,
160,モモタロスのなつやすみ,,['Movie'],1,Finished Airing,"Aug 4, 2007",,,"None found,","None found,","None found,",Other,"['Action', 'Comedy']","['Parody', 'Super Power']",2 min.,G - All Ages,5.38,#12481,#18619,373,0,136,"Momotaros's Summer Vacation is a short film that debuted between the Gekiranger movie and I'm Born!. Using live action photographs, 3D computer graphics, and traditional animation (all of which is termed a Momotion Picture, it has Momotaros gloating of his strength until Sha-Fu dared him to proved it by swimming. After being made fun of by Urataros and Ryutaros, and bashed by Kintaros, Momotaros is talked into believing he can swim by Deneb. But as the ""mind over matter"" influence wears off, the Imagin and Sha-Fu tell the audience the movie's coming up soon. (Source: Wikipedia)",[],Momotaros no Natsuyasumi,"Momotaros's Summer Vacation, Momo Natsu",,['Kids'],,,,,
161,鉄の子カナヒル,,['Movie'],1,Finished Airing,"Aug 4, 2007",,,['Higa Brothers Production'],"None found,","None found,",Unknown,,,32 min.,G - All Ages,[],#14818,#19797,297,0,,"There came a time when iron vanished from Okinawa. A Cana baby called Kanahiru arrived at the shores of Okinawa. He was from a far away land called Iron Hills. A place far beyond the seas. He was baffled by the deformity of Gana Hill, even teased the citizens, but he decided to stay. Years later ferocious demons capture Gana Hill and take Kanahiru to the demon island.",[],Tetsu no Ko Kanahiru,Kanahiru The Iron Boy,['Fantasy'],,,,,,
162,Pooky's,Pooky's,['Movie'],1,Finished Airing,"Sep 11, 2007",,,"None found,","None found,",['Spooky graphic'],Original,"['Comedy', 'Supernatural']",,25 min.,PG - Children,[],#21111,#22551,153,1,,"Charming but Surreal. Scary but Adorable. Pooky's is a ""Cool and Stylish"" animation comedy full of cute & unique ghost characters. Designers'unit ""Spooky graphic"" presents a great 3DCG animation piece to all the kids in the world. (Source: AniDB)",[],Pooky's,,,,,,,,
163,海之傳說－媽祖,Mazu,['Movie'],1,Finished Airing,"Jul 27, 2007",,,"None found,","None found,","None found,",Other,,"['Martial Arts', 'Mythology']",1 hr. 30 min.,PG - Children,[],#18378,#25329,91,0,,"It was clear that Mazu was different from the common people from the moment she was born. She never cried nor fussed and carried the protections of the primordial spirit. When a jellyfish monster from the sea tried to harm the newborn Mo Niang, the spirit manifested and chased it away. During the struggle, the jellyfish monster knocks down a candlestick and sets fire to the curtains. Although the family put it out immediately, it still frightened Mo Niang and she began to hold a deep fear towards fire from then on.",[],Hai Zhi Chuan Shugo: Mazu,,['Fantasy'],['Kids'],,,,,
164,ディレクターズカット完全決着版 〜リライト,Death Note: Relight,['TV Special'],2,Finished Airing,"Aug 31, 2007 to Aug 22, 2008",,,['Shueisha'],['VIZ Media'],['Madhouse'],['Manga'],"['Supernatural', 'Suspense']",,1 hr. 52 min. per ep.,R - 17+ (violence & profanity),7.71,#1276,#1206,"215,189",758,96297,"When approached by a fellow death god tempted to visit the human realm, Ryuk recounts his own journey to the other side and the story of Light Yagami—a brilliant young man who impressed him there. One day at school, Light stumbles upon Ryuk's lost Death Note and realizes it is not an ordinary notebook. He learns that it has the ability to kill every person whose name is written inside, provided that the user can visualize the victim's face. Having long deplored the decadence of current society, Light believes this sinister weapon offers him an unexpected opportunity: to eradicate all evil and bring about a new ideal world. Following a string of fatal heart attacks, the authorities start to suspect that the alarming number of dead criminals is not coincidental. Determined to uncover the mysterious culprit, they join forces with L, an internationally renowned detective. As the death count escalates, Light and L clash in a breathtaking confrontation of wits and deception—a duel that will decide the future of humanity. [Written by MAL Rewrite]","['Adaptation (Manga) Death Note', '']",Death Note: Rewrite,"Death Note Director's Cut: The Complete Ending Edition Special, Death Note Special, Genshisuru Kami, Visions of a God, L o Tsugu Mono, L's Successors",,['Shounen'],Death Note: Relight,['Psychological'],,Death Note: Relight,Death Note Relight: La Visión de un Dios
165,ひぐらしのなく頃に 猫殺し編,Higurashi: When They Cry - Cat Killing Chapter,['Special'],1,Finished Airing,"Aug 2, 2007",,,"['Frontier Works', 'Sotsu']","None found,",['Studio Deen'],['Light novel'],,,23 min.,PG-13 - Teens 13 or older,7.13,#3740,#2545,"80,659",76,44580,"As a punishment for losing an intense poker game, Keiichi Maebara, Rena Ryuuguu, Mion Sonozaki, Satoko Houjou, and Rika Furude must walk around town dressed in costumes. Wanting to avoid being seen by more people, Keiichi convinces the group to visit Yagouchi—a deserted neighboring village. Mion's mention of a nearby abandoned quarry spikes the attention of Rena and Keiichi. Still, as she tells them more about the mysterious incidents surrounding the place, they debate whether it would be wise to explore it. [Written by MAL Rewrite]","['Adaptation (Light Novel) Higurashi no Naku Koro ni Gaiden: Nekogoroshi-hen', '']",Higurashi no Naku Koro ni Special: Nekogoroshi-hen,Higurashi no Naku Koro ni - Cat Killing Chapter,['Mystery'],,,,,,
166,ひぐらしのなく頃に解「うら☆ひぐ」,Higurashi: When They Cry – Kai Specials,['Special'],24,Finished Airing,"Sep 21, 2007 to Aug 22, 2008",,,"['Frontier Works', 'Sotsu', 'Movic']","None found,",['Studio Deen'],Visual novel,,,33 sec. per ep.,PG-13 - Teens 13 or older,7.14,#3723,#3285,"51,060",124,20624,Specials that come with the DVDs.,[],Higurashi no Naku Koro ni Kai Specials,"Ura☆Higu, Ura Higu",['Comedy'],,,['Parody'],,,
167,ef - a tale of memories. ~prologue~,,['Special'],1,Finished Airing,"Aug 24, 2007",,,['Rondo Robe'],"None found,",['Shaft'],Visual novel,,,4 min.,PG-13 - Teens 13 or older,7.03,#4250,#4190,"31,820",17,13094,"The prologue for ef - a tale of memories, released on a separate DVD two months before the premiere of the TV series.","['Sequel (TV) ef: A Tale of Memories.', '']",ef: A Tale of Memories. - Prologue,Ef: The First Tale,['Drama'],,,['Music'],,,
168,灼眼のシャナたん＠劇場版Ver,,['Special'],1,Finished Airing,"Sep 21, 2007",,,"None found,","None found,",['J.C.Staff'],['Light novel'],"['Adventure', 'Comedy', 'Fantasy']",,5 min.,PG-13 - Teens 13 or older,7.10,#3893,#4713,"24,620",13,11037,Shana-tan special bundled with the Shakugan no Shana Movie director's cut special collection DVD.,[],Shakugan no Shana-tan Movie,Shakugan no Shana-tan Gekijouban,,,,['Parody'],,,
169,一騎当千 Dragon Destiny,,['Special'],6,Finished Airing,"Jun 24, 2007 to Nov 24, 2007",,,['Genco'],['Media Blasters'],['Arms'],['Manga'],"['Action', 'Ecchi']","['Martial Arts', 'School', 'Super Power']",3 min. per ep.,R+ - Mild Nudity,6.59,#6521,#4748,"24,168",14,10994,Ikkitousen Dragon Destiny Specials.,[],Ikkitousen: Dragon Destiny Specials,Ikkitousen Dragon Destiny OVA,,['Seinen'],,,,,
170,アニ＊クリ15,,['TV Special'],15,Finished Airing,"May 7, 2007 to Dec 10, 2007",,,"None found,","None found,","['Gonzo', 'Gainax', 'Production I.G', 'Madhouse', 'Studio 4°C', 'Satelight', 'CoMix Wave Films']",Original,"['Adventure', 'Comedy', 'Drama', 'Fantasy', 'Sci-Fi', 'Supernatural']","['Martial Arts', 'Mecha', 'School', 'Strategy Game', 'Super Power']",1 min. per ep.,PG-13 - Teens 13 or older,6.68,#5997,#4762,"24,050",10,11251,"15 one-minute shorts created by various people from Japan's animation industry. The title of the collection, Ani*Kuri15, is abbreviated from the words ""anime"" and ""creators"". Season One Shinji Kimura (Studio 4°C; Art Director, Steamboy) - title: Attack of Higashimachi Ni Chome/Attack of Higashimachi 2nd Burough Shōjirō Nishimi (Studio 4°C; Character Designer, Tekkonkinkreet) - Uchujin Raikou Hiroshi no Baai/Invasion from Space - Hiroshi's Case Akemi Hayashi (Gainax; Character Designer, Fruits Basket) - Namida no Mukou/From the Other Side of the Tears Osamu Kobayashi (Madhouse; Art/Mecha Desgin, Gungrave) - Sancha Blues/The Aromatic Tea Blues Yasufumi Soejima (Gonzo; 3D/CG Director, Last Exile) - Hyotoko/Blaze Man Season Two Atsushi Takeuchi (Production I.G; Mecha Design, Ghost in the Shell) - Wandaba Kiss Mamoru Oshii (Production I.G; Director, Ghost in the Shell) - Project Mermaid Kazuto Nakazawa (Studio 4°C; First Unit Director, Kill Bill Chapter 3: The Origin of O-Ren from Kill Bill: Volume 1) - ""yurururu"" ~Nichijou Hen~ Ranji Murata (Gonzo; Character Design, Blue Submarine No. 6) and Tatsuya Yabuta (Gonzo; Story Design, Final Fantasy VII) - Gyrosopter Tobira Oda (Original Manga, Danchi Tomō) and Yasuyuki Shimizu (Key Animation, Naruto (movies)) (Studio 4°C) - Supaatsu Taisa/Colonel Sports Season Three Michael Arias (Studio 4°C; Director, Tekkonkinkreet) - Okkakekko Makoto Shinkai (Comix Wave Film; Director, The Place Promised in Our Early Days) - Neko no Shuukai/A Gathering of Cats Shōji Kawamori (Satelight; Director, The Super Dimension Fortress Macross: Do You Remember Love?) - Project Omega Mahiro Maeda (Gonzo; Director, Gankutsuou: The Count of Monte Cristo) - Onmitsu Hime/Princess Onmitsu Satoshi Kon (Madhouse; Director, Paprika) - Ohayō/Good Morning",[],Ani*Kuri15,"Ani*Cre15, Ani Kuri 15, Ani-Kuri 15, Anikuri 15, Neko no Shuukai",,,,,,,
171,sola,,['Special'],2,Finished Airing,"Sep 25, 2007 to Oct 26, 2007",,,['Bandai Visual'],['Bandai Entertainment'],['Nomad'],['Manga'],"['Comedy', 'Romance', 'Supernatural']",,24 min. per ep.,PG-13 - Teens 13 or older,6.90,#4808,#5639,"15,654",4,8606,DVD-exclusive specials. The first takes place between episode 4 and 5 of the main series and and the second is a prologue to the series leading up to the events on the last day before the beginning of episode 1. (Source: AniDB),[],Sola Specials,Sola OVA,,,,,,,
172,ミヨリの森,Miyori's Forest,['TV Special'],1,Finished Airing,"Aug 25, 2007",,,"['Fuji TV', 'Atelier Musa']","None found,",['Nippon Animation'],['Manga'],"['Adventure', 'Drama', 'Fantasy']",,1 hr. 47 min.,G - All Ages,6.88,#4920,#5877,"14,106",21,4737,"After being deserted by her parents, 11-year-old Miyori shuts her heart from the rest of the world and denies any form of human relationships. She was entrusted in the care of her grandmother who lives near a forest. Miyori will take a walk in the forest where she felt a strong sense of loneliness in the forest which seems to have nothing. However, she soon encounters unbelievable things and gradually realizes that the forest is more than what it seems... (Source: ANN)","['Adaptation (Manga) Miyori no Mori', '']",Miyori no Mori,,,['Shoujo'],La Forêt de Miyori,,,,
173,すもももももも ～地上最強のヨメ～,Sumomomo Momomo: The World's Strongest Bride Specials,['Special'],2,Finished Airing,"Aug 24, 2007",,,['Square Enix'],"None found,",['Studio Hibari'],['Manga'],"['Comedy', 'Romance', 'Ecchi']",,23 min. per ep.,PG-13 - Teens 13 or older,6.86,#5039,#6065,"12,986",8,5885,"DVD episodes 23 and 24.[/b] Based on a seinen manga by Shinobu Ohtaka, serialized in Young Gangan. Koushi Inuzuka is a smart high school student who aims to become a public prosecutor. Unfortunately for our good guy, he was born into a martial arts family whose head (ie his father) only knows one language: violence. When Koushi was still a baby, his father made a pact with his biggest rival to marry Koushi to his opponent-turned-friend's daughter. The union of the two blood lines is supposed to bring forth Earth's strongest martial arts clan. Skip forward: Koushi is in high school, oblivious to the marriage arranged for him at his birth. Enter Momoko Kuzuryuu: sugar bomb, airhead, loli martial arts artist and Koushi's self-proclaimed bride (the strongest on Earth, no less). Her wish for sexual intercourse meets with Koushi's square refusal as he has absolutely no desire to get it on with someone who looks like she could be his little sister, not to mention that he doesn't have the foggiest idea who she actually is. Meanwhile, a war has broken out between the martial arts families. For Koushi, this means that numerous fighters are out to challenge him. As if that weren't bad enough, our protagonist also has a fight phobia due to a traumatic incident that took place in his childhood. Now it's up to Momoko and her superhuman fighting skills to protect her ""husband."" Will the two sweethearts survive the trials and tribulations ahead of them? More importantly, will Momoko get her way receiving a baby from Koushi?","['Prequel (TV) Sumomomo Momomo: Chijou Saikyou no Yome', '']",Sumomomo Momomo: Chijou Saikyou no Yome Specials,,,,,['Martial Arts'],,,
174,攻殻機動隊 ウチコマナ日々,Ghost in the Shell: Stand Alone Complex - Solid State Society: Uchikomatic Days,['Special'],1,Finished Airing,"Jul 24, 2007",,,"None found,",['Bandai Entertainment'],['Production I.G'],['Manga'],"['Comedy', 'Sci-Fi']",,4 min.,PG - Children,6.87,#4977,#6076,"12,919",13,4845,"Uchikomatic Days is a 5 minute short telling the story of the birth of the Uchikomas, the 'ugly duckling' second generation think-tanks that made substandard replacement models for the Tachikomas. The short features a music performance by the A.I. Tough Guy Uchikomas, a group of rising stars that will provide entertainment at the Harima City for Academic Research New Year's Eve Party. This special feature is available on the Ghost in the Shell: S.A.C. Solid State Society DVD.",[],Koukaku Kidoutai: Stand Alone Complex - Solid State Society - Uchikoma na Hibi,"Ghost in the Shell: Stand Alone Complex - Solid State Society - Uchikoma na Hibi, Koukaku Kidoutai Stand Alone Complex: Solid State Society - Uchikoma na Hibi, GitS SAC SSS - Uchikoma na Hibi, GitS: SAC 3 - Uchikoma na Hibi",,,,['Mecha'],,,
175,ポケモン不思議のダンジョン 時の探検隊・闇の探検隊,Pokémon Mystery Dungeon: Explorers of Time and Darkness,['Special'],1,Finished Airing,"Sep 9, 2007",,,['Nintendo of America'],['The Pokemon Company International'],['OLM'],Game,"['Adventure', 'Fantasy']",,21 min.,PG - Children,6.55,#6759,#6270,"11,935",3,5604,"In a world where only Pokémon live, one Hikozaru wishes to be part of Pukurin Guild—a large area where Exploration Teams gather and work. Intimidated by the apparent strength of the guild members and the guild's security, Hikozaru runs away, stumbling over an unconscious Pochama in the middle of his escape. The Pochama wakes up and is immediately shocked by both a talking Hikozaru as well as his own appearance—because Pochama knows that he is actually a human! With Pochama having no memories aside from previously being human (as well as countless questions about his new body), Hikozaru suggests that he ask the leader of Pukurin Guild for help. While Guildmaster Pukurin may not have answers about Pochama's transformation, he decides to make Pochama and Hikozaru an Exploration Team, which HIkozaru calls Pokédans. For their first mission, the duo must get a Gabite Scale by going to Labyrinth Cave with Kimawari! [Written by MAL Rewrite]","['Sequel (TV Special) Pokemon Fushigi no Dungeon: Sora no Tankentai - Toki to Yami wo Meguru Saigo no Bouken', 'Adaptation (Manga) Pokémon Fushigi no Dungeon: Honoo no Tankentai']","Pokemon Fushigi no Dungeon: Toki no Tankentai, Yami no Tankentai",Pokémon Mystery Dungeon: Time Expedition & Darkness Expedition,,,,,,,
176,デジモンセイバーズ 特典映像 アグモン！ガオモン！ララモン！爆裂！場外ラストバトル！,,['Special'],1,Finished Airing,"Aug 24, 2007",,,"None found,","None found,",['Toei Animation'],Original,"['Action', 'Adventure', 'Comedy', 'Fantasy', 'Sci-Fi', 'Supernatural']",,23 min.,PG - Children,6.55,#6779,#7434,"7,868",3,2851,"A recap of the whole Digimon Savers TV series in one episode, with original commentary by Agumon, Gaomon, and Lalamon, included in the final volume of the DVD releases.",[],Digimon Savers: Agumon! Gaomon! Lalamon! Bakuretsu! Jougai Last Battle!,Digimon Savers Special: Agumon! Gaomon! Lalamon! Explosion! The Last Battle Off-screen,,,,,,,
177,マリア様にはないしょ。,Keep it a Secret from Maria-sama,['Special'],5,Finished Airing,"Dec 29, 2006 to Jul 25, 2007",,,"None found,",['Nozomi Entertainment'],['Studio Deen'],['Light novel'],"['Comedy', 'Girls Love']",,1 min. per ep.,PG - Children,7.25,#3118,#7523,"7,666",4,3643,"A series of chibi-style ""outtakes"" from the ""shooting"" of the Mariamite series.",[],Maria-sama ga Miteru 3rd Specials,"Maria-sama ni wa Naisho, Don't tell the Virgin Mary",,['Shoujo'],,,,,
178,ピカチュウたんけんクラブ,Pikachu's Exploration Club,['Special'],1,Finished Airing,"Aug 1, 2007",,,['Shogakukan Productions'],"None found,",['OLM'],Game,"['Adventure', 'Comedy', 'Fantasy']",,21 min.,PG - Children,6.25,#8541,#7638,"7,371",2,2793,"The fourth short premiered on ANA flights on August 1, 2007. (Source: Wikipedia)",[],Pokemon: Pikachu Tanken Club,Pocket Monsters: Pikachu Tanken Kurabu,,['Kids'],,,,,
179,ルパン三世 霧のエリューシヴ,Lupin III: Elusiveness of the Fog,['Special'],1,Finished Airing,"Jul 27, 2007",,,"None found,",['Discotek Media'],['TMS Entertainment'],['Manga'],"['Action', 'Adventure', 'Comedy', 'Mystery']","['Adult Cast', 'Time Travel']",1 hr. 32 min.,PG-13 - Teens 13 or older,6.73,#5696,#7805,"6,989",1,2949,"On the ocean floor, Lupin is once again seeking a treasure hoping to get on Fujiko's good side. As Zenigata chases them on sea and land, people around the gang begin to vanish mysteriously. The fog rolls in and Mamo Kyosuke appears in a burst of light; he claims to be from the future and seeks revenge on Lupin III for what Lupin XIII has done to him. Mamo hurls Lupin, Jigen, Goemon, and Zenigata 500 years into the past; as two warring factions fight over a legendary shrine dedicated to time travel, Lupin must find a way to survive the past to ensure his future. (Source: Lupin III Encyclopedia) This movie is a remake of episode 13 in the original Lupin III series.",[],Lupin III: Kiri no Elusive,"Lupin III: Elusiveness of the Fog, Rupan Sansei: Kiri no Elusive",,['Seinen'],,,,,
180,京四郎と永遠（とわ）の空,,['Special'],6,Finished Airing,"Apr 25, 2007 to Sep 21, 2007",,,"None found,",['ADV Films'],['TNK'],['Manga'],"['Drama', 'Romance']",,4 min. per ep.,PG-13 - Teens 13 or older,6.47,#7284,#8285,"6,049",9,2114,Special shorts focusing on character relationships.,[],Kyoushirou to Towa no Sora Specials,"Kyoshiro to Towa no Sora Specials, Kyoshiro and the Eternal Sky Specials, Shattered Angels Specials",,['Shounen'],,,,,
181,お金がないっ,No Money Omake episodes,['Special'],4,Finished Airing,"Feb 9, 2007 to Dec 21, 2007",,,"['KlockWorx', 'Happinet Pictures']",['Media Blasters'],['Lyrics'],['Manga'],"['Boys Love', 'Comedy', 'Erotica']",,1 min. per ep.,R+ - Mild Nudity,5.88,N/A,#8697,"5,393",5,2042,Short specials included with the DVD's of Okane ga Nai series.,[],Okane ga Nai Specials,No Money! DVD Extras,,,,,,,
182,ときめきメモリアル Only Love,,['Special'],2,Finished Airing,"Sep 21, 2007",,,['Konami Digital Entertainment'],"None found,",['AIC ASTA'],Original,,,25 min. per ep.,PG-13 - Teens 13 or older,6.63,#6292,#8745,"5,313",4,2481,"The final DVD volume contains two specials: Tokimeki no Yuuki Episode 18 (sometimes labeled 17.5), which was never broadcast on TV. It features the swim captain, Utsumi Koayu. Tokimeki no Sentaku Episode 25.5, a recap of all episodes but the last, which was initially displayed at the Konami booth for the Tokyo International Anime Fair in 2007.","['Adaptation (Manga) Tokimeki Memorial: Only Love', '']",Tokimeki Memorial: Only Love Specials,"Tokimeki Memorial 17.5: The Excitement of Heroism, Tokimeki Memorial 25.5, Tokimeki no Yuuki, Tokimeki no Sentaku",['Comedy'],,,['School'],,,
183,ぽてまよ,,['Special'],6,Finished Airing,"Sep 28, 2007 to Feb 22, 2008",,,"None found,","None found,",['J.C.Staff'],['4-koma manga'],,,10 min. per ep.,PG-13 - Teens 13 or older,7.29,#2879,#9359,"4,347",1,2203,Potemayo DVD specials.,[],Potemayo Specials,,['Comedy'],['Seinen'],,['School'],,,
184,アイドルマスター ゼノグラシア,,['Special'],9,Finished Airing,"Jul 27, 2007 to Mar 25, 2008",,,"None found,",['Sentai Filmworks'],['Sunrise'],Original,"['Comedy', 'Sci-Fi']",,5 min. per ep.,R+ - Mild Nudity,5.89,#10502,#9609,"4,012",1,859,Specials bundled with the iDOLM@STER Xenoglossia DVD releases. Episodes #1: Izayoi-ryou e Youkoso! #2: Nantettatte Idol! #3: Komugiiro no Mermaid #4: Watashi ga Obasan ni Natte mo #5: Haru nanoni #6: Sekaijuu no Dare yori Kitto #7: SWEET MEMORIES #8: Itoshisa to Setsunasa to Kokoro Tsuyosa to #9: Episode 26 epilogue,[],iDOLM@STER Xenoglossia Specials,"Idol Master Xenoglossia Specials, Idolmaster Xenoglossia Specials",,,,['Mecha'],,,
185,ぼくらの,,['TV Special'],1,Finished Airing,"Jul 24, 2007",,,"None found,","None found,",['Gonzo'],['Manga'],"['Action', 'Drama', 'Sci-Fi']","['Mecha', 'Psychological']",23 min.,R - 17+ (violence & profanity),6.11,#9301,#9945,"3,615",1,1119,"A Bokurano recap episode of first 15 episodes. Aired on the 24 July 2007 on channel tvk instead of episode 16, while other stations cancelled the broadcast altogether for the same week.",[],Bokura no: Tsuisou,"Bokurano Recap, Bokurano Episode 15.5, Bokurano Special",,,,,,,
186,天保異聞 妖奇士 奇士神曲,Ghost Slayers Ayashi: Inferno,['Special'],5,Finished Airing,"Aug 22, 2007 to Oct 24, 2007",,,"None found,","None found,",['Bones'],Original,"['Action', 'Drama', 'Supernatural']",,24 min. per ep.,PG-13 - Teens 13 or older,6.76,#5569,#10419,"3,120",1,1061,Specials set six months after the end of Tenpou Ibun Ayakashi Ayashi.,"['Prequel (TV) Tenpou Ibun: Ayakashi Ayashi', '']",Tenpou Ibun: Ayakashi Ayashi - Ayashi Shinkyoku,Tenpou Ibun Ayakashi Ayashi: Inferno,,,,['Historical'],,,
187,地球へ...,Toward the Terra (TV) Specials,['Special'],3,Finished Airing,2007 to 2008,,,"None found,","None found,",['Minami Machi Bugyousho'],['Manga'],"['Action', 'Drama', 'Sci-Fi']","['Military', 'Space', 'Super Power']",3 min. per ep.,PG-13 - Teens 13 or older,6.66,#6119,#10547,"3,005",1,1035,"Episode list: 1: Episode 00 - Pilot Movie 2: TYPE BLUE -the ORIGIN- 3: Epilogue Music video Coming Home to Terra isn't included in the entry as it doesn't contain any new scenes. Recap episode, also known as episode 6.5, is actually a fan-made picture drama; thus, it's also not included.","['Adaptation (Manga) Terra e...', '']",Terra e... (TV) Specials,"Terra e... (2007), Chikyuu e, Towards the Terra... Pilot, Towards the Terra... Epilogue",,['Shounen'],,,,,
188,電脳コイル総復習,,['TV Special'],2,Finished Airing,"Aug 25, 2007 to Nov 3, 2007",,,"['NHK', 'Tokuma Shoten']","None found,",['Madhouse'],Original,"['Adventure', 'Comedy', 'Drama', 'Mystery', 'Sci-Fi']",,57 min. per ep.,G - All Ages,6.22,#8733,#10906,"2,701",0,782,"The entry encompasses two recaps: ""Dennou Coil Overall Review"" - summary episode, recapping the story up to 22nd episode, as well as ""Total Summary Special"" - 90 minute recap that was released with the Blu-ray Box.",[],Dennou Coil Recaps,"Dennou Coil Soufukushuu, Dennou Coil Episode 22.5, Dennou Coil Comprehensive Recap",,,,,,,
189,マージナルプリンス -月桂樹の王子達- 第14話「TOKYOメリーゴーランド」,,['Special'],1,Finished Airing,"Jul 19, 2007",,,['GDH'],"None found,",['Tokyo Kids'],Visual novel,,,25 min.,PG-13 - Teens 13 or older,5.71,#11310,#10934,"2,670",1,570,"Keita and the other Marginal Prince are away from St. Alphonso Academy and meet each other in the city, where they meet Keita's sister. Extra episode released with the 7th DVD volume.","['Prequel (TV) Marginal Prince: Gekkeiju no Ouji-tachi', '']",Marginal Prince: Gekkeiju no Ouji-tachi - Tokyo Merry-Go-Round,Marginal Prince: Gekkeijyu no Oujitachi Episode 14,['Boys Love'],,,['School'],,,
190,クレヨンしんちゃん　真夏の夜に　オラ　参上！　嵐を呼ぶ　電王ＶＳしん王　６０分スペシャル！！,Crayon Shin-Chan: Den-O vs. Shin-O,['Special'],1,Finished Airing,"Aug 3, 2007",,,['TV Asahi'],"None found,",['Shin-Ei Animation'],['Manga'],"['Action', 'Comedy']",,11 min.,G - All Ages,6.46,#7337,#11334,"2,379",2,997,"A sixty minute special of the Crayon Shin-chan anime featuring a crossover between Shin-chan and the live action tokusatsu series Kamen Rider Den-O, as well as three normal summer-themed episodes. The Den-O characters are drawn in the style of Shin-chan's regular characters. Another thing of note, inbetween commercial breaks, clips of a live action Shin-Chan onboard the Den-Liner or with characters from the Kamen Rider Den-O Series were shown. In most of these scenes it involves the Owner giving Shin a speech of sorts or making Shin feel uncomfortable.",[],Crayon Shin-chan Manatsu no Yoru ni Ora Sanjou! Arashi wo Yobu Den-O vs. Shin-O 60-pun Special!!,"Kamen Rider Den-O 26.5, Den-O vs Shin-O, Shin-Chan vs Den-O, Kamen Rider Den-O vs Crayon Shin-Chin, Crayon Shin-chan Midsummer Night: I Have Arrived! The Storm is Called Den-O vs. Shin-O 60 Minute Special!!, Crayon Shin-chan and Kamen Rider: Den-O vs. Shi",,['Seinen'],,['Super Power'],,,
191,月面兎兵器ミーナ,,['Special'],2,Finished Airing,"Jun 6, 2007 to Aug 1, 2007",,,"None found,","None found,",['Gonzo'],Other,"['Action', 'Comedy', 'Sci-Fi', 'Ecchi']","['Parody', 'Super Power']",22 min. per ep.,PG-13 - Teens 13 or older,5.91,#10412,#12495,"1,657",0,454,"Original unaired episodes included in DVD volumes 3 and 5, titled EX1 and EX2 respectively.",[],Getsumen to Heiki Mina Specials,"Getsumen to Heiki Mina DVD Episodes, Getsumen to Heiki Miina EX, Getsumen to Heiki Mina OVA",,,,,,,
192,ドラえもん (2005) Specials,,['TV Special'],Unknown,Currently Airing,"Apr 15, 2005 to ?",,,"None found,","None found,",['Shin-Ei Animation'],Unknown,,,45 min.,PG - Children,6.79,#5389,#12793,"1,503",5,469,"59 Doraemon (2005) TV Specials exist as of January 24, 2018.",[],Doraemon (2005) Specials,Doraemon Crayon Shin-chan Haru da! Eiga da! 3-Jikan Anime Matsuri 2,['Comedy'],['Seinen'],,,,,
193,ふたつの胡桃,,['TV Special'],1,Finished Airing,"Aug 15, 2007",,,['TV Asahi'],"None found,",['Shin-Ei Animation'],Original,,,45 min.,PG - Children,6.60,#6498,#13199,"1,336",1,481,Futatsu no Kurumi is a short story following 12-year-old Ayaka as she is teleported back in time to the fire bombing of Tokyo in 1945 and covers her experiences in this very different and unfamiliar environment. (source: saizen-fansubs),[],Futatsu no Kurumi,"Story of War: Futatsu no Kurumi, Two Walnuts, Sensou Douwa 6",['Drama'],,,['Time Travel'],,,
194,ジャイアントロボ,,['Special'],1,Finished Airing,"Jul 27, 2007",,,['Soft Garage'],"None found,",['OLM'],['Manga'],,,4 min.,G - All Ages,5.78,#11025,#13434,"1,252",3,353,"The pilot for GR: Giant Robo. However, there were significant changes between the pilot and the actual show, including a different writer and a different director. Thus, the special is less a promo for the series than an alternate version of how the series might have looked. (Source: Orphan)",[],Giant Robo,"Giant Robo Prologue-hen, GR: Giant Robot Pilot",['Action'],,,['Mecha'],,,
195,クレヨンしんちゃん Specials,,['Special'],Unknown,Currently Airing,"Dec 28, 1992 to ?",,,"None found,","None found,",['Shin-Ei Animation'],['Manga'],"['Comedy', 'Ecchi']",,48 min.,G - All Ages,[],#17447,#15448,712,2,,"87 Crayon Shin-chan TV Specials exist as of August 6, 2022.",[],Crayon Shin-chan Specials,,,['Seinen'],,['School'],,,
196,こちら葛飾区亀有公園前派出所 両さんの寿司食いねえ!〜頂上マグロ対決!!〜,,['Special'],2,Finished Airing,"Sep 30, 2007 to Oct 7, 2007",,,"None found,","None found,",['Gallop'],['Manga'],,"['Adult Cast', 'Detective']",20 min. per ep.,PG-13 - Teens 13 or older,6.42,#7572,#15585,692,1,161,A two part Kochikame special wherein Ryoutsu becomes involved in a sushi chef's dealings.,"['Adaptation (Manga) Kochira Katsushikaku Kameari Kouenmae Hashutsujo', '']",Kochira Katsushikaku Kameari Kouenmae Hashutsujo: Ryou-san no Sushi Kui Nee! - Choujou Maguro Taiketsu!!,Kochikame Special 24: Ryou-san no Sushi Kui Nee! - Choujou Maguro Taiketsu!!,['Comedy'],['Shounen'],,,,,
197,こちら葛飾区亀有公園前派出所  シートン探検隊!隅田川の誓い〜思い出の白い鯨を探せ!〜,,['Special'],2,Finished Airing,"Aug 5, 2007 to Aug 12, 2007",,,"None found,","None found,",['Gallop'],['Manga'],,"['Adult Cast', 'Detective']",20 min. per ep.,PG-13 - Teens 13 or older,6.52,#6920,#15651,680,1,154,"The two-part Kochikame special, wherein Ryoutsu helps a zoologist friend capture a real white whale.","['Adaptation (Manga) Kochira Katsushikaku Kameari Kouenmae Hashutsujo', '']",Kochira Katsushikaku Kameari Kouenmae Hashutsujo: Seton Tankentai! Sumidagawa no Chikai - Omoide no Shiroi Kujira wo Sagase!,Kochikame Special 23: Seton Tankentai! Sumidagawa no Chikai - Omoide no Shiroi Kujira wo Sagase!,['Comedy'],['Shounen'],,,,,
198,この青空に約束を― ～ようこそつぐみ寮へ～ 愛のつぐみ寮劇場,,['Special'],5,Finished Airing,"Sep 21, 2007 to Jan 25, 2008",,,"None found,","None found,","None found,",Visual novel,,,1 min. per ep.,PG-13 - Teens 13 or older,[],#19552,#16505,561,0,,Mini anime specials included in the DVD volumes 3-7.,[],Kono Aozora ni Yakusoku wo: Youkoso Tsugumi Ryou e - Ai no Tsugumi Ryou Gekijou,Kono Aozora ni Yakusoku wo Specials,['Comedy'],,,,,,
