,Synonyms,Japanese,English,German,French,Type,Episodes,Status,Aired,Premiered,Broadcast,Producers,Licensors,Studios,Source,Genres,Theme,Duration,Rating,Score,Ranked,Popularity,Members,Favorites,Scorers,Synopsis,Related_Entries,Title,Themes,Demographic,Spanish,Genre,Demographics
0,Ookami to Koushinryou,狼と香辛料,Spice and Wolf,Spice and Wolf,Spice and Wolf,['TV'],13,Finished Airing,"Jan 9, 2008 to Mar 26, 2008",['Winter 2008'],Wednesdays at 01:30 (JST),"['Victor Entertainment', 'Pony Canyon', 'Movic', 'Kadokawa Pictures Japan']","['Funimation', 'Kadokawa Pictures USA']",['Imagin'],['Light novel'],"['Adventure', 'Drama', 'Romance', 'Supernatural']",['Adult Cast'],23 min. per ep.,PG-13 - Teens 13 or older,8.21,#385,#233,"845,332","18,091",405084,"Holo is a powerful wolf deity who is revered in the small town of Pasloe for blessing the annual harvest. Yet as years go by and the villagers become more self-sufficient, Holo has been reduced to a mere folktale. When a traveling merchant named Kraft Lawrence stops at the settlement, Holo offers to become his business partner if he takes her to her northern home of Yoitsu. The savvy trader recognizes Holo's unusual ability to evaluate a person's character and accepts her proposition. Now in the possession of both sharp bargaining skills and a charismatic negotiator, Lawrence inches closer to his goal of opening his own shop. However, as Lawrence travels the countryside with Holo in search of economic opportunities, he begins to realize that his aspirations are slowly morphing into something unexpected. [Written by MAL Rewrite]","['Sequel (OVA) Ookami to Koushinryou II: Ookami to Kohakuiro no Yuuutsu', 'Adaptation (Manga) Ookami to Koushinryou', 'Adaptation (Light Novel) Ookami to Koushinryou', '']",Ookami to Koushinryou,,,,,
1,Rosario and Vampire,ロザリオとバンパイア,Rosario + Vampire,Rosario + Vampire,Rosario + Vampire,['TV'],13,Finished Airing,"Jan 3, 2008 to Mar 27, 2008",['Winter 2008'],Thursdays at 23:30 (JST),"['GDH', 'Yomiko Advertising', 'Happinet Pictures', 'Atelier Musa', 'Shueisha', 'Sotsu Music Publishing', 'Imagine', 'Future Vision Music']",['Funimation'],['Gonzo'],['Manga'],"['Comedy', 'Romance', 'Supernatural', 'Ecchi']",,24 min. per ep.,R+ - Mild Nudity,6.73,#5707,#305,"707,475","3,528",406719,"Youkai Academy is a seemingly normal boarding school, except that its pupils are monsters learning to coexist with humans. All students attend in human form and take normal academic subjects, such as literature, gym, foreign language, and mathematics. However, there is one golden rule at Youkai Academy—all humans found on school grounds are to be executed immediately! Tsukune Aono is an average teenager who is unable to get into any high school because of his bad grades. His parents inadvertently enroll him into Youkai Academy as a last-ditch effort to secure his education. As Tsukune unknowingly enters this new world, he has a run-in with the most attractive girl on campus, Moka Akashiya. Deciding to stay in the perilous realm in order to further his relationship with Moka, he does not realize that beneath her beauty lies a menacing monster—a vampire. Rosario to Vampire is a supernatural school comedy that explores Tsukune's romantic exploits, experiences, and misadventures with a bevy of beautiful but dangerous creatures. [Written by MAL Rewrite]","['Sequel (TV) Rosario to Vampire Capu2', 'Adaptation (Manga) Rosario to Vampire']",Rosario to Vampire,"['Harem', 'Mythology', 'School', 'Vampire']",['Shounen'],,,
2,,true tears,True Tears,,,['TV'],13,Finished Airing,"Jan 6, 2008 to Mar 30, 2008",['Winter 2008'],Sundays at 01:00 (JST),"['Bandai Visual', 'Lantis', 'Fonishia']","['Bandai Entertainment', 'Discotek Media', 'Bandai Visual USA']",['P.A. Works'],Original,"['Drama', 'Romance']",,24 min. per ep.,PG-13 - Teens 13 or older,7.27,#2991,#1181,"221,067",901,102783,"Shinichirou Nakagami was living the life other boys from his grade could only dream of—staying under the same roof as prodigal student Hiromi Yuasa. However, the bright and cheerful Hiromi has been depressed and cold at home ever since her mother passed away. While he is the subject of the ignorant jealousy of his peers, rumors begin to spread when Shinichirou meets Noe Isurugi—a girl known for cursing classmates, curses which always end up becoming reality. Noe curses Shinichirou as well, but two pits are created when you curse someone, and her curse on Shinichirou comes back to bite her in the form of a raccoon to her beloved chicken, Raigomaru. Despite this, she does not shed a single tear; Noe had had her tears stolen. For Noe to be able to cry again, she would need the tears of another, and Shinichirou knows a person whose tears he wants to take away. [Written by MAL Rewrite]","['Sequel (Music) True Tears Epilogue', '']",True Tears,"['Love Polygon', 'School']",,,,
3,Mnemosyne: Daughters of Mnemosyne,Mnemosyne－ムネモシュネの娘たち－,Rin: Daughters of Mnemosyne,Rin: Daughters of Mnemosyne,Rin: Daughters of Mnemosyne,['TV'],6,Finished Airing,"Feb 4, 2008 to Jul 7, 2008",['Winter 2008'],Mondays at 00:00 (JST),"['VAP', 'Sotsu', 'Genco', 'AT-X', 'Showgate']",['Funimation'],['Xebec'],Original,"['Action', 'Girls Love', 'Horror', 'Sci-Fi', 'Supernatural']",,45 min. per ep.,R+ - Mild Nudity,7.24,#3137,#1328,"192,664","1,198",75148,"Immortality is something many people would wish for. But would it be such a coveted ability if people knew they would be subject to countless attacks because of it? Such is the case for Rin Asougi, an immortal private investigator, because there is no shortage of people who want her dead. Over the centuries, she has met many grisly ends, but each time, she returns to life as if nothing had happened. In 1990, while looking for a lost cat, Rin runs into Kouki Maeno, a man who feels that his memories are wrong. Agreeing to help him, Rin discovers that Kouki is not what he seems, all the while drawing closer to her true enemy. This adversary knows Rin and her kind all too well, and if she dies by his hand, she may stay dead permanently. [Written by MAL Rewrite]","['Adaptation (Light Novel) Mnemosyne: Mnemosyne no Musume-tachi 2008', 'Adaptation (Manga) Mnemosyne: Mnemosyne no Musume-tachi']",Mnemosyne: Mnemosyne no Musume-tachi,"['Adult Cast', 'Gore']",,Mnemosyne Rin: Las Hijas de Mnemosyne,,
4,"Sayonara Zetsubo Sensei 2, Sayonara Zetsubo Sensei 2nd Season, Sayonara Zetsubou Sensei Dai Ni Ki, So Long Mr. Despair 2nd, ZSZS",俗・さよなら絶望先生,,,,['TV'],13,Finished Airing,"Jan 6, 2008 to Mar 30, 2008",['Winter 2008'],Sundays at Unknown,"['Starchild Records', 'Omnibus Promotion']","None found,",['Shaft'],['Manga'],,,23 min. per ep.,R - 17+ (violence & profanity),7.89,#853,#1772,"136,052",526,60965,"More crazy antics abound as Nozomu Itoshiki (a.k.a Zetsubou-sensei), who is the worlds most negative person, tries to teach class 2-F about how life is filled with despair and darkness. A harder task than it first may seem, with his students being far from ordinary themselves, including the likes of the most positive girl he has ever met, his very own stalker, a foreign exchange student with split personalities and a perfectionist acting class president, due to the fact the real class president can't be seen by anyone, among others. (Source: ANN)","['Prequel (TV) Sayonara Zetsubou Sensei', 'Sequel (OVA) Goku Sayonara Zetsubou Sensei', 'Adaptation (Manga) Sayonara Zetsubou Sensei', '']",Zoku Sayonara Zetsubou Sensei,"['Gag Humor', 'Parody', 'School']",['Shounen'],,['Comedy'],
5,Aria Season 3,ARIA The ORIGINATION,Aria the Origination,,,['TV'],13,Finished Airing,"Jan 8, 2008 to Apr 1, 2008",['Winter 2008'],Tuesdays at 02:00 (JST),"['TV Tokyo', 'Media Factory', 'Shochiku', 'Mag Garden']",['Nozomi Entertainment'],['HAL Film Maker'],['Manga'],"['Fantasy', 'Sci-Fi', 'Slice of Life']",['Iyashikei'],24 min. per ep.,G - All Ages,8.47,#157,#1787,"134,781","4,210",33338,"In the 24th century on the planet Aqua, three girls—Akari Mizunashi, Alice Carroll, and Aika S. Granzchesta—continue to work hard toward achieving their goal of becoming Prima Undines: professional tour guide gondoliers. Luckily, the girls have the guidance of the three best Prima Undines in Neo-Venezia—Alicia Florence, Athena Glory, and Akira E. Ferrari—who are known as the ""Water Fairies"" in honor of their skill. With their help, the young apprentices train hard and work to overcome any situations that they find themselves in. Aria The Origination follows the hardships and daily lives of these three young girls, who are doing their best to improve as tour gondoliers in Neo-Venezia, a terraformed replica of Venice. [Written by MAL Rewrite]","['Prequel (OVA) Aria the OVA: Arietta', 'Sequel (Special) Aria the Avvenire', 'Adaptation (Manga) Aria', '']",Aria the Origination,,['Shounen'],Aria The Origination,,
6,Kimiaru,君が主で執事が俺で,They Are My Noble Masters,,,['TV'],13,Finished Airing,"Jan 6, 2008 to Mar 30, 2008",['Winter 2008'],Sundays at 02:00 (JST),"['Lantis', 'Good Smile Company']","None found,",['A.C.G.T.'],Visual novel,"['Comedy', 'Romance', 'Ecchi']",,25 min. per ep.,R+ - Mild Nudity,7.09,#3926,#1918,"122,566",246,55272,"Based On a Visual Novel developed by Minato Soft. Due to family troubles, Ren Uesugi and his sister, Mihato, leave their home. They end up moving to the city but find themselves with a lack of money. Somehow they are able to find work in the form of the Kuonji family's mansion, being employed as servants to the three sisters of the Kuonji family: Shinra, Miyu, and Yume. Being a servant also associates Ren with the mansion's additional servants and the Kuonji sisters' friends. (Source: Wikipedia)","['Adaptation (Manga) Kimi ga Aruji de Shitsuji ga Ore de', '']",Kimi ga Aruji de Shitsuji ga Ore de,"['Harem', 'Parody']",,,,
7,,H2O ~FOOTPRINTS IN THE SAND~,H2O: Footprints in the Sand,,,['TV'],12,Finished Airing,"Jan 4, 2008 to Mar 21, 2008",['Winter 2008'],Unknown,"['Kadokawa Shoten', 'Broccoli', 'Kadokawa Pictures Japan', 'KlockWorx', 'NTT Docomo']",['Kadokawa Pictures USA'],['Zexcs'],Visual novel,"['Drama', 'Romance', 'Supernatural']",,24 min. per ep.,PG-13 - Teens 13 or older,6.97,#4533,#2248,"98,372",381,48717,"Takuma Hirose is a blind young male high school student, though the cause for his blindness is undetermined. In order to heal his medical condition, he is sent to live in a village with his uncle. There, he meets several girls, three of which stand out more than any of the others. They are Hayami Kohinata, Hinata Kangura, and Otoha. Otoha temporarily heals his blindness and Hirose uses his sight to help others. He finds out that, for some reason, Hayami Kohinata is hated in the village, and he tries his best to help her out. Meanwhile, many sad secrets unfold in the village...","['Adaptation (Manga) H2O: Footprints in the Sand', '']",H2O: Footprints in the Sand,"['Harem', 'School']",,,,
8,Shigofumi: Stories of Last Letter,シゴフミ,Shigofumi: Letters from the Departed,,,['TV'],12,Finished Airing,"Jan 6, 2008 to Mar 23, 2008",['Winter 2008'],Sundays at 01:35 (JST),"['Bandai Visual', 'Genco', 'Lantis', 'Rakuonsha']",['Sentai Filmworks'],['J.C.Staff'],Original,"['Drama', 'Fantasy', 'Suspense']",['Psychological'],23 min. per ep.,R - 17+ (violence & profanity),7.44,#2202,#2304,"94,395",358,32603,"There are some things that people are unable to say while they are alive; for these, there are ""shigofumi,"" letters carried from the world of the dead to the world of the living. When a person with strong emotions dies, they are able to create a shigofumi, whether their feelings are of love, longing, or resentment. It is the quiet and mysterious Fumika's job to deliver these messages from the departed. Along with her talking magic staff Kanaka, she ensures that each shigofumi reaches its intended recipient, even if that person does not want to face its contents. Fumika witnesses the tragedies of people, both dead and alive, and sees their deepest secrets revealed. What is unclear, however, are the details of Fumika's past. Who was she before she came to be a carrier of shigofumi? [Written by MAL Rewrite]","['Sequel (Special) Shigofumi: Sore kara', 'Adaptation (Light Novel) Shigofumi: Stories of Last Letter']",Shigofumi,,,,,
9,,ペルソナ 〜トリニティ・ソウル〜,Persona: Trinity Soul,,,['TV'],26,Finished Airing,"Jan 5, 2008 to Jun 28, 2008",['Winter 2008'],Saturdays at 22:30 (JST),['Aniplex'],"['NIS America, Inc.']",['A-1 Pictures'],Original,"['Action', 'Mystery', 'Sci-Fi', 'Supernatural']",['Super Power'],23 min. per ep.,PG-13 - Teens 13 or older,6.49,#7121,#2455,"85,429",170,26738,"The stage is Ayanagi City, a city near the Japan Sea. It is a futuristic city that was built to carry out the recovery from the calamity caused by the ""Apathy Syndrome"" ten years previous. High school student Shin Kanzato with his little brother Jun, meet with their elder brother Ryou, who is the chief of the Ayanagi City Police, again after ten years. At that time, a series of strange incidents happen in Ayanagi City such as the crew of a submarine that suddenly disappears while in their submarine, or a spiritless symptom which disturbs the world after ten years, or the case of the inside out corpse where a student took on a cruel appearance. Ryou tracks down the organization behind the string of incidents, and having become involved in the incidents, Shin awakens the ""Persona."" (Source: Wikipedia)","['Prequel (Movie) Persona 3 the Movie 1: Spring of Birth', 'Adaptation (Light Novel) Persona: Trinity Soul - Novel']",Persona: Trinity Soul,,,,,
10,Minamike: Okawari,みなみけ～おかわり～,,,,['TV'],13,Finished Airing,"Jan 7, 2008 to Mar 31, 2008",['Winter 2008'],Mondays at 01:30 (JST),"['Starchild Records', 'Magic Capsule', 'TV Tokyo Music']","None found,",['asread.'],['Manga'],,,24 min. per ep.,PG-13 - Teens 13 or older,7.32,#2738,#2667,"74,341",49,41249,"The second season of Minami-Ke. It picks up where the first season left off, and just like the first season, it's about the daily lives of the three Minami sisters, Haruka, Kana and Chiaki, and their school friends.","['Prequel (TV) Minami-ke', 'Sequel (TV) Minami-ke Okaeri', 'Adaptation (Manga) Minami-ke', '']",Minami-ke Okawari,"['CGDCT', 'School']",['Seinen'],,['Comedy'],
11,"Major 4th Season, Major 4, m4",メジャー　（第4シリーズ),,,,['TV'],26,Finished Airing,"Jan 5, 2008 to Jun 28, 2008",['Winter 2008'],Saturdays at 18:00 (JST),"['NHK', 'NHK Enterprises', 'Shogakukan Productions']","None found,",['SynergySP'],['Manga'],,['Team Sports'],24 min. per ep.,PG-13 - Teens 13 or older,8.18,#429,#2825,"67,393",198,41879,"Having finished high school, Gorou Honda sets his sights on becoming a professional baseball player. His dreams are much more ambitious than becoming a Japanese Baseball League player, so he instead decides to move to the birthplace of his beloved sport, America, in order to play in the Major League. However, Gorou finds that the Major League players are much faster, stronger, and more driven than he is. Nonetheless, he is eager to catch up with them. In order to do so, Gorou must first conquer the ranks of the Minor League, where numerous skilled players compete in the grueling rise to the Majors. Gorou learns that he will have to adapt to the stark differences of American culture and push himself to new extremes as his race to join the Major League begins. [Written by MAL Rewrite]","['Prequel (TV) Major S3', 'Sequel (TV) Major S5', 'Adaptation (Manga) Major', '']",Major S4,,['Shounen'],,['Sports'],
12,"Gunslinger Girl 2nd Season, Gunslinger Girl Second",ガンスリンガー ガール -IL TEATRINO-,Gunslinger Girl: II Teatrino,,,['TV'],13,Finished Airing,"Jan 8, 2008 to Apr 1, 2008",['Winter 2008'],Tuesdays at 03:00 (JST),['Marvelous Entertainment'],['Funimation'],['Artland'],['Manga'],"['Action', 'Drama', 'Sci-Fi']",['Military'],25 min. per ep.,R - 17+ (violence & profanity),7.11,#3849,#2951,"62,570",114,28806,"When the Social Welfare Agency investigates the disappearance of an operative, their inquiry leads them right into the lair of their rival, the Five Republics. The assassin Triela infiltrates the hostile organization, but her search is cut short when she finds herself staring down the barrel of a gun... (Source: ANN)","['Prequel (TV) Gunslinger Girl', 'Sequel (OVA) Gunslinger Girl: Il Teatrino OVA', 'Adaptation (Manga) Gunslinger Girl', '']",Gunslinger Girl: Il Teatrino,,,,,
13,"Hatenkou Yugi, Dazzle",破天荒遊戯,Hatenkou Yugi,,,['TV'],10,Finished Airing,"Jan 5, 2008 to Mar 8, 2008",['Winter 2008'],Saturdays at 02:30 (JST),"['Frontier Works', 'Sotsu']",['Sentai Filmworks'],['Studio Deen'],['Manga'],"['Adventure', 'Comedy', 'Drama', 'Fantasy', 'Romance']",,24 min. per ep.,PG-13 - Teens 13 or older,7.09,#3975,#3831,"38,645",169,16225,"""See the world"" With these words, Rahzel, the daughter of a rich family, is kicked out of her house and sent on her journey. Along the way she meets up with Heat and Alzeid, two men with very different personalities but very similar journeys. Rahzel is a clever, stubborn, and confident girl, who, with the powers of her magic and mind helps the people she runs into on her journey to discover the world.","['Adaptation (Manga) Hatenkou Yuugi', '']",Hatenkou Yuugi,,['Josei'],,,
14,,アヤカシ,,,,['TV'],12,Finished Airing,"Dec 12, 2007 to Feb 27, 2008",['Winter 2008'],Wednesdays at 11:00 (JST),"['Media Factory', 'AT-X', 'Enoki Films', '5pb.']",['Discotek Media'],['Tokyo Kids'],Visual novel,"['Action', 'Fantasy', 'Horror', 'Sci-Fi']",,23 min. per ep.,R - 17+ (violence & profanity),6.30,#8237,#4292,"30,241",23,12966,"As a child, Yuu Kusaka made a vow upon a shooting star that he would stand on the side of justice and defend the weak. However, the death of one of his friends robs him of the desire to live up to that vow, and he turns a blind eye to the misery of others, using the mysterious power he possesses as a means of making money instead of helping those in need. His days of living only for himself continue, until he's forced to fight for his life against another classmate with powers similar to his. He's saved by a mysterious girl named Eimu Yoake, who also has strange powers. Eimu reveals that his powers stem from a creature known as an Ayakashi, a parasitic being that grants the user special abilities at the price of slowly draining the life of the host. She helps him fully awaken his own. Now aware of the ayakashi he possesses, Yuu must live up to his childhood vow, putting his ayakashi to use and fend off those who would use their own for evil, all while unraveling the mystery behind the death of his friend.","['Adaptation (Manga) Ayakashi', '']",Ayakashi,"['Gore', 'Super Power']",,,,
15,BusGamer,BUS GAMER,,,,['TV'],3,Finished Airing,"Mar 15, 2008 to Mar 29, 2008",['Winter 2008'],Saturdays at 02:30 (JST),"['Square Enix', 'Frontier Works', 'Sotsu', 'Studio Izena', 'Omnibus Promotion']","None found,",['Anpro'],['Manga'],"['Action', 'Drama', 'Mystery']",['Strategy Game'],23 min. per ep.,PG-13 - Teens 13 or older,6.46,#7341,#4409,"28,641",48,15451,"One day, Toki Mishiba receives a letter in the mail promising him a large sum of money if he participates in a game. Initially dismissing the message, Toki becomes intrigued and decides to sign up after noticing fine print that says players' safety will not be guaranteed. It is not long after that he meets Nobuto Nakajou and Kazuo Saitou—the teammates assigned to him in the ""Business Game,"" also known as ""Biz Game."" The members of the trio quickly form a shaky alliance and call themselves ""No Name."" Bound by nothing but their shared desire for an obscene amount of money, the three step into the dangerous world of the Biz Game, where they must fight against other teams over a data disk containing vital corporate secrets in order to advance and survive. [Written by MAL Rewrite]","['Adaptation (Manga) Bus Gamer', 'Adaptation (Manga) Bus Gamer']",Bus Gamer,,['Shounen'],,,
16,,墓場鬼太郎,Graveyard Kitaro,,,['TV'],11,Finished Airing,"Jan 11, 2008 to Mar 21, 2008",['Winter 2008'],Fridays at 00:45 (JST),"['Dentsu', 'Yomiko Advertising', 'SKY Perfect Well Think', 'Fuji TV', 'Asmik Ace', 'Sony Music Entertainment', 'Fujipacific Music']","None found,",['Toei Animation'],['Manga'],"['Horror', 'Supernatural']",,25 min. per ep.,PG-13 - Teens 13 or older,6.85,#5113,#6057,"13,044",48,4468,"Kitarou is a youkai boy born in a cemetery, and aside from his mostly-decayed father, the last living member of the Ghost tribe. He is missing his left eye, but his hair usually covers the empty socket. He fights for peace between humans and youkai, which generally involves protecting the former from the wiles of the latter. This version of the Kitarou story is based on the original Hakaba Kitarou manga, the manga which inspired the popular Gegege no Kitarou series in the late '60s. (Source: Wikipedia)","['Adaptation (Manga) Hakaba Kitaro', '']",Hakaba Kitarou,,,,,
17,,Yes! プリキュア5 GoGo!,,,,['TV'],48,Finished Airing,"Feb 3, 2008 to Jan 25, 2009",['Winter 2008'],Sundays at 08:30 (JST),['Asahi Broadcasting'],"None found,",['Toei Animation'],Original,,,24 min. per ep.,G - All Ages,7.17,#3558,#6122,"12,699",39,5180,"Nozomi and friends are back, their role as Precure far from over. The girls are given new powers by the mysterious Flora, who awaits their arrival in a place called the Cure Rose Garden. But to reach that garden of legend, they have to use a magical relic known as the Rose Pact. Problem is, our heroes don't know how to use the thing. This leads them to seek help from the four monarchs of Palmier's neighboring countries. Not to make things too easy, dark forces are afoot once again. An evil organization, Eternal, is keen on adding the Rose Pact to its ever-growing collection of treasures. To make matters worse, the director of this dastardly museum seems to have a vested interest in the Cure Rose Garden. Fortunately, a new story brings with it new allies. Enter Syrup, the courier boy with a bad attitude. His desire to reach the Garden is pure, but who exactly is he? And for that matter, who's the new girl in town and why does she smell like roses? (Source: W-M)","['Prequel (TV) Yes! Precure 5', ""Sequel (TV) Kibou no Chikara: Otona Precure '23"", 'Adaptation (Manga) Yes! Precure 5 GoGo', '']",Yes! Precure 5 GoGo!,"['Mahou Shoujo', 'School']",,,['Action'],
18,"Kodai Oja Kyoryu King: Yokuryu Densetsu, Dinosaur King D-Kids",古代王者恐竜キング Dキッズ・アドベンチャー翼龍伝説,Dinosaur King D-Kids Adventure: Pterosaur Legend,,Dinosaur King Saison 2,['TV'],30,Finished Airing,"Feb 3, 2008 to Aug 31, 2008",['Winter 2008'],Unknown,"['Asatsu DK', 'Sega', 'Nagoya Broadcasting Network']",['Discotek Media'],['Sunrise'],Game,"['Action', 'Adventure', 'Sci-Fi']",['Strategy Game'],24 min. per ep.,G - All Ages,6.56,#6719,#6317,"11,708",34,6647,"Sequel series to Kodai Oja Kyoryu King. The Alpha Gang and the Ancients return. While the parents are talking, they are kidnapped by Gunenco, a member of the Zanjark Space Aliens. This causes the Alpha Gang and D-Team to join forces against the Zanjark Space Aliens in their plot to obtain the Cosmos Stones. Seth later returns as an ally to the Zanjark space aliens. Jark, the leader of the Zanjark, provides the dinosaur cards","['Prequel (TV) Kodai Ouja Kyouryuu King', '']",Kodai Ouja Kyouryuu King: Yokuryuu Densetsu,,['Kids'],Dinosaur King Temporada 2,,
19,"Wellber no Monogatari, Sisters of Wellber Second Season, Sisters of Wellber Dai ni Maku, Sisters of Wellber TV2",ウエルベールの物語 ～Sisters of Wellber～ 第二幕,Sisters of Wellber Zwei,,,['TV'],13,Finished Airing,"Jan 2, 2008 to Mar 26, 2008",['Winter 2008'],Unknown,"['Production I.G', 'Avex Entertainment', 'Nagoya Broadcasting Network']","None found,",['Trans Arts'],Original,"['Adventure', 'Fantasy', 'Romance']",['Historical'],20 min. per ep.,PG-13 - Teens 13 or older,6.73,#5725,#8368,"5,909",3,1825,"The loquacious sentient tank, Gyrano De Borgerac seems very busy being pampered by solicitous maids. The fairy Sherri, too, is enjoying the luxury of the court's life. And for Rita, time has come to face her duties as princess of Wellber. But Tina is resolute: she wants to continue her search for the Man with a tattoo of Bee the Death, the devil who exterminated her family. An unspeakable feeling of sadness fills the hearts of the two girls, who shared so much and are now about to say farewell to each other. And then, on the day of Tina's departure... A new journey that will take Tina walking through the still sore scars of the Great War that wiped out entire cities ten years before, until the unsuspected truth about her nemesis! Credit: Production I.G ( /www.productionig.com )","['Prequel (TV) Wellber no Monogatari: Sisters of Wellber', '']",Wellber no Monogatari: Sisters of Wellber Zwei,,,,,
20,"Yattaman New Series, Yattaman Remake, Yattaaman 2, Yatterman (2008)",ヤッターマン,,,,['TV'],60,Finished Airing,"Jan 14, 2008 to Sep 27, 2009",['Winter 2008'],Unknown,"None found,","None found,",['Tatsunoko Production'],Original,"['Adventure', 'Comedy']",['Parody'],25 min. per ep.,G - All Ages,6.54,#6853,#8838,"5,159",10,1405,Remake of the Yatterman series.,"['Adaptation (Manga) Yatterman', '']",Yatterman,,,,,
21,"Porufi no Nagai Tabi, The Long Journey of Porfyi, Porfy's Long Journey",ポルフィの長い旅,The Orphans of Simitra,,,['TV'],52,Finished Airing,"Jan 6, 2008 to Dec 28, 2008",['Winter 2008'],Unknown,"None found,","None found,",['Nippon Animation'],Novel,,['Historical'],24 min. per ep.,G - All Ages,6.89,#4904,#10026,"3,524",5,640,"Porfy, his younger sister Mina, and their parents live a humble but happy life in the Grecian countryside. They've just started running a gas station, much to Porphy's joy, and it seems like only good things are in store for their future. However, a huge earthquake changes all that, leaving Porfy without a home or a family -- sans Mina, who seems to have disappeared in the commotion. Now, Porfy is determined to find his sister and be able to live together happily again.",[],Porphy no Nagai Tabi,,,,['Drama'],
22,"Moegaku*5, Moe Gaku 5",もえがく★５,,Moegaku5,Moegaku5,['TV'],40,Finished Airing,"Jan 14, 2008 to Mar 3, 2008",['Winter 2008'],Unknown,"None found,","None found,",['AIC Spirits'],Unknown,,,7 min. per ep.,G - All Ages,5.42,#12368,#13025,"1,401",0,251,"A Tokyo school girl named Tukishima Moe obtains the ability of becoming a magical girl with the help of Lulue. Her duty is to protect Akihabara, the source of moe energy, from falling into the evil hands. Note: This is a hybrid anime/live-action television series based on the Moegaku language-learning software. The series further the original concept by expanded language study to include English, Korean, Spanish, Chinese, and French. (Source: Wikipedia)",[],Moegaku★5,"['Mahou Shoujo', 'Parody']",,Moegaku 5,,
23,Nora Mimi,のらみみ,,,,['TV'],12,Finished Airing,"Jan 9, 2008 to Mar 26, 2008",['Winter 2008'],Unknown,['TMS Music'],"None found,",['TMS Entertainment'],['Manga'],,['Childcare'],20 min. per ep.,G - All Ages,6.17,#9027,#13285,"1,306",1,165,"The anime is based on Kazuo Hara's comedy manga in which mascot characters live and work among humans. Agencies have been set up to train mascots to babysit children and then to place the mascots within families. Noramimi is one such mascot at the Hello Kids branch office #59. Unfortunately, no family wants to adopt a mascot born from a demon (oni) family, so he is stuck living at the agency. Source: ANN, Moon Phase","['Sequel (TV) Noramimi 2', 'Adaptation (Manga) Noramimi']",Noramimi,,,,['Comedy'],
24,Constructor Rabbit,全力ウサギ,,,,['TV'],52,Finished Airing,"Jan 5, 2008 to Dec 27, 2008",['Winter 2008'],Unknown,['Sotsu'],"None found,","None found,",['Manga'],,,12 min. per ep.,G - All Ages,6.04,#9719,#13384,"1,265",1,372,"Zenryoku Usagi are hardworking construction builders — who happen to be rabbits — with a simple motto: ""Zenryoku+Dai-ichi"" (""Give everything you've got and be #1."") The animated shorts were aired in Japan within the Chibi Ani Gekijō (Tiny Anime Theater) program on Friday or Saturday mornings, depending on the station. Ikeda and Media Factory have created two books and numerous spinoff goods featuring the characters. (Source: Saikin Anime Jōhō)","['Sequel (TV) Zenryoku Usagi (2023)', '']",Zenryoku Usagi,,['Kids'],,['Comedy'],
25,,쁘띠쁘띠 뮤즈,,,,['TV'],26,Finished Airing,"Jan 27, 2008 to Jul 26, 2008",['Winter 2008'],Sundays at 07:30 (JST),"['KBS', 'Seoul Movie']","None found,","None found,",Original,,['Mahou Shoujo'],25 min. per ep.,G - All Ages,[],#21024,#16368,576,1,,"Two twins, Ara and Ari, aspire into the world of fashion. Ara wants to become a fashion model, while her sister, Ari, wants to become a fashion designer. They meet a man named Yorang, who is the fashion designer in Heaven.",[],Petit Petit Muse,,,,['Fantasy'],
26,"Yume-miru Anime On-chan, Yume Miru Anime On-chan, Dreaming Anime On-chan",ユメミル、アニメ「onちゃん」,,,,['TV'],26,Finished Airing,"Jan 18, 2008 to Aug 22, 2008",['Winter 2008'],Unknown,"None found,","None found,","None found,",Unknown,,,6 min. per ep.,G - All Ages,[],#16182,#17667,445,0,,"A children's series featuring on-chan, the television station HTB's mascot character. On-chan has appeared in parades and various promotions for the station since 1997.","['Prequel (TV Special) On-chan, Yume Power Daibouken!', '']","Yume Miru, Anime: On-chan",,,,['Comedy'],
27,Fight Tension☆School,たたかえ!土管くん 激闘編,,,,['TV'],13,Finished Airing,"Jan 5, 2008 to Mar 29, 2008",['Winter 2008'],Unknown,"None found,","None found,",['DLE'],Original,,['Mecha'],4 min. per ep.,G - All Ages,[],#14778,#20660,249,0,,"The third season of the Dokan-kun franchise. It aired within the ""Fight Tension☆TV"" variety program.","['Prequel (TV) Susume! Dokan-kun', 'Sequel (TV) Tatakae! Dokan-kun: Robolympic-hen']",Tatakae! Dokan-kun: Gekitou-kun,,,,['Comedy'],
28,,レオナルド博士とキリン村のなかまたち,,,,['TV'],13,Finished Airing,"Jan 5, 2008 to Mar 29, 2008",['Winter 2008'],Saturdays at Unknown,"None found,","None found,","None found,",Original,,,5 min. per ep.,G - All Ages,[],#19792,#21177,220,0,,"A collaboration between Japan Toys""R""Us and DLE. These episodes followed Dr. Leonardo from the Eagle Talon franchise; and two Giraffe brothers, relatives of the original Geoffrey the Giraffe. This TV season was created due to the popularity of the web episodes. The shorts were shown within ""Fight Tension☆Depart,"" a variety program that sponsored the anime.","['Prequel (ONA) Leonardo Hakase to Kirin-mura no Nakama-tachi', 'Sequel (TV) Leonardo Hakase to Kirin-mura no Nakama desho']",Leonardo Hakase to Kirin-mura no Nakama-tachi (TV),,['Kids'],,['Comedy'],
29,,格言! かくざ 父さん,,,,['TV'],13,Finished Airing,"Jan 5, 2008 to Mar 29, 2008",['Winter 2008'],Unknown,"None found,","None found,","None found,",Original,"['Comedy', 'Drama']",,2 min. per ep.,G - All Ages,[],#19267,#21540,202,0,,The third season of of the Kakuza Tousan franchise.,"['Prequel (TV) Gozonji! Kakuza Tousan', '']",Kakugen! Kakuza Tousan,"['Historical', 'Parody']",,,,
30,,教えて！土管くん,,,,['TV'],6,Finished Airing,"Jan 26, 2008 to Mar 22, 2008",['Winter 2008'],Unknown,['TV Tokyo'],"None found,",['DLE'],Original,,,1 min. per ep.,G - All Ages,[],#20888,#23046,136,0,,No synopsis information has been added to this title. Help improve our database by adding a synopsis here.,[],Oshiete! Dokan-kun,,,,['Comedy'],
31,Naruto Hurricane Chronicles,-ナルト- 疾風伝,Naruto Shippuden,Naruto Shippuden,Naruto Shippuden,['TV'],500,Finished Airing,"Feb 15, 2007 to Mar 23, 2017",['Winter 2007'],Thursdays at 19:30 (JST),"['TV Tokyo', 'Aniplex', 'KSS', 'Rakuonsha', 'TV Tokyo Music', 'Shueisha']",['VIZ Media'],['Pierrot'],['Manga'],"['Action', 'Adventure', 'Fantasy']",['Martial Arts'],23 min. per ep.,PG-13 - Teens 13 or older,8.28,#304,#16,"2,598,118","115,640",1728699,"It has been two and a half years since Naruto Uzumaki left Konohagakure, the Hidden Leaf Village, for intense training following events which fueled his desire to be stronger. Now Akatsuki, the mysterious organization of elite rogue ninja, is closing in on their grand plan which may threaten the safety of the entire shinobi world. Although Naruto is older and sinister events loom on the horizon, he has changed little in personality—still rambunctious and childish—though he is now far more confident and possesses an even greater determination to protect his friends and home. Come whatever may, Naruto will carry on with the fight for what is important to him, even at the expense of his own body, in the continuation of the saga about the boy who wishes to become Hokage. [Written by MAL Rewrite]","['Prequel (TV) Naruto', 'Sequel (Movie) Boruto: Naruto the Movie', 'Sequel (TV) Boruto: Naruto Next Generations', 'Adaptation (Manga) Naruto']",Naruto: Shippuuden,,['Shounen'],Naruto Shippuden,,
32,OP,ONE PIECE,One Piece,,,['TV'],Unknown,Currently Airing,"Oct 20, 1999 to ?",['Fall 1999'],Sundays at 09:30 (JST),"['Fuji TV', 'TAP', 'Shueisha']","['Funimation', '4Kids Entertainment']",['Toei Animation'],['Manga'],"['Action', 'Adventure', 'Fantasy']",,24 min.,PG-13 - Teens 13 or older,8.73,#51,#17,"2,496,526","234,738",1419593,"Barely surviving in a barrel after passing through a terrible whirlpool at sea, carefree Monkey D. Luffy ends up aboard a ship under attack by fearsome pirates. Despite being a naive-looking teenager, he is not to be underestimated. Unmatched in battle, Luffy is a pirate himself who resolutely pursues the coveted One Piece treasure and the King of the Pirates title that comes with it. The late King of the Pirates, Gol D. Roger, stirred up the world before his death by disclosing the whereabouts of his hoard of riches and daring everyone to obtain it. Ever since then, countless powerful pirates have sailed dangerous seas for the prized One Piece only to never return. Although Luffy lacks a crew and a proper ship, he is endowed with a superhuman ability and an unbreakable spirit that make him not only a formidable adversary but also an inspiration to many. As he faces numerous challenges with a big smile on his face, Luffy gathers one-of-a-kind companions to join him in his ambitious endeavor, together embracing perils and wonders on their once-in-a-lifetime adventure. [Written by MAL Rewrite]","['Adaptation (Manga) One Piece', 'Adaptation (Light Novel) One Piece: Loguetown-hen']",One Piece,,['Shounen'],,,
33,,BLEACH - ブリーチ -,Bleach,,,['TV'],366,Finished Airing,"Oct 5, 2004 to Mar 27, 2012",['Fall 2004'],Tuesdays at 18:00 (JST),"['TV Tokyo', 'Aniplex', 'Dentsu', 'TV Tokyo Music', 'Shueisha']",['VIZ Media'],['Pierrot'],['Manga'],"['Action', 'Adventure', 'Supernatural']",,24 min. per ep.,PG-13 - Teens 13 or older,7.97,#705,#35,"2,074,829","78,043",1188689,"Ichigo Kurosaki is an ordinary high schooler—until his family is attacked by a Hollow, a corrupt spirit that seeks to devour human souls. It is then that he meets a Soul Reaper named Rukia Kuchiki, who gets injured while protecting Ichigo's family from the assailant. To save his family, Ichigo accepts Rukia's offer of taking her powers and becomes a Soul Reaper as a result. However, as Rukia is unable to regain her powers, Ichigo is given the daunting task of hunting down the Hollows that plague their town. However, he is not alone in his fight, as he is later joined by his friends—classmates Orihime Inoue, Yasutora Sado, and Uryuu Ishida—who each have their own unique abilities. As Ichigo and his comrades get used to their new duties and support each other on and off the battlefield, the young Soul Reaper soon learns that the Hollows are not the only real threat to the human world. [Written by MAL Rewrite]","['Sequel (TV) Bleach: Sennen Kessen-hen', 'Adaptation (Manga) Bleach']",Bleach,,['Shounen'],,,
34,,CLANNAD,Clannad,,,['TV'],23,Finished Airing,"Oct 5, 2007 to Mar 28, 2008",['Fall 2007'],Fridays at 01:55 (JST),"['Pony Canyon', 'TBS', 'Movic', 'Animation Do']",['Sentai Filmworks'],['Kyoto Animation'],Visual novel,"['Drama', 'Romance']",['School'],24 min. per ep.,PG-13 - Teens 13 or older,7.99,#683,#92,"1,455,569","27,958",774031,"Tomoya Okazaki is a delinquent who finds life dull and believes he'll never amount to anything. Along with his friend Youhei Sunohara, he skips school and plans to waste his high school days away. One day while walking to school, Tomoya passes a young girl muttering quietly to herself. Without warning she exclaims ""Anpan!"" (a popular Japanese food) which catches Tomoya's attention. He soon discovers the girl's name is Nagisa Furukawa and that she exclaims things she likes in order to motivate herself. Nagisa claims they are now friends, but Tomoya walks away passing the encounter off as nothing. However, Tomoya finds he is noticing Nagisa more and more around school. Eventually he concedes and befriends her. Tomoya learns Nagisa has been held back a year due to a severe illness and that her dream is to revive the school's drama club. Claiming he has nothing better to do, he decides to help her achieve this goal along with the help of four other girls. As Tomoya spends more time with the girls, he learns more about them and their problems. As he attempts to help each girl overcome her respective obstacle, he begins to realize life isn't as dull as he once thought. [Written by MAL Rewrite]","['Sequel (TV) Clannad: After Story', 'Adaptation (Manga) Clannad', 'Adaptation (Manga) Clannad', 'Adaptation (Manga) Clannad: Hikaru Mimamoru Sakamichi de']",Clannad,,,,,
35,"Gin Tama, Silver Soul, Yorinuki Gintama-san",銀魂,Gintama,,,['TV'],201,Finished Airing,"Apr 4, 2006 to Mar 25, 2010",['Spring 2006'],Thursdays at 18:00 (JST),"['TV Tokyo', 'Aniplex', 'Dentsu', 'Trinity Sound', 'Miracle Robo', 'Shueisha']","['Sentai Filmworks', 'Crunchyroll']",['Sunrise'],['Manga'],"['Action', 'Comedy', 'Sci-Fi']",,24 min. per ep.,PG-13 - Teens 13 or older,8.93,#17,#145,"1,104,568","60,229",408361,"Edo is a city that was home to the vigor and ambition of samurai across the country. However, following feudal Japan's surrender to powerful aliens known as the ""Amanto,"" those aspirations now seem unachievable. With the once-influential shogunate rebuilt as a puppet government, a new law is passed that promptly prohibits all swords in public. Enter Gintoki Sakata, an eccentric silver-haired man who always carries around a wooden sword and maintains his stature as a samurai despite the ban. As the founder of Yorozuya, a small business for odd jobs, Gintoki often embarks on endeavors to help other people—though usually in rather strange and unforeseen ways. Assisted by Shinpachi Shimura, a boy with glasses supposedly learning the way of the samurai; Kagura, a tomboyish girl with superhuman strength and an endless appetite; and Sadaharu, their giant pet dog who loves biting on people's heads, the Yorozuya encounter anything from alien royalty to scuffles with local gangs in the ever-changing world of Edo. [Written by MAL Rewrite]","[""Sequel (TV) Gintama'"", 'Adaptation (Manga) Gintama']",Gintama,"['Gag Humor', 'Historical', 'Parody', 'Samurai']",['Shounen'],,,
36,"D. Gray-man, D. Grey-man",ディー・グレイマン,D.Gray-man,,,['TV'],103,Finished Airing,"Oct 3, 2006 to Sep 30, 2008",['Fall 2006'],Tuesdays at 18:00 (JST),"['TV Tokyo', 'Aniplex', 'Dentsu', 'Half H.P Studio', 'Sony Music Entertainment']",['Funimation'],['TMS Entertainment'],['Manga'],"['Action', 'Adventure', 'Fantasy']",['Urban Fantasy'],23 min. per ep.,PG-13 - Teens 13 or older,8.00,#667,#303,"710,667","13,696",291832,"Losing a loved one is so painful that one may sometimes wish to be able to resurrect them—a weakness that the enigmatic Millennium Earl exploits. To make his mechanical weapons known as ""Akuma,"" he uses the souls of the dead that are called back. Once a soul is placed in an Akuma, it is trapped forever, and the only way to save them is to exorcise them from their vessel using the Anti-Akuma weapon, ""Innocence."" After spending three years as the disciple of General Cross, Allen Walker is sent to the Black Order—an organization comprised of those willing to fight Akuma and the Millennium Earl—to become an official Exorcist. With an arm as his Innocence and a cursed eye that can see the suffering souls within an Akuma, it's up to Allen and his fellow Exorcists to stop the Millennium Earl's ultimate plot: one that can lead to the destruction of the world. [Written by MAL Rewrite]","['Sequel (TV) D.Gray-man Hallow', 'Adaptation (Manga) D.Gray-man']",D.Gray-man,,['Shounen'],,,
37,"Kateikyoushi Hitman Reborn!, Home Tutor Hitman Reborn!",家庭教師ヒットマンREBORN!,Reborn!,,Mon prof le tueur Reborn!,['TV'],203,Finished Airing,"Oct 7, 2006 to Sep 25, 2010",['Fall 2006'],Saturdays at 10:30 (JST),"['TV Tokyo', 'Dentsu', 'Marvelous Entertainment', 'Pony Canyon', 'd-rights']","['VIZ Media', 'Discotek Media']",['Artland'],['Manga'],"['Action', 'Comedy']",,24 min. per ep.,PG-13 - Teens 13 or older,8.12,#499,#415,"570,875","16,015",264918,"There is no putting it lightly—Tsunayoshi Sawada is just no good. He is clumsy, talentless, and desperately in love with the school idol Kyouko Sasagawa, a girl so completely out of his league. Dubbed ""Loser Tsuna"" by his classmates, he seems to be the very personification of failure in the guise of a middle-schooler. Tsuna's boring life takes an extraordinary twist when he encounters the mysterious Reborn, who happens to be a hitman... and shockingly, a baby! Sent from the strongest Mafia family in Italy, Reborn is assigned the daunting mission of preparing the dull middle schooler to succeed the ninth boss of the notorious Vongola family, who is on the brink of retirement. The dull boy has a grueling road ahead, but with the help of his new criminal affiliates and his peculiar home tutor, perhaps even Loser Tsuna can achieve greatness. [Written by MAL Rewrite]","['Adaptation (Manga) Katekyou Hitman Reborn!', '']",Katekyou Hitman Reborn!,"['Organized Crime', 'Super Power']",['Shounen'],Reborn!,,
38,"Tobaku Mokushiroku Kaiji, The Suffering Pariah Kaiji",逆境無頼カイジ Ultimate Survivor,Kaiji: Ultimate Survivor,,,['TV'],26,Finished Airing,"Oct 3, 2007 to Apr 2, 2008",['Fall 2007'],Wednesdays at 00:59 (JST),"['VAP', 'Nippon Television Network']",['Sentai Filmworks'],['Madhouse'],['Manga'],,,23 min. per ep.,R - 17+ (violence & profanity),8.26,#328,#682,"370,775","10,423",169250,"After one of his coworkers fails to repay a debt, apathetic bum Kaiji Itou is pressured by loan sharks to settle the large sum of cash. Since Kaiji has little money and no future prospects of his own, he is unable to return what his colleague borrowed. Faced with massive financial burdens, Kaiji is given an offer to board the illustrious Espoir—it is said that ""one night aboard the ship, and all of your debts will be paid."" What seems like a simple night of gambling quickly turns into a game of strategy and betrayal. With the losers of the tournament being subjected to a backbreaking life of indebted servitude, Kaiji must choose his actions—and allies—carefully. However, this is only the beginning of a series of gambles that will wager Kaiji's life, testing the full extent of his wits and will to survive. [Written by MAL Rewrite]","['Sequel (TV) Gyakkyou Burai Kaiji: Hakairoku-hen', 'Adaptation (Manga) Tobaku Mokushiroku Kaiji']",Gyakkyou Burai Kaiji: Ultimate Survivor,"['Adult Cast', 'High Stakes Game', 'Psychological', 'Strategy Game']",['Seinen'],Kaiji,['Suspense'],
39,Detective Conan,名探偵コナン,Case Closed,Case Closed,,['TV'],Unknown,Currently Airing,"Jan 8, 1996 to ?",['Winter 1996'],Saturdays at 18:00 (JST),"['Yomiuri Telecasting', 'Shogakukan', 'Audio Planning U', 'Tokyo Movie', 'Polydor Records']","['Funimation', 'Crunchyroll']",['TMS Entertainment'],['Manga'],"['Adventure', 'Comedy', 'Mystery']",['Detective'],24 min.,PG-13 - Teens 13 or older,8.17,#435,#706,"360,810","15,330",164323,"Shinichi Kudou, a high school student of astounding talent in detective work, is well known for having solved several challenging cases. One day, when Shinichi spots two suspicious men and decides to follow them, he inadvertently becomes witness to a disturbing illegal activity. Unfortunately, he is caught in the act, so the men dose him with an experimental drug formulated by their criminal organization, leaving him to his death. However, to his own astonishment, Shinichi lives to see another day, but now in the body of a seven-year-old child. Perfectly preserving his original intelligence, he hides his real identity from everyone, including his childhood friend Ran Mouri and her father, private detective Kogorou Mouri. To this end, he takes on the alias of Conan Edogawa, inspired by the mystery writers Arthur Conan Doyle and Ranpo Edogawa. Shinichi, as Conan, starts secretly solving the senior Mouri's cases from behind the scenes with his still exceptional sleuthing skills, while covertly investigating the organization responsible for his current state, hoping to reverse the drug's effects someday. [Written by MAL Rewrite]","['Adaptation (Manga) Meitantei Conan', '']",Meitantei Conan,,['Shounen'],,,
40,Shakugan no Shana 2,灼眼のシャナII –Second–,Shakugan no Shana: Season II,,,['TV'],24,Finished Airing,"Oct 5, 2007 to Mar 28, 2008",['Fall 2007'],Fridays at 01:25 (JST),"['ASCII Media Works', 'Geneon Entertainment']",['Funimation'],['J.C.Staff'],['Light novel'],"['Action', 'Drama', 'Fantasy', 'Romance']",,24 min. per ep.,PG-13 - Teens 13 or older,7.54,#1804,#821,"314,414",983,174746,"Denizens from the Crimson Realm continue to infiltrate Misaki City and steal life energy from humans. To combat this threat, Flame Hazes are tasked with saving humans from losing their existences. But while it is a Flame Haze's duty to protect humans, Shana—the ""Flame-Haired Burning-Eyed Hunter""—seems to be focusing her attention on one human in particular: Yuuji Sakai, a teenage boy who was unwittingly dragged into the fight between Crimson Denizens and Flame Hazes. Since her first encounter with Yuuji, Shana has started to see him as more than just a friend. In fact, Yuuji wonders if Shana might have revealed her feelings to him once before, but it is difficult for him to confirm due to her hot-and-cold personality. Nonetheless, their days pass like any other, until a new transfer student arrives at their high school—one who bears a striking resemblance to an old enemy. Yuuji and Shana have no time to dance around their feelings for each other; while their adversaries from the Bal Masqué organization plan their next attack, the two must keep their guard up as they explore the origin behind the coveted magical object within Yuuji's body, the ""Midnight Lost Child."" [Written by MAL Rewrite]","['Prequel (TV) Shakugan no Shana', 'Sequel (OVA) Shakugan no Shana S', 'Adaptation (Manga) Shakugan no Shana', 'Adaptation (Light Novel) Shakugan no Shana']",Shakugan no Shana II (Second),"['School', 'Urban Fantasy']",,,,
41,Hayate no Gotoku!,ハヤテのごとく！,Hayate the Combat Butler,Hayate the Combat Butler!,Hayate the Combat Butler!,['TV'],52,Finished Airing,"Apr 1, 2007 to Mar 30, 2008",['Spring 2007'],Sundays at 10:00 (JST),"['TV Tokyo', 'Studio Tulip', 'Shogakukan Productions']","['Bandai Entertainment', 'Sentai Filmworks']",['SynergySP'],['Manga'],"['Action', 'Comedy', 'Romance']",,24 min. per ep.,PG-13 - Teens 13 or older,7.50,#1954,#1127,"231,536","1,591",99442,"According to Murphy's Law, ""anything that can go wrong, will go wrong,"" and truer words cannot describe the unfortunate life of the hard-working Hayate Ayasaki. Abandoned by his parents after accumulating a debt of over one hundred fifty million yen, he is sold off to the yakuza, initiating his swift getaway from a future he does not want. On that fateful night, he runs into Nagi Sanzenin, a young girl whom he decides to try and kidnap to pay for his family's massive debt. Unfortunately, due to his kind-hearted nature and a string of misunderstandings, Nagi believes Hayate to be confessing his love to her. After saving her from real kidnappers, Hayate is hired as Nagi's personal butler, upon which she is revealed to be a member of one of the wealthiest families in Japan. Highly skilled but cursed with the world's worst luck, Hayate gets straight to work serving his employer all the while trying to deal with the many misfortunes that befall him. From taking care of a mansion to fending off dangerous foes, and even unintentionally wooing the hearts of the women around him, Hayate is in over his head in the butler comedy Hayate no Gotoku! [Written by MAL Rewrite]","['Sequel (OVA) Hayate no Gotoku!!: Atsu ga Natsuize - Mizugi-hen!', 'Adaptation (Manga) Hayate no Gotoku!']",Hayate no Gotoku!,"['Harem', 'Parody']",['Shounen'],Hayate the Combat Butler!,,
42,Gundam Double O,機動戦士ガンダム00,Mobile Suit Gundam 00,,,['TV'],25,Finished Airing,"Oct 6, 2007 to Mar 29, 2008",['Fall 2007'],Saturdays at 18:00 (JST),"['Sotsu', 'Asatsu DK', 'Mainichi Broadcasting System', 'Sony Music Entertainment']","['Nozomi Entertainment', 'Bandai Entertainment']",['Sunrise'],Original,"['Action', 'Drama', 'Sci-Fi']",,24 min. per ep.,R - 17+ (violence & profanity),8.10,#523,#1151,"226,305","4,534",124391,"In the distant future, mankind's dependence on fossil fuels will lead to their complete depletion, an energy crisis unlike anything the world witnessed. Out of retaliation and fear, humanity began focusing at an alternative source of energy: solar power. Different nations have united together to form three major factions—the Union of Solar Energy and Free Nations, the Advanced European Union, and the Human Reform League. Each of these sectors has access to a solar power generator, which gives them limitless energy. As a result, countries that were once dependent on the sale of fossil fuels are now plunged in poverty, leading to years of warfare and internal strife over the control of solar energy. Amid this chaos, an unknown paramilitary organization appeared identifying themselves as ""Celestial Being,"" aspire to end all warfare through armed intervention by using mysterious and technologically advanced Mobile Suits known as Gundams. Mobile Suit Gundam 00 follows the story of Celestial Being's Gundam Meisters Setsuna F. Seiei, Lockon Stratos, Allelujah Haptism, and Tieria Erde. These four dive into the devastating battle between the three superpowers to accomplish their goal of changing the world. [Written by MAL Rewrite]","['Sequel (TV) Kidou Senshi Gundam 00 Second Season', 'Adaptation (Manga) Kidou Senshi Gundam 00', 'Adaptation (Manga) Kidou Senshi Gundam 00', 'Adaptation (Light Novel) Kidou Senshi Gundam 00']",Kidou Senshi Gundam 00,"['Mecha', 'Military', 'Space']",,,,
43,Guardian Character!,しゅごキャラ！,Shugo Chara!,,,['TV'],51,Finished Airing,"Oct 6, 2007 to Sep 27, 2008",['Fall 2007'],Saturdays at 09:30 (JST),"['TV Tokyo', 'Sotsu', 'Pony Canyon']","None found,",['Satelight'],['Manga'],,,24 min. per ep.,PG - Children,7.40,#2343,#1154,"225,899","3,053",108031,"Amu Hinamori is a shy girl who struggles to make friends in part due to the rumors spread around school about her ""cool and spicy"" personality. Wishing that she could show everyone her ""would-be"" self, Amu wakes up to the presence of three colorful and ornately decorated eggs in her bed. Each of these ""Hearts Eggs"" houses a ""Guardian Character""—manifestations of someone's would-be self and their dreams. With the aid of Ran, Miki, and Su, Amu now finds herself able to express who she truly is. However, things do not always pan out in her favor. The sudden appearance of Amu's Guardian Characters prompts the Seiyo Elementary Guardians, a student council-like group with each member possessing their own Guardian Character, to take notice of her. As someone who has multiple Characters, Amu is roped into being the Guardians' ""Joker,"" tasked with helping them find X Eggs—corrupted versions of one's Hearts Egg. As she becomes entangled in the Guardians' quest, Amu begins to uncover more about these mysterious Characters, the X Eggs, and the organization that seems to be at the center of it all. [Written by MAL Rewrite]","['Sequel (TV) Shugo Chara!! Doki', 'Adaptation (Manga) Shugo Chara!']",Shugo Chara!,"['Mahou Shoujo', 'School']",['Shoujo'],,['Comedy'],
44,"Yu-Gi-Oh! GX, Yugioh GX, Yu-Gi-Oh! Genex, Yugioh Genex, Yu-Gi-Oh!: Duel Monsters GX, Yugioh: Duel Monsters GX, Yu-Gi-Oh!: Duel Monsters Genex, Yugioh: Duel Monsters Genex, Game King of Duel Monsters GX",遊☆戯☆王　デュエルモンスターズ GX,Yu-Gi-Oh! GX,,Yu-Gi-Oh! GX,['TV'],180,Finished Airing,"Oct 6, 2004 to Mar 26, 2008",['Fall 2004'],Wednesdays at 18:30 (JST),"['TV Tokyo', 'Nihon Ad Systems', 'Shueisha']","['Konami', 'Funimation']",['Gallop'],['Manga'],"['Action', 'Comedy', 'Fantasy']",['Strategy Game'],23 min. per ep.,PG-13 - Teens 13 or older,7.21,#3317,#1156,"225,863","1,729",140759,"In the world of Duel Monsters, a new generation of duelists await their turn to bid for the highest title: The King of Games. As an aspiring duelist, the happy-go-lucky Juudai Yuuki enrolls at the Duel Academy, a reputable institution tasked with nurturing these potential challengers. On his first day, however, Juudai's laid back and careless attitude causes him to arrive late to his entrance exam. There, he stumbles upon a familiar figure who entrusts him the ""Winged Kuriboh,"" a card which becomes Judai's new partner. Soon, he begins living as a duelist—but will destiny and darkness bend his reality into something beyond his imagination? Yu☆Gi☆Oh!: Duel Monsters GX follows the story of Juudai as he strives to fulfill his goal of becoming the next King of Games. As they are thrust into countless unprecedented circumstances, one thing is for sure for Juudai and his friends—there will never be a dull moment at the Duel Academy! [Written by MAL Rewrite]","['Prequel (TV) Yu☆Gi☆Oh! Duel Monsters', ""Sequel (TV) Yu☆Gi☆Oh! 5D's"", 'Adaptation (Manga) Yu☆Gi☆Oh! GX', '']",Yu☆Gi☆Oh! Duel Monsters GX,,['Shounen'],Yu-Gi-Oh! GX,,
45,Eyeshield21,アイシールド21,,,,['TV'],145,Finished Airing,"Apr 6, 2005 to Mar 19, 2008",['Spring 2005'],Wednesdays at 19:00 (JST),"['TV Tokyo', 'Nihon Ad Systems', 'TV Tokyo Music', 'Shueisha']","['VIZ Media', 'Sentai Filmworks']",['Gallop'],['Manga'],,['Team Sports'],23 min. per ep.,PG-13 - Teens 13 or older,7.91,#801,#1355,"189,256","2,064",91272,"Shy, reserved, and small-statured, Deimon High School student Sena Kobayakawa is the perfect target for bullies. However, as a result of running errands throughout his life, Sena has become agile and developed a skill for avoiding crowds of people. After the cunning Youichi Hiruma—captain of the Deimon Devil Bats football team—witnesses Sena's rapid legs in motion, he coerces the timid boy into joining his squad. As Hiruma wants to conceal Sena's identity from other clubs, Sena is forced to hide under the visored helmet of ""Eyeshield 21,"" a mysterious running back wearing the number 21 jersey. The legendary Eyeshield 21 can supposedly run at the speed of light and has achieved remarkable feats in the United States during his time at the Notre Dame College. Accustomed to avoiding his problems in the past, Sena's specialty might just help him become the new secret weapon of the Deimon Devil Bats. As he interacts with his teammates, Sena gradually gains more self-confidence and forges valuable bonds along the way. [Written by MAL Rewrite]","['Adaptation (Manga) Eyeshield 21', '']",Eyeshield 21,,['Shounen'],,['Sports'],
46,Shinreigari: Ghost Hound,神霊狩／GHOST HOUND,Ghost Hound,,Ghost Hound,['TV'],22,Finished Airing,"Oct 18, 2007 to Apr 4, 2008",['Fall 2007'],Thursdays at 23:30 (JST),"['WOWOW', 'Pony Canyon', 'Showgate', 'TYO', 'Mag Garden']",['Sentai Filmworks'],['Production I.G'],Original,"['Mystery', 'Supernatural', 'Suspense']",['Psychological'],25 min. per ep.,PG-13 - Teens 13 or older,7.40,#2342,#1588,"157,465",866,46369,"Strange things are happening around the town of Suiten. The daughter of a priest begins to see strange visions, spirits have started to roam the mountains, and Tarou Komori is having unsettling dreams. Due to the trauma of being kidnapped 11 years ago, he has repressed most of the memories that could shed light on what really happened. But they return in his sleep, combined with encounters beyond the realm of dreams. As the supernatural and psychological collide, three children struggle to face their demons and repair the breach between the spiritual and corporeal worlds. [Written by MAL Rewrite]","['Adaptation (Manga) Shinreigari: Another Side', '']",Shinreigari,,,Ghost Hound,,
47,"Pocket Monsters: Diamond & Pearl, Diamond and Pearl, DP: Battle Dimension, DP: Galactic Battles, DP: Sinnoh League Victors",ポケットモンスター ダイヤモンド&パール,Pokémon: Diamond and Pearl,Pokémon: Diamant und Perl,Pokémon Diamond and Pearl,['TV'],191,Finished Airing,"Sep 28, 2006 to Sep 9, 2010",['Fall 2006'],Thursdays at 19:00 (JST),"['TV Tokyo', 'SoftX', 'Nintendo', 'Shogakukan Productions']","['VIZ Media', 'The Pokemon Company International']",['OLM'],Game,"['Action', 'Adventure', 'Comedy', 'Fantasy']",,23 min. per ep.,PG - Children,7.31,#2803,#1607,"155,184",537,94726,"Following the end of Satoshi's Hoenn journey, he travels to the Sinnoh region for his next adventure en route to becoming a Pokémon Master. Immediately upon arrival, Team Rocket makes another attempt to snatch Pikachu, only for it to fail once again. However, Pikachu has fallen deep into a forest and it's up to Satoshi to find him! Along the way, he reunites with Takeshi—a Pokémon breeder with whom he has traveled through many regions—and meets his soon-to-be rival, Shinji, a power-hungry trainer who cares little for his Pokémons' feelings. Still in search for Pikachu, Satoshi notices a powerful electric attack in the distance and heads toward it to find Pikachu with Team Rocket and Hikari—a novice trainer aiming to be the top Pokémon coordinator. After foiling Team Rocket's plans, Satoshi reunites with Pikachu and Hikari joins the group. And thus, Satoshi and his friends begin their journey through the exciting land of Sinnoh. [Written by MAL Rewrite]","['Prequel (TV) Pokemon Advanced Generation', 'Sequel (TV) Pokemon Best Wishes!']",Pokemon Diamond & Pearl,,['Kids'],Pokémon Diamond and Pearl,,
48,Barrier Master,結界師,Kekkaishi,,,['TV'],52,Finished Airing,"Oct 16, 2006 to Feb 5, 2008",['Fall 2006'],Mondays at 19:00 (JST),"['Yomiuri Telecasting', 'Tohokushinsha Film Corporation']","['VIZ Media', 'Discotek Media']",['Sunrise'],['Manga'],"['Action', 'Adventure', 'Supernatural']",['Mythology'],24 min. per ep.,PG-13 - Teens 13 or older,7.59,#1616,#2031,"114,450",625,51480,"Yoshimura Sumimura comes from a long line of ""Kekkaishi,"" individuals who have supernatural abilities and are able to destroy evil creatures called Ayakashi that venture into the human realm from time to time. The Ayakashi are demons that look to feast on the power emanating from the land of Karasumori, which also happens to be where Yoshimura's high school is located. Now, Yoshimura must fight to protect his beloved school and hometown. Although, if it were up to him, he would rather be baking cakes than fighting off the ugly characters that show up at night. Thankfully, Yoshimura isn't the only one helping to keep the baddies at bay. His childhood friend and neighbor, Tokine Yukimura, joins him in this righteous battle. Despite the fact that they are from rival clans, these two make a fantastic team. And teamwork is something vital to fighting the evil that is closing in, as the Ayakashi attack in waves, looking to claim the land as their own, and a shadowy organization looks on, ready to pounce when the time is right...","['Adaptation (Manga) Kekkaishi', '']",Kekkaishi,,['Shounen'],Kekkaishi,,
49,,爆丸バトルブローラーズ,,,,['TV'],52,Finished Airing,"Apr 5, 2007 to Mar 27, 2008",['Spring 2007'],Thursdays at 17:30 (JST),['Nelvana'],['Warner Bros. Pictures'],['TMS Entertainment'],Original,"['Action', 'Fantasy']",['Strategy Game'],24 min. per ep.,PG - Children,6.47,#7249,#2039,"113,861",459,70773,"Mysterious cards came down from the sky one day. Capable of summoning powerful creatures from another dimension, they became the centerpiece of a new game called Bakugan. The game gained instant popularity among children and teenagers, with the best of them competing in a worldwide ranking. Meanwhile, war for domination over Vestroia, the homeland of Bakugan cards, rages on. Invaded by the White Dragon Naga and his servants, the Doom Beings, the realm becomes increasingly destabilized. Dimensions begin to merge and many Bakugan players come to realize that their pastime is not merely a game. Danma Kuusou, one such Bakugan player, intends to become the World Ranking's leader someday. However, during one of his fights he experiences a vision of a clash in Vestroia. The fight suddenly moves to Earth, where Danma comes into possession of a talking, mighty fire Bakugan, Pyrus Dragonoid. He soon gets dragged into the conflict, and together with his Bakugan Brawlers team, must traverse the dimensions and restore balance in a ravaged world. [Written by MAL Rewrite]","['Sequel (TV) Bakugan Battle Brawlers: New Vestroia', '']",Bakugan Battle Brawlers,,,,,
50,Kimi-kiss pure rouge,キミキス pure rouge,KimiKiss: Pure Rouge,,,['TV'],24,Finished Airing,"Oct 7, 2007 to Mar 23, 2008",['Fall 2007'],Unknown,"['Bandai Visual', 'Lantis']",['Sentai Filmworks'],['J.C.Staff'],Visual novel,"['Drama', 'Romance']",['School'],24 min. per ep.,PG-13 - Teens 13 or older,7.26,#3044,#2338,"92,075",295,41595,"Kouichi Sanada and Kazuki Aihara's childhood friend Mao Mizusawa has returned after living in France for a couple of years. Kouichi is surprised to learn that, since her parents are remaining overseas for the time being, his mother has agreed to let Mao stay with them. The three friends help each other deal with the ups and downs of high school romance. (Source: ANN)","['Adaptation (Manga) KimiKiss: Various Heroines', '']",KimiKiss Pure Rouge,,,,,
51,,バンブーブレード,Bamboo Blade,,,['TV'],26,Finished Airing,"Oct 2, 2007 to Apr 1, 2008",['Fall 2007'],Tuesdays at 01:30 (JST),"['AIC', 'Square Enix', 'd-rights', 'Studio Tulip', 'KlockWorx', 'flying DOG']",['Funimation'],['AIC ASTA'],['Manga'],"['Comedy', 'Sports']",,24 min. per ep.,PG-13 - Teens 13 or older,7.29,#2853,#2366,"90,386",280,41566,"Kojirou is the kendo instructor for Muroe High School and he's totally broke. But then an unexpected chance is given to him: his team must win against his senpai's team and the prize is: free meals for a whole year! Now, the only problem left... where to find girls skilled enough and willing to join the kendo team?","['Adaptation (Manga) Bamboo Blade', '']",Bamboo Blade,"['Combat Sports', 'School']",['Seinen'],,,
52,,クレヨンしんちゃん,Shin Chan,Shin Chan,,['TV'],Unknown,Currently Airing,"Apr 13, 1992 to ?",['Spring 1992'],Fridays at 19:30 (JST),['TV Asahi'],['Funimation'],['Shin-Ei Animation'],['Manga'],"['Comedy', 'Ecchi']",['School'],21 min.,G - All Ages,7.80,#1030,#2402,"88,069","1,330",42190,"There is no such thing as an uneventful day in the life of kindergartener Shinnosuke ""Shin-chan"" Nohara. The five-year-old is a cut above the most troublesome, perverted, and shameless kid one can imagine. Shin-chan is almost always engaged in questionable activities such as forgetting about a friend during hide and seek, sumo wrestling for love, performing various gags including the notorious ""elephant"" in public, and flirting with college girls. The exemplary troublemaker has done it all and has no plans to stop anytime soon. Crayon Shin-chan follows the daily shenanigans of Shin-chan with his group of friends, parading around as the self-proclaimed ""Kasukabe Defense Force."" The adults witnessing these shenanigans unfold can't help but adore Shin-chan, as he keeps them entertained while unintentionally solving their daily troubles through his mindless antics—leaving himself as the only problem they do not know what to do with. [Written by MAL Rewrite]","['Adaptation (Manga) Crayon Shin-chan', '']",Crayon Shin-chan,,['Seinen'],Shin Chan,,
53,Sergeant Frog,ケロロ軍曹,Sgt. Frog,,,['TV'],358,Finished Airing,"Apr 3, 2004 to Apr 4, 2011",['Spring 2004'],Unknown,"['TV Tokyo', 'Nihon Ad Systems', 'Rakuonsha']","['ADV Films', 'Funimation', 'Discotek Media']",['Sunrise'],['Manga'],"['Comedy', 'Sci-Fi']",['Parody'],23 min. per ep.,PG-13 - Teens 13 or older,7.70,#1298,#2552,"80,331","1,281",35923,"It is the year 2004 AD, and pandemonium breaks as a mysterious frog-like alien race fills the sky with UFOs—or so 12-year-old Fuyuki Hinata dreams. Coincidentally, Sergeant Keroro, leader of a preliminary squad for the Keronian invasion of Pekopon—the alien name for Earth—begins his mission by invading Fuyuki's home. After subduing the boy and his sister, Keroro plans to reunite with his comrades and return to the mothership to repair his invaluable invasion device, the Kero Ball. Unfortunately, he receives word that headquarters has abandoned his unit's retrieval due to an unprecedented issue that forced the rest of the Keronians to flee. Consequently, Keroro is forced to stay at the Hinata residence together with the friendly, starry-eyed Fuyuki; his athletic, short-tempered sister Natsumi; and their hardworking, attractive mother Aki. Now stuck until further notice, Keroro and his platoon spend each day plotting world domination, but are thwarted each and every time by various unexpected factors. Nevertheless, as they live alongside humans, they learn to treat them as friends and allies, forming comedic yet meaningful connections that make their lives on Earth worthwhile. [Written by MAL Rewrite]","['Prequel (Special) Kero 0: Shuppatsu da yo! Zenin Shuugou!', 'Adaptation (Manga) Keroro Gunsou']",Keroro Gunsou,,['Shounen'],,,
54,,ドラゴノーツ-ザ・レソナンス-,Dragonaut - The Resonance,,,['TV'],25,Finished Airing,"Oct 4, 2007 to Mar 27, 2008",['Fall 2007'],Unknown,"['Nihon Ad Systems', 'Sotsu Music Publishing']",['Funimation'],['Gonzo'],Original,"['Action', 'Drama', 'Fantasy', 'Romance', 'Sci-Fi']",['Mecha'],24 min. per ep.,PG-13 - Teens 13 or older,6.57,#6631,#2572,"79,078",117,34150,"Twenty years prior to the story's beginning, an asteroid headed for Earth destroys Pluto. Due to Pluto's destruction, the asteroid, which is dubbed Thanatos, becomes temporarily stagnant. Now, in order to avoid Earth's impending destruction, the International Solarsystem Development Agency (ISDA) works on the ""D-Project"", and creates the ""Dragonaut"" after finding a dragon egg under the ocean. This weapon's primary purpose is to destroy the asteroid when the time comes. However, they soon find out that the asteroid is not their only threat, as powerful dragon-like creatures, which are bent on destruction, appear on Earth. After witnessing a murder by one of the creatures, Jin Kamishina, a lonely 18-year-old boy who lost his family in a shuttle accident two years ago, gets involved in the mysteries of the dragons and becomes the chosen pilot of the Dragonaut. Helping him on his journey is Toa, a mysterious girl who saves him from falling to his death after the creature attacks him. As they get deeper into the mysteries of the dragons, they encounter new friends and enemies, and also begin to develop a closer relationship. (Source: Wikipedia)","['Adaptation (Manga) Dragonaut: The Resonance', '']",Dragonaut: The Resonance,,,,,
55,"Private Evil-Eye Nougami Neuro, Demon Detective Nougami Neuro",魔人探偵 脳噛ネウロ,Neuro: Supernatural Detective,,,['TV'],25,Finished Airing,"Oct 3, 2007 to Mar 26, 2008",['Fall 2007'],Wednesdays at 01:29 (JST),"['VAP', 'Shueisha']","None found,",['Madhouse'],['Manga'],"['Comedy', 'Mystery', 'Supernatural']",,23 min. per ep.,R - 17+ (violence & profanity),7.58,#1659,#2786,"69,483",595,28467,"Yako Katsuragi is an acclaimed high school detective, who, despite her young age, has solved many cases. In fact, there seems to be no case that she cannot solve, or any culprit that escapes justice. But within the walls of her detective agency lies the secret to her prolific crime-solving skills: the cases are actually solved by her assistant, Neuro Nougami. However, to call Neuro an ordinary man would be incorrect. In reality, he is a demon, who came to the human world in search of the ultimate mystery, having already solved every mystery in the demon world. With Yako as his proxy, he feasts on the negative energy released by humans when they commit crimes. Thus, he promises to help Yako solve the mystery of her father's death. But to do so, he must avoid drawing too much attention to himself, which is why Yako plays the role of the detective. As Yako desperately searches for the truth of her father's death, the unlikely duo continues to solve case after case in order to satisfy Neuro's ravenous appetite. [Written by MAL Rewrite]","['Adaptation (Manga) Majin Tantei Nougami Neuro', '']",Majin Tantei Nougami Neuro,"['Detective', 'Mythology']",['Shounen'],,,
56,,レンタルマギカ,Rental Magica,,,['TV'],24,Finished Airing,"Oct 8, 2007 to Mar 24, 2008",['Fall 2007'],Mondays at 00:00 (JST),"['Kadokawa Shoten', 'Kadokawa Pictures Japan', 'KlockWorx', 'NTT Docomo']",['Nozomi Entertainment'],['Zexcs'],['Light novel'],"['Action', 'Mystery', 'Supernatural']",,24 min. per ep.,PG-13 - Teens 13 or older,6.98,#4487,#2914,"63,809",109,22069,"Due to his father's disappearance, Itsuki Iba has to take over the family business: a magician dispatch service. Their family employs countless magicians and other supernatural beings in order to send them out to help those who need magical assistance. As a leader, Itsuki now has to be tough, commanding, and reliable, but there's one problem, he's a coward. Also, in order to run a successful business, he must connect with his employees, which is more difficult than it seems due to his personality. But not only does he have to deal with his own employees, he also has to deal with those who threaten the family business. (Source: CrunchyRoll)","['Adaptation (Manga) Rental Magica', 'Adaptation (Light Novel) Rental Magica']",Rental Magica,,,,,
57,,ブルー・ドラゴン,,,,['TV'],51,Finished Airing,"Apr 7, 2007 to Mar 29, 2008",['Spring 2007'],Saturdays at 09:00 (JST),['Pony Canyon'],['VIZ Media'],['Pierrot'],Game,"['Adventure', 'Comedy', 'Fantasy']",,25 min. per ep.,PG - Children,6.40,#7708,#3095,"57,045",116,29234,"As Shu's village was being attacked by an unknown enemy, he and his friends, Jiro and Kluke decide to defend their home. They soon meet warrior Zola and receive the powers of Shadow, an ability that let's them transform their shadow into a powerful monster. Shu receives one of the most powerful monsters, Blue Dragon, and they all set out to defeat their enemy. (Source: ANN)","['Sequel (TV) Blue Dragon: Tenkai no Shichi Ryuu', '']",Blue Dragon,,,,,
58,,湾岸ミッドナイト,,,,['TV'],26,Finished Airing,"Jun 15, 2007 to Sep 13, 2008",['Summer 2007'],Unknown,['OB Planning'],"None found,",['A.C.G.T.'],['Manga'],,['Racing'],25 min. per ep.,PG-13 - Teens 13 or older,7.49,#1985,#3403,"47,591",652,18538,"From dusk until dawn, street racers gather on a Tokyo highway—the Wangan Route—in search of only one thing: speed. Among them, a newcomer attracts the attention of the route's veterans after he purchases a Nissan Fairlady Z, a car infamously nicknamed The Devil Z. The newcomer ignores the warnings of Eriko Asakura, who lost her brother, Akio, in an accident involving the same vehicle. The Devil Z's new owner, who coincidentally shares the exact same name as Eriko's brother, becomes bewitched by the car's mysterious power—even after crashing twice. Now a high school dropout who works to pay for his car repairs, Akio befriends regular street racers of the area: the legendary owner of the Porsche 911 Turbo, a car known on the streets as ""Blackbird;"" the genius surgeon Tatsuya Shima; and Reina Akikawa, who works as a model by day and displays unparalleled skill in her Nissan Skyline GT-R by night. Thanks to these connections, Akio manages to find the retired designer of The Devil Z's engine, a solitary man named Jun Kitami. Following his meeting with Akio, Jun resumes building overpowered yet dangerous engines. Meanwhile, the racers of the Wangan Route are caught in a desperate race against The Devil Z with no clear end in sight. [Written by MAL Rewrite]","['Adaptation (Manga) Wangan Midnight', '']",Wangan Midnight,,['Seinen'],,['Action'],
59,"Saiunmono, Saimono, Saiunkoku Monogatari Dai 2 Series",彩雲国物語 第2シリーズ,Tales of Saiunkoku,,,['TV'],39,Finished Airing,"Apr 7, 2007 to Mar 8, 2008",['Spring 2007'],Saturdays at 09:00 (JST),"['NHK', 'Sogo Vision']","None found,",['Madhouse'],['Light novel'],"['Adventure', 'Fantasy', 'Romance']",,25 min. per ep.,PG-13 - Teens 13 or older,8.00,#675,#3622,"42,903",204,18438,"Shuurei Kou and her friend Eigetsu To, a boy prodigy of humble origins, have been appointed co-governors of the Sa province, one of the eight provinces in Saiunkoku. Together, they decide to make the province an academic research center in the hopes of bringing a long overdue prosperity to the region. However, while Shuurei goes to the capital to obtain approvals for the ambitious project, the Sa province's recently established tranquility is threatened by a pandemic that brings both death and turmoil as it begins to spread among the people. Counting on Eigetsu to monitor the situation until her return, Shuurei seeks support from her allies to find a suitable treatment. Yet, Eigetsu's past personal conflicts distract him, providing an opportunity for opponents of Shuurei's position to take advantage of the troubles and undermine her authority. Becoming a government official has been Shuurei's lifelong dream, but it is no easy task for the first woman undertaking such a position. Will she step up and overcome this great challenge or give in to the looming adversities? [Written by MAL Rewrite]","['Prequel (TV) Saiunkoku Monogatari', 'Adaptation (Manga) Saiunkoku Monogatari', 'Adaptation (Light Novel) Saiunkoku Monogatari', '']",Saiunkoku Monogatari 2nd Season,"['Historical', 'Reverse Harem']",['Shoujo'],,,
60,,きらりん☆レボリューション,Kirarin Revolution,,,['TV'],153,Finished Airing,"Apr 7, 2006 to Mar 27, 2009",['Spring 2006'],Fridays at 18:00 (JST),"['MediaNet', 'Sony Music Entertainment', 'Shogakukan Productions']","None found,","['SynergySP', 'G&G Entertainment']",['Manga'],"['Comedy', 'Drama', 'Romance']",['Showbiz'],22 min. per ep.,PG-13 - Teens 13 or older,7.08,#4008,#4052,"34,220",275,14287,"Kirari Tsukishima, a gluttonous 14-year-old beauty, is a girl who does not care about idols and the entertainment world because her mind is occupied by food. Her obsession with food only causes her to be clueless about love. One day, after saving a turtle that is stranded in a tree, Kirari meets with a handsome and gentle boy named Seiji, who gives her ticket to a SHIPS (a popular idol group) concert to show his gratitude for her saving his pet. Kirari then storms off to the concert and runs into another boy, who tears up her ticket and warns her to stay away from Seiji because she and Seiji live in different worlds. The outraged Kirari then sneaks into the concert, only to discover that Seiji and the boy who tore her ticket, named Hiroto, are actually members of SHIPS. Finally understanding the meaning of ""different worlds"" (Seiji is a popular idol while she is an average middle school student), Kirari refuses to give up. Filled with determination to be with Seiji, she declares that she will also become an idol. (Source: Wikipedia)","['Adaptation (Manga) Kirarin☆Revolution', '']",Kirarin☆Revolution,,['Shoujo'],,,
61,Shion no Oh,しおんの王 - The Flowers of Hard Blood,The Flowers of Hard Blood,,,['TV'],22,Finished Airing,"Oct 14, 2007 to Mar 23, 2008",['Fall 2007'],Unknown,"['Yomiko Advertising', 'Pony Canyon', 'Fuji TV', 'DAX Production', 'Fujipacific Music', 'Universal Music Japan']","None found,",['Studio Deen'],['Manga'],"['Drama', 'Mystery', 'Suspense']",['Strategy Game'],23 min. per ep.,PG-13 - Teens 13 or older,7.49,#1980,#4110,"33,327",94,11567,"Defying the odds, middle school student Shion Yasuoka is becoming a rising star of the professional shogi world. Despite losing her family at a young age and being unable to speak due to the trauma, in her loving adoptive family and at the shogi association, she has found the necessary emotional support to move on with her life and very demanding career. Her talent attracts the attention of Satoru Hani, a successful businessman and brother of the current ""Meijin""—the title given to the defending champion of Japan's most prestigious shogi tournament. He decides to organize a tournament open to both men and women, including professional and amateur players, and urges Shion to participate in the competition. However, Satoru seems to know a lot about Shion's troubled past, and his actions bring suspicion from Shion's friend Ayumi Saitou and the police—who are still investigating the death of Shion's loved ones. As the end of Satoru's tournament approaches, Shion starts remembering events related to the night when she lost everything and will have to show her mental fortitude to defeat her opponents and foil the plans of the culprits who ruined her life. [Written by MAL Rewrite]","['Adaptation (Manga) Shion no Ou: The Flowers of Hard Blood.', '']",Shion no Ou,,,,,
62,,デルトラクエスト,Deltora Quest,,,['TV'],65,Finished Airing,"Jan 6, 2007 to Mar 29, 2008",['Winter 2007'],Saturdays at 08:00 (JST),"['Dentsu', 'Genco', 'Kodansha', 'Half H.P Studio']",['Flatiron Film Company'],['OLM'],Book,"['Adventure', 'Fantasy']",,25 min. per ep.,PG-13 - Teens 13 or older,7.09,#3967,#4223,"31,137",220,13133,"Long ago, the blacksmith Adin forged a belt of seven powerful gems, one from each of the seven tribes of Deltora. Wielding the belt's unparalleled power, he repelled the Shadow Lord's attempt to overthrow the kingdom. Adin was crowned king of Deltora, but he never forgot that the enemy remained unbeaten. Centuries later, memory of the Shadow Lord has become faded and almost forgotten, and the people of Deltora see their monarchy as detached and uncaring. Much to their dismay, the Shadow Lord strikes once more, breaking the Belt of Deltora by scattering the seven gems across the continent. Jarred, a close friend of the young king Endon, assists him and his wife in escaping from the castle as the Shadow Lord takes over, and they part ways to go into hiding. The Shadow Lord now reigns over Deltora and many years pass under his tyrannical rule. However, there is a glimmer of hope in Jarred's son Lief, whom he has lovingly raised and trained to find the scattered gemstones and reassemble the Belt of Deltora. Along with his companions Barda and Jasmine, Lief must face devious enemies and dangerous beasts to oust the Shadow Lord and return peace to Deltora. [Written by MAL Rewrite]","['Adaptation (Manga) Deltora Quest', '']",Deltora Quest,,['Kids'],,,
63,"Jyuushin Enbu, Jushin Enbu",獣神演武 - HERO TALES -,Hero Tales,Hero Tales,Hero Tales,['TV'],26,Finished Airing,"Oct 8, 2007 to Mar 31, 2008",['Fall 2007'],Mondays at 02:00 (JST),"['Square Enix', 'Genco', 'Tohokushinsha Film Corporation']",['Funimation'],['Studio Flag'],['Manga'],"['Action', 'Adventure', 'Fantasy']",['Martial Arts'],24 min. per ep.,PG-13 - Teens 13 or older,6.81,#5281,#4424,"28,439",37,10401,"For citizens of the Ken Empire, justice is a myth. Lord Keiro, the deranged Shogun of the Imperial Army, blazes a trail of terror across the countryside in search of the sacred sword that will make him a god. Standing in his way is Taito, an omnipotent star reborn in human form—a young hero who vows to use his celestial strength to avenge those slaughtered by the villainous Shogun. Taito's mystical powers steer him toward a violent showdown with Keiro, and if used recklessly, his newfound abilities could shred the very fabric of his being. To master the art of control and become a heroic martial artist, Taito must seek the guidance of others like him: the seven star-born warriors with the strength to shatter a corrupt empire. (Source: RightStuf)","['Adaptation (Manga) Juushin Enbu', '']",Juushin Enbu: Hero Tales,,['Shounen'],Hero Tales,,
64,,ドラえもん (2005),,,,['TV'],Unknown,Currently Airing,"Apr 22, 2005 to ?",['Spring 2005'],Fridays at 19:00 (JST),['TV Asahi'],"None found,",['Shin-Ei Animation'],['Manga'],"['Comedy', 'Sci-Fi']",['Anthropomorphic'],25 min.,PG - Children,7.71,#1258,#5003,"21,426",239,9593,"Doraemon (2005) is the most recent anime series based on Fujiko Fujio's manga of the same name. It is the 2005 version of 1979 series, with certain changes in the animation and other things. Doraemon is a cat-like robot who appears in the present to steer Nobita/Noby, who is a dumb, naive and clumsy boy on the right path in order to secure his future. Nobita's love interest is Shizuka Minamoto/Sue, his frenemies are Takeshi Goda/Big G and Suneo/Sneech. (Source: Wikipedia)","['Prequel (TV) Doraemon (1979)', 'Adaptation (Manga) Doraemon']",Doraemon (2005),,,,,"['Kids', 'Shounen']"
65,,もっけ,,,,['TV'],24,Finished Airing,"Oct 3, 2007 to Mar 16, 2008",['Fall 2007'],Wednesdays at 02:45 (JST),"['Kodansha', 'Nagoya Broadcasting Network']","None found,","['Madhouse', 'Tezuka Productions']",['Manga'],"['Mystery', 'Slice of Life', 'Supernatural']",['Iyashikei'],24 min. per ep.,PG - Children,7.03,#4235,#5496,"16,776",30,3792,"This is a story about two sisters: Shizuru, is a high school student who is able to see ghosts while her younger sister, Mizuki, is haunted by these apparitions. Frustrated by their abilities, their parents decided to entrust the sisters into the care of their grandparents who live in the countryside. As they adapt to life in the countryside, Shizuru and Mizuki begin to learn about the importance of coexisting nature with these apparitions. (Source: ANN)","['Adaptation (Manga) Mokke', '']",Mokke,,['Seinen'],,,
66,Ghost in the Shell: Stand Alone Complex - Tachikoma na Hibi Specials,攻殻機動隊 STAND ALONE COMPLEX タチコマな日々,Ghost in the Shell: Stand Alone Complex: Tachikomatic Days,,,['TV'],12,Finished Airing,"May 2, 2007 to Apr 13, 2008",['Spring 2007'],Unknown,"None found,","None found,",['Production I.G'],['Manga'],"['Comedy', 'Sci-Fi']",['Mecha'],3 min. per ep.,PG - Children,7.19,#3431,#6096,"12,803",7,3769,"Tachikoma TV series that aired on Animax. Unlike the previous ""Tachikoma na Hibi,"" which were auxiliary episodes to the main Ghost in the Shell SAC and 2nd GIG, the special version has longer stories based on various Japanese and Orthodox folklore. Later re-released on a BD box with all the Tachikoma shorts.",[],Koukaku Kidoutai: Stand Alone Complex - Tachikoma na Hibi (TV),,,,,
67,"Taiho Shichauzo: Full Throttle, Taiho Shichau zo (2007)",逮捕しちゃうぞ フルスロットル,You're Under Arrest: Full Throttle,,,['TV'],23,Finished Airing,"Oct 5, 2007 to Mar 28, 2008",['Fall 2007'],Unknown,['TBS'],['Sentai Filmworks'],['Studio Deen'],['Manga'],"['Action', 'Comedy']",,24 min. per ep.,PG-13 - Teens 13 or older,7.17,#3546,#6428,"11,257",6,3908,"Miyuki Kobayakawa, fresh from forensics training in the United States and Natsumi Tsujimoto, from completing Japanese Self-Defense Force (JSDF) ranger training return in the long-awaited 3rd season of the highly popular series. This time, the duo rejoins active duty at Bokuto Police Department, fighting against crime using their wits and brawn, plus having some misadventures along the way. (Source: ANN)","['Prequel (OVA) Taiho Shichau zo', 'Prequel (TV) Taiho Shichau zo (TV)', 'Prequel (TV) Taiho Shichau zo Special', 'Prequel (TV Special) Taiho Shichau zo: Nagisa no Koutsuu Yuudou']",Taiho Shichau zo: Full Throttle,"['Adult Cast', 'Detective', 'Workplace']",['Seinen'],,,
68,"Lovely Detective Labyrinth, Great Detective Labyrinth",素敵探偵☆ラビリンス,Fantastic Detective Labyrinth,Fantastic Detective Labyrinth,Fantastic Detective Labyrinth,['TV'],25,Finished Airing,"Oct 3, 2007 to Mar 26, 2008",['Fall 2007'],Unknown,['Sotsu'],['Nozomi Entertainment'],['Studio Deen'],['Manga'],"['Mystery', 'Sci-Fi']",,23 min. per ep.,PG-13 - Teens 13 or older,6.64,#6244,#6544,"10,766",16,2813,"In a forgotten town known as the old capital of Tokyo, strange and mysterious crimes are progressively occuring. These supernatural occurances are beyond comprehension and bring fear and terror to the people. Only one person is not intimidated by the evil underlying these occurances and is willing to challenge them: Hyuga Mayuki, a young boy detective who holds a special insight power that allows him to uncover the real truth behind these occurances. (Source: ANN)","['Adaptation (Manga) Suteki Tantei Labyrinth', '']",Suteki Tantei Labyrinth,,['Shounen'],Fantastic Detective Labyrinth,,
69,,サザエさん,Mrs. Sazae,,,['TV'],Unknown,Currently Airing,"Oct 5, 1969 to ?",['Fall 1969'],Sundays at 18:30 (JST),['Fuji TV'],"None found,",['Eiken'],['4-koma manga'],"['Comedy', 'Slice of Life']",,24 min.,G - All Ages,6.14,#9130,#7130,"8,801",39,1934,"The main character is a mother named Sazae-san. She lives in a house with her husband, her kids and her parents. The show is the ultimate family program and tends to follow traditional themes. Think of this show as the Japanese equivalent to ""The Partridge Family"" and you'll get a good feel for this show's atmosphere. Don't expect to see things like violence, swearing, kung-fu action or magical girls. The plots are more like ""Today, Sazae-san goes to the new mall and gets lost"". Such ""boring"" plotlines and the simplistic art are often a turn-off to non-Japanese audiences, but most Japanese find the show incredibly good. As a result, it continues to be one of the top ratings grabbers on TV and is one of the few anime that is considered ""acceptable"" by adults. (Source: AniDB)","['Adaptation (Manga) Sazae-san', '']",Sazae-san,,,,,
70,"Ninja Boy Rantaro, Rakudaii Nintama Rantarou",忍たま乱太郎,,,,['TV'],Unknown,Currently Airing,"Apr 10, 1993 to ?",['Spring 1993'],Not scheduled once per week,"['NHK', 'Sogo Vision', 'NHK Enterprises']","None found,","['Ajia-do', 'Gakken']",['Manga'],,,10 min.,G - All Ages,7.08,#4017,#7391,"8,013",77,2550,"Taking place in the Sengoku Period, Rantarou, Kirimaru and Shinbei are young students at Ninjutsu Academy, a school that teaches all kinds of youth how to become ninjas. Known as ""Nintamas"" (a contraction of ninja + tama [egg]), the main trio, and many other students at the school, must learn all sorts of unique skills to achieve their goal. Unfortunately, things aren't that simple, since our protagonists constantly find themselves failing their classes. With strict ninja teachers such as Doi-sensei and Yamada-sensei, the mischievous girls from the Kunoichi class, an entire crew of pirates and dozens more interesting characters, anything can happen in the crazy world of Nintama. The episodes are 7 minutes and thirty seconds long each, and each season (which there's currently 29 of) usually has a range of 60-90 episodes.","['Adaptation (Manga) Rakudai Ninja Rantarou', '']",Nintama Rantarou,,['Kids'],El Ninja Boy Rantaró,['Comedy'],
71,"Ryusei no Rockman Tribe, Shooting Star Rockman Tribe, Mega Man Shooting Star Tribe",流星のロックマン トライブ,Megaman Star Force Tribe,,,['TV'],21,Finished Airing,"Nov 3, 2007 to Mar 29, 2008",['Fall 2007'],Unknown,['Half H.P Studio'],"None found,",['Xebec'],Game,,,10 min. per ep.,PG - Children,6.94,#4628,#7787,"7,038",20,3012,"The second series is to follow the events of the second video game, focusing on the lost continent of Mu. The ancient civilization vanished ages ago, and a few of its remnants still exist as myths and legends called UMAs (unidentified lifeforms). The UMAs begin merging with humans in order to search for the treasures of Mu, the powerful ooparts, which will give them the power to revive Mu. After Subaru and War-Rock encounter several unusual enemies, they meet a professor named Doctor Orihime who sends them on a quest to find the ooparts and stop the UMAs. Using the ooparts, Rockman is able to take new forms, including Thunder Berserk, Fire Dinosaur, and Green Shinobi. (Source: Wikipedia)","['Prequel (TV) Ryuusei no Rockman', '']",Ryuusei no Rockman Tribe,,,,['Adventure'],
72,Maruko-chan,ちびまる子ちゃん,Little Miss Maruko,,,['TV'],Unknown,Currently Airing,"Jan 8, 1995 to ?",['Winter 1995'],Sundays at 18:00 (JST),"['Ajia-do', 'Fuji TV', 'Sakura Production']","None found,",['Nippon Animation'],['Manga'],,['School'],23 min.,G - All Ages,7.34,#2626,#7911,"6,775",62,2187,"Momoko Sakura is an elementary school student who likes popular idol Momoe Yamaguchi and mangas. She is often called ""Chibi Maruko-chan"" due to her young age and small size. She lives together with her parents, her grandparents and her elder sister in a little town. In school, she has many friends with whom she studies and plays together everyday, including her close pal, Tama-chan; the student committee members, Maruo-kun and Migiwa-san; and the B-class trio: 'little master' Hanawa-kun, Hamaji-Bu Taro and Sekiguchi-kun. This is a fun-loving and enjoyable anime that portrays the simple things in life. (Source: ANN)","['Prequel (TV) Chibi Maruko-chan', 'Adaptation (Manga) Chibi Maruko-chan']",Chibi Maruko-chan (1995),,['Shoujo'],Chibi Maruko-chan,['Comedy'],
73,Spooky Kitaro,ゲゲゲの鬼太郎 (2007),,,,['TV'],100,Finished Airing,"Apr 1, 2007 to Mar 29, 2009",['Spring 2007'],Sundays at 09:00 (JST),"None found,","None found,",['Toei Animation'],['Manga'],"['Comedy', 'Fantasy', 'Horror']",,23 min. per ep.,G - All Ages,6.94,#4653,#7951,"6,703",13,2197,"The classic tale of Gegege no Kitaro told yet again. The story is the usual in the Gegege no Kitaro series. Kitaro is a boy living in the Gegege Forest/Cemetery (lands where many Yokai roam) with his mostly dead father (who survives only in his eye), Sunakake Babaa, NekoMusume, and Konaki Jiji. One difference between this Kitaro and all of the others that came before him, is that this one has brown hair instead of the standard grayish silver.","['Adaptation (Manga) GeGeGe no Kitarou', '']",Gegege no Kitarou (2007),,,,,
74,Atashinchi,あたしンち,My Family,,,['TV'],330,Finished Airing,"Apr 19, 2002 to Sep 19, 2009",['Spring 2002'],Saturdays at 11:20 (JST),"['TV Asahi', 'Yumeta Company']","None found,",['Shin-Ei Animation'],['Manga'],"['Comedy', 'Slice of Life']",,25 min. per ep.,G - All Ages,7.38,#2439,#8234,"6,116",63,2770,"Outrageous misadventures of an almost normal family with a housewife, her husband, and their two kids Yuzuhiko and Mikan. Wacky humor about this weird family's daily life. (Source: AniDB)","[""Sequel (TV) Shin Atashin'chi"", ""Adaptation (Manga) Atashin'chi""]",Atashin'chi,,,,,
75,"Tottoko Hamutarou Hai!, Tottoko Hamutarou: Norisuta Haai!",とっとこハム太郎は〜い!,Hamtaro Hai!,,,['TV'],77,Finished Airing,"Apr 5, 2006 to Mar 28, 2008",['Spring 2006'],Unknown,['TV Tokyo'],"None found,","None found,",Unknown,,['Anthropomorphic'],5 min. per ep.,PG - Children,6.75,#5628,#8403,"5,860",9,2306,"Tottoko Hamutaro Hai! is the sequel to Tottoko Hamutaro, or in English, Hamtaro. The series revolves around the 15 original Ham-Hams in short 5-minute episodes. The Hai! series is animated differently from the original series, most notably, the head-to-body ratio is off, and it is also computer-generated in 3-D. (Source: Wikipedia)","['Prequel (TV) Tottoko Hamtarou', '']",Tottoko Hamtarou Hai!,,['Kids'],,['Adventure'],
76,Maple Story,メイプルストーリー,,,,['TV'],25,Finished Airing,"Oct 7, 2007 to Mar 30, 2008",['Fall 2007'],Unknown,"['TV Tokyo', 'Dentsu', 'Nexon']","None found,",['Madhouse'],Game,"['Action', 'Adventure', 'Comedy', 'Fantasy']",,25 min. per ep.,PG - Children,5.22,#12879,#8942,"4,995",4,1907,"Ten years ago, the World Tree that protected peace and order of the world was being targeted by an evil organization called the Zakum. The Human race led four other races: the brave warriors, the intelligent magicians, the agile archers and the sly thieves in a fight against the Zakums. In the end, the World Tree activated self-destruction to protect itself. However, the other races thought it was the Human race that destroyed the World Tree. When the World Tree was destroyed most of the races had nothing left, so a number of them went to Maple Island thinking the ones who stayed would die. They escaped Victoria and lived on Maple Island where living is getting harder and harder. Since then, a never-ending war between the different races began. Ten years later, the main protagonist, Al, is determined to revive the World Tree. Al and his companions begin their journey to seek the seeds of the World Tree. At the same time, the Zakums reappear… (Source: Wikipedia)","['Sequel (Special) MapleStory Special', '']",MapleStory,,['Kids'],,,
77,"Soreike! Anpanman, Go! Anpanman, Anpanman TV",それいけ！アンパンマン,,,,['TV'],Unknown,Currently Airing,"Oct 3, 1988 to ?",['Fall 1988'],Fridays at 16:20 (JST),"['Sotsu', 'Nippon Television Network']","None found,",['TMS Entertainment'],Picture book,"['Comedy', 'Fantasy']",,24 min.,PG - Children,6.58,#6586,#9190,"4,609",31,1738,"One night, a Star of Life falls down the chimney of a bakery nestled deep in the forest, causing the dough in the oven to come to life. The dough becomes Anpanman, a superhero made of anpan (a sweet roll with bean jam filling). Together with his friends, Anpanman fights his rival Baikinman and helps the malnourished. (Source: ANN)",[],Sore Ike! Anpanman,,['Kids'],,,
78,,おねがい マイメロディ すっきり♪,,,,['TV'],52,Finished Airing,"Apr 1, 2007 to Mar 24, 2008",['Spring 2007'],Sundays at 09:30 (JST),['Sanrio'],"None found,",['Studio Comet'],Unknown,"['Comedy', 'Fantasy']",,10 min. per ep.,PG - Children,6.95,#4610,#9600,"4,020",11,955,The third series of Onegai My Melody.,"['Prequel (TV) Onegai My Melody: Kurukuru Shuffle!', 'Sequel (TV) Onegai♪My Melody Kirara★']",Onegai My Melody Sukkiri♪,,,,,
79,,おじゃる丸,Prince Mackaroo,,,['TV'],Unknown,Currently Airing,"Oct 5, 1998 to ?",['Fall 1998'],Not scheduled once per week,['NHK'],['Enoki Films'],['Gallop'],Original,"['Adventure', 'Award Winning', 'Comedy', 'Fantasy']",,10 min.,G - All Ages,6.39,#7746,#11557,"2,226",5,553,"In the Heian era, around 1000 years ago, a young boy of noble family named Ojarumaru is bored with his life of privilege. Meanwhile, three demons steal the power-stick of Enma, king of demons, and then lose it. Ojarumaru finds it, and uses it to transport himself to the present time. Here, he is befriended by a young boy named Kazuma, and becomes a member of his family. As time goes on, Ojarumaru makes many new friends, while dodging the comedic efforts of the three demons, Akane, Kisuke, and Aobee, as they try to recover the stick. (from ANN)","['Adaptation (Manga) Ojarumaru', '']",Ojarumaru,,['Kids'],,,
80,,デュエル・マスターズ ゼロ,,,,['TV'],24,Finished Airing,"Oct 6, 2007 to Mar 22, 2008",['Fall 2007'],Unknown,"None found,","None found,",['Shogakukan Music & Digital Entertainment'],Original,,['Strategy Game'],10 min. per ep.,G - All Ages,5.95,#10179,#11657,"2,162",1,694,"This season is a direct continuation of the Zero Duel Masters with the same alternative setting, plot and characters. The only difference between both season were the shift from 2D to 3DCGI animation. It follows after the duel of Shobu vs. Hakuoh, later unveiling Hakuoh and Jura were cooperating with the series' main antagonist: Professor March, who aims to control every creature by obtaining every Duel Orb. (Source: Duel Masters Wikia)","['Prequel (TV) Zero Duel Masters', 'Sequel (TV) Duel Masters Cross']",Duel Masters Zero,,['Kids'],,['Action'],
81,,しましまとらのしまじろう,,,,['TV'],726,Finished Airing,"Dec 13, 1993 to Mar 31, 2008",['Winter 1994'],Mondays at 18:00 (JST),"['TV Tokyo', 'Azeta Pictures']","None found,",['Studio Kikan'],Original,"['Adventure', 'Comedy', 'Fantasy']",['Anthropomorphic'],23 min. per ep.,G - All Ages,5.92,#10325,#13241,"1,322",4,558,"Shimajiro, a preschool-aged tiger boy, has adventures with his friends Mimirin, Ramurin, Nyakki, and Toriipi on Challenge Island.","['Sequel (TV) Hakken Taiken Daisuki! Shimajirou', '']",Shima Shima Tora no Shimajirou,,['Kids'],,,
82,Saa Ikoo! Tamagotchi,さぁイコー！たまごっち,Let's Go! Tamagotchi,,,['TV'],12,Finished Airing,"Nov 29, 2007 to Feb 14, 2008",['Fall 2007'],Unknown,['Bandai'],"None found,",['OLM'],Unknown,,,2 min. per ep.,G - All Ages,5.69,#11449,#13506,"1,228",1,510,"Let's Go! Tamagotchi is an anime series focusing on the lives of Mametchi, Memetchi, Kuchipatchi, ChaMametchi, and their friends. The series premiered in Japan in December 2007, while an English dub was uploaded by Bandai in December 2008. It was originally uploaded a week before the release of the first movie in Japanese.","['Sequel (Movie) Eiga de Toujou! Tamagotchi Dokidoki! Uchuu no Maigotchi!?', '']",Saa Ikou! Tamagotchi,,['Kids'],,,
83,,親子クラブ,,,,['TV'],1818,Finished Airing,"Oct 3, 1994 to Mar 30, 2013",['Fall 1994'],Unknown,['Fuji TV'],"None found,",['Eiken'],Original,"['Comedy', 'Slice of Life']",,5 min. per ep.,G - All Ages,5.47,#12199,#13602,"1,198",0,442,This anime was running almost 20 years and has over 1800 episodes.,[],Oyako Club,,,,,
84,,ハローキティ りんごの森とパラレルタウン,Hello Kitty: Apple Forest and Parallel Town,,,['TV'],27,Finished Airing,"Oct 2, 2007 to Mar 25, 2008",['Fall 2007'],Unknown,['Sanrio'],"None found,",['Asahi Production'],Unknown,"['Comedy', 'Fantasy']",,9 min. per ep.,PG - Children,6.19,#8905,#14485,944,2,217,"Kitty and Mimmy fall through a hole and end up in a parallel world. It's identical to the one the sisters live in but it's inhabited by humans with transparent wings and pointy ears. Kitty becomes friends with Emily, a supermodel in this parallel world, and together they try to rescue Mimmy who has disappeared. Their search is hampered by Akuro--a black cat who has a mean streak.","['Prequel (TV) Hello Kitty: Ringo no Mori no Mystery', '']",Hello Kitty: Ringo no Mori to Parallel Town,,['Kids'],Hello Kitty: El Bosque de las Manzanas y la Ciudad Paralela,,
85,,ぜんまいざむらい,,,,['TV'],215,Finished Airing,"Apr 3, 2006 to Feb 6, 2009",['Spring 2006'],Unknown,['Aniplex'],"None found,","['A-1 Pictures', 'No Side']",Original,,,5 min. per ep.,G - All Ages,5.85,#10699,#15132,783,2,233,"200 years ago, Zenmai Zamurai was a thief by profession. While stealing from a house one night, he fell down a well and died. He was then resurrected by Daifukunokami and a wind-up key was placed on his head. If the key wound down, Zennosuke would die. The only way the key can be wound is by Zennosuke doing good deeds. In order to achieve this end, he is given the Dango-ken, which is a sword with Japanese Dumplings skewered onto it. Whenever Zenmai Zamurai sees people doing injustice or generally being out of control, he uses his sword to shoot the dumplings into their mouths. When the dumplings are eaten, the people suddenly become happy and realize the error of their ways. He helps out the people of his village in many ways, big and small. Whenever he has done well, a rainbow comes out of the sky to wind up his key. -Wikipedia",[],Zenmai Zamurai,,['Kids'],,['Comedy'],
86,"Hatarakids Maiham Gumi, Hatara kids My ham Gumi, Master Hamsters",はたらキッズマイハム組,Master Hamsters,,,['TV'],50,Finished Airing,"Oct 7, 2007 to Oct 5, 2008",['Fall 2007'],Unknown,['TV Asahi'],"None found,",['Toei Animation'],Original,,,25 min. per ep.,PG - Children,5.94,#10211,#15667,678,1,134,"Hatara Kids Maihamu Gumi, literally ""Working Kids, My Hamster Team"", is a Japanese anime action series for young children about hamsters who hold down jobs from firefighting to cooking. (Source: Wikipedia)",[],Hatara Kids Mai Ham Gumi,,['Kids'],,['Action'],
87,Miracle Mimika,味楽る!ミミカ,Miracle! Mimika,,,['TV'],225,Finished Airing,"Apr 3, 2006 to Mar 13, 2009",['Spring 2006'],Unknown,['NHK'],"None found,",['Digital Media Lab'],Original,"['Gourmet', 'Slice of Life']",,10 min. per ep.,G - All Ages,[],#20319,#16051,619,0,,"Himeno Mimika is a daughter of historical cook family. She goes to a cooking school, Miracle Academy which train cooks all over the world. Vying with rivals, she brings out her gift, and she grows up as a cook. (Source: AnimeNfo)",[],Miracle! Mimika,,['Kids'],,,
88,Odenkun,おでんくん,,,,['TV'],156,Finished Airing,"Aug 4, 2005 to Feb 27, 2009",['Summer 2005'],Unknown,['Studio Egg'],"None found,","None found,",Picture book,,,7 min. per ep.,G - All Ages,[],#20789,#17005,506,1,,"In an odd dimensional bubble inside the kettle of an Oden food cart exists Oden village. The residents of Oden village spend their idyllic days waiting for customers to come and eat them. In the meantime, Oden-kun helps other troubled dwellers to realize their dreams. One day, he hears that a customer's mother suffers from cancer so he leaves the kettle and after being eaten, faces the cancer cell Gannosuke. Oden-kun's dream is to meet his own mother. Looking forward to this day, Oden-kun spends his days doing one good deed a day. (Source: ANN)","['Sequel (TV) Ganbare! Oden-kun', '']",Oden-kun,,,,['Comedy'],
89,,えほん寄席,,,,['TV'],73,Finished Airing,"Apr 2006 to Nov 11, 2023",['Spring 2006'],Unknown,"['NHK', 'Pony Canyon']","None found,","None found,",Other,,,5 min. per ep.,PG - Children,[],#17874,#17189,488,0,,Anime rakugo of classic Japanese horror tales shown in a wide variety of art styles.,[],Ehon Yose,"['Historical', 'Performing Arts']",['Kids'],,['Horror'],
90,Hoshi Shinichi's Short Shorts,星新一 ショートショート,,,,['TV'],26,Finished Airing,"Nov 11, 2007 to Nov 17, 2008",['Fall 2007'],Unknown,['Directions'],"None found,",['Echoes'],Book,"['Comedy', 'Sci-Fi']",,10 min. per ep.,PG-13 - Teens 13 or older,[],#18683,#17232,483,0,,"This series features stories from the acclaimed sci-fi writer Hoshi Shinichi. The episodes uses animation, live-action footage, computer graphics, and other visual means to re-enact the short stories. Each episode is a collection of several short-short stories by Hoshi Shinichi. Note: This entry includes the pilot and the 25 TV episodes.",[],Hoshi Shinichi Short Short,,,,,
91,Robikero,ロビーとケロビー,Robby & Kerobby,,,['TV'],52,Finished Airing,"Apr 1, 2007 to Mar 30, 2008",['Spring 2007'],Unknown,"['Aniplex', 'Yomiko Advertising', ""We've Inc.""]","None found,",['A-1 Pictures'],Original,,,10 min. per ep.,G - All Ages,[],#21389,#17407,466,0,,A story of the adventures of Robby and Kerobby along with their other friends.,[],Robby to Kerobby,,['Kids'],,['Comedy'],
92,,ぷるるんっ! しずくちゃんあはっ☆,,,,['TV'],51,Finished Airing,"Oct 7, 2007 to Sep 28, 2008",['Fall 2007'],Unknown,"None found,","None found,",['TMS Entertainment'],['Manga'],,,24 min. per ep.,None,[],#21178,#17677,445,2,,Second season of Pururun! Shizuku-chan.,"['Prequel (TV) Pururun! Shizuku-chan', 'Sequel (TV) Picchipichi Shizuku-chan']",Pururun! Shizuku-chan Aha,,['Kids'],,['Comedy'],
93,,エレキング The Animation,,,,['TV'],13,Finished Airing,"Nov 10, 2007 to Feb 9, 2008",['Fall 2007'],Unknown,"None found,","None found,",['Zuiyo'],['4-koma manga'],,,5 min. per ep.,G - All Ages,[],#17881,#18166,408,0,,"A surrealist comedy about a local neighborhood. The 4-koma it's based on is known for the number of characters added each week, which exceeded over 280 during its serialization. The anime focuses on the 16 most reoccurring of the bunch and each episode is composed of 3 skits/chapters.",[],Elec-king The Animation,,['Seinen'],,['Comedy'],
94,,まめうしくん,,,,['TV'],52,Finished Airing,"Oct 6, 2007 to Sep 27, 2008",['Fall 2007'],Unknown,['Sotsu'],"None found,",['TMS Entertainment'],Picture book,"['Comedy', 'Fantasy']",,15 min. per ep.,G - All Ages,[],#19998,#18759,363,0,,Mameushi-kun follows the farmland adventures of a calf that is as small as a dust speck. (Source: AniDB),[],Mameushi-kun (TV),,['Kids'],,,
95,Bonolon: Fushigina Mori no Iitsutae,森の戦士ボノロン,,,,['TV'],26,Finished Airing,"Nov 5, 2007 to May 17, 2008",['Fall 2007'],Unknown,"['Four Some', 'Coamix', 'North Stars Pictures']","None found,",['Actas'],Unknown,"['Adventure', 'Fantasy']",,5 min. per ep.,PG - Children,[],#20429,#18823,358,0,,"Bonolon is touted as the warrior who comes from the forest of the great oaks. Despite his huge body size and outwardly orange appearance, Bonolon is only a child of 9 years old. However, notwithstanding his tender age, Bonolon possess a strong sense of justice and strives to become a reliable man. The tears of those people who are depressed or troubled will flow through the roots of the great oaks and communicates their feelings to Bonolon. Bonolon will then appear from the great oaks and help the people solve their problems as well as grant their wishes. (Source: ANN)",[],Mori no Senshi Bonolon,,['Kids'],,,
96,,パンツぱんくろう,,,,['TV'],85,Finished Airing,Apr 2004 to Mar 2008,['Spring 2004'],Unknown,['NHK'],"None found,","None found,",Unknown,"['Comedy', 'Slice of Life']",,1 min. per ep.,G - All Ages,[],#20968,#19433,319,0,,"A series of minute-long animated shorts that aired on Japanese public television. Aimed at toddlers and young children, the comedic series is mostly about toilet training.",[],Pants Pankurou,,['Kids'],,,
97,"Fuwa and the five rings, 福娃五连环, Fuwa Wu Lianhuan",福娃の五連環,Fuwa,,,['TV'],54,Finished Airing,"Oct 1, 2007 to Aug 24, 2008",['Fall 2007'],Unknown,"None found,","None found,","None found,",Original,,['Historical'],11 min. per ep.,PG - Children,[],#18072,#21126,224,0,,"Fuwa Beibei encounters the severely injured goddess, Athena. In order to help Athena regain strength, Beibei sets out to find a mysterious wooden box left by Coubertin in 1894, but the worrying thing is that Pixiu who injured his stomach from his glutinous eating habits heard this news too. He thought that this mysterious energy could not only cure his stomach, but also improve his magic, and such begins the journey through time and space of two spirits with different aims. After all the hardships, they found the sixth son of the dragon - Bixi, and after the two's efforts in passing his test, Bixi carries them along 100 years of Olympic history.","['Prequel (TV) Fuwa Aoyun Manyouji', '']",Fuwa no Go Renkan,,,,,
98,,消失的文明,,,,['TV'],13,Finished Airing,Apr 2007 to Sep 2008,['Spring 2007'],Unknown,"None found,","None found,","None found,",Original,,,22 min. per ep.,PG - Children,[],#15718,#24336,106,0,,No synopsis information has been added to this title. Help improve our database by adding a synopsis here.,[],Xiaoshi de Wenming,,['Kids'],,,
99,,다오 배찌 붐힐 대소동,,,,['TV'],26,Finished Airing,"Nov 15, 2007 to May 15, 2008",['Fall 2007'],Unknown,"None found,","None found,","None found,",Original,"['Adventure', 'Fantasy']",,23 min. per ep.,PG - Children,[],#17563,#24733,99,0,,No synopsis information has been added to this title. Help improve our database by adding a synopsis here.,[],Dao Baejji Bumhil Daesodong,,['Kids'],,,
100,,めぐみ,Megumi,,,['ONA'],1,Finished Airing,"Mar 28, 2008",,,"None found,","None found,",['Trans Arts'],Other,,['Historical'],25 min.,G - All Ages,5.93,#10298,#11327,"2,385",1,800,"An anime biography on Megumi Yokota, who was abducted by North Korea in 1977 when she was 13 years old. North Korea acknowledges abducting her and at least 12 other Japanese residents during the 1970s and the 1980s, but the country has not provided any conclusive evidence on her fate and most of the others. (Source: ANN)","['Adaptation (Manga) Megumi', '']",Megumi,,,,,
101,,メロディ,,,,['ONA'],1,Finished Airing,Jan 2008,,,"None found,","None found,","None found,",Original,,,8 min.,G - All Ages,5.83,#10761,#12328,"1,743",1,813,A short in which a young anthropomorphic rabbit tries to overcome the loss of his mother.,[],Melody,,,,['Drama'],
102,,FROM OSAKA WITH CHEER!,,,,['ONA'],4,Finished Airing,"Mar 30, 2008",,,"None found,","None found,","None found,",Unknown,,,4 min. per ep.,G - All Ages,5.15,#13011,#18133,411,0,142,A promotional anime for Osaka funded by the Osaka Convention & Tourism Bureau.,[],From Osaka with Cheer!,,,,['Slice of Life'],
103,Ikuze Gensan,いくぜっ！源さん,,,,['ONA'],24,Finished Airing,"Mar 24, 2008 to Sep 1, 2008",,,['Irem Software Engineering'],"None found,",['Nippon Animation'],Unknown,,,9 min. per ep.,G - All Ages,[],#18868,#18219,404,0,,"The slapstick comedy centers on Genzō Tamura, a 19-year-old third-generation construction worker in the working-class neighborhood of Beranme. When the Kuromoku Group urban developers threatens the neighborhood with Chainsaw Mika and Dynamite Dan, Tamura must save his town with his trusty hammer. Source: ANN",[],Ikuze! Gen-san,,,,['Comedy'],
104,,あなたの肩ごし ちょっと上,,,,['ONA'],3,Finished Airing,"Feb 11, 2008",,,"None found,","None found,","None found,",Original,"['Comedy', 'Supernatural']",,3 min. per ep.,G - All Ages,[],#16576,#19822,296,0,,"""Guardian Spirit"" is something that you can only see in fortune telling and television spirit features. But there are guardian spirits who are quietly behind everyone and are working hard. The story of Guardian Services Agency Service by freelance spirits of guardian spirits for those who can not take such holidays.",[],Anata no Katagoshi Chotto Ue,,,,,
105,Tsuji Tsuji Sensha,つじつじ戦車,,,,['ONA'],1,Finished Airing,"Mar 31, 2008",,,"None found,","None found,","None found,",Unknown,,['Music'],1 min.,G - All Ages,[],#15020,#21385,209,0,,Short animation of Yawaraka Sensha created as a farewell to a retired staff member.,[],Tsujitsuji Sensha,,,,,
106,,ドラえもん３Ｄショートムービー,,,,['ONA'],3,Finished Airing,"Mar 21, 2008 to Aug 8, 2008",,,"None found,","None found,","None found,",['Manga'],,,35 sec. per ep.,PG - Children,[],#17735,#24734,99,0,,"A collection of Doraemon short movies that were viewable for free on the Doraemon website. Prologue (プロローグ) This short film shows Doraemon walking, then stopping, pulling the Take-copter out of his pocket, putting it on his head, and flying away. Dorayaki factory (どら焼き工場) Doraemon is watching conveyor belts transport dorayaki. When he tries to take one, an alarm activates, triggering a mechanical claw to pick up and drop Doraemon into a vat of dough. After being baked in the oven, Doraemon falls into a pipe and ends up being made into a dorayaki himself. Quietly (お静かに) Doraemon tries to sneak past a sleeping cat to get some dorayaki. As he opens the cupboard, loads of items fall out, though he is able to successfully balance them until a cat food can falls on his head, causing him to fall and wake the cat up. (Source: Doraemon Wiki)",[],Doraemon 3D Short Movie,,['Kids'],,,
107,,HELLSING OVA,Hellsing Ultimate,,,['OVA'],10,Finished Airing,"Feb 10, 2006 to Dec 26, 2012",,,"['GDH', 'Geneon Entertainment USA', 'Shounen Gahousha']",['Funimation'],"['Madhouse', 'Satelight', 'Graphinica']",['Manga'],"['Action', 'Horror', 'Supernatural']",,49 min. per ep.,R - 17+ (violence & profanity),8.35,#243,#181,"971,086","22,616",502444,"There exist creatures of darkness and evil that plague the night, devouring any human unfortunate enough to be caught in their grasp. On the other side is Hellsing, an organization dedicated to destroying these supernatural forces that threaten the very existence of humanity. At its head is Integra Fairbrook Wingates Hellsing, who commands a powerful military and spends her life fighting the undead. Integra's vast army, however, pales in comparison with her ultimate weapon: the vampire Alucard, who works against his own kind as an exterminator for Hellsing. With his new vampire servant, Seras Victoria, at his side, Alucard must battle not only monsters, but all those who stand to oppose Hellsing, be they in the guise of good or evil. In a battle for mankind's survival, Hellsing Ultimate proves that appearances are not all they may seem, and sometimes the greatest weapon can come in the form of one's worst nightmare. [Written by MAL Rewrite]","['Prequel (Special) Hellsing: The Dawn', 'Adaptation (Manga) Hellsing']",Hellsing Ultimate,"['Adult Cast', 'Gore', 'Military', 'Vampire']",['Seinen'],,,
108,"Tsubasa Reservoir Chronicle OVA, Tsubasa Reservoir Chronicle: Tokyo Revelations",ツバサ TOKYO REVELATIONS,Tsubasa RESERVoir CHRoNiCLE: Tokyo Revelations,Tsubasa CHRoNiCLE: Toyko Revelations,Tsubasa CHRoNiCLE: Tokyo Révélations,['OVA'],3,Finished Airing,"Nov 16, 2007 to Mar 17, 2008",,,['Kodansha'],['Funimation'],['Production I.G'],['Manga'],"['Action', 'Adventure', 'Drama', 'Fantasy', 'Romance']",,24 min. per ep.,R - 17+ (violence & profanity),8.26,#327,#2252,"98,090",830,45932,"Continuing their journey from Record Country (the place that held the book of memories), Syaoran and company land into Tokyo Country, a blood-filled country under war from opposing factions for natural resources and survival. While reluctantly involved in the race to live, the group faces their own problems as certain revelations are made, changing their journey forever. A shocking betrayal and a battle that risks all of their lives. After this revelation, they will never be the same again.","['Sequel (OVA) Tsubasa: Shunraiki', 'Adaptation (Manga) Tsubasa: RESERVoir CHRoNiCLE']",Tsubasa: Tokyo Revelations,,['Shounen'],,,
109,"School Days LxH, School Days: Valentine Days",School Days 「Valentine Days」,,,,['OVA'],1,Finished Airing,"Jan 17, 2008",,,"['Marvelous Entertainment', 'Lantis', 'Pony Canyon Enterprises']","None found,",['TNK'],Visual novel,"['Comedy', 'Romance']",['School'],18 min.,PG-13 - Teens 13 or older,5.78,#11012,#3109,"56,602",38,31150,"Kotonoha Katsura and her sister, Kokoro, have invited Sekai Saionji, Makoto Itou, and their friends on a hot spring trip with one goal in mind: to take a breather from their busy school lives. After the outing, the girls begin to discuss the upcoming Valentine's Day and their plans for the important event. When the day finally arrives, Makoto—who expected not to receive any chocolate from anyone—abruptly finds himself surrounded by a group of girls who all want to give their chocolates to him. [Written by MAL Rewrite]",[],School Days: Valentine Days,,,,,
110,Kire Papa,キレパパ。,,,,['OVA'],2,Finished Airing,"Jan 25, 2008 to Nov 28, 2008",,,"['ANIK', 'On-Lead']","None found,",['PrimeTime'],['Manga'],"['Boys Love', 'Comedy', 'Drama', 'Erotica']",,29 min. per ep.,R+ - Mild Nudity,6.57,N/A,#3154,"54,771",133,30815,"Chisato Takatsukasa, a 35-year-old author, has such a youthful appearance that anyone would think him to be in his early twenties. His work is inspired by his idol—the best-selling mystery author Saki Shunka, who is as much of an enigma herself as the plots of the books she writes. Chisato is also the extremely overprotective father of 15-year old Riju, convinced that the ""friends"" his son constantly brings over are nothing but predators waiting for the perfect opportunity to defile his precious boy. As a result, Chisato will stop at nothing to ensure they never come over again, resorting to the most extreme of methods. There is not a man he hates more, however, than Riju's rather persistent best friend Shunsuke Sakaki, who just won't go away regardless of what Chisato tries to do. But the motivations of these characters lie as secrets bubbling just below the surface. Why is Chisato so wary of Riju's friends, and what exactly does Shunsuke know about the mysterious author his friend's father idolizes? [Written by MAL Rewrite]","['Adaptation (Manga) Kirepapa', '']",Kirepapa.,,,,,
111,,School Days ～マジカルハート☆こころちゃん～,,,,['OVA'],1,Finished Airing,"Mar 26, 2008",,,"['Avex Entertainment', 'Marvelous Entertainment', 'Lantis', 'Pony Canyon']",['Discotek Media'],['TNK'],Visual novel,"['Comedy', 'Ecchi']",['Parody'],24 min.,R+ - Mild Nudity,5.53,#12013,#3511,"45,388",24,25201,"Originally an April's Fool in 2007, this one episode OVA is a spin-off of the School Days game by 0verflow, and shows Kokoro Katsura, the little sister of one of the main characters, from her other side. A mahou shoujo out to save the world, or something like that. (Source: AniDB)",[],School Days: Magical Heart Kokoro-chan,,,,,
112,Code Geass: Lelouch of the Rebellion Special Edition Black Rebellion,コードギアス 反逆のルルーシュ SPECIAL EDITION BLACK REBELLION,Code Geass: Lelouch of the Rebellion Special Edition - Black Rebellion,,,['OVA'],1,Finished Airing,"Feb 22, 2008",,,"['Bandai Visual', 'Mainichi Broadcasting System']","None found,",['Sunrise'],Original,,,1 hr. 57 min.,R - 17+ (violence & profanity),7.57,#1690,#3600,"43,337",53,15733,An OVA summarizing all 25 episodes of season 1 from Lelouch's viewpoint.,"['Sequel (OVA) Code Geass: Hangyaku no Lelouch R2 Special Edition - Zero Requiem', '']",Code Geass: Hangyaku no Lelouch Special Edition - Black Rebellion,"['Mecha', 'Military', 'School', 'Super Power']",,,['Action'],
113,Saint Seiya: The Hades Elysion Chapter,聖闘士星矢 冥王ハーデス エリシオン編,Saint Seiya: The Hades Chapter - Elysion,,Saint Seiya: Les Chevaliers du Zodiaque,['OVA'],6,Finished Airing,"Mar 7, 2008 to Aug 1, 2008",,,"None found,","None found,",['Toei Animation'],['Manga'],"['Action', 'Adventure', 'Fantasy', 'Sci-Fi']",['Mythology'],24 min. per ep.,PG-13 - Teens 13 or older,7.58,#1664,#3610,"43,086",114,26835,"After the 12 Gold Saints sacrifice their lives to destroy the Wailing Wall, The Bronze Saints enter the deepest realm of the Underworld, Elysion, where they face off against Hades's two most powerful servants: The Twin Gods, Hypnos and Thanatos, before they can reach Hades for the final battle.","['Prequel (OVA) Saint Seiya: Meiou Hades Meikai-hen', 'Sequel (Movie) Saint Seiya: Tenkai-hen Josou - Overture', 'Adaptation (Manga) Saint Seiya', '']",Saint Seiya: Meiou Hades Elysion-hen,,['Shounen'],Saint Seiya. Los Caballeros del Zodiaco: Capítulo de Hades Eliseos,,
114,"Prince of Tennis OVA 2, Prince of Tennis OVA Semifinal",テニスの王子様 全国大会篇 Semifinal,The Prince of Tennis: The National Tournament Semifinals,,,['OVA'],6,Finished Airing,"Jun 22, 2007 to Jan 25, 2008",,,"['Production I.G', 'TV Tokyo', 'Bandai Visual', 'Marvelous Entertainment', 'Nihon Ad Systems', 'Shueisha']","None found,",['M.S.C'],['Manga'],,,23 min. per ep.,PG-13 - Teens 13 or older,7.87,#887,#3828,"38,671",39,21287,"The National Tournament continues for Ryouma Echizen and the Seishun Academy Boys' Tennis Team as they face off against last year's semifinalist, Shitenhouji Middle School. As winners of the Kansai Regionals, Shitenhouji is one of the top contenders to win this year's tournament. What's more, each member of the Shitenhouji team has skills that are said to surpass their Seishun counterparts. Shitenhouji also has Kintarou Tooyama, another ""super rookie"" who rivals Ryouma in strength and technique. Seishun will have to push the limits of their abilities to stand a chance at defeating the Kansai champions in this East versus West matchup. [Written by MAL Rewrite]","['Prequel (OVA) Tennis no Oujisama: Zenkoku Taikai-hen', 'Sequel (OVA) Tennis no Oujisama: Zenkoku Taikai-hen - Final', 'Adaptation (Manga) Tennis no Oujisama', '']",Tennis no Oujisama: Zenkoku Taikai-hen - Semifinal,,['Shounen'],,['Sports'],
115,,KITE LIBERATOR (カイト リベレイター),,Kite Liberator: Angel of Death,,['OVA'],1,Finished Airing,"Mar 21, 2008",,,"['Lantis', 'Happinet Pictures', 'Fever Dreams']",['Media Blasters'],['Arms'],Original,"['Action', 'Drama', 'Sci-Fi']",['Gore'],58 min.,R+ - Mild Nudity,6.20,#8849,#4016,"34,750",54,15331,"In the previous series ""Kite,"" a killer—Sawa—suddenly disappears after she avenges her parents' death, and no one knows where she is. Several years later, a figure dances airily on the dark side of a big city. She is an angel of death, killing her victim gracefully and disappearing. Monaka is a normal high school student, though this quiet and modest life has a darker side. An angel of death is Monaka's other persona.","['Prequel (OVA) A Kite', '']",Kite Liberator,,,,,
116,Koharubiyori,こはるびより,Indian Summer,,,['OVA'],3,Finished Airing,"Oct 15, 2007 to Mar 10, 2008",,,"['AT-X', 'ASCII Media Works', 'Showgate', 'Geneon Entertainment']","['ADV Films', 'Sentai Filmworks']",['Daume'],['Manga'],"['Comedy', 'Sci-Fi', 'Ecchi']",,30 min. per ep.,R+ - Mild Nudity,6.55,#6743,#4920,"22,131",26,10239,"Set in a near future, a time where robots are common workers for their owners. Takaya Murase has just purchased a maid robot from a robotic doll distributor, MaidWorks. Ready to live a normal cleaning, cooking, and serving life to her owner, Yui is purchased, by Takaya but he has other plans for her...like dressing her up in dress-costumes of his fantasies and more. (Source: ANN)","['Adaptation (Manga) Koharubiyori', '']",Koharu Biyori,,,,,
117,"Mai-Otome Zero, My-Otome Zero",舞－乙HiME ０～S.ifr～,My-Otome 0: S.ifr,,,['OVA'],3,Finished Airing,"Feb 21, 2008 to Nov 21, 2008",,,"None found,","['Funimation', 'Bandai Entertainment']",['Sunrise'],Original,,,27 min. per ep.,R+ - Mild Nudity,7.34,#2638,#5723,"15,159",26,7623,"This is the prequel of My-Otome, which predates the events before the My-Otome Series. In this series, it focuses upon the origins of Lena Sayers, the mother of Arika Yumemiya and former bearer of Lofty Crimson Jade / Blue Sky Sapphire GEM, and Sifr Fran, the biological mother of Nina Wáng and the former queen of Windbloom Kingdom, as well as the origins of Schwartz, Aswad, and the Garderobe Academy and its Five Columns. The kidnapping of Sifr and the powerful revelation of Lena's GEM will soon fatefully determine the outcome of the future for themselves and the others around them. (Source: ANN)","['Sequel (TV) Mai-Otome', '']",Mai-Otome 0: S.ifr,,,,['Sci-Fi'],
118,,あらいめんとゆーゆー THE ANIMATION,,,,['OVA'],2,Finished Airing,"Feb 29, 2008 to May 23, 2008",,,['Pink Pineapple'],"None found,",['T-Rex'],['Manga'],"['Supernatural', 'Hentai']",['School'],27 min. per ep.,Rx - Hentai,6.72,N/A,#5864,"14,172",88,6044,"Takahashi loves Oohara, and Oohara loves Takahashi, but neither of them knows of the others' feelings yet. Moreover, Takahashi died. How can their love come to be now?","['Adaptation (Manga) Alignment You! You!', '']",Alignment You! You! The Animation,,,,,
119,The Pollinic Girls Attack! ~The Animation~,花粉少女注意報！～THE ANIMATION～,,,,['OVA'],4,Finished Airing,"Mar 28, 2008 to Jun 29, 2012",,,['Pink Pineapple'],"None found,","['T-Rex', 'Space-X']",['Manga'],,,28 min. per ep.,Rx - Hentai,7.06,N/A,#5897,"13,979",85,5100,"As the season changes to spring and flowers begin to bloom, there is one thing humanity looks toward in dread. Yes, the ever troublesome pollen allergy season has come to defile its victims once more, but it's not their noses that are being blown. Through the miracles of evolution, the reproductive process of plants no longer yield the tiny yellow grains that stimulate the nose. Instead, they now produce beautiful girls and boys that float joyfully through the air, stimulating other areas of the body instead, whether willing or not. Moans of ecstasy and frenzy reverberate across the world from those desperate to seek relief from their relief. Although the streets run white with bodily fluids, people are far from relieved of their sexual troubles; fortunately, it is the perfect time to search for solutions! Inspiration can be found around every corner as encounters with the pollinic beings expose both hidden feelings and alluring physicality. Regardless of the climax that each person reaches, one thing is for sure—no amount of tissues will be enough for this allergy season. [Written by MAL Rewrite]","['Adaptation (Manga) Kafun Shoujo', '']",Kafun Shoujo Chuuihou! The Animation,,,,['Hentai'],
120,,よつのは,,,,['OVA'],2,Finished Airing,"Feb 29, 2008 to Mar 28, 2008",,,"['Rondo Robe', 'Geneon Entertainment']","None found,",['HAL Film Maker'],Visual novel,,['School'],36 min. per ep.,PG-13 - Teens 13 or older,6.29,#8317,#6252,"12,013",16,5534,"Based on the game by Haikuo-Soft. A story about the reunion of 4 childhood friends, Yuzuki, Matsuri, Nono and Makoto, in their deserted old school campus, Mochitsuki Academy. 3 years ago, they buried a time capsule under a tree inside the school and made a promise. A promise to meet again after exactly 3 years from that day. And the day of promise has finally arrived. (Source: AniDB)","['Adaptation (Manga) Yotsunoha', '']",Yotsunoha,,,,['Romance'],
121,The Idolmaster Live For You!,アイドルマスター ライブフォーユー!,THE IDOLM@STER Live For You!,,,['OVA'],1,Finished Airing,"Feb 28, 2008",,,"['Frontier Works', 'Bandai Namco Games']","None found,",['Actas'],Game,"['Comedy', 'Drama']",,17 min.,PG-13 - Teens 13 or older,6.18,#8962,#6668,"10,311",8,3958,"On the day before the 765 Productions Fan Appreciation Event, each of the idols prepare to head home. However, Chihaya Kisaragi, uneasy about tomorrow's events, decides to have a last minute personal rehearsal. One thing leads to another as Chihaya, Miki and Haruka are dragged from one exciting situation to the next. What is the truck driver's true destination? What is the secret behind the old house? Will the girls make it in time for the event? Watch as Miki, Haruka, Chihaya and the other idols join together for their biggest adventure yet! (Source: e-n-m.net)",[],The iDOLM@STER Live For You!,"['Idols (Female)', 'Music']",,,,
122,"Consolidated System, Method of Coupling",連結方式,,,,['OVA'],3,Finished Airing,"Jan 25, 2008 to Sep 26, 2008",,,"None found,","None found,",['Suzuki Mirano'],['Manga'],,,27 min. per ep.,Rx - Hentai,6.58,N/A,#6824,"9,819",33,3382,"Keisuke's father has informed his mother as well as Keisuke and Misaki that he has been diagnosed with cancer. And so, Keisuke announces that he wishes to inherit the family's liquor business and be married to the daughter of his father's former colleague. However, Keisuke's sister Misaki does not give her blessing to the marriage. They are more than siblings. The both of them cross the threshold and make love all night and on the day that Keisuke's fiancé's family comes to meet with them. Misaki shows her desire for Keisuke and they mutually surrender themselves to each others' flesh. (Source: BoxTorrents)",[],Renketsu Houshiki,,,,['Hentai'],
123,Shin Kyuuseishu Densetsu Hokuto no Ken Toki-den,真救世主伝説 北斗の拳 トキ伝,Fist of the North Star: The Legend of Toki,Fist of the North Star: The Legend of Toki,Hokuto No Ken: La Légende de Toki,['OVA'],1,Finished Airing,"Mar 26, 2008",,,"['TMS Entertainment', 'North Stars Pictures']",['Discotek Media'],['APPP'],['Manga'],,['Martial Arts'],57 min.,R - 17+ (violence & profanity),7.38,#2454,#6939,"9,418",14,4154,"The fourth part of the new Hokuto no Ken pentalogy (3 movies, 2 OVAs).","['Prequel (Movie) Hokuto no Ken: Raoh Gaiden Gekitou-hen', 'Sequel (Movie) Hokuto no Ken Zero: Kenshirou Den']",Hokuto no Ken: Toki-den,,['Shounen'],,['Action'],
124,"ToHeart 2: Another Days, To Heart 2: Another Days, ToHeart2ad",トゥハート2,ToHeart 2 AD,,,['OVA'],2,Finished Airing,"Mar 26, 2008 to Aug 8, 2008",,,"None found,","None found,",['Chaos Project'],Visual novel,"['Comedy', 'Romance', 'Ecchi']",,28 min. per ep.,PG-13 - Teens 13 or older,6.81,#5304,#7589,"7,496",5,2840,"Based on the Visual Novel ToHeart 2 AD (Another Days), the sequel to ToHeart 2.","['Prequel (OVA) To Heart 2 OVA', 'Sequel (OVA) To Heart 2 AD Plus', 'Adaptation (Manga) To Heart 2: Another Days', '']",To Heart 2 AD,,,,,
125,,愛のカタチ ～エッチな女のコは嫌い...ですか?～,The Shape of Love,,,['OVA'],2,Finished Airing,"Feb 25, 2008 to Jun 25, 2008",,,"['Milky Animation Label', 'MS Pictures']","['Media Blasters', 'Kitty Media']",['T-Rex'],Visual novel,,,28 min. per ep.,Rx - Hentai,6.19,N/A,#7872,"6,855",16,2485,The secret world behind the amateur porn magazines. Young girls discover that is really easy to make money working for some guys that take photos of their sexual life. And some of them just get too hot by thinking of the many readers that will see their sinful acts that go crazy and wild.,[],Ai no Katachi: Ecchi na Onnanoko wa Kirai... desu ka?,,,,['Hentai'],
126,"Fuyu no Semi Special Revised Edition, Winter Cicada Special Revised Edition, Fuyu no Semi: Tokubetsu Henshuuhan",冬の蝉 ~特別編集版~,,,,['OVA'],1,Finished Airing,"Mar 26, 2008",,,"None found,","None found,",['Venet'],['Manga'],"['Action', 'Boys Love', 'Drama', 'Erotica']",,1 hr. 36 min.,R - 17+ (violence & profanity),6.86,N/A,#8608,"5,542",7,1845,Summary of the Fuyu no Semi OVA with revised animation and some extra scenes.,[],Fuyu no Semi Special,"['Historical', 'Military', 'Samurai']",,,,
127,,シオン,Sion,,,['OVA'],4,Finished Airing,"Mar 28, 2008 to Jan 23, 2010",,,['Pixy'],"None found,",['Anime Antenna Iinkai'],Visual novel,"['Action', 'Fantasy', 'Supernatural', 'Hentai']",,29 min. per ep.,Rx - Hentai,6.45,N/A,#8693,"5,396",31,1919,Based on the game by Lilith Mist.,[],Shion,,,,,
128,,姫騎士アンジェリカ,Princess Knight Angelica,,,['OVA'],2,Finished Airing,"Jan 25, 2008 to Jul 25, 2008",,,"['Milky Animation Label', 'MS Pictures']",['Kitty Media'],"None found,",Visual novel,"['Fantasy', 'Hentai']",,28 min. per ep.,Rx - Hentai,6.22,N/A,#8694,"5,394",12,1791,Based on the game by Silky's. A clever and ambitious man is able to take over a kingdom by cunningly forcing his way into the hearts of the Rothschilt family women. One by one he convinces them they can't live without him and makes them into his obedient and willing sex slaves. Now the kingdom is at his mercy and his real revenge can commence. (Source: AniDB),[],Himekishi Angelica,,,,,
129,,思春期少女,,,,['OVA'],2,Finished Airing,"Mar 28, 2008 to Jul 25, 2008",,,"None found,","None found,",['Suzuki Mirano'],['Manga'],,['School'],27 min. per ep.,Rx - Hentai,6.41,N/A,#9290,"4,452",11,1559,"A pair of high school girls, who think they can handle trouble, try to keep the punks in line at their school and discover they aren't as tough as they thought.",[],Shishunki Shoujo,,,,['Hentai'],
130,"Saishuu Shiken Kujira OVA, Final Examination Kujira Progressive",最終試験くじら Progressive,,,,['OVA'],1,Finished Airing,"Mar 26, 2008",,,['Starchild Records'],['Media Blasters'],['Zexcs'],Visual novel,"['Drama', 'Romance']",,30 min.,PG-13 - Teens 13 or older,5.97,#10062,#10248,"3,277",1,1268,"In the past Mutsumi (Mucchan) and Sae (Sacchan) met. Enjoying the time together, they decided to meet again and chose a place. Mucchan, however, never came to that place. A few years later he passed through that place on his way to school, and met Sacchan, who had been waiting for him for all those years. And so, they start playing together again. However, it won't last so long, because...",[],Saishuu Shiken Kujira Progressive,,,,,
131,Ryojoku Guerrilla Kari 3,凌辱ゲリラ狩り3,,,,['OVA'],2,Finished Airing,"Feb 29, 2008 to Apr 25, 2008",,,"None found,","None found,",['Suzuki Mirano'],Visual novel,,,27 min. per ep.,Rx - Hentai,6.01,N/A,#10448,"3,096",8,882,"There is a spaceship called Victoire. It keeps winning and never loses. The ship is controlled by young and beautiful women, and their victory always boosts the morale of the team. But the ship and its secrets are sold to the enemy after the war, and the women are confined in prison. They have nothing to protect themselves... (Source: AniDB)",[],Ryoujoku Guerrilla Kari 3,,,,['Hentai'],
132,,失楽園,Sinners Paradise,,,['OVA'],2,Finished Airing,"Feb 8, 2008 to May 9, 2008",,,['Digital Works'],['Critical Mass Video'],['Y.O.U.C'],Original,,,28 min. per ep.,Rx - Hentai,5.35,N/A,#11985,"1,958",0,614,"Longtime friends Erika and Akino have a difficult road ahead of them. One minute, they're basking in the warm summer air, and the next, they're sucked into a strange dimension. There, an army of mysterious soldiers declare that the two women are allies of an enemy nation and put them through all manner of perverse torture. But even if they could escape their captors, where could they run when they don't even know where they are? (Source: Mania.com)",[],Shitsurakuen,,,,['Hentai'],
133,"Shinran-sama: His Wish and Light, Nenbutsu Monogatari: Shinran-sama - Negai, Soshite Hikari",親鸞さま ねがい そして、ひかり。,,,,['OVA'],1,Finished Airing,"Mar 20, 2008",,,"None found,","None found,",['Group TAC'],Other,,['Historical'],1 hr. 48 min.,G - All Ages,6.04,#9705,#16958,510,0,128,"The life story of Shinran, founder of Joudo Shinshuu.",[],"Shinran-sama: Negai, Soshite Hikari",,,,,
134,,チャレンジ1年生でかっこいい1年生にへんしん!DVD,Question Fairy,,,['OVA'],1,Finished Airing,"Feb 10, 2008 to Feb 11, 2008",,,"None found,","None found,","None found,",Unknown,,,35 min.,PG - Children,[],#17176,#17795,435,0,,No synopsis information has been added to this title. Help improve our database by adding a synopsis here.,[],Challenge 1-nensei de Kakkoii 1-nensei ni Henshin!,,['Kids'],,,
135,,サンリオぽこあぽこ シナモンの げんきにおでかけ,,,,['OVA'],1,Finished Airing,"Mar 17, 2008",,,['Sanrio'],"None found,","None found,",Original,,['Educational'],45 min.,PG - Children,[],#13929,#20712,246,0,,No synopsis information has been added to this title. Help improve our database by adding a synopsis here.,[],Sanrio Pokoapoko Cinnamon no Genki ni Odekake,,['Kids'],,,
136,"Kara no Kyoukai: The Garden of Sinners Movie 3, Borderline of Emptiness: Remaining Sense of Pain, The Garden of Sinners: ever cry, never life",劇場版 空の境界 the Garden of sinners 第三章『痛覚残留』,The Garden of Sinners Chapter 3: Remaining Sense of Pain,The Garden of Sinners Film 3: Verbliebener Sinn für Schmerz,The Garden of Sinners Película Film 3: Persistante Douleur,['Movie'],1,Finished Airing,"Feb 9, 2008",,,['Notes'],['Aniplex of America'],['ufotable'],['Light novel'],"['Action', 'Drama', 'Fantasy', 'Mystery', 'Suspense']",['Urban Fantasy'],59 min.,R+ - Mild Nudity,8.01,#650,#1107,"235,402",686,143023,"On a solemn night in July 1998, teenager Fujino Asagami is mercilessly raped by a street gang in a dilapidated bar. No matter what physical or sexual abuse they deal, however, the girl regards her captors with the same apathetic expression. The next day, mangled bodies are discovered in that same building, so torn apart that investigators find it infeasible to even consider the culprit human. Elsewhere, a client request reaches Touko Aozaki's detective agency, tasking Shiki Ryougi with either capturing or killing the perpetrator of last night's incident. But soon, word spreads that a single survivor escaped the slaughter, and now the murderer is plowing down everything in their path to locate and exterminate him. A brutal race against time begins, pitting Shiki against a dangerous foe imperceptible even to her legendary eyes. [Written by MAL Rewrite]","['Prequel (Movie) Kara no Kyoukai Movie 2: Satsujin Kousatsu (Zen)', 'Sequel (Movie) Kara no Kyoukai Movie 4: Garan no Dou', 'Adaptation (Manga) Kara no Kyoukai: The Garden of Sinners', 'Adaptation (Light Novel) Kara no Kyoukai: The Garden of Sinners']",Kara no Kyoukai Movie 3: Tsuukaku Zanryuu,,,,,
137,,ＯＮＥ ＰＩＥＣＥ（ワンピース） エピソードオブチョッパー＋冬に咲く、奇跡の桜,"One Piece: Episode of Chopper Plus - Bloom in the Winter, Miracle Sakura",One Piece Film 9: Chopper und das Wunder der Winterkirschblüte,One Piece Film 9: Episode de Chopper - Le Miracle des Cerisiers en Hiver,['Movie'],1,Finished Airing,"Mar 1, 2008",,,"['Fujipacific Music', 'Shueisha']","None found,",['Toei Animation'],['Manga'],"['Action', 'Adventure', 'Fantasy']",,1 hr. 53 min.,PG-13 - Teens 13 or older,7.43,#2245,#2751,"70,787",24,36908,"As Nami has fallen seriously ill, the Straw Hats head to Drum Island in search of a doctor. However, they learn that there is only one doctor left on the island, the reclusive Dr. Kureha who currently resides at the top of a mountain. With a sick Nami in tow, Monkey D. Luffy and Sanji set out on an arduous journey to seek her help. Meanwhile, the return of Wapol—Drum Island's former king—and his brother spells trouble for the island's inhabitants. As the one responsible for the current lack of doctors, Wapol has finally returned to take back his position as the people's despot and absolute ruler. With the help of new allies like the half-human reindeer Chopper Tony Tony, the Straw Hat Crew must overcome all the obstacles in its way to save Nami's life and stop Wapol from plunging Drum Island back into tyranny. [Written by MAL Rewrite] (Source: Wikipedia)",[],"One Piece Movie 09: Episode of Chopper Plus - Fuyu ni Saku, Kiseki no Sakura",,['Shounen'],One Piece Película 9: La Saga de Chopper. El Milagro del Cerezo Florecido en Invierno,,
138,"Doraemon the Future 2008, Doraemon the Movie 2008, Doraemon: Nobita to Midori no Kyojinden",映画 ドラえもん のび太と緑の巨人伝,Doraemon the Movie: Nobita and the Green Giant Legend,,,['Movie'],1,Finished Airing,"Mar 8, 2008",,,"['TV Asahi', 'Shogakukan Productions']","None found,",['Shin-Ei Animation'],Unknown,"['Adventure', 'Comedy', 'Fantasy']",,1 hr. 52 min.,PG - Children,7.53,#1834,#5981,"13,495",10,8779,"One day Nobita found a small sapling behind the hill but his mom won't allow him to plant it in the backyard. Using Doraemon's special tool, they made the tree alive so it could move around freely. Nobita name it Ki-bō and the two became like brothers. From there, a new adventure awaits...",[],Doraemon Movie 28: Nobita to Midori no Kyojin Den,,,Doraemon Película 28: Doraemon y el Reino de Kibo,,"['Kids', 'Shounen']"
139,"Chou Gekijouban Keroro Gunso 3: Keroro Tai Keroro - Tenkuu Daikessen de Arimasu!, Keroro Gunso the Super Movie 3: Keroro vs. Keroro Great Sky Duel de arimasu!",超劇場版ケロロ軍曹3 ケロロ対ケロロ 天空大決戦であります！,Keroro Movie 3,,,['Movie'],1,Finished Airing,"Mar 1, 2008",,,['Kadokawa Pictures Japan'],"None found,",['Sunrise'],['Manga'],"['Comedy', 'Sci-Fi']",,1 hr. 35 min.,PG - Children,7.39,#2388,#8581,"5,595",15,2567,"The movie begins with Fuyuki Hinata and the Keroro Platoon exploring an abandoned temple in the mountaintop city of Machu Picchu in Peru. While on the exploration, Keroro accidentally sets off a trap, and by chance they find a hidden chamber with a large blue crystal in the center, on a stand that has a key in it. Keroro leans on the key, causing the room to activate a mysterious machine, this caused the entire temple to shake. As soon as the group realized what was happening, they run out of the room. While running, Keroro accidentally loses his Kero Ball while Fuyuki catches a fleeting glimpse of a glowing young woman as he is running out, and tells Keroro that there was a girl in the room, but he is forced to leave the room before he can say anything else. The group successfully escapes, while the girl (now sprouting a pair of glowing wings) watches them leave - while back in the chamber, something is growing within the crystal... (Source: AniDB)",[],Keroro Gunsou Movie 3: Tenkuu Daikessen de Arimasu!,,['Shounen'],,,
140,"Precure Splash Star 3D Short Movie, Pretty Cure Splash Star Magic Doki 3D Theater Movie",ふたりはプリキュア Splash Star マジッ★ドキッ♥ シアター,,,,['Movie'],1,Finished Airing,"Jan 1, 2008",,,"None found,","None found,","None found,",Original,"['Action', 'Comedy']",['Mahou Shoujo'],12 min.,G - All Ages,6.27,#8439,#10788,"2,802",0,882,"A seed of hope descends from the sky, landing atop Flappy's head and sprouting between his ears. Goyaan is sent after the seed of hope and uses a seed of despair to transform an Uzaina, causing big trouble for the Precure!",[],Futari wa Precure: Splash☆Star Maji★Doki♥ Theater,,,,,
141,,菅井君と家族石 THE MOVIE,Sguy and the Family Stone the Movie,,,['Movie'],1,Finished Airing,"Feb 16, 2008",,,['Kaeruotoko Shokai'],"None found,",['DLE'],Unknown,,['Parody'],1 hr. 33 min.,None,[],#14611,#18604,375,1,,"The Japanese animation production company Animax announced that Kaeruotoko-Shokai's second theatrical Flash-animated film, Sguy and The Family Stone the Movie, will open in a limited engagement in Japan on February 16. (Source: ANN)",[],Sugai-kun to Kazoku Ishi The Movie,,,,['Comedy'],
142,,,,,,['Movie'],1,Finished Airing,"Jan 31, 2008",,,"None found,","None found,","None found,",Original,,,1 min.,PG-13 - Teens 13 or older,5.77,#11079,#20433,262,0,118,Naoki Yoshibe's graduation work.,[],Around the World!,,,,['Avant Garde'],
143,Baccano! OVA,バッカーノ!,Baccano! Specials,,Baccano!,['Special'],3,Finished Airing,"Feb 27, 2008 to May 28, 2008",,,['Aniplex'],"['Funimation', 'Aniplex of America']","[""Brain's Base""]",['Light novel'],"['Action', 'Mystery', 'Supernatural']",,28 min. per ep.,R - 17+ (violence & profanity),8.08,#552,#1392,"182,818",307,114371,"In 1929, Ladd Russo spared Graham Specter's life and earned his unwavering loyalty. Three years later, Graham is infuriated upon learning that Ladd was pushed off the train after the events aboard the Flying Pussyfoot. As a man of bizarre yet passionate philosophies, he plans to make an offering to Ladd by kidnapping Eve Genoard and subsequently capturing Jacuzzi Splot, who has been living in the Genoard mansion with his gang. Meanwhile, Jacuzzi and his gang take in an unfamiliar woman, Elmer C. Albatross pays a visit to the prison to meet an old friend, and Czeslaw Meyer runs into the man he hoped he would never see again. These seemingly separate storylines merge, tying up several loose ends and revealing the whole truth of the anomaly that occurred aboard the Advena Avis in 1711. [Written by MAL Rewrite]","['Prequel (TV) Baccano!', 'Adaptation (Manga) Baccano! 1931 The Grand Punk Railroad', 'Adaptation (Manga) Baccano!', 'Adaptation (Light Novel) Baccano!']",Baccano! Specials,"['Adult Cast', 'Historical', 'Organized Crime']",,,,
144,"Darker than Black Episode 26, DTB, Darker than Black: Kuro no Keiyakusha Special",DARKER THAN BLACK -黒の契約者- 桜の花の満開の下,Darker Than Black Episode 26: Beneath the Fully Bloomed Cherry Blossoms,Darker Than Black: Unter Voll Erblühten Kirschbäumen,,['Special'],1,Finished Airing,"Mar 26, 2008",,,"['Aniplex', 'Square Enix']",['Funimation'],['Bones'],Original,"['Comedy', 'Sci-Fi']",['Parody'],23 min.,R - 17+ (violence & profanity),7.53,#1833,#1697,"143,988",193,81224,"A side-story of Darker than Black, also called Episode 26, that takes place during the events of Kuro no Keiyakusha. The Syndicate has another job for Hei and his team. This assignment involves the sought after possessions of a dead contractor, which are believed to have been buried beneath a cherry tree. Meanwhile, Misaki Kirihara and her team plan a trip to the Cherry Blossom festival. [Written by MAL Rewrite]",[],Darker than Black: Kuro no Keiyakusha - Sakura no Hana no Mankai no Shita,,,,,
145,"NARUTO Shippu Konoha Gakuen Den Special, Konoha High","NARUTO 疾風伝「疾風! ""木ノ葉学園""伝」",Naruto Shippuden: Konoha Gakuen - Special,,,['Special'],1,Finished Airing,"Feb 6, 2008",,,['Bandai'],"None found,",['Pierrot'],['Manga'],,,8 min.,PG-13 - Teens 13 or older,7.13,#3771,#2826,"67,319",185,32805,Naruto school special. Naruto is a new cool student and when he meets Sasuke they start fighting.,[],"Naruto: Shippuuden - Shippuu! ""Konoha Gakuen"" Den","['Martial Arts', 'School']",['Shounen'],,['Action'],
146,"Tengen Toppa Gurren Lagann Episode 6, Tengen Toppa Gurren Lagann Special, TTGL Special",天元突破 グレンラガン  見てえものは見てえんだ!!,Gurren Lagann: There are Some Things I Just Have to See!!,,,['Special'],1,Finished Airing,"Feb 26, 2008",,,"None found,","None found,",['Gainax'],Original,"['Action', 'Adventure', 'Comedy', 'Sci-Fi']",['Mecha'],24 min.,PG-13 - Teens 13 or older,7.34,#2613,#3512,"45,373",34,20170,"An uncut version of episode six, involving Kamina's hopes of seeing Yoko and The Black Siblings naked, even at the risk of his friends' safety. (Source: Wikipedia)",[],Tengen Toppa Gurren Lagann: Mitee Mono wa Miteen da!!,,,,,
147,"Shakugan no Shana-tan Begins, Shakugan no Shana-tan & Yoshida: Fumina Konoe Strikes Back!, Shakugan no Shana-tan Revenge",灼眼のシャナたん,,,,['Special'],3,Finished Airing,"Jan 25, 2008 to Oct 19, 2009",,,"None found,",['Funimation'],['J.C.Staff'],Unknown,,['Parody'],6 min. per ep.,PG-13 - Teens 13 or older,7.17,#3541,#3674,"41,793",51,21131,Shana-tan specials bundled with the limited edition first and fifth volumes of the Shakugan no Shana II (Second) DVD and the limited edition Shakugan no Shana II (Second) guide book. Episodes #1: Shakugan no Shana-tan Begins #2: Shakugan no Shana-tan & Yoshida: Konoe Fumina no Gyakushuu #3: Shakugan no Shana-tan Revenge,"['Prequel (Special) Shakugan no Shana-tan', 'Sequel (Special) Shakugan no Shana-tan S']",Shakugan no Shana-tan II (Second),,,,['Comedy'],
148,Code Geass: Hangyaku no Lelouch R2 Omake Flash - Kaette Kita Baba Gekijou,コードギアス 反逆のルルーシュ おまけFLASH「帰ってきたBABA劇場」,Code Geass: Lelouch of the Rebellion R2 Extra Flash - Baba Theater Redux,,,['Special'],9,Finished Airing,"Aug 22, 2008 to Apr 24, 2009",,,['Bandai Visual'],"['Funimation', 'Bandai Entertainment']",['Sunrise'],Original,,['Parody'],1 min. per ep.,PG-13 - Teens 13 or older,5.72,#11279,#5396,"17,616",16,5900,9 flash anime specials included in the Code Geass R2 DVDs and BDs.,[],Code Geass: Hangyaku no Lelouch R2 Omake Flash,,,,['Comedy'],
149,Sayonara Zetsubou Sensei - Preface -Zetsubou Girls Collection-,さよなら絶望先生 序〜絶望少女撰集〜,,,,['Special'],1,Finished Airing,"Jan 1, 2008",,,"None found,","None found,",['Shaft'],['Manga'],,,1 hr. 1 min.,PG-13 - Teens 13 or older,7.41,#2325,#5488,"16,836",10,6413,"A special summary episode of the first season of Sayonara Zetsubou Sensei, focusing on seven of the girls: Komori Kiri, Matoi Tsunetsuki, Kobushi Abiru, Kimura Kaere, Kitsu Chiri, Sekiuchi ""Maria"" Tarou and Hitou Nami. Note: This entry also includes the 24 minute version which aired on BS11.","['Sequel (Special) Sayonara Zetsubou Sensei Jo: Zoku Zetsubou Shoujo Senshuu', '']",Sayonara Zetsubou Sensei Jo: Zetsubou Shoujo Senshuu,"['Gag Humor', 'Parody', 'School']",['Shounen'],,['Comedy'],
150,"Ookiku Furikabutte - The Basics of Basics, Oofuri, Ohkiku Furikabutte, Swing Big!",おおきく振りかぶって 基本のキホン,Big Windup! The Basics of Basics,,,['Special'],1,Finished Airing,"Feb 27, 2008",,,"None found,",['Funimation'],['A-1 Pictures'],['Manga'],"['Drama', 'Sports']",['Team Sports'],23 min.,G - All Ages,7.23,#3211,#5958,"13,626",9,7795,"In the summer before Ren Mihashi makes his high school baseball debut, another drama is playing out at Musashino High. The short-statured Naoto Kaguyama feels threatened by freshman pitcher Motoki Haruna after seeing how seriously he trains. Afraid that Haruna will take his place on the mound, Kaguyama tries to understand why such a devoted player came to their low-ranked school, and how to build their team into one more befitting of a player of Haruna's skill. [Written by MAL Rewrite]",[],Ookiku Furikabutte: Kihon no Kihon,,['Seinen'],,,
151,"Kaibutsu Oujo Special, Kaibutsu Oujo: Sleeping Princess, Princess Resurrection Special",怪物王女　第26話「昏睡王女」,Princess Comatose,,,['Special'],1,Finished Airing,"Feb 14, 2008",,,['Lantis'],['Sentai Filmworks'],['Madhouse'],['Manga'],"['Action', 'Comedy', 'Horror', 'Supernatural']",['Vampire'],23 min.,PG-13 - Teens 13 or older,6.92,#4734,#6178,"12,410",11,5697,Episode 26 included in the ninth DVD volume of Kaibutsu Oujo.,"['Prequel (TV) Kaibutsu Oujo', '']",Kaibutsu Oujo: Konsui Oujo,,['Shounen'],,,
152,True Tears Specials,true tears ミニキャラ4コマ劇場,,,,['Special'],7,Finished Airing,"Mar 25, 2008 to Sep 26, 2008",,,"['Bandai Visual', 'Lantis']","None found,",['P.A. Works'],Original,,,30 sec. per ep.,G - All Ages,6.29,#8312,#6471,"11,088",4,4816,30-second sketches/omakes based around the events of the TV series with little twists.,[],True Tears: Mini Chara 4-koma Gekijou,"['Parody', 'School']",,,['Comedy'],
153,,.hack//G.U. Trilogy,.hack//G.U. Trilogy: Parody Mode,,,['Special'],1,Finished Airing,"Mar 25, 2008",,,['Bandai Visual'],"None found,","None found,",Game,"['Comedy', 'Fantasy', 'Sci-Fi']",,6 min.,PG-13 - Teens 13 or older,6.35,#7960,#6493,"10,998",10,4292,A special bonus Parody Mode added to the extras of the .hack//G.U. Trilogy (Source: AniDB),[],.hack//G.U. Trilogy: Parody Mode,"['Parody', 'Video Game']",,,,
154,Friagne and Marianne's Why What Shana! Ask Anything Question Box,フリアグネ&マリアンヌのなぜなにシャナ!なんでも質問箱!,,,,['Special'],8,Finished Airing,"Jan 25, 2008 to Aug 29, 2008",,,"None found,",['Funimation'],['J.C.Staff'],['Light novel'],"['Comedy', 'Fantasy']",['Urban Fantasy'],4 min. per ep.,PG-13 - Teens 13 or older,6.37,#7849,#7383,"8,039",1,2337,A series of short specials where Friagne and Marianne explain different terms from the second season of Shakugan no Shana.,"['Prequel (Special) Shakugan no Shana: Friagne & Marianne no Naze Nani Shana! Nandemo Shitsumonbako!', '']",Shakugan no Shana: Friagne & Marianne no Naze Nani Shana! Nandemo Shitsumonbako! 2,,,,,
155,"Kyou no Go no Ni Special, Kyou no Go no Ni Tokuten, Kyou no Go no Ni Special Class: Water Splash, Kyou no Go no Ni Extra lesson: Water Splash, Today in Class 5-2 Special",今日の５の２課外授業:ミズカケ,,,,['Special'],1,Finished Airing,"Jan 30, 2008",,,"None found,","None found,",['Lyrics'],['Manga'],"['Comedy', 'Ecchi']",['School'],5 min.,PG-13 - Teens 13 or older,6.85,#5067,#7899,"6,798",1,3079,"A short 5-minute special included in the ""「Kyou no Go no Ni」 Collectable BOX"" Limited Edition DVD released on January 30, 2008.",[],Kyou no 5 no 2 Kagai Jugyou: Mizukake,,['Seinen'],,,
156,,もえたん,Moetan,,,['Special'],2,Finished Airing,"Dec 21, 2007 to Mar 25, 2008",,,"None found,","None found,",['Actas'],Other,"['Comedy', 'Ecchi']",,26 min. per ep.,R+ - Mild Nudity,6.46,#7313,#8281,"6,048",1,2824,"Moetan DVD-only episodes. #6: ""The First Date"" #13: ""The Supreme Ruler at the End of the Century! The Magical Girls' Combined Attack""","['Adaptation (Manga) Moetan', '']",Moetan Specials,"['Mahou Shoujo', 'School']",,,,
157,,豆しば,,,,['Special'],24,Finished Airing,"Mar 1, 2008 to 2013",,,['Dentsu'],"None found,","None found,",Original,,,30 sec. per ep.,G - All Ages,6.97,#4498,#8483,"5,747",22,2862,"In these short animated clips, little dog-faced talking beans appear in people's food and inform them about different facts.","['Sequel (ONA) Mameshiba 2nd Season', '']",Mameshiba,,,,['Comedy'],
158,"Genshiken 2 Special, Ramen Tenshi Pretty Menma Picture Drama, Ramen Angel Pretty Menma, The Two Ramen Angels - Delivery Edition",ラーメン天使プリティメンマ,Genshiken 2: Menma Special,,,['Special'],1,Finished Airing,"Jan 25, 2008",,,"None found,",['Media Blasters'],['Arms'],['Manga'],,['Parody'],20 min.,PG-13 - Teens 13 or older,4.51,#13650,#8964,"4,964",3,1821,"The plot revolves around Kaoru Torigara, only son of a ramen shop owner, who is going to renovate his inherited ramen shop. He discovers that his shop has a guardian angel named Pretty Menma. Pretty Menma tells Kaoru that his dead father's intention is making him succeed in the ""Food King Wars"", a battle of restaurants around the world that is held every 4 years. Kaoru and Menma must help each other to go through the struggles of the ""Food King Wars"". (Source: Wikipedia)","['Adaptation (Manga) Ramen Tenshi Pretty Menma', '']",Ramen Tenshi Pretty Menma,,,,['Comedy'],
159,Shigofumi ~Stories of Last Letter~ Picture Drama,シゴフミ,,,,['Special'],7,Finished Airing,"Mar 25, 2008 to Sep 26, 2008",,,"['Bandai Visual', 'Genco', 'Lantis', 'Rakuonsha']","None found,",['J.C.Staff'],Original,,,5 min. per ep.,PG-13 - Teens 13 or older,6.45,#7416,#9268,"4,494",2,1538,Side stories released exclusively on DVD.,[],Shigofumi Picture Drama,,,,['Comedy'],
160,"Terra e... (2007), Chikyuu e, Towards the Terra... Pilot, Towards the Terra... Epilogue",地球へ...,Toward the Terra (TV) Specials,,,['Special'],3,Finished Airing,2007 to 2008,,,"None found,","None found,",['Minami Machi Bugyousho'],['Manga'],"['Action', 'Drama', 'Sci-Fi']",,3 min. per ep.,PG-13 - Teens 13 or older,6.66,#6157,#10548,"3,005",1,1035,"Episode list: 1: Episode 00 - Pilot Movie 2: TYPE BLUE -the ORIGIN- 3: Epilogue Music video Coming Home to Terra isn't included in the entry as it doesn't contain any new scenes. Recap episode, also known as episode 6.5, is actually a fan-made picture drama; thus, it's also not included.","['Adaptation (Manga) Terra e...', '']",Terra e... (TV) Specials,"['Military', 'Space', 'Super Power']",['Shounen'],,,
161,,スケッチブック ～full color's～ピクチャードラマ,,,,['Special'],6,Finished Airing,"Jan 25, 2008 to Jun 25, 2008",,,"['Media Factory', 'Shochiku', 'AT-X', 'TYO', 'Mag Garden']","None found,",['HAL Film Maker'],['4-koma manga'],,,7 min. per ep.,G - All Ages,6.44,#7431,#10723,"2,850",3,922,Short specials from the DVDs.,[],Sketchbook: Full Color's Picture Drama,"['CGDCT', 'Iyashikei', 'Visual Arts']",,,['Slice of Life'],
162,Mokke - Toorikaze,もっけ,Mokke Special Episodes,,,['Special'],2,Finished Airing,"Jan 25, 2008 to May 23, 2008",,,['Kodansha'],"None found,",['Madhouse'],['Manga'],"['Mystery', 'Slice of Life', 'Supernatural']",['Iyashikei'],23 min. per ep.,PG - Children,6.81,#5291,#11209,"2,466",0,940,Mokke Special Episodes: 1. Toorikaze (Passing Wind) 2. Mitsua Shigaeru,[],Mokke Specials,,['Seinen'],,,
163,,武者ケロ　お披露目！戦国ラン星大バトル！！,,,,['Special'],1,Finished Airing,"Mar 1, 2008",,,['Kadokawa Pictures Japan'],"None found,",['Sunrise'],['Manga'],"['Action', 'Comedy']",,14 min.,PG - Children,6.52,#6914,#12627,"1,585",2,495,"This was the 14-minute movie that was screened in theaters with Keroro Gunsou Movie 3. It became the prequel to the Mushakero in season 5 of the main Keroro Gunsou anime series. It takes place in Ranstar where the Keroro platoon are up against the Vipers. The whole setting of Ranstar is based on the Sengoku Era of Japan, and all characters are dressed in that fashion.",[],Keroro Gunsou: Mushakero Ohirome Sengoku Ranstar Dai Battle,"['Mecha', 'Parody', 'Samurai']",['Shounen'],,,
164,Doraemon Crayon Shin-chan Haru da! Eiga da! 3-Jikan Anime Matsuri 2,ドラえもん (2005) Specials,,,,['TV Special'],Unknown,Currently Airing,"Apr 15, 2005 to ?",,,"None found,","None found,",['Shin-Ei Animation'],Unknown,,,45 min.,PG - Children,6.79,#5403,#12792,"1,503",5,469,"59 Doraemon (2005) TV Specials exist as of January 24, 2018.",[],Doraemon (2005) Specials,,['Seinen'],,['Comedy'],
165,Koutetsu Sangokushi Episode 26,鋼鉄三国志,,,,['Special'],1,Finished Airing,"Mar 26, 2008",,,['Nihon Ad Systems'],"None found,",['Picture Magic'],Unknown,,['Historical'],23 min.,PG-13 - Teens 13 or older,6.31,#8186,#13998,"1,076",0,288,"Koutetsu Sangokushi DVD Special, also known as episode 26.","['Prequel (TV) Koutetsu Sangokushi', '']",Koutetsu Sangokushi Special,,,,['Adventure'],
166,"Zoku Sayonara Zetsubou Sensei Specials, Zoku Sayonara Zetsubou Sensei: Zetsubou Sensei Weekly Review",俗・さよなら絶望先生「週刊絶望先生批評」,,,,['Special'],4,Finished Airing,"Mar 26, 2008 to Jun 25, 2008",,,"None found,","None found,",['Shaft'],['Manga'],,,1 min. per ep.,PG-13 - Teens 13 or older,6.18,#8968,#15828,654,0,156,Specials included in the Zoku Sayonara Zetsubou Sensei DVD volumes.,[],Zoku Sayonara Zetsubou Sensei: Shuukan Zetsubou Sensei Hihyou,,,,['Comedy'],
167,"Duel Masters Zero Recap, Duel Masters Zero ep 25, Duel Masters Zero: Final Story - A Soul-Summoning Special!",デュエル・マスターズ ゼロ 特別篇 魂召喚スペシャル！,,,,['TV Special'],1,Finished Airing,"Mar 29, 2008",,,"None found,","None found,","None found,",Original,,['Strategy Game'],10 min.,G - All Ages,[],#17835,#17850,432,0,,"The 25th episode of Duel Masters Zero, it acted as a side-story recap episode going over the season's hottest duels.",[],Duel Masters Zero: Tokubetsu-hen - Tamashii Shoukan Special!,,['Kids'],,,
168,Yukikaze Experimental Project,戦闘妖精雪風 EXPERIMENTAL MOVIE,,,,['Special'],1,Finished Airing,"Jan 25, 2008",,,['Gonzo'],"None found,","None found,",Novel,"['Action', 'Sci-Fi']",['Military'],5 min.,PG-13 - Teens 13 or older,[],#14005,#19894,292,0,,A short film included with the Yukikaze Blu-ray box set and has new scenes animated in HD set after the final episode of the main OVA series.,[],Sentou Yousei Yukikaze: Experimental Movie,,,,,
169,Shiritori Kingdom,しりとり王国,,,,['TV Special'],3,Finished Airing,"Feb 18, 2008 to Nov 17, 2008",,,['NHK'],"None found,","None found,",Unknown,,,5 min. per ep.,G - All Ages,[],#14291,#19980,287,0,,Stop-motion animation about forest animals lives told through shiritori.,[],Shiritori Oukoku,,['Kids'],,,
170,,いいからいいから,,,,['TV Special'],2,Finished Airing,"Feb 26, 2008 to Feb 27, 2008",,,['NHK'],"None found,","None found,",Original,,,5 min. per ep.,G - All Ages,[],#18847,#26271,78,0,,No synopsis information has been added to this title. Help improve our database by adding a synopsis here.,[],Iikara Iikara,,['Kids'],,['Supernatural'],
