,Japanese,English,Type,Episodes,Status,Aired,Premiered,Broadcast,Producers,Licensors,Studios,Source,Genres,Theme,Duration,Rating,Score,Ranked,Popularity,Members,Favorites,Scorers,Synopsis,Related_Entries,Title,Synonyms,Demographic,Themes,German,Spanish,French,Genre,Demographics
0,Angel Beats!（エンジェルビーツ!）,Angel Beats!,['TV'],13,Finished Airing,"Apr 3, 2010 to Jun 26, 2010",['Spring 2010'],Saturdays at 02:00 (JST),"['Aniplex', 'Dentsu', 'Mainichi Broadcasting System', 'CBC Television', 'Movic', 'Visual Arts', 'ASCII Media Works']","['Sentai Filmworks', 'Aniplex of America']",['P.A. Works'],Original,"['Drama', 'Fantasy']",['School'],26 min. per ep.,PG-13 - Teens 13 or older,8.05,#607,#31,"2,131,941","49,317",1312285,"Death is one of many mysteries that has left humanity in the dark since the dawn of time. However, the burning question of what happens to the soul after one dies is soon answered to 17-year-old Yuzuru Otonashi. Waking up with no previous memories in a dimension between life and death, he discovers the unsettling truth of the afterlife. Taking the form of a high school, this bizarre dimension is designated to shelter those who died unwanted deaths. Feeling wronged by God during their earthly lives, the school's residents have decided to form the Afterlife Battlefront—a rebellious faction determined to oppose their god-like student council president, Kanade ""Angel"" Tachibana. The group's leader, Yuri Nakamura, recruits Otonashi in their fight against Angel in order to take control of their own lives. However, questioning the morality behind their actions, Otonashi takes a step behind the enemy lines to understand the opposing side of their common fate. [Written by MAL Rewrite]","['Adaptation (Light Novel) Angel Beats!: Track Zero', 'Adaptation (Manga) Angel Beats! The 4-koma: Bokura no Sensen Koushinkyoku♪', 'Adaptation (Manga) Angel Beats!: The Last Operation', '']",Angel Beats!,,,,,,,,
1,会長はメイド様!,Maid Sama!,['TV'],26,Finished Airing,"Apr 2, 2010 to Sep 24, 2010",['Spring 2010'],Fridays at 01:55 (JST),"['Geneon Universal Entertainment', 'TBS', 'Hakusensha', 'Half H.P Studio']",['Sentai Filmworks'],['J.C.Staff'],['Manga'],"['Comedy', 'Romance']",['School'],24 min. per ep.,PG-13 - Teens 13 or older,7.99,#676,#108,"1,290,966","23,263",751366,"Misaki Ayuzawa is a unique phenomenon within Seika High School. In a predominantly male institution, she became the first-ever female student council president through her honesty and diligence. Ever since Misaki got promoted to the position, she has been working tirelessly to ensure a better school life for all girls. Despite that, Misaki is very strict with the boys, which has earned her the title ""Demon President."" One day, after hearing a girl cry in the hallway, Misaki encounters Takumi Usui—the most popular boy in the school—as he rejects a love confession. Enraged at what she is seeing, Misaki reprimands him for making the girl cry. However, Usui is indifferent and brushes it off as nothing. Unexpectedly, Misaki soon runs into Usui again, but this time when she is working at a maid cafe! Embarrassed that someone has found out about her secret occupation, Misaki promises herself not to let Usui destroy her reputation. However, the mysterious boy now begins to visit the same cafe regularly to observe and tease Misaki. When push comes to shove, will Usui still be able to keep the president's secret? [Written by MAL Rewrite]","['Adaptation (Manga) Kaichou wa Maid-sama!', '']",Kaichou wa Maid-sama!,Class President is a Maid!,['Shoujo'],,,,,,
2,けいおん!!,K-ON! Season 2,['TV'],26,Finished Airing,"Apr 7, 2010 to Sep 29, 2010",['Spring 2010'],Wednesdays at 01:25 (JST),"['Pony Canyon', 'TBS', 'Movic', 'Rakuonsha', 'Animation Do']",['Sentai Filmworks'],['Kyoto Animation'],['4-koma manga'],"['Award Winning', 'Comedy']",,24 min. per ep.,PG-13 - Teens 13 or older,8.18,#426,#294,"721,595","14,872",398319,"It is the new year, which means that the senior members of the Light Music Club are now third-years, with Azusa Nakano being the only second-year. The seniors soon realize that Azusa will be the only member left once they graduate and decide to recruit new members. Despite trying many methods of attracting underclassmen—handing out fliers, bringing people into the clubroom, and performing at the welcoming ceremony—there are no signs of anyone that plans to join. While heading to the clubroom, Azusa overhears Yui Hirasawa say that the club is fine with only five people and that they can do many fun things together. Changing her mind, she decides that they do not need to recruit any members for the time being. K-On!! revolves around the members of the Light Music Club as they experience their daily high school life. From rehearsing for concerts to just messing around, they are ready to make their last year together an exciting one! [Written by MAL Rewrite]","['Prequel (TV) K-On!', 'Adaptation (Manga) K-On!']",K-On!!,"Keion 2, K-On!! 2nd Season",,"['CGDCT', 'Music', 'School']",,,,,
3,キスシス,,['TV'],12,Finished Airing,"Apr 5, 2010 to Jun 21, 2010",['Spring 2010'],Mondays at 23:30 (JST),"['Starchild Records', 'GANSIS']",['Discotek Media'],['feel.'],['Manga'],"['Comedy', 'Romance', 'Ecchi']",,24 min. per ep.,PG-13 - Teens 13 or older,6.57,#6643,#393,"589,249","1,806",345482,"After Keita Suminoe's mother passed away, his father promptly remarried, introducing two step-sisters into Keita's life: twins Ako and Riko. But since their fateful first encounter, a surge of incestuous love for their younger brother overcame the girls, beginning a lifelong feud for his heart. Now at the end of his middle school career, Keita studies fervently to be able to attend Ako and Riko's high school. While doing so however, he must resolve his conflicting feelings for his siblings and either reject or succumb to his sisters' intimate advances. Fortunately—or perhaps unfortunately for Keita—his sisters aren't the only women lusting after him, and there's no telling when the allure of temptation will get the better of the boy as well. [Written by MAL Rewrite]","['Adaptation (Manga) Kiss x Sis', '']",Kiss x Sis (TV),"Kiss x Sis (2010), Kissxsis",['Seinen'],"['Harem', 'School']",,,,,
4,いちばんうしろの大魔王,Demon King Daimao,['TV'],12,Finished Airing,"Apr 3, 2010 to Jun 19, 2010",['Spring 2010'],Unknown,"['Marvelous Entertainment', 'Hobby Japan', 'Delfi Sound']",['Sentai Filmworks'],['Artland'],['Light novel'],"['Action', 'Comedy', 'Fantasy', 'Romance', 'Ecchi']",,23 min. per ep.,R+ - Mild Nudity,6.71,#5843,#434,"546,008","1,297",310192,"Dreaming of changing the world for good, Akuto Sai transfers to Constant Magic Academy where he befriends a virtuous ninja clan member, Junko Hattori. On the way to the academy, they vow to make the world a better place together; however, the situation suddenly takes a turn for the worse upon his arrival—it is prophesied that he will become the Demon King! As word of his destiny spreads, the school begins to fear him, and Junko's trust in him falters. While Akuto is determined to not let his predicted future control his fate, it seems as though everything he says and does only serve to reinforce the fact that he is destined to be the Demon King. Moreover, he is surrounded by a harem of beautiful girls who each have their own plans for him, ranging from bringing him to justice to simply showering him with love. With his newly awakened powers, Akuto must cope with his constantly growing list of misfortunes and fight to prove that his fate is not set in stone. [Written by MAL Rewrite]","['Adaptation (Manga) Ichiban Ushiro no Daimaou', 'Adaptation (Light Novel) Ichiban Ushiro no Daimaou']",Ichiban Ushiro no Daimaou,Ichiban Ushiro no Dai Mao,,"['Harem', 'School']",Demon King Daimao,Demon King Daimao,Demon King Daimao,,
5,四畳半神話大系,The Tatami Galaxy,['TV'],11,Finished Airing,"Apr 23, 2010 to Jul 2, 2010",['Spring 2010'],Fridays at 00:45 (JST),"['Dentsu', 'Kadokawa Shoten', 'Fuji TV', 'TOHO', 'Asmik Ace', 'Tohokushinsha Film Corporation', 'Sony Music Entertainment', 'Fujipacific Music']",['Funimation'],['Madhouse'],Novel,"['Award Winning', 'Comedy', 'Mystery', 'Romance', 'Suspense']",,22 min. per ep.,R - 17+ (violence & profanity),8.55,#120,#512,"470,117","18,691",150365,"One autumn evening at a mysterious ramen stand behind the Shimogamo Shrine, a lonely third-year college student bumps into a man with an eggplant-shaped head who calls himself a god of matrimony. Meeting this man causes the student to reflect upon his past two years at college—two years bitterly spent trying to break up couples on campus with his only friend Ozu, a ghoulish-looking man seemingly set on making his life as miserable as possible. Resolving to make the most out of the rest of his college life, the student attempts to ask out the unsociable but kind-hearted underclassman Akashi, yet fails to follow through, prompting him to regret not living out his college life differently. As soon as this thought passes through his head, however, he is hurtled through time and space to the beginning of his years at college and given another chance to live his life. Surreal, artistic, and mind-bending, Yojouhan Shinwa Taikei chronicles the misadventures of a young man on a journey to make friends, find love, and experience the rose-colored campus life he always dreamed of. [Written by MAL Rewrite]","['Sequel (ONA) Yojouhan Time Machine Blues', 'Adaptation (Novel) Yojouhan Shinwa Taikei']",Yojouhan Shinwa Taikei,"Yojo-Han Shinwa Taikei, Yojou-Han Shinwa Taikei, Yojohan Shinwa Taikei",,"['Adult Cast', 'Psychological', 'Time Travel']",Tatami Galaxy,The Tatami Galaxy,The Tatami Galaxy,,
6,ワーキング!!,Wagnaria!!,['TV'],13,Finished Airing,"Apr 4, 2010 to Jun 27, 2010",['Spring 2010'],Unknown,"['Aniplex', 'Rakuonsha']","['NIS America, Inc.']",['A-1 Pictures'],['4-koma manga'],,,24 min. per ep.,PG-13 - Teens 13 or older,7.64,#1443,#549,"443,693","2,515",210130,"Due to his love for small, cute things, Souta Takanashi cannot turn childlike Popura Taneshima down when she recruits him to work for Wagnaria, a family restaurant located in Hokkaido. Takanashi takes particular joy in doting on the older Popura, which only fuels her complex over how young she looks. He also quickly learns he must stay on his toes once he meets the rest of his colleagues, including the katana-wielding floor chief Yachiyo Todoroki, the intimidating head chef Jun Satou, the dangerously well-informed and subtly sadistic sous chef Hiroomi Souma, the adamantly lazy manager Kyouko Shirafuji, and the waitress Mahiru Inami who has a ""painful"" fear of men. Powered by an eccentric cast, Working!! is a unique workplace comedy that follows the never-dull happenings within the walls of Wagnaria as Takanashi and his co-workers' quirky personalities combine to create non-stop antics, shenanigans, and hilarity. [Written by MAL Rewrite]","[""Sequel (TV) Working'!!"", 'Adaptation (Manga) Working!!']",Working!!,Working!!,['Seinen'],"['Love Status Quo', 'Workplace']",Wagnaria!!,,Wagnaria!!,['Comedy'],
7,RAINBOW 二舎六房の七人,Rainbow,['TV'],26,Finished Airing,"Apr 7, 2010 to Sep 29, 2010",['Spring 2010'],Wednesdays at 00:59 (JST),"['VAP', 'Nippon Television Network']","['Funimation', 'Discotek Media']",['Madhouse'],['Manga'],"['Drama', 'Suspense']",,22 min. per ep.,R - 17+ (violence & profanity),8.46,#166,#608,"409,214","8,516",161963,"Japan, 1955: Mario Minakami has just arrived at Shounan Special Reform School along with five other teenagers who have been arrested on serious criminal charges. All assigned to the same cell, they meet older inmate Rokurouta Sakuragi—a former boxer—with whom they establish a close bond. Under his guidance, and with the promise that they will meet again on the outside after serving their sentences, the delinquents begin to view their hopeless situation in a better light. The seven cellmates struggle together against the brutal suffering and humiliation inflicted upon them by Ishihara, a sadistic guard with a grudge on Rokurouta, and Gisuke Sasaki, a doctor who takes pleasure in violating boys. Facing such hellish conditions, the seven inmates must scrape together all the strength they have to survive until their sentences are up; but even if they do, just what kind of lives are waiting for them on the other side? [Written by MAL Rewrite]","['Adaptation (Manga) Rainbow: Nisha Rokubou no Shichinin', '']",Rainbow: Nisha Rokubou no Shichinin,Rainbow: Criminal Seven of Compound Two Cell Six,['Seinen'],"['Delinquents', 'Historical']",,,,,
8,B型H系,Yamada's First Time: B Gata H Kei,['TV'],12,Finished Airing,"Apr 2, 2010 to Jun 18, 2010",['Spring 2010'],Fridays at 01:00 (JST),"['Dentsu', 'AT-X', 'DAX Production', 'TYO Animations', 'Happinet Pictures', 'BIGLOBE', 'Shueisha', 'AG-ONE', 'RAY']",['Funimation'],['HAL Film Maker'],['4-koma manga'],"['Comedy', 'Romance', 'Ecchi']",['School'],24 min. per ep.,R+ - Mild Nudity,6.83,#5174,#619,"400,493","1,593",224018,"Most people, including the girl herself, would say that first year high school student Yamada is beautiful and perfect. Despite this, she is working towards a peculiar goal: to have sex with one hundred men by the end of high school. Trying to put some sense into her head, Yamada's best friend, Miharu Takeshita, points out a major flaw in that plan—she is completely inexperienced with men. However, the reason behind this is that Yamada thinks her lady parts look strange and believes others will judge her for it. As a result, Yamada decides that her first time must be with a fellow virgin, since they will not hurt or scare her. After a fateful encounter, she sets her sights on the shy and average Takashi Kosuda, an aspiring photographer with a heart of gold. With contending rivals for his affection and her own raging hormones, Yamada must find ways to seduce Kosuda and take his cherry. However, as she gets closer to Kosuda, she finds herself increasingly enjoying their time spent together. [Written by MAL Rewrite]","['Adaptation (Manga) B-gata H-kei', '']",B-gata H-kei,,['Seinen'],,B Gata H Kei,Yamada's First Time: B Gata H Kei,Yamada's First Time: B Gata H Kei,,
9,荒川アンダー ザ ブリッジ,Arakawa Under the Bridge,['TV'],13,Finished Airing,"Apr 5, 2010 to Jun 28, 2010",['Spring 2010'],Mondays at 01:35 (JST),"['Square Enix', 'Starchild Records', 'Rakuonsha']","['NIS America, Inc.']",['Shaft'],['Manga'],"['Comedy', 'Romance']",,24 min. per ep.,PG-13 - Teens 13 or older,7.56,#1704,#691,"363,830","2,437",157217,"Kou Ichinomiya is the son of a wealthy businessman who holds a firm belief in his elite status. As such, he is determined to avoid becoming indebted to anyone; but one day, after a run-in with some mischievous kids on Arakawa Bridge, he ends up falling into the river running underneath. Luckily for him, a passerby is there to save him—but now, he owes his life to this stranger! Angered by this, Kou insists on paying her back, but this may just be the worst deal the arrogant businessman has ever made. The stranger—a stoic, tracksuit-wearing homeless girl known only as Nino—lives in a cardboard box under the bridge and wants only one thing: to fall in love. Asking Kou to be her boyfriend, he has no choice but to accept, forcing him to move out of his comfortable home and start a new life under the bridge! [Written by MAL Rewrite]","['Sequel (TV) Arakawa Under the Bridge x Bridge', 'Adaptation (Manga) Arakawa Under the Bridge']",Arakawa Under the Bridge,,['Seinen'],,,,,,
10,薄桜鬼,Hakuoki ~Demon of the Fleeting Blossom~,['TV'],12,Finished Airing,"Apr 4, 2010 to Jun 20, 2010",['Spring 2010'],Unknown,"None found,",['Sentai Filmworks'],['Studio Deen'],Visual novel,"['Action', 'Drama', 'Supernatural']",,23 min. per ep.,R - 17+ (violence & profanity),7.35,#2574,#1459,"173,052","1,910",71228,"In 1864 Japan, a young woman named Chizuru Yukimura is searching for her missing father, Koudou, a doctor by trade whose work often takes him far from home. But with no word from him in months, Chizuru disguises herself as a man and heads to Kyoto in search of him. Attracting the attention of ronin, she tries to hide and ends up witnessing a horrifying sight: the ronin being brutally murdered by crazed white-haired men. In a startling turn of events, members of the Shinsengumi arrive to dispatch the creatures. But Chizuru's safety doesn't last long, as this group of men tie her up and take her back to their headquarters, unsure of whether to let her live or silence her permanently. However, once she reveals the name of her father, the Shinsengumi decide to keep her safe, as they too have been searching for him. But Koudou is more connected to the Shinsengumi than they let on, and soon Chizuru finds herself embroiled in a conflict between the Shinsengumi and their enemies, as well as political tension in Kyoto. [Written by MAL Rewrite]","['Prequel (TV) Hakuouki: Reimeiroku', 'Sequel (TV) Hakuouki: Hekketsuroku', 'Adaptation (Manga) Hakuouki Junrenka', 'Adaptation (Manga) Hakuouki']",Hakuouki,"Hakuoki,Hakuouki: Shinsengumi Kitan",['Josei'],"['Historical', 'Samurai']",,Hakuoki: Demon of the Fleeting Blossom,,,
11,迷い猫オーバーラン!,Stray Cats Overrun!,['TV'],13,Finished Airing,"Apr 6, 2010 to Jun 29, 2010",['Spring 2010'],Tuesdays at 23:00 (JST),"['Geneon Universal Entertainment', 'Frontier Works', 'KlockWorx']","None found,",['AIC'],['Light novel'],"['Comedy', 'Romance']",['Harem'],24 min. per ep.,PG-13 - Teens 13 or older,6.64,#6220,#1705,"143,084",209,61113,"Takumi Tsuzuki is a high school student who attends the Umenomori Private Academy, free of charge, alongside Fumino Serizawa, a childhood friend of his whom always says the opposite of what she feels. He spends most of his time at school fending off Chise Umenomori, the granddaughter of the board chairman and a pampered princess, who is constantly roping him into her eccentric hobbies. After school, he goes to work at the ""Stray Cats"" confectionery, a cake shop run by his adoptive older sister, Otome Tsuzuki, until it's time to go to bed. This is the average routine in the day and the life of Takumi. Mayoi Neko Overrun follows another seemingly average day in the life of Takumi. With his sister away from the shop, having gone to save someone else in need of help, Fumino takes it upon herself to wake him up so that he won't be late for their usual walk to school together, giving him a glimpse of her blue and white striped panties in the process. What a nice way to start the day. When Otome returns home, she brings with her a girl named Nozomi Kiriya, whose hair and mannerisms resemble that of a large cat. It turns out that she is a runaway that Otome can't help but take in. Takumi's ordinary days are transformed into splendid chaos as he tries to unravel who this mysterious beauty is and what she's running away from...","['Adaptation (Manga) Mayoi Neko Overrun!', 'Adaptation (Light Novel) Mayoi Neko Overrun!']",Mayoi Neko Overrun!,,,,,,,,
12,裏切りは僕の名前を知っている,The Betrayal Knows My Name,['TV'],24,Finished Airing,"Apr 12, 2010 to Sep 20, 2010",['Spring 2010'],Mondays at 00:00 (JST),"['Kadokawa Shoten', 'flying DOG']",['Funimation'],['J.C.Staff'],['Manga'],"['Adventure', 'Boys Love', 'Drama', 'Supernatural']",,23 min. per ep.,R - 17+ (violence & profanity),7.19,#3398,#2162,"104,356","1,003",39173,"Growing up as an orphan, Yuki Sakurai questions his reason for living and ability to see a person's painful memory by simply touching them. After receiving anonymous notes telling him to die, Yuki is unable to shake off the nagging feeling forming inside of him. Unbeknownst to him, he is being watched, both by people who want to harm him and those who want to protect him. One foggy night, Yuki's life is saved by a beautiful man with silver eyes and jet black hair—a man he has never met before yet seems familiar. With the arrival of this mysterious stranger, Yuki's forgotten past has been awakened and the purpose of his existence has appeared before him. Uragiri wa Boku no Namae wo Shitteiru tells the story of a teenage boy as he discovers who he is and where he comes from—all while making friends, experiencing betrayal, and slowly piecing together the puzzle of his past. [Written by MAL Rewrite]","['Adaptation (Manga) Uragiri wa Boku no Namae wo Shitteiru', '']",Uragiri wa Boku no Namae wo Shitteiru,Uraboku,['Shoujo'],"['Mythology', 'Reincarnation']",The Betrayal Knows My Name,,The Betrayal Knows My Name,,
13,さらい屋 五葉,House of Five Leaves,['TV'],12,Finished Airing,"Apr 16, 2010 to Jul 2, 2010",['Spring 2010'],Fridays at 01:15 (JST),"['Dentsu', 'Media Factory', 'Movic', 'Fuji TV', 'Shogakukan']","['NIS America, Inc.']",['Manglobe'],['Manga'],,,22 min. per ep.,PG-13 - Teens 13 or older,7.75,#1156,#2277,"96,587",860,28757,"Masanosuke ""Masa"" Akitsu is a wandering ronin adrift in Japan's peaceful Edo period. Despite being a skilled swordsman, Masa's meek personality has netted him the label ""unreliable,"" and he is often abruptly dismissed by his employers, leading him to question his resolve as a samurai. As Masa reaches his lowest point, he is approached by Yaichi, a carefree man draped in pink who seemingly hires him on a whim as his bodyguard. Unbeknownst to Masa, the job is not as innocent as it seems, and he is drawn into the illicit activities of the group spearheaded by Yaichi. As he becomes further entwined with the gang known as the Five Leaves, Masa struggles with his own principles. Still, his curiosity spurs him forward to uncover the past and motivations of this mysterious band of outlaws. [Written by MAL Rewrite]","['Adaptation (Manga) Saraiya Goyou', '']",Saraiya Goyou,Sarai-ya Goyou,['Seinen'],"['Adult Cast', 'Historical', 'Samurai']",House of Five Leaves,House of Five Leaves,House of Five Leaves,['Drama'],
14,ジャイアントキリング,Giant Killing,['TV'],26,Finished Airing,"Apr 4, 2010 to Sep 26, 2010",['Spring 2010'],Sundays at 09:25 (JST),['NHK'],"None found,",['Studio Deen'],['Manga'],"['Drama', 'Sports']",['Team Sports'],24 min. per ep.,PG-13 - Teens 13 or older,7.53,#1839,#2700,"73,107",375,36488,"East Tokyo United (ETU) has been struggling in Japan's top soccer league for the past few years. It has taken everything they have just to avoid relegation. To make matters even worse, the team has lost five matches in a row, leading to abysmal team morale. Even the fans are beginning to abandon them, and rumors hint that the home ground municipality is going to withdraw their support. With countless coaches fired and poor financial choices in hiring players, it is a downward spiral for ETU. The board of directors, under pressure from general manager Kousei Gotou, takes a gamble and hires a new coach—the slightly eccentric Takeshi Tatsumi. Though considered a great soccer player when he was younger, Tatsumi abandoned ETU years ago. However, since then, he has proven himself successful as the manager of one of England's lower division amateur teams. Tatsumi's task won't be easy; ETU fans call him a traitor, and the team is pitted against others with larger budgets and better players. Yet even the underdog can take down a goliath, and Tatsumi claims he is an expert at giant killing. [Written by MAL Rewrite]","['Adaptation (Manga) Giant Killing', '']",Giant Killing,,['Seinen'],,,,,,
15,爆丸バトルブローラーズ  New Vestroia,Bakugan: New Vestroia,['TV'],52,Finished Airing,"Mar 2, 2010 to Mar 5, 2011",['Spring 2010'],Unknown,['Nelvana'],"None found,",['TMS Entertainment'],Original,"['Adventure', 'Fantasy']",['Strategy Game'],24 min. per ep.,PG - Children,6.57,#6622,#2774,"69,713",212,43420,"After the final downfall of the rogue Bakugan Naga, peace was brought back to Vestroia. With the help of Danma Kuusou, his companion Pyrus Dragonoid, and other Battle Brawlers, the Infinity and Silent Cores were combined and the realm was recreated. However, New Vestroia will not be given any respite as humanoid alien invaders, the Vestals, arrive and conquer the Bakugan world in one fell swoop. Armed with a fearsome machine capable of restricting Bakugan into their ball forms, they aim to enslave the race as a form of entertainment. Now, the only force standing in their way is the Bakugan Battle Brawlers Resistance—a group of humans, Bakugan, and Vestals who oppose the idea of annihilating a sentient race. Led by Danma, they must venture into enemy-occupied New Vestroia and repel the invaders, to assure the survival of the entire world. [Written by MAL Rewrite]","['Prequel (TV) Bakugan Battle Brawlers', 'Sequel (TV) Bakugan Battle Brawlers: Gundalian Invaders']",Bakugan Battle Brawlers: New Vestroia,,,,,,,,
16,メジャー 第6シリーズ,,['TV'],25,Finished Airing,"Apr 3, 2010 to Sep 25, 2010",['Spring 2010'],Saturdays at 18:00 (JST),"['Shogakukan-Shueisha Productions', 'NHK', 'NHK Enterprises']","None found,",['SynergySP'],['Manga'],,['Team Sports'],24 min. per ep.,PG-13 - Teens 13 or older,8.31,#271,#2896,"64,777",473,37938,"The intense Baseball World Cup has reached its conclusion. Gorou Honda has regained his passion for baseball and is once again back in full gear. He has secured a team position with the Hornets and has travelled back to America to prepare for his spectacular debut as a Major League pitcher. However, Gorou encounters a sudden series of unexpected issues and devastating events follow, crushing his motivation and potentially reducing the baseball career that he has worked tirelessly to maintain into crumbs. In the final season of Major, Gorou must yet again overcome immense hardship in order to save his baseball career. This time there is no simple solution, as the problem is deeply rooted within his own mind... [Written by MAL Rewrite]","['Prequel (TV) Major S5', 'Sequel (OVA) Major: World Series', 'Adaptation (Manga) Major', '']",Major S6,Major 6th Season,['Shounen'],,,,,['Sports'],
17,メタルファイト ベイブレード～爆～,Beyblade: Metal Masters,['TV'],51,Finished Airing,"Apr 4, 2010 to Mar 27, 2011",['Spring 2010'],Unknown,"['TV Tokyo', 'd-rights']",['Nelvana'],['SynergySP'],['Manga'],"['Adventure', 'Comedy', 'Sports']",,25 min. per ep.,PG - Children,7.04,#4212,#3055,"58,524",207,37648,"Ginga Hagane and his crew of Bladers are back and ready to take on new challenges. The World Championship beckons, and Ginga is more than prepared, now equipped with a new Beyblade, the Galaxy Pegasus W105R2F. And he will be battling with a tag-partner from the USA, Masamune Kadoya. However, Masamune has also set his eyes on the championship, and plans to defeat Gingka. Masamune may be not the only threat to Ginga's path to victory. The world's top Blader Kyoya was chosen alongside Ginga, Masamune, Tsubasa, and Yu to represent Japan, but instead decides to join the African team. Together with his teammate Benkei, he wishes to take down Ginga and the Japanese team. The stage is now set for one of the most dramatic showdowns in Metal Fight Beyblade: Baku.","['Prequel (TV) Metal Fight Beyblade', 'Sequel (TV) Metal Fight Beyblade 4D']",Metal Fight Beyblade: Baku,"Metal Fight Beyblade: Explosion, Metal Fight Beyblade 2, Beyblade: Metal Fusion 2",['Kids'],,Beyblade Metal Masters,,Beyblade: Metal Masters,,
18,一騎当千 Xtreme Xecutor,,['TV'],12,Finished Airing,"Mar 26, 2010 to Jun 11, 2010",['Spring 2010'],Fridays at 10:00 (JST),"['Genco', 'Media Factory', 'AT-X', 'KlockWorx', 'Bushiroad', 'Showgate', 'Gigno Systems']",['Funimation'],['TNK'],['Manga'],"['Action', 'Ecchi']",,24 min. per ep.,R+ - Mild Nudity,6.71,#5844,#3213,"52,810",40,21093,"Life gets crazy for Hakufu when she takes on a pupil that acts just like her! A tournament between the school heads start, but due to Hakufu's negligence, her pupil ends up taking her place. The tournament isn't what it seems, and the girls find themselves in the middle of a plot to take over the clans. (Source: FUNimation)","['Prequel (TV) Ikkitousen: Great Guardians', 'Sequel (OVA) Ikkitousen: Shuugaku Toushi Keppuuroku']",Ikkitousen: Xtreme Xecutor,"Ikkitousen XX, Ikki Tousen Extreme Executor",['Seinen'],"['Martial Arts', 'School', 'Super Power']",,,,,
19,閃光のナイトレイド,Night Raid 1931,['TV'],13,Finished Airing,"Apr 6, 2010 to Jun 29, 2010",['Spring 2010'],Tuesdays at 01:30 (JST),"['TV Tokyo', 'Aniplex', 'eNa']",['Sentai Filmworks'],['A-1 Pictures'],Original,,,23 min. per ep.,R - 17+ (violence & profanity),6.81,#5299,#3457,"46,594",58,13028,"The year is 1931. The city is Shanghai. Ten years before America will enter World War II, the hydra's teeth planted by the first great global conflict are beginning to germinate. Hatching like spiders, they weave the complex web of plots and conspiracies destined to inevitably draw entire nations to the brink of destruction. Caught in the heart of these webs, desperately seeking to separate lies from truth, is ""Sakurai Kikan,"" an ultra-secret intelligence agency staffed by extraordinarily talented individuals with abilities far beyond those of normal humans. Their duty: to stop the darkest plots and eliminate the greatest threats. But in a city built on intrigue, can even a team of clairvoyants, telepaths and espers stand against the ultimate forces of destiny? (Source: Sentai Filmworks)",[],Senkou no Night Raid,,,"['Historical', 'Military', 'Super Power']",,,,['Action'],
20,おおきく振りかぶって　〜夏の大会編〜,Big Windup! 2,['TV'],13,Finished Airing,"Apr 2, 2010 to Jun 25, 2010",['Spring 2010'],Unknown,"['Aniplex', 'Mainichi Broadcasting System', 'TBS', 'Kodansha', 'Movic', 'Rakuonsha']",['Nozomi Entertainment'],['A-1 Pictures'],['Manga'],,['Team Sports'],24 min. per ep.,PG-13 - Teens 13 or older,7.96,#713,#3478,"46,143",194,23719,"Picking up where the original series left off, Ren Mihashi, the ace pitcher of the newly-formed Nishiura High School baseball team, and his teammates face the Sakitama High School team in the next round of the High School Baseball Invitational Tournament as they aim to play in the finals at legendary Hanshin Koushien Stadium. (Source: ANN)","['Prequel (TV) Ookiku Furikabutte', 'Adaptation (Manga) Ookiku Furikabutte']",Ookiku Furikabutte: Natsu no Taikai-hen,"Oofuri, Big Windup! 2, Swing Big! 2, Ookiku Furikabutte 2, Ookiku Furikabutte The Summer Tournament Chapter",['Seinen'],,,Big Windup! 2,,['Sports'],
21,ヒーローマン,,['TV'],26,Finished Airing,"Apr 1, 2010 to Sep 23, 2010",['Spring 2010'],Thursdays at 18:00 (JST),"['TV Tokyo', 'Dentsu', 'Square Enix', 'Fonishia']","None found,",['Bones'],Original,"['Action', 'Sci-Fi']",,24 min. per ep.,PG-13 - Teens 13 or older,6.81,#5275,#3639,"42,637",82,16460,"In California's Center City, shy but kindhearted Joseph Carter ""Joey"" Jones lives with his grandmother, working in a coffee shop. Though his family is financially burdened and he is bullied at school, he remains cheerful. A robotics enthusiast, he wants a top-of-the-line toy robot called a Heybo more than anything. One day Joey and his friend Simon ""Psy"" Kaina come across a destroyed Heybo discarded by a group of rich kids. He takes it home and repairs it himself, excitedly naming it Heroman. However, one night Heroman is struck by lightning and comes to life, growing several times its size in the process. That same night Center City is attacked by aliens called Skrugg whose attention was brought to Earth after Joey's acquaintance Professor Matthew Denton made attempts to contact them. Along with Joey, Heroman quickly heads to the scene of the attack, where he finds people in trouble, including his friend Lina Davis and her father. Using an arm-mounted controller, Joey is able to command Heroman to use superpowers to fight off the Skrugg and rescue civilians. As the aliens continue their invasion of Earth, the duo are the only ones separating humanity and destruction. [Written by MAL Rewrite]","['Adaptation (Manga) Heroman', '']",Heroman,,,"['Mecha', 'Super Power']",,,,,
22,真恋姫†無双 ~乙女大乱~,,['TV'],12,Finished Airing,"Mar 26, 2010 to Jun 17, 2010",['Spring 2010'],Unknown,['Jumondo'],['Sentai Filmworks'],['Doga Kobo'],Visual novel,"['Adventure', 'Comedy', 'Ecchi']",,25 min. per ep.,R+ - Mild Nudity,6.94,#4630,#4968,"21,765",24,8451,"The third season of Koihime Musou. Han's high court general Kashin (何進) was forced to swallow a cursed pill from Chou Jou. The effect is slowly turning her into a cat, which she dislikes. Chou Jou also made use of the emperor's name to dispose her from the Han court as a traitor. She met Kada during her escape while Kada brought her to the Touka village, whom he believes they would help her.","['Prequel (TV) Shin Koihime†Musou', '']",Shin Koihime†Musou: Otome Tairan,Shin Koihime Musou 2nd Season,,"['Historical', 'Martial Arts']",Shin Koihime Musou: Otome Tairan,Shin Koihime Musou - Otome Tairan,Shin Koihime Musou: Otome Tairan,,
23,ジュエルペット てぃんくる☆,,['TV'],52,Finished Airing,"Apr 3, 2010 to Apr 2, 2011",['Spring 2010'],Unknown,"['TV Tokyo', 'Sotsu', 'MediaNet', 'Sanrio', ""We've Inc.""]","None found,",['Studio Comet'],Original,,,24 min. per ep.,PG - Children,7.42,#2248,#5950,"13,683",137,5607,"In Jewel Land, Jewelpets, creatures who has the natural ability to use magic lived in harmony with the Witches, attending the School of Witchcraft and Wizardry to learn to use magic with their Jewel Eyes. However for Ruby, a white Japanese Hare whose magic sometimes fail, is appointed to go to the Human World to search for her partner. But when she used the card the magicians gave her, she was sent to the Human World by accident. In the Human World, A girl named Akari Sakura met her on the beach on her way to school. At first, Akari can't understand her due to her Jewel Land Language until Ruby took a special candy so she could speak and understand human language. As the day passes, Ruby knew about her problems and later apologized. A Jewel Charm appeared on Akari's hand and she realized it that she's chosen by Ruby to be her partner. After that, she decided to enter the Jewel Star Grand Prix, on the prize is that any wish that they wanted will be granted. Will she be the Next Jewel Star and her wish be granted in the end? Or It'll just end in one big disaster... (Source: Wikipedia)","['Prequel (TV) Jewelpet', 'Sequel (Special) Jewelpet Twinkle☆: Hohoemi no Niji ni Dokki☆Doki!', 'Adaptation (Manga) Jewel Pet', '']",Jewelpet Twinkle☆,"Jewelpet Twinkle Star, Jewelpet 2, Jewelpet Tinkle",,"['Anthropomorphic', 'Mahou Shoujo', 'School']",,Jewelpet Temporada 2,,['Fantasy'],
24,ひめチェン! おとぎちっくアイドル リルぷりっ,Spellbound! Magical Princess Lilpri,['TV'],51,Finished Airing,"Apr 4, 2010 to Mar 27, 2011",['Spring 2010'],Sundays at 09:00 (JST),"['TV Tokyo', 'Shogakukan-Shueisha Productions', 'Half H.P Studio']","None found,",['TMS Entertainment'],Game,,['Mahou Shoujo'],24 min. per ep.,PG - Children,6.96,#4553,#6343,"11,588",52,4451,"The Fairytale World is in trouble. Its princesses and their respective worlds are disappearing, causing a ripple effect in the human world where their stories are popular. In order to save the Fairytale World, the Queen sends three magic animals, Sei, Dai, and Ryoku, to the human world with magic gems to find three girls who can become the ""Super Miracle Idols,"" the princesses Snow White, Cinderella, and Kaguya-hime. Those ""princesses"" end up being three little girls: Yukimori Ringo, Takashiro Layla, and Sasahara Natsuki. But the gems transform them into older singing superstars, and after their accidental debut at the singer Wish's concert, they become known as ""Little Princesses,"" or ""LilPri."" Now they must collect Happiness Tones from humans in order to restore the Fairytale World.","['Adaptation (Manga) Lilpri', '']",Hime Chen! Otogi Chikku Idol Lilpri,Himechan! Otogitic Idol Lil'Pri,,,Spellbound! Magical Princess Lilpri,Spellbound! Magical Princess Lilpri,Spellbound! Magical Princess Lilpri,['Fantasy'],
25,SDガンダム三国伝 Brave Battle Warriors,,['TV'],51,Finished Airing,"Apr 3, 2010 to Mar 19, 2011",['Spring 2010'],Unknown,"['Sotsu', 'TV Tokyo Music']",['Nozomi Entertainment'],['Sunrise'],Original,,,12 min. per ep.,PG - Children,6.27,#8463,#8635,"5,488",5,1972,A Romance of the Three Kingdoms retelling using SD Gundams.,"['Sequel (ONA) SD Gundam World: Sangoku Souketsuden', '']",SD Gundam Sangokuden Brave Battle Warriors,BB Senshi,,"['Historical', 'Mecha']",,,,['Action'],
26,極上!!めちゃモテ委員長 セカンドコレクション,The Best!! Extremely Cool Student Council President Second Collection,['TV'],51,Finished Airing,"Apr 3, 2010 to Apr 10, 2011",['Spring 2010'],Unknown,"['TV Tokyo', 'Shogakukan-Shueisha Productions']","None found,",['Shogakukan Music & Digital Entertainment'],['Manga'],"['Comedy', 'Romance']",['School'],24 min. per ep.,PG - Children,6.26,#8504,#10153,"3,378",5,983,The continuation of Gokujou!! Mecha Mote Iinchou with a new title. Episode numbers continue from 51.,"['Prequel (TV) Gokujou!! Mecha Mote Iinchou', 'Adaptation (Manga) Gokujou!! Mecha Mote Iinchou']",Gokujou!! Mecha Mote Iinchou Second Collection,Gokujo!! Mecha Mote Iincho Second Collection,['Shoujo'],,,,,,
27,最强武将传·三国演义,The Legend of the Strongest General: Romance of the Three Kingdoms,['TV'],52,Finished Airing,"Apr 4, 2010 to Mar 27, 2011",['Spring 2010'],Sundays at 09:30 (JST),"['Hisashishi Videos', 'TOMY Company']","None found,","['Future Planet', 'Beijing Huihuang Animation Company']",Novel,,['Historical'],25 min. per ep.,PG-13 - Teens 13 or older,6.81,#5298,#10633,"2,927",5,434,"Chinese-Japanese anime adaptation of the ""Romance of the Three Kingdoms"" classic novel. Lui Bei embarks on a journey to quell the chaos that plagues his homeland, bringing with him his sworn brothers, Zhang Fei and Guan Yu. With only a small army and no land Lui Bei is forced to take a subservient role to other Generals, in order to keep him safe from those who continually come after his life.",[],Saikyou Bushouden: Sangoku Engi,Zui Qiang Wujiang Chuan · Sanguo Yanyi,,,,,,,
28,リングにかけろ1 影道編,,['TV'],6,Finished Airing,"Apr 2, 2010 to Jun 17, 2010",['Spring 2010'],Unknown,"None found,","None found,",['Toei Animation'],['Manga'],,['Combat Sports'],24 min. per ep.,PG-13 - Teens 13 or older,6.35,#8001,#11294,"2,408",1,826,"After defeating Black Shaft's makeshift Team America, the Golden Japan Jr. team returns to training for the World Tournament that will be held in Tokyo. But during training the Shadow Clan, which uses boxing as an assassination technique, kidnaps Kiku in order to lure Ryuji and the others into a fight to see who's truly the better representatives of Japan's junior boxers. (Source: ANN)","['Prequel (TV) Ring ni Kakero 1: Nichibei Kessen-hen', 'Sequel (TV) Ring ni Kakero 1: Sekai Taikai-hen', 'Adaptation (Manga) Ring ni Kakero', '']",Ring ni Kakero 1: Kage Dou-hen,"Put It All in The Ring 1 Episode: Shadow Road, Ring ni Kakero 1: Shadow, Ring ni Kakero 1: Kage Dou-hen",['Shounen'],,,,,['Sports'],
29,デュエル・マスターズ クロスショック,,['TV'],50,Finished Airing,"Apr 3, 2010 to Mar 26, 2011",['Spring 2010'],Unknown,"['Shogakukan-Shueisha Productions', 'Asahi Broadcasting']","None found,",['Shogakukan Music & Digital Entertainment'],Original,"['Action', 'Adventure', 'Comedy', 'Fantasy']",['Strategy Game'],10 min. per ep.,PG-13 - Teens 13 or older,6.16,#9059,#11447,"2,297",1,756,"Shobu and friends continue to face the members of Fua Duelist in the world championship and defeat them all. And now Shobu is the world champion. Before Shobu could relax he is being called into the creature world to face Diabolos Zeta, Temporal Ruler, who is about to bring annihilation. Shobu and friends gather the new legendary cards and stop him with their new powers of these cards. (Source: Duel Masters Wikia)","['Prequel (TV) Duel Masters Cross', 'Sequel (TV) Duel Masters Victory']",Duel Masters Cross Shock,,['Kids'],,,,,,
30,マリー＆ガリー ver.2.0,,['TV'],30,Finished Airing,"Mar 20, 2010 to Mar 22, 2011",['Spring 2010'],Saturdays at 18:55 (JST),['NHK'],"None found,",['Toei Animation'],Original,,['Educational'],5 min. per ep.,PG-13 - Teens 13 or older,5.99,#9977,#13156,"1,350",0,345,The second season of Marie & Gali.,"['Prequel (TV) Marie & Gali', '']",Marie & Gali ver. 2.0,"Marie to Gali ver.2.0, Marie and Gali 2.0",,,,,,['Comedy'],
31,はなかっぱ,,['TV'],Unknown,Currently Airing,"Mar 29, 2010 to ?",['Spring 2010'],Not scheduled once per week,"['Group TAC', 'TOHO animation']","None found,","['Xebec', 'OLM']",Picture book,,,10 min.,PG - Children,6.00,#9912,#14258,"1,005",0,171,Story about Kappa with flowers on their heads.,[],Hanakappa,Hana Kappa,['Kids'],,,,,['Comedy'],
32,최강 합체 믹스마스터,Mix Master: Final Force,['TV'],39,Finished Airing,"May 26, 2010 to Mar 16, 2011",['Spring 2010'],Unknown,['Sunwoo Entertainment'],"None found,","None found,",Original,"['Adventure', 'Fantasy']",,24 min. per ep.,PG-13 - Teens 13 or older,6.12,#9247,#14309,991,4,234,"Mix Masters Final Force is the second season of the original mix masters show. In this story, Ditt forgets that he was a mix master. But when the time comes to save the world once again, he finds new friends to help him in his battle against Eva and Babel, the two new antagonists. (Source: Wikipedia)","['Prequel (TV) Card Wang: Mix Master', '']",Choegang Habche: Mix Master,,,,,,,,
33,ケツ犬,,['TV'],13,Finished Airing,"Apr 1, 2010 to May 31, 2010",['Spring 2010'],Unknown,['Think Corporation'],"None found,",['Toei Animation'],['Web manga'],,,2 min. per ep.,PG-13 - Teens 13 or older,[],#19404,#16210,596,1,,"Ketsuinu is a dog with a butt-like face. The unidentified creature comes out of nowhere and quickly multiplies. In the end, the owners' faces turn into butts...",[],Ketsuinu,"Ketsu-Inu, Butt Dog",,,,,,['Comedy'],
34,リトル・チャロ2,Little Charo 2: Adventure in the Middle World,['TV'],50,Finished Airing,"Mar 29, 2010 to Mar 21, 2011",['Spring 2010'],Mondays at Unknown,['NHK'],"None found,","None found,",Original,,['Educational'],5 min. per ep.,G - All Ages,[],#19842,#16448,568,0,,"NHK's English education program. In Little Charo 2, the puppy journeys with his master through a mysterious place called the Middle World, which lies between the World of the Living and the World of the Dead. (Source: AniDB)",[],Little Charo 2,,,,,,,['Slice of Life'],
35,動物かんきょう会議,,['TV'],20,Finished Airing,"Mar 20, 2010 to Aug 20, 2010",['Spring 2010'],Unknown,['NHK'],"None found,",['Studio Deen'],Unknown,,,5 min. per ep.,G - All Ages,[],#17781,#16712,535,1,,"The Animal Conference on the Environment is a fun animated series through which children can learn about environmental issues and explore different cultures. Animals from all over the world, each with their own unique personality and backstory, get together and discuss the environment around them. By sharing information, prejudices, and misconceptions, they come to understand each other and value the environment. (Source: Official site)",[],Doubutsu Kankyou Kaigi,The Animal Conference on the Environment,['Kids'],"['Anthropomorphic', 'Educational']",,,,,
36,しまじろう ヘソカ,,['TV'],99,Finished Airing,"Apr 5, 2010 to Mar 26, 2012",['Spring 2010'],Mondays at 07:30 (JST),['Benesse Corporation'],"None found,",['Pierrot Plus'],Original,"['Adventure', 'Comedy', 'Fantasy']",,8 min. per ep.,G - All Ages,[],#14229,#17519,458,0,,Third season of the Shimajirou children's television series.,"['Prequel (TV) Hakken Taiken Daisuki! Shimajirou', 'Sequel (TV) Shimajirou no Wow!']",Shimajirou Hesoka,,['Kids'],,,,,,
37,ペンギンの問題 Max,,['TV'],50,Finished Airing,"Apr 3, 2010 to Mar 26, 2011",['Spring 2010'],Unknown,['TV Tokyo'],"None found,",['Shogakukan Music & Digital Entertainment'],Unknown,,,10 min. per ep.,G - All Ages,[],#21009,#18338,397,0,,The continuation of Penguin no Mondai.,"['Prequel (TV) Penguin no Mondai', 'Sequel (TV) Penguin no Mondai DX?']",Penguin no Mondai Max,,['Kids'],,,,,['Comedy'],
38,ジャルジオ・アニマール,,['TV'],10,Finished Airing,"Apr 26, 2010 to Jun 28, 2010",['Spring 2010'],Unknown,"None found,","None found,","None found,",Unknown,"['Adventure', 'Comedy']",['Parody'],4 min. per ep.,PG - Children,[],#18929,#19519,313,0,,The real female idol group PASSPO☆ are the stars of this anime. The PASSPO☆ members are represented as animals and go on flight-attendant adventures.,[],Jarujio Animal,Jarujio Animaru,,,,,,,
39,보글보글 쿡,Bubble Bubble Cook,['TV'],52,Finished Airing,Mar 2010 to May 2011,['Spring 2010'],Unknown,"None found,","None found,",['Studio Vandal'],Original,,,23 min. per ep.,PG - Children,[],#17065,#22087,172,0,,No synopsis information has been added to this title. Help improve our database by adding a synopsis here.,"['Sequel (TV) Bubble Bubble Cook 2nd Season', '']",Bubble Bubble Cook,Bogeulbogeul Kug,['Kids'],,,,,['Gourmet'],
40,迪迪帮帮总动员,,['TV'],104,Finished Airing,Apr 2010 to May 2011,['Spring 2010'],Unknown,"None found,","None found,","None found,",Original,,,9 min. per ep.,PG - Children,[],#17637,#23848,115,0,,No synopsis information has been added to this title. Help improve our database by adding a synopsis here.,[],DiDi Bang Bang Zongdongyuan,,['Kids'],,,,,['Fantasy'],
41,大奇和童话镇,Daqi and Children Story Town,['TV'],200,Finished Airing,Apr 2010 to Jul 2011,['Spring 2010'],Unknown,"None found,","None found,","None found,",Original,,,12 min. per ep.,PG - Children,[],#17569,#24150,109,0,,No synopsis information has been added to this title. Help improve our database by adding a synopsis here.,[],Daqi He Tonghua Zhen,,['Kids'],,,,,['Fantasy'],
42,鋼の錬金術師 FULLMETAL ALCHEMIST,Fullmetal Alchemist: Brotherhood,['TV'],64,Finished Airing,"Apr 5, 2009 to Jul 4, 2010",['Spring 2009'],Sundays at 17:00 (JST),"['Aniplex', 'Square Enix', 'Mainichi Broadcasting System', 'Techno Sound']","['Funimation', 'Aniplex of America']",['Bones'],['Manga'],"['Action', 'Adventure', 'Drama', 'Fantasy']",['Military'],24 min. per ep.,R - 17+ (violence & profanity),9.10,#2,#3,"3,486,881","232,137",2198350,"After a horrific alchemy experiment goes wrong in the Elric household, brothers Edward and Alphonse are left in a catastrophic new reality. Ignoring the alchemical principle banning human transmutation, the boys attempted to bring their recently deceased mother back to life. Instead, they suffered brutal personal loss: Alphonse's body disintegrated while Edward lost a leg and then sacrificed an arm to keep Alphonse's soul in the physical realm by binding it to a hulking suit of armor. The brothers are rescued by their neighbor Pinako Rockbell and her granddaughter Winry. Known as a bio-mechanical engineering prodigy, Winry creates prosthetic limbs for Edward by utilizing ""automail,"" a tough, versatile metal used in robots and combat armor. After years of training, the Elric brothers set off on a quest to restore their bodies by locating the Philosopher's Stone—a powerful gem that allows an alchemist to defy the traditional laws of Equivalent Exchange. As Edward becomes an infamous alchemist and gains the nickname ""Fullmetal,"" the boys' journey embroils them in a growing conspiracy that threatens the fate of the world. [Written by MAL Rewrite]","['Adaptation (Manga) Fullmetal Alchemist', '']",Fullmetal Alchemist: Brotherhood,"Hagane no Renkinjutsushi: Fullmetal Alchemist, Fullmetal Alchemist (2009), FMA, FMAB",['Shounen'],,,,Fullmetal Alchemist Brotherhood,,
43,-ナルト- 疾風伝,Naruto Shippuden,['TV'],500,Finished Airing,"Feb 15, 2007 to Mar 23, 2017",['Winter 2007'],Thursdays at 19:30 (JST),"['TV Tokyo', 'Aniplex', 'KSS', 'Rakuonsha', 'TV Tokyo Music', 'Shueisha']",['VIZ Media'],['Pierrot'],['Manga'],"['Action', 'Adventure', 'Fantasy']",['Martial Arts'],23 min. per ep.,PG-13 - Teens 13 or older,8.28,#304,#16,"2,597,956","115,639",1728599,"It has been two and a half years since Naruto Uzumaki left Konohagakure, the Hidden Leaf Village, for intense training following events which fueled his desire to be stronger. Now Akatsuki, the mysterious organization of elite rogue ninja, is closing in on their grand plan which may threaten the safety of the entire shinobi world. Although Naruto is older and sinister events loom on the horizon, he has changed little in personality—still rambunctious and childish—though he is now far more confident and possesses an even greater determination to protect his friends and home. Come whatever may, Naruto will carry on with the fight for what is important to him, even at the expense of his own body, in the continuation of the saga about the boy who wishes to become Hokage. [Written by MAL Rewrite]","['Prequel (TV) Naruto', 'Sequel (Movie) Boruto: Naruto the Movie', 'Sequel (TV) Boruto: Naruto Next Generations', 'Adaptation (Manga) Naruto']",Naruto: Shippuuden,Naruto Hurricane Chronicles,['Shounen'],,Naruto Shippuden,Naruto Shippuden,Naruto Shippuden,,
44,ONE PIECE,One Piece,['TV'],Unknown,Currently Airing,"Oct 20, 1999 to ?",['Fall 1999'],Sundays at 09:30 (JST),"['Fuji TV', 'TAP', 'Shueisha']","['Funimation', '4Kids Entertainment']",['Toei Animation'],['Manga'],"['Action', 'Adventure', 'Fantasy']",,24 min.,PG-13 - Teens 13 or older,8.73,#51,#17,"2,496,333","234,719",1419482,"Barely surviving in a barrel after passing through a terrible whirlpool at sea, carefree Monkey D. Luffy ends up aboard a ship under attack by fearsome pirates. Despite being a naive-looking teenager, he is not to be underestimated. Unmatched in battle, Luffy is a pirate himself who resolutely pursues the coveted One Piece treasure and the King of the Pirates title that comes with it. The late King of the Pirates, Gol D. Roger, stirred up the world before his death by disclosing the whereabouts of his hoard of riches and daring everyone to obtain it. Ever since then, countless powerful pirates have sailed dangerous seas for the prized One Piece only to never return. Although Luffy lacks a crew and a proper ship, he is endowed with a superhuman ability and an unbreakable spirit that make him not only a formidable adversary but also an inspiration to many. As he faces numerous challenges with a big smile on his face, Luffy gathers one-of-a-kind companions to join him in his ambitious endeavor, together embracing perils and wonders on their once-in-a-lifetime adventure. [Written by MAL Rewrite]","['Adaptation (Manga) One Piece', 'Adaptation (Light Novel) One Piece: Loguetown-hen']",One Piece,OP,['Shounen'],,,,,,
45,BLEACH - ブリーチ -,Bleach,['TV'],366,Finished Airing,"Oct 5, 2004 to Mar 27, 2012",['Fall 2004'],Tuesdays at 18:00 (JST),"['TV Tokyo', 'Aniplex', 'Dentsu', 'TV Tokyo Music', 'Shueisha']",['VIZ Media'],['Pierrot'],['Manga'],"['Action', 'Adventure', 'Supernatural']",,24 min. per ep.,PG-13 - Teens 13 or older,7.97,#705,#35,"2,074,732","78,039",1188618,"Ichigo Kurosaki is an ordinary high schooler—until his family is attacked by a Hollow, a corrupt spirit that seeks to devour human souls. It is then that he meets a Soul Reaper named Rukia Kuchiki, who gets injured while protecting Ichigo's family from the assailant. To save his family, Ichigo accepts Rukia's offer of taking her powers and becomes a Soul Reaper as a result. However, as Rukia is unable to regain her powers, Ichigo is given the daunting task of hunting down the Hollows that plague their town. However, he is not alone in his fight, as he is later joined by his friends—classmates Orihime Inoue, Yasutora Sado, and Uryuu Ishida—who each have their own unique abilities. As Ichigo and his comrades get used to their new duties and support each other on and off the battlefield, the young Soul Reaper soon learns that the Hollows are not the only real threat to the human world. [Written by MAL Rewrite]","['Sequel (TV) Bleach: Sennen Kessen-hen', 'Adaptation (Manga) Bleach']",Bleach,,['Shounen'],,,,,,
46,FAIRY TAIL（フェアリーテイル）,Fairy Tail,['TV'],175,Finished Airing,"Oct 12, 2009 to Mar 30, 2013",['Fall 2009'],Saturdays at 10:30 (JST),"['TV Tokyo', 'Dentsu', 'Pony Canyon', 'Kodansha', 'DAX Production']",['Funimation'],"['Satelight', 'A-1 Pictures']",['Manga'],"['Action', 'Adventure', 'Fantasy']",,24 min. per ep.,PG-13 - Teens 13 or older,7.57,#1695,#54,"1,790,884","47,064",1035449,"In the enchanted Kingdom of Fiore, the lively Lucy Heartfilia has one wish: to join the renowned Fairy Tail—one of the many magical wizard guilds scattered around the continent. Luckily, a chance encounter with Natsu Dragneel, the ""Salamander"" of Fairy Tail, whisks her into the legendary guild. From Natsu's rivalrous antics with ice wizard Gray Fullbuster to the frightening presence of the unmatched combat goddess Erza Scarlet, Fairy Tail's powerful mages have a slight penchant for trouble. Through all the lucrative odd jobs and adventures to save the world from destruction lies an absolute and unyielding trust stronger than family that has formed between each guild member. Teaming up with Natsu, Gray, and Erza, Lucy finds herself amidst the guild's most misfit wizards. But as they constantly stand in the eye of every danger, there is one name that never ceases to resurface: Zeref, the feared master of dark magic. [Written by MAL Rewrite]","['Sequel (TV) Fairy Tail (2014)', 'Adaptation (Manga) Fairy Tail']",Fairy Tail,,['Shounen'],,,,,,
47,デュラララ!!,Durarara!!,['TV'],24,Finished Airing,"Jan 8, 2010 to Jun 25, 2010",['Winter 2010'],Fridays at 01:25 (JST),"['Aniplex', 'Square Enix', 'Mainichi Broadcasting System', 'Movic', 'ASCII Media Works']",['Aniplex of America'],"[""Brain's Base""]",['Light novel'],"['Action', 'Mystery', 'Supernatural']",,24 min. per ep.,R - 17+ (violence & profanity),8.09,#535,#93,"1,446,889","30,106",677176,"In Tokyo's downtown district of Ikebukuro, amidst many strange rumors and warnings of anonymous gangs and dangerous occupants, one urban legend stands out above the rest—the existence of a headless ""Black Rider"" who is said to be seen driving a jet-black motorcycle through the city streets. Mikado Ryuugamine has always longed for the excitement of the city life, and an invitation from a childhood friend convinces him to move to Tokyo. Witnessing the Black Rider on his first day in the city, his wishes already seem to have been granted. But as supernatural events begin to occur, ordinary citizens like himself, along with Ikebukuro's most colorful inhabitants, are mixed up in the commotion breaking out in their city. [Written by MAL Rewrite]","['Sequel (TV) Durarara!!x2 Shou', 'Adaptation (Manga) Durarara!!', 'Adaptation (Manga) Durarara!! Saika-hen', 'Adaptation (Manga) Durarara!! Kokinzoku-hen']",Durarara!!,"Dhurarara!!, Dyurarara!!, Dulalala!!, Dullalala!!, DRRR!!",,,,,,,
48,化物語,Bakemonogatari,['TV'],15,Finished Airing,"Jul 3, 2009 to Jun 25, 2010",['Summer 2009'],Fridays at 23:00 (JST),"['Aniplex', 'Kodansha']",['Aniplex of America'],['Shaft'],['Light novel'],"['Mystery', 'Romance', 'Supernatural']",['Vampire'],25 min. per ep.,R - 17+ (violence & profanity),8.32,#263,#94,"1,443,134","50,039",750207,"Koyomi Araragi, a third-year high school student, manages to survive a vampire attack with the help of Meme Oshino, a strange man residing in an abandoned building. Though being saved from vampirism and now a human again, several side effects such as superhuman healing abilities and enhanced vision still remain. Regardless, Araragi tries to live the life of a normal student, with the help of his friend and the class president, Tsubasa Hanekawa. When fellow classmate Hitagi Senjougahara falls down the stairs and is caught by Araragi, the boy realizes that the girl is unnaturally weightless. Despite Senjougahara's protests, Araragi insists he help her, deciding to enlist the aid of Oshino, the very man who had once helped him with his own predicament. Through several tales involving demons and gods, Bakemonogatari follows Araragi as he attempts to help those who suffer from supernatural maladies. [Written by MAL Rewrite]","['Prequel (TV Special) Nekomonogatari: Kuro', 'Sequel (TV) Nisemonogatari', 'Adaptation (Manga) Bakemonogatari', 'Adaptation (Light Novel) Monogatari Series: First Season']",Bakemonogatari,"Ghostory, Monstory",,,,,,,
49,刀語,Katanagatari,['TV'],12,Finished Airing,"Jan 26, 2010 to Dec 11, 2010",['Winter 2010'],Tuesdays at 01:10 (JST),"['Aniplex', 'Lantis', 'Kodansha', 'Movic', 'Fuji TV']","['NIS America, Inc.']",['White Fox'],['Light novel'],"['Action', 'Adventure', 'Romance']",,49 min. per ep.,R - 17+ (violence & profanity),8.30,#284,#405,"576,984","10,851",219097,"In an Edo-era Japan lush with a variety of sword-fighting styles, Shichika Yasuri practices the most unique one: Kyotouryuu, a technique in which the user's own body is wielded as a blade. The enigmatic seventh head of the Kyotouryuu school, Shichika lives quietly in exile with his sister Nanami until one day—the wildly ambitious strategist Togame barges into their lives. Togame brazenly requests that Shichika help in her mission to collect twelve unique swords, known as the ""Deviant Blades,"" for the shogunate. Shichika accepts, interested in the girl herself rather than petty politics, and thus sets out on a journey. Standing in their way are the fierce wielders of these legendary weapons as well as other power-hungry entities who seek to thwart Togame's objective. In order to prevail against their enemies, the duo must become an unbreakable team as they forge ahead on a path of uncertainty and peril. [Written by MAL Rewrite]","['Adaptation (Light Novel) Katanagatari', '']",Katanagatari,Sword Story,,"['Historical', 'Martial Arts']",,,,,
50,家庭教師ヒットマンREBORN!,Reborn!,['TV'],203,Finished Airing,"Oct 7, 2006 to Sep 25, 2010",['Fall 2006'],Saturdays at 10:30 (JST),"['TV Tokyo', 'Dentsu', 'Marvelous Entertainment', 'Pony Canyon', 'd-rights']","['VIZ Media', 'Discotek Media']",['Artland'],['Manga'],"['Action', 'Comedy']",,24 min. per ep.,PG-13 - Teens 13 or older,8.12,#500,#415,"570,848","16,015",264913,"There is no putting it lightly—Tsunayoshi Sawada is just no good. He is clumsy, talentless, and desperately in love with the school idol Kyouko Sasagawa, a girl so completely out of his league. Dubbed ""Loser Tsuna"" by his classmates, he seems to be the very personification of failure in the guise of a middle-schooler. Tsuna's boring life takes an extraordinary twist when he encounters the mysterious Reborn, who happens to be a hitman... and shockingly, a baby! Sent from the strongest Mafia family in Italy, Reborn is assigned the daunting mission of preparing the dull middle schooler to succeed the ninth boss of the notorious Vongola family, who is on the brink of retirement. The dull boy has a grueling road ahead, but with the help of his new criminal affiliates and his peculiar home tutor, perhaps even Loser Tsuna can achieve greatness. [Written by MAL Rewrite]","['Adaptation (Manga) Katekyou Hitman Reborn!', '']",Katekyou Hitman Reborn!,"Kateikyoushi Hitman Reborn!, Home Tutor Hitman Reborn!",['Shounen'],"['Organized Crime', 'Super Power']",,Reborn!,Mon prof le tueur Reborn!,,
51,ドラゴンボール改,Dragon Ball Z Kai,['TV'],97,Finished Airing,"Apr 5, 2009 to Mar 27, 2011",['Spring 2009'],Sundays at 09:00 (JST),['Fuji TV'],['Funimation'],['Toei Animation'],['Manga'],"['Action', 'Adventure', 'Comedy', 'Fantasy']",['Martial Arts'],23 min. per ep.,PG-13 - Teens 13 or older,7.76,#1129,#604,"411,492","3,705",253486,"Five years after the events of Dragon Ball, martial arts expert Gokuu is now a grown man married to his wife Chi-Chi, with a four-year old son named Gohan. While attending a reunion on Turtle Island with his old friends Master Roshi, Krillin, Bulma and others, the festivities are interrupted when a humanoid alien named Raditz not only reveals the truth behind Gokuu's past, but kidnaps Gohan as well. With Raditz displaying power beyond anything Gokuu has seen before, he is forced to team up with his old nemesis, Piccolo, in order to rescue his son. But when Gokuu and Piccolo reveal the secret of the seven mystical wish-granting Dragon Balls to Raditz, he informs the duo that there is more of his race, the Saiyans, and they won’t pass up an opportunity to seize the power of the Dragon Balls for themselves. These events begin the saga of Dragon Ball Kai, a story that finds Gokuu and his friends and family constantly defending the galaxy from increasingly more powerful threats. Bizarre, comical, heartwarming and threatening characters come together in a series of battles that push the powers and abilities of Gokuu and his friends beyond anything they have ever experienced.","['Prequel (TV) Dragon Ball', 'Sequel (TV Special) Dragon Ball Kai: Mirai ni Heiwa wo! Goku no Tamashii yo Eien ni', 'Adaptation (Manga) Dragon Ball', '']",Dragon Ball Kai,"Dragonball Kai, DBK, DB Kai, DBZ Kai",['Shounen'],,Dragon Ball Z Kai,,Dragon Ball Z Kai,,
52,名探偵コナン,Case Closed,['TV'],Unknown,Currently Airing,"Jan 8, 1996 to ?",['Winter 1996'],Saturdays at 18:00 (JST),"['Yomiuri Telecasting', 'Shogakukan', 'Audio Planning U', 'Tokyo Movie', 'Polydor Records']","['Funimation', 'Crunchyroll']",['TMS Entertainment'],['Manga'],"['Adventure', 'Comedy', 'Mystery']",['Detective'],24 min.,PG-13 - Teens 13 or older,8.17,#434,#706,"360,788","15,329",164316,"Shinichi Kudou, a high school student of astounding talent in detective work, is well known for having solved several challenging cases. One day, when Shinichi spots two suspicious men and decides to follow them, he inadvertently becomes witness to a disturbing illegal activity. Unfortunately, he is caught in the act, so the men dose him with an experimental drug formulated by their criminal organization, leaving him to his death. However, to his own astonishment, Shinichi lives to see another day, but now in the body of a seven-year-old child. Perfectly preserving his original intelligence, he hides his real identity from everyone, including his childhood friend Ran Mouri and her father, private detective Kogorou Mouri. To this end, he takes on the alias of Conan Edogawa, inspired by the mystery writers Arthur Conan Doyle and Ranpo Edogawa. Shinichi, as Conan, starts secretly solving the senior Mouri's cases from behind the scenes with his still exceptional sleuthing skills, while covertly investigating the organization responsible for his current state, hoping to reverse the drug's effects someday. [Written by MAL Rewrite]","['Adaptation (Manga) Meitantei Conan', '']",Meitantei Conan,Detective Conan,['Shounen'],,Case Closed,,,,
53,聖痕のクェイサー,The Qwaser of Stigmata,['TV'],24,Finished Airing,"Jan 10, 2010 to Jun 20, 2010",['Winter 2010'],Sundays at 03:28 (JST),['TAKI Corporation'],['Sentai Filmworks'],['Hoods Entertainment'],['Manga'],"['Action', 'Ecchi']",,24 min. per ep.,R+ - Mild Nudity,6.32,#8117,#753,"340,745",857,135349,"When Tomo Yamanobe's father—the former headmaster of Saint Mikhailov Academy—disappeared, he left nothing behind except for a piece of art called the ""icon."" Soon after his disappearance, rumors of a serial killer attacking female students of the academy began to spread. As Tomo and her sister Mafuyu Oribe head home after being tormented at school, Tomo trips over an injured silver-haired boy who abruptly vanishes while being tended to. Mafuyu goes to look for him, only to discover that the church holding the icon is burning down. When she tries to save the painting, the rumored serial killer suddenly attacks her with a mysterious ability to control magnesium. Appearing out of nowhere, the silver-haired boy, who can control iron, rescues Mafuyu. Mafuyu finds out that the boy, named Alexander Nikolaevich ""Sasha"" Hell, is a ""qwaser""—a being who is capable of controlling an element through the power of ""soma,"" received through the act of breastfeeding. Confused by the ordeal, Mafuyu attempts to move past it with little luck, as Sasha transfers to her class the next day. What will become of Tomo and Mafuyu's normal school life with the danger of other qwasers looming close to them? [Written by MAL Rewrite]","['Sequel (TV) Seikon no Qwaser II', 'Adaptation (Manga) Seikon no Qwaser']",Seikon no Qwaser,,['Seinen'],"['Gore', 'Harem', 'School', 'Super Power']",,,,,
54,イナズマイレブン,,['TV'],127,Finished Airing,"Oct 5, 2008 to Apr 27, 2011",['Fall 2008'],Unknown,"['TV Tokyo', 'Dentsu', 'Half H.P Studio']","None found,",['OLM'],Game,,,24 min. per ep.,G - All Ages,7.74,#1187,#1145,"227,020","4,461",138522,"While other schools in Japan compete for the title of being the best soccer team in the country, Raimon Middle School's soccer club, Inazuma Eleven, struggles to rise from the verge of being disbanded. The grandson of Inazuma Eleven's first generation goalkeeper and captain of the team, Mamoru Endou, takes the challenge of kicking the long neglected club back into shape. To do this, he'll need a little help and more than a little luck. Mamoru Endou finds hope in the hands of Shuuya Gouenji, a brilliant young player who has given up on soccer. Mamoru is determined to get Shuuya and other new recruits to join his team, no matter what the cost. Is his passion and determination enough to treat the ailing club? Or is there no more hope for the team?","['Sequel (TV) Inazuma Eleven Go', 'Adaptation (Manga) Inazuma Eleven', 'Adaptation (Manga) Inazuma Eleven: Special', '']",Inazuma Eleven,,,"['Super Power', 'Team Sports']",,,,['Sports'],
55,ポケットモンスター ダイヤモンド&パール,Pokémon: Diamond and Pearl,['TV'],191,Finished Airing,"Sep 28, 2006 to Sep 9, 2010",['Fall 2006'],Thursdays at 19:00 (JST),"['TV Tokyo', 'SoftX', 'Nintendo', 'Shogakukan Productions']","['VIZ Media', 'The Pokemon Company International']",['OLM'],Game,"['Action', 'Adventure', 'Comedy', 'Fantasy']",,23 min. per ep.,PG - Children,7.31,#2803,#1607,"155,178",537,94722,"Following the end of Satoshi's Hoenn journey, he travels to the Sinnoh region for his next adventure en route to becoming a Pokémon Master. Immediately upon arrival, Team Rocket makes another attempt to snatch Pikachu, only for it to fail once again. However, Pikachu has fallen deep into a forest and it's up to Satoshi to find him! Along the way, he reunites with Takeshi—a Pokémon breeder with whom he has traveled through many regions—and meets his soon-to-be rival, Shinji, a power-hungry trainer who cares little for his Pokémons' feelings. Still in search for Pikachu, Satoshi notices a powerful electric attack in the distance and heads toward it to find Pikachu with Team Rocket and Hikari—a novice trainer aiming to be the top Pokémon coordinator. After foiling Team Rocket's plans, Satoshi reunites with Pikachu and Hikari joins the group. And thus, Satoshi and his friends begin their journey through the exciting land of Sinnoh. [Written by MAL Rewrite]","['Prequel (TV) Pokemon Advanced Generation', 'Sequel (TV) Pokemon Best Wishes!']",Pokemon Diamond & Pearl,"Pocket Monsters: Diamond & Pearl, Diamond and Pearl, DP: Battle Dimension, DP: Galactic Battles, DP: Sinnoh League Victors",['Kids'],,Pokémon: Diamant und Perl,Pokémon Diamond and Pearl,Pokémon Diamond and Pearl,,
56,遊☆戯☆王5D's（ファイブディーズ）,Yu-Gi-Oh! 5D's,['TV'],154,Finished Airing,"Apr 2, 2008 to Mar 30, 2011",['Spring 2008'],Wednesdays at 18:00 (JST),"['TV Tokyo', 'Nihon Ad Systems', 'Shueisha']",['Konami'],['Gallop'],['Manga'],,['Strategy Game'],24 min. per ep.,PG-13 - Teens 13 or older,7.46,#2099,#1667,"147,902","1,636",85918,"Yuusei Fudou is out to get back what was stolen from him. The world of dueling has evolved, with Riding Duels becoming the peak of entertainment for the residents of Neo Domino City. They are played on D-Wheels, a hybrid between Duel Disks and motorbikes. After the mechanically skilled Yuusei managed to build his own D-Wheel, his former friend Jack Atlas stole it alongside Yuusei's best card, Stardust Dragon; ditching their decrepit hometown of Satellite, he escaped to Neo Domino City. In the two years since then, Jack has risen to the top of the dueling world, while Yuusei has been making preparations thanks to the help of his friends. With his new D-Wheel finished, he now sets off to Neo Domino City, his only goal to find Jack. Unbeknownst to either of them, there are far bigger things at stake than they can imagine, with puppeteers pulling the strings behind the scenes. [Written by MAL Rewrite]","['Prequel (TV) Yu☆Gi☆Oh! Duel Monsters GX', ""Adaptation (Manga) Yu☆Gi☆Oh! 5D's""]",Yu☆Gi☆Oh! 5D's,"Yuu Gi Ou: Duel Monsters 5DS, Yugioh 5 D's",['Shounen'],,Yu-Gi-Oh! 5D's,Yu-Gi-Oh! 5D's,Yu-Gi-Oh! 5D's,['Action'],
57,クレヨンしんちゃん,Shin Chan,['TV'],Unknown,Currently Airing,"Apr 13, 1992 to ?",['Spring 1992'],Fridays at 19:30 (JST),['TV Asahi'],['Funimation'],['Shin-Ei Animation'],['Manga'],"['Comedy', 'Ecchi']",['School'],21 min.,G - All Ages,7.80,#1030,#2402,"88,060","1,330",42184,"There is no such thing as an uneventful day in the life of kindergartener Shinnosuke ""Shin-chan"" Nohara. The five-year-old is a cut above the most troublesome, perverted, and shameless kid one can imagine. Shin-chan is almost always engaged in questionable activities such as forgetting about a friend during hide and seek, sumo wrestling for love, performing various gags including the notorious ""elephant"" in public, and flirting with college girls. The exemplary troublemaker has done it all and has no plans to stop anytime soon. Crayon Shin-chan follows the daily shenanigans of Shin-chan with his group of friends, parading around as the self-proclaimed ""Kasukabe Defense Force."" The adults witnessing these shenanigans unfold can't help but adore Shin-chan, as he keeps them entertained while unintentionally solving their daily troubles through his mindless antics—leaving himself as the only problem they do not know what to do with. [Written by MAL Rewrite]","['Adaptation (Manga) Crayon Shin-chan', '']",Crayon Shin-chan,,['Seinen'],,Shin Chan,Shin Chan,,,
58,夢色パティシエール,,['TV'],50,Finished Airing,"Oct 4, 2009 to Sep 26, 2010",['Fall 2009'],Unknown,"['Pierrot', 'Yomiuri Telecasting', 'DAX Production', 'Shueisha']",['Maiden Japan'],['Studio Hibari'],['Manga'],,['School'],24 min. per ep.,G - All Ages,7.84,#953,#2431,"86,671","1,208",41073,"Aside from her deep passion for eating cakes, the clumsy Ichigo Amano has never been successful at anything. After an encounter with Henri Lucas, a famous patissier, Ichigo's amazing tasting abilities—although unbeknownst to her—are discovered. Recognizing her talent, Henri offers her the chance to attend St. Marie Academy, a prestigious culinary school which specializes in desserts. In spite of the fact that she is a beginner lacking skills, thanks to Henri's recommendation, Ichigo is placed in the topmost group with the ""Sweets Princes."" The princes, famous throughout the school for their magical treats, are Sennosuke Andou, an expert in traditional Japanese sweets; Satsuki Hanabusa, with a flair for candied flowers; and Makoto Kashino, a gifted chocolatier. Ichigo and the Sweets Princes, each accompanied by their ""Sweets Spirits""—fairies who make patissiers' dreams come true—all work towards their goals in the competitive world of sweets. [Written by MAL Rewrite]","['Sequel (TV) Yume-iro Pâtissière SP Professional', 'Adaptation (Manga) Yume-iro Pâtissière']",Yume-iro Pâtissière,"Yumeiro Patissiere, YumePati, Dream-Colored Pastry Chef, Yumeiro Pâtissière",['Shoujo'],,Yumeiro Pâtissière,Yumeiro Patissiere,Yumeiro Pâtissière,['Gourmet'],
59,ケロロ軍曹,Sgt. Frog,['TV'],358,Finished Airing,"Apr 3, 2004 to Apr 4, 2011",['Spring 2004'],Unknown,"['TV Tokyo', 'Nihon Ad Systems', 'Rakuonsha']","['ADV Films', 'Funimation', 'Discotek Media']",['Sunrise'],['Manga'],"['Comedy', 'Sci-Fi']",['Parody'],23 min. per ep.,PG-13 - Teens 13 or older,7.70,#1298,#2552,"80,330","1,281",35920,"It is the year 2004 AD, and pandemonium breaks as a mysterious frog-like alien race fills the sky with UFOs—or so 12-year-old Fuyuki Hinata dreams. Coincidentally, Sergeant Keroro, leader of a preliminary squad for the Keronian invasion of Pekopon—the alien name for Earth—begins his mission by invading Fuyuki's home. After subduing the boy and his sister, Keroro plans to reunite with his comrades and return to the mothership to repair his invaluable invasion device, the Kero Ball. Unfortunately, he receives word that headquarters has abandoned his unit's retrieval due to an unprecedented issue that forced the rest of the Keronians to flee. Consequently, Keroro is forced to stay at the Hinata residence together with the friendly, starry-eyed Fuyuki; his athletic, short-tempered sister Natsumi; and their hardworking, attractive mother Aki. Now stuck until further notice, Keroro and his platoon spend each day plotting world domination, but are thwarted each and every time by various unexpected factors. Nevertheless, as they live alongside humans, they learn to treat them as friends and allies, forming comedic yet meaningful connections that make their lives on Earth worthwhile. [Written by MAL Rewrite]","['Prequel (Special) Kero 0: Shuppatsu da yo! Zenin Shuugou!', 'Adaptation (Manga) Keroro Gunsou']",Keroro Gunsou,Sergeant Frog,['Shounen'],,,,,,
60,ハートキャッチプリキュア!,,['TV'],49,Finished Airing,"Feb 7, 2010 to Jan 30, 2011",['Winter 2010'],Sundays at 08:30 (JST),"None found,","None found,",['Toei Animation'],Original,"['Action', 'Comedy']",['Mahou Shoujo'],24 min. per ep.,G - All Ages,7.86,#901,#4025,"34,679",658,13268,"Young flower enthusiast Tsubomi Hanasaki is often modest and quiet. But with her family moving to a new town, she aims to reinvent her image at her new school as someone more confident and outgoing. On moving day, she dreams of a mysterious tree in the sky guarded by a warrior named ""Cure Moonlight."" Tsubomi quickly learns that this was no ordinary dream when she encounters two mysterious fairies—Chypre and Coffret—who are being hunted down by a strange woman. When the woman summons a giant monster to attack the city, Tsubomi finds herself transforming into a warrior to fight the enemy! Taking on the alias ""Cure Blossom,"" Tsubomi learns that the woman is part of a villainous group that aims to turn the world into a lifeless desert, with her new duty being to stop it from happening. As Tsubomi continues to battle more monsters and uncover the secrets behind Cure Moonlight, will she find the confidence needed to overcome her timid nature? [Written by MAL Rewrite]","['Adaptation (Manga) Heartcatch Precure!', 'Adaptation (Novel) Shousetsu Heartcatch Precure!']",Heartcatch Precure!,Heartcatch Pretty Cure!,,,,,,,
61,冬のソナタ,Winter Sonata,['TV'],26,Finished Airing,"Oct 17, 2009 to May 1, 2010",['Fall 2009'],Unknown,"[""Yoon's Color""]","None found,","['Studio Comet', 'KeyEast', 'REALTHING']",Other,"['Drama', 'Romance']",,25 min. per ep.,PG-13 - Teens 13 or older,7.31,#2790,#4705,"24,746",69,5571,"Based on the Korean drama of the same name, Yoo Jin falls in love with Joon Sang as a young girl. After losing him in an accident, she decides to marry her childhood friend. However, Yoo Jin meets someone looking exactly like her lost love, putting her in a bind.","['Adaptation (Manga) Fuyu no Sonata', '']",Fuyu no Sonata,"Winter Ballad, Winter Love Story",,,,,,,
62,ドラえもん (2005),,['TV'],Unknown,Currently Airing,"Apr 22, 2005 to ?",['Spring 2005'],Fridays at 19:00 (JST),['TV Asahi'],"None found,",['Shin-Ei Animation'],['Manga'],"['Comedy', 'Sci-Fi']",['Anthropomorphic'],25 min.,PG - Children,7.71,#1259,#5003,"21,420",239,9589,"Doraemon (2005) is the most recent anime series based on Fujiko Fujio's manga of the same name. It is the 2005 version of 1979 series, with certain changes in the animation and other things. Doraemon is a cat-like robot who appears in the present to steer Nobita/Noby, who is a dumb, naive and clumsy boy on the right path in order to secure his future. Nobita's love interest is Shizuka Minamoto/Sue, his frenemies are Takeshi Goda/Big G and Suneo/Sneech. (Source: Wikipedia)","['Prequel (TV) Doraemon (1979)', 'Adaptation (Manga) Doraemon']",Doraemon (2005),,,,,,,,"['Kids', 'Shounen']"
63,怪談レストラン,,['TV'],23,Finished Airing,"Oct 13, 2009 to Jun 8, 2010",['Fall 2009'],Tuesdays at 19:30 (JST),['TV Asahi'],"None found,",['Toei Animation'],Picture book,"['Horror', 'Mystery', 'Supernatural']",,19 min. per ep.,PG - Children,7.24,#3128,#5403,"17,550",50,5615,"TV Asahi announced a new kids anime ""Kaidan Restaurant (Thriller Restaurant)"" based on a picture book. Each episode will consist of three stories or ""dishes"": the appetizer, the main dish, and dessert. The first two ""dishes"" will deal with an ordinary sixth-grade schoolgirl named Ako Ozara and the bizarre occurrences that befall her classmates. The third ""dish"" will be a standalone short ghost story told by Ako and her friends.",[],Kaidan Restaurant,Thriller Restaurant,['Kids'],,,,,,
64,あにゃまる探偵 キルミンずぅ,,['TV'],50,Finished Airing,"Oct 5, 2009 to Sep 20, 2010",['Fall 2009'],Mondays at 17:30 (JST),"['HAL Film Maker', 'Sotsu', 'Starchild Records', 'MediaNet', 'AT-X', 'JM Animation', 'Aoni Entertainment']","None found,",['Satelight'],Original,,,23 min. per ep.,G - All Ages,7.14,#3665,#6866,"9,627",64,2541,"While searching for a run-away cat the twins Riko and Rimu Mikogami find a strange device that transforms them into ""Kirumin."" It also enables them to turn into real animals. Their older sister Nagisa soon joins them. Now the three have cute, funny and sometimes dangerous adventures.",[],Anyamal Tantei Kiruminzoo,"Anymal Tantei Kiruminzoo, Animal Tantei Kiruminzoo, Animal Detectives Kiruminzoo, Anyamaru Tantei Kiruminzoo, Anyamaru Tantei Kiruminzuu",,,,,,['Comedy'],
65,サザエさん,Mrs. Sazae,['TV'],Unknown,Currently Airing,"Oct 5, 1969 to ?",['Fall 1969'],Sundays at 18:30 (JST),['Fuji TV'],"None found,",['Eiken'],['4-koma manga'],"['Comedy', 'Slice of Life']",,24 min.,G - All Ages,6.14,#9129,#7131,"8,800",39,1933,"The main character is a mother named Sazae-san. She lives in a house with her husband, her kids and her parents. The show is the ultimate family program and tends to follow traditional themes. Think of this show as the Japanese equivalent to ""The Partridge Family"" and you'll get a good feel for this show's atmosphere. Don't expect to see things like violence, swearing, kung-fu action or magical girls. The plots are more like ""Today, Sazae-san goes to the new mall and gets lost"". Such ""boring"" plotlines and the simplistic art are often a turn-off to non-Japanese audiences, but most Japanese find the show incredibly good. As a result, it continues to be one of the top ratings grabbers on TV and is one of the few anime that is considered ""acceptable"" by adults. (Source: AniDB)","['Adaptation (Manga) Sazae-san', '']",Sazae-san,,,,,,,,
66,忍たま乱太郎,,['TV'],Unknown,Currently Airing,"Apr 10, 1993 to ?",['Spring 1993'],Not scheduled once per week,"['NHK', 'Sogo Vision', 'NHK Enterprises']","None found,","['Ajia-do', 'Gakken']",['Manga'],,,10 min.,G - All Ages,7.08,#4017,#7391,"8,012",77,2550,"Taking place in the Sengoku Period, Rantarou, Kirimaru and Shinbei are young students at Ninjutsu Academy, a school that teaches all kinds of youth how to become ninjas. Known as ""Nintamas"" (a contraction of ninja + tama [egg]), the main trio, and many other students at the school, must learn all sorts of unique skills to achieve their goal. Unfortunately, things aren't that simple, since our protagonists constantly find themselves failing their classes. With strict ninja teachers such as Doi-sensei and Yamada-sensei, the mischievous girls from the Kunoichi class, an entire crew of pirates and dozens more interesting characters, anything can happen in the crazy world of Nintama. The episodes are 7 minutes and thirty seconds long each, and each season (which there's currently 29 of) usually has a range of 60-90 episodes.","['Adaptation (Manga) Rakudai Ninja Rantarou', '']",Nintama Rantarou,"Ninja Boy Rantaro, Rakudaii Nintama Rantarou",['Kids'],,,El Ninja Boy Rantaró,,['Comedy'],
67,ちびまる子ちゃん,Little Miss Maruko,['TV'],Unknown,Currently Airing,"Jan 8, 1995 to ?",['Winter 1995'],Sundays at 18:00 (JST),"['Ajia-do', 'Fuji TV', 'Sakura Production']","None found,",['Nippon Animation'],['Manga'],,['School'],23 min.,G - All Ages,7.34,#2626,#7914,"6,770",62,2183,"Momoko Sakura is an elementary school student who likes popular idol Momoe Yamaguchi and mangas. She is often called ""Chibi Maruko-chan"" due to her young age and small size. She lives together with her parents, her grandparents and her elder sister in a little town. In school, she has many friends with whom she studies and plays together everyday, including her close pal, Tama-chan; the student committee members, Maruo-kun and Migiwa-san; and the B-class trio: 'little master' Hanawa-kun, Hamaji-Bu Taro and Sekiguchi-kun. This is a fun-loving and enjoyable anime that portrays the simple things in life. (Source: ANN)","['Prequel (TV) Chibi Maruko-chan', 'Adaptation (Manga) Chibi Maruko-chan']",Chibi Maruko-chan (1995),Maruko-chan,['Shoujo'],,,Chibi Maruko-chan,,['Comedy'],
68,くるねこ,,['TV'],50,Finished Airing,"Jul 5, 2009 to Jun 26, 2010",['Summer 2009'],Saturdays at 11:40 (JST),"['Kadokawa Pictures Japan', 'Kansai Telecasting', 'Tokai Television']","None found,",['DAX Production'],['Manga'],"['Comedy', 'Slice of Life']",['Pets'],2 min. per ep.,G - All Ages,7.19,#3433,#8796,"5,217",11,1287,Based on a manga about cats and their sake loving owner.,"['Sequel (TV) Kuruneko 2nd Season', 'Adaptation (Manga) Kuruneko']",Kuruneko,Kuru Neko,,,,,,,
69,それいけ！アンパンマン,,['TV'],Unknown,Currently Airing,"Oct 3, 1988 to ?",['Fall 1988'],Fridays at 16:20 (JST),"['Sotsu', 'Nippon Television Network']","None found,",['TMS Entertainment'],Picture book,"['Comedy', 'Fantasy']",,24 min.,PG - Children,6.58,#6586,#9190,"4,609",31,1738,"One night, a Star of Life falls down the chimney of a bakery nestled deep in the forest, causing the dough in the oven to come to life. The dough becomes Anpanman, a superhero made of anpan (a sweet roll with bean jam filling). Together with his friends, Anpanman fights his rival Baikinman and helps the malnourished. (Source: ANN)",[],Sore Ike! Anpanman,"Soreike! Anpanman, Go! Anpanman, Anpanman TV",['Kids'],,,,,,
70,バトルスピリッツ 少年激覇ダン,,['TV'],50,Finished Airing,"Sep 13, 2009 to Sep 5, 2010",['Fall 2009'],Unknown,"None found,","None found,",['Sunrise'],Card game,,,23 min. per ep.,PG - Children,6.96,#4538,#9295,"4,435",11,1720,"Dan Bashin is a spirited teenager known for his aggressive playstyle in the card game Battle Spirits, earning him the title of ""Clash King."" One day, a mysterious green-haired girl transports him to the otherworldly land of ""Grand Rolo,"" where disputes are settled by card duels. Upon his arrival, Dan is immediately thrust into a conflict between the kingdom's imperial army and its oppressed natives. There, he learns that he is a prophetic warrior known as a ""bearer of cores' light,"" chosen to save the land from its evil king. Accompanied by a young boy named Zungurii and the eccentric witch Magisa, Dan travels across Grand Rolo and encounters the other chosen warriors through card battles. With the name of the Clash King gaining fame throughout Grand Rolo, secrets that lurk within the shadows of the kingdom's colonial past begin to surface. Only time will tell if Dan's campaign will affect the world on a scale much larger than he ever could have imagined. [Written by MAL Rewrite]","['Sequel (TV) Battle Spirits: Brave', 'Adaptation (Manga) Battle Spirits: Shounen Gekiha Dan']",Battle Spirits: Shounen Gekiha Dan,Battle Spirits Season 2,,"['Isekai', 'Military', 'Strategy Game']",,,,['Adventure'],
71,毎日かあさん,Kaasan: Mom's Life,['TV'],142,Finished Airing,"Apr 1, 2009 to Mar 25, 2012",['Spring 2009'],Unknown,['Nihon Ad Systems'],"None found,","['Gallop', 'TYO Animations', 'Dongwoo A&E']",['Manga'],"['Comedy', 'Slice of Life']",['Childcare'],20 min. per ep.,PG - Children,7.22,#3274,#10186,"3,347",24,1068,Based on Rieko Saibara's humorous semi-autobiographical manga about her life raising her two children.,[],Mainichi Kaasan,"Mainichi Kaa-san, Every Day Mom",,,Kaasan Mom's Life,Kaasan Mom's Life,Kaasan Mom's Life,,
72,クッキンアイドル　アイ！マイ！まいん！,,['TV'],305,Finished Airing,"Mar 30, 2009 to Mar 22, 2013",['Spring 2009'],Unknown,"['NHK', 'Nihon Ad Systems']","None found,",['Studio Deen'],Original,"['Comedy', 'Gourmet']",,6 min. per ep.,PG - Children,6.25,#8567,#10690,"2,884",9,739,"Cooking Idol teaches children how to cook through instruction of the main character, MAIN. The show itself is divided into an animated segment featuring MAIN, and a live-action segment featuring the voice actor of MAIN, Fukuhara Haruka, as she practices the cooking herself. The live-action segment is not included in the avg episode duration.",[],Cookin' Idol Ai! Mai! Main!,Cooking Idol,['Kids'],,,,,,
73,スティッチ！～いたずらエイリアンの大冒険～,Stitch! The Mischievous Alien's Great Adventure,['TV'],29,Finished Airing,"Oct 13, 2009 to Jun 29, 2010",['Fall 2009'],Unknown,['Tohokushinsha Film Corporation'],"None found,",['Madhouse'],Other,"['Adventure', 'Comedy', 'Sci-Fi']",,25 min. per ep.,G - All Ages,6.15,#9116,#10751,"2,826",3,929,"The second season of Stitch!, episode numbers continue from 27.","['Prequel (Special) Stitch!: Piko Kara no Chousenjou', 'Sequel (TV) Stitch!: Zutto Saikou no Tomodachi', 'Sequel (Special) Stitch!: Itazura Alien no Daibouken - Uchuu Ichi no Oniichan', '']",Stitch! Itazura Alien no Daibouken,Stitch! 2,['Kids'],,Yuna & Stitch Staffel 2,,,,
74,増田こうすけ劇場 ギャグマンガ日和+,,['TV'],12,Finished Airing,"Jan 5, 2010 to Jun 29, 2010",['Winter 2010'],Tuesdays at 02:14 (JST),"['Bandai Visual', 'Yomiuri Telecasting', 'Kids Station', 'Shueisha']","None found,",['Studio Deen'],['Manga'],,['Gag Humor'],5 min. per ep.,PG-13 - Teens 13 or older,6.93,#4679,#10843,"2,747",1,856,Based on a shounen gag manga by Masuda Kousuke serialised in Monthly Shounen Jump.,"['Prequel (TV) Masuda Kousuke Gekijou: Gag Manga Biyori 3', 'Sequel (TV) Masuda Kousuke Gekijou: Gag Manga Biyori Go', 'Adaptation (Manga) Masuda Kousuke Gekijou: Gag Manga Biyori', '']",Masuda Kousuke Gekijou: Gag Manga Biyori +,Gyagu Manga Biyori +,,,,,,['Comedy'],
75,おじゃる丸,Prince Mackaroo,['TV'],Unknown,Currently Airing,"Oct 5, 1998 to ?",['Fall 1998'],Not scheduled once per week,['NHK'],['Enoki Films'],['Gallop'],Original,"['Adventure', 'Award Winning', 'Comedy', 'Fantasy']",,10 min.,G - All Ages,6.39,#7746,#11556,"2,226",5,553,"In the Heian era, around 1000 years ago, a young boy of noble family named Ojarumaru is bored with his life of privilege. Meanwhile, three demons steal the power-stick of Enma, king of demons, and then lose it. Ojarumaru finds it, and uses it to transport himself to the present time. Here, he is befriended by a young boy named Kazuma, and becomes a member of his family. As time goes on, Ojarumaru makes many new friends, while dodging the comedic efforts of the three demons, Akane, Kisuke, and Aobee, as they try to recover the stick. (from ANN)","['Adaptation (Manga) Ojarumaru', '']",Ojarumaru,,['Kids'],,,,,,
76,たまごっち!,,['TV'],143,Finished Airing,"Oct 12, 2009 to Sep 3, 2012",['Fall 2009'],Unknown,"None found,","None found,",['OLM Digital'],Game,,,25 min. per ep.,G - All Ages,6.34,#8029,#11901,"2,006",11,552,The stories will follow the daily lives of the Tamagotchi and feature new characters and settings. (Source: ANN),"['Sequel (TV) Tamagotchi! Yume Kira Dream', '']",Tamagotchi!,,['Kids'],,,,,['Comedy'],
77,親子クラブ,,['TV'],1818,Finished Airing,"Oct 3, 1994 to Mar 30, 2013",['Fall 1994'],Unknown,['Fuji TV'],"None found,",['Eiken'],Original,"['Comedy', 'Slice of Life']",,5 min. per ep.,G - All Ages,5.47,#12199,#13602,"1,198",0,442,This anime was running almost 20 years and has over 1800 episodes.,[],Oyako Club,,,,,,,,
78,ご姉弟物語,,['TV'],32,Finished Airing,"Oct 10, 2009 to Jun 26, 2010",['Fall 2009'],Unknown,['TV Asahi Music'],"None found,","None found,",['Manga'],,,19 min. per ep.,G - All Ages,[],#18223,#15571,692,1,,"Japan's TV Asahi network will premiere a television anime adaptation of Tetsu Adachi's Baka-Kyoudai (Idiotic Siblings) manga under the title Gokyoudai Monogatari (Sibling Stories) on October 10. The original manga has been running on an irregular schedule in Kodansha's Young Magazine since 1999. The story centers on a sister and her twin brother who live carefree lives in Tokyo's lower-class neighborhoods and have heartwarming encounters with the local people. It received an award of excellence at the 7th Cultural Media Arts Festival in 2003. Yuki Matsuoka will voice the sister Onei Jinushi, and Yumiko Kobayashi will play her twin brother Junichirō Jinushi. Sayaka Ohara will play the local restaurant waitress Shizuka.",[],Gokyoudai Monogatari,,,,,,,['Comedy'],
79,ちーすい丸,,['TV'],41,Finished Airing,"Feb 6, 2010 to Nov 26, 2010",['Winter 2010'],Unknown,"None found,","None found,","None found,",Original,,,1 min. per ep.,G - All Ages,5.79,#10971,#15690,672,1,133,"The offensive and defensive battles between Nobuo, an office worker, and Chi-Sui Maru, a mosquito.","['Sequel (TV) Chi-Sui Maru 2nd Season', '']",Chi-Sui Maru,Chii-Sui Maru,,,,,,['Comedy'],
80,えほん寄席,,['TV'],73,Finished Airing,"Apr 2006 to Nov 11, 2023",['Spring 2006'],Unknown,"['NHK', 'Pony Canyon']","None found,","None found,",Other,,,5 min. per ep.,PG - Children,[],#17873,#17187,488,0,,Anime rakugo of classic Japanese horror tales shown in a wide variety of art styles.,[],Ehon Yose,,['Kids'],"['Historical', 'Performing Arts']",,,,['Horror'],
81,ローズオニール キューピー,,['TV'],26,Finished Airing,"Dec 2, 2009 to May 26, 2010",['Winter 2010'],Unknown,"None found,","None found,",['TMS Entertainment'],Other,,,5 min. per ep.,G - All Ages,[],#21428,#17289,477,0,,"Kewpie, the babylike doll that the late American artist Rose O'Neill created for Ladies' Home Journal magazine in 1909, will celebrate its 100th anniversary this December with its first animated project. (Source: ANN)",[],Rose O'Neill Kewpie,,,,,,,['Comedy'],
82,パンパカパンツ,Panpaka Pantsu,['TV'],27,Finished Airing,"Oct 1, 2008 to Oct 22, 2015",['Fall 2008'],Unknown,['Shizuoka Broadcasting System'],"None found,",['DLE'],Original,,,15 sec. per ep.,G - All Ages,[],#20959,#17400,467,2,,A series of shorts about pigs who wear underpants.,[],Panpaka Pants,"Panpaka Panties, Panpaka Underwear",['Kids'],,,,,['Comedy'],
83,ケシカスくん,,['TV'],44,Finished Airing,"Jan 12, 2010 to Apr 1, 2011",['Winter 2010'],Not scheduled once per week,"None found,","None found,",['Shogakukan Music & Digital Entertainment'],['Manga'],,,1 min. per ep.,G - All Ages,[],#19401,#18547,379,0,,Keshikasu-kun is an anthropomorphism anime about stationery. The main character is the eraser Keshikasu who aims to be an idol of the stationary world. He fights against other stationary and erases a mechanical pencil or gets crushed by a permanent marker.,[],Keshikasu-kun,,['Kids'],,,,,['Comedy'],
84,株式会社ZOO,,['TV'],12,Finished Airing,"Jan 20, 2010 to Aug 30, 2010",['Winter 2010'],Unknown,"['NHK', 'Milky Cartoon', 'Opera House']","None found,","None found,",Original,,,2 min. per ep.,PG - Children,[],#19171,#19782,298,0,,No synopsis information has been added to this title. Help improve our database by adding a synopsis here.,[],Kabushiki Kaisha Zoo,"Ltd. Zoo, Kabushiki Gaisha Zoo",['Kids'],,,,,['Comedy'],
85,헬로 코코몽,Hello Cocomong,['TV'],13,Finished Airing,"Feb 26, 2010 to Feb 25, 2011",['Winter 2010'],Fridays at Unknown,"None found,","None found,","None found,",Original,,['Music'],9 min. per ep.,G - All Ages,[],#18530,#20163,278,1,,"I can dance! I can sing! So, I can speak English! Hello Cocomong is a series of musical episodes teaching kids through song and dance. A large amount of episodes are aimed to teach English to Korean speaking children, though the intention is lost with the official English dub of the show.","['Sequel (TV) Hello Cocomong 2', '']",Hello Cocomong,,['Kids'],,,,,,
86,コケッコーさん,Kokomom,['TV'],26,Finished Airing,"Nov 18, 2009 to May 19, 2010",['Fall 2009'],Wednesdays at 16:40 (JST),"['Genco', 'G&G Entertainment']","None found,","None found,",Picture book,,,26 min. per ep.,G - All Ages,[],#19515,#20282,271,0,,"Full CG anime series based on artist Karoku-Kobo's series of Kokekko-san picture books. The story about the daily life of Kokekko-san, a motherly egg with chicken features that raises her chicks. Each episode is a 2-part story. (Source: AniDB)",[],Kokekkou-san,Wageul-wageul Kokomom,['Kids'],,,,,,
87,忍者玉丸 東海道五十三次,,['TV'],26,Finished Airing,"Dec 26, 2009 to Jun 26, 2010",['Winter 2010'],Unknown,"None found,","None found,","None found,",Original,,['Martial Arts'],5 min. per ep.,G - All Ages,[],#20688,#20521,257,0,,The third season of Ninja Tamamaru.,"['Prequel (TV) Shin Ninja Tamamaru', '']",Ninja Tamamaru: Toukaidou Gojuusan-ji,The Fifty-Three Stations of the Toukaidou,['Kids'],,,,,,
88,쿵푸 공룡 수호대,Kung Fu Dino Posse,['TV'],40,Finished Airing,"Nov 12, 2009 to Sep 4, 2010",['Fall 2009'],Unknown,"None found,","None found,","None found,",Original,,['Martial Arts'],22 min. per ep.,PG - Children,[],#19669,#21884,181,0,,"In the city of Megalopolis, six dinosaurs are thawed out in the basement of the museum when young aspiring paleontologist and technological genius Edgar Chudley accidentally causes a city wide blackout. One year later, Edgar discovers that four of the dinos have been living in the museum basement and have taught themselves kung fu. They befriend Edgar and the group now work together to foil the plans of the other two dinos, raptor brothers evil Skor and dimwitted Skrap, who hunt for crystals that contain mutant DNA with which Skor can create monstrous dinosaurs to conquer the world. (Source: TVTropes)",[],Kung Fu Gonglyong Suhodae,,['Kids'],,,,,['Fantasy'],
89,神兽金刚,,['TV'],46,Finished Airing,"Jan 15, 2009 to Dec 31, 2010",['Winter 2009'],Tuesdays at 08:30 (JST),"None found,","None found,","None found,",Original,"['Action', 'Sci-Fi']",['Mecha'],15 min. per ep.,G - All Ages,[],#14113,#22143,170,0,,"Many years ago, the ambitious Dark Emperor who wanted to rule the universe endangered the environment and destroyed peace. In order to stop him, the leader of the universe, Big Dipper King, finally sealed the Dark Emperor under the polar ice rocks after a great battle. In order to prevent the Dark Emperor from breaking the seal, the Big Dipper King discovered the six God Beasts of the Earth under the guidance of the Earth’s monks. Fusing technology and the energy of the Big Dipper, he created six God Beasts Mechas and left behind his son, the Qilin King. The six God Beast Mechas are Qilin, Qinglong, Baihu, Xuanwu, Zhuque, and Yinglong. Only six children with super powers can pilot these God Beasts.","['Sequel (TV) Shen Shou Jin Gang 2: Tianshen De Shou', '']",Shen Shou Jin Gang,,['Kids'],,,,,,
90,橡皮泥小镇,,['TV'],365,Finished Airing,Oct 2009 to Dec 2010,['Fall 2009'],Unknown,"None found,","None found,","None found,",Original,,,10 min. per ep.,PG - Children,[],#15499,#22364,161,0,,No synopsis information has been added to this title. Help improve our database by adding a synopsis here.,[],Xiangpi Ni Xiao Zhen,,['Kids'],,,,,,
91,吉祥猫可可,Copy Cat,['TV'],26,Finished Airing,Jan 2009 to Jan 2011,['Winter 2009'],Unknown,"None found,","None found,","None found,",Unknown,,,12 min. per ep.,PG - Children,[],#19112,#23592,121,0,,No synopsis information has been added to this title. Help improve our database by adding a synopsis here.,[],Jixiang Mao Keke,,['Kids'],,,,,['Fantasy'],
92,麦圈可可远古大冒险,Maiquan & Keke's Ancient Adventures,['TV'],46,Finished Airing,Feb 2010 to Oct 2010,['Winter 2010'],Unknown,"None found,","None found,","None found,",Original,,,11 min. per ep.,PG - Children,[],#19967,#23667,119,0,,No synopsis information has been added to this title. Help improve our database by adding a synopsis here.,"['Prequel (TV) Maiquan Keke Man Youji', 'Sequel (TV) Maiquan Keke Xunbao Ji']",Maiquan Keke Yuangu Da Maoxian,,['Kids'],,,,,['Adventure'],
93,外星人小闹闹,The Extraterrestrial Nano,['TV'],52,Finished Airing,Sep 2009 to Jul 2010,['Fall 2009'],Unknown,"None found,","None found,","None found,",Original,,,10 min. per ep.,PG - Children,[],#15212,#24049,111,0,,No synopsis information has been added to this title. Help improve our database by adding a synopsis here.,[],Waixingren Xiao Nano,Wai Xing Ren Xiao Nao Nao,['Kids'],,,,,,
94,おべとも学園,,['TV'],200,Finished Airing,Apr 2008 to Mar 2013,['Spring 2008'],Unknown,['NHK'],"None found,","None found,",Original,,['School'],2 min. per ep.,G - All Ages,[],#20781,#24010,112,0,,A series by Japanese illustrator Obetomo which aired on NHK's Shakin! program.,[],Obetomo Gakuen,,,,,,,['Slice of Life'],
95,와글와글 꼬꼬맘,,['TV'],52,Finished Airing,"Nov 18, 2009 to May 19, 2010",['Fall 2009'],Unknown,"None found,","None found,","None found,",Original,,['Anthropomorphic'],13 min. per ep.,PG - Children,[],#15202,#24048,111,0,,No synopsis information has been added to this title. Help improve our database by adding a synopsis here.,[],Wageul-wageul Kokomom,,['Kids'],,,,,['Fantasy'],
96,太昊伏羲,,['TV'],26,Finished Airing,Jan 2010 to Feb 2011,['Winter 2010'],Unknown,"None found,","None found,","None found,",Other,,,13 min. per ep.,PG - Children,[],#14676,#24344,105,0,,No synopsis information has been added to this title. Help improve our database by adding a synopsis here.,[],Tai Hao Fuxi,,['Kids'],,,,,,
97,小鼠乒乒之成语大典,,['TV'],52,Finished Airing,Aug 2009 to Jul 2010,['Summer 2009'],Unknown,"None found,","None found,","None found,",Other,,,11 min. per ep.,PG - Children,[],#15611,#24590,101,0,,No synopsis information has been added to this title. Help improve our database by adding a synopsis here.,[],Xiao Shu Ping Ping: Chengyu Dadian,,['Kids'],,,,,,
98,ロボと少女（仮）,,['ONA'],9,Finished Airing,"Jun 16, 2010 to Jun 19, 2011",,,"None found,","None found,","None found,",Original,"['Action', 'Comedy', 'Sci-Fi']",['Mecha'],1 min. per ep.,PG-13 - Teens 13 or older,5.36,#12548,#11419,"2,324",2,940,"Bomahead is about a girl and a robot who live in a junkyard. The robot claims he wants to fight for justice with hero-like abilities, but everything always turns out wrong. The mystery behind the girl and the robot are unraveled through a rapid succession of unexpected turn of events.",[],Robo to Shoujo (Kari),"100-Second Cinema Robo to Shoujo (Kari), 100 Byou Cinema: Robo to Shoujo (Kari), Bomahead",,,,,,,
99,神戸と私,,['ONA'],1,Finished Airing,"May 9, 2010",,,"None found,","None found,","None found,",Original,"['Comedy', 'Slice of Life']",,4 min.,G - All Ages,4.54,#13632,#12627,"1,583",0,949,The short follows a college student named Ai-chan as she wanders aimlessly around Kobe. An unusual figure appears to help guide her around the city. (Source: ANN),[],Kobe to Watashi,"Kobe and Ai, Kobe and I",,,,,,,
100,機兵戦記レガシーズ,,['ONA'],1,Finished Airing,"Apr 1, 2010",,,['Trick Block'],"None found,","None found,",Original,,['Mecha'],52 sec.,G - All Ages,4.36,#13697,#13377,"1,269",0,427,"This entry was originally meant to be a 52 episode TV series. Unfortunately, the project was canceled, leaving only a 52 second trailer. The concept of the series: The story takes place in Kisshou City, one of a few remaining oases surrounded by lifeless land devastated by a long world war. Wreckages of humanoid weapons, called ""Legacies"", are collected and reassembled by the residents of the city. One day, a gang of bandits approaches the city to seize the secrets hidden in the Legacies. The mayor decides to intercept them with a special robot Ω99, which has remained intact since the war. A teenage boy Yamato is called up for the pilot. He is just an ordinary gamer who doesn't even know about the city's crisis.",[],Kihei Senki Legacies,,,,,,,['Fantasy'],
101,,,['ONA'],1,Finished Airing,"Jun 4, 2010",,,"None found,","None found,","None found,",Original,,,30 sec.,G - All Ages,4.55,#13621,#13708,"1,162",0,624,Short animation by Yutaro Kubo.,[],Color Noise,,,,,,,['Avant Garde'],
102,ヒピラくん,,['ONA'],2,Finished Airing,"Apr 7, 2010",,,"None found,","None found,",['Sunrise'],Picture book,"['Comedy', 'Fantasy', 'Supernatural']",['Vampire'],5 min. per ep.,PG - Children,5.67,#11517,#13841,"1,117",1,517,The phone-only episodes 11 & 12 of Hipira-kun.,"['Prequel (TV) Hipira-kun', 'Sequel (Special) Hipira-kun Special', 'Adaptation (Manga) Hipira: The Little Vampire', '']",Hipira-kun ONA,"Hipira-kun Episode 11, Hipira-kun Episode 12",['Kids'],,,,,,
103,進め！ガチムチ３兄弟,,['ONA'],1,Finished Airing,"Jun 2, 2010",,,"None found,","None found,",['TMS Entertainment'],Original,,,3 min.,PG-13 - Teens 13 or older,4.67,#13546,#16163,604,0,253,A short comedy show about 3 brothers who work out at a gym.,[],Susume! Gachimuchi Sankyoudai,,,,,,,['Comedy'],
104,ポテッコベイビーズ,,['ONA'],2,Finished Airing,"May 17, 2010 to Sep 4, 2010",,,"None found,","None found,",['Shin-Ei Animation'],Original,,,3 min. per ep.,G - All Ages,4.89,#13339,#16404,571,0,256,Anime about potato characters.,"['Sequel (ONA) Potecco Babies (2011)', '']",Potecco Babies,Potekko Babies,,,,,,['Comedy'],
105,なんちゃって!,,['ONA'],2,Finished Airing,"May 14, 2010",,,"None found,","None found,",['Shin-Ei Animation'],Unknown,,['Parody'],53 sec. per ep.,G - All Ages,[],#20573,#18558,378,0,,A satire gag story about politics for adults.,[],Nanchatte!,,,,,,,['Comedy'],
106,ヤイヤイ森のコミー,,['ONA'],15,Finished Airing,"Apr 14, 2010 to Apr 2, 2013",,,"None found,","None found,","None found,",Original,,['Parody'],3 min. per ep.,G - All Ages,[],#15966,#20123,280,0,,A gag anime about forest creatures. Director/animator Matsumoto Keisuke voices all the characters.,[],Yaiyai Mori no Comic,,,,,,,['Comedy'],
107,Greedy Steady,,['ONA'],1,Finished Airing,"Apr 21, 2010",,,"None found,","None found,","None found,",Original,,['Anthropomorphic'],2 min.,G - All Ages,[],#18258,#21301,213,0,,A short film by Haruka Suzuki.,[],Greedy Steady,,,,,,,['Drama'],
108,SOCKPUPPET!,,['ONA'],1,Finished Airing,"Jun 12, 2010",,,"None found,","None found,","None found,",Original,"['Comedy', 'Supernatural']",,1 min.,PG-13 - Teens 13 or older,[],#14462,#23607,121,0,,"Comedic animation about a girl playing with sock puppets until mayhem ensues, released on Seo-Ro Oh (Osro)'s YouTube channel.",[],Sockpuppet!,Sock Puppet,,,,,,,
109,キス×シス,,['OVA'],12,Finished Airing,"Dec 22, 2008 to Apr 6, 2015",,,"None found,",['Discotek Media'],['feel.'],['Manga'],"['Comedy', 'Romance', 'Ecchi']",,24 min. per ep.,R+ - Mild Nudity,6.79,#5367,#750,"341,040","1,322",189338,"When Keita Suminoe's father remarried, not only did he gain a new mother, but elder twin sisters as well. Distinct yet similar, the homely and mature Ako is a former student council president, while the athletic and aloof Riko is the previous disciplinary president. The three of them have been together since kindergarten, resulting in a deep bond between the siblings. However, over time, their relationship developed into something more romantic—and erotic . Now in his last year of middle school, Keita has already received a sports recommendation, but it's from a different high school than his two sisters. Disappointed, both sisters try to change his mind, and he agrees, giving in to their desperate pleas. Unaware of the consequences, he now has to attempt to study for his high school exams while warding off the advances of his lust-driven sisters. With their parent's blessings, Ako and Riko strive to be Keita's future wife, leaving him to try his best to keep the relationship between them strictly platonic. However, with two beautiful girls vying for his attention, will Keita be able to withstand the endless temptations? [Written by MAL Rewrite]","['Adaptation (Manga) Kiss x Sis', '']",Kiss x Sis,Kissxsis,['Seinen'],"['Harem', 'School']",,,,,
110,BLACK LAGOON Roberta's Blood Trail,Black Lagoon: Roberta's Blood Trail,['OVA'],5,Finished Airing,"Jun 27, 2010 to Jun 22, 2011",,,"['Shogakukan-Shueisha Productions', 'NBCUniversal Entertainment Japan']",['Funimation'],['Madhouse'],['Manga'],,,33 min. per ep.,R+ - Mild Nudity,8.02,#642,#826,"313,841","1,431",177914,"Crime never sleeps in Roanapur, and neither does Roberta—a devoted maid and skilled guerilla soldier in service to the Venezuelan Lovelace family. After the assassination of her superior by the US Secret Service, Roberta returns to the city of debauchery in search of vengeance and his killer's head. Meanwhile, young Fernando Garcia Lovelace, the new heir to his father's estate, tails Roberta to Thailand alongside his bodyguard, Fabiola Iglesias. He enlists the help of the Lagoon Company, with the objective of deterring Roberta's warpath and bringing her back to the family. However, with the continued bloodshed and mounting tensions between Roberta, island crime factions, and the US military, it will take a significant amount of strategy—and weaponry—to stop her relentless quest for revenge. [Written by MAL Rewrite]","['Prequel (TV) Black Lagoon: The Second Barrage', 'Adaptation (Manga) Black Lagoon']",Black Lagoon: Roberta's Blood Trail,Black Lagoon 3,['Seinen'],"['Adult Cast', 'Organized Crime']",,Black Lagoon: Roberta´s Blood Trail,Black Lagoon : Roberta's Blood Trail,['Action'],
111,To LOVEる -とらぶる-,,['OVA'],6,Finished Airing,"Apr 3, 2009 to Apr 2, 2010",,,['Shueisha'],"None found,",['Xebec'],['Manga'],"['Comedy', 'Romance', 'Sci-Fi', 'Ecchi']",,25 min. per ep.,R+ - Mild Nudity,7.24,#3148,#1398,"181,845",286,103321,"Episode 01: Rito becomes a Woman Lala invents a gizmo to make her bust bigger. However, this invention of hers accidentally turns Rito into a woman. Episode 02: Rito and Mikan Feeling lonely because Rito is always spending time with Lala, Mikan storms out of the house. While Rito and Lala are out looking for her a few flashbacks from the past, showing Rito and Mikan as kids, are shown. Episode 03: Welcome to the Southern Resort!! Haruna wins an island resort trip for ten females. Rito gets turned into a dog by one of Lala's inventions and somehow ends up on the island as well. Episode 04: Trouble Quest Rito and the girls become trapped inside an RPG game where the objective is to save Lala and defeat the evil witch Kyouko. Episode 05: Nana and Momo Lala's sisters cause mischief for Rito and his harem at a cherry blossom viewing. Episode 06: Draft, Metamorphose, Hand & Tail Yami and Yui confront with a senior, causing Yui to lose her panties. Mikan finds Peke taking snapshots of new clothing while shopping. Suddenly, a stranger steals her bag. As Rito tries to explore Lala's cleaned-up bedroom, he accidentally activates one of Lala's invention, fusing his hand to Lala's tail.","['Adaptation (Manga) To LOVE-Ru', '']",To LOVE-Ru OVA,"To-LOVE-Ru OVA, Trouble OVA, To Love You OVA",['Shounen'],"['Harem', 'School']",To Love Ru - OVA,,,,
112,ワンピース　フィルム　ストロングワールド　エピソードゼロ,,['OVA'],1,Finished Airing,"Apr 16, 2010",,,"None found,","None found,",['Toei Animation'],['Manga'],"['Adventure', 'Fantasy']",,18 min.,PG-13 - Teens 13 or older,7.92,#786,#2386,"88,966",50,49770,"Set over 20 years prior to the main One Piece story, this limited release OVA chronicles the confrontation between Gold Lion Shiki and Gold Roger as well as other events around the world around the time of the Pirate King's execution.","['Sequel (Movie) One Piece Film: Strong World', 'Adaptation (One-shot) One Piece: Strong World']",One Piece Film: Strong World Episode 0,,['Shounen'],,,,,,
113,灼眼のシャナS,Shakugan no Shana S: OVA Series,['OVA'],4,Finished Airing,"Oct 23, 2009 to Sep 29, 2010",,,"['Geneon Universal Entertainment', 'ASCII Media Works', 'Showgate']",['Funimation'],['J.C.Staff'],['Light novel'],"['Action', 'Drama', 'Fantasy', 'Romance']",,28 min. per ep.,PG-13 - Teens 13 or older,7.33,#2680,#2436,"86,347",101,42204,"Find out what happens when Yuji accidentally triggers a found Treasure Tool while it's pointed at Shana! Then, Yuji teams up with Wilhelmina to stalk their fiery friend—whose secrecy has become unsettling. Finally, in a two-part special, Shana tracks a Denizen's trail by sorting through a Torch's memories for clues. Her sleuth skills reveal a teenage girl's heartwarming last days and a predator with a serious identity crisis! (Source: FUNimation)","['Prequel (TV) Shakugan no Shana II (Second)', 'Sequel (TV) Shakugan no Shana III (Final)', 'Adaptation (Manga) Shakugan no Shana', 'Adaptation (Light Novel) Shakugan no Shana']",Shakugan no Shana S,Shakugan no Shana OVA 2,,"['School', 'Urban Fantasy']",,,,,
114,xxxHOLiC 籠,,['OVA'],2,Finished Airing,"Apr 23, 2010 to Mar 9, 2011",,,"['Kodansha', 'Fonishia']","None found,",['Production I.G'],['Manga'],"['Drama', 'Mystery', 'Supernatural']",,34 min. per ep.,PG-13 - Teens 13 or older,8.18,#415,#2735,"71,861",190,33431,"Ten years after the events of xxxHOLiC Shunmuki, a melancholic Kimihiro Watanuki has taken over the shop formerly run by the mysterious Yuuko due to a promise he made to her. His companions Maru, Moro, and Mokona live together with him in relative contentment, and some familiar faces arrive every now and then: former rival turned-steadfast friend Shizuka Doumeki, and the former psychic prodigy Kohane Tsuyuri. While Kohane studies folklore under Doumeki at university, they encounter a case that is perfect for the master of the shop. Eventually, Watanuki receives a visit from Doumeki's grandfather, Haruka. He requests that Watanuki investigates his grandson's dreams. While inside the dream world, he discovers how their past adventures played out from Doumeki's perspective of view, leading Watanuki to discover truths from 10 years ago and secrets about the ties that bind their friendship. [Written by MAL Rewrite]","['Prequel (OVA) xxxHOLiC Shunmuki', 'Adaptation (Manga) xxxHOLiC']",xxxHOLiC Rou,xxxHOLiC Rou: Adayume,['Seinen'],,,,,,
115,恋する暴君,The Tyrant Falls In Love,['OVA'],2,Finished Airing,"Jun 25, 2010 to Nov 27, 2010",,,['On-Lead'],"None found,",['PrimeTime'],['Manga'],"['Boys Love', 'Comedy', 'Erotica']",,29 min. per ep.,R+ - Mild Nudity,6.90,N/A,#2753,"70,673",318,39659,"Tetsuhiro Morinaga is in love with his upperclassman Souichi Tatsumi. He even manages to confess his love. Too bad it turns out that Tatsumi is an aggressive, self-centered, and outspoken homophobe. Yet somehow, Tetsuhiro managed to fall in love with Tatsumi, the ""walking personality disorder,"" who is the kind of man who declares that all gay men should be wiped off the face of the planet. An unfortunate accident with an aphrodisiac drug brings the two men physically together against Souichi's will. The experience has a life-changing effect on both men. But will it ultimately bring them closer or drive them apart?","['Adaptation (Manga) Koisuru Boukun', '']",Koisuru Boukun,"Koi Suru Boukun, Koisuru Bokun",,,,,,,
116,生徒会長に忠告,"Hey, Class President!",['OVA'],2,Finished Airing,"Nov 27, 2009 to Apr 18, 2010",,,['On-Lead'],"None found,",['PrimeTime'],['Manga'],"['Boys Love', 'Comedy', 'Drama', 'Erotica']",['School'],30 min. per ep.,R+ - Mild Nudity,6.91,N/A,#3340,"49,504",110,26045,"Even as he tries to keep the student council president out of trouble, Vice President Chiga-kun finds himself being drawn to the president's strength and power. Chiga-kun wonders how he, being such an intelligent individual, can be so unwillingly taken with a boy who is so country and simple... (Source: Aarinfantasy)","['Adaptation (Manga) Seitokaichou ni Chuukoku', '']",Seitokaichou ni Chuukoku,"Hey Class President, High-School Love, Highschool Love",,,,,,,
117,今日、恋をはじめます,Today We Start Our Love,['OVA'],2,Finished Airing,"Jun 25, 2010 to Oct 23, 2010",,,"None found,","None found,",['J.C.Staff'],['Manga'],,['School'],20 min. per ep.,PG-13 - Teens 13 or older,6.43,#7492,#4054,"34,204",92,16720,"Hibino Tsubaki is a shy, kind, and slightly old-fashioned girl who has always been the top student in her class. She always did everything her parents wanted her to do. She loved to do other girls' hair in trendy and cute styles, despite always wearing plain braids herself. On her first day of high school at the opening ceremony, she is astonished to see that the top student giving the opening speech is not only somebody else, but also the rudest boy she has ever seen. This delinquent turns out to be her new classmate, Kyouta Tsubaki. Kyouta teases Hibino, drawing attention to their similar last names. The two are both top of their class, but are different in every other way. Even though it seems that they cannot stand each other, fate has something else in store for them…","['Adaptation (Manga) Kyou, Koi wo Hajimemasu', '']","Kyou, Koi wo Hajimemasu",,['Shoujo'],,,,,['Romance'],
118,のだめカンタービレ OVA 2,,['OVA'],1,Finished Airing,"Apr 26, 2010",,,"None found,","None found,",['J.C.Staff'],['Manga'],"['Comedy', 'Romance']",['Adult Cast'],11 min.,PG-13 - Teens 13 or older,7.54,#1798,#4259,"30,650",10,15688,"Despite the uncertainty surrounding Shinichi Chiaki's relationship with eccentric pianist Megumi ""Nodame"" Noda, most would assume it is a romantic one—especially Nodame herself, who has professed her love for Chiaki on many occasions. But when a petty quarrel over soy sauce leads Nodame to gratuitously accept a date invitation from Lucas Beaudry, a young French piano prodigy, the highly acclaimed conductor Chiaki experiences true jealousy for the first time in his life. [Written by MAL Rewrite]","['Prequel (TV) Nodame Cantabile Finale', '']",Nodame Cantabile Finale OVA,Nodame Cantabile Finale: Episode 12,['Josei'],,,,,,
119,“文学少女”メモワール,,['OVA'],3,Finished Airing,"Jun 25, 2010 to Dec 24, 2010",,,"['Lantis', 'Pony Canyon', 'Enterbrain', 'Kadokawa Contents Gate', 'T.O Entertainment']","None found,",['Production I.G'],['Light novel'],"['Drama', 'Romance']",['School'],24 min. per ep.,PG-13 - Teens 13 or older,7.24,#3155,#4301,"30,103",29,13895,"Episodes which depict the background stories of ""Bungaku Shoujo"" Movie's main heroines.","['Sequel (Movie) ""Bungaku Shoujo"" Movie', 'Adaptation (Manga) ""Bungaku Shoujo"" to Shi ni Tagari no Pierrot', 'Adaptation (Manga) ""Bungaku Shoujo"" to Ue Kawaku Ghost', 'Adaptation (Light Novel) ""Bungaku Shoujo"" Series']","""Bungaku Shoujo"" Memoire","Book Girl: Memoire, Literature Girl: Memoire",,,,,,,
120,名探偵コナン ～KID in TRAP ISLAND～,Detective Conan OVA 10: Kid in Trap Island,['OVA'],1,Finished Airing,"Apr 14, 2010",,,"None found,","None found,",['TMS Entertainment'],['Manga'],"['Adventure', 'Comedy', 'Mystery']",['Detective'],24 min.,PG-13 - Teens 13 or older,7.75,#1154,#5232,"19,194",22,9120,"In this entirely new story produced specifically for the DVD, Conan leads a group of young detectives against the phantom thief Kaitou Kid, who has his eyes set on a jewel at a hotel on an isolated island. (Source: ANN)",[],Meitantei Conan OVA 10: Kid in Trap Island,,['Shounen'],,,,,,
121,ふくびき！トライアングル～美晴アフター～,,['OVA'],2,Finished Airing,"Apr 30, 2010 to Jan 28, 2011",,,"None found,","None found,",['PoRO'],Visual novel,,,29 min. per ep.,Rx - Hentai,7.00,N/A,#5386,"17,727",69,6977,"Miharu Shinonome has a perfect body. She is very knowledgeable about sexual activities and often takes the lead with her boyfriend Ushio Irifune. In a sudden twist of fate, a horrible accident sends her to the hospital, making Ushio and her sister Futaba extremely concerned about her current state of health. Miharu wakes up losing her memories of Ushio, reverting to her state before she met her boyfriend—shy, moody, and utterly innocent. Moreover, taking advantage of her sister's memory loss, Futaba seduces Ushio as she also harbors feelings for him. Ushio needs to help Miharu regain her memories, all the while trying to remain unfazed by Futaba's lustful seduction. [Written by MAL Rewrite]","['Sequel (OVA) Fukubiki! Triangle: Futaba wa Atafuta ♥', '']",Fukubiki! Triangle: Miharu After,Lucky Draw Triangle ~Miharu After~,,,,,,['Hentai'],
122,ヘタリア Axis Powers ファンディスク,Hetalia Axis Powers Fan Disc,['OVA'],1,Finished Airing,"May 25, 2010",,,['Frontier Works'],['Funimation'],['Studio Deen'],['Web manga'],,,5 min.,PG-13 - Teens 13 or older,7.15,#3657,#5900,"13,953",19,5426,"The Fan Disc includes the unaired episode ""Ore-sama Nikki Sono 2""","['Adaptation (Manga) Hetalia Axis Powers', '']",Hetalia Axis Powers Fan Disc,,,"['Historical', 'Parody']",,,,['Comedy'],
123,学園催眠隷奴,,['OVA'],3,Finished Airing,"Apr 16, 2010 to Sep 21, 2012",,,"['Milky Animation Label', 'MS Pictures']","None found,",['Studio Eromatick'],Visual novel,,,28 min. per ep.,Rx - Hentai,6.66,N/A,#6081,"12,892",55,5023,"Futoshi is fat, smelly, and ugly, so he is teased and bullied by other students. But one day, he receives a parcel from his father who is an inventor. He opens it and finds a cell phone. According to his letter, he can hypnotize anyone using the cell phone. He is doubtful at first, but he visits a woman, Sayuri, who lives next door and tries it.... Yes, it works perfectly. He now plans to take revenge on the students who tease and bully him.... (Source: ErogeShop)",[],Gakuen Saimin Reido,,,,,,,['Hentai'],
124,お嬢様はHがお好き～THE ANIMATION～,,['OVA'],2,Finished Airing,"Apr 23, 2010 to Jul 27, 2010",,,['Pink Pineapple'],"None found,",['T-Rex'],['Manga'],,,28 min. per ep.,Rx - Hentai,7.11,N/A,#6127,"12,672",78,4897,An adaptation of the eromanga illustrated by Bosshi.,"['Adaptation (Manga) Ojousama wa H ga Osuki', '']",Ojousama wa H ga Osuki: The Animation,Milady is Obsessed with Sex,,,,,,['Hentai'],
125,名探偵コナンMAGIC FILE 4 ～大阪お好み焼きオデッセイ～,Detective Conan Magic File 4: Osaka Okonomiyaki Odyssey,['OVA'],1,Finished Airing,"Apr 17, 2010",,,"['Shogakukan-Shueisha Productions', 'Tokyo Movie Shinsha']","None found,",['TMS Entertainment'],['Manga'],"['Comedy', 'Mystery']",['Detective'],25 min.,PG-13 - Teens 13 or older,7.49,#2012,#6249,"12,026",13,5411,"Another special to accompany the release of the 14th feature film, The Lost Ship in the Sky. Along with a number of previous episodes, the original episode contained within will take place after the events of the film.",[],Meitantei Conan Magic File 4: Osaka Okonomiyaki Odyssey,,['Shounen'],,,,,,
126,RIN×SEN～白濁女教師と野郎ども～,,['OVA'],2,Finished Airing,"May 28, 2010 to Jul 30, 2010",,,"None found,","None found,",['Suzuki Mirano'],Visual novel,,,29 min. per ep.,Rx - Hentai,6.52,N/A,#6698,"10,205",38,3786,"Urara starts working at a girls' school. She is now happy because she will get married in a few months. But one day, her fiance suddenly goes missing since his business didn't go well. Months later, Yuji, a debt collector, comes to her house, but she doesn't have enough money to pay. Yuji offers her to work at a boys' school his friend works. He also says if she works there for a month, she won't need to pay back money. She finally decides to accept his offer without knowing the fact that the school is full of evil teachers and students.... (Source: ErogeShop)",[],Rin x Sen: Hakudaku Onna Kyoushi to Yaroudomo,,,,,,,['Hentai'],
127,YEBISUセレブリティーズ1st,,['OVA'],1,Finished Airing,"May 28, 2010",,,['Movic'],"None found,",['GARDEN LODGE'],['Manga'],"['Boys Love', 'Erotica']",,45 min.,PG-13 - Teens 13 or older,5.89,N/A,#6846,"9,738",7,4605,"When Haruka Fujinami starts his job at Yebisu Graphics he takes an immediate dislike to his tyrannical boss, Mr. Daijou. Haruka is given the most menial tasks imaginable and is subjected to Daijou's verbal abuses as well, but oddly enough, he learns that his attraction to his boss grows with each new humiliation. Will Haruka finally stand up to Daijou and assert himself, or will he completely surrender his body and soul to the tall, dark stranger?","['Adaptation (Manga) Yebisu Celebrities', '']",Yebisu Celebrities 1st,,,,,,,,
128,あい☆きゃん,,['OVA'],3,Finished Airing,"Jun 25, 2010 to Apr 24, 2015",,,"None found,","None found,",['PoRO'],Visual novel,,,29 min. per ep.,Rx - Hentai,5.75,N/A,#7150,"8,720",27,3360,"The story of a pop idol and her dear friend who doesn't care much about the crush of another young friend and always pays attention to the idol, who is harassed by her manager. One day, they are about to have sex in the dressing rooms when the manager founds out via the camera and gets in the room to stop them and take advantage of the girl. (Source: ANN)",[],I☆Can,"I Can, Ai☆Kyan Joukan",,,,,,['Hentai'],
129,スーパーストリートファイターIV,,['OVA'],1,Finished Airing,"Apr 28, 2010",,,"None found,","None found,",['Gonzo'],Game,"['Action', 'Adventure']",,35 min.,PG-13 - Teens 13 or older,6.34,#8028,#7551,"7,578",4,3879,This OVA will reveal the truth about Juri's evil eye and feature plenty of Cammy and the Dolls. (Source: Capcom),"['Prequel (OVA) Street Fighter II: Yomigaeru Fujiwara-Kyou - Toki wo Kaketa Fighter-tachi', '']",Super Street Fighter IV,,,,,,,,
130,"チーズスイートホーム チーとコッチ, 出会う.",,['OVA'],1,Finished Airing,"Apr 23, 2010",,,"None found,","None found,",['Madhouse'],['Manga'],,['Pets'],13 min.,G - All Ages,7.31,#2784,#7585,"7,505",7,3219,Chi meets someone new at the park and tries to befriend him.,"[""Prequel (TV) Chi's Sweet Home: Atarashii Ouchi"", 'Sequel (TV) Koneko no Chi: Ponponra Daibouken', ""Adaptation (Manga) Chi's Sweet Home"", '']","Chi's Sweet Home: Chi to Kocchi, Deau.","Chi's Sweet Home OVA, Chii's Sweet Home, Chi's Sweet Home: Chi to Kocchi, Deau.",['Seinen'],,,,,['Slice of Life'],
131,プリンセスナイト☆カチュア,,['OVA'],3,Finished Airing,"Jun 11, 2010 to Nov 18, 2011",,,['Valkyria'],"None found,",['Studio 9 Maiami'],Visual novel,"['Fantasy', 'Hentai']",,29 min. per ep.,Rx - Hentai,6.59,N/A,#7689,"7,255",53,2731,"Dragundaala, a country belonging to the descendants of dragons, has been conquered by an army of demons. With the king and queen captured by the demon army general, Ginyol, princess Catue attempts to rescue them, but gets caught. All is not lost, however, as Ginyol agrees to free the king and queen, and withdraw his army entirely if princess Catue can endure his sexual acts of depravity for 7 days. (Source: ANN)","['Adaptation (Light Novel) Princess Knight☆Catue: Ingoku no Ryuuki Hime', '']",Princess Knight☆Catue,,,,,,,,
132,独蛾 THE ANIMATION,,['OVA'],4,Finished Airing,"Jun 26, 2009 to Sep 22, 2010",,,['Pink Pineapple'],"None found,","['Office Take Off', 'Cafe de Jeilhouse']",['Manga'],,,28 min. per ep.,Rx - Hentai,6.22,N/A,#7825,"6,954",18,2540,"On the train to school one day, Shirakawa Sumire is molested. However, when she confides in teacher Takahashi, the nightmare escalates... (Source: AniDB)","['Adaptation (Manga) Hitoriga', '']",Hitoriga The Animation,Hitoriga Counseling,,,,,,['Hentai'],
133,Last Waltz～白濁まみれの夏合宿～,,['OVA'],2,Finished Airing,"Apr 30, 2010 to Oct 29, 2010",,,"None found,","None found,",['Suzuki Mirano'],Visual novel,,,29 min. per ep.,Rx - Hentai,6.22,N/A,#8071,"6,442",20,2174,"It was just supposed to be a summer training.... Yuki is a caretaker of the baseball club. She and other members stay at a training camp on the isolated island now. But one day, a civil war breaks out. Male teachers leave the island to see what's going on. However, they never come back. Several days later, they know that their ship is wrecked. Nothing to drink.... Nothing to eat.... They gradually lose their self-control.... (Source: ErogeShop)",[],Last Waltz: Hakudaku Mamire no Natsu Gasshuku,,,,,,,['Hentai'],
134,聖徒会長ヒカル,,['OVA'],1,Finished Airing,"Apr 23, 2010",,,['Mary Jane'],"None found,",['Studio Eromatick'],Visual novel,,,31 min.,Rx - Hentai,6.16,N/A,#8352,"5,937",13,2070,"There is a school where students learn how to hunt monsters. Yuki, Seira and Hikaru finally defeat Varmus, a monster. But their battle doesn't end yet.... A new enemy revives Varmus and Kotone, their teacher, is kidnapped by him. Following it, heroines are kidnapped one by one. His purpose is actually to make them give birth to monster babies.... (Source: ErogeShop)",[],Seitokaichou Hikaru,,,,,,,['Hentai'],
135,魔法少女イスカ,Magical Girl Isuka,['OVA'],3,Finished Airing,"Apr 24, 2010 to Aug 26, 2011",,,['Pixy'],"None found,",['Studio 9 Maiami'],Visual novel,,['Mahou Shoujo'],27 min. per ep.,Rx - Hentai,6.21,N/A,#8427,"5,831",19,1968,"The evil stone conceives a part of the king of the hell's power in a different world. To prevent his revival, the stone is implanted into a body of a magical girl! Now the clans from the hell follow after her. The evil stone cannot be regained by a simple destruction of the body. Thus, they start disgracing the magical girl in various ways! (Source: dlsite)","['Adaptation (Manga) Mahou Shoujo Isuka: After School', '']",Mahou Shoujo Isuka,,,,,,,['Hentai'],
136,レイZERO,,['OVA'],2,Finished Airing,"Jun 26, 2010 to Apr 1, 2011",,,['Pixy'],"None found,",['Anime Antenna Iinkai'],Visual novel,,,27 min. per ep.,Rx - Hentai,6.16,N/A,#8668,"5,436",21,1748,"Tokyo fell into ruins following the consecutive great earthquakes of 2014. As a result, the new city center is built in the location of the former Nishitokyo. Meanwhile, Shinjuku and the submerged Minato wards devolved into slum areas. Further, due to the Immigration Laws of 2040, these slums saw an influx of refugees, mafioso, and terrorists, and is now the leading crime capital of the world. The year is now 2049, and this is the stage in which two women embark on an operation to arrest a dangerous drug dealer. (Source: translated and adapted from official site by Cranston)","['Sequel (OVA) Tokumu Sousakan Rei & Fuko', '']",Rei Zero,,,,,,,['Hentai'],
137,GA 芸術科アートデザインクラス 青空が描きたい,,['OVA'],1,Finished Airing,"Apr 2, 2010",,,"None found,","None found,",['AIC PLUS+'],['4-koma manga'],,,24 min.,PG-13 - Teens 13 or older,7.06,#4122,#8866,"5,104",1,2375,"GA: Geijutsuka Art Design Class OVA. ""I Want to Draw the Blue Sky""","['Adaptation (Manga) GA: Geijutsuka Art Design Class', '']",GA: Geijutsuka Art Design Class - Aozora ga Kakitai,"GA: Geijutsuka Art Design Class OVA, GA: ADC OVA",,"['CGDCT', 'School', 'Visual Arts']",,,,['Slice of Life'],
138,淫妖蟲 蝕～凌触島退魔録～ 完全版,Inyouchuu Shoku,['OVA'],1,Finished Airing,"Jun 18, 2010",,,"['Milky Animation Label', 'MS Pictures']","None found,",['Anime Antenna Iinkai'],Visual novel,"['Fantasy', 'Horror', 'Supernatural', 'Hentai']",['Mythology'],10 min.,Rx - Hentai,5.96,N/A,#8940,"5,003",25,1602,"Inyouchuu Shoku Complete Edition is a compilation of both Inyouchuu Shoku episodes with an additional 10 minutes of extra footage at the end with the twins. These extra scenes are credited as ""episode 3"" in the end credits and constitute this entry. The demon hunters are back! Mikoto, Sui, and Takeru are sent to investigate a mysterious island where people have been disappearing repeatedly and dark yoma are rumored to be the cause. When the team first arrives it almost feels like a vacation to them, but it doesn't take them long to the feel the presence of something dark and evil...","['Prequel (OVA) Inyouchuu Shoku: Ryoushokutou Taimaroku', 'Adaptation (Light Novel) Inyouchuu Shoku: Ryoushoku Shima Taimaroku', 'Adaptation (Manga) Inyouchuu', '']",Inyouchuu Shoku: Ryoushokutou Taimaroku - Kanzenban,"Inyouchuu Shoku Special Edition, Inyouchuu Shoku Complete Edition, Inyouchuu Shoku Bonus: Tsukishiro Twins",,,,,,,
139,Newmanoid CAM ～キャム＝キャスティン～,,['OVA'],1,Finished Airing,"Apr 19, 2010",,,['Pixy'],"None found,",['Anime Antenna Iinkai'],['Manga'],,,15 min.,Rx - Hentai,6.41,N/A,#9105,"4,729",13,1958,Released as a bonus to volume 2 of limited edition Newmanoid Cam adult manga by Urotan.,"['Adaptation (Manga) Newmanoid Cam', '']",Newmanoid Cam: Cam Castin,,,,,,,['Hentai'],
140,アルバイトしよっ!!,Let's Arbeit!,['OVA'],3,Finished Airing,"Apr 19, 2010",,,['ChiChinoya'],"None found,",['Studio Ten Carat'],Original,,,7 min. per ep.,Rx - Hentai,6.02,N/A,#9139,"4,681",10,1668,"Ep 1 – Hara Sayuri is a student who lives alone in a cheap apartment. In order to earn money to pay the rent, she holds a number of part-time jobs. Today, she is washing the upper windows of a building. Coincidentally, she finds herself cleaning the windows of the office in which her elder brother is working. However, when she calls out to him, she sees him get an erection! Seeing that, Sayuri removes her clothes and proceeds to strike provocative poses... Ep 2 - Kagurazaka Fumina is a cosplay-lover and works part-time for a maid service. Today, she has been working since morning for her new master. Cooking, laundry, and cleaning. While tidying up, she is suddenly assaulted from behind by the master! Although she tries to resist, she gets turned on when he massages her big breasts. Finally, from behind... Ep 3 – Since graduating from university, Oshikiri Momoka has been working as a home tutor. One day, she falls asleep while tutoring a cute boy. Seeing her like that arouses his sexual desires. When Momoka realises, she slowly removes her clothing, and the lesson on becoming an adult begins! (Source: shippuudenvsonepiece)",[],Arbeit Shiyo!!,,,,,,,['Hentai'],
141,淫夢学園 「淫夢に囚われた美人姉妹」,,['OVA'],1,Finished Airing,"Apr 30, 2010",,,['Lune-Pictures'],"None found,",['Schoolzone'],Visual novel,,,30 min.,Rx - Hentai,6.10,N/A,#9735,"3,861",3,1216,"Shinji is a high school student. He loves Mayuri, his classmate. One day, a sick-room teacher, Ryoko, gives him a pendant. It seems people can have a good dream if they sleep with it. On that night, he goes to bed, holding the pendant... A while later, when he wakes up, he finds himself being in Mayuri's room. Mayuri is asleep in the bed... He gets sexually excited and has sex with her...! However, nothing is changed on the next day... He is relieved and randomly has sex with other girls... What's the secret of the pendant? What will happen to him in the end...? (Source: ErogeShop)",[],Inmu Gakuen: Inmu ni Torawareta Bijin Shimai,Dame... Konna ni Nacchau no wa Yume no Naka dake nano...!,,,,,,['Hentai'],
142,絶対可憐チルドレン 限定解禁!! OVA超先取りスペシャル!!,,['OVA'],1,Finished Airing,"Apr 16, 2010",,,"None found,","None found,",['SynergySP'],['Manga'],"['Action', 'Comedy']",['Super Power'],16 min.,PG-13 - Teens 13 or older,6.74,#5652,#10400,"3,130",1,862,Summary of the Zettai Karen Children TV series bundled with the limited edition 21st tankobon volume.,[],Zettai Karen Children: Gentei Kaikin!! OVA Chou Sakidori Special!!,"Absolutely Lovely Children, ZKC",['Shounen'],,,,,,
143,Peeping Life（ピーピング・ライフ）-The Perfect Emotion-,,['OVA'],10,Finished Airing,"Apr 16, 2010",,,['CoMix Wave Films'],"None found,","None found,",Original,"['Comedy', 'Slice of Life']",,5 min. per ep.,G - All Ages,5.32,#12628,#14574,924,0,298,"A sequel to Peeping Life comedy anthology, The Perfect Emotion features 10 new animated versions of improvised comedy sketches.","['Prequel (TV) Peeping Life', 'Sequel (OVA) Peeping Life: The Perfect Evolution']",Peeping Life: The Perfect Emotion,,,,,,,,
144,秘密結社鷹の爪 THE MOVIE4 〜カスペルスキーを持つ男〜,,['OVA'],1,Finished Airing,"Jun 10, 2010",,,"None found,","None found,",['DLE'],Unknown,,['Parody'],43 min.,PG-13 - Teens 13 or older,[],#18590,#16971,510,0,,"Fourth film in the Secret Society Eagle Talon film series. Initially released directly to DVD, but was later screened at TOHO Cinemas Roppongi Hills.","['Prequel (Movie) Himitsukessha Taka no Tsume The Movie 3: http://takanotsume.jp wa Eien ni', 'Sequel (TV) Himitsukessha Taka no Tsume NEO', 'Sequel (ONA) himitsukesshatakanotsume.jp', '']",Himitsukessha Taka no Tsume The Movie 4: Kaspersky wo Motsu Otoko,"Secret Society Eagle Talon The Movie 4, Himitsukessha Taka no Tsume The Movie 4: The Man with Kaspersky",,,,,,['Comedy'],
145,ピーバン,,['OVA'],6,Finished Airing,"Apr 22, 2010",,,['PansonWorks'],"None found,",['GARDEN LODGE'],Original,,,5 min. per ep.,PG - Children,[],#20994,#20866,238,0,,The episodes follow a pig named Peeban and his friends.,[],Peeban,,,,,,,['Comedy'],
146,劇場版 銀魂 新訳紅桜篇,Gintama: The Movie,['Movie'],1,Finished Airing,"Apr 24, 2010",,,"['TV Tokyo', 'Aniplex', 'Dentsu', 'Bandai', 'Warner Bros. Japan', 'Shueisha']",['Sentai Filmworks'],['Sunrise'],['Manga'],"['Action', 'Comedy', 'Sci-Fi']",,1 hr. 35 min.,R - 17+ (violence & profanity),8.52,#135,#1489,"170,021",620,98409,"Gintoki and his Yorozuya friends (or rather, employees suffering under labor violations), Shinpachi and Kagura, continue to scrape by in the futuristic, alien-infested city of Edo. They take on whatever work they can find while trying not to get involved in anything too dangerous. But when Katsura, the leader of the Joui rebels and Gintoki's long-time acquaintance, disappears after being brutally attacked by an unknown assassin, Shinpachi and Kagura begin an investigation into his whereabouts and the identity of the assailant. Meanwhile, Gintoki takes on a seemingly unrelated job: the blacksmith Tetsuya requests that Gin recover a strange and powerful sword called the Benizakura which was recently stolen. As the two investigations gradually intersect, the Yorozuya crew find themselves in the midst of a major conspiracy that hinges on the sinister nature of the Benizakura sword. Gintoki resolves to take the fight directly to the enemy headquarters, and together with a few unexpected allies, sets out on one of his most perilous jobs yet. [Written by MAL Rewrite]","['Adaptation (Manga) Gintama', '']",Gintama Movie 1: Shinyaku Benizakura-hen,"Gintama: Benizakura Arc - A New Retelling, Gintama Movie: Crimson Sakura Chapter New Edition, Gintama: Shin-yaku Benizakura-hen",['Shounen'],"['Historical', 'Parody', 'Samurai']",Gintama: Der Film,,,,
147,トライガン,Trigun: Badlands Rumble,['Movie'],1,Finished Airing,"Apr 2, 2010",,,"['flying DOG', 'Sunny Side Up', 'Shounen Gahousha']",['Funimation'],['Madhouse'],['Manga'],"['Action', 'Adventure', 'Sci-Fi']",['Adult Cast'],1 hr. 30 min.,PG-13 - Teens 13 or older,7.90,#823,#1663,"148,114",300,78943,"Vash the Stampede is a contradiction. He has a notorious reputation as ""The Humanoid Typhoon,"" laying anything he comes across to waste on the desolate planet of Gunsmoke. However, Vash is in fact very non-confrontational and kind-hearted, living by a code of pacifism. Twenty years ago, a high-profile bank heist went sour. The ringleader, Gasback Gallon Getaway, swore to get back at his backstabbing crew and the man who stopped him from killing them: Vash the Stampede. In the present day, the traitorous crew has been living the good life as successful entrepreneurs and politicians. Although two decades have passed, Gasback's bitterness has not waned as he aims to take them down one by one, by any means necessary. Just in time to foil Gasback's plot, Vash has arrived in Macca City. Teaming up with the mysterious Amelia Ann McFly, along with the insurance agents Milly Thompson and Meryl Stryfe, Vash is ready to rumble. [Written by MAL Rewrite]",[],Trigun: Badlands Rumble,Trigun the Movie,['Shounen'],,,,,,
148,ブレイク ブレイド 覚醒ノ刻,Broken Blade,['Movie'],1,Finished Airing,"May 29, 2010",,,"['Bandai Visual', 'Lantis', 'KlockWorx', 'Flex Comix', 'Fields']",['Sentai Filmworks'],"['Production I.G', 'Xebec']",['Manga'],"['Action', 'Fantasy']",,51 min.,R - 17+ (violence & profanity),7.62,#1498,#2435,"86,427",160,44168,"Rygart Arrow is different compared to the other people in the continent of Cruzon: he is unable to control quartz, branded an ""un-sorcerer."" Despite this, he still befriends the future king and queen of Krisna—Hodr and Sigyn—as well as Zess, the younger brother of the Athens Commonwealth's Secretary of War. Several years later, Rygart discovers that there is a war brewing between Krisna and Athens. While visiting Binonten, the capital city of Krisna, he learns that his misfortune as an un-sorcerer enables him to pilot an ancient Golem, a unique ability that quartz-wielding users lack. As Zess leads one of the Athenian strikes upon the capital, Rygart joins the battle with his newfound power in hopes of mending the schism between the two nations. [Written by MAL Rewrite]","['Sequel (Movie) Break Blade Movie 2: Ketsubetsu no Michi', 'Adaptation (Manga) Break Blade']",Break Blade Movie 1: Kakusei no Toki,"Breaker Blade, Break Blade 1: The Time of Awakening",['Shounen'],"['Adult Cast', 'Mecha', 'Military']",,,Broken Blade,,
149,劇場版“文学少女”,,['Movie'],1,Finished Airing,"May 1, 2010",,,"['Lantis', 'Pony Canyon', 'Enterbrain', 'Kadokawa Contents Gate', 'T.O Entertainment']","None found,",['Production I.G'],['Light novel'],"['Drama', 'Mystery', 'Romance']",['School'],1 hr. 40 min.,PG-13 - Teens 13 or older,7.32,#2700,#2778,"69,646",219,28342,"The protagonist of the story, Konoha Inoue, is a seemingly normal senior high 2nd year student. His high school life, other than a hinted incident 2 years ago, can be summed up as normal- if one can dismiss the secret fact that he used to be a female bestselling romance author. Due to that incident, however, he has now vowed never to write again. This continued on until he was forced to join the literary club by the literary club president, the 3rd year female student Amano Tooko, a beautiful girl who has a taste for eating literary works. Now he has been tasked with writing her snack every day after school. (Source: To Say Nothing of the Dog)","['Prequel (OVA) ""Bungaku Shoujo"" Memoire', 'Adaptation (Manga) ""Bungaku Shoujo"" to Shi ni Tagari no Pierrot', 'Adaptation (Manga) ""Bungaku Shoujo"" to Ue Kawaku Ghost', 'Adaptation (Light Novel) ""Bungaku Shoujo"" Series']","""Bungaku Shoujo"" Movie","Book Girl, Literature Girl",,,Book Girl,Bungaku Shōjo,Book Girl,,
150,ブレイクブレイド 訣別ノ路,Broken Blade 2,['Movie'],1,Finished Airing,"Jun 26, 2010",,,"['KlockWorx', 'Flex Comix', 'Fields']",['Sentai Filmworks'],"['Production I.G', 'Xebec']",['Manga'],"['Action', 'Fantasy']",,51 min.,R - 17+ (violence & profanity),7.70,#1290,#2936,"63,112",25,38583,Second Break Blade movie.,"['Prequel (Movie) Break Blade Movie 1: Kakusei no Toki', 'Sequel (Movie) Break Blade Movie 3: Kyoujin no Ato', 'Adaptation (Manga) Break Blade', '']",Break Blade Movie 2: Ketsubetsu no Michi,"Breaker Blade 2, Break Blade 2: The Split Path",['Shounen'],"['Adult Cast', 'Mecha', 'Military']",,,,,
151,"銀幕ヘタリア Axis Powers Paint it, White (白くぬれ！)","Hetalia Axis Powers: Paint it, White!",['Movie'],1,Finished Airing,"Jun 5, 2010",,,['Frontier Works'],['Funimation'],['Studio Deen'],['Web manga'],,,1 hr. 20 min.,PG-13 - Teens 13 or older,7.04,#4200,#3002,"60,464",203,34200,"One day, aliens from the planet Pict launch a devastating invasion on Earth. Their sole purpose is to transform all of humanity into ""Noppera""—featureless creatures with plain white skin, glowing antennae, and no face. This prompts the world's nations to counterattack, but they are all ultimately defeated, as they each launched their offensives separately. And so, both the Allied and Axis nations of Hetalia Axis Powers Movie: Paint it, White must band together and unite their powers to stop the alien invasion and save their planet. [Written by MAL Rewrite]","['Adaptation (Manga) Hetalia Axis Powers', '']","Hetalia Axis Powers Movie: Paint it, White","Ginmaku Hetalia: Axis Powers - Paint it, White (Shiroku Nure!)",,"['Historical', 'Parody']",,,,['Comedy'],
152,名探偵コナン 天空の難破船,Detective Conan Movie 14: The Lost Ship in the Sky,['Movie'],1,Finished Airing,"Apr 17, 2010",,,['Shogakukan-Shueisha Productions'],"None found,","['Tokyo Movie Shinsha', 'TMS Entertainment']",['Manga'],"['Action', 'Mystery']",['Detective'],1 hr. 42 min.,G - All Ages,8.11,#507,#3022,"59,598",74,34378,"One night, the Tokyo National Institute of Microorganisms is attacked by a mysterious organization calling themselves the ""Red Siamese Cats."" The group causes the explosion of a high-security lab storing a virus—said to have a mortality rate of 80% with no known cure. This act of terror dominates the headlines, overshadowing the unveiling of the world's biggest airship developed under Jirokichi Suzuki. Peculiarly, the unveiling has a note attached for Kaito ""Kaitou Kid"" Kuroba, challenging him to steal the jewel on display—the illustrious Lady Sky. Conan Edogawa is permitted to board the airship along with Kogorou Mouri, Ran Mouri, Sonoko Suzuki, Professor Agasa, and the Detective Boys. However, their fun comes to a halt when an unknown caller contacts Jirokichi and declares that they have released a certain virus in the smoking room. Soon after, symptoms begin to appear among the passengers and chaos ensues. Seizing the opportunity, the Red Siamese Cats suddenly appear and hijack the airship! To stop the assailants, Conan and Kaitou Kid, along with their allies, must work together to decipher the clues and discover the Red Siamese Cats' real objective before time runs out. [Written by MAL Rewrite]","['Adaptation (Manga) Meitantei Conan: Tenkuu no Lost Ship', '']",Meitantei Conan Movie 14: Tenkuu no Lost Ship,,['Shounen'],,Detektiv Conan Film 14: Das verlorene Schiff am Himmel,Detective Conan Película 14: El Barco Perdido en el Cielo,Detective Conan Film 14: L'Arche du Ciel,,
153,クレヨンしんちゃん 超時空！嵐を呼ぶオラの花嫁,,['Movie'],1,Finished Airing,"Apr 17, 2010",,,['TV Asahi'],"None found,",['Shin-Ei Animation'],['Manga'],"['Adventure', 'Comedy', 'Sci-Fi']",,1 hr. 40 min.,G - All Ages,7.49,#1996,#7508,"7,690",16,4680,"Comical action adventure film set in the future world, like a dystopian science fiction. Shinnosuke's future fiancee, Tamiko Kaneari comes from the future via the time machine. She says her father Masuzo Kaneari captures adult Shinnosuke in the future world and they needs the power of Shinnosuke at age 5 to rescue him. She takes Shinnosuke and Kasukabe Defense Forces members to the future big city Neotokio, which is the world ruled by Masuzo Kaneari, the president of the electric power company Kaneari Electric. (Source: Manabu Tsuribe)","['Prequel (Movie) Crayon Shin-chan Movie 17: Otakebe! Kasukabe Yasei Oukoku', 'Sequel (Movie) Crayon Shin-chan Movie 19: Arashi wo Yobu Ougon no Spy Daisakusen']",Crayon Shin-chan Movie 18: Chou Jikuu! Arashi wo Yobu Ora no Hanayome,"Eiga Crayon Shin-chan: Chou Jikuu! Arashi wo Yobu Ora no Hanayome, Crayon Shin-chan: Super-Dimmension! The Storm Called My Bride",['Seinen'],,,Shin Chan Película 18: La Novia del Futuro,,,
154,プランゼット,Planzet,['Movie'],1,Finished Airing,"May 22, 2010",,,"['Media Factory', 'CoMix Wave Films']",['Sentai Filmworks'],"None found,",Original,"['Action', 'Sci-Fi']",['Mecha'],53 min.,PG-13 - Teens 13 or older,5.52,#12055,#9508,"4,135",3,2094,"In 2047, an unknown, alien life-form descends upon the Earth, destroying all the major cities in one fell swoop. The survivors unite and build a Diffusor to stop the Februus, the invaders the military would later codename the FOS, and a temporary peace is achieved. Jump forward to 2053, the present. PLANZET: The final plan, Plan Zed, to retake Planet Earth. A last, desperate counterattack against the enemy. Hiroshi Akishima, soldier in the Planetary Defense Forces Alliance, would like nothing better than a shot at the aliens responsible for his father's death six years ago. However, the new offensive requires the Diffusor to be dropped, leaving the entire planet terribly vulnerable once more. Will humanity regain the stars or lose everything in the final, ultimate gamble? (Source: Sentai Filmworks)",[],Planzet,,,,,,,,
155,ジュノー,Dr. Junod,['Movie'],1,Finished Airing,"May 11, 2010",,,"None found,","None found,",['Studio Hibari'],Original,,,1 hr. 4 min.,PG-13 - Teens 13 or older,6.25,#8530,#14019,"1,070",0,258,"Mii and Yuko, two junior high school students are visiting Hiroshima Peace Memorial Park on a school trip when they come upon a monument dedicated to Dr. Marcel Junod standing forlornly in a corner of the park. They wonder who Dr. Junod was and what he did. Just then they are bathed in a strange light and transported back to Europe, more than 70 years before. It is 1935. The young Dr. Junod, who has been working in a hospital in Mulhouse, France, is heading to Ethiopia as a delegate of the ICRC. Time travelers Mii and Yuko set off along Dr. Junod's path of hardship and turmoil. In Ethiopia, Dr. Junod witnesses attacks on Red Cross workers and the use of poison gas. One after another people are felled. The young doctor sees firsthand the horrors of war, but buoyed by an indomitable spirit he willingly offers a helping hand to those who are suffering as a result of the war. Dr. Junod's work takes him from Ethiopia to Spain and across the European battlefields of World War II. He works to improve the treatment of prisoners of war and arranges prisoner exchanges. He establishes a method for prisoners and their families to write to each other. He secures routes for the delivery of relief supplies. As a humanitarian, Dr. Junod offers moral support to the weak. Seeing that, Mii and Yuko reflect on their own lives and problems. (Source: Official website)",[],Junod,,,"['Historical', 'Medical']",,,,['Drama'],
156,ドラえもん 宇宙ふしぎ大探検 プラネタリウム,,['Movie'],1,Finished Airing,"May 15, 2010",,,"None found,","None found,","None found,",['Manga'],"['Adventure', 'Comedy', 'Sci-Fi']",['Space'],25 min.,PG - Children,[],#17738,#16090,614,0,,No synopsis information has been added to this title. Help improve our database by adding a synopsis here.,"['Sequel (Movie) Doraemon: Uchuu Fushigi Daitanken Planetarium 2 - Taiyoukei no Himitsu', '']",Doraemon: Uchuu Fushigi Daitanken Planetarium,,['Kids'],,,,,,
157,犹太女孩在上海,A Jewish Girl in Shanghai,['Movie'],1,Finished Airing,May 2010,,,['Shanghai Animation Film Studio'],"None found,","None found,",Other,,['Historical'],1 hr. 19 min.,PG - Children,5.72,#11269,#16184,599,1,175,"Set mainly in and around the Shanghai Ghetto in Japanese-occupied Shanghai during the Second World War, the film tells the story of three children. Rina and her younger brother Mishalli are Jewish refugees who escaped Europe but are without their parents. A-Gen is a Chinese boy who meets Rina and helps her and her brother to survive. The children form strong friendships and have adventures as they try and fend off the Japanese army occupying the city, and their allies, the Nazis. In the background, the Second Sino-Japanese War takes place, while the children must face the uncertainty that concerns the fate of Rina and Mishalli's parents in Europe. (Source: AniDB)","['Sequel (Movie) Youtai Nuhai Zai Shanghai 2: Xianglian Mima', '']",Youtai Nuhai Zai Shanghai,,['Kids'],,,,,,
158,刺痛我,Piercing I,['Movie'],1,Finished Airing,"Jun 12, 2010",,,"None found,","None found,",['Le-joy Animation Studio'],Original,,,1 hr. 13 min.,R - 17+ (violence & profanity),[],#21039,#17912,426,1,,"Due to the financial crisis, many factories in China are forced to close their doors in late 2008. Zhang Xiaojun loses his job in a shoe factory. One day, a supermarket guard beats him up, thinking Zhang is a thief. In vain, he asks the supermarket manager for financial redress. Zhang’s dearest wish is to return to his village and become a farmer. But right before his departure, the police arrest him. The supermarket manager also has his problems. On a moonlit night, the storylines converge in a teahouse near the city rampart. (Source: Wikipedia)",[],Piercing I,,,,,,,['Drama'],
159,水木しげるの遠野物語,,['Movie'],1,Finished Airing,"Apr 24, 2010",,,['Shogakukan-Shueisha Productions'],"None found,",['Toei Animation'],Unknown,"['Adventure', 'Fantasy']",,Unknown,None,[],#20336,#17929,425,0,,"An anime movie based on Mizuki Shigeru's manga Mizuki Shigeru no Toono Monogatari. Toono Monogatari was originally the Japanese folklorist Yanagida Kunio's classical literature based on the oral traditions of Toono city. It's about Yokai such as Tengu, Kappa, and Zashikiwarashi.","[""Adaptation (Manga) Mizuki Shigeru's Tono Monogatari"", '']",Mizuki Shigeru no Toono Monogatari,Tono Monogatari,,,,,,,
160,超蛙战士,AniMen: Triton Force,['Movie'],1,Finished Airing,"Jun 1, 2010",,,"['Gorilla Pictures', 'Dynamic Media Pictures']","None found,",['Shanghai Hippo Animation'],Original,"['Action', 'Sci-Fi']",,1 hr. 32 min.,PG-13 - Teens 13 or older,[],#17217,#19204,332,0,,No synopsis information has been added to this title. Help improve our database by adding a synopsis here.,"['Sequel (Movie) Chao Wa Zhanshi: Weiwu Jiaoguan', '']",Chao Wa Zhanshi,,,"['Mecha', 'Military', 'Space']",,,,,
161,ケロロ軍曹 超立体版 星空をとりもどせ！太陽系大追跡であります!!,,['Movie'],1,Finished Airing,"Jun 5, 2010",,,"None found,","None found,","None found,",['Manga'],"['Comedy', 'Sci-Fi']",['Space'],25 min.,PG-13 - Teens 13 or older,[],#19400,#21025,229,0,,No synopsis information has been added to this title. Help improve our database by adding a synopsis here.,[],Keroro Gunsou Chou Rittai-ban: Hoshizora wo Torimodose! Taiyoukei Daitsuiseki de Arimasu!!,,['Kids'],,,,,,
162,黑猫警长,Black Cat Detective,['Movie'],1,Finished Airing,"Apr 23, 2010",,,"None found,","None found,",['Shanghai Animation Film Studio'],Original,"['Action', 'Adventure', 'Comedy']",,1 hr. 14 min.,PG - Children,[],#18490,#21328,212,0,,No synopsis information has been added to this title. Help improve our database by adding a synopsis here.,[],Hei Mao Jing Zhang (2010),Mr. Black,['Kids'],"['Detective', 'Racing']",,,,,
163,고양이 입속으로 뛰어들다,Entering The Mind Through The Mouth,['Movie'],1,Finished Airing,"Jun 24, 2010",,,"None found,","None found,",['Brians Film'],Original,"['Drama', 'Fantasy']",,23 min.,PG-13 - Teens 13 or older,[],#18248,#22236,167,0,,A cat with a boy's heart and a mouse with a girl's heart try to escape from a wicked tamer. (Source: Official Website),[],Goyang-i Ibsog-eulo Ttwieodeulda,,,,,,,,
164,小胖妞,The Big Girl,['Movie'],10,Finished Airing,"Jun 1, 2010 to 2013",,,"None found,","None found,","None found,",Original,"['Comedy', 'Fantasy']",,9 min. per ep.,G - All Ages,[],#15588,#24679,100,0,,No synopsis information has been added to this title. Help improve our database by adding a synopsis here.,[],Xiao Pang Niu,Fatty Girl,,,,,,,
165,鑑真大和尚,,['Movie'],1,Finished Airing,"May 7, 2010",,,"None found,","None found,","None found,",Unknown,,,1 hr. 40 min.,PG - Children,[],#18980,#24989,95,0,,"In 742 A.D., the first year of Xuantianbao in Tang Dynasty, Japanese monks Rongrui and Puzhao heard of the reputation of Monk Jianzhen, and they went to Daming Temple in Yangzhou to meet with Monk Jianzhen and invited him to Japan to teach the Dharma. The Great Monk Zhen carried forward the Dharma for Dongdu. After five failures, including the death of his disciples, the obstruction of the government, and even blindness in both eyes, etc., he still did not change his ambition. He combined the then prosperous Chinese Buddhism with Chinese medicine, art, and architecture, literature, etc., were transmitted to Japan by water. Monk Jianzhen not only introduced precepts to complete the Japanese Vinaya sect, but also indirectly influenced the rise of two masters in the history of Japanese Buddhism—Kukairen of Shingon and Saicheng Master of Tendai Sect, and thus developed the development of Japanese Buddhism in the Heian and Ikura periods. Heyday. In terms of cultural influence, the architecture, sculpture, calligraphy, painting, medicine and even people's daily necessities introduced by the master Dongdu left the Tang culture with a precious and rich heritage in Japan. That is why Monk Jianzhen was praised as the ""giant of balance culture"" in Japan. Through the presentation of animation, this film hopes to introduce the public to understand the life of a generation of masters. (Source: Baidu Encyclopedia, translated)",[],Jianzhen da Heshang,Ven. Jian Zhen,,"['Educational', 'Historical']",,,,,
166,鋼の錬金術師,Fullmetal Alchemist: Brotherhood OVA Collection,['Special'],4,Finished Airing,"Aug 26, 2009 to Aug 25, 2010",,,"['Aniplex', 'Square Enix']","['Funimation', 'Aniplex of America']",['Bones'],['Manga'],"['Action', 'Adventure', 'Drama', 'Fantasy']",['Military'],15 min. per ep.,PG-13 - Teens 13 or older,8.00,#669,#1539,"163,708",202,77259,"Amazing secrets and startling facts are exposed for the first time in the Fullmetal Alchemist: Brotherhood OVA Collection, a new assortment of stories set in never-before-seen corners of the FMA universe. Join Ed and Al as they chase rumors of successful human transmutation into a web of shocking family drama and lies. Sneak a glance at hidden sides of Winry and Hawkeye's personalities. Survive the frigid north with a young Izumi Curtis as she fights to gain a deeper understanding of alchemy. Explore the legendary friendship shared by Mustang and Hughes and watch them grow from military school rivals into hardened brothers transformed by the horrors of the Ishvalan War. You thought you knew the whole story. You thought all the tales were told. The Fullmetal Alchemist: Brotherhood OVA Collection offers proof: You were wrong. (Source: FUNimation)","['Adaptation (Manga) Fullmetal Alchemist 20th Anniversary Book', 'Adaptation (Manga) Fullmetal Alchemist Chronicle']",Fullmetal Alchemist: Brotherhood Specials,"Moumoku no Renkinjutsushi, The Blind Alchemist, Shinpuru na Hitobito, Simple People, The Tale of Teacher, Tales of the Master, Yet Another Man's Battlefield, FMA",['Shounen'],,Fullmetal Alchemist: Brootherhood OVA Collection,,Fullmetal Alchemist: Brotherhood OAV Collection,,
167,まじっく快斗,,['TV Special'],12,Finished Airing,"Apr 17, 2010 to Dec 29, 2012",,,"None found,","None found,",['TMS Entertainment'],['Manga'],"['Adventure', 'Comedy', 'Romance']",,24 min. per ep.,PG-13 - Teens 13 or older,7.77,#1108,#2633,"76,041",355,33532,"Magic is not real—everyone knows that. When performed by a true expert, however, magic possesses the ability to amaze and wonder its audience. Kaito Kuroba, son of world-famous stage magician Touichi Kuroba, is no stranger to this fact. Well-versed in the arts of deception and misdirection, Kaito frequently disrupts the lives of those around him with flashy tricks and pranks. But when Kaito accidentally stumbles upon a hidden passage in his home, he discovers a secret that may well have been the cause of his father's death eight years ago—the dove-white outfit of Kid the Phantom Thief. Wanting to find out more about his father, Kaito dons the outfit and searches for the Pandora Gem that is said to grant immortality. However, he is not the only one after the gem—the organization responsible for his father's death is also hot on his tail! Magic Kaito follows the rebirth of Kaitou Kid, phantom thief of the night. Utilizing his dummies, disguises, and signature card gun, Kaito sets out to steal the world's most precious jewels, uncovering the truth behind his father's death and the rumored Pandora Gem along the way. [Written by MAL Rewrite]","['Adaptation (Manga) Magic Kaito', '']",Magic Kaito,"Kaito Kid, Majikku Kaito, Kaitou Kid, Magic Kaitou, Detective Conan Special: Secret Birth of Kaito Kid, Kaitou Kid Tanjou no Himitsu",['Shounen'],,Magic Kaito: Kid Phantom Thief,,,,
168,いちばんうしろの大魔王,Demon King Daimao Specials,['Special'],6,Finished Airing,"Jun 25, 2010 to Nov 25, 2010",,,"['Marvelous Entertainment', 'Hobby Japan']","None found,",['Artland'],['Light novel'],"['Comedy', 'Fantasy', 'Ecchi']",,3 min. per ep.,R+ - Mild Nudity,6.65,#6195,#3199,"53,432",25,26698,DVD/BD specials of Ichiban Ushiro no Daimaou.,"['Adaptation (Manga) Ichiban Ushiro no Daimaou', 'Adaptation (Light Novel) Ichiban Ushiro no Daimaou']",Ichiban Ushiro no Daimaou Specials,"Mo Hitotsu Omake no Daimaou, Another Extra Daimaou",,,,,,,
169,バカとテストと召喚獣 映像特典,,['Special'],6,Finished Airing,"Apr 23, 2010 to Sep 22, 2010",,,"None found,",['Funimation'],['SILVER LINK.'],['Light novel'],,['School'],4 min. per ep.,PG-13 - Teens 13 or older,7.26,#3021,#3321,"50,190",36,23109,The candid shots of Muttsurini's female and male classmates that fund his surveillance habits.,[],Baka to Test to Shoukanjuu Specials,"Baka to Test to Shoukanjuu: Private Footage (Produced by Muttsuri Company), Mikoukai Eizou (Seisaku: Muttsuri Shoukai), The Idiot, the Tests, and the Summoned Creatures Specials",,,,,,['Comedy'],
170,のだめカンタービレ フィナーレ 峰と清良の再会,,['Special'],1,Finished Airing,"Apr 7, 2010",,,"None found,","None found,",['J.C.Staff'],['Manga'],"['Comedy', 'Romance']",,25 min.,PG-13 - Teens 13 or older,7.79,#1079,#3503,"45,580",35,23261,"Violinist Kiyora Miki meets with Shinichi Chiaki, Megumi ""Nodame"" Noda, and their two friends to visit world-class conductor Franz von Stresemann; upon arriving at his residence in Vienna, they discover that the maestro has escaped to Japan. As they make the most of their wasted trip by visiting important landmarks in the historical capital of classical music, Kiyora has a confession to make: she has not seen her boyfriend Ryuutarou Mine for an entire year and is still busy preparing for an international competition in Paris. Chiaki and Nodame promise to attend the final round, but when the two are back in Paris, they receive an unexpected guest... [Written by MAL Rewrite]","['Prequel (TV) Nodame Cantabile: Paris-hen', 'Sequel (TV) Nodame Cantabile Finale']",Nodame Cantabile: Finale - Mine to Kiyora no Saikai,"Nodame Cantabile Third Season Special, Nodame Cantabile Season 3 Special, Nodame Cantabile Finale Episode 00, Mine to Kiyora no Saikai",['Josei'],"['Adult Cast', 'Music']",,,,,
171,11eyes 桃色幻夢譚 ～rö zsaszí n é jszaka,,['Special'],1,Finished Airing,"Jun 25, 2010",,,['Marvelous Entertainment'],['Sentai Filmworks'],['Doga Kobo'],Visual novel,"['Action', 'Supernatural', 'Ecchi']",,23 min.,R+ - Mild Nudity,6.00,#9898,#3686,"41,544",20,23767,"Extra Blu-ray/DVD Episode 13 included on vol. 7. In this special episode, Kakeru and the team enter a ""Pink Night"" instead of red. The ""Black Knights"" are now ""Pink Ero-Rangers,"" and Lisolette is a bondage driver. The team's powers are also warped with an erotic twist. Kakeru can see through clothes; Yuka can change the boys into girls; Misuzu's swords are vibrators; Kukuri can speak, but only says and draws profanities; Yukiko becomes sexually excited when she takes off her glasses; and Takahisa shoots a small spout of water from his finger. This episode is merely a parody and is in no way related to the original storyline.","['Adaptation (Manga) 11eyes: Tsumi to Batsu to Aganai no Shoujo', '']",11eyes: Momoiro Genmutan,"11eyes Episode 13, 11eyes OVA, 11eyes -Tsumi to Batsu to Aganai no Shoujo- Episode 13",,"['Harem', 'Super Power']",,,,,
172,コードギアス 反逆のルルーシュ キセキの誕生日[バースデー],Code Geass: Lelouch of the Rebellion - A Miraculous Birthday,['Special'],1,Finished Airing,"Apr 23, 2010",,,"None found,","None found,",['Sunrise'],Original,,['School'],27 min.,PG-13 - Teens 13 or older,6.82,#5253,#4122,"33,180",29,13599,"On a lively December day at Ashford Academy, the students are joyously preparing for tomorrow’s school festival. However, the celebrations come to an abrupt halt when terrorists strike the academy. The students are taken hostage and put under lockdown as militant remnants of the Neo-Chinese Federation seize control of the school. Little do the aggressors realize that among the student body are those with extraordinary powers, including the Geass-wielding Lelouch Lamperouge and Britannian soldier Suzaku Kururugi. To protect their school and restore the peace, Lelouch and the student council must band together again to bring about one last miracle. [Written by MAL Rewrite]",[],Code Geass: Hangyaku no Lelouch - Kiseki no Birthday,,,,,,,['Supernatural'],
173,ソ・ラ・ノ・ヲ・ト,Sound of the Sky Specials,['Special'],2,Finished Airing,"Jun 23, 2010 to Sep 22, 2010",,,['Aniplex'],"None found,",['A-1 Pictures'],Original,"['Sci-Fi', 'Slice of Life']",,26 min. per ep.,PG-13 - Teens 13 or older,7.52,#1871,#4476,"27,765",12,15484,"Two extra episodes included in the Blu-ray and DVD volumes 4 and 7 of ""Sora no Woto"". The first, episode 7.5, takes place during the series. Felicia proposes a mock battle between the maidens after Kanata sees Rio opening the door to the distillery. If Kanata can win, they'll tell her the truth about the secret room. However, things get out of hand when alcohol gets involved! The second, episode 13, takes place after the series ends. One of the local children asks Kanata what her dream is. Unable to answer, Kanata talks to the other characters about their dreams and goals.",[],So Ra No Wo To Specials,"So-Ra-No-Wo-To Specials, Soranowoto Specials, Sora no Woto Specials, Sora no Oto Specials",,"['CGDCT', 'Iyashikei', 'Military', 'Music']",,,,,
174,迷い猫ねこねこ劇場,,['Special'],6,Finished Airing,"Jun 25, 2010 to Nov 26, 2010",,,"None found,","None found,",['AIC'],['Light novel'],"['Comedy', 'Ecchi']",,3 min. per ep.,R+ - Mild Nudity,6.65,#6208,#5164,"19,761",13,8328,Mayoi Neko Overrun! Extra.,[],Mayoi Neko Overrun! Specials,"Mayoi Neko Neko Neko Gekijou, Mayoi Neko Neko Neko Gekijo, Stray Cats Cats Cats Theater",,,,,,,
175,聖痕のクェイサー ピクチャードラマ,The Qwaser Of Stigmata Picture Drama,['Special'],16,Finished Airing,"Apr 21, 2010 to Nov 24, 2010",,,['TAKI Corporation'],"None found,",['Hoods Entertainment'],['Manga'],,,2 min. per ep.,R+ - Mild Nudity,5.95,#10147,#5359,"17,926",10,6053,BD specials.,[],Seikon no Qwaser Picture Drama,Seikon no Quasar Picture Drama,['Seinen'],,,,,['Ecchi'],
176,家庭教師ヒットマンREBORN! ミスターリボックのちゃおちゃおインタビュ,,['Special'],3,Finished Airing,"Apr 7, 2010 to Jun 2, 2010",,,"None found,","None found,",['Artland'],['Manga'],,,3 min. per ep.,G - All Ages,7.32,#2727,#5432,"17,293",42,7426,"KHR: Mr. Rebokku no Ciao Ciao Interview is set of 3 DVD specials in which, Reborn, dressed as host interviews various characters selected by a wheel. Episode #1 Features Reborn as Host, and Tsunayoshi, Gokudera and Xanxus as guests. Episode #2 Features Reborn as Host, and Hibari, Belphegor and Dino as guests. Episode #3 Features Reborn as Host, and, differently than before, four characters which are Byakuran, Mukuro, Squalo and Yamamoto. [Written by Katekyou Hitman Reborn! FC]",[],Katekyou Hitman Reborn!: Mr. Rebokku no Ciao Ciao Interview,"Kateikyoushi Hitman Reborn!: Mr. Rebokku no Ciao Ciao Interview, Home Tutor Hitman Reborn!",,,,,,['Comedy'],
177,一騎当千: Xtreme Xecutor,,['Special'],6,Finished Airing,"Jun 25, 2010 to Nov 25, 2010",,,['Genco'],['Funimation'],"['Arms', 'TNK']",['Manga'],"['Comedy', 'Ecchi']",,3 min. per ep.,R+ - Mild Nudity,6.52,#6980,#5688,"15,329",4,5620,Ikkitousen: Xtreme Xecutor Blu-ray and DVD specials.,[],Ikkitousen: Xtreme Xecutor Specials,Ikkitousen XX Yume Rokkei,['Seinen'],,,,,,
178,コードギアス 反逆のルルーシュ キセキの誕生日[バースデー] おまけFLASH,Code Geass: Lelouch of the Rebellion - A Miraculous Birthday Extra Flash,['Special'],1,Finished Airing,"Apr 23, 2010",,,"None found,","None found,",['Sunrise'],Original,,['School'],2 min.,PG-13 - Teens 13 or older,5.57,#11901,#6377,"11,431",5,3627,From the Code Geass: Lelouch of the Rebellion - Kiseki no Birthday DVD/Blu-ray. It is different from the 9 Omake Flash specials included in the Code Geass R2 DVD/Blu-ray.,[],Code Geass: Hangyaku no Lelouch - Kiseki no Birthday Omake Flash,,,,,,,['Supernatural'],
179,テニスの王子様- ペアプリDVD,,['Special'],8,Finished Airing,"Jun 25, 2010 to Dec 22, 2010",,,"['Production I.G', 'TV Tokyo', 'Nihon Ad Systems', 'Shueisha']","None found,",['M.S.C'],['Manga'],,,10 min. per ep.,PG-13 - Teens 13 or older,7.18,#3474,#8431,"5,820",3,2008,"Tezuka × Atobe ÷ Koharu Fudomine Middle School's tennis captain, Kippei Tachibana, asks rival school captains Kunimitsu Tezuka, Keigo Atobe, and Kuranosuke Shiraishi to assist him with his team's practice. Shiraishi's teammate, Koharu Konjiki, decides to tag along in hopes of being able to see his crush. Instead, Konjiki ends up becoming infatuated with both Tezuka and Atobe and struggles to pick between the two. Fuji Kyoudai no Houkago (Fuji Brothers After School) Seishun's Shuusuke Fuji asks his younger brother Yuuta to go shopping with him to pick out a present for their older sister's birthday. As they proceed with their plans, Yuuta's teammates from the St. Rudolph Academy tennis team catch a glimpse of the two brothers and initially think nothing of it. However, St. Rudolph's manager, Hajime Mizuki, misinterprets the situation and believes Shuusuke is trying to get Yuuta to transfer back to Seishun. In an effort to stop his plans, Hajime forces the team to secretly follow the brothers around. Initial A Rikkai University-Affiliated Middle School's Akaya Kirihara always seems to get himself into sticky situations. Out on a shopping trip with Bunta Marui and Jackal Kuwahara, Kirihara bumps into Seishun's Takashi Kawamura, causing a stuffed toy Kawamura was carrying to go flying into a nearby dog's mouth. The two begin to chase the dog in order to get the toy back. Kawamura later recounts the story to Yamabuki Middle School's Jin Akutsu, who seems less than enthused about the ordeal. Kai☆Para Seishun's Eiji Kikumaru shows up to morning tennis practice tired after staying up late at night to play Kai☆Para, a new online game. Vice-captain Shuichirou Oishi seems perplexed by the concept of an online game, which shocks his teammates. Eiji convinces his doubles partner to log onto the game later that night but fails to tell him the full name of the game, causing Oishi to play a different game instead that uses the same moniker. Nagisa no Motemote Watching (Beachside's Popular Watching) Rokkaku Middle School's tennis captain, Kentarou Aoi, is jealous of his teammate Kojirou Saeki and Yamabuki's Kiyosumi Sengoku, both of whom can effortlessly attract women. Overhearing his troubles, Shitenhouji's Konjiki decides to tell him the secrets to winning over a woman's heart. Omae no Kimochi ga Wakaranai (I Don't Understand Your Feelings!) After coming to afternoon practice late, Hyoutei Academy's Choutarou Ootori accidentally overhears the team's third years discussing who will become the captain once they graduate. Ootori's doubles partner, Ryou Shishido, states that between him and Wakashi Hiyoshi, he would choose Hiyoshi to lead Hyoutei. This upsets Ootori greatly and the two end up fighting during practice. In an effort to cool down, Shishido sets out to train on his own but runs into Seishun's Kaoru Kaidou, who offers his two cents on his situation. Docchi no Megane Show (Whose Glasses Are These?) After knocking over a display stand, Higa Middle School's Yuujirou Kai bumps into Hyoutei's Hiyoshi, knocking his contact right out of his eye. As Hiyoshi searches for his missing contact, his teammate Yuushi Oshitari and Seishun's Sadaharu Inui begin to argue over what type of glasses would best suit him. Unabara-matsu! (The Ocean Festival) Seishun's Ryouma Echizen and Takeshi Momoshiro are invited by Rikkai's Genichirou Sanada to their school's Ocean Festival. The tennis team is putting on a ""Cinderella"" play for the festival with Kirihara playing the main role, though the second-year ace is reluctant to be wearing a frilly pink dress for the part. [Written by MAL Rewrite]",[],Tennis no Oujisama: Pair Prince,"Prince of Tennis: Peapuri, Prince of Tennis Picture Drama, Prince of Tennis: Pairpuri",['Shounen'],,,,,['Comedy'],
180,閃光のナイトレイド,Night Raid 1931 Specials,['Special'],3,Finished Airing,"Jun 23, 2010 to Dec 22, 2010",,,['Aniplex'],['Sentai Filmworks'],['A-1 Pictures'],Original,,,23 min. per ep.,R - 17+ (violence & profanity),6.81,#5300,#8481,"5,748",4,2459,Three un-aired episodes included on the BD/DVD volumes. See More Info for an episode list.,[],Senkou no Night Raid Specials,,,"['Historical', 'Military', 'Super Power']",,,,['Action'],
181,11eyes 映像特典,,['Special'],13,Finished Airing,"Jun 25, 2010",,,['Pony Canyon'],"None found,",['Doga Kobo'],Visual novel,,,4 min. per ep.,PG-13 - Teens 13 or older,5.36,#12530,#8660,"5,453",2,1822,Picture drama specials included on the seventh BD volume of the 11eyes series. The stories focused on the Black Knights with jokes.,[],11eyes Picture Drama,,,,,,,['Comedy'],
182,閃光のナイトレイド 預言,Night Raid 1931: The Prophecy,['Special'],1,Finished Airing,"May 18, 2010",,,['Aniplex'],['Sentai Filmworks'],['A-1 Pictures'],Original,,,23 min.,R - 17+ (violence & profanity),6.29,#8306,#9460,"4,205",4,1876,"A recap of Senkou no Night Raid up to the 6th episode, aired on TV instead of the real episode 7 which was broadcast online.",[],Senkou no Night Raid: Yogen,"Senkou no Night Raid: Prophecy, Senkou no Night Raid Special",,"['Historical', 'Military', 'Super Power']",,,,['Action'],
183,はなまる幼稚園 ぱんだねこ体操,,['Special'],8,Finished Airing,"May 26, 2010 to Aug 25, 2010",,,['Starchild Records'],"None found,",['Gainax'],['Manga'],,['Music'],1 min. per ep.,G - All Ages,6.25,#8576,#9926,"3,642",2,1231,BD specials with the Hanamaru Kindergarten main characters dancing to the Panda Neko theme.,[],Hanamaru Youchien: Panda Neko Taisou,"Pandaneko Gymnastic, Hanamaru Kindergarten: Panda Cat Gymnastics",['Seinen'],,,,,['Comedy'],
184,装甲騎女イリス,,['Special'],1,Finished Airing,"May 21, 2010",,,['Pixy'],"None found,",['Anime Antenna Iinkai'],Visual novel,"['Supernatural', 'Hentai']",,3 min.,Rx - Hentai,6.07,N/A,#10454,"3,090",2,1117,An exclusive scene included in the DVD Box of Soukou Kijo Iris.,[],Soukou Kijo Iris Special,"Soukoukijo Iris: Bonus Video, Armored Knight Iris: Bonus Video",,,,,,,
185,戦場のヴァルキュリア Valkyria Chronicles,,['Special'],1,Finished Airing,"Apr 7, 2010",,,"None found,","None found,",['A-1 Pictures'],Game,,,3 min.,PG-13 - Teens 13 or older,5.43,#12340,#12338,"1,737",0,520,Fake movie promo video. Included in the DVD volume 9.,[],Senjou no Valkyria Special,Senjou no Valkyria Fake Movie Promo,,,,,,['Comedy'],
186,ワルプルギスナイトフィーバー,,['Special'],1,Finished Airing,"Apr 13, 2010",,,"['Lantis', 'Barnum Studio']","None found,","None found,",Original,"['Comedy', 'Sci-Fi']",,2 min.,PG-13 - Teens 13 or older,5.26,#12783,#13806,"1,129",0,494,"Episode 0 of SOS TV Walpurgis Night Fever, introducing the characters and the world.","['Sequel (ONA) SOS TV Walpurgis Night Fever', '']",SOS TV Walpurgis Night Fever Episode 0,SOS TV Warupurgis Night Fever Episode 0,,,,,,,
187,「怪盗レーニャ」パイロット版,,['Special'],1,Finished Airing,"Jun 25, 2010",,,"None found,","None found,",['Stingray'],['4-koma manga'],,,3 min.,G - All Ages,5.27,#12769,#14298,996,0,526,Pilot episode included as a bonus on the DVD.,[],Kaitou Reinya Pilot,,,,,,,['Comedy'],
188,Peeping Life（ピーピング・ライフ）-The Perfect Emotion-,,['Special'],1,Finished Airing,"Apr 16, 2010",,,['CoMix Wave Films'],"None found,","None found,",Original,"['Comedy', 'Slice of Life']",,5 min.,G - All Ages,5.17,#12966,#15461,712,0,242,Special included in the Peeping Life: The Perfect Emotion's DVD release.,[],Peeping Life: The Perfect Emotion Special,,,,,,,,
189,クレヨンしんちゃん Specials,,['Special'],Unknown,Currently Airing,"Dec 28, 1992 to ?",,,"None found,","None found,",['Shin-Ei Animation'],['Manga'],"['Comedy', 'Ecchi']",['School'],48 min.,G - All Ages,[],#17445,#15448,712,2,,"87 Crayon Shin-chan TV Specials exist as of August 6, 2022.",[],Crayon Shin-chan Specials,,['Seinen'],,,,,,
190,Shoko Nakagawa Prism Tour 2010 (中川翔子 Prism Tour 2010),,['Special'],1,Finished Airing,Apr 2010,,,"None found,","None found,",['Sunrise'],Original,,['Music'],2 min.,G - All Ages,5.70,#11392,#15607,688,0,192,A Sunrise-produced special created for Shoko Nakagawa's 2010 Prism Tour.,[],Shoko Nakagawa Prism Tour Special,,,,,,,,
191,仙術超攻殻オリオン,,['Special'],1,Finished Airing,"Jun 11, 2010",,,"None found,","None found,",['Studio 4°C'],['Manga'],"['Action', 'Adventure', 'Comedy', 'Fantasy', 'Sci-Fi']",,2 min.,PG-13 - Teens 13 or older,[],#13987,#15904,639,1,,"The main plot revolves around the Yamata Empire's plan to destroy all the galaxy's negative karma using a massive technological reactor called the Naaga Generator. Unfortunately, negative karma cannot simply be destroyed, it must be atoned for. However the leader of the powerful mystic Buddhist Fuze Clan plans to stop the destruction of the negative karma which will end up creating the nine-headed Naaga and destroy the world if not the whole universe. To help in stopping the creation of the Naaga, the clan summons a Shinto god known as Susano, the Warrior God of Destruction. The powerful, arrogant, and homicidal god faces challenges. These include the Empire and the clan leader's own daughter, the bratty sorceress Seska, who is possessed by the power of the negative Karma and a powerful magic formula. (Source: Wikipedia)","['Adaptation (Manga) Senjutsu Choukoukaku Orion', '']",Senjutsu Choukoukaku Orion,,,,,,,,
192,つづきを考える物語,,['Special'],4,Finished Airing,"Apr 18, 2010 to Dec 5, 2010",,,"None found,","None found,","None found,",Original,,,30 sec. per ep.,G - All Ages,[],#15034,#19174,335,0,,A series of commercials created to celebrate the 40th anniversary of the SEKISUI Heim brand of modular homes. Each commercial coincides with a season.,[],Tsuzuki wo Kangaeru Monogatari,,,,,,,['Drama'],
193,京浜家族 番外編,The Story of a Common Family Specials,['Special'],2,Finished Airing,"Apr 9, 2010",,,['Toei Animation'],"None found,",['DLE'],Original,,,5 min. per ep.,PG-13 - Teens 13 or older,[],#19364,#27837,57,0,,Special episodes of Kehin Kazoku.,[],Kehin Kazoku Specials,,,,,,,['Comedy'],
