,Synonyms,Japanese,English,Type,Episodes,Status,Aired,Premiered,Broadcast,Producers,Licensors,Studios,Source,Genres,Duration,Rating,Score,Ranked,Popularity,Members,Favorites,Scorers,Synopsis,Related_Entries,Title,German,French,Themes,Demographic,Spanish,Theme,Genre,Demographics
0,"Dhurarara!!, Dyurarara!!, Dulalala!!, Dullalala!!, DRRR!!",デュラララ!!,Durarara!!,['TV'],24,Finished Airing,"Jan 8, 2010 to Jun 25, 2010",['Winter 2010'],Fridays at 01:25 (JST),"['Aniplex', 'Square Enix', 'Mainichi Broadcasting System', 'Movic', 'ASCII Media Works']",['Aniplex of America'],"[""Brain's Base""]",['Light novel'],"['Action', 'Mystery', 'Supernatural']",24 min. per ep.,R - 17+ (violence & profanity),8.09,#535,#93,"1,446,889","30,105",677176,"In Tokyo's downtown district of Ikebukuro, amidst many strange rumors and warnings of anonymous gangs and dangerous occupants, one urban legend stands out above the rest—the existence of a headless ""Black Rider"" who is said to be seen driving a jet-black motorcycle through the city streets. Mikado Ryuugamine has always longed for the excitement of the city life, and an invitation from a childhood friend convinces him to move to Tokyo. Witnessing the Black Rider on his first day in the city, his wishes already seem to have been granted. But as supernatural events begin to occur, ordinary citizens like himself, along with Ikebukuro's most colorful inhabitants, are mixed up in the commotion breaking out in their city. [Written by MAL Rewrite]","['Sequel (TV) Durarara!!x2 Shou', 'Adaptation (Manga) Durarara!!', 'Adaptation (Manga) Durarara!! Saika-hen', 'Adaptation (Manga) Durarara!! Kokinzoku-hen']",Durarara!!,,,,,,,,
1,"The Idiot, the Tests, and the Summoned Creatures, Baka to Test to Shokanju, BakaTest",バカとテストと召喚獣,Baka & Test: Summon the Beasts,['TV'],13,Finished Airing,"Jan 7, 2010 to Apr 1, 2010",['Winter 2010'],Thursdays at 02:20 (JST),"['Lantis', 'Media Factory', 'Cospa', 'T.O Entertainment', 'Omnibus Promotion']",['Funimation'],['SILVER LINK.'],['Light novel'],"['Comedy', 'Romance']",24 min. per ep.,PG-13 - Teens 13 or older,7.50,#1941,#352,"650,754","5,719",353463,"Fumizuki Academy isn't a typical Japanese high school. This unique institution has implemented a new and innovative system to sort its students. At the end of their freshman year, students take a test that divides up the student body. The highest scorers are placed into A class, all the way down until F class, for the lowest of the low. Unfortunately for Akihisa Yoshii, his supposedly ""great"" intellect wasn't quite enough for such a test, and he's now stuck at the bottom of F class. Naturally, F class has the worst facilities: not only rotten tatami mats and broken tables, but also outdated equipment and worn out furniture. On the bright side, his friend Yuuji Sakamoto is in the same class, and to everyone's surprise, the genius girl Mizuki Himeji has also ended up in the same class due to an unforeseen fever on the day of the test. Unsatisfied with their perquisites, F class rallies behind Yuuji, determined to take on the higher-tiered classes in order to seize their perks by using the school's Examinations Summon Battle system. The participants can summon fantasy characters—whose power levels are equal to their student's test scores—in an all-out battle. Will F class be able to rise to the top, or will they live up to everyone's expectations and fail? [Written by MAL Rewrite]","['Sequel (OVA) Baka to Test to Shoukanjuu: Matsuri', 'Adaptation (Manga) Baka to Test to Shoukanjuu', 'Adaptation (Light Novel) Baka to Test to Shoukanjuu', '']",Baka to Test to Shoukanjuu,Baka & Test - Summon the Beasts,Baka & Test - Summon the Beasts,"['Love Polygon', 'School']",,,,,
2,Sword Story,刀語,Katanagatari,['TV'],12,Finished Airing,"Jan 26, 2010 to Dec 11, 2010",['Winter 2010'],Tuesdays at 01:10 (JST),"['Aniplex', 'Lantis', 'Kodansha', 'Movic', 'Fuji TV']","['NIS America, Inc.']",['White Fox'],['Light novel'],"['Action', 'Adventure', 'Romance']",49 min. per ep.,R - 17+ (violence & profanity),8.30,#284,#405,"576,984","10,851",219097,"In an Edo-era Japan lush with a variety of sword-fighting styles, Shichika Yasuri practices the most unique one: Kyotouryuu, a technique in which the user's own body is wielded as a blade. The enigmatic seventh head of the Kyotouryuu school, Shichika lives quietly in exile with his sister Nanami until one day—the wildly ambitious strategist Togame barges into their lives. Togame brazenly requests that Shichika help in her mission to collect twelve unique swords, known as the ""Deviant Blades,"" for the shogunate. Shichika accepts, interested in the girl herself rather than petty politics, and thus sets out on a journey. Standing in their way are the fierce wielders of these legendary weapons as well as other power-hungry entities who seek to thwart Togame's objective. In order to prevail against their enemies, the duo must become an unbreakable team as they forge ahead on a path of uncertainty and peril. [Written by MAL Rewrite]","['Adaptation (Light Novel) Katanagatari', '']",Katanagatari,,,"['Historical', 'Martial Arts']",,,,,
3,,聖痕のクェイサー,The Qwaser of Stigmata,['TV'],24,Finished Airing,"Jan 10, 2010 to Jun 20, 2010",['Winter 2010'],Sundays at 03:28 (JST),['TAKI Corporation'],['Sentai Filmworks'],['Hoods Entertainment'],['Manga'],"['Action', 'Ecchi']",24 min. per ep.,R+ - Mild Nudity,6.32,#8117,#753,"340,745",857,135349,"When Tomo Yamanobe's father—the former headmaster of Saint Mikhailov Academy—disappeared, he left nothing behind except for a piece of art called the ""icon."" Soon after his disappearance, rumors of a serial killer attacking female students of the academy began to spread. As Tomo and her sister Mafuyu Oribe head home after being tormented at school, Tomo trips over an injured silver-haired boy who abruptly vanishes while being tended to. Mafuyu goes to look for him, only to discover that the church holding the icon is burning down. When she tries to save the painting, the rumored serial killer suddenly attacks her with a mysterious ability to control magnesium. Appearing out of nowhere, the silver-haired boy, who can control iron, rescues Mafuyu. Mafuyu finds out that the boy, named Alexander Nikolaevich ""Sasha"" Hell, is a ""qwaser""—a being who is capable of controlling an element through the power of ""soma,"" received through the act of breastfeeding. Confused by the ordeal, Mafuyu attempts to move past it with little luck, as Sasha transfers to her class the next day. What will become of Tomo and Mafuyu's normal school life with the danger of other qwasers looming close to them? [Written by MAL Rewrite]","['Sequel (TV) Seikon no Qwaser II', 'Adaptation (Manga) Seikon no Qwaser']",Seikon no Qwaser,,,"['Gore', 'Harem', 'School', 'Super Power']",['Seinen'],,,,
4,"Protective Charm Himari, OmaHima",おまもりひまり,Omamori Himari,['TV'],12,Finished Airing,"Jan 7, 2010 to Mar 25, 2010",['Winter 2010'],Thursdays at 01:30 (JST),"['Kadokawa Shoten', 'Kadokawa Pictures Japan', 'KlockWorx', 'NTT Docomo']",['Funimation'],['Zexcs'],['Manga'],"['Action', 'Comedy', 'Romance', 'Supernatural', 'Ecchi']",24 min. per ep.,R+ - Mild Nudity,6.82,#5221,#1044,"247,704",766,122947,"After the death of his parents, Yuuto Amakawa lives a pretty ordinary life in the city. The only problem he has to worry about while attending school alongside Rinko, his next-door neighbor, is his cat allergies. That all changes on his sixteenth birthday, when an Ayakashi—a supernatural creature—attacks him for the sins of his ancestors. Luckily, he is saved by Himari, a mysterious cat-woman with a sword, who explains that Yuuto is the scion of a family of demon-slayers, and she is there to protect him now that the charm that kept him hidden from the supernatural forces of the world has lost its power. Omamori Himari chronicles Yuuto's dealings with the various forces of the supernatural world, as well as the growing number of women that show up on his doorstep, each with their own dark desires. Will Yuuto be able to adjust to his new ""exciting"" environment? Or will the ghost of his (ancestor's) past catch up with him?","['Adaptation (Manga) Omamori Himari', '']",Omamori Himari,,,"['Harem', 'Mythology', 'School']",['Shounen'],,,,
5,,ダンスインザヴァンパイアバンド,Dance in the Vampire Bund,['TV'],12,Finished Airing,"Jan 7, 2010 to Apr 1, 2010",['Winter 2010'],Thursdays at 09:00 (JST),"['Genco', 'Media Factory', 'Rakuonsha', 'AT-X', 'flying DOG']",['Funimation'],['Shaft'],['Manga'],"['Action', 'Drama', 'Romance', 'Supernatural']",23 min. per ep.,R+ - Mild Nudity,6.96,#4545,#1096,"237,417",736,111693,"On live television, Mina Tepes, the ruler of all vampires, reveals the existence of her species to the world and states her plan to build a sanctuary in Japan for vampires, called the Vampire Bund. Using her family's wealth to pay off the nation's debt, they have agreed to let her build this safe-haven for her fellow creatures of the night. But not everyone is so easily swayed by Mina's influence, as her announcement brings about conflict with humans who believe that the queen's quest for peace is a façade. Akira Kaburagi does not believe in vampires and gets uneasy whenever they are brought up, although he has yet to realize why. Apart from suffering a head injury a year ago, he lives on blissfully until he meets Mina. She triggers within him memories of a life he had long forgotten, and he soon begins protecting her without understanding why. But Akira's secret is far stranger than he could have ever thought possible—he discovers that he is a werewolf, sworn from birth to protect the vampire queen, even if it costs him his life. Now, as these two dance a rondo of death in the Vampire Bund, Mina and Akira find out just how deep their bond goes. [Written by MAL Rewrite]","['Adaptation (Manga) Dance in the Vampire Bund', '']",Dance in the Vampire Bund,,Dance in The Vampire Bund,,['Seinen'],Bailando con Vampiros,['Vampire'],,
6,"Ladies vs. Butlers!, Redi x Bato",れでぃ×ばと!,Ladies versus Butlers!,['TV'],12,Finished Airing,"Jan 5, 2010 to Mar 23, 2010",['Winter 2010'],Tuesdays at 22:00 (JST),"['Geneon Universal Entertainment', 'Lantis', 'AT-X', 'KlockWorx', 'ASCII Media Works', 'BIGLOBE']",['Media Blasters'],['Xebec'],['Light novel'],"['Comedy', 'Romance', 'Ecchi']",24 min. per ep.,R+ - Mild Nudity,6.54,#6828,#1136,"229,091",298,112022,"Hino Akiharu lost his parents when he was small and was adopted into his uncle's family. He didn't want to be a burden on his uncle's family and decides to enter a free boarding school as a butler, Hakureiryou high school. However, his delinquent boy-like appearance frightens the girls, who make up the majority of the students. Unable to get along with the classmates, Akiharu meets his childhood crush Saikyou Tomomi.","['Adaptation (Light Novel) Ladies versus Butlers!', 'Adaptation (Manga) Ladies versus Butlers!']",Ladies versus Butlers!,,,"['Harem', 'School']",,Ladies Versus Butlers,,,
7,"So-Ra-No-Wo-To, Soranowoto, Sora no Woto, Sora no Oto",ソ・ラ・ノ・ヲ・ト,Sound of the Sky,['TV'],12,Finished Airing,"Jan 5, 2010 to Mar 23, 2010",['Winter 2010'],Tuesdays at 01:30 (JST),"['TV Tokyo', 'Aniplex']",['Nozomi Entertainment'],['A-1 Pictures'],Original,"['Sci-Fi', 'Slice of Life']",24 min. per ep.,PG-13 - Teens 13 or older,7.53,#1860,#1512,"167,544","1,505",57262,"On the outskirts of the country of Helvetia rests the tranquil town of Seize. Upon its cobbled streets, citizens go about their daily lives, undisturbed by the increasingly tense military relations between Helvetia and the neighboring Roman Empire. It is under these circumstances that the 1121st platoon of the Helvetian army, stationed at the Clocktower Fortress in Seize, receives a new recruit in the young and spirited Kanata Sorami. Having joined the military to fulfill her dream of learning to play the bugle, she excitedly accepts the tutelage of the Sergeant Major, Rio Kazumiya, who happens to be a skilled trumpeter. Working alongside them are the aloof mechanic, Noël Kannagi, the feisty gunner, Kureha Suminoya, and the compassionate Captain Felicia Heideman; together, they experience the beauty of life in Seize and the lasting joy of a community that has persevered in spite of the crumbling world around them. [Written by MAL Rewrite]","['Adaptation (Manga) So Ra No Wo To', '']",So Ra No Wo To,Sound of the Sky,Sound of the Sky,"['CGDCT', 'Iyashikei', 'Military', 'Music']",,Sound of the Sky,,,
8,"Nodame Cantabile Third Season, Nodame Cantabile Season 3",のだめカンタービレ フィナーレ,,['TV'],11,Finished Airing,"Jan 15, 2010 to Mar 26, 2010",['Winter 2010'],Fridays at 00:45 (JST),"['Dentsu', 'Genco', 'SKY Perfect Well Think', 'Kodansha', 'Fuji TV', 'Asmik Ace', 'Sony Music Entertainment']","None found,",['J.C.Staff'],['Manga'],"['Comedy', 'Romance']",22 min. per ep.,PG-13 - Teens 13 or older,8.22,#371,#1826,"130,413",409,70861,"Shinichi Chiaki is quickly making a name for himself as the principal conductor of the revitalized Roux-Marlet Orchestra, and Megumi ""Nodame"" Noda has made leaps and bounds as a pianist at the Conservatoire de Paris. However, tensions mount between the two as Nodame feels left behind by Chiaki's growing success and his close friendship with legendary piano prodigy Rui Son. Disregarding her teacher Professor Charles Auclair's advice, Nodame enters another piano competition in an attempt to jumpstart her own performance career. Meanwhile, those around Chiaki and Nodame are at their own crossroads. Rui begins to doubt herself after hearing Nodame's playing and being denied tutelage from Auclair; Maestro Franz von Stresemann faces the reality of his mortality; pianists Yunlong Li and Tatiana Vishneva feverishly prepare for a competition, while the latter also struggles with her growing feelings for oboist and fellow student Yasunori Kuroki. As Chiaki, Nodame, and their friends continue on their respective journeys, they must not only strive to stay true to themselves, but also remember where it all started. [Written by MAL Rewrite]","['Prequel (Special) Nodame Cantabile: Finale - Mine to Kiyora no Saikai', 'Sequel (OVA) Nodame Cantabile Finale OVA', 'Adaptation (Manga) Nodame Cantabile', '']",Nodame Cantabile Finale,,,"['Adult Cast', 'Music']",['Josei'],,,,
9,,はなまる幼稚園,Hanamaru Kindergarten,['TV'],12,Finished Airing,"Jan 11, 2010 to Mar 29, 2010",['Winter 2010'],Mondays at 01:30 (JST),"['Starchild Records', 'TV Tokyo Music', 'Omnibus Promotion']","None found,",['Gainax'],['Manga'],"['Comedy', 'Slice of Life']",24 min. per ep.,PG-13 - Teens 13 or older,7.26,#3034,#2245,"98,644",253,40081,"Anzu goes to a kindergarten with her friends, the shy Koume and the eccentric Hiiragi. Together they try to make their caretaker, Tsuchida Naozumi, fall in love with Anzu. However, he is clearly more interested in the pretty Yamamoto Nanako, a fellow kindergarten teacher who supervises the class next door. Even though Anzu tries to convince Tsuchida to marry her when she grows up by using various methods. Tsuchida, on the other hand, hopes to get a chance to date Yamamoto, and, if not, to marry her.","['Adaptation (Manga) Hanamaru Youchien', '']",Hanamaru Youchien,,,,['Seinen'],Hanamaru Kindergarten,['Childcare'],,
10,Wolfed Away,おおかみかくし,Okamikakushi: Masque of the Wolf,['TV'],12,Finished Airing,"Jan 8, 2010 to Mar 26, 2010",['Winter 2010'],Fridays at 01:59 (JST),"['TBS', 'flying DOG']",['Sentai Filmworks'],['AIC'],Visual novel,"['Horror', 'Mystery', 'Supernatural', 'Suspense']",24 min. per ep.,PG-13 - Teens 13 or older,6.29,#8363,#2656,"74,913",90,31528,"Due to his father's job, 15-year-old Hiroshi Kuzumi and his family move to the mountain town of Jouga. While some teenagers might have to worry about fitting in or feel out of place in a new environment, Hiroshi is welcomed enthusiastically at school by most of his new classmates. In fact, it seems like they just can't get enough of him, and he makes two friends rather quickly: the clingy and overly-affectionate Isuzu Tsumuhana, who is also his neighbor; and Kaname Asagiri, who also recently moved to Jouga. All in all, Hiroshi's new life seems to be quite normal—until people start disappearing. Hiroshi is told that the missing townsfolk have simply moved away or suddenly transferred, but he can't shake the feeling that something is wrong. Meanwhile, in the dead of night under a red moon, masked individuals led by a girl with a scythe stalk their prey in the darkened streets of Jouga. Who are they, and are any of the residents safe from their wrath? [Written by MAL Rewrite]","['Adaptation (Manga) Ookamikakushi: Kokihi no Shou', 'Adaptation (Manga) Ookamikakushi: Keshimurasaki no Shou', 'Adaptation (Light Novel) Ookamikakushi', '']",Ookamikakushi,,,,,,['Psychological'],,
11,"Chuu Bra!!, Chubra!!, Chuubra!!",ちゅーぶら!!,Chu-Bra!!,['TV'],12,Finished Airing,"Jan 4, 2010 to Mar 22, 2010",['Winter 2010'],Mondays at 23:30 (JST),"['Starchild Records', 'GANSIS']",['Media Blasters'],['Zexcs'],['Manga'],"['Comedy', 'Ecchi']",23 min. per ep.,R+ - Mild Nudity,6.19,#8899,#3337,"49,614",51,22749,"Nayu Hayama makes quite an impression on everyone at Ounan Middle School when she trips while attempting to get on stage to make a speech. The unfortunate incident causes Nayu to flash her unusual underwear in front of the entire freshman class, marking an eventful start to the school year. Underwear is Nayu’s passion, and she believes that possessing a good selection of them is important to women of all ages. However, her desire to spread this wisdom to her classmates and teachers is not an easy task to accomplish. Not only does her odd hobby circulate embarrassing and uncomfortable rumors, but it also leads to unwanted attention from the opposite sex. With obstacles to her underwear school revolution beginning to mount, Nayu has her work cut out for her. [Written by MAL Rewrite]","['Adaptation (Manga) Chu-Bra!!', '']",Chuu Bra!!,,,,['Seinen'],Chu-Bra,['School'],,
12,Heartcatch Pretty Cure!,ハートキャッチプリキュア!,,['TV'],49,Finished Airing,"Feb 7, 2010 to Jan 30, 2011",['Winter 2010'],Sundays at 08:30 (JST),"None found,","None found,",['Toei Animation'],Original,"['Action', 'Comedy']",24 min. per ep.,G - All Ages,7.86,#901,#4025,"34,679",658,13268,"Young flower enthusiast Tsubomi Hanasaki is often modest and quiet. But with her family moving to a new town, she aims to reinvent her image at her new school as someone more confident and outgoing. On moving day, she dreams of a mysterious tree in the sky guarded by a warrior named ""Cure Moonlight."" Tsubomi quickly learns that this was no ordinary dream when she encounters two mysterious fairies—Chypre and Coffret—who are being hunted down by a strange woman. When the woman summons a giant monster to attack the city, Tsubomi finds herself transforming into a warrior to fight the enemy! Taking on the alias ""Cure Blossom,"" Tsubomi learns that the woman is part of a villainous group that aims to turn the world into a lifeless desert, with her new duty being to stop it from happening. As Tsubomi continues to battle more monsters and uncover the secrets behind Cure Moonlight, will she find the confidence needed to overcome her timid nature? [Written by MAL Rewrite]","['Adaptation (Manga) Heartcatch Precure!', 'Adaptation (Novel) Shousetsu Heartcatch Precure!']",Heartcatch Precure!,,,,,,['Mahou Shoujo'],,
13,"Hidamari Sketch x Hoshi Mittsu, Hidamari Sketch 3rd Season",ひだまりスケッチ×☆☆☆,,['TV'],12,Finished Airing,"Jan 8, 2010 to Mar 26, 2010",['Winter 2010'],Fridays at 01:29 (JST),"['Aniplex', 'Lantis', 'TBS', 'Movic', 'Houbunsha', 'Omnibus Promotion']",['Sentai Filmworks'],['Shaft'],['4-koma manga'],,24 min. per ep.,PG-13 - Teens 13 or older,7.90,#835,#4356,"29,384",149,13876,"When we first met Yuno, she'd just been accepted to the prestigious Yamabuki Art School, and it was up to her new neighbors at Hidamari to help her find her way in the big scary world. Now a seasoned vet of the Hidamari Apartments herself, Yuno's newest challenge is to help the latest arrivals, Nazuna and Nori, acclimate to life on their own. Of course, since it IS Hidamari, there are still lots of trials and tribulations ahead, and nothing will ever go quite as expected. But with friends like Miyako, Hiro, and Sae ready to lend a hand, there will always be a ray of sunshine at the end of every storm in Hidamari Sketch x Hoshimittsu. (Source: Sentai Filmworks)","['Prequel (Special) Hidamari Sketch x 365 Specials', 'Sequel (TV Special) Hidamari Sketch x ☆☆☆ Specials', 'Adaptation (Manga) Hidamari Sketch', '']",Hidamari Sketch x ☆☆☆,,,"['CGDCT', 'Iyashikei', 'School', 'Visual Arts']",,,,['Slice of Life'],
14,Weiss Survive R,ヴァイス・サヴァイヴR,,['TV'],12,Finished Airing,"Dec 5, 2009 to Mar 27, 2010",['Winter 2010'],Saturdays at 01:25 (JST),['TBS'],"None found,",['Studio Hibari'],Card game,"['Comedy', 'Ecchi']",2 min. per ep.,PG-13 - Teens 13 or older,5.98,#10010,#6273,"11,911",4,5354,The second season of Weiß Survive.,"['Prequel (TV) Weiß Survive', 'Adaptation (Manga) Weiß Survive']",Weiß Survive R,,,,,,['Strategy Game'],,
15,Cobra The Animation: Rokunin no Yuushi,COBRA THE ANIMATION,,['TV'],13,Finished Airing,"Jan 2, 2010 to Mar 27, 2010",['Winter 2010'],Saturdays at 23:30 (JST),['Happinet Pictures'],['Sentai Filmworks'],['Magic Bus'],['Manga'],"['Action', 'Adventure', 'Sci-Fi']",24 min. per ep.,R+ - Mild Nudity,7.07,#4056,#6762,"10,012",28,3957,"This Cobra adaptation features short arcs of Cobra saving the world, his friends or himself.","['Prequel (OVA) Cobra The Animation: Time Drive', 'Adaptation (Manga) Cobra', 'Adaptation (Manga) Cobra: Galaxy Nights', '']",Cobra The Animation,,,"['Adult Cast', 'Space']",['Shounen'],,,,
16,"Kaito Reina, Phantom Thief Reinya",怪盗レーニャ,,['TV'],12,Finished Airing,"Jan 9, 2010 to Mar 27, 2010",['Winter 2010'],Unknown,['Kadokawa Pictures Japan'],"None found,",['Stingray'],['4-koma manga'],,3 min. per ep.,PG - Children,5.60,#11803,#9695,"3,905",0,1804,"Reinya appears to be an ordinary girl working at a convenience store but she is in fact, the Phantom Thief Reinya. Together with her assistant Chūtarō in their secret hideout right below the local convenience store, Reinya hatches plans to steal various treasures made of gold. They face an incompetent trio of a perverted police inspector, a policewoman who is a natural airhead, and a detective totally infatuated with Reinya, all of them in a police station beside Reinya's convenience store. (Source: ANN)",[],Kaitou Reinya,,,,,Phantom Thief Reinya,,['Comedy'],
17,Gyagu Manga Biyori +,増田こうすけ劇場 ギャグマンガ日和+,,['TV'],12,Finished Airing,"Jan 5, 2010 to Jun 29, 2010",['Winter 2010'],Tuesdays at 02:14 (JST),"['Bandai Visual', 'Yomiuri Telecasting', 'Kids Station', 'Shueisha']","None found,",['Studio Deen'],['Manga'],,5 min. per ep.,PG-13 - Teens 13 or older,6.93,#4679,#10843,"2,747",1,856,Based on a shounen gag manga by Masuda Kousuke serialised in Monthly Shounen Jump.,"['Prequel (TV) Masuda Kousuke Gekijou: Gag Manga Biyori 3', 'Sequel (TV) Masuda Kousuke Gekijou: Gag Manga Biyori Go', 'Adaptation (Manga) Masuda Kousuke Gekijou: Gag Manga Biyori', '']",Masuda Kousuke Gekijou: Gag Manga Biyori +,,,,,,['Gag Humor'],['Comedy'],
18,Chii-Sui Maru,ちーすい丸,,['TV'],41,Finished Airing,"Feb 6, 2010 to Nov 26, 2010",['Winter 2010'],Unknown,"None found,","None found,","None found,",Original,,1 min. per ep.,G - All Ages,5.79,#10971,#15690,672,1,133,"The offensive and defensive battles between Nobuo, an office worker, and Chi-Sui Maru, a mosquito.","['Sequel (TV) Chi-Sui Maru 2nd Season', '']",Chi-Sui Maru,,,,,,,['Comedy'],
19,"Space Adventures, Star Field War Record Astro Plan, Xingyuan Zhanji",太空历险记,Astro Plan,['TV'],26,Finished Airing,"Jan 16, 2010 to Feb 2010",['Winter 2010'],Not scheduled once per week,"None found,","None found,","None found,",Original,"['Action', 'Sci-Fi']",20 min. per ep.,G - All Ages,[],#14692,#17008,506,3,,"In the year 2735, mankind has begun to venture into space to find a new home after Earth's environment succumbs to global warming and the bombardment of asteroids into the atmosphere. During their voyage, the Space Migration Fleet encounters an alien race from the planet Iccus. As raiders of natural resources, the aliens are bent on galactic domination. To combat the threat, six young fighters are recruited into the Sky Arrow Flight Team and are equipped with transformable Type Yi fighter planes. (Source: Wikipedia)",[],Taikong Lixianji,,,,['Kids'],,['Mecha'],,
20,,ローズオニール キューピー,,['TV'],26,Finished Airing,"Dec 2, 2009 to May 26, 2010",['Winter 2010'],Unknown,"None found,","None found,",['TMS Entertainment'],Other,,5 min. per ep.,G - All Ages,[],#21428,#17289,477,0,,"Kewpie, the babylike doll that the late American artist Rose O'Neill created for Ladies' Home Journal magazine in 1909, will celebrate its 100th anniversary this December with its first animated project. (Source: ANN)",[],Rose O'Neill Kewpie,,,,,,,['Comedy'],
21,Shit Naive School,うんこさん ツイてる人にしか見えない妖精 純情派,,['TV'],13,Finished Airing,"Jan 10, 2010 to Apr 4, 2010",['Winter 2010'],Unknown,"None found,","None found,",['Kachidoki Studio'],Original,,3 min. per ep.,PG - Children,[],#15157,#17514,458,2,,"On a legendary island shaped like an unusually regular turd, a population of turd-people and insanely aggressive animals go about their hilarity-packed day to day lives. Central character Yoshiko Un is known as Unko-san, but you're unlikely to meet her--the island appears only to the fortunate few, to whom they give good luck. (Source: The Anime Encyclopedia)","['Prequel (TV) Unko-san: Tsuiteru Hito ni Shika Mienai Yousei', '']",Unko-san: Tsuiteru Hito ni Shika Mienai Yousei Junjou Ha,,,,,,,['Comedy'],
22,,ケシカスくん,,['TV'],44,Finished Airing,"Jan 12, 2010 to Apr 1, 2011",['Winter 2010'],Not scheduled once per week,"None found,","None found,",['Shogakukan Music & Digital Entertainment'],['Manga'],,1 min. per ep.,G - All Ages,[],#19401,#18547,379,0,,Keshikasu-kun is an anthropomorphism anime about stationery. The main character is the eraser Keshikasu who aims to be an idol of the stationary world. He fights against other stationary and erases a mechanical pencil or gets crushed by a permanent marker.,[],Keshikasu-kun,,,,['Kids'],,,['Comedy'],
23,"Ltd. Zoo, Kabushiki Gaisha Zoo",株式会社ZOO,,['TV'],12,Finished Airing,"Jan 20, 2010 to Aug 30, 2010",['Winter 2010'],Unknown,"['NHK', 'Milky Cartoon', 'Opera House']","None found,","None found,",Original,,2 min. per ep.,PG - Children,[],#19171,#19782,298,0,,No synopsis information has been added to this title. Help improve our database by adding a synopsis here.,[],Kabushiki Kaisha Zoo,,,,['Kids'],,,['Comedy'],
24,,헬로 코코몽,Hello Cocomong,['TV'],13,Finished Airing,"Feb 26, 2010 to Feb 25, 2011",['Winter 2010'],Fridays at Unknown,"None found,","None found,","None found,",Original,,9 min. per ep.,G - All Ages,[],#18530,#20163,278,1,,"I can dance! I can sing! So, I can speak English! Hello Cocomong is a series of musical episodes teaching kids through song and dance. A large amount of episodes are aimed to teach English to Korean speaking children, though the intention is lost with the official English dub of the show.","['Sequel (TV) Hello Cocomong 2', '']",Hello Cocomong,,,,['Kids'],,['Music'],,
25,The Fifty-Three Stations of the Toukaidou,忍者玉丸 東海道五十三次,,['TV'],26,Finished Airing,"Dec 26, 2009 to Jun 26, 2010",['Winter 2010'],Unknown,"None found,","None found,","None found,",Original,,5 min. per ep.,G - All Ages,[],#20688,#20521,257,0,,The third season of Ninja Tamamaru.,"['Prequel (TV) Shin Ninja Tamamaru', '']",Ninja Tamamaru: Toukaidou Gojuusan-ji,,,,['Kids'],,['Martial Arts'],,
26,,麦圈可可远古大冒险,Maiquan & Keke's Ancient Adventures,['TV'],46,Finished Airing,Feb 2010 to Oct 2010,['Winter 2010'],Unknown,"None found,","None found,","None found,",Original,,11 min. per ep.,PG - Children,[],#19967,#23667,119,0,,No synopsis information has been added to this title. Help improve our database by adding a synopsis here.,"['Prequel (TV) Maiquan Keke Man Youji', 'Sequel (TV) Maiquan Keke Xunbao Ji']",Maiquan Keke Yuangu Da Maoxian,,,,['Kids'],,,['Adventure'],
27,,太昊伏羲,,['TV'],26,Finished Airing,Jan 2010 to Feb 2011,['Winter 2010'],Unknown,"None found,","None found,","None found,",Other,,13 min. per ep.,PG - Children,[],#14676,#24344,105,0,,No synopsis information has been added to this title. Help improve our database by adding a synopsis here.,[],Tai Hao Fuxi,,,,['Kids'],,,,
28,Online Miracle Shopping 2nd Season,ネットミラクルショッピング 第2期,,['TV'],22,Finished Airing,"Jan 8, 2010 to Mar 26, 2010",['Winter 2010'],Unknown,['Mainichi Broadcasting System'],"None found,","None found,",Original,,3 min. per ep.,PG-13 - Teens 13 or older,[],#20645,#27323,68,0,,Second season of Net Miracle Shopping.,"['Prequel (TV) Net Miracle Shopping', '']",Net Miracle Shopping 2nd Season,,,,,,,['Comedy'],
29,"Hagane no Renkinjutsushi: Fullmetal Alchemist, Fullmetal Alchemist (2009), FMA, FMAB",鋼の錬金術師 FULLMETAL ALCHEMIST,Fullmetal Alchemist: Brotherhood,['TV'],64,Finished Airing,"Apr 5, 2009 to Jul 4, 2010",['Spring 2009'],Sundays at 17:00 (JST),"['Aniplex', 'Square Enix', 'Mainichi Broadcasting System', 'Techno Sound']","['Funimation', 'Aniplex of America']",['Bones'],['Manga'],"['Action', 'Adventure', 'Drama', 'Fantasy']",24 min. per ep.,R - 17+ (violence & profanity),9.10,#2,#3,"3,486,881","232,139",2198350,"After a horrific alchemy experiment goes wrong in the Elric household, brothers Edward and Alphonse are left in a catastrophic new reality. Ignoring the alchemical principle banning human transmutation, the boys attempted to bring their recently deceased mother back to life. Instead, they suffered brutal personal loss: Alphonse's body disintegrated while Edward lost a leg and then sacrificed an arm to keep Alphonse's soul in the physical realm by binding it to a hulking suit of armor. The brothers are rescued by their neighbor Pinako Rockbell and her granddaughter Winry. Known as a bio-mechanical engineering prodigy, Winry creates prosthetic limbs for Edward by utilizing ""automail,"" a tough, versatile metal used in robots and combat armor. After years of training, the Elric brothers set off on a quest to restore their bodies by locating the Philosopher's Stone—a powerful gem that allows an alchemist to defy the traditional laws of Equivalent Exchange. As Edward becomes an infamous alchemist and gains the nickname ""Fullmetal,"" the boys' journey embroils them in a growing conspiracy that threatens the fate of the world. [Written by MAL Rewrite]","['Adaptation (Manga) Fullmetal Alchemist', '']",Fullmetal Alchemist: Brotherhood,,Fullmetal Alchemist Brotherhood,,['Shounen'],,['Military'],,
30,Naruto Hurricane Chronicles,-ナルト- 疾風伝,Naruto Shippuden,['TV'],500,Finished Airing,"Feb 15, 2007 to Mar 23, 2017",['Winter 2007'],Thursdays at 19:30 (JST),"['TV Tokyo', 'Aniplex', 'KSS', 'Rakuonsha', 'TV Tokyo Music', 'Shueisha']",['VIZ Media'],['Pierrot'],['Manga'],"['Action', 'Adventure', 'Fantasy']",23 min. per ep.,PG-13 - Teens 13 or older,8.28,#304,#16,"2,597,956","115,639",1728599,"It has been two and a half years since Naruto Uzumaki left Konohagakure, the Hidden Leaf Village, for intense training following events which fueled his desire to be stronger. Now Akatsuki, the mysterious organization of elite rogue ninja, is closing in on their grand plan which may threaten the safety of the entire shinobi world. Although Naruto is older and sinister events loom on the horizon, he has changed little in personality—still rambunctious and childish—though he is now far more confident and possesses an even greater determination to protect his friends and home. Come whatever may, Naruto will carry on with the fight for what is important to him, even at the expense of his own body, in the continuation of the saga about the boy who wishes to become Hokage. [Written by MAL Rewrite]","['Prequel (TV) Naruto', 'Sequel (Movie) Boruto: Naruto the Movie', 'Sequel (TV) Boruto: Naruto Next Generations', 'Adaptation (Manga) Naruto']",Naruto: Shippuuden,Naruto Shippuden,Naruto Shippuden,,['Shounen'],Naruto Shippuden,['Martial Arts'],,
31,OP,ONE PIECE,One Piece,['TV'],Unknown,Currently Airing,"Oct 20, 1999 to ?",['Fall 1999'],Sundays at 09:30 (JST),"['Fuji TV', 'TAP', 'Shueisha']","['Funimation', '4Kids Entertainment']",['Toei Animation'],['Manga'],"['Action', 'Adventure', 'Fantasy']",24 min.,PG-13 - Teens 13 or older,8.73,#51,#17,"2,496,345","234,722",1419488,"Barely surviving in a barrel after passing through a terrible whirlpool at sea, carefree Monkey D. Luffy ends up aboard a ship under attack by fearsome pirates. Despite being a naive-looking teenager, he is not to be underestimated. Unmatched in battle, Luffy is a pirate himself who resolutely pursues the coveted One Piece treasure and the King of the Pirates title that comes with it. The late King of the Pirates, Gol D. Roger, stirred up the world before his death by disclosing the whereabouts of his hoard of riches and daring everyone to obtain it. Ever since then, countless powerful pirates have sailed dangerous seas for the prized One Piece only to never return. Although Luffy lacks a crew and a proper ship, he is endowed with a superhuman ability and an unbreakable spirit that make him not only a formidable adversary but also an inspiration to many. As he faces numerous challenges with a big smile on his face, Luffy gathers one-of-a-kind companions to join him in his ambitious endeavor, together embracing perils and wonders on their once-in-a-lifetime adventure. [Written by MAL Rewrite]","['Adaptation (Manga) One Piece', 'Adaptation (Light Novel) One Piece: Loguetown-hen']",One Piece,,,,['Shounen'],,,,
32,,BLEACH - ブリーチ -,Bleach,['TV'],366,Finished Airing,"Oct 5, 2004 to Mar 27, 2012",['Fall 2004'],Tuesdays at 18:00 (JST),"['TV Tokyo', 'Aniplex', 'Dentsu', 'TV Tokyo Music', 'Shueisha']",['VIZ Media'],['Pierrot'],['Manga'],"['Action', 'Adventure', 'Supernatural']",24 min. per ep.,PG-13 - Teens 13 or older,7.97,#705,#35,"2,074,732","78,038",1188618,"Ichigo Kurosaki is an ordinary high schooler—until his family is attacked by a Hollow, a corrupt spirit that seeks to devour human souls. It is then that he meets a Soul Reaper named Rukia Kuchiki, who gets injured while protecting Ichigo's family from the assailant. To save his family, Ichigo accepts Rukia's offer of taking her powers and becomes a Soul Reaper as a result. However, as Rukia is unable to regain her powers, Ichigo is given the daunting task of hunting down the Hollows that plague their town. However, he is not alone in his fight, as he is later joined by his friends—classmates Orihime Inoue, Yasutora Sado, and Uryuu Ishida—who each have their own unique abilities. As Ichigo and his comrades get used to their new duties and support each other on and off the battlefield, the young Soul Reaper soon learns that the Hollows are not the only real threat to the human world. [Written by MAL Rewrite]","['Sequel (TV) Bleach: Sennen Kessen-hen', 'Adaptation (Manga) Bleach']",Bleach,,,,['Shounen'],,,,
33,,FAIRY TAIL（フェアリーテイル）,Fairy Tail,['TV'],175,Finished Airing,"Oct 12, 2009 to Mar 30, 2013",['Fall 2009'],Saturdays at 10:30 (JST),"['TV Tokyo', 'Dentsu', 'Pony Canyon', 'Kodansha', 'DAX Production']",['Funimation'],"['Satelight', 'A-1 Pictures']",['Manga'],"['Action', 'Adventure', 'Fantasy']",24 min. per ep.,PG-13 - Teens 13 or older,7.57,#1695,#54,"1,790,884","47,064",1035449,"In the enchanted Kingdom of Fiore, the lively Lucy Heartfilia has one wish: to join the renowned Fairy Tail—one of the many magical wizard guilds scattered around the continent. Luckily, a chance encounter with Natsu Dragneel, the ""Salamander"" of Fairy Tail, whisks her into the legendary guild. From Natsu's rivalrous antics with ice wizard Gray Fullbuster to the frightening presence of the unmatched combat goddess Erza Scarlet, Fairy Tail's powerful mages have a slight penchant for trouble. Through all the lucrative odd jobs and adventures to save the world from destruction lies an absolute and unyielding trust stronger than family that has formed between each guild member. Teaming up with Natsu, Gray, and Erza, Lucy finds herself amidst the guild's most misfit wizards. But as they constantly stand in the eye of every danger, there is one name that never ceases to resurface: Zeref, the feared master of dark magic. [Written by MAL Rewrite]","['Sequel (TV) Fairy Tail (2014)', 'Adaptation (Manga) Fairy Tail']",Fairy Tail,,,,['Shounen'],,,,
34,"Ghostory, Monstory",化物語,Bakemonogatari,['TV'],15,Finished Airing,"Jul 3, 2009 to Jun 25, 2010",['Summer 2009'],Fridays at 23:00 (JST),"['Aniplex', 'Kodansha']",['Aniplex of America'],['Shaft'],['Light novel'],"['Mystery', 'Romance', 'Supernatural']",25 min. per ep.,R - 17+ (violence & profanity),8.32,#263,#94,"1,443,134","50,039",750207,"Koyomi Araragi, a third-year high school student, manages to survive a vampire attack with the help of Meme Oshino, a strange man residing in an abandoned building. Though being saved from vampirism and now a human again, several side effects such as superhuman healing abilities and enhanced vision still remain. Regardless, Araragi tries to live the life of a normal student, with the help of his friend and the class president, Tsubasa Hanekawa. When fellow classmate Hitagi Senjougahara falls down the stairs and is caught by Araragi, the boy realizes that the girl is unnaturally weightless. Despite Senjougahara's protests, Araragi insists he help her, deciding to enlist the aid of Oshino, the very man who had once helped him with his own predicament. Through several tales involving demons and gods, Bakemonogatari follows Araragi as he attempts to help those who suffer from supernatural maladies. [Written by MAL Rewrite]","['Prequel (TV Special) Nekomonogatari: Kuro', 'Sequel (TV) Nisemonogatari', 'Adaptation (Manga) Bakemonogatari', 'Adaptation (Light Novel) Monogatari Series: First Season']",Bakemonogatari,,,,,,['Vampire'],,
35,"Gin Tama, Silver Soul, Yorinuki Gintama-san",銀魂,Gintama,['TV'],201,Finished Airing,"Apr 4, 2006 to Mar 25, 2010",['Spring 2006'],Thursdays at 18:00 (JST),"['TV Tokyo', 'Aniplex', 'Dentsu', 'Trinity Sound', 'Miracle Robo', 'Shueisha']","['Sentai Filmworks', 'Crunchyroll']",['Sunrise'],['Manga'],"['Action', 'Comedy', 'Sci-Fi']",24 min. per ep.,PG-13 - Teens 13 or older,8.93,#17,#145,"1,104,512","60,224",408343,"Edo is a city that was home to the vigor and ambition of samurai across the country. However, following feudal Japan's surrender to powerful aliens known as the ""Amanto,"" those aspirations now seem unachievable. With the once-influential shogunate rebuilt as a puppet government, a new law is passed that promptly prohibits all swords in public. Enter Gintoki Sakata, an eccentric silver-haired man who always carries around a wooden sword and maintains his stature as a samurai despite the ban. As the founder of Yorozuya, a small business for odd jobs, Gintoki often embarks on endeavors to help other people—though usually in rather strange and unforeseen ways. Assisted by Shinpachi Shimura, a boy with glasses supposedly learning the way of the samurai; Kagura, a tomboyish girl with superhuman strength and an endless appetite; and Sadaharu, their giant pet dog who loves biting on people's heads, the Yorozuya encounter anything from alien royalty to scuffles with local gangs in the ever-changing world of Edo. [Written by MAL Rewrite]","[""Sequel (TV) Gintama'"", 'Adaptation (Manga) Gintama']",Gintama,,,"['Gag Humor', 'Historical', 'Parody', 'Samurai']",['Shounen'],,,,
36,Reaching You,君に届け,Kimi ni Todoke: From Me to You,['TV'],25,Finished Airing,"Oct 7, 2009 to Mar 31, 2010",['Fall 2009'],Wednesdays at 00:59 (JST),"['VAP', 'Nippon Television Network', 'Shueisha']","['NIS America, Inc.']",['Production I.G'],['Manga'],"['Drama', 'Romance']",22 min. per ep.,PG-13 - Teens 13 or older,8.02,#634,#169,"1,009,334","14,923",491488,"Known for her semblance to the Sadako character of The Ring series, Sawako Kuronuma is given the nickname ""Sadako"" and misunderstood to be frightening and malicious like her fictional counterpart, despite having a timid and sweet nature. Longing to make friends and live a normal life, Sawako is naturally drawn to the cheerful and friendly Shouta Kazehaya, the most popular boy in her class. From their first meeting, Sawako has admired Kazehaya's ability to be the center of attention and aspires to be like him. When Kazehaya organizes a test of courage for the entire class and encourages her to attend, Sawako sees this as an opportunity to get along with her classmates, starting with Ayane Yano and Chizuru Yoshida. Through each new encounter and emotion she experiences, Sawako believes that meeting Kazehaya has changed her for the better. Little does Sawako know, her presence has also changed Kazehaya. [Written by MAL Rewrite]","['Sequel (TV) Kimi ni Todoke 2nd Season', 'Adaptation (Manga) Kimi ni Todoke']",Kimi ni Todoke,,Swako: Kimi ni Todoke,,['Shoujo'],Kimi ni Todoke: From Me To You,['School'],,
37,Toaru Kagaku no Choudenjihou,とある科学の超電磁砲,A Certain Scientific Railgun,['TV'],24,Finished Airing,"Oct 3, 2009 to Mar 20, 2010",['Fall 2009'],Saturdays at 01:30 (JST),"['Geneon Universal Entertainment', 'Movic', 'AT-X', 'ASCII Media Works']",['Funimation'],['J.C.Staff'],['Manga'],"['Action', 'Fantasy', 'Sci-Fi']",24 min. per ep.,PG-13 - Teens 13 or older,7.65,#1436,#366,"628,460","6,023",295360,"The student-filled Academy City is at the forefront of scientific advancement and home to the esper development program. The seven ""Level 5"" espers are the most powerful in Academy City, and ranked third among them is middle schooler Mikoto Misaka, an electricity manipulator known as ""The Railgun."" When strange incidents begin occurring throughout the city, she finds each crime to be connected to the elusive ""Level Upper,"" a legendary device that allegedly increases the esper level of its user. As the situation escalates, it becomes apparent that there is more to the Level Upper than meets the eye, and that Academy City may be a far more twisted place than the glamorous utopia it appears to be. Toaru Kagaku no Railgun focuses on Mikoto and her friends—and the dangerous situations they find themselves in—as they get caught up in the matter of the Level Upper. As Mikoto says, ""There's never a dull moment in this city."" [Written by MAL Rewrite]","['Sequel (TV) Toaru Kagaku no Railgun S', 'Adaptation (Manga) Toaru Majutsu no Index Gaiden: Toaru Kagaku no Railgun']",Toaru Kagaku no Railgun,A Certain Scientific Railgun,A Certain Scientific Railgun,"['Super Power', 'Urban Fantasy']",,A Certain Scientific Railgun,,,
38,"Kateikyoushi Hitman Reborn!, Home Tutor Hitman Reborn!",家庭教師ヒットマンREBORN!,Reborn!,['TV'],203,Finished Airing,"Oct 7, 2006 to Sep 25, 2010",['Fall 2006'],Saturdays at 10:30 (JST),"['TV Tokyo', 'Dentsu', 'Marvelous Entertainment', 'Pony Canyon', 'd-rights']","['VIZ Media', 'Discotek Media']",['Artland'],['Manga'],"['Action', 'Comedy']",24 min. per ep.,PG-13 - Teens 13 or older,8.12,#500,#415,"570,848","16,015",264913,"There is no putting it lightly—Tsunayoshi Sawada is just no good. He is clumsy, talentless, and desperately in love with the school idol Kyouko Sasagawa, a girl so completely out of his league. Dubbed ""Loser Tsuna"" by his classmates, he seems to be the very personification of failure in the guise of a middle-schooler. Tsuna's boring life takes an extraordinary twist when he encounters the mysterious Reborn, who happens to be a hitman... and shockingly, a baby! Sent from the strongest Mafia family in Italy, Reborn is assigned the daunting mission of preparing the dull middle schooler to succeed the ninth boss of the notorious Vongola family, who is on the brink of retirement. The dull boy has a grueling road ahead, but with the help of his new criminal affiliates and his peculiar home tutor, perhaps even Loser Tsuna can achieve greatness. [Written by MAL Rewrite]","['Adaptation (Manga) Katekyou Hitman Reborn!', '']",Katekyou Hitman Reborn!,,Mon prof le tueur Reborn!,"['Organized Crime', 'Super Power']",['Shounen'],Reborn!,,,
39,"Dragonball Kai, DBK, DB Kai, DBZ Kai",ドラゴンボール改,Dragon Ball Z Kai,['TV'],97,Finished Airing,"Apr 5, 2009 to Mar 27, 2011",['Spring 2009'],Sundays at 09:00 (JST),['Fuji TV'],['Funimation'],['Toei Animation'],['Manga'],"['Action', 'Adventure', 'Comedy', 'Fantasy']",23 min. per ep.,PG-13 - Teens 13 or older,7.76,#1130,#604,"411,492","3,705",253486,"Five years after the events of Dragon Ball, martial arts expert Gokuu is now a grown man married to his wife Chi-Chi, with a four-year old son named Gohan. While attending a reunion on Turtle Island with his old friends Master Roshi, Krillin, Bulma and others, the festivities are interrupted when a humanoid alien named Raditz not only reveals the truth behind Gokuu's past, but kidnaps Gohan as well. With Raditz displaying power beyond anything Gokuu has seen before, he is forced to team up with his old nemesis, Piccolo, in order to rescue his son. But when Gokuu and Piccolo reveal the secret of the seven mystical wish-granting Dragon Balls to Raditz, he informs the duo that there is more of his race, the Saiyans, and they won’t pass up an opportunity to seize the power of the Dragon Balls for themselves. These events begin the saga of Dragon Ball Kai, a story that finds Gokuu and his friends and family constantly defending the galaxy from increasingly more powerful threats. Bizarre, comical, heartwarming and threatening characters come together in a series of battles that push the powers and abilities of Gokuu and his friends beyond anything they have ever experienced.","['Prequel (TV) Dragon Ball', 'Sequel (TV Special) Dragon Ball Kai: Mirai ni Heiwa wo! Goku no Tamashii yo Eien ni', 'Adaptation (Manga) Dragon Ball', '']",Dragon Ball Kai,Dragon Ball Z Kai,Dragon Ball Z Kai,,['Shounen'],,['Martial Arts'],,
40,Detective Conan,名探偵コナン,Case Closed,['TV'],Unknown,Currently Airing,"Jan 8, 1996 to ?",['Winter 1996'],Saturdays at 18:00 (JST),"['Yomiuri Telecasting', 'Shogakukan', 'Audio Planning U', 'Tokyo Movie', 'Polydor Records']","['Funimation', 'Crunchyroll']",['TMS Entertainment'],['Manga'],"['Adventure', 'Comedy', 'Mystery']",24 min.,PG-13 - Teens 13 or older,8.17,#434,#706,"360,788","15,329",164318,"Shinichi Kudou, a high school student of astounding talent in detective work, is well known for having solved several challenging cases. One day, when Shinichi spots two suspicious men and decides to follow them, he inadvertently becomes witness to a disturbing illegal activity. Unfortunately, he is caught in the act, so the men dose him with an experimental drug formulated by their criminal organization, leaving him to his death. However, to his own astonishment, Shinichi lives to see another day, but now in the body of a seven-year-old child. Perfectly preserving his original intelligence, he hides his real identity from everyone, including his childhood friend Ran Mouri and her father, private detective Kogorou Mouri. To this end, he takes on the alias of Conan Edogawa, inspired by the mystery writers Arthur Conan Doyle and Ranpo Edogawa. Shinichi, as Conan, starts secretly solving the senior Mouri's cases from behind the scenes with his still exceptional sleuthing skills, while covertly investigating the organization responsible for his current state, hoping to reverse the drug's effects someday. [Written by MAL Rewrite]","['Adaptation (Manga) Meitantei Conan', '']",Meitantei Conan,Case Closed,,,['Shounen'],,['Detective'],,
41,Inu Yasha: Kanketsu-hen,犬夜叉 完結編,InuYasha: The Final Act,['TV'],26,Finished Airing,"Oct 4, 2009 to Mar 30, 2010",['Fall 2009'],Sundays at 02:20 (JST),"['Yomiuri Telecasting', 'Shogakukan']",['VIZ Media'],['Sunrise'],['Manga'],"['Action', 'Adventure', 'Fantasy', 'Romance']",24 min. per ep.,PG-13 - Teens 13 or older,8.20,#401,#889,"294,048","2,265",148081,"Thwarted again by Naraku, Inuyasha, Kagome Higurashi, and their friends must continue their hunt for the few remaining Shikon Jewel shards, lest they fully form into a corrupted jewel at the hands of Naraku. But Naraku has plans of his own to acquire them, and will destroy anyone and anything standing in his way—even his own underlings. The persistent, unyielding danger posed by Naraku forces Sango and Miroku to decide what is most important to them—each other or their duty in battle. Meanwhile, Inuyasha must decide whether his heart lies with Kikyou or Kagome, before fate decides for him. Amid the race to find the shards, Inuyasha and his brother Sesshoumaru must also resolve their feud and cooperate for their final confrontation with Naraku, as it is a battle they must win in order to put a stop to his evil and cruelty once and for all. [Written by MAL Rewrite]","['Prequel (TV) InuYasha', 'Sequel (TV) Hanyou no Yashahime: Sengoku Otogizoushi', 'Adaptation (Manga) InuYasha', '']",InuYasha: Kanketsu-hen,InuYasha: The Final Act,,"['Historical', 'Love Polygon', 'Mythology', 'Time Travel']",['Shounen'],,,,
42,,イナズマイレブン,,['TV'],127,Finished Airing,"Oct 5, 2008 to Apr 27, 2011",['Fall 2008'],Unknown,"['TV Tokyo', 'Dentsu', 'Half H.P Studio']","None found,",['OLM'],Game,,24 min. per ep.,G - All Ages,7.74,#1187,#1145,"227,020","4,461",138522,"While other schools in Japan compete for the title of being the best soccer team in the country, Raimon Middle School's soccer club, Inazuma Eleven, struggles to rise from the verge of being disbanded. The grandson of Inazuma Eleven's first generation goalkeeper and captain of the team, Mamoru Endou, takes the challenge of kicking the long neglected club back into shape. To do this, he'll need a little help and more than a little luck. Mamoru Endou finds hope in the hands of Shuuya Gouenji, a brilliant young player who has given up on soccer. Mamoru is determined to get Shuuya and other new recruits to join his team, no matter what the cost. Is his passion and determination enough to treat the ailing club? Or is there no more hope for the team?","['Sequel (TV) Inazuma Eleven Go', 'Adaptation (Manga) Inazuma Eleven', 'Adaptation (Manga) Inazuma Eleven: Special', '']",Inazuma Eleven,,,"['Super Power', 'Team Sports']",,,,['Sports'],
43,,こばと。,Kobato.,['TV'],24,Finished Airing,"Oct 6, 2009 to Mar 23, 2010",['Fall 2009'],Tuesdays at 20:00 (JST),"['NHK', 'Kadokawa Shoten', 'NHK-BS2', 'KlockWorx', 'flying DOG']",['Sentai Filmworks'],['Madhouse'],['Manga'],"['Adventure', 'Fantasy', 'Romance']",24 min. per ep.,PG-13 - Teens 13 or older,7.94,#756,#1469,"171,755","1,556",63103,"The friendly and sincere Kobato Hanato has a wish to go to a particular place no matter what. To fulfill this desire, she is tasked with helping people in their times of distress. For each mended broken heart, a small candy-like fragment is produced and fills a special bottle. Once the bottle is full, her wish will be granted. As Kobato carries out her mission alongside her stuffed toy companion, Ioryogi, she encounters various people troubled by their different situations. From a child struggling with his parents, a high school girl troubled about romance, and everything in between, Kobato's naturally sweet smile and outgoing personality are ready to brighten their day! [Written by MAL Rewrite]","['Adaptation (Manga) Kobato.', '']",Kobato.,,,,,,,,
44,"Pocket Monsters: Diamond & Pearl, Diamond and Pearl, DP: Battle Dimension, DP: Galactic Battles, DP: Sinnoh League Victors",ポケットモンスター ダイヤモンド&パール,Pokémon: Diamond and Pearl,['TV'],191,Finished Airing,"Sep 28, 2006 to Sep 9, 2010",['Fall 2006'],Thursdays at 19:00 (JST),"['TV Tokyo', 'SoftX', 'Nintendo', 'Shogakukan Productions']","['VIZ Media', 'The Pokemon Company International']",['OLM'],Game,"['Action', 'Adventure', 'Comedy', 'Fantasy']",23 min. per ep.,PG - Children,7.31,#2803,#1607,"155,178",537,94722,"Following the end of Satoshi's Hoenn journey, he travels to the Sinnoh region for his next adventure en route to becoming a Pokémon Master. Immediately upon arrival, Team Rocket makes another attempt to snatch Pikachu, only for it to fail once again. However, Pikachu has fallen deep into a forest and it's up to Satoshi to find him! Along the way, he reunites with Takeshi—a Pokémon breeder with whom he has traveled through many regions—and meets his soon-to-be rival, Shinji, a power-hungry trainer who cares little for his Pokémons' feelings. Still in search for Pikachu, Satoshi notices a powerful electric attack in the distance and heads toward it to find Pikachu with Team Rocket and Hikari—a novice trainer aiming to be the top Pokémon coordinator. After foiling Team Rocket's plans, Satoshi reunites with Pikachu and Hikari joins the group. And thus, Satoshi and his friends begin their journey through the exciting land of Sinnoh. [Written by MAL Rewrite]","['Prequel (TV) Pokemon Advanced Generation', 'Sequel (TV) Pokemon Best Wishes!']",Pokemon Diamond & Pearl,Pokémon: Diamant und Perl,Pokémon Diamond and Pearl,,['Kids'],Pokémon Diamond and Pearl,,,
45,"Yuu Gi Ou: Duel Monsters 5DS, Yugioh 5 D's",遊☆戯☆王5D's（ファイブディーズ）,Yu-Gi-Oh! 5D's,['TV'],154,Finished Airing,"Apr 2, 2008 to Mar 30, 2011",['Spring 2008'],Wednesdays at 18:00 (JST),"['TV Tokyo', 'Nihon Ad Systems', 'Shueisha']",['Konami'],['Gallop'],['Manga'],,24 min. per ep.,PG-13 - Teens 13 or older,7.46,#2099,#1667,"147,902","1,636",85918,"Yuusei Fudou is out to get back what was stolen from him. The world of dueling has evolved, with Riding Duels becoming the peak of entertainment for the residents of Neo Domino City. They are played on D-Wheels, a hybrid between Duel Disks and motorbikes. After the mechanically skilled Yuusei managed to build his own D-Wheel, his former friend Jack Atlas stole it alongside Yuusei's best card, Stardust Dragon; ditching their decrepit hometown of Satellite, he escaped to Neo Domino City. In the two years since then, Jack has risen to the top of the dueling world, while Yuusei has been making preparations thanks to the help of his friends. With his new D-Wheel finished, he now sets off to Neo Domino City, his only goal to find Jack. Unbeknownst to either of them, there are far bigger things at stake than they can imagine, with puppeteers pulling the strings behind the scenes. [Written by MAL Rewrite]","['Prequel (TV) Yu☆Gi☆Oh! Duel Monsters GX', ""Adaptation (Manga) Yu☆Gi☆Oh! 5D's""]",Yu☆Gi☆Oh! 5D's,Yu-Gi-Oh! 5D's,Yu-Gi-Oh! 5D's,,['Shounen'],Yu-Gi-Oh! 5D's,['Strategy Game'],['Action'],
46,,クロスゲーム,Cross Game,['TV'],50,Finished Airing,"Apr 5, 2009 to Mar 28, 2010",['Spring 2009'],Sundays at 10:00 (JST),"['TV Tokyo', 'Shogakukan-Shueisha Productions', 'Half H.P Studio']","None found,",['SynergySP'],['Manga'],"['Drama', 'Romance', 'Sports']",23 min. per ep.,PG-13 - Teens 13 or older,8.37,#219,#1861,"128,199","3,061",52312,"Kou Kitamura and Aoba Tsukishima are often at odds—even though their families happen to be close friends and business partners. Although the only child of a sports shop owner, Kou has never been interested in playing baseball. Despite this, he possesses an impressive batting ability honed by frequent visits to the local baseball batting center run by the Tsukishima family. On the other hand, Aoba loves to play baseball and is a star player with exceptional pitching form. However, these two seemingly complete opposites share something very important to them—Wakaba Tsukishima, Aoba's older sister and Kou's destined sweetheart. Admired by the quarrelsome duo, Wakaba often finds herself the catalyst to their never-ending rivalry. But whether or not they realize that they have more in common than either would care to admit, only time will tell. The game of baseball may just be what the pair needs to ultimately overcome their own personal struggles. [Written by MAL Rewrite]","['Adaptation (Manga) Cross Game', '']",Cross Game,,,"['School', 'Team Sports']",['Shounen'],,,,
47,,テガミバチ,Tegami Bachi: Letter Bee,['TV'],25,Finished Airing,"Oct 3, 2009 to Mar 27, 2010",['Fall 2009'],Saturdays at 22:55 (JST),"['Pierrot', 'TV Tokyo']",['Sentai Filmworks'],['Pierrot Plus'],['Manga'],"['Adventure', 'Fantasy']",24 min. per ep.,PG-13 - Teens 13 or older,7.60,#1581,#1899,"124,495",752,45970,"Gauche Suede is highly respected among the Letter Bees—a government organization that delivers written messages to even the most remote locations. However, the Amberground, the land Gauche must traverse, is blanketed in a constant twilight and home to monsters known as Gaichuu. On one precarious journey, Gauche meets Lag Seeing, a troubled young boy who has himself been sent as a letter. Five years later, Lag joins the Letter Bee as well, inspired by his journey with Gauche. As he strives to become like his hero, Lag discovers the conflict and complexity at the heart of his world. [Written by MAL Rewrite]","['Sequel (TV) Tegamibachi Reverse', 'Adaptation (Manga) Tegamibachi']",Tegamibachi,Tegami Bachi: Letter Bee,Letter Bee,,['Shounen'],Tegami Bachi Letter Bee,,,
48,,メタルファイト ベイブレード,Beyblade: Metal Fusion,['TV'],51,Finished Airing,"Apr 5, 2009 to Mar 28, 2010",['Spring 2009'],Sundays at 08:30 (JST),"['TV Tokyo', 'd-rights']",['Nelvana'],['Tatsunoko Production'],['Manga'],"['Adventure', 'Comedy', 'Sports']",25 min. per ep.,PG - Children,6.92,#4743,#2228,"99,250",482,64847,"A new cast of characters take on the continued battle between good and evil. Ginga, our hero, and his group of loyal friends take on a dangerous group called the Dark Nebula. The Dark Nebula’s sole mission is to take over the world and unleash their evil upon it; but before they can do so, they must destroy Ginga as he is the only person that’s strong enough to stand in their way. The plot thickens as friends become enemies and enemies become allies. Everything starts and ends with Ginga as he struggles to find the strength to defend his world and the honor of Beyblade. (Source: Beyblade.com)","['Sequel (TV) Metal Fight Beyblade: Baku', 'Adaptation (Manga) Metal Fight Beyblade']",Metal Fight Beyblade,Bayblade Metal Fusion,Bayblade Metal Fusion,,['Kids'],Beyblade: Metal Fusion,,,
49,,クレヨンしんちゃん,Shin Chan,['TV'],Unknown,Currently Airing,"Apr 13, 1992 to ?",['Spring 1992'],Fridays at 19:30 (JST),['TV Asahi'],['Funimation'],['Shin-Ei Animation'],['Manga'],"['Comedy', 'Ecchi']",21 min.,G - All Ages,7.80,#1030,#2402,"88,060","1,330",42188,"There is no such thing as an uneventful day in the life of kindergartener Shinnosuke ""Shin-chan"" Nohara. The five-year-old is a cut above the most troublesome, perverted, and shameless kid one can imagine. Shin-chan is almost always engaged in questionable activities such as forgetting about a friend during hide and seek, sumo wrestling for love, performing various gags including the notorious ""elephant"" in public, and flirting with college girls. The exemplary troublemaker has done it all and has no plans to stop anytime soon. Crayon Shin-chan follows the daily shenanigans of Shin-chan with his group of friends, parading around as the self-proclaimed ""Kasukabe Defense Force."" The adults witnessing these shenanigans unfold can't help but adore Shin-chan, as he keeps them entertained while unintentionally solving their daily troubles through his mindless antics—leaving himself as the only problem they do not know what to do with. [Written by MAL Rewrite]","['Adaptation (Manga) Crayon Shin-chan', '']",Crayon Shin-chan,Shin Chan,,,['Seinen'],Shin Chan,['School'],,
50,"Yumeiro Patissiere, YumePati, Dream-Colored Pastry Chef, Yumeiro Pâtissière",夢色パティシエール,,['TV'],50,Finished Airing,"Oct 4, 2009 to Sep 26, 2010",['Fall 2009'],Unknown,"['Pierrot', 'Yomiuri Telecasting', 'DAX Production', 'Shueisha']",['Maiden Japan'],['Studio Hibari'],['Manga'],,24 min. per ep.,G - All Ages,7.84,#953,#2431,"86,671","1,208",41073,"Aside from her deep passion for eating cakes, the clumsy Ichigo Amano has never been successful at anything. After an encounter with Henri Lucas, a famous patissier, Ichigo's amazing tasting abilities—although unbeknownst to her—are discovered. Recognizing her talent, Henri offers her the chance to attend St. Marie Academy, a prestigious culinary school which specializes in desserts. In spite of the fact that she is a beginner lacking skills, thanks to Henri's recommendation, Ichigo is placed in the topmost group with the ""Sweets Princes."" The princes, famous throughout the school for their magical treats, are Sennosuke Andou, an expert in traditional Japanese sweets; Satsuki Hanabusa, with a flair for candied flowers; and Makoto Kashino, a gifted chocolatier. Ichigo and the Sweets Princes, each accompanied by their ""Sweets Spirits""—fairies who make patissiers' dreams come true—all work towards their goals in the competitive world of sweets. [Written by MAL Rewrite]","['Sequel (TV) Yume-iro Pâtissière SP Professional', 'Adaptation (Manga) Yume-iro Pâtissière']",Yume-iro Pâtissière,Yumeiro Pâtissière,Yumeiro Pâtissière,,['Shoujo'],Yumeiro Patissiere,['School'],['Gourmet'],
51,Sergeant Frog,ケロロ軍曹,Sgt. Frog,['TV'],358,Finished Airing,"Apr 3, 2004 to Apr 4, 2011",['Spring 2004'],Unknown,"['TV Tokyo', 'Nihon Ad Systems', 'Rakuonsha']","['ADV Films', 'Funimation', 'Discotek Media']",['Sunrise'],['Manga'],"['Comedy', 'Sci-Fi']",23 min. per ep.,PG-13 - Teens 13 or older,7.70,#1298,#2552,"80,330","1,281",35920,"It is the year 2004 AD, and pandemonium breaks as a mysterious frog-like alien race fills the sky with UFOs—or so 12-year-old Fuyuki Hinata dreams. Coincidentally, Sergeant Keroro, leader of a preliminary squad for the Keronian invasion of Pekopon—the alien name for Earth—begins his mission by invading Fuyuki's home. After subduing the boy and his sister, Keroro plans to reunite with his comrades and return to the mothership to repair his invaluable invasion device, the Kero Ball. Unfortunately, he receives word that headquarters has abandoned his unit's retrieval due to an unprecedented issue that forced the rest of the Keronians to flee. Consequently, Keroro is forced to stay at the Hinata residence together with the friendly, starry-eyed Fuyuki; his athletic, short-tempered sister Natsumi; and their hardworking, attractive mother Aki. Now stuck until further notice, Keroro and his platoon spend each day plotting world domination, but are thwarted each and every time by various unexpected factors. Nevertheless, as they live alongside humans, they learn to treat them as friends and allies, forming comedic yet meaningful connections that make their lives on Earth worthwhile. [Written by MAL Rewrite]","['Prequel (Special) Kero 0: Shuppatsu da yo! Zenin Shuugou!', 'Adaptation (Manga) Keroro Gunsou']",Keroro Gunsou,,,,['Shounen'],,['Parody'],,
52,"Shugo Chara!!! Dokki Doki, Shugo Chara! Third, Shugo Chara! Pucchi Puchi",しゅごキャラ！パーティー！,,['TV'],25,Finished Airing,"Oct 3, 2009 to Mar 27, 2010",['Fall 2009'],Saturdays at 09:30 (JST),"['TV Tokyo', 'Sotsu']","None found,",['Satelight'],['Manga'],,21 min. per ep.,PG - Children,6.66,#6150,#2632,"76,055",176,37656,"After overcoming the threat of the Easter Corporation, Amu Hinamori and the Seiyo Academy Guardians return to their council duties, eliminating any stray X Eggs they find along the way. With four of the five members graduating this year, the state of next year's Guardians Council is up in the air. In an effort to ensure the council's survival, the group recruits two ""Guardian Apprentices"" in the hopes that they will develop their own Heart's Egg someday. One of the Apprentices they take on is Rikka Hiiragi, a spunky and upbeat girl who is capable of communicating with X Eggs. As the Guardians have not been able to speak with these Eggs previously, Rikka's uncanny ability intrigues them. However, Rikka fears that she will never be accepted as a full-fledged Guardian if they ever find out what exactly she does with her ability. [Written by MAL Rewrite]","['Prequel (TV) Shugo Chara!! Doki', 'Adaptation (Manga) Shugo Chara!']",Shugo Chara! Party!,,,"['Mahou Shoujo', 'School']",['Shoujo'],,,['Comedy'],
53,,花咲ける青少年,Hanasakeru Seishonen,['TV'],39,Finished Airing,"Apr 5, 2009 to Feb 14, 2010",['Spring 2009'],Sundays at 23:01 (JST),"['NHK', 'Sogo Vision']",['Discotek Media'],['Pierrot'],['Manga'],"['Drama', 'Romance']",24 min. per ep.,PG-13 - Teens 13 or older,7.69,#1331,#2742,"71,312",608,26937,"Kajika Louisa Kugami Burnsworth is the only daughter of Harry Burnsworth, an influential and respected industrialist who has the power to move the world. There was a threat on Kajika’s life when she was just two years old, and her mother died protecting her. After this tragic incident, Harry sent his only child to an isolated island, Giviolle, where she was raised by the island’s native, Maria. Kajika’s companions during her time there include a white leopard named Mustafa and a boy named Li Ren Fang, who visited her two or three times a year. Kajika, now fourteen, returns to her father's side, only to be told to begin a game to find her future husband. Harry makes sure that Kajika willingly participates in this game by telling her that she needs to face the harshness of her fate along with the man she chooses to be her husband. She needs to decide among the three candidates that Harry has personally chosen, but it won’t be easy. Kajika must figure out who they are and where they are without any information to go on except that they all possess an irresistible brilliance and charm. All the while, the men aren't even aware that they are the chosen ones. Kajika must also choose wisely, as her partner has to willingly accept her to be his bride. Hansakeru Seishounen revolves around endearing love, intense passion, noble friendship, undying loyalty, family relations, and political intrigue. The heaviness of Kajika’s fate is real, the threat on Kajika’s life is inevitable, and the husband game is more than just a mere game. Harry needs to find a suitable partner to protect his daughter before someone discovers Kajika’s deep secret—a secret even she is unaware of.","['Adaptation (Manga) Hanasakeru Seishounen', '']",Hanasakeru Seishounen,Hanasakeru Seishonen,Hanasakeru Seishonen,,['Shoujo'],Hanasakeru Seishonen,['Reverse Harem'],,
54,"Tatakau Shisho, Tatakau Shisho to Koisuru Bakudan, Fighting Librarians",戦う司書 The Book of Bantorra,Armed Librarians: The Book of Bantorra,['TV'],27,Finished Airing,"Oct 2, 2009 to Apr 2, 2010",['Fall 2009'],Fridays at 22:00 (JST),"['Geneon Universal Entertainment', 'Studio Mausu', 'Sakura Create', 'Atelier Musa']",['Sentai Filmworks'],['David Production'],['Light novel'],"['Action', 'Fantasy']",24 min. per ep.,R - 17+ (violence & profanity),7.18,#3472,#2779,"69,607",229,17746,"In a world where dead people turn into books and are stored in the Bantorra Library where anyone who reads a book can learn their past, Bantorra Library is maintained by Armed Librarians who wield psychic powers and their enemy is a religious society known as Sindeki Kyoudan.","['Adaptation (Manga) Tatakau Shisho to Koisuru Bakudan', 'Adaptation (Light Novel) Tatakau Shisho Series']",Tatakau Shisho: The Book of Bantorra,The Book of Bantorra,The Book of Bantorra,"['Adult Cast', 'Super Power']",,The Book of Bantorra,,,
55,"Winter Ballad, Winter Love Story",冬のソナタ,Winter Sonata,['TV'],26,Finished Airing,"Oct 17, 2009 to May 1, 2010",['Fall 2009'],Unknown,"[""Yoon's Color""]","None found,","['Studio Comet', 'KeyEast', 'REALTHING']",Other,"['Drama', 'Romance']",25 min. per ep.,PG-13 - Teens 13 or older,7.31,#2790,#4705,"24,746",69,5571,"Based on the Korean drama of the same name, Yoo Jin falls in love with Joon Sang as a young girl. After losing him in an accident, she decides to marry her childhood friend. However, Yoo Jin meets someone looking exactly like her lost love, putting her in a bind.","['Adaptation (Manga) Fuyu no Sonata', '']",Fuyu no Sonata,,,,,,,,
56,,ドラえもん (2005),,['TV'],Unknown,Currently Airing,"Apr 22, 2005 to ?",['Spring 2005'],Fridays at 19:00 (JST),['TV Asahi'],"None found,",['Shin-Ei Animation'],['Manga'],"['Comedy', 'Sci-Fi']",25 min.,PG - Children,7.71,#1259,#5003,"21,420",239,9589,"Doraemon (2005) is the most recent anime series based on Fujiko Fujio's manga of the same name. It is the 2005 version of 1979 series, with certain changes in the animation and other things. Doraemon is a cat-like robot who appears in the present to steer Nobita/Noby, who is a dumb, naive and clumsy boy on the right path in order to secure his future. Nobita's love interest is Shizuka Minamoto/Sue, his frenemies are Takeshi Goda/Big G and Suneo/Sneech. (Source: Wikipedia)","['Prequel (TV) Doraemon (1979)', 'Adaptation (Manga) Doraemon']",Doraemon (2005),,,,,,['Anthropomorphic'],,"['Kids', 'Shounen']"
57,Kiddy Grade 2,キディ・ガーランド,Kiddy Girl-AND,['TV'],24,Finished Airing,"Oct 16, 2009 to Mar 26, 2010",['Fall 2009'],Fridays at 00:40 (JST),"['Lantis', 'Kadokawa Shoten', 'Kadokawa Pictures Japan', 'KlockWorx', 'gimik']",['Funimation'],['Satelight'],Original,"['Action', 'Comedy', 'Sci-Fi']",25 min. per ep.,PG-13 - Teens 13 or older,6.81,#5284,#5290,"18,635",34,6667,"Twenty-five years after Éclair and Lumière, (from the flagship Kiddy Grade series), rescued the galaxy from destruction's doorstep, the GTO (Galactic Trade Organization), created after the defeat of the GOTT (Galactic Organization of Trade and Tariffs), act on behalf of universal peace by combating criminal activity. Their special ES division mirrored after the GOTT's ES (Encounter of Shadow-work) force, now includes publicly acknowledged ES member candidates. The series follows two such trainees, Ascoeur and Q-feuille, as they work their way to ES membership. (Source: Wikipedia)","['Prequel (TV) Kiddy Grade', 'Prequel (OVA) Kiddy GiRL-AND Pilot', 'Adaptation (Manga) Kiddy GiRL-AND Pure', '']",Kiddy GiRL-AND,,,,,,['Super Power'],,
58,Thriller Restaurant,怪談レストラン,,['TV'],23,Finished Airing,"Oct 13, 2009 to Jun 8, 2010",['Fall 2009'],Tuesdays at 19:30 (JST),['TV Asahi'],"None found,",['Toei Animation'],Picture book,"['Horror', 'Mystery', 'Supernatural']",19 min. per ep.,PG - Children,7.24,#3128,#5403,"17,550",50,5615,"TV Asahi announced a new kids anime ""Kaidan Restaurant (Thriller Restaurant)"" based on a picture book. Each episode will consist of three stories or ""dishes"": the appetizer, the main dish, and dessert. The first two ""dishes"" will deal with an ordinary sixth-grade schoolgirl named Ako Ozara and the bizarre occurrences that befall her classmates. The third ""dish"" will be a standalone short ghost story told by Ako and her friends.",[],Kaidan Restaurant,,,,['Kids'],,,,
59,Jewel Pet,ジュエルペット,Jewelpet,['TV'],52,Finished Airing,"Apr 5, 2009 to Mar 28, 2010",['Spring 2009'],Sundays at 09:30 (JST),"['TV Osaka', 'Sanrio', 'Imagine']","None found,",['Studio Comet'],Original,,23 min. per ep.,PG - Children,6.80,#5346,#5910,"13,926",43,4475,"When what looks to be a cluster of shooting stars appear in the sky, Rinko Kougyoku and her friend Minami each make a wish. What the girls truly saw were not stars, but 'Jewel Charms' falling to the Earth. These charms were created by three magicians in a magical world names Jewel Land, each housing one of its many native Jewelpets. Although these creatures are free to roam the world in their original form, the magicians sometimes turn them into charms so that they can be carried around with great ease. Most Jewelpets don't find this troublesome, but once a mischievous bunny by the name of Ruby feels overly claustrophobic, she devises her escape. One day, the magicians decide to move the Jewelpets, and task a pelican with delivering them to the Dream Forest. All is well until a strong gust of wind disorients the bird, who then drops all of the charms that he was carrying. Instead of heading towards the Dream Forest, all the Jewelpets but Ruby fall to Rinko's home city on Earth. Someone must go and retrieve them all, and as Ruby was the worst-behaved of the bunch, she is given the task of going to Earth. When Ruby reaches Earth in the form of a red Jewel Charm, she falls into Rinko's water glass, and thus begins a rather unexpected adventure. Rinko, Minami, and Ruby form an alliance to search and gather all of the fallen charms, encountering strange creatures and tons of helpful allies along the way. Will they be able to succesfully bring the Jewelpets home safely, or is Earth full of more danger than they had expected?","['Sequel (TV) Jewelpet Twinkle☆', 'Adaptation (Manga) Jewel Pet']",Jewelpet,,,"['Anthropomorphic', 'Mahou Shoujo']",,,,['Fantasy'],
60,"Elementhunters, Element Hunter",エレメントハンター,,['TV'],39,Finished Airing,"Jul 4, 2009 to Mar 27, 2010",['Summer 2009'],Saturdays at 18:00 (JST),['NHK'],"None found,","['Heewon Entertainment', 'NHK Enterprises']",Original,,24 min. per ep.,G - All Ages,6.59,#6527,#5927,"13,846",21,4078,"In 2029, a large scale ground sinkage occurred in the Mediterranean Sea. Chemical elements such as oxygen, carbon, gold, molybdenum, and cobalt disappeared from the earth's crust suddenly. The human population was decreased by 90% in sixty years. Researchers found out that the disappeared elements were drained into a planet ""Nega Earth"", located in another dimension. To save the Earth, a special team called the ""Element Hunters"" is organized. All of the members are under 13 years old, because young and flexible brains are needed to access ""Nega Earth"".",[],Element Hunters,,,,,,,['Sci-Fi'],
61,"Anymal Tantei Kiruminzoo, Animal Tantei Kiruminzoo, Animal Detectives Kiruminzoo, Anyamaru Tantei Kiruminzoo, Anyamaru Tantei Kiruminzuu",あにゃまる探偵 キルミンずぅ,,['TV'],50,Finished Airing,"Oct 5, 2009 to Sep 20, 2010",['Fall 2009'],Mondays at 17:30 (JST),"['HAL Film Maker', 'Sotsu', 'Starchild Records', 'MediaNet', 'AT-X', 'JM Animation', 'Aoni Entertainment']","None found,",['Satelight'],Original,,23 min. per ep.,G - All Ages,7.14,#3665,#6866,"9,627",64,2541,"While searching for a run-away cat the twins Riko and Rimu Mikogami find a strange device that transforms them into ""Kirumin."" It also enables them to turn into real animals. Their older sister Nagisa soon joins them. Now the three have cute, funny and sometimes dangerous adventures.",[],Anyamal Tantei Kiruminzoo,,,,,,,['Comedy'],
62,Gokujo!! Mecha Mote Iincho,極上!!めちゃモテ委員長,The Best!! Extremely Cool Student Council President,['TV'],51,Finished Airing,"Apr 4, 2009 to Mar 27, 2010",['Spring 2009'],Saturdays at 09:00 (JST),"['TV Tokyo', 'Shogakukan-Shueisha Productions', 'Ryukyu Asahi Broadcasting']","None found,",['Shogakukan Music & Digital Entertainment'],['Manga'],"['Comedy', 'Romance']",24 min. per ep.,PG - Children,6.35,#7974,#7071,"8,985",19,2797,"Mimi Kitagami is a kind, level-headed girl who aims to be the best, coolest student council president of her high school class. However, three trouble-making boys are always causing her grief — and she has a one-sided crush on one of the boys, Ushio Toujou. (Source: ANN)","['Sequel (TV) Gokujou!! Mecha Mote Iinchou Second Collection', 'Adaptation (Manga) Gokujou!! Mecha Mote Iinchou']",Gokujou!! Mecha Mote Iinchou,,,,['Shoujo'],,['School'],,
63,,サザエさん,Mrs. Sazae,['TV'],Unknown,Currently Airing,"Oct 5, 1969 to ?",['Fall 1969'],Sundays at 18:30 (JST),['Fuji TV'],"None found,",['Eiken'],['4-koma manga'],"['Comedy', 'Slice of Life']",24 min.,G - All Ages,6.14,#9130,#7131,"8,800",39,1933,"The main character is a mother named Sazae-san. She lives in a house with her husband, her kids and her parents. The show is the ultimate family program and tends to follow traditional themes. Think of this show as the Japanese equivalent to ""The Partridge Family"" and you'll get a good feel for this show's atmosphere. Don't expect to see things like violence, swearing, kung-fu action or magical girls. The plots are more like ""Today, Sazae-san goes to the new mall and gets lost"". Such ""boring"" plotlines and the simplistic art are often a turn-off to non-Japanese audiences, but most Japanese find the show incredibly good. As a result, it continues to be one of the top ratings grabbers on TV and is one of the few anime that is considered ""acceptable"" by adults. (Source: AniDB)","['Adaptation (Manga) Sazae-san', '']",Sazae-san,,,,,,,,
64,Astro Fighter Sunred 2,天体戦士サンレッド,,['TV'],26,Finished Airing,"Oct 3, 2009 to Mar 27, 2010",['Fall 2009'],Unknown,['flying DOG'],"None found,",['AIC ASTA'],['Manga'],,13 min. per ep.,PG-13 - Teens 13 or older,7.83,#973,#7307,"8,277",29,3678,The second season of Tentai Senshi Sunred.,"['Prequel (TV) Tentai Senshi Sunred', 'Adaptation (Manga) Tentai Senshi Sunred']",Tentai Senshi Sunred 2nd Season,,,"['Gag Humor', 'Parody', 'Super Power']",['Seinen'],,,['Comedy'],
65,"Ninja Boy Rantaro, Rakudaii Nintama Rantarou",忍たま乱太郎,,['TV'],Unknown,Currently Airing,"Apr 10, 1993 to ?",['Spring 1993'],Not scheduled once per week,"['NHK', 'Sogo Vision', 'NHK Enterprises']","None found,","['Ajia-do', 'Gakken']",['Manga'],,10 min.,G - All Ages,7.08,#4017,#7391,"8,012",77,2550,"Taking place in the Sengoku Period, Rantarou, Kirimaru and Shinbei are young students at Ninjutsu Academy, a school that teaches all kinds of youth how to become ninjas. Known as ""Nintamas"" (a contraction of ninja + tama [egg]), the main trio, and many other students at the school, must learn all sorts of unique skills to achieve their goal. Unfortunately, things aren't that simple, since our protagonists constantly find themselves failing their classes. With strict ninja teachers such as Doi-sensei and Yamada-sensei, the mischievous girls from the Kunoichi class, an entire crew of pirates and dozens more interesting characters, anything can happen in the crazy world of Nintama. The episodes are 7 minutes and thirty seconds long each, and each season (which there's currently 29 of) usually has a range of 60-90 episodes.","['Adaptation (Manga) Rakudai Ninja Rantarou', '']",Nintama Rantarou,,,,['Kids'],El Ninja Boy Rantaró,,['Comedy'],
66,Maruko-chan,ちびまる子ちゃん,Little Miss Maruko,['TV'],Unknown,Currently Airing,"Jan 8, 1995 to ?",['Winter 1995'],Sundays at 18:00 (JST),"['Ajia-do', 'Fuji TV', 'Sakura Production']","None found,",['Nippon Animation'],['Manga'],,23 min.,G - All Ages,7.34,#2626,#7914,"6,770",62,2183,"Momoko Sakura is an elementary school student who likes popular idol Momoe Yamaguchi and mangas. She is often called ""Chibi Maruko-chan"" due to her young age and small size. She lives together with her parents, her grandparents and her elder sister in a little town. In school, she has many friends with whom she studies and plays together everyday, including her close pal, Tama-chan; the student committee members, Maruo-kun and Migiwa-san; and the B-class trio: 'little master' Hanawa-kun, Hamaji-Bu Taro and Sekiguchi-kun. This is a fun-loving and enjoyable anime that portrays the simple things in life. (Source: ANN)","['Prequel (TV) Chibi Maruko-chan', 'Adaptation (Manga) Chibi Maruko-chan']",Chibi Maruko-chan (1995),,,,['Shoujo'],Chibi Maruko-chan,['School'],['Comedy'],
67,Hige Piyo,"ひげぴよ, ヒゲぴよ",,['TV'],39,Finished Airing,"Apr 3, 2009 to Feb 19, 2010",['Spring 2009'],Unknown,['Aniplex'],"None found,",['Kinema Citrus'],Original,,5 min. per ep.,PG - Children,7.07,#4067,#8168,"6,260",16,2695,"Higepiyo is a little chick with a mustache, who is seeking to aquire masculinity with his friend Hiroshi but ends up being entangled with a skin of heated milk.",[],Higepiyo,,,,,,,['Comedy'],
68,"Marie to Gali, Marie and Gali",マリー & ガリー,,['TV'],40,Finished Airing,"Mar 31, 2009 to Mar 23, 2010",['Spring 2009'],Tuesdays at 19:25 (JST),['NHK'],"None found,",['Toei Animation'],Original,,5 min. per ep.,PG-13 - Teens 13 or older,6.38,#7813,#8654,"5,458",11,1483,"Marika is a gothic lolita who somehow ends up in the mysterious town of Galihabara. There she meets different famous scientists like Galileo Galilei, Marie Skłodowska Curie and Sir Isaac Newton.","['Prequel (Special) Marie & Gali Episode Zero', 'Sequel (TV) Marie & Gali ver. 2.0']",Marie & Gali,,,,,,['Educational'],['Comedy'],
69,Kuru Neko,くるねこ,,['TV'],50,Finished Airing,"Jul 5, 2009 to Jun 26, 2010",['Summer 2009'],Saturdays at 11:40 (JST),"['Kadokawa Pictures Japan', 'Kansai Telecasting', 'Tokai Television']","None found,",['DAX Production'],['Manga'],"['Comedy', 'Slice of Life']",2 min. per ep.,G - All Ages,7.19,#3433,#8797,"5,217",11,1287,Based on a manga about cats and their sake loving owner.,"['Sequel (TV) Kuruneko 2nd Season', 'Adaptation (Manga) Kuruneko']",Kuruneko,,,,,,['Pets'],,
70,"Soreike! Anpanman, Go! Anpanman, Anpanman TV",それいけ！アンパンマン,,['TV'],Unknown,Currently Airing,"Oct 3, 1988 to ?",['Fall 1988'],Fridays at 16:20 (JST),"['Sotsu', 'Nippon Television Network']","None found,",['TMS Entertainment'],Picture book,"['Comedy', 'Fantasy']",24 min.,PG - Children,6.58,#6586,#9190,"4,609",31,1738,"One night, a Star of Life falls down the chimney of a bakery nestled deep in the forest, causing the dough in the oven to come to life. The dough becomes Anpanman, a superhero made of anpan (a sweet roll with bean jam filling). Together with his friends, Anpanman fights his rival Baikinman and helps the malnourished. (Source: ANN)",[],Sore Ike! Anpanman,,,,['Kids'],,,,
71,Battle Spirits Season 2,バトルスピリッツ 少年激覇ダン,,['TV'],50,Finished Airing,"Sep 13, 2009 to Sep 5, 2010",['Fall 2009'],Unknown,"None found,","None found,",['Sunrise'],Card game,,23 min. per ep.,PG - Children,6.96,#4538,#9295,"4,435",11,1720,"Dan Bashin is a spirited teenager known for his aggressive playstyle in the card game Battle Spirits, earning him the title of ""Clash King."" One day, a mysterious green-haired girl transports him to the otherworldly land of ""Grand Rolo,"" where disputes are settled by card duels. Upon his arrival, Dan is immediately thrust into a conflict between the kingdom's imperial army and its oppressed natives. There, he learns that he is a prophetic warrior known as a ""bearer of cores' light,"" chosen to save the land from its evil king. Accompanied by a young boy named Zungurii and the eccentric witch Magisa, Dan travels across Grand Rolo and encounters the other chosen warriors through card battles. With the name of the Clash King gaining fame throughout Grand Rolo, secrets that lurk within the shadows of the kingdom's colonial past begin to surface. Only time will tell if Dan's campaign will affect the world on a scale much larger than he ever could have imagined. [Written by MAL Rewrite]","['Sequel (TV) Battle Spirits: Brave', 'Adaptation (Manga) Battle Spirits: Shounen Gekiha Dan']",Battle Spirits: Shounen Gekiha Dan,,,"['Isekai', 'Military', 'Strategy Game']",,,,['Adventure'],
72,,チェブラーシカ あれれ？,,['TV'],26,Finished Airing,"Oct 7, 2009 to Mar 31, 2010",['Fall 2009'],Unknown,['Dream Force'],"None found,",['GoHands'],Book,"['Comedy', 'Slice of Life']",3 min. per ep.,G - All Ages,6.42,#7563,#9955,"3,592",3,1680,"Based on the Russian ""national character"" Cheburashka. The character comes from Eduard Uspensky's story about a mysterious creature who gets accidentally transported in a box of oranges to Russia.",[],Cheburashka Arere?,,,,['Kids'],,,,
73,"Mainichi Kaa-san, Every Day Mom",毎日かあさん,Kaasan: Mom's Life,['TV'],142,Finished Airing,"Apr 1, 2009 to Mar 25, 2012",['Spring 2009'],Unknown,['Nihon Ad Systems'],"None found,","['Gallop', 'TYO Animations', 'Dongwoo A&E']",['Manga'],"['Comedy', 'Slice of Life']",20 min. per ep.,PG - Children,7.22,#3274,#10187,"3,347",24,1068,Based on Rieko Saibara's humorous semi-autobiographical manga about her life raising her two children.,[],Mainichi Kaasan,Kaasan Mom's Life,Kaasan Mom's Life,,,Kaasan Mom's Life,['Childcare'],,
74,Cooking Idol,クッキンアイドル　アイ！マイ！まいん！,,['TV'],305,Finished Airing,"Mar 30, 2009 to Mar 22, 2013",['Spring 2009'],Unknown,"['NHK', 'Nihon Ad Systems']","None found,",['Studio Deen'],Original,"['Comedy', 'Gourmet']",6 min. per ep.,PG - Children,6.25,#8567,#10690,"2,884",9,739,"Cooking Idol teaches children how to cook through instruction of the main character, MAIN. The show itself is divided into an animated segment featuring MAIN, and a live-action segment featuring the voice actor of MAIN, Fukuhara Haruka, as she practices the cooking herself. The live-action segment is not included in the avg episode duration.",[],Cookin' Idol Ai! Mai! Main!,,,,['Kids'],,,,
75,Stitch! 2,スティッチ！～いたずらエイリアンの大冒険～,Stitch! The Mischievous Alien's Great Adventure,['TV'],29,Finished Airing,"Oct 13, 2009 to Jun 29, 2010",['Fall 2009'],Unknown,['Tohokushinsha Film Corporation'],"None found,",['Madhouse'],Other,"['Adventure', 'Comedy', 'Sci-Fi']",25 min. per ep.,G - All Ages,6.15,#9117,#10751,"2,826",3,929,"The second season of Stitch!, episode numbers continue from 27.","['Prequel (Special) Stitch!: Piko Kara no Chousenjou', 'Sequel (TV) Stitch!: Zutto Saikou no Tomodachi', 'Sequel (Special) Stitch!: Itazura Alien no Daibouken - Uchuu Ichi no Oniichan', '']",Stitch! Itazura Alien no Daibouken,Yuna & Stitch Staffel 2,,,['Kids'],,,,
76,"Charady no Jokena Mainichi, Charady's Daily Joke",キャラディのジョークな毎日,,['TV'],365,Finished Airing,"Apr 1, 2009 to Mar 31, 2010",['Spring 2009'],Unknown,"None found,","None found,","None found,",Original,,3 min. per ep.,PG-13 - Teens 13 or older,5.12,#13063,#10853,"2,738",2,880,"A gravure idol, Asada Misako, plays the main character Charady. Other characters are played by the students of Kyoto University of Art and Design Department of Character Designing. It is a short comedy animation about jokes from all parts of the world.",[],Charady no Joke na Mainichi,,,,,,,['Comedy'],
77,,デュエル・マスターズ クロス,,['TV'],100,Finished Airing,"Apr 5, 2008 to Mar 27, 2010",['Spring 2008'],Unknown,"None found,","None found,",['Shogakukan Music & Digital Entertainment'],Original,"['Action', 'Adventure', 'Comedy', 'Fantasy']",10 min. per ep.,PG-13 - Teens 13 or older,6.26,#8500,#11210,"2,466",2,861,"Shobu and friends fight the remaining Fua Duelists in order to defeat Zakira. Once again, they face off against the old members of Fua Duelists at the World Championship tournament. Shobu also found the terrible fate his friends faced because of these duelists in their past. (Source: Duel Masters Wikia)","['Prequel (TV) Duel Masters Zero', 'Sequel (TV) Duel Masters Cross Shock']",Duel Masters Cross,,,,['Kids'],,,,
78,,おじゃる丸,Prince Mackaroo,['TV'],Unknown,Currently Airing,"Oct 5, 1998 to ?",['Fall 1998'],Not scheduled once per week,['NHK'],['Enoki Films'],['Gallop'],Original,"['Adventure', 'Award Winning', 'Comedy', 'Fantasy']",10 min.,G - All Ages,6.39,#7746,#11556,"2,226",5,553,"In the Heian era, around 1000 years ago, a young boy of noble family named Ojarumaru is bored with his life of privilege. Meanwhile, three demons steal the power-stick of Enma, king of demons, and then lose it. Ojarumaru finds it, and uses it to transport himself to the present time. Here, he is befriended by a young boy named Kazuma, and becomes a member of his family. As time goes on, Ojarumaru makes many new friends, while dodging the comedic efforts of the three demons, Akane, Kisuke, and Aobee, as they try to recover the stick. (from ANN)","['Adaptation (Manga) Ojarumaru', '']",Ojarumaru,,,,['Kids'],,,,
79,,たまごっち!,,['TV'],143,Finished Airing,"Oct 12, 2009 to Sep 3, 2012",['Fall 2009'],Unknown,"None found,","None found,",['OLM Digital'],Game,,25 min. per ep.,G - All Ages,6.34,#8029,#11901,"2,006",11,552,The stories will follow the daily lives of the Tamagotchi and feature new characters and settings. (Source: ANN),"['Sequel (TV) Tamagotchi! Yume Kira Dream', '']",Tamagotchi!,,,,['Kids'],,,['Comedy'],
80,,親子クラブ,,['TV'],1818,Finished Airing,"Oct 3, 1994 to Mar 30, 2013",['Fall 1994'],Unknown,['Fuji TV'],"None found,",['Eiken'],Original,"['Comedy', 'Slice of Life']",5 min. per ep.,G - All Ages,5.47,#12199,#13602,"1,198",0,442,This anime was running almost 20 years and has over 1800 episodes.,[],Oyako Club,,,,,,,,
81,"Uchi no 3Shimai, Uchi no San Shimai",うちの3姉妹,,['TV'],102,Finished Airing,"Apr 8, 2008 to Mar 30, 2010",['Spring 2008'],Unknown,"None found,","None found,","['Toei Animation', 'Studio Animal']",Other,"['Comedy', 'Slice of Life']",23 min. per ep.,G - All Ages,6.32,#8131,#14736,883,1,185,"The daily life of the Motsumoto family. The three sisters, Fuu, Suu, and Chii, follow what happens on a daily basis. Mother and Father have to deal with them sometimes, but they're used to it.",[],Uchi no 3 Shimai,,,,,,,,
82,Hadaka no Ookami,ネイキッドウルブズ,,['TV'],52,Finished Airing,"Apr 6, 2009 to Mar 28, 2010",['Spring 2009'],Unknown,"['Pony Canyon', 'Kyotoma']","None found,",['Kate Arrow'],Original,"['Comedy', 'Sports']",5 min. per ep.,PG - Children,5.67,#11530,#14751,879,4,300,"In the Flash-animated television comedy series, a sumo wrestler named Mikoshiarashi travels around the world to train to become the Yokozuna, the Grand Sumo Champion. He meets colorful characters along the way as he is determined to meet his goals.",[],Naked Wolves,,,,['Kids'],,['Combat Sports'],,
83,,炬燵猫,Table Cat,['TV'],26,Finished Airing,"Oct 3, 2009 to Mar 28, 2010",['Fall 2009'],Unknown,['Iyasakadou Film'],"None found,","None found,",Other,,3 min. per ep.,G - All Ages,[],#19561,#15601,688,0,,"Kotatsu Neko is based on a ""live-action science-fiction/fantasy romance"" film of the same name which was released in Japan in 2006. The story is set in a certain neighborhood of Tokyo where two cats live under a kotatsu. Shito is a girlish white cat, while Zero is a cool black cat. The cat's owner, Rei ""Junior"" Fujisaki, is a third-year middle-school hikikomori obsessed with games. He likes a girl in his class, but naturally, he cannot work up the nerve to tell her. Shito herself harbors a secret one-sided love also. (Source: ANN)",[],Kotatsu Neko (TV),,,,,,,['Comedy'],
84,,ご姉弟物語,,['TV'],32,Finished Airing,"Oct 10, 2009 to Jun 26, 2010",['Fall 2009'],Unknown,['TV Asahi Music'],"None found,","None found,",['Manga'],,19 min. per ep.,G - All Ages,[],#18223,#15571,692,1,,"Japan's TV Asahi network will premiere a television anime adaptation of Tetsu Adachi's Baka-Kyoudai (Idiotic Siblings) manga under the title Gokyoudai Monogatari (Sibling Stories) on October 10. The original manga has been running on an irregular schedule in Kodansha's Young Magazine since 1999. The story centers on a sister and her twin brother who live carefree lives in Tokyo's lower-class neighborhoods and have heartwarming encounters with the local people. It received an award of excellence at the 7th Cultural Media Arts Festival in 2003. Yuki Matsuoka will voice the sister Onei Jinushi, and Yumiko Kobayashi will play her twin brother Junichirō Jinushi. Sayaka Ohara will play the local restaurant waitress Shizuka.",[],Gokyoudai Monogatari,,,,,,,['Comedy'],
85,,はっけん たいけん だいすき! しまじろう,,['TV'],101,Finished Airing,"Apr 7, 2008 to Mar 29, 2010",['Spring 2008'],Unknown,"None found,","None found,","['Studio Kikan', 'Pierrot Plus']",Original,"['Adventure', 'Comedy', 'Fantasy']",25 min. per ep.,G - All Ages,6.16,#9065,#16528,557,1,126,Second season of the Shimajirou children's television series.,"['Prequel (TV) Shima Shima Tora no Shimajirou', 'Sequel (TV) Shimajirou Hesoka']",Hakken Taiken Daisuki! Shimajirou,,,,['Kids'],,,,
86,,えほん寄席,,['TV'],73,Finished Airing,"Apr 2006 to Nov 11, 2023",['Spring 2006'],Unknown,"['NHK', 'Pony Canyon']","None found,","None found,",Other,,5 min. per ep.,PG - Children,[],#17873,#17187,488,0,,Anime rakugo of classic Japanese horror tales shown in a wide variety of art styles.,[],Ehon Yose,,,"['Historical', 'Performing Arts']",['Kids'],,,['Horror'],
87,"Panpaka Panties, Panpaka Underwear",パンパカパンツ,Panpaka Pantsu,['TV'],27,Finished Airing,"Oct 1, 2008 to Oct 22, 2015",['Fall 2008'],Unknown,['Shizuoka Broadcasting System'],"None found,",['DLE'],Original,,15 sec. per ep.,G - All Ages,[],#20959,#17400,467,2,,A series of shorts about pigs who wear underpants.,[],Panpaka Pants,,,,['Kids'],,,['Comedy'],
88,Welcome to Convenience Store!,와라! 편의점 the animation,Welcome to Wara Store!,['TV'],24,Finished Airing,"Oct 23, 2009 to Apr 2, 2010",['Fall 2009'],Unknown,"None found,","None found,","None found,",['Web manga'],,24 min. per ep.,G - All Ages,[],#15217,#17488,460,0,,A comedy about three part time workers in a little convenience store and the zany customers they come in contact with. Based on the Webtoon by Ji Kang-Min.,"['Adaptation (Manhwa) Wara! Pyunuijum', '']",Wala! Pyeon-uijeom The Animation,,,,,,,['Slice of Life'],
89,"Green Sabre, Green Saber, Nalong 3: SOS! Animal Rescuers, Narongi Season 3",그린세이버,Green Saver,['TV'],26,Finished Airing,"Nov 9, 2009 to Apr 10, 2010",['Fall 2009'],Unknown,['Studio Kaab'],"None found,","None found,",Original,,30 min. per ep.,G - All Ages,[],#18260,#19209,333,1,,"Nalong, Ukkya, and Longman have teamed up to defend the Earth from alien invaders who are here to pollute the environment! Lulu forest is no longer the main threatened area as the trio travels the world and helps out other animals in need.","['Prequel (TV) Kwaegeol Longman Narongi', '']",Green Saver,,,,['Kids'],,,['Adventure'],
90,Tao: Little Wizard,꼬마 신선 타오,Little Wizard Tao,['TV'],39,Finished Airing,"Jul 13, 2009 to Apr 26, 2010",['Summer 2009'],Unknown,"None found,","None found,","None found,",Original,,22 min. per ep.,G - All Ages,[],#19481,#20198,274,0,,"This Korean and Chinese co-production series focuses on Tao, a young boy with magical powers, as he attends school to become a wizard. Each episode was composed of two stories. (Source: Wiki)","['Sequel (TV) Kkoma Sinseon Tao 2', '']",Kkoma Sinseon Tao,,,,['Kids'],,,,
91,School of Show Laughter,笑いのSHOW学校,,['TV'],20,Finished Airing,"Mar 30, 2009 to Mar 8, 2010",['Spring 2009'],Unknown,"['NHK', 'Milky Cartoon', 'Opera House']","None found,","None found,",Original,,1 min. per ep.,PG - Children,[],#15261,#20180,276,0,,No synopsis information has been added to this title. Help improve our database by adding a synopsis here.,[],Warai no Show Gakkou,,,,['Kids'],,,['Comedy'],
92,Wageul-wageul Kokomom,コケッコーさん,Kokomom,['TV'],26,Finished Airing,"Nov 18, 2009 to May 19, 2010",['Fall 2009'],Wednesdays at 16:40 (JST),"['Genco', 'G&G Entertainment']","None found,","None found,",Picture book,,26 min. per ep.,G - All Ages,[],#19515,#20282,271,0,,"Full CG anime series based on artist Karoku-Kobo's series of Kokekko-san picture books. The story about the daily life of Kokekko-san, a motherly egg with chicken features that raises her chicks. Each episode is a 2-part story. (Source: AniDB)",[],Kokekkou-san,,,,['Kids'],,,,
93,,깨미랑 부카채카,"Kemy & Buka, Chaka",['TV'],156,Finished Airing,"Feb 23, 2009 to Feb 10, 2010",['Winter 2009'],Mondays at 09:25 (JST),"None found,","None found,","None found,",Original,,9 min. per ep.,G - All Ages,[],#19378,#20328,268,0,,"This anime is a fusion of 3D CGI and live-action. Majority of the episodes are Kemy, Buka, and Chaka in their animated club house but other parts of the episodes are the characters imposed on live footage of nature. The program solves various questions by looking at the world with the vision of infants who are still immature in the world.",[],Kemy Lang Buka Chaka,,,,['Kids'],,,['Adventure'],
94,,쿵푸 공룡 수호대,Kung Fu Dino Posse,['TV'],40,Finished Airing,"Nov 12, 2009 to Sep 4, 2010",['Fall 2009'],Unknown,"None found,","None found,","None found,",Original,,22 min. per ep.,PG - Children,[],#19669,#21884,181,0,,"In the city of Megalopolis, six dinosaurs are thawed out in the basement of the museum when young aspiring paleontologist and technological genius Edgar Chudley accidentally causes a city wide blackout. One year later, Edgar discovers that four of the dinos have been living in the museum basement and have taught themselves kung fu. They befriend Edgar and the group now work together to foil the plans of the other two dinos, raptor brothers evil Skor and dimwitted Skrap, who hunt for crystals that contain mutant DNA with which Skor can create monstrous dinosaurs to conquer the world. (Source: TVTropes)",[],Kung Fu Gonglyong Suhodae,,,,['Kids'],,['Martial Arts'],['Fantasy'],
95,,神兽金刚,,['TV'],46,Finished Airing,"Jan 15, 2009 to Dec 31, 2010",['Winter 2009'],Tuesdays at 08:30 (JST),"None found,","None found,","None found,",Original,"['Action', 'Sci-Fi']",15 min. per ep.,G - All Ages,[],#14113,#22143,170,0,,"Many years ago, the ambitious Dark Emperor who wanted to rule the universe endangered the environment and destroyed peace. In order to stop him, the leader of the universe, Big Dipper King, finally sealed the Dark Emperor under the polar ice rocks after a great battle. In order to prevent the Dark Emperor from breaking the seal, the Big Dipper King discovered the six God Beasts of the Earth under the guidance of the Earth’s monks. Fusing technology and the energy of the Big Dipper, he created six God Beasts Mechas and left behind his son, the Qilin King. The six God Beast Mechas are Qilin, Qinglong, Baihu, Xuanwu, Zhuque, and Yinglong. Only six children with super powers can pilot these God Beasts.","['Sequel (TV) Shen Shou Jin Gang 2: Tianshen De Shou', '']",Shen Shou Jin Gang,,,,['Kids'],,['Mecha'],,
96,,우리는 명탐정,,['TV'],52,Finished Airing,Mar 2009 to Feb 2010,['Spring 2009'],Unknown,"None found,","None found,","None found,",Original,,24 min. per ep.,PG - Children,[],#15138,#22293,164,0,,No synopsis information has been added to this title. Help improve our database by adding a synopsis here.,[],Ulineun Myeong-tam-jeong,,,,['Kids'],,['School'],['Mystery'],
97,,橡皮泥小镇,,['TV'],365,Finished Airing,Oct 2009 to Dec 2010,['Fall 2009'],Unknown,"None found,","None found,","None found,",Original,,10 min. per ep.,PG - Children,[],#15499,#22364,161,0,,No synopsis information has been added to this title. Help improve our database by adding a synopsis here.,[],Xiangpi Ni Xiao Zhen,,,,['Kids'],,,,
98,,吉祥猫可可,Copy Cat,['TV'],26,Finished Airing,Jan 2009 to Jan 2011,['Winter 2009'],Unknown,"None found,","None found,","None found,",Unknown,,12 min. per ep.,PG - Children,[],#19112,#23592,121,0,,No synopsis information has been added to this title. Help improve our database by adding a synopsis here.,[],Jixiang Mao Keke,,,,['Kids'],,,['Fantasy'],
99,Wai Xing Ren Xiao Nao Nao,外星人小闹闹,The Extraterrestrial Nano,['TV'],52,Finished Airing,Sep 2009 to Jul 2010,['Fall 2009'],Unknown,"None found,","None found,","None found,",Original,,10 min. per ep.,PG - Children,[],#15212,#24050,111,0,,No synopsis information has been added to this title. Help improve our database by adding a synopsis here.,[],Waixingren Xiao Nano,,,,['Kids'],,,,
100,,おべとも学園,,['TV'],200,Finished Airing,Apr 2008 to Mar 2013,['Spring 2008'],Unknown,['NHK'],"None found,","None found,",Original,,2 min. per ep.,G - All Ages,[],#20781,#24011,112,0,,A series by Japanese illustrator Obetomo which aired on NHK's Shakin! program.,[],Obetomo Gakuen,,,,,,['School'],['Slice of Life'],
101,"Syupeohaemseubaendeu, 勁爆倉鼠樂隊",슈퍼햄스밴드,,['TV'],52,Finished Airing,"Sep 3, 2009 to Apr 1, 2010",['Fall 2009'],Unknown,"None found,","None found,","None found,",Original,,11 min. per ep.,G - All Ages,[],#14632,#24107,110,0,,No synopsis information has been added to this title. Help improve our database by adding a synopsis here.,[],Super Hams Band,,,,['Kids'],,,['Comedy'],
102,,와글와글 꼬꼬맘,,['TV'],52,Finished Airing,"Nov 18, 2009 to May 19, 2010",['Fall 2009'],Unknown,"None found,","None found,","None found,",Original,,13 min. per ep.,PG - Children,[],#15202,#24049,111,0,,No synopsis information has been added to this title. Help improve our database by adding a synopsis here.,[],Wageul-wageul Kokomom,,,,['Kids'],,['Anthropomorphic'],['Fantasy'],
103,,星猫的秘密基地,,['TV'],48,Finished Airing,Jun 2009 to Feb 2010,['Summer 2009'],Unknown,"None found,","None found,","None found,",Original,,12 min. per ep.,PG - Children,[],#15792,#24260,107,0,,No synopsis information has been added to this title. Help improve our database by adding a synopsis here.,[],Xing Mao de Mimi Jidi,,,,['Kids'],,,,
104,,星猫漫游记,,['TV'],26,Finished Airing,Feb 2009 to Feb 2010,['Winter 2009'],Unknown,"None found,","None found,","None found,",Original,,12 min. per ep.,PG - Children,[],#15803,#24414,104,0,,No synopsis information has been added to this title. Help improve our database by adding a synopsis here.,"['Sequel (TV) Xing Mao Man Youji: San Jincun', '']",Xing Mao Man Youji,,,,['Kids'],,,['Fantasy'],
105,,小鼠乒乒之成语大典,,['TV'],52,Finished Airing,Aug 2009 to Jul 2010,['Summer 2009'],Unknown,"None found,","None found,","None found,",Other,,11 min. per ep.,PG - Children,[],#15611,#24590,101,0,,No synopsis information has been added to this title. Help improve our database by adding a synopsis here.,[],Xiao Shu Ping Ping: Chengyu Dadian,,,,['Kids'],,,,
106,,ヘタリア Axis Powers,Hetalia Axis Powers,['ONA'],52,Finished Airing,"Jan 24, 2009 to Mar 5, 2010",,,"['Frontier Works', 'DAX Production']",['Funimation'],['Studio Deen'],['Web manga'],,5 min. per ep.,PG-13 - Teens 13 or older,7.25,#3099,#1000,"260,575","4,257",129017,"In a tumultuous era of World Wars and general uncertainty for the future, Germany did not expect that his only constant allies would be North Italy and Japan. Despite being a descendant of the once-powerful Ancient Rome, North Italy is weak, useless, and overly in love with pasta. In contrast, Japan is reliable and pragmatic, but has strange obsessions that would bewilder anyone. Believing he drew the short end of the straw, Germany must think of a way to make this unlikely alliance work. To rub salt into the wound, the chaotic Allied Forces arrive, determined to stop the Axis Powers in their tracks. While they all share a common goal, none of the Allies can set aside their centuries of differences to fight as a cohesive front. As conflicts continue, these personified nations act out the events of World Wars I and II in a comedic and entertaining manner. [Written by MAL Rewrite]","['Sequel (ONA) Hetalia World Series', 'Adaptation (Manga) Hetalia Axis Powers']",Hetalia Axis Powers,,,"['Anthropomorphic', 'Gag Humor', 'Historical', 'Parody']",,,,['Comedy'],
107,,ヘタリア Ｗorld Series,Hetalia World Series,['ONA'],48,Finished Airing,"Mar 26, 2010 to Mar 11, 2011",,,['Frontier Works'],['Funimation'],['Studio Deen'],['Web manga'],,5 min. per ep.,PG-13 - Teens 13 or older,7.43,#2236,#2055,"112,702",812,58361,"The pasta-loving North Italy, stalwart Germany, and timid Japan continue their misadventures through history as they reenact various events leading up to and during the Second World War. This includes the turbulent relationship between Hungary and Prussia, the War of Austrian Succession, Lithuania's early days, and the Invasion of Poland. During such tumultuous times, how will these personified nations work their way through the conflicts? [Written by MAL Rewrite]","['Prequel (ONA) Hetalia Axis Powers', 'Sequel (ONA) Hetalia: The Beautiful World', 'Adaptation (Manga) Hetalia Axis Powers', '']",Hetalia World Series,,,"['Anthropomorphic', 'Gag Humor', 'Historical', 'Parody']",,,,['Comedy'],
108,Katekyou Hitman Reborn! Special,家庭教師ヒットマンREBORN! ボンゴレファミリー総登場! ボンゴレ式修学旅行、来る!!,Reborn! Here Comes a Vongola Family-Style School Trip!,['ONA'],1,Finished Airing,Mar 2010,,,"None found,",['Discotek Media'],['Artland'],['Manga'],,26 min.,PG-13 - Teens 13 or older,7.52,#1894,#4380,"29,037",95,14395,"An internet-only stand-alone special episode of Katekyou Hitman Reborn! on the Shounen-Jump website, where the main characters go to various tourist spots in Japan. It will be made available on DVD in July 2010, and extra scenes will be included.",[],"Katekyou Hitman Reborn! Vongola Family Soutoujou! Vongola Shiki Shuugakuryokou, Kuru!!",,,,['Shounen'],,,['Comedy'],
109,,チキンパパ,Chicken Papa,['ONA'],1,Finished Airing,"Mar 30, 2010",,,['7ji'],"None found,","None found,",Original,,1 min.,G - All Ages,4.21,#13740,#10654,"2,911",24,1986,A rooster who happens to be a father.,[],Chicken Papa,,,,,,,['Comedy'],
110,SOS TV Warupurgis Night Fever,ワルプルギスナイトフィーバー,,['ONA'],11,Finished Airing,"Mar 1, 2010 to Aug 2, 2010",,,"['Lantis', 'Barnum Studio']","None found,","None found,",Original,"['Comedy', 'Sci-Fi']",2 min. per ep.,PG-13 - Teens 13 or older,5.35,#12555,#13079,"1,380",0,392,"Stuck on the desolate planet Walpurgis, two intrepid girls named Garnet and Crystal, along with their robotic bat Carrot, can only dispatch emergency broadcasts into space and hope that someone will eventually come to their rescue. In an attempt to increase the distress signal's viewership ratings, Garnet and Crystal reformat the ordinary broadcast into a variety TV show to appeal to the masses. Having turned the entire planet into their stage, the two girls do what they can to get noticed, located, and rescued. [Written by MAL Rewrite]","['Prequel (Special) SOS TV Walpurgis Night Fever Episode 0', 'Adaptation (Manga) Warunai']",SOS TV Walpurgis Night Fever,,,,,,,,
111,,やせるやぎ,,['ONA'],1,Finished Airing,"Mar 28, 2010",,,"None found,","None found,","None found,",Original,,37 sec.,G - All Ages,5.12,#13055,#16630,546,0,268,"A story about granny, her granddaughter and a goat. (Source: Official site)",[],Yaseruyagi,,,,,,,,
112,,Lilt,Lilt,['ONA'],1,Finished Airing,"Feb 8, 2010",,,"None found,","None found,","None found,",Original,,13 sec.,G - All Ages,4.71,#13515,#16943,512,0,232,"Let's go, Let's go, Let's go to the starrrrrrrrrrrrrrrrrrrr.... Let's go. (Source: Official site)",[],Lilt,,,,,,['Music'],,
113,"Damens Walker - The Animation, Can't Help Falling for Losers",だめんずうぉ～か～ THE アニメ,,['ONA'],12,Finished Airing,"Mar 1, 2010 to May 17, 2010",,,"None found,","None found,",['Kachidoki Studio'],Original,"['Comedy', 'Romance']",3 min. per ep.,PG-13 - Teens 13 or older,[],#17535,#17962,423,0,,"Damen is a coined word combining ""Dame (failed)"" and ""Men"". It's a collection of short stories about women's experiences with ""Damen (failed men like swindler, liar etc.)"".",[],Damen's Walker,,,,,,,,
114,,癲噹,,['ONA'],5,Finished Airing,"Feb 27, 2010 to Jan 3, 2015",,,['Postgal Workshop'],"None found,","None found,",Unknown,,1 min. per ep.,G - All Ages,5.68,#11492,#18521,381,0,115,"A parody of Doraemon. Din Dong, a common cat which pretends to be magical, accompanies his useless masters and his friends in Hong Kong.",[],Din Dong,,,,,,['Parody'],['Comedy'],
115,,癲噹,,['ONA'],5,Finished Airing,"Feb 24, 2010 to Nov 21, 2011",,,"None found,","None found,","None found,",['Manga'],,38 sec. per ep.,G - All Ages,[],#17643,#20585,253,0,,Various animated shorts posted to Din Dong's official YouTube Channel.,[],Din Dong Specials,,,,,,['Parody'],['Comedy'],
116,,茗记2：初织恋,,['ONA'],1,Finished Airing,"Feb 9, 2010",,,"None found,","None found,","None found,",Original,,6 min.,PG-13 - Teens 13 or older,[],#20276,#22781,144,0,,No synopsis information has been added to this title. Help improve our database by adding a synopsis here.,"['Prequel (ONA) Ming Ji', 'Sequel (ONA) Ming Ji 3: Qushe']",Ming Ji 2: Chu Zhi Lian,,,,,,,['Romance'],
117,,我叫MT第二季,,['ONA'],10,Finished Airing,"Jan 10, 2010 to ?",,,"None found,","None found,","None found,",Game,"['Comedy', 'Fantasy']",10 min. per ep.,G - All Ages,[],#15323,#25037,95,0,,No synopsis information has been added to this title. Help improve our database by adding a synopsis here.,"['Prequel (ONA) Wo Jiao MT', 'Sequel (ONA) Wo Jiao MT 3rd Season']",Wo Jiao MT 2nd Season,,,,,,,,
118,"To-LOVE-Ru OVA, Trouble OVA, To Love You OVA",To LOVEる -とらぶる-,,['OVA'],6,Finished Airing,"Apr 3, 2009 to Apr 2, 2010",,,['Shueisha'],"None found,",['Xebec'],['Manga'],"['Comedy', 'Romance', 'Sci-Fi', 'Ecchi']",25 min. per ep.,R+ - Mild Nudity,7.24,#3148,#1398,"181,845",286,103321,"Episode 01: Rito becomes a Woman Lala invents a gizmo to make her bust bigger. However, this invention of hers accidentally turns Rito into a woman. Episode 02: Rito and Mikan Feeling lonely because Rito is always spending time with Lala, Mikan storms out of the house. While Rito and Lala are out looking for her a few flashbacks from the past, showing Rito and Mikan as kids, are shown. Episode 03: Welcome to the Southern Resort!! Haruna wins an island resort trip for ten females. Rito gets turned into a dog by one of Lala's inventions and somehow ends up on the island as well. Episode 04: Trouble Quest Rito and the girls become trapped inside an RPG game where the objective is to save Lala and defeat the evil witch Kyouko. Episode 05: Nana and Momo Lala's sisters cause mischief for Rito and his harem at a cherry blossom viewing. Episode 06: Draft, Metamorphose, Hand & Tail Yami and Yui confront with a senior, causing Yui to lose her panties. Mikan finds Peke taking snapshots of new clothing while shopping. Suddenly, a stranger steals her bag. As Rito tries to explore Lala's cleaned-up bedroom, he accidentally activates one of Lala's invention, fusing his hand to Lala's tail.","['Adaptation (Manga) To LOVE-Ru', '']",To LOVE-Ru OVA,To Love Ru - OVA,,"['Harem', 'School']",['Shounen'],,,,
119,Mobile Suit Gundam UC,機動戦士ガンダムUC（ユニコーン）,Mobile Suit Gundam Unicorn,['OVA'],7,Finished Airing,"Mar 12, 2010 to Jun 6, 2014",,,"['Bandai Visual', 'Kadokawa Shoten']","['Nozomi Entertainment', 'Bandai Entertainment', 'NYAV Post']",['Sunrise'],Novel,"['Action', 'Drama', 'Sci-Fi']",1 hr. 2 min. per ep.,PG-13 - Teens 13 or older,8.09,#541,#2185,"102,735","1,639",52471,"In the year Universal Century 0096, three years after Char Aznable's failed attempt to force human migration into space, life continues in the colonies orbiting Earth. One such colony, at Side 4, is home to Banagher Links, a 16-year-old who lives a quiet life among his classmates. Audrey Burne, the last descendant of a great tyrannical family, takes it upon herself to steal the key to a mysterious device known as ""Laplace's Box."" It is said that the Box has the power to shape the course of the universe, and Audrey travels to Side 4 in an attempt to take it from its current holder and keep it from the Sleeves, the surviving remnant of Char Aznable's Neo-Zeon. In her search, she stumbles across Banagher and changes his life forever. When Side 4 comes under the attack of the Sleeves and its prolific fighters Marida Cruz and Full Frontal, Banagher takes control of the newly built Gundam Unicorn to defend his friends and protect the fate of humankind. [Written by MAL Rewrite]","['Prequel (Movie) Kidou Senshi Gundam: Gyakushuu no Char', 'Sequel (Movie) Kidou Senshi Gundam F91', 'Sequel (ONA) Kidou Senshi Gundam: Twilight Axis', 'Sequel (Movie) Kidou Senshi Gundam NT']",Kidou Senshi Gundam Unicorn,,,"['Mecha', 'Military', 'Space']",,,,,
120,Shakugan no Shana OVA 2,灼眼のシャナS,Shakugan no Shana S: OVA Series,['OVA'],4,Finished Airing,"Oct 23, 2009 to Sep 29, 2010",,,"['Geneon Universal Entertainment', 'ASCII Media Works', 'Showgate']",['Funimation'],['J.C.Staff'],['Light novel'],"['Action', 'Drama', 'Fantasy', 'Romance']",28 min. per ep.,PG-13 - Teens 13 or older,7.33,#2680,#2436,"86,347",101,42204,"Find out what happens when Yuji accidentally triggers a found Treasure Tool while it's pointed at Shana! Then, Yuji teams up with Wilhelmina to stalk their fiery friend—whose secrecy has become unsettling. Finally, in a two-part special, Shana tracks a Denizen's trail by sorting through a Torch's memories for clues. Her sleuth skills reveal a teenage girl's heartwarming last days and a predator with a serious identity crisis! (Source: FUNimation)","['Prequel (TV) Shakugan no Shana II (Second)', 'Sequel (TV) Shakugan no Shana III (Final)', 'Adaptation (Manga) Shakugan no Shana', 'Adaptation (Light Novel) Shakugan no Shana']",Shakugan no Shana S,,,"['School', 'Urban Fantasy']",,,,,
121,"Fate/stay night Recap, Fate/stay night OVA",Fate/stay night,,['OVA'],2,Finished Airing,"Jan 17, 2010",,,"None found,","None found,",['Studio Deen'],Visual novel,"['Action', 'Fantasy', 'Romance']",59 min. per ep.,R - 17+ (violence & profanity),6.82,#5256,#3563,"44,207",52,17539,An edited and condensed version of the TV series.,[],Fate/stay night TV Reproduction,,,,,,['Urban Fantasy'],,
122,,よんでますよ、アザゼルさん。,,['OVA'],4,Finished Airing,"Feb 23, 2010 to Jun 23, 2014",,,['Fonishia'],"None found,",['Production I.G'],['Manga'],"['Comedy', 'Supernatural']",21 min. per ep.,R+ - Mild Nudity,7.56,#1744,#4108,"33,353",69,13539,"The great detective Akutabe has an assistant, Rinko Sakuma, who is trying to learn to summon demons. This is the story of her misadventure when she actually manages to summon 2 demons unexpectedly. (Source: ANN)","['Adaptation (Manga) Yondemasu yo, Azazel-san.', '']","Yondemasu yo, Azazel-san.",,,"['Gag Humor', 'Mythology']",['Seinen'],,,,
123,"Tales of Symphonia 2, Tales of Symphonia The Animation: Tethe'alla Chapter",テイルズ オブ シンフォニア THE ANIMATION テセアラ編,,['OVA'],4,Finished Airing,"Mar 25, 2010 to Feb 25, 2011",,,"None found,",['Discotek Media'],['ufotable'],Game,"['Action', 'Adventure', 'Fantasy']",43 min. per ep.,PG-13 - Teens 13 or older,7.44,#2204,#4146,"32,803",75,14044,"The second arc of Tales of Symphonia that takes place in the flourishing world of Tethe'alla. This OVA takes place up to two-thirds of the game, prior to the Derris-Kharlan arc.","['Prequel (OVA) Tales of Symphonia The Animation: Sylvarant-hen', 'Sequel (OVA) Tales of Symphonia The Animation: Sekai Tougou-hen']",Tales of Symphonia The Animation: Tethe'alla-hen,,,,,,['Martial Arts'],,
124,"Haiyore! Nyaruko-san, Haiyoru! Nyarl-ani",這いよる!ニャルアニ,Haiyoru! Nyaruani,['OVA'],9,Finished Airing,"Mar 17, 2010",,,['SoftBank Creative'],"None found,",['DLE'],['Light novel'],"['Comedy', 'Sci-Fi']",2 min. per ep.,PG-13 - Teens 13 or older,6.28,#8415,#4186,"31,937",25,12798,"Animated Flash shorts based on the light novel series ""Haiyore! Nyaruko-san."" In these shorts, Nyarlko, an anthropomorphized female version of Nyarlathotep from the Cthulhu Mythos, is constantly being told off by Mahiro, a normal human boy, for all the crazy or stupid things she does. In one of the shorts, Nyarlko is drawing a cover design for a body pillow. It turns out that the pillow's subject is a half-dressed Mahiro in what appears to be a hot and heavy scene with Nyarlko. Naturally, Mahiro proceeds to stab Nyarlko in the hand with a fork and threatens to kill her if she releases the pillow design. Other shorts revolve around various gags and occasionally feature Cthuko, an anthropomorphized female version of Cthugha, who's madly in love with Nyarlko.","['Adaptation (Manga) Haiyore! Nyaruko-san', 'Adaptation (Light Novel) Haiyore! Nyaruko-san']",Haiyoru! Nyaruani,,,,,Haiyoru! Nyaruani (ONA),['Parody'],,
125,Love Pistols,セックス・ピストルズ,,['OVA'],2,Finished Airing,"Mar 26, 2010 to Apr 27, 2011",,,['Frontier Works'],"None found,",['Twilight Town'],['Manga'],"['Boys Love', 'Comedy', 'Drama', 'Supernatural', 'Erotica']",33 min. per ep.,R+ - Mild Nudity,6.52,N/A,#4233,"30,991",81,16135,"An average boy named Norio is suddenly getting a lot of unwanted romantic attention. A fall down the stairs into the arms of a handsome stranger sets off the beginnings of an explanation, and it is one Norio never could have possibly imagined. Soon a whole new world opens up for Norio revealing a secret society of special people evolved from animals other than monkeys. Norio turns out to be a particularly rare breed and his DNA is in high demand. Now that he's suddenly the prey, it'll take much effort to survive in this modern jungle. This story revolves around a high school boy who discovers that he is part of a select group of humans who did not evolve from monkeys, but various animals such as leopards and black bears. (Source: ANN)","['Adaptation (Manga) Sex Pistols', '']",Sex Pistols,,,,,,,,
126,One Piece Recap OVA,ワンピース,One Piece: Romance Dawn Story - Recapping the TV Series So Far,['OVA'],1,Finished Airing,"Mar 17, 2010",,,"None found,","None found,",['Toei Animation'],['Manga'],"['Action', 'Adventure', 'Fantasy']",29 min.,PG-13 - Teens 13 or older,7.13,#3771,#4848,"23,020",16,9474,A recap OVA summarizing the ten-year TV series up to the Impel Down arc.,[],One Piece Recap,,,,['Shounen'],,,,
127,"Isshoni Training: Sleeping with Hinako, Isshoni Sleeping: Sleeping with Hinako",いっしょにすりーぴんぐ,,['OVA'],1,Finished Airing,"Feb 11, 2010",,,['Primastea'],['Maiden Japan'],['Studio Hibari'],Original,,49 min.,PG-13 - Teens 13 or older,4.41,#13682,#5019,"21,238",42,10909,"Hinako returns to our TV screens, this time showing us how to sleep.",[],Issho ni Sleeping: Sleeping with Hinako,Im Bett mit Hinako,Une Nuit avec Hinako,,,,,['Ecchi'],
128,"Mudadumo Naki Kaikaku, Mudatsumo, Reform without Wasted Draws",ムダヅモ無き改革,,['OVA'],3,Finished Airing,"Feb 26, 2010",,,['Studio Mausu'],"None found,",['TYO Animations'],['Manga'],,8 min. per ep.,R - 17+ (violence & profanity),6.89,#4895,#5825,"14,442",35,6611,"Global political figures such as The Pope, Kim Jong Il, George W. Bush and recent Japanese Prime Ministers play riichi mahjong against each other.","['Adaptation (Manga) Mudazumonaki Kaikaku', '']",Mudazumo Naki Kaikaku: The Legend of Koizumi,,,"['Parody', 'Strategy Game']",['Seinen'],,,['Comedy'],
129,,課長の恋,,['OVA'],1,Finished Airing,"Mar 26, 2010",,,['DAX Production'],"None found,",['Panda Factory'],['Manga'],"['Boys Love', 'Comedy', 'Erotica']",30 min.,R+ - Mild Nudity,6.09,N/A,#5880,"14,099",21,6501,The story centers on a manager named Odakara Kazuhiko who has spent all 33 years of his life without a girlfriend. An encounter with a new employee named Harada makes Odakara realize that he is gay.,"['Adaptation (Manga) Kachou no Koi', '']",Kachou no Koi,,,,,,,,
130,Discipline Rei,DISCIPLINE 零,,['OVA'],2,Finished Airing,"Jan 29, 2010 to Jun 25, 2010",,,"['White Bear', 'Mediabank']","None found,",['Studio 9 Maiami'],Visual novel,,28 min. per ep.,Rx - Hentai,6.54,N/A,#6098,"12,789",47,5000,"Based on the game by Active. The hit series Discipline is revived with this new original story set prior to the coming of Hayami Takuro, protagonist of the first series. Morimoto Leona and Otokawa Saori are newly arrived boarding students at St. Alcadia Academy. Morimoto Leona desires to subjugate every person within the school, severely punishing those who are of no use to her. Even the teachers are not spared. Fellow boarders Yuuki, Ruri and Maiko, who are oblivious of the situation, fall prey to the limitless sexual desires of the male students.","['Sequel (OVA) Discipline', '']",Discipline Zero,,,,,,,['Hentai'],
131,"Space Pirate Sara, Space Bandit Sarah, Space Pirates Sala",宇宙海賊サラ,,['OVA'],4,Finished Airing,"Apr 26, 2008 to Feb 20, 2010",,,['Pixy'],"None found,",['Anime Antenna Iinkai'],Visual novel,"['Sci-Fi', 'Supernatural', 'Hentai']",27 min. per ep.,Rx - Hentai,6.80,N/A,#6138,"12,599",112,5031,"Sarah is a most terrible pirate knight who dances her way around the galaxy empire that has been ravaged by war. In the galaxy ruled by a number of power-hungry rival warlords, an evil sadistic web is woven around Sarah, who is slowly guided down to her destruction. When the silver knight Sylia comes across the evil aristocrats who have run the gamut of corruption in the galaxy and the slave traders of darkness, the demonic twins, a desperate predicament is visited upon Sarah!! (Source: dlsite)","['Sequel (Special) Uchuu Kaizoku Sara Special', 'Adaptation (Light Novel) Uchuu Kaizoku Sara: Shimai Kishi no Eiyuu Choukyou']",Uchuu Kaizoku Sara,,,,,,,,
132,Oppai no Ouja 48 Nanimo Kangaezu Me no Mae no Oppai Zenbu Shabure!,おっぱいの王者48,King of Breasts,['OVA'],2,Finished Airing,"Mar 19, 2010 to Jul 16, 2010",,,"['Milky Animation Label', 'MS Pictures', 'OLE-M']",['SoftCel Pictures'],['T-Rex'],Visual novel,,28 min. per ep.,Rx - Hentai,6.96,N/A,#6491,"11,013",46,4013,"The other day, when I was reading an adult book, I thought, ""I can tell whose breasts they are by just looking at them. Well, am I a king of oppai?"" However, there was no way to prove it.... But one day, I receive a letter and it includes a bunch of free sex tickets! Also, the reverse side of each ticket has the photo of someone's breasts. When I'm confused, a girl, Nil, appears in front of me. According to her, I'm qualified to take part in a game. It seems the tickets aren't fake. My mission is to look for a girl who's got the same breasts printed on the ticket. Like this, my search for oppai begins.... (Source: ErogeShop)","['Adaptation (Light Novel) Oppai no Ouja 48', '']",Oppai no Ouja 48,,,,,,,['Hentai'],
133,,町ぐるみの罠～白濁にまみれた肢体～,,['OVA'],4,Finished Airing,"Feb 26, 2010 to Sep 26, 2014",,,"None found,","None found,",['PoRO'],Visual novel,,29 min. per ep.,Rx - Hentai,6.47,N/A,#6637,"10,431",33,3495,"Lewd eyes from all directions... Atsuko has just moved to a town to work as a teacher. She looks forward to her new life there, but what awaits her is... Yes, she gradually gets involved in a storm of sexual assaults planned by the everyone in town... (Source: ErogeShop)","['Adaptation (Light Novel) Machi Gurumi no Wana: Hakudaku ni Mamireta Shitai - Atsuko-hen', 'Adaptation (Light Novel) Machi Gurumi no Wana: Hakudaku ni Mamireta Shitai - Yui-hen', 'Adaptation (Light Novel) Machi Gurumi no Wana: Hakudaku ni Mamireta Shitai - Houkago no Mesu Kyoushi', '']",Machi Gurumi no Wana: Hakudaku ni Mamireta Shitai,,,,,,,['Hentai'],
134,,殻ノ少女,Girl in the Shell,['OVA'],2,Finished Airing,"Jan 15, 2010 to Oct 15, 2010",,,"['Milky Animation Label', 'MS Pictures', 'Innocent Grey']",['Kitty Media'],['Flavors Soft'],Visual novel,"['Mystery', 'Hentai']",27 min. per ep.,Rx - Hentai,5.65,N/A,#7425,"7,877",20,2784,"Reiji is a private detective. One day, he receives a strange offer from a girl, ""Please look for... me. True me."" At that time, a series of abnormal murder cases happen and Reiji is offered to investigate it as well. There is a girls' high school Yukari, Reiji's younger sister, goes and two female students are missing. Tokio, vice principal of the school, offers Reiji to search for them. As a result, Reiji receives three offers at the same time. To collect information, he starts working at the school in disguise and meets Toko, who asked him to look for real her before. ""Hi, nice to see you again, sir."" The killing never stops.... A spiral of tragedy.... What breaks through this tragic condition might be a girl's smile.... (Source: Himeya Shop)","['Prequel (OVA) Cartagra: Tsuki Gurui no Yamai', '']",Kara no Shoujo,,,,,,,,
135,,姦染2～淫罪都市～,,['OVA'],2,Finished Airing,"Feb 26, 2010 to Jun 25, 2010",,,"None found,","None found,",['Suzuki Mirano'],Visual novel,,29 min. per ep.,Rx - Hentai,6.30,N/A,#7956,"6,695",5,2346,"Kansen 2 (like the first episode) takes place during the initial outbreak of the Unknown virus epidemic, but the protagonists here have a much harder lot because they are stuck in the middle of a contaminated city immediately after its destruction by a mysterious cataclysm. Stalked by hordes of infected maniacs, Hiroshi Ookura and his friends seek safety inside a mostly intact shopping mall, but madness and death are everywhere... (Source: VNDB)","['Prequel (OVA) Kansen: Inyoku no Rensa', 'Sequel (OVA) Kansen 3: Shuto Houkai']",Kansen 2: Inzai Toshi,,,,,,,['Hentai'],
136,,義母散華,Step MILF,['OVA'],2,Finished Airing,"Feb 12, 2010 to May 14, 2010",,,['Digital Works'],"None found,",['Y.O.U.C'],Visual novel,,26 min. per ep.,Rx - Hentai,5.78,N/A,#8094,"6,393",18,2352,"Tomonori is a university student. His mother passed away two years ago, but his father, Seiichi, soon got remarried to Hanae. He now happily lives with Seiichi, Hanae, and Marie, Hanae's daughter. But one day, he gets to know the fact that Seiichi had been committing adultery with Hanae. ""He betrayed my mother.... Ok, I'll destroy everything around him! I'll steal his wife first."" His devotion to Hanae has got crooked and his revenge starts though he knows it'll put his family into misery and he'll never be able to turn back.... (Source: ErogeShop)",[],Haha Sange,,,,,,,['Hentai'],
137,"The Secret Face of My Wife, Watashi no Shiranai Tsuma no Kao",私の知らない妻（メス）の貌,,['OVA'],1,Finished Airing,"Jan 29, 2010",,,['Mary Jane'],"None found,",['Studio Eromatick'],Visual novel,,30 min.,Rx - Hentai,6.07,N/A,#8254,"6,090",16,2127,"Masato lives a happy life with his wife, Ichika. But one day, a disc is sent to him. The disc contains some videos of Ichika having sex with someone. He can't turn his face away from it.... A few days later, another disc is sent to him.... The disc contains all of Ichika's sex history.... A man finally appears in front of Masato.... What does Masato think about her indecent past experiences...? What will happen to them in the end...? (Source: ErogeShop)","['Adaptation (Light Novel) Watashi no Shiranai Mesu no Kao', '']",Watashi no Shiranai Mesu no Kao,,,,,,,['Hentai'],
138,,乙女恥曝遊戯,,['OVA'],2,Finished Airing,"Jan 29, 2010 to Mar 26, 2010",,,"None found,","None found,",['Suzuki Mirano'],Visual novel,,29 min. per ep.,Rx - Hentai,6.34,N/A,#8396,"5,865",13,1914,"Kaoru is a high school student. He has a childhood friend, Nanao, at the same school. She has been giving him sexually insulting orders in front of other students and he has always obeyed them. But one day, his patience runs out and decides to take revenge on her. While he still plans it, he accidentally witnesses Mayu, his classmate, shoplifting. He makes up his mind to use Mayu as his pawn... (Source: ErogeShop)",[],Otome Chibaku Yuugi,,,,,,,['Hentai'],
139,Shin Koihime Musou: Otome Ryouran Sangokushi Engi - Live Revolution,真恋姫†無双 LIVE Revolution,,['OVA'],1,Finished Airing,"Mar 17, 2010",,,['Marvelous Entertainment'],"None found,",['Doga Kobo'],Visual novel,,22 min.,PG-13 - Teens 13 or older,6.49,#7128,#8490,"5,736",2,2075,Shin Koihime†Musou characters sing theme songs on stage at a live event.,[],Shin Koihime†Musou: Live Revolution,,,"['Idols (Female)', 'Music']",,,,['Ecchi'],
140,QMA,クイズマジックアカデミー ～オリジナルアニメーション2～,,['OVA'],1,Finished Airing,"Feb 11, 2010",,,['Konami Digital Entertainment'],"None found,",['AIC PLUS+'],Game,"['Action', 'Comedy', 'Fantasy']",29 min.,PG-13 - Teens 13 or older,5.97,#10058,#8530,"5,677",3,2525,"Following the destruction of the magical floating device from OVA 1, the Magic Academy falls to earth, but unfortunately lands on and breaks a demon seal, releasing hundreds of ancient demons into the forest around the academy. The teachers are barely keeping the demons away and are desperately searching for the pieces of the floating device, so to earn more magic stones, all of the students from Amelia's class decide to leave the academy (even though they were told not to) to find the missing pieces. (Source: ANN)","['Prequel (OVA) Quiz Magic Academy: The Original Animation', '']",Quiz Magic Academy: The Original Animation 2,,,,,,['School'],,
141,The Invisible Stud Returns,透明人間R,,['OVA'],2,Finished Airing,"Mar 12, 2010 to Jun 11, 2010",,,['Digital Works'],"None found,",['Y.O.U.C'],Original,,27 min. per ep.,Rx - Hentai,6.37,N/A,#8813,"5,195",7,2257,No synopsis information has been added to this title. Help improve our database by adding a synopsis here.,"['Prequel (OVA) Toumei Ningen (OVA)', '']",Toumei Ningen R,,,,,,,['Hentai'],
142,,真章 幻夢館,,['OVA'],4,Finished Airing,"Mar 20, 2010 to Sep 20, 2010",,,['ChiChinoya'],"None found,","None found,",Visual novel,,15 min. per ep.,Rx - Hentai,6.39,N/A,#8878,"5,084",9,1550,"Kido is a private detective. One day, he receives a job offer. It is just to guard his client. He once tries to refuse it, but Mei, Kido's partner, tells him to accept it. Kido reluctantly accepts the offer and visits the client's house. There lives Ayano, a daughter of the client, Shibata, a butler, Imada, a janitor, Nozomi, a live-in maid, and Kaoru, Ayano's home tutor. Kido asks Shibata what's his job, but he just gives a vague answer. He doesn't know what to do, but he gradually gets to know the secret of the family.... (Source: ErogeShop)","['Prequel (OVA) Genmukan', '']",Shinshou Genmukan,,,,,,,['Hentai'],
143,Isshoni Ecchi,いっしょにエッチ,,['OVA'],1,Finished Airing,"Feb 26, 2010",,,['Pink Pineapple'],"None found,",['G-Lam'],Original,,31 min.,Rx - Hentai,5.84,N/A,#9094,"4,746",12,1567,"After answering the summons of Momoka, the school nurse, the protagonist is forced to engage in various sexual acts with her. Later, the protagonist accidentally witnesses Momoka's younger sister, Maron, masturbating. He is discovered and Maron counterattacks by stripping him and giving hand and foot jobs. One thing leads to another and he ends up taking her virginity. Finally, the three of them go to a public bathhouse and end up in a threesome play.",[],Issho ni Ecchi,,,,,,,['Hentai'],
144,,ぼく、オタリーマン。,,['OVA'],1,Finished Airing,"Jan 29, 2010",,,['Liverpool'],"None found,","['Panda Factory', 'Studio PuYUKAI']",['Manga'],"['Comedy', 'Slice of Life']",35 min.,PG-13 - Teens 13 or older,6.06,#9583,#9215,"4,564",2,2354,"Boku, Otary-man (otaku + salaryman) is a autobiographical manga of the author Yoshitani, who is also working as a system engineer. It's about a slice of life of an office worker, who is a little bit otaku.","['Adaptation (Manga) Boku, Otaryman', '']","Boku, Otaryman.",,,,['Seinen'],,['Otaku Culture'],,
145,"Best of Ookiku Furikabutte: Natsu no Score-book, Ookiku Furikabutte Recap OVA, Oofuri, Swing Big!",おおきく振りかぶって,Big Windup!,['OVA'],2,Finished Airing,"Mar 24, 2010",,,"None found,","None found,",['A-1 Pictures'],['Manga'],"['Comedy', 'Sports']",1 hr. 30 min. per ep.,G - All Ages,7.14,#3697,#9407,"4,276",4,1198,Ookiku Furikabutte recap OVA where the TV series has been reassembled into two 90 minute episodes.,[],Ookiku Furikabutte: Natsu no Scorebook,,,,,,['Team Sports'],,
146,,麗辱の館,House of 5 Lusts,['OVA'],2,Finished Airing,"Jan 15, 2010 to Apr 9, 2010",,,['Digital Works'],"None found,",['Y.O.U.C'],Visual novel,,27 min. per ep.,Rx - Hentai,6.04,N/A,#9432,"4,241",6,1271,Based on a game by CLOCKUP.,[],Reijoku no Yakata,,,,,,,['Hentai'],
147,,殿といっしょ,,['OVA'],1,Finished Airing,"Mar 25, 2010",,,['Frontier Works'],"None found,",['Gathering'],['4-koma manga'],,37 min.,PG-13 - Teens 13 or older,6.50,#7048,#9546,"4,089",8,1897,Comedy parodying famous samurai generals and historical events.,"['Adaptation (Manga) Tono to Issho', '']",Tono to Issho,,,"['Historical', 'Parody', 'Samurai']",['Seinen'],,,['Comedy'],
148,,装甲騎兵ボトムズ 幻影篇,Armored Trooper Votoms: Phantom Arc,['OVA'],6,Finished Airing,"Mar 26, 2010 to Oct 27, 2010",,,"None found,","None found,",['Sunrise'],Original,"['Action', 'Drama', 'Sci-Fi']",24 min. per ep.,PG-13 - Teens 13 or older,6.69,#5980,#10034,"3,510",1,1590,"For their silver anniversary, Vanilla and Coconna return to Uoodo along with Gotho in the hopes of reuniting with Chirico. Once there they find a red shouldered AT at the Battling arena.","['Prequel (OVA) Soukou Kihei Votoms: Koei Futatabi', '']",Soukou Kihei Votoms: Genei-hen,,,"['Mecha', 'Military']",,,,,
149,"Ashiaraiyashiki no Junin-tachi, Ashiaraiyashiki no Juunin Tachi",足洗邸の住人たち。,,['OVA'],1,Finished Airing,"Mar 25, 2010",,,['Studio NOIX'],"None found,",['GARDEN LODGE'],['Manga'],"['Action', 'Fantasy', 'Supernatural']",6 min.,PG-13 - Teens 13 or older,4.89,#13333,#10727,"2,847",2,998,"More than twenty years ago, an evil summoner committed ""Great Summon"". One third of human beings were killed, and devils and monsters invaded the Earth. One day, a painter, Tamura Fukutaro, moves into an apartment house called ""Ashiaraiyashiki"" and gets involved in the troubles of his non-human neighbors. It's the beginning of a severe battle among gods, devils and the ruler ""The Central"".","['Adaptation (Manga) Ashiaraiyashiki no Juunin-tachi.', '']",Ashiaraiyashiki no Juunin-tachi.,,,,['Seinen'],,,,
150,La / Radio Noise * Planet,ラ/ラジオノイズ＊プラネット,,['OVA'],1,Finished Airing,Jan 2010,,,"None found,",['Sentai Filmworks'],"None found,",Original,"['Adventure', 'Sci-Fi']",2 min.,PG-13 - Teens 13 or older,5.75,#11168,#13845,"1,118",1,489,"A planet with 6 inhabitants only. In order to match the tuning of the radio, the main character walks around and meets the 5 other inhabitants. A strange SF short animation.",[],Ra/Radio Noise*Planet,,,,,,['Psychological'],,
151,,腐女子の品格,,['OVA'],1,Finished Airing,"Feb 26, 2010",,,"None found,","None found,",['Panda Factory'],['Manga'],,30 min.,PG-13 - Teens 13 or older,6.12,#9249,#14032,"1,069",0,335,"Fujyoko is a 24 year old office worker. She admires her fashionable senpai Takayo, but one day she meets her at a doujinshi event.",[],Fujoshi no Hinkaku,,,,,,,['Slice of Life'],
152,,革命の若き空,,['OVA'],1,Finished Airing,Mar 2010,,,['Shinano Kikaku'],"None found,","None found,",Unknown,,50 min.,G - All Ages,6.29,#8349,#15470,710,0,227,The life of the French poet André Marie Chénier during the period of radical social and political upheaval in France.,[],Kakumei no Wakaki Sora,,,,,,['Historical'],['Drama'],
153,"The Vanishment of Haruhi Suzumiya, Suzumiya Haruhi no Syoshitsu, Haruhi Movie",涼宮ハルヒの消失,The Disappearance of Haruhi Suzumiya,['Movie'],1,Finished Airing,"Feb 6, 2010",,,"['Kadokawa Shoten', 'Animation Do']","['Funimation', 'Bandai Entertainment']",['Kyoto Animation'],['Light novel'],"['Award Winning', 'Mystery', 'Sci-Fi', 'Supernatural']",2 hr. 41 min.,PG-13 - Teens 13 or older,8.59,#101,#367,"627,514","13,836",319041,"On a cold December day, Kyon arrives at school prepared for another outing with his fellow SOS Brigade members. However, much to his surprise, he discovers that almost everything has changed completely: Haruhi Suzumiya and Itsuki Koizumi are nowhere to be found; Mikuru Asahina does not recognize him at all; Yuki Nagato is a regular human; and Ryouko Asakura has mysteriously returned. Although he is no stranger to the supernatural, Kyon is disturbed by this odd turn of events and decides to investigate on his own. Finding himself to be the only person that is aware of the previous reality, Kyon is now faced with a difficult choice: to finally live the normal life he has always wanted, or uncover a way to turn back the hands of time and restore his chaotic yet familiar world. [Written by MAL Rewrite]","['Prequel (TV) Suzumiya Haruhi no Yuuutsu (2009)', 'Adaptation (Manga) Suzumiya Haruhi no Yuuutsu', 'Adaptation (Light Novel) Suzumiya Haruhi Series', '']",Suzumiya Haruhi no Shoushitsu,Das Verschwinden der Haruhi Suzumiya der Film,La Disparition de Haruhi Suzumiya la Film,,,,['School'],,
154,"Gekijouban Fate/Stay Night: Unlimited Blade Works, Fate/stay night Movie, Fate/stay night UBW",劇場版 Fate/stay night UNLIMITED BLADE WORKS,Fate/stay night: Unlimited Blade Works,['Movie'],1,Finished Airing,"Jan 23, 2010",,,"['Geneon Universal Entertainment', 'Frontier Works', 'TBS', 'KlockWorx', 'Notes', 'CREi']",['Sentai Filmworks'],['Studio Deen'],Visual novel,"['Action', 'Fantasy']",1 hr. 45 min.,R - 17+ (violence & profanity),7.39,#2429,#1106,"235,456",904,125741,"In Fuyuki City, the Fifth Holy Grail War is about to commence a lengthy battle of blood, death, and misery. High school student Rin Toosaka has trained her entire life for this moment—to become a magus capable of being a Master in the war. Summoning her Servant known as Archer, Rin finally sets foot into the battle. Discovering that one of her acquaintances, Shirou Emiya, is drawn into the war as well, Rin offers to form an alliance for the time being. And as the two of them grow closer, Rin begins to learn more about Shirou's fate and ideals. Nevertheless, her goal remains the same: to win the all-powerful relic that can fulfill the wishes of those who are victorious after the war—the Holy Grail. [Written by MAL Rewrite]","['Prequel (TV) Fate/Zero 2nd Season', 'Adaptation (Manga) Fate/stay night: Unlimited Blade Works']",Fate/stay night Movie: Unlimited Blade Works,Fate/stay night der Film: Unlimited Blade Works,Fate/stay night le Film: Unlimited Blade Works,,,Fate stay night la Película: Unlimited Blade Works,['Urban Fantasy'],,
155,Higashi no Eden: Gekijouban II Paradise Lost,東のエデン 劇場版II Paradise Lost,Eden of The East the Movie II: Paradise Lost,['Movie'],1,Finished Airing,"Mar 13, 2010",,,"['Dentsu', 'Fuji TV', 'Asmik Ace', 'Sony Music Entertainment', 'Fonishia']",['Funimation'],['Production I.G'],Original,"['Mystery', 'Romance', 'Sci-Fi', 'Suspense']",1 hr. 32 min.,PG-13 - Teens 13 or older,7.55,#1764,#1653,"149,219",124,83109,"As one of the 12 Seleção that needs to save the country in order to win a game, Akira Takizawa decided to become the ""King of Japan."" With that in mind, after his return from the U.S.A., the remaining Seleção will also need to follow up on their own plans as they strive to outdo each other. Saki Morimi and the other members of the ""Eden of the East"" are under suspicion of being terrorists, but they still do everything they can to help Takizawa reach his goal and unravel the secrets of his past, as the last fight between the Seleção begins. [Written by MAL Rewrite]","['Prequel (Movie) Higashi no Eden Movie I: The King of Eden', 'Adaptation (Light Novel) Shousetsu Higashi no Eden Gekijouban']",Higashi no Eden Movie II: Paradise Lost,Eden of the East: Das Verlorene Paradies,Eden of the East: Paradise Lost,"['Adult Cast', 'Psychological']",,,,,
156,"Eve's Time, Eve no Jikan 1st Season Complete Edition, Gekijouban Eve no Jikan",イヴの時間,Time of Eve,['Movie'],1,Finished Airing,"Mar 6, 2010",,,"['Directions', 'Code']","['AnimEigo', 'NYAV Post', 'Pied Piper']",['Studio Rikka'],Original,"['Sci-Fi', 'Slice of Life']",1 hr. 46 min.,PG-13 - Teens 13 or older,7.96,#723,#1870,"127,579",585,57239,"In the Japan of the future, employing androids for various purposes is nothing out of the ordinary. However, treating androids on the same level as humans is frowned upon, and there is constant paranoia surrounding the possibility of robots defying humans, their masters. Those who appear too trustworthy of their androids are chided and labeled ""dori-kei,"" or ""android-holics."" High school student Rikuo Sakisaka notices when his house droid, Sammy, starts behaving curiously—she has been leaving the house without his instruction. When he inspects the movement logs in her database, a cryptic line grabs his attention: ""Are you enjoying the time of EVE?"" Accompanied by his friend Masakazu Masaki, Rikuo tracks the whereabouts of his houseroid to a cafe called Time of Eve, where it is forbidden for customers to display prejudice against one another. The cafe, Rikuo realizes, is frequented by both man and machine, with no evidence to tell either apart. Each customer—from the cheerful Akiko, to a robot dangerously close to breaking down—has their own story and challenges to overcome. While Rikuo tries to reveal Sammy's intentions, he begins to question the legitimacy of the fear that drives humans to regard androids as nothing more than mere tools. [Written by MAL Rewrite]",[],Eve no Jikan (Movie),Time of Eve: The Movie,,,,,,,
157,"Yugioh, Yu-Gi-Oh! The Movie: Ultra Fusion! Bonds Over Time and Space, Yu-Gi-Oh! 10th Anniversary Special, 10th Anniversary Gekijouban, Yu-Gi-Oh! The Movie: Super Fusion! Bonds That Transcend Time, Yu-Gi-Oh! Bonds Beyond Time",劇場版 遊☆戯☆王 ～超融合! 時空を越えた絆～,Yu-Gi-Oh! 3D: Bonds Beyond Time,['Movie'],1,Finished Airing,"Jan 23, 2010",,,"['TV Tokyo', 'Nihon Ad Systems']","['4Kids Entertainment', 'Flatiron Film Company']",['Gallop'],['Manga'],,49 min.,PG-13 - Teens 13 or older,7.14,#3720,#3283,"51,054",85,31528,"While riding with Jack Atlas and Crow Hogan, Yuusei Fudou's Stardust Dragon is captured by Paradox, a mysterious Turbo Duelist from the future, during a Turbo Duel and turned into a Sin Monster. With the help of the Crimson Dragon, Yuusei chases after Paradox as he enters a time slip, ending up in the past. During this time, Paradox duels against Jaden Yuki, who is still able to use the powers of Yubel and The Supreme King. However, by this time Paradox had also captured Cyber End Dragon and Rainbow Dragon and overwhelms Jaden. He is saved thanks to Yuusei and the Crimson Dragon. Jaden informs Yuusei of Paradox's true intentions. By stealing various monsters from across time and turning them dark, he plans to kill Maximillion Pegasus, the creator of Duel Monsters, preventing the game from being created and causing the events of all three series to never happen. Yuusei and Jaden agree to pursue Paradox, which leads them to the past and causes a meeting with the King of Games, Yuugi Mutou. However, by the time Yuusei and Jaden arrive, Paradox had already attacked his time, supposedly killing both Pegasus and Yuugi's grandpa, and had also managed to steal Blue-Eyes White Dragon and Red-Eyes Black Dragon. After explaining everything to Yuugi, he agrees to fight with Yuusei and Jaden against Paradox in the ultimate three-on-one duel to free the trapped monsters and save both the world and time itself before it's too late. (Source: Wikipedia)",[],Yu☆Gi☆Oh! Movie: Chou Yuugou! Toki wo Koeta Kizuna,Yu-Gi-Oh! Bonds Beyond Time,,"['Strategy Game', 'Time Travel']",['Shounen'],,,['Adventure'],
158,,魔法少女リリカルなのは The MOVIE 1st,Magical Girl Lyrical Nanoha: The Movie 1st,['Movie'],1,Finished Airing,"Jan 23, 2010",,,['Aniplex'],"None found,",['Seven Arcs'],Original,"['Action', 'Comedy', 'Drama', 'Sci-Fi']",2 hr. 10 min.,R+ - Mild Nudity,7.86,#908,#4163,"32,403",193,15960,"Nanoha Takamachi, an ordinary third-grader, loves her family and friends more than anything else. One day, after having a strange dream in which a ferret gets injured, she sees the very same ferret in real life and rescues it. That ferret turns out to be Yuuno Scrya, a mage from another world who is trying to capture the 21 scattered Jewel Seeds before they cause serious damage to the universe. Yuuno is not powerful enough to capture the Jewel seeds on his own, so he grants Nanoha the intelligent device ""Raising Heart"" and begins training her as a mage. Unfortunately, the powerful Jewel Seeds attract those with ill intentions. Another mage, Fate Testarossa, is desperate to collect the seeds for some unknown and sinister purpose, though the solemn look in her eyes makes Nanoha think that there is more to Fate than meets the eye. Mahou Shoujo Lyrical Nanoha: The Movie 1st is a retelling of the original series, which tells the story of two young mages and how their strong emotions shape their actions. [Written by MAL Rewrite]","[""Sequel (Movie) Mahou Shoujo Lyrical Nanoha: The Movie 2nd A's"", 'Adaptation (Manga) Mahou Shoujo Lyrical Nanoha: Movie 1st the Comics']",Mahou Shoujo Lyrical Nanoha: The Movie 1st,,,,,,['Mahou Shoujo'],,
159,Uchu Show e Youkoso,宇宙ショーへようこそ,Welcome to THE SPACE SHOW,['Movie'],1,Finished Airing,"Feb 18, 2010",,,['Aniplex'],"['NYAV Post', 'GKIDS']",['A-1 Pictures'],Original,"['Adventure', 'Fantasy', 'Sci-Fi']",2 hr. 16 min.,G - All Ages,7.28,#2907,#4475,"27,774",46,9198,"Five elementary school children are spending their summer break camping at a remote mountain village. While on a hunt for their missing rabbit, Pyon-kichi, they find an injured dog in a field with crop circles. After nursing the dog back to health, they are shocked when he suddenly speaks and introduces himself as Pochi Rickman—an alien researcher who has been on Earth researching its plant life. As thanks for saving his life, Pochi offers to take the children to the moon on a sightseeing trip. When they arrive, the group quickly discovers that the moon hides a vast alien metropolis which they begin to gleefully explore. Unfortunately, after hearing that Pochi was severely injured on his mission, the government of the moon issues a travel sanction on Earth, preventing the children from returning home. Left with no other choice, the group journeys around the galaxy in search of a way to safely return to Earth. Amidst their adventure, they are pursued by aliens affiliated with ""The Space Show,"" the universe's most-watched production shrouded in mystery. [Written by MAL Rewrite]","['Adaptation (Manga) Uchuu Show e Youkoso', '']",Uchuu Show e Youkoso,Welcome to the Space Show,,,,,['Space'],,
160,Doraemon: Nobita's Great Mermaid Naval Battle,映画 ドラえもん のび太の人魚大海戦,,['Movie'],1,Finished Airing,"Mar 6, 2010",,,['TV Asahi'],"None found,",['Shin-Ei Animation'],['Manga'],"['Adventure', 'Comedy', 'Fantasy']",1 hr. 39 min.,PG - Children,7.22,#3248,#7310,"8,268",5,5017,"Nobita asks Doraemon to take him somewhere they can dive and as a result the robot-cat uses several gadgets to make it possible for both to able to swim on an imaginary ocean above sea level. Inadvertently a mermaid ends up on Nobita's backyard when they turn off the illusion. Her name is Sophia and she is a princess of an ancient underwater civilization. Doraemon, Nobita, Shizuka, Jyaian, and Suneo quickly become her friends and are invited to visit her homeland. While heading towards the underwater kingdom they find themselves amid a conflict between the mermaids and an opposing tribe that has driven them away from their home planet thousands of years ago. Doraemon, Nobita, and their friends must then aid Sophia find a legendary sword that might bring peace once again to the seas. (Source: ANN)",[],Doraemon Movie 30: Nobita no Ningyo Daikaisen,,,,,Doraemon Película 30: Doraemon: La Leyenda de las Sirenas,,,"['Kids', 'Shounen']"
161,"Pretty Cure All Stars DX2: Light of Hope - Protect the Rainbow Jewel!, Eiga Precure All Stars DX2: Kibou no Hikari - Rainbow Jewel wo Mamore!",映画 プリキュアオールスターズDX2 希望の光☆レインボージュエルを守れ!,,['Movie'],1,Finished Airing,"Mar 20, 2010",,,['Asahi Broadcasting'],"None found,",['Toei Animation'],Original,,1 hr. 10 min.,G - All Ages,7.17,#3533,#7607,"7,440",5,3462,"Tsubomi Hanasaki is woken by her best friend Erika Kurumi only to find out that their two fairies, Coffret and Shypre, have left just leaving a note explaining where to find them. Fairy Park is not only the destination of both girls, it is also the meeting point of all other Precures who planned to spend this special day together. This magical theme park holds the Rainbow Jewel, a special gem that represents all of the hopes and dreams of the world. Such a powerful stone is the object of desire of a malefic entity named Bottom who has waited one thousand years for the opportunity to possess it.","['Prequel (Movie) Precure All Stars Movie DX: Minna Tomodachi☆Kiseki no Zenin Daishuugou!', 'Sequel (Movie) Precure All Stars Movie DX3: Mirai ni Todoke! Sekai wo Tsunagu☆Nijiiro no Hana']",Precure All Stars Movie DX2: Kibou no Hikari☆Rainbow Jewel wo Mamore!,,,,,,['Mahou Shoujo'],['Action'],
162,"Chou Gekijou-ban Keroro Gunsou: Tanjou! Kyuukyoku Keroro, Kiseki no Jikuu-jima, de arimasu!!",超劇場版ケロロ軍曹 誕生!究極ケロロ奇跡の時空島であります!!,"Keroro Gunso the Super Movie: Creation! Ultimate Keroro, Wonder Space-Time Island!!",['Movie'],1,Finished Airing,"Feb 27, 2010",,,"None found,","None found,",['Sunrise'],['Manga'],,1 hr. 14 min.,PG - Children,7.08,#4005,#9722,"3,879",5,1571,"One day, a stone carving bearing an uncanny likeness to Keroro arrives at Fuyumi's place. To solve this mystery, the Keroro Squad travels to the isolated and mysterious Easter Island. There, they meet harmless spirits known as Mana, and the odd twins Io and Rana. Lastly, there is Akuaku, a legendary evil spirit recently awoken from its long sleep. (Source: AniDB)",[],"Keroro Gunsou Movie 5: Tanjou! Kyuukyoku Keroro, Kiseki no Jikuu-jima, de Arimasu!!",,,,['Shounen'],,,['Comedy'],
163,"Chu-zumo, Chuu-Zumou",ちゅうずもう,A Sumo Wrestler's Tail,['Movie'],1,Finished Airing,"Jan 3, 2010",,,"None found,","None found,",['Studio Ghibli'],Original,"['Comedy', 'Sports']",13 min.,G - All Ages,6.58,#6607,#10629,"2,930",3,545,"Once upon a time, there lived an old man and his wife in a mountain. One night, he found a bunch of mice heading to somewhere. He followed them and saw the mice playing Sumo. The man and his wife happened to know the mice living in their house always lose the matches, and they gave them some foods to support the team.",[],Chuuzumou,,,,,,['Combat Sports'],,
164,,アマナツ,,['Movie'],1,Finished Airing,"Mar 25, 2010",,,"None found,","None found,",['Kamikaze Douga'],Original,,14 min.,PG-13 - Teens 13 or older,5.80,#10951,#10877,"2,723",3,628,"In the near future, a girl yearning for death and a robot who has been near her since she was a child continue moving in eternity. (Source: Annecy)",[],Amanatsu,,,,,,,['Sci-Fi'],
165,"Cho Denei-ban SD Gundam Sangokuden Brave Battle Warriors, SD Gundam Sangoku Den Brave Battle Warriors, BB Senshi",超電影版SDガンダム三国伝 Brave Battle Warriors,,['Movie'],1,Finished Airing,"Feb 27, 2010",,,"['Sotsu', 'Atelier Musa', 'Miracle Bus']","None found,",['Sunrise'],Original,,13 min.,PG - Children,5.84,#10728,#11015,"2,612",2,770,A Romance of the Three Kingdoms retelling using SD Gundams.,[],Chou Deneiban SD Gundam Sangokuden Brave Battle Warriors,,,"['Historical', 'Mecha']",,,,['Action'],
166,Eagle Talon The Movie 3,秘密結社鷹の爪 THE MOVIE3 http://鷹の爪.jp は永遠に,,['Movie'],1,Finished Airing,"Jan 16, 2010",,,"None found,","None found,",['DLE'],Original,,1 hr. 35 min.,G - All Ages,5.60,#11801,#15772,659,0,152,The third Eagle Talon movie.,"['Prequel (TV) Himitsukessha Taka no Tsume Countdown', 'Sequel (OVA) Himitsukessha Taka no Tsume The Movie 4: Kaspersky wo Motsu Otoko']",Himitsukessha Taka no Tsume The Movie 3: http://takanotsume.jp wa Eien ni,,,"['Parody', 'Super Power']",,,,['Comedy'],
167,Pleasant Goat and Big Big Wolf Movie 2: The Tiger Prowess,喜羊羊与灰太狼之虎虎生威,Pleasant Goat and Big Big Wolf: The Tiger Prowess,['Movie'],1,Finished Airing,"Jan 29, 2010",,,"['Creative Power Entertaining', 'Alpha Group']","None found,","None found,",Other,"['Adventure', 'Comedy']",1 hr. 28 min.,G - All Ages,5.66,#11546,#15984,626,0,218,"Crafty Gecko and General Tiger attack the Goat Village with plans to build an amusement park. Even worse, they intend to turn the castle of Wolfie (Grey Wolf) and his wife, Wolnie (Red Wolf) into a public toilet! To save their captured families from the fierce animal gang and robot soldiers, Weslie (Pleasant Goat) and Wolfie must work together to find the legendary statues that protected their ancestors. Can they beat the villains and become friends? (Source: Wikipedia)","['Prequel (Movie) Xi Yangyang Yu Hui Tailang: Niu Qi Chong Tian', 'Sequel (Movie) Xi Yangyang Yu Hui Tailang: Tu Nian Ding Gua Gua']",Xi Yangyang Yu Hui Tailang: Hu Hu Sheng Wei,,,,['Kids'],,,,
168,Coffy Gal no Coffy Movie 3,古墳ギャルのコフィー ～コフンデレラ～,Tumulus Gal Coffy:Cofunderella,['Movie'],1,Finished Airing,"Jan 16, 2010",,,"None found,","None found,","None found,",Original,,20 min.,G - All Ages,[],#17412,#18396,392,0,,"The Frogman Company presents, a Tumulus Cinderella Story! Once upon a time, a gentle girl named Coffy lived a life of misery, being treated like trash by her sister-by-law Daniel and her family. Coffy was not allowed to go to the dance party where Prince Charles would choose his bride, but...",[],Cofun Gal no Coffy: Cofunderella,,,,,,,['Comedy'],
169,,uranof,,['Movie'],1,Finished Airing,"Mar 5, 2010",,,"None found,","None found,","None found,",Original,,2 min.,G - All Ages,5.35,#12556,#19662,305,0,113,Short animation by Ryoji Yamada with the music of Takuya Sugiyama.,[],Uranof,,,,,,,['Avant Garde'],
170,,KURO,,['Movie'],1,Finished Airing,Mar 2010,,,"None found,","None found,","None found,",Original,"['Fantasy', 'Slice of Life']",7 min.,G - All Ages,[],#19686,#20721,245,1,,An original short film by Inaba Takuya depicting a strange world in black & white. Premiered at Tokyo Anima! in 2013.,[],Kuro (Movie),,,,,,,,
171,やさいのようせい N.Y.SALAD The Movie 3D,やさいのようせい N.Y.SALAD The Movie,Vegetable Fairies N.Y. SALAD Movie,['Movie'],1,Finished Airing,"Feb 13, 2010",,,"None found,","None found,",['Digital Media Lab'],Original,,21 min.,G - All Ages,[],#16002,#21323,212,0,,No synopsis information has been added to this title. Help improve our database by adding a synopsis here.,[],Yasai no Yousei: N.Y. Salad The Movie,,,,['Kids'],,,['Fantasy'],
172,,虹猫蓝兔火凤凰,,['Movie'],1,Finished Airing,"Feb 5, 2010",,,"None found,","None found,","None found,",Unknown,,1 hr. 28 min.,G - All Ages,[],#18638,#21431,205,0,,No synopsis information has been added to this title. Help improve our database by adding a synopsis here.,"['Prequel (TV) Hong Mao Lan Tu: Zhang Jian Zou Tianya', '']",Hong Mao Lan Tu: Huo Feng Huang,,,,['Kids'],,,,
173,,靠岸,Port of Return,['Movie'],1,Finished Airing,"Mar 5, 2010",,,"None found,","None found,","None found,",Original,"['Adventure', 'Award Winning']",1 hr. 21 min.,PG-13 - Teens 13 or older,[],#19317,#21444,206,0,,"Frostlight, a naive girl, disregards the fortuneteller's warnings, and tries too hard in keeping Westwind's heart. Her attempts catch the attention of Asura, and a war breaks out. Frostlight quickly boards a mysterious ship and departs on a perilous and fantastic journey. This strange ship carries a cast of helpless, tormented souls as it drifts through a mysterious space, unable to make port. The souls fear that Asura could strike at any moment and send them to the Asuran Realm, never to return. (Source: AniDB)",[],Kao An,,,,,,,,
174,,夺标,Get The Goal,['Movie'],1,Finished Airing,"Jan 1, 2010",,,"None found,","None found,","None found,",Original,,1 hr. 24 min.,PG - Children,[],#17852,#24734,99,0,,No synopsis information has been added to this title. Help improve our database by adding a synopsis here.,[],Duobiao,,,,['Kids'],,,['Sports'],
175,,法典之谜之海底淘法,,['Movie'],1,Finished Airing,"Jan 16, 2010",,,"None found,","None found,","None found,",Unknown,"['Adventure', 'Fantasy']",1 hr. 45 min.,PG - Children,[],#17917,#25072,95,0,,No synopsis information has been added to this title. Help improve our database by adding a synopsis here.,[],Fadian Zhi Mi: Haidi Tao Fa,,,,['Kids'],,,,
176,"Darker than Black: Ryuusei no Gemini Specials, Darker than BLACK 2 OVA, DTB, Darker than Black: Ryuusei no Gemini Episode 12",Darker than BLACK -黒の契約者 外伝,Darker Than Black: Gemini of the Meteor OVAs,['Special'],4,Finished Airing,"Jan 27, 2010 to Jul 21, 2010",,,['Square Enix'],['Funimation'],['Bones'],Original,"['Action', 'Mystery', 'Sci-Fi']",24 min. per ep.,R - 17+ (violence & profanity),7.90,#830,#991,"263,268",833,145041,"Fleeing from the consequences of his decision at the Hell's Gate, superpowered Contractor Hei and his companion Yin take refuge in a quiet inn, adopting the guise of a married couple in order to not draw suspicion. In an attempt to recover from recent events, Hei befriends the inn's other guests. He discovers that one of them is a fellow Contractor tasked with killing him. Their resulting encounter spells disaster for both Hei and Yin, who are forced to fight for their lives and grapple with the emotional wounds sustained in their previous life together. [Written by MAL Rewrite]","['Prequel (TV) Darker than Black: Kuro no Keiyakusha', 'Sequel (TV) Darker than Black: Ryuusei no Gemini']",Darker than Black: Kuro no Keiyakusha Gaiden,,,,,,['Super Power'],,
177,"K-On! OVA, Keion OVA, K-On! Episode 14, Keion OVA",けいおん! ライブハウス!,K-ON! Live House!,['Special'],1,Finished Airing,"Jan 19, 2010",,,"['Pony Canyon', 'Movic']","['Bandai Entertainment', 'Sentai Filmworks']",['Kyoto Animation'],['4-koma manga'],,23 min.,PG-13 - Teens 13 or older,7.85,#933,#1519,"166,515",284,101433,"It is almost the end of the year, and Houkago Tea Time has been invited to participate in a live house on New Year's Eve! The iconic band members are Yui Hirasawa, the carefree guitarist who is enthusiastic to play music; Mio Akiyama, the shy bassist who gets embarrassed easily; Tsumugi Kotobuki, the gentle and sweet keyboardist who finds joy in normal activities; Ritsu Tainaka, the extroverted drummer who likes to tease Mio; and Azusa Nakano, the rhythm guitarist who is one year younger than the rest but slightly more mature. Performing in the set gives the girls the rare opportunity to meet various people from different bands, including the one that invited them, Love Crysis. Will Houkago Tea Time be able to delight their audiences successfully? [Written by MAL Rewrite]",[],K-On!: Live House!,,,"['CGDCT', 'Music', 'School']",,,,['Comedy'],
178,"Toaru Kagaku no Railgun MMR, Motto Marutto Railgun Specials, A Certain Scientific Railgun Specials",もっとまるっと超電磁砲,,['Special'],2,Finished Airing,"Jan 29, 2010 to May 28, 2010",,,"None found,","None found,",['J.C.Staff'],['Manga'],,8 min. per ep.,PG-13 - Teens 13 or older,6.85,#5091,#3362,"48,789",31,22253,Toaru Kagaku no Railgun specials that were released on the 1st and 5th Blu-ray and DVD volumes.,[],Toaru Kagaku no Railgun: Motto Marutto Railgun,,,,,,,['Comedy'],
179,Gintama Harumatsuri 2010,アニメ銀魂　大反省会,,['Special'],1,Finished Airing,"Mar 25, 2010",,,"None found,","None found,",['Sunrise'],['Manga'],"['Action', 'Comedy']",14 min.,PG-13 - Teens 13 or older,8.07,#561,#3785,"39,564",52,16875,"Some of the characters get together and talk about ""regrets"" they have after 4 years of anime Gintama. Soon they fight over who gets more screen time. Special animation shown at the Gintama Haru Matsuri 2010 live event.",[],Gintama: Dai Hanseikai,,,"['Parody', 'Samurai']",['Shounen'],,,,
180,"Ladies vs. Butlers!, Redei x Bato",れでぃ×ばと!,,['Special'],6,Finished Airing,"Mar 26, 2010 to Aug 27, 2010",,,"None found,",['Media Blasters'],['Xebec'],['Light novel'],,2 min. per ep.,R+ - Mild Nudity,6.37,#7832,#3950,"35,917",34,17422,"DVD/BD specials featuring two female cast members of Ladies versus Butlers! at a time engaging in Lady Battles, where they try to outdo their opponent in eroticism and stripping.",[],Ladies versus Butlers! Specials,,,,,,,['Ecchi'],
181,"Kuroshitsuji: Sono Shitsuji, Kyousou -Akai Valentine-",黒執事 ピクチャードラマ,,['Special'],1,Finished Airing,"Jan 31, 2010",,,"None found,","None found,",['A-1 Pictures'],['Manga'],,17 min.,PG-13 - Teens 13 or older,7.04,#4210,#4842,"23,083",46,7971,"It is almost Valentine's Day, and grim reaper Grell Sutcliff finally receives the opportunity to become the heroine of her very own harem battle. Whilst making chocolates for the demonic butler Sebastian Michaelis, Grell's preparations are interrupted by a whole host of handsome men smashing through the window. First to appear is fellow reaper William T. Spears, who brings nothing but harsh reprimands. Next, however, the man of the hour appears—Sebastian Michaelis. The room begins to fill up even more, with Grell's unconventional harem expanding to include a pair of Phantomhive servants; the English branch manager of a Chinese trading company, Lau; the promiscuous Viscount Druitt; the Queen's butler, Ash Landers; and even the royal master-servant pair, Prince Soma and Agni. And when The Undertaker appears as ""The Valentine's Fairy,"" this chaotic gathering becomes a lot more romantic. [Written by MAL Rewrite]",[],Kuroshitsuji Picture Drama,,,,,,['Mythology'],['Supernatural'],
182,"Dance in the Vampire Bund Recap, Dance in the Vampire Bund Episode 7.5",ダンス イン ザ ヴァンパイアバンド 特別編 ～Special Edition～,,['TV Special'],1,Finished Airing,"Feb 25, 2010",,,"None found,","None found,",['Shaft'],['Manga'],"['Action', 'Supernatural']",23 min.,R - 17+ (violence & profanity),6.53,#6882,#5517,"16,595",14,6586,A Dance in the Vampire Bund recap episode featuring re-edited footage from the first 7 episodes.,[],Dance in the Vampire Bund: Special Edition,,,,,,['Vampire'],,
183,"Ladies vs. Butlers!, Redei x Bato",れでぃ×ばと!,,['Special'],1,Finished Airing,"Mar 26, 2010",,,"None found,","None found,",['Xebec'],['Light novel'],,3 min.,R+ - Mild Nudity,5.80,#10922,#6019,"13,268",6,5115,Special music clip released on DVD.,[],Ladies versus Butlers! Tokuten Disc Music Clip,,,,,,['Music'],['Ecchi'],
184,"Sengoku Basara OVA, Sengoku Basara Episode 13, Sengoku Basara Special",戦国BASARA 瀬戸内の激突! 火を噴く海の大要塞・富嶽!!,,['Special'],1,Finished Airing,"Jan 6, 2010",,,"None found,",['Funimation'],['Production I.G'],Game,,23 min.,PG-13 - Teens 13 or older,7.13,#3723,#6046,"13,085",11,5975,"Maeda Toshiie and Matsu visit Chousokabe Motochika, who governs Shikoku. They tell Motochika unreasonable demands from Nobunaga. Motochika rejects them and urges Maeda to betray Nobunaga. Meanwhile Keiji tries to convince Mouri Motonari to join the fight against Nobunaga, and is imprisoned as a result. Motochika and Motonari move against each other.",[],Sengoku Basara: Setonai no Gekitotsu! Hi wo Fuku Umi no Daiyousai - Fugaku!!,,,"['Historical', 'Martial Arts', 'Samurai']",,,,['Action'],
185,"Tegami Bachi Specials, Letter Bee Specials",テガミバチ学園,Letter Bee Academy,['Special'],25,Finished Airing,"Jan 27, 2010 to Jul 23, 2010",,,['Pierrot'],"None found,",['Pierrot Plus'],Original,,3 min. per ep.,PG-13 - Teens 13 or older,7.20,#3383,#6580,"10,632",9,2915,Tegamibachi specials.,[],Tegamibachi Gakuen,,Letter Bee,,,,['School'],['Comedy'],
186,,こばと。 はじめてのこばと。,,['Special'],8,Finished Airing,"Jan 29, 2010 to Mar 30, 2012",,,"None found,","None found,",['Madhouse'],['Manga'],"['Comedy', 'Drama', 'Fantasy']",1 min. per ep.,G - All Ages,6.82,#5213,#6626,"10,474",10,3708,"Mini Flash anime from the limited-edition DVDs volumes (episodes 1-6) and Blu-ray Box (episodes 1-8, of which 7 and 8 were new additions to the Blu-ray box).",[],Kobato.: Hajimete no Kobato.,,,,,,,,
187,"Pokémon Ranger: Tracks of Light, Pokémon Ranger: Locus of Light, Pokémon Ranger: Path of Light",ポケモンレンジャー 光の軌跡,Pokémon Ranger: Guardian Signs,['TV Special'],2,Finished Airing,"Feb 28, 2010 to Mar 7, 2010",,,['TV Tokyo'],['The Pokemon Company International'],['OLM'],Game,"['Adventure', 'Comedy', 'Fantasy']",5 min. per ep.,PG - Children,6.35,#7998,#6697,"10,208",2,4134,"Two five minute specials based on homonym games. Natsuya receives a mission from Professor Hastings to protect Pokémon and destroy the Pokémon Nappers, who poach and control wild Pokémon.",[],Pokemon Ranger: Hikari no Kiseki,,,,['Kids'],,,,
188,Canaan Special,カナン 御法川レポート 201X 上海,Canaan: Minorikawa Report Year 201X Shanghai,['Special'],1,Finished Airing,"Feb 26, 2010",,,"None found,","None found,",['P.A. Works'],Visual novel,"['Action', 'Mystery', 'Sci-Fi']",12 min.,R - 17+ (violence & profanity),6.48,#7169,#7210,"8,576",2,2297,Special included in BD vol. 5.,[],Canaan: Minorikawa Report 201X Shanghai,,,,,,['Adult Cast'],,
189,Rupan Sansei - The Last Job,ルパン三世 The Last Job,Lupin III: The Last Job,['TV Special'],1,Finished Airing,"Feb 12, 2010",,,"None found,",['Discotek Media'],['TMS Entertainment'],['Manga'],"['Action', 'Adventure', 'Comedy']",1 hr. 32 min.,PG-13 - Teens 13 or older,6.87,#4986,#7245,"8,476",2,3241,"Lupin III aims to steal a Japanese cultural treasure ""Jigoku Nyorai Zo,"" which is found in the recreation facilities of Nazi Germany. However, this valuable object is also targeted by Morgana, a mysterious figure who leads a ninja thief gang.",[],Lupin III: The Last Job,,,,['Seinen'],,['Adult Cast'],,
190,Tales of Symphonia The Animation: Tethe'alla Chapter - Mata Aeta ne: Shougeki no Judgement!,テイルズオブシンフォニア テセアラ編 また会えたね～笑撃のジャッジメント！～,,['Special'],4,Finished Airing,"Mar 25, 2010 to Feb 25, 2011",,,"None found,","None found,",['ufotable'],Game,,7 min. per ep.,G - All Ages,7.05,#4161,#7275,"8,376",7,3244,"Specials that came with the DVDs of Tethe'alla Hen. The characters gather and talk about different things. How they are going to save the day, become the main love interest of the ladies, have increased screen-time, etc...",[],Tales of Symphonia The Animation: Tethe'alla-hen Specials,Tales of Symphonia: Thete'alla,Tales of Symphonia: Thete'alla,,,,,['Comedy'],
191,"True Tears Special: The Story of Raigomaru and Jibeta, True Tears: Picture Book",雷轟丸とじべたの物語,,['Special'],1,Finished Airing,"Mar 26, 2010",,,"['Bandai Visual', 'Lantis']","None found,",['P.A. Works'],Original,"['Drama', 'Romance']",8 min.,PG-13 - Teens 13 or older,6.16,#9049,#7389,"8,015",2,3485,Full version of the story featured in the TV series. Released as a special.,[],True Tears: Raigomaru to Jibeta no Monogatari,,,,,,,,
192,"Mai-HiME Bluray Special, Mai-HiME: The Black Dance/The Last Supper",舞-HiME: 黒の舞／最後の晩餐,,['Special'],1,Finished Airing,"Jan 27, 2010",,,"None found,","None found,",['Sunrise'],Original,,4 min.,PG-13 - Teens 13 or older,6.62,#6405,#8098,"6,384",3,2617,"Mai invites Reito to go with her to the beach and also says that she prefers him over Tate. But little does he know, that this is actually part of a plan for revenge.",[],Mai-HiME: Kuro no Mai/Saigo no Bansan,,,,,,,['Comedy'],
193,,書家,,['TV Special'],1,Finished Airing,"Mar 27, 2010",,,"None found,","None found,",['Production I.G'],Original,"['Action', 'Fantasy']",24 min.,PG-13 - Teens 13 or older,5.94,#10237,#8542,"5,662",0,2438,"The story is set during the turbulent years of the shogunate, as dark forces try to undermine the shogun's power in Edo-era Tokyo. Shirou Sumiya is the leader of the ""Way of the Paper Drawing"" clan which captures the chaos of the struggles with rapid brush strokes. Sumiya is summoned to Edo, and his disciples, who have extraordinary powers in their secret drawing techniques, become part of the ensuring battles with giant drawn creatures. (Source: ANN)",[],Shoka,,,,,,['Historical'],,
194,"Umimonogatari Anata ga Itekuretakoto OVA, Umi Monogatari: Anata ga Ite Kureta Koto OVA, Believing Hearts, Umi Monogatari Episode 13",うみものがたり　～あなたがいてくれたコト～ 「信じあう心」,Umi Monogatari: Faithful Hearts,['Special'],1,Finished Airing,"Mar 26, 2010",,,"None found,","None found,",['Zexcs'],Game,"['Comedy', 'Fantasy', 'Supernatural']",23 min.,PG-13 - Teens 13 or older,6.48,#7229,#8983,"4,931",1,1713,"An extra episode of Umi Monogatari: Anata ga Itekureta Koto. One year after the events of the main series, the girls have moved on. Kanon has decided on her future occupation and wants to go into oceanography. Meanwhile in the sea, Marin and her group find a lost sea cow separated from its mother. Can the girls help reunite the baby sea cow with her mother?","['Prequel (TV) Umi Monogatari: Anata ga Ite Kureta Koto', '']",Umi Monogatari: Anata ga Ite Kureta Koto - Shinjiau Kokoro,,,,,,,,
195,"My Bride Is a Mermaid Picture Drama, Picture Drama Gokudou no Onna Kejime",否苦炒亜怒羅魔 極道の妻 KEJIME,,['Special'],1,Finished Airing,"Mar 3, 2010",,,"None found,","None found,",['AIC'],['Manga'],"['Comedy', 'Romance']",15 min.,PG-13 - Teens 13 or older,6.29,#8307,#9756,"3,846",1,1010,An exclusive picture drama released with the Blu-Ray Box Set of Seto no Hanayome. The first part starts out with gags and the characters drawn in a simplistic chibi style. It's followed by a quick recap and then goes into the main picture drama story.,[],Seto no Hanayome Picture Drama,,,"['Parody', 'School']",,,,,
196,"In a Distant Time 3: Neverending Destiny, Haruka Naru Toki no Naka de 3: Owarinaki Unmei",遙かなる時空の中で3 終わりなき運命,,['TV Special'],1,Finished Airing,"Jan 4, 2010",,,"None found,","None found,",['Yumeta Company'],Visual novel,"['Action', 'Fantasy']",56 min.,PG-13 - Teens 13 or older,6.54,#6821,#10085,"3,452",3,1110,"The war between the Heike clan and the Genji clan continues. This time, Nozomi has to fight a powerful supernatural enemy and make a choice: protect her friends and stay by Kurou's side, or choose her first love, Masaomi, which is the leader of the Heike, and her enemy.","['Prequel (TV Special) Harukanaru Toki no Naka de 3: Kurenai no Tsuki', '']",Harukanaru Toki no Naka de 3: Owarinaki Unmei,,,"['Historical', 'Isekai', 'Military', 'Mythology', 'Time Travel']",,,,,
197,Ikusa Otome Suvia Bonus Video,戦乙女スヴィア 特典映像,,['Special'],1,Finished Airing,"Feb 26, 2010",,,['Pixy'],"None found,",['Anime Antenna Iinkai'],Visual novel,"['Fantasy', 'Hentai']",3 min.,Rx - Hentai,5.73,N/A,#10101,"3,432",1,1166,A special included in the DVD Box set of Ikusa Otome Suvia.,[],Ikusa Otome Suvia Special,,,,,,,,
198,Mai-Otome Picture Drama,舞-乙HiME,,['Special'],1,Finished Airing,"Mar 26, 2010",,,"None found,","None found,",['Sunrise'],Original,,5 min.,PG-13 - Teens 13 or older,6.30,#8272,#10166,"3,367",3,1230,Picture Drama included in the Blu-Ray release. Arika and Eristin have just transferred to a new school. On their way home they found a wounded lost cat and they decided to look for its owner.,[],Mai-Otome Special: Otome no Inori,,,,,,['School'],['Slice of Life'],
199,"Kemono no Soja Erin Soushuuhen, The Beast Player Erin - Compilation",獣の奏者 エリン 総集編,,['TV Special'],10,Finished Airing,"Jan 9, 2010 to Mar 13, 2010",,,"None found,","None found,","['Production I.G', 'Trans Arts']",Novel,"['Adventure', 'Drama', 'Fantasy', 'Slice of Life']",25 min. per ep.,PG-13 - Teens 13 or older,6.77,#5494,#10841,"2,749",5,569,Summarized version of the 50-episode TV series. Includes all the highlights.,[],Kemono no Souja Erin Recap,,,,,,['Historical'],,
200,"Tentai Senshi Sunred: Kawasaki Frontale 2, Kawasaki Frontale x Astro Fighter Sunred 2",KAWASAKI Frontale×天体戦士サンレッド,,['Special'],1,Finished Airing,"Mar 5, 2010",,,"None found,","None found,",['AIC ASTA'],['Manga'],"['Comedy', 'Sports']",2 min.,PG-13 - Teens 13 or older,5.81,#10899,#15444,713,0,165,The second collaboration between Kawasaki Frontale and Tentai Senshi Sunred.,"['Prequel (Special) Kawasaki Frontale x Tentai Senshi Sunred', '']",Kawasaki Frontale x Tentai Senshi Sunred 2nd Season,,,"['Parody', 'Super Power']",['Seinen'],,,,
201,Mori no Reshio,森のレシオ,Ratio of Forest,['TV Special'],Unknown,Currently Airing,"Mar 26, 2010 to ?",,,['NHK'],"None found,","None found,",Unknown,"['Adventure', 'Fantasy']",5 min.,G - All Ages,[],#20427,#15789,657,5,,Stop-motion anime about a girl named Ratio who lives in a forest with her icy monsters and creatures. Every day she goes out explores new things.,[],Mori no Ratio,,,,['Kids'],,,,
202,"Byururu to Mahou no Straw Theater, Byururu to Fushigi no Mori",ストローびゅるる,,['TV Special'],7,Finished Airing,"Mar 22, 2010 to Jan 23, 2017",,,['NHK'],"None found,","None found,",Unknown,"['Adventure', 'Fantasy']",5 min. per ep.,G - All Ages,5.80,#10938,#18066,415,0,112,Byururu came from the straw world. At night the kitchen turns into a magical forest inhabited by witches. Here Byururu sets out on an adventure.,[],Straw Byururu,,,,['Kids'],,,,
203,"Sugar Bunnies Fleur ep 27, Sugar Bunnies Fleur Recap, Sugar Bunnies Fleur Tokubetsu-hen",シュガーバニーズ フルール,,['Special'],2,Finished Airing,"Jan 19, 2010",,,['Sanrio'],"None found,",['Asahi Production'],Original,,8 min. per ep.,G - All Ages,[],#14612,#18413,390,0,,The 7th DVD of Sugar Bunnies Fleur! contained the unaired episode 27 finale and an unaired recap episode.,"['Prequel (TV) Sugar Bunnies Chocolate!', 'Prequel (TV) Sugar Bunnies Fleur']",Sugar Bunnies Fleur Specials,,,,['Kids'],,,,
204,,個人戦士オレダム,,['Special'],1,Finished Airing,"Mar 3, 2010",,,"None found,","None found,","None found,",['Manga'],"['Action', 'Sci-Fi']",2 min.,PG-13 - Teens 13 or older,[],#19514,#18682,369,1,,An exclusive music video special released with the Blu-Ray Box Set of Seto no Hanayome.,[],Kojin Senshi Oredam,,,"['Music', 'Space']",,,,,
205,Hoshi Shinichi's Short Shorts Special,星新一ショートショート,,['Special'],1,Finished Airing,"Jan 2, 2010",,,['Directions'],"None found,","None found,",Book,"['Comedy', 'Sci-Fi']",20 min.,PG-13 - Teens 13 or older,[],#18683,#19188,333,0,,"A special that features six stories - four animated, and two live-action. The four animated stories and their animators are ""Muryou no Denwaki"" (""Free Phone"") by Pantagraph, ""Atarashii Asobi"" by Tayuta Mikage, ""Kōtta Jikan"" by Tetsuro Kodama, and ""Gogo no Kyouryuu"" by Takashi Katou. The two live-action stories are ""My Kokka"" (""My Nation"") and ""Kofuu na Ai.""",[],Hoshi Shinichi Short Short Special,,,,,,,,
