,Synonyms,Japanese,English,Type,Episodes,Status,Aired,Premiered,Broadcast,Producers,Licensors,Studios,Source,Genres,Themes,Demographic,Duration,Rating,Score,Ranked,Popularity,Members,Favorites,Scorers,Synopsis,Related_Entries,Title,Theme,German,Spanish,French,Genre,Demographics
0,"One Punch-Man, One-Punch Man, OPM",ワンパンマン,One Punch Man,['TV'],12,Finished Airing,"Oct 5, 2015 to Dec 21, 2015",['Fall 2015'],Mondays at 01:05 (JST),"['TV Tokyo', 'Bandai Visual', 'Lantis', 'Asatsu DK', 'Banpresto', 'Good Smile Company', 'Shueisha', 'JR East Marketing & Communications']",['VIZ Media'],['Madhouse'],['Web manga'],"['Action', 'Comedy']","['Adult Cast', 'Parody', 'Super Power']",['Seinen'],24 min. per ep.,R - 17+ (violence & profanity),8.49,#149,#4,"3,351,218","65,551",2315942,"The seemingly unimpressive Saitama has a rather unique hobby: being a hero. In order to pursue his childhood dream, Saitama relentlessly trained for three years, losing all of his hair in the process. Now, Saitama is so powerful, he can defeat any enemy with just one punch. However, having no one capable of matching his strength has led Saitama to an unexpected problem—he is no longer able to enjoy the thrill of battling and has become quite bored. One day, Saitama catches the attention of 19-year-old cyborg Genos, who witnesses his power and wishes to become Saitama's disciple. Genos proposes that the two join the Hero Association in order to become certified heroes that will be recognized for their positive contributions to society. Saitama, who is shocked that no one knows who he is, quickly agrees. Meeting new allies and taking on new foes, Saitama embarks on a new journey as a member of the Hero Association to experience the excitement of battle he once felt. [Written by MAL Rewrite]","['Sequel (TV) One Punch Man 2nd Season', 'Adaptation (Manga) One Punch-Man']",One Punch Man,,,,,,
1,,ノラガミ ARAGOTO,Noragami Aragoto,['TV'],13,Finished Airing,"Oct 3, 2015 to Dec 26, 2015",['Fall 2015'],Saturdays at 01:05 (JST),"['Dentsu', 'Shochiku', 'Kodansha', 'Ai Addiction', 'Avex Pictures', 'A-Sketch']",['Funimation'],['Bones'],['Manga'],"['Action', 'Supernatural']",,['Shounen'],24 min. per ep.,PG-13 - Teens 13 or older,8.14,#470,#84,"1,498,660","11,585",919839,"Yato and Yukine have finally mended their relationship as god and Regalia. As a minor and unknown deity, Yato continues to take odd jobs for five yen apiece in hopes of one day having millions of worshippers and his own grand shrine. He has yet to fix Hiyori Iki's loose soul, but she cheerily prepares for high school nonetheless. While things are seemingly back to normal, the complicated history between Yato and Bishamon—goddess of war and warriors—resurfaces. Bishamon holds a mysterious old grudge against Yato, which results in violent clashes between them. To further complicate matters, Bishamon's most trusted Regalia, Kazuma, is indebted to Yato. When lives are on the line, unraveling these secrets is possibly the only way to correct mistakes of the past. [Written by MAL Rewrite]","['Prequel (TV) Noragami', 'Adaptation (Manga) Noragami']",Noragami Aragoto,['Mythology'],,,,,
2,Haikyuu!! Second Season,ハイキュー!! セカンドシーズン,Haikyu!! 2nd Season,['TV'],25,Finished Airing,"Oct 4, 2015 to Mar 27, 2016",['Fall 2015'],Sundays at 02:58 (JST),"['Dentsu', 'Mainichi Broadcasting System', 'Movic', 'Sony Music Entertainment', 'TOHO animation', 'Shueisha']",['Sentai Filmworks'],['Production I.G'],['Manga'],,"['School', 'Team Sports']",['Shounen'],24 min. per ep.,PG-13 - Teens 13 or older,8.62,#91,#88,"1,491,757","15,897",982066,"Following their participation at the Inter-High, the Karasuno High School volleyball team attempts to refocus their efforts, aiming to conquer the Spring tournament instead. When they receive an invitation from long-standing rival Nekoma High, Karasuno agrees to take part in a large training camp alongside many notable volleyball teams in Tokyo and even some national level players. By playing with some of the toughest teams in Japan, they hope not only to sharpen their skills, but also come up with new attacks that would strengthen them. Moreover, Hinata and Kageyama attempt to devise a more powerful weapon, one that could possibly break the sturdiest of blocks. Facing what may be their last chance at victory before the senior players graduate, the members of Karasuno's volleyball team must learn to settle their differences and train harder than ever if they hope to overcome formidable opponents old and new—including their archrival Aoba Jousai and its world-class setter Tooru Oikawa. [Written by MAL Rewrite]","['Prequel (TV) Haikyuu!!', 'Sequel (TV) Haikyuu!! Karasuno Koukou vs. Shiratorizawa Gakuen Koukou', 'Adaptation (Manga) Haikyuu!!', '']",Haikyuu!! Second Season,,Haikyu!! Staffel 2,Haikyu!! Los Ases del Vóley Temporada 2,Haikyu!! Saison 2,['Sports'],
3,"A Chivalry of the Failed Knight, Rakudai Kishi no Eiyuutan, A Tale of Worst One",落第騎士の英雄譚《キャバルリィ》,Chivalry of a Failed Knight,['TV'],12,Finished Airing,"Oct 3, 2015 to Dec 19, 2015",['Fall 2015'],Saturdays at 23:00 (JST),"['Frontier Works', 'Media Factory', 'AT-X', 'flying DOG', 'Hakuhodo DY Music & Pictures', 'Animatic', 'SB Creative']",['Sentai Filmworks'],"['SILVER LINK.', 'Nexus']",['Light novel'],"['Action', 'Fantasy', 'Romance', 'Ecchi']","['School', 'Urban Fantasy']",,23 min. per ep.,R - 17+ (violence & profanity),7.42,#2265,#173,"990,973","8,879",576113,"There exist few humans in this world with the ability to manipulate their souls to form powerful weapons. Dubbed ""Blazers,"" these people study and train at the prestigious Hagun Academy to become Mage-Knights; among the students is so-called failure Ikki Kurogane, the sole F-rated Blazer. However, when the worst student in the academy sees Stella Vermillion, an A-ranked Blazer who also happens to be a princess, naked, she challenges him to a duel with dire stakes—the loser becomes the slave of the winner. There's no possible way that Stella can lose, right? As he tries to prove his strength to a world that believes him to be the weakest, Ikki gains new friends, wisdom, and experience. [Written by MAL Rewrite]","['Adaptation (Manga) Rakudai Kishi no Cavalry', 'Adaptation (Light Novel) Rakudai Kishi no Cavalry']",Rakudai Kishi no Cavalry,,A Chivalry of a Failed Knight,Chivalry of a Failed Knight,Chivalry of a Failed Knight,,
4,"Owari no Seraph 2nd Season, Seraph of the End 2nd Season",終わりのセラフ　名古屋決戦編,Seraph of the End: Battle in Nagoya,['TV'],12,Finished Airing,"Oct 10, 2015 to Dec 26, 2015",['Fall 2015'],Saturdays at 22:00 (JST),"['NBCUniversal Entertainment Japan', 'Shueisha']",['Funimation'],['Wit Studio'],['Manga'],"['Action', 'Drama', 'Fantasy']","['Military', 'Vampire']",['Shounen'],23 min. per ep.,R - 17+ (violence & profanity),7.61,#1564,#250,"821,049","2,976",487077,"Yuuichirou Hyakuya is finally reunited with his childhood friend Mikaela Hyakuya, whom he had long presumed to be dead. Upon their reunion, however, he discovers that Mikaela has been turned into a vampire. Determined to help his friend, Yuuichirou vows to get stronger so that he can protect Mikaela as well as the comrades in the Moon Demon Company. Kureto Hiiragi receives information that a large group of vampires will be gathering in Nagoya, preparing for their assault on the Imperial Demon Army's main forces in Tokyo. Led by Guren Ichinose, Yuuichirou's team is one of many selected to intercept and eliminate the vampire nobles. With the Nagoya mission quickly approaching, the members of Shinoa squad continue to work towards fully mastering their weapons, while learning how to improve their teamwork. Yuuichirou must gain the power he needs to slay the nobles and save his best friend, before he succumbs to the demon of the Cursed Gear. [Written by MAL Rewrite]","['Prequel (TV) Owari no Seraph', 'Adaptation (Manga) Owari no Seraph']",Owari no Seraph: Nagoya Kessen-hen,,Seraph of the End: Battle in Nagoya,Seraph of the End: El Reino de los Vampiros Temporada 2,Seraph of the End: Vampire Reign Partie 2,,
5,Academy Battle City Asterisk,学戦都市アスタリスク,The Asterisk War,['TV'],12,Finished Airing,"Oct 3, 2015 to Dec 19, 2015",['Fall 2015'],Saturdays at 20:30 (JST),"['Aniplex', 'Animax', 'Movic', 'DAX Production', 'flying DOG', 'Bandai Namco Entertainment', 'Asahi Broadcasting', 'Kadokawa']",['Aniplex of America'],['A-1 Pictures'],['Light novel'],"['Action', 'Comedy', 'Fantasy', 'Romance', 'Ecchi']","['Harem', 'School', 'Urban Fantasy']",,23 min. per ep.,PG-13 - Teens 13 or older,6.80,#5334,#321,"683,819","2,267",386097,"In the previous century, an unprecedented disaster known as the Invertia drastically reformed the world. The powers of existing nations declined significantly, paving the way for a conglomerate called the Integrated Empire Foundation to assume control. But more importantly, the Invertia led to the emergence of a new species of humans who are born with phenomenal physical capabilities—the Genestella. Its elite are hand-picked across the globe to attend the top six schools, and they duel amongst themselves in entertainment battles called Festas. Ayato Amagiri is a scholarship transfer student at the prestigious Seidoukan Academy, which has recently been suffering from declining performances. Through a series of events, he accidentally sees the popular Witch of Resplendent Flames, Julis-Alexia von Riessfeld, half-dressed! Enraged, Julis challenges him to a duel for intruding on her privacy. After said duel is voided by the student council president, Ayato reveals that he has no interest in Festas. Instead, he has enrolled in the academy to investigate the whereabouts of his missing elder sister. But when a more devious plot unravels, Ayato sets out to achieve victory, while being surrounded by some of the most talented Genestella on the planet. [Written by MAL Rewrite]","['Sequel (TV) Gakusen Toshi Asterisk 2nd Season', 'Adaptation (Manga) Gakusen Toshi Asterisk', 'Adaptation (Light Novel) Gakusen Toshi Asterisk', '']",Gakusen Toshi Asterisk,,The Asterisk War,The Asterisk War: Gakusen Toshi Asterisk,The Asterisk War,,
6,End Story,終物語,Owarimonogatari,['TV'],12,Finished Airing,"Oct 4, 2015 to Dec 20, 2015",['Fall 2015'],Sundays at 00:00 (JST),['Aniplex'],['Aniplex of America'],['Shaft'],['Light novel'],"['Comedy', 'Mystery', 'Supernatural']",,,26 min. per ep.,R - 17+ (violence & profanity),8.45,#166,#484,"493,308","2,958",243200,"A peculiar transfer student named Ougi Oshino has just arrived at Naoetsu Private High School. She is quickly introduced to senior student Koyomi Araragi by their mutual friend Kanbaru Suruga, in hopes of obtaining advice regarding a strange discovery she has made. After taking a look at the school's layout, Ougi notices that a classroom has appeared in an otherwise empty area—a place that should not exist. Unsure if this is the work of an apparition, Araragi and Ougi attempt to unravel the truth behind this enigma. But Araragi soon discovers, after finding himself locked in with Ougi, that the room holds the memory of an event he had long since forgotten. [Written by MAL Rewrite]","['Prequel (TV Special) Tsukimonogatari', 'Sequel (ONA) Koyomimonogatari', 'Adaptation (Light Novel) Monogatari Series: Final Season', '']",Owarimonogatari,['Vampire'],,,,,
7,,新妹魔王の契約者 BURST,The Testament of Sister New Devil: Burst,['TV'],10,Finished Airing,"Oct 10, 2015 to Dec 12, 2015",['Fall 2015'],Saturdays at 01:40 (JST),"['Kadokawa Shoten', 'Nippon Columbia']","['Funimation', 'Crunchyroll']",['Production IMS'],['Light novel'],"['Action', 'Supernatural', 'Ecchi']",,,23 min. per ep.,R+ - Mild Nudity,6.79,#5386,#591,"416,376",610,227738,"Basara Toujou has a hard life. He is the older step-brother to two demonic sisters, Mio and Maria Naruse, whom he protects from entitled demons looking to claim Mio's power for themselves. On top of that, rising political tension within the demon realm only makes his job more difficult. When a messenger arrives with summons for Mio to the demon realm, she and her friends go in spite of the danger. Now on the enemy's turf, Basara will have to grow stronger through erotic pleasure in order to do the impossible and protect everyone. [Written by MAL Rewrite]","['Prequel (TV) Shinmai Maou no Testament', 'Adaptation (Manga) Shinmai Maou no Testament', 'Adaptation (Manga) Shinmai Maou no Testament: Arashi!', 'Adaptation (Light Novel) Shinmai Maou no Testament']",Shinmai Maou no Testament Burst,['Harem'],The Testament of Sister New Devil: Burst,The Testament of Sister New Devil: Burst (Shinmai Maou no Testament Burst),The Testament of Sister New Devil: Burst,,
8,"K-Project Sequel, K 2nd Season",K RETURN OF KINGS,K: Return of Kings,['TV'],13,Finished Airing,"Oct 3, 2015 to Dec 26, 2015",['Fall 2015'],Saturdays at 01:55 (JST),"['Starchild Records', 'Mainichi Broadcasting System', 'Studio Tulip', 'Glovision']",['VIZ Media'],['GoHands'],Original,,,,24 min. per ep.,PG-13 - Teens 13 or older,7.55,#1770,#750,"340,884","1,249",160952,"Tensions are running high among the clans as the Green King begins making moves that threaten to drive the world into pandemonium. Following the death of the Gold King, the safety of the Dresden Slate, the source of power of the Kings, is under threat. Nagare Hisui, the sly and mysterious leader of the Green Clan Jungle, is determined to procure the powerful Slate by any means possible. Standing directly in his way is Sceptre 4, the Blue Clan, headed by their unyielding King, Reishi Munakata. However, the grim sight of his crumbling Sword of Damocles leaves the stability of his clan and all of Japan in jeopardy. Meanwhile, still recovering from their tragic losses, Anna Kushina and her aggressive clan HOMRA find themselves caught up in the Green King's games. Amidst the chaos, Kurou Yatogami and Neko are left vulnerable while their beloved friend, Yashiro Isana, the Silver King, remains missing. As the remaining clans struggle against the Green King's formidable forces, one final king appears. [Written by MAL Rewrite]","['Prequel (Movie) K: Missing Kings', 'Adaptation (Manga) K: Return of Kings']",K: Return of Kings,['Super Power'],,,,['Action'],
9,Taimadou Gakuen Sanjuugo Shiken Shoutai,対魔導学園35試験小隊,Anti-Magic Academy: The 35th Test Platoon,['TV'],12,Finished Airing,"Oct 8, 2015 to Dec 24, 2015",['Fall 2015'],Thursdays at 01:05 (JST),"['KlockWorx', 'MAGES.', 'Glovision', 'Kadokawa Media House', 'Kadokawa', 'Heiwa']",['Discotek Media'],['SILVER LINK.'],['Light novel'],"['Action', 'Fantasy', 'Romance', 'Ecchi']","['Harem', 'Military', 'Urban Fantasy']",,23 min. per ep.,R - 17+ (violence & profanity),6.80,#5317,#803,"320,972",488,151010,"In a world plagued by magical dangers and threats, there exist special warriors—known as Inquisitors—who are tasked with non-violently preventing these threats and nefarious actions. The Anti-Magic Academy is a specialized school built to educate and train these Inquisitors, which splits its students into small squads in order to train them to work together. Among these talented squads is the 35th Test Platoon, also known as the ""Small Fry Platoon"" due to its low ranking and incompetent members. However, everything changes when Ouka Ootori, a powerful yet rebellious former Inquisitor, is forced into joining due to her tendency to break rules and committing a serious violation: the killing of a witch. Tempers flare upon her arrival, as she clashes with their clumsy captain Takeru Kusanagi and argues with the rest of the squad over her views on witches. This eclectic group has a long way to go if they wish to succeed and climb the ranks at the Anti-Magic Academy: they must first set aside their differences and come to work together as a team. [Written by MAL Rewrite]","['Adaptation (Manga) Taimadou Gakuen 35 Shiken Shoutai', 'Adaptation (Manga) Taimadou Gakuen 35 Shiken Shoutai', 'Adaptation (Light Novel) Taimadou Gakuen 35 Shiken Shoutai', '']",Taimadou Gakuen 35 Shiken Shoutai,,Anti-Magic Academy Test-Trupp 35,,Anti-Magic Academy: The 35th Test Platoon,,
10,"Story in Which I Was Kidnapped by a Young Lady's School to be a ""Sample of the Common People"", Ore ga Ojou-sama Gakkou ni ""Shomin Sample"" Toshite Rachirareta Ken",俺がお嬢様学校に「庶民サンプル」としてゲッツされた件,Shomin Sample,['TV'],12,Finished Airing,"Oct 7, 2015 to Dec 23, 2015",['Fall 2015'],Wednesdays at 23:30 (JST),"['Sotsu', 'AT-X', 'Memory-Tech', 'Showgate', 'Happinet Pictures', 'BS Fuji', 'MAGES.', 'Contents Seed', 'Ichijinsha']",['Funimation'],['SILVER LINK.'],['Light novel'],"['Comedy', 'Romance', 'Ecchi']","['Harem', 'School']",,23 min. per ep.,PG-13 - Teens 13 or older,6.66,#6141,#897,"290,044",465,137527,"Kimito Kagurazaka is a commoner with a fetish for men's muscles—or at least that's the lie he must keep telling if he wants to keep himself out of trouble at the elite all-girls school, Seikain Academy. Kidnapped by the school under the assumption that he prefers men, Kimito is made to be their ""commoner sample,"" exposing the girls to both commoner and man so that the transition to the world after school is not jarring. Threatened with castration should his sexual preferences not match the school's assumptions, Kimito keeps up the facade to protect his manhood. But there are eccentric individuals around every corner who begin to make Kimito's life even more difficult. Among them are Aika Tenkuubashi, a social outcast who blurts out whatever comes to mind; Hakua Shiodome, a young genius; Karen Jinryou, the daughter of samurai who is obsessed with defeating Kimito; and Reiko Arisugawa, the perfect student who has delusions of marrying Kimito. Along with the commoner himself, these four girls make up the Commoner Club, which attempts to teach the girls more about life outside the school, while Kimito gradually learns about the odd girls surrounding him. [Written by MAL Rewrite]","['Adaptation (Manga) Ore ga Ojousama Gakkou ni ""Shomin Sample"" Toshite Rachirareta Ken', 'Adaptation (Light Novel) Ore ga Ojousama Gakkou ni ""Shomin Sample"" Toshite Rachirareta Ken']","Ore ga Ojousama Gakkou ni ""Shomin Sample"" Toshite Gets♥Sareta Ken",,Shomin Sample: Get's Shomin Sample,,,,
11,Attack! Titan Junior High,進撃！巨人中学校,Attack on Titan: Junior High,['TV'],12,Finished Airing,"Oct 4, 2015 to Dec 20, 2015",['Fall 2015'],Sundays at 01:58 (JST),"['Dentsu', 'Mainichi Broadcasting System', 'Pony Canyon', 'Kodansha', 'Pony Canyon Enterprises']",['Funimation'],['Production I.G'],['Manga'],,"['Parody', 'School']",['Shounen'],17 min. per ep.,PG-13 - Teens 13 or older,7.21,#3306,#937,"275,039",835,152144,"On his first day of junior high, Eren Yeager comes face-to-face with a titan—and has his lunch stolen! From that day on, he holds a grudge against titans for taking his favorite food from him, a cheeseburger, vowing to eliminate their kind once and for all. Along with his adoptive sister Mikasa Ackerman and their friend Armin Arlert, the trio traverse the halls of Titan Junior High, encountering familiar faces and participating in various extracurricular activities as part of the Wall Cleanup Club. A parody of the immensely popular parent series, Shingeki! Kyojin Chuugakkou places beloved characters as junior high school students, fighting to protect their lunches from gluttonous titans. [Written by MAL Rewrite]","['Adaptation (Manga) Shingeki! Kyojin Chuugakkou', '']",Shingeki! Kyojin Chuugakkou,,Attack on Titan: Junior High,Ataque a los Titanes: Junior High,Attack on Titan: Junior High,['Comedy'],
12,G-Tekketsu,機動戦士ガンダム 鉄血のオルフェンズ,Mobile Suit Gundam: Iron-Blooded Orphans,['TV'],25,Finished Airing,"Oct 4, 2015 to Mar 27, 2016",['Fall 2015'],Sundays at 17:00 (JST),"['Sotsu', 'Asatsu DK', 'Mainichi Broadcasting System']",['Funimation'],['Sunrise'],Original,"['Action', 'Drama', 'Sci-Fi']","['Mecha', 'Space']",,24 min. per ep.,R - 17+ (violence & profanity),8.06,#585,#1016,"256,728","3,468",129036,"Over three hundred years have passed since the Calamity War, the great conflict between Earth and its outer space colonies. Now Earth is ruled over by four economic blocs, and the military organization Gjallarhorn is responsible for keeping the peace. Mars, on the other hand, depends heavily on Earth's economy. Horrified by the appalling living conditions that Mars' inhabitants have to bear, Kudelia Aina Bernstein, a young aristocrat from the Chryse Autonomous Region, gets involved in the Red Planet's independence movement. She hires the services of a local company, Chryse Guard Security (CGS), to escort her on the journey to Earth to negotiate economic conditions with the earthly bloc that controls the region. The Third Army Division—consisting of Mikazuki Augus, Orga Itsuka, and many other child soldiers—are chosen to protect her. When Gjallarhorn attacks the CGS facilities to assassinate the young revolutionary threatening their interests, Orga and his comrades must not let the attackers accomplish their goal—in fact, Gjallarhorn's actions might turn out to be the unintentional catalyst that leads the children to be the forgers of their own destiny. [Written by MAL Rewrite]","['Sequel (TV) Kidou Senshi Gundam: Tekketsu no Orphans 2nd Season', 'Sequel (ONA) Kidou Senshi Gundam: Tekketsu no Orphans - Urdr Hunt', 'Adaptation (Manga) Kidou Senshi Gundam: Tekketsu no Orphans', '']",Kidou Senshi Gundam: Tekketsu no Orphans,,,Mobile Suit Gundam Iron Blooded Orphans,,,
13,A Corpse is Buried Under Sakurako's Feet.,櫻子さんの足下には死体が埋まっている,Beautiful Bones -Sakurako's Investigation-,['TV'],12,Finished Airing,"Oct 8, 2015 to Dec 24, 2015",['Fall 2015'],Thursdays at 00:30 (JST),"['Lantis', 'DAX Production', 'Kadokawa']",['Sentai Filmworks'],['TROYCA'],Novel,"['Drama', 'Mystery', 'Suspense']",,,23 min. per ep.,R - 17+ (violence & profanity),7.42,#2268,#1164,"224,246","1,004",93367,"When Shoutarou Tatewaki first meets Sakurako Kujou, he knows his life will never be the same. Initially believing her to be responsible for a disappearance in the neighborhood, he later learns of her true talent: analyzing bone specimens. Sakurako has quite the collection of reconstructed animal bones, but she wishes she had more of the human variety, much to the chagrin of those around her. Soon, Shoutarou begins accompanying the eccentric osteologist on the many different unsolved cases she comes across—usually in the form of decomposing bodies. But with so many incidents happening around them, could there be a larger mystery at work in their lives? Sakurako-san no Ashimoto ni wa Shitai ga Umatteiru is a story of two unlikely partners, each showing in their own way that bones can tell how one died, but only people can tell how they lived. [Written by MAL Rewrite]","['Adaptation (Manga) Sakurako-san no Ashimoto ni wa Shitai ga Umatteiru', 'Adaptation (Manga) Sakurako-san no Ashimoto ni wa Shitai ga Umatteiru: Chou wa Juuichigatsu ni Kieta', 'Adaptation (Novel) Sakurako-san no Ashimoto ni wa Shitai ga Umatteiru', '']",Sakurako-san no Ashimoto ni wa Shitai ga Umatteiru,,Beautiful Bones: Sakurako's Investigation,Beautiful Bones -Sakurako's Investigation-: Sakurako-san no Ashimoto ni wa Shitai ga Umatteiru,Beautiful Bones -Sakurako's Investigation-,,
14,Everything Becomes F: The Perfect Insider,すべてがFになる THE PERFECT INSIDER,The Perfect Insider,['TV'],11,Finished Airing,"Oct 9, 2015 to Dec 18, 2015",['Fall 2015'],Fridays at 00:55 (JST),"['Aniplex', 'Dentsu', 'Fuji TV', 'Kyoraku Industrial Holdings', 'Kansai Telecasting']",['Sentai Filmworks'],['A-1 Pictures'],Novel,"['Mystery', 'Sci-Fi', 'Suspense']","['Adult Cast', 'Detective', 'Psychological']",,23 min. per ep.,R - 17+ (violence & profanity),7.23,#3221,#1423,"176,808",730,70685,"In a research facility hidden away on a remote island, genius programmer Shiki Magata has lived as a recluse for years. She rarely sees guests, but associate professor Souhei Saikawa and university student Moe Nishinosono still seek her out. However, their meeting is cut short when they are caught up in a locked-room murder mystery. Everything is not as it seems, and many secrets are hidden. Within an isolated facility, a seemingly impossible and gruesome crime takes place, and Saikawa and Moe must unravel the truth behind the murder and Magata's shrouded past. [Written by MAL Rewrite]","['Adaptation (Manga) Subete ga F ni Naru', 'Adaptation (Manga) Subete ga F ni Naru']",Subete ga F ni Naru,,The Perfect Insider: Subete ga F ni naru,The Perfect Insider,The Perfect Insider: Surdduee et Meurtriere - Elle est la Cle de l'Enquête,,
15,,おそ松さん,Mr. Osomatsu,['TV'],25,Finished Airing,"Oct 6, 2015 to Mar 29, 2016",['Fall 2015'],Tuesdays at 01:35 (JST),"['TV Tokyo', 'Dentsu', 'Rakuonsha', 'Avex Pictures', 'Daiichi Shokai', 'Fujio Production']",['VIZ Media'],['Pierrot'],Original,,"['Gag Humor', 'Parody']",,23 min. per ep.,R - 17+ (violence & profanity),7.93,#768,#1425,"176,418","3,577",68326,"The majority of the Matsuno household is comprised of six identical siblings: self-centered leader Osomatsu, manly Karamatsu, voice of reason Choromatsu, cynical Ichimatsu, hyperactive Juushimatsu, and lovable Todomatsu. Despite each one of them being over the age of 20, they are incredibly lazy and have absolutely no motivation to get a job, choosing to live as NEETs instead. In the rare occurrence that they try to look for employment and are somehow able to land an interview, their unique personalities generally lead to their swift rejection. From trying to pick up girlfriends to finding the perfect job, the daily activities of the Matsuno brothers are never dull as they go on all sorts of crazy, and often downright bizarre, adventures. Though they desperately search for a way to improve their social standing, it won't be possible if they can't survive the various challenges that come with being sextuplets! [Written by MAL Rewrite]","['Prequel (TV) Osomatsu-kun (1988)', 'Sequel (TV) Osomatsu-san 2nd Season', 'Adaptation (Manga) Osomatsu-san', '']",Osomatsu-san,,Mr. Osomatsu,Mr.Osomatsu,Mr. Osomatsu,['Comedy'],
16,"Diabolik Lovers 2nd Season, Diabolik Lovers Second Season, Diabolik Lovers: More Blood","DIABOLIK LOVERS MORE,BLOOD","Diabolik Lovers II: More,Blood",['TV'],12,Finished Airing,"Sep 24, 2015 to Dec 10, 2015",['Fall 2015'],Thursdays at 00:30 (JST),['Frontier Works'],['Sentai Filmworks'],['Zexcs'],Visual novel,"['Drama', 'Supernatural']","['Reverse Harem', 'School', 'Vampire']",['Josei'],12 min. per ep.,R - 17+ (violence & profanity),5.52,#12040,#1520,"166,145",587,88116,"Yui Komori, still held captive by the Sakamaki brothers—pureblood vampires after her blood—experiences yet more bizarre twists to her life following her stay at their household. Though haunted by enigmatic dreams, Yui soon deciphers their meaning when caught in a car crash, which subsequently leads to meeting four new vampires: the Mukami brothers, Ruki, Azusa, Kou, and Yuuma, who themselves capture the bewildered girl. Yui later awakens in the Mukami mansion, where the brothers reveal their plans for her: she is their ""Eve,"" and her blood will find the ""Adam"" among them; together, they will have the power to rule the world. However, with the Sakamaki brothers hot on their heels, things might not go quite as smoothly as they had imagined. [Written by MAL Rewrite]","['Prequel (TV) Diabolik Lovers', 'Adaptation (Manga) Diabolik Lovers More,Blood: Mukami-hen']","Diabolik Lovers More,Blood",,"Diabolik Lovers II: More,Blood","Diabolik Lovers II: More,Blood","Diabolik Lovers II: More,Blood",,
17,,ヘヴィーオブジェクト,Heavy Object,['TV'],24,Finished Airing,"Oct 3, 2015 to Mar 26, 2016",['Fall 2015'],Saturdays at 00:30 (JST),"['Movic', 'Magic Capsule', 'Warner Bros. Japan', 'KlockWorx', 'ASCII Media Works', 'Showgate', 'GREE']",['Funimation'],"['J.C.Staff', 'SANZIGEN']",['Light novel'],"['Action', 'Sci-Fi']","['Mecha', 'Military']",,23 min. per ep.,PG-13 - Teens 13 or older,7.24,#3173,#1582,"158,549",457,61934,"In the distant future, the nature of war has changed. ""Objects""—massive, spherical tanks impermeable to standard weaponry and armed with destructive firepower—rule the battlefield; their very deployment ensures victory, rendering traditional armies useless. However, this new method of warfare is about to be turned on its head. Qwenthur Barbotage, a student studying Object Design, and Havia Winchell, a radar analyst of noble birth, serve in the Legitimate Kingdom's 37th Mobile Maintenance Battalion, tasked with supporting the Baby Magnum, one of the nation's Objects. Unfortunately, a battle gone awry places the duo in a precarious situation: mere infantry stand face-to-face against the unfathomable might of an enemy Object. As they scramble to save themselves and their fellow soldiers, a glimmer of hope shines through, and the world's perception of Objects is changed forever. Heavy Object follows these two soldiers alongside Milinda Brantini, the Baby Magnum's pilot, and their commanding officer Frolaytia Capistrano as the unit treks all over the globe to fight battle after battle. Facing one impossible situation after another, they must summon all their wit and courage to overcome the insurmountable foes that are Objects. [Written by MAL Rewrite]","['Adaptation (Manga) Heavy Object', 'Adaptation (Manga) Heavy Object S', 'Adaptation (Manga) Heavy Object A', 'Adaptation (Light Novel) Heavy Object']",Heavy Object,,,,,,
18,"Pocket Monsters XY&Z, Pokémon XY&Z",ポケットモンスターXY&Z,Pokémon the Series: XYZ,['TV'],47,Finished Airing,"Oct 29, 2015 to Oct 27, 2016",['Fall 2015'],Thursdays at 18:55 (JST),"None found,",['The Pokemon Company International'],['OLM'],Game,"['Action', 'Adventure', 'Comedy', 'Fantasy']",,['Kids'],23 min. per ep.,PG - Children,7.78,#1087,#1623,"152,936","1,178",97375,"The journey of Satoshi and his friends through the Kalos region continues! After Satoshi obtains his seventh gym badge, the group is moving toward the next town when Eureka discovers a mysterious Pokémon resting in her pochette. Soon given the name Puni-chan, it is one that even Satoshi and Serena's new Pokémon Zukan cannot identify. However, it quickly becomes apparent that Puni-chan is the target of a mysterious group clad in bright red suits known as Team Flare, aiming to capture the new Pokémon to further their agenda. But when Satoshi and the gang realize that the enigmatic organization has no intention of treating Puni-chan with any decency, they take a stand in opposition to Team Flare's plans, daring to fight back. With Gojika's predictions looming above them, Satoshi aims for his final gym badge while Serena contests for her last Princess Key in order to be able to compete at the TriPokalon Master Class. But as Team Flare begins to move in search of the mysterious Z, the stories of Pokemon XY and Pokemon XY: Mega Evolution cross paths as Satoshi and his friends, along with Team Rocket, get caught up in a scheme that could put Kalos in great danger. [Written by MAL Rewrite]","['Prequel (TV) Pokemon XY', 'Sequel (TV) Pokemon Sun & Moon']",Pokemon XY&Z,,Pokémon XYZ,Pokémon Temporada XYZ,Pokémon XYZ,,
19,,ヴァルキリードライヴ　マーメイド,Valkyrie Drive: Mermaid,['TV'],12,Finished Airing,"Oct 10, 2015 to Dec 26, 2015",['Fall 2015'],Saturdays at 23:30 (JST),['Genco'],['Funimation'],['Arms'],Original,"['Action', 'Fantasy', 'Girls Love', 'Erotica']",,,24 min. per ep.,R+ - Mild Nudity,6.05,N/A,#1661,"148,046",519,58027,"Naïve 16-year-old Mamori Tokonome is accustomed to being teased at school for having an unfortunate surname that can also be read as ""virgin."" However, young Mamori will soon have to get used to being teased in other ways... Kidnapped during gym class, Mamori wakes up only to find herself stranded and under attack on the exotic island of Mermaid. Luckily, enigmatic fellow castaway Mirei Shikishima knows exactly how to take the lead—through a passionate kiss, Mirei unleashes Mamori's Exter transformation abilities, turning the innocent red-head into a battle-ready cutlass through the power of arousal. The duo will need to tap into that power as Mermaid Island is full of potential friends and foes: Charlotte, the sadistic Liberator of an Exter harem; the gluttonous and crafty Meifon; the mysterious but charismatic Akira Hiiragi; and the erotic biker duo Lady Lady. Mamori and Mirei's powerful and intimate embrace is the only way for the pair to ensure their survival on this scandalous island. [Written by MAL Rewrite]","['Adaptation (Manga) Valkyrie Drive: Mermaid', '']",Valkyrie Drive: Mermaid,,,,,,
20,"Gochuumon wa Usagi desu ka? 2, GochiUsa 2",ご注文はうさぎですか??,Is the Order a Rabbit??,['TV'],12,Finished Airing,"Oct 10, 2015 to Dec 26, 2015",['Fall 2015'],Saturdays at 21:30 (JST),"['Frontier Works', 'AT-X', 'Magic Capsule', 'Bushiroad', 'Showgate', 'Houbunsha', 'NBCUniversal Entertainment Japan', 'i0+', 'Hakuhodo DY Music & Pictures', 'RAY']",['Sentai Filmworks'],"['Kinema Citrus', 'White Fox']",['4-koma manga'],,"['CGDCT', 'Iyashikei', 'Workplace']",,23 min. per ep.,PG-13 - Teens 13 or older,7.77,#1102,#1764,"136,585",866,61972,"With a new year comes new adventures, especially at the Rabbit House! Since her arrival at the café, Kokoa Hoto has become accustomed to her new life as a waitress even though the Rabbit House isn't the rabbit paradise she initially envisioned it to be. Life is pleasant, and she enjoys spending time both working and playing with her friends and fellow waitresses Chino Kafuu, a cute middle school student with a fuzzy bunny companion named Tippy, and Rize Tedeza, the pig-tailed daughter of a soldier who is readily armed for any scenario. Together with Chiya Ujimatsu and Sharo Kirima, who also work at neighboring cafés in town, the Rabbit House crew gets involved in all sorts of crazy adventures. Throughout these adventures, the girls encounter troubled novelists, rival cafes, secret treasure, and... alcoholic chocolates? [Written by MAL Rewrite]","['Prequel (TV) Gochuumon wa Usagi desu ka?', 'Sequel (Movie) Gochuumon wa Usagi desu ka?? Dear My Sister', 'Adaptation (Manga) Gochuumon wa Usagi desu ka?', '']",Gochuumon wa Usagi desu ka??,,Is the Order a Rabbit?? Staffel 2,Is the Order a Rabbit??: Gochuumon wa Usagi Desu ka?? Temporada 2,Is the Order a Rabbit?? Saison 2,['Slice of Life'],
21,,ダンス・ウィズ・デビルス,Dance with Devils,['TV'],12,Finished Airing,"Oct 7, 2015 to Dec 23, 2015",['Fall 2015'],Wednesdays at 23:30 (JST),"['Avex Entertainment', 'Nihon Ad Systems', 'Movic', 'KlockWorx', 'DIVE II Entertainment']",['Funimation'],"[""Brain's Base""]",Mixed media,"['Romance', 'Supernatural']","['Mythology', 'Reverse Harem', 'School', 'Vampire']",,23 min. per ep.,R - 17+ (violence & profanity),6.19,#8908,#1811,"132,655",549,60381,"Ritsuka Tachibana has always been a good student, so she is completely shocked when she is suddenly summoned by the student council for breaking school rules. Led by Rem Kaginuki, the student council—also consisting of Urie Sogami, Shiki Natsumezaka, and Mage Nanashiro—tries to interrogate her, but it soon becomes clear that they have ulterior motives. However, this is only the beginning of Ritsuka's misfortune. When her mother gets kidnapped, her life is turned upside down, and Ritsuka gets drawn into a battle for supremacy between vampires and devils. Both groups are searching for the ""Grimoire,"" a forbidden item that allows its owner to rule the world, and Ritsuka is somehow connected to this strange artifact. The return of Ritsuka's protective brother Lindo from overseas gives her hope that life could return to normal. But even her sibling is harboring his own dark secrets. Ritsuka begins to question whom she can trust, and if she can ignore her growing attraction toward the devilishly handsome student council members. [Written by MAL Rewrite]","['Sequel (Movie) Dance with Devils: Fortuna', 'Adaptation (Manga) Dance with Devils: Blight']",Dance with Devils,,,,,,
22,"Yuru Yuri 3rd Season, Yuru Yuri Third Season, Yuru Yuri-san High!: YuruYuri S3",ゆるゆり さん☆ハイ！,,['TV'],12,Finished Airing,"Oct 6, 2015 to Dec 22, 2015",['Fall 2015'],Tuesdays at 02:05 (JST),"['Sotsu', 'Pony Canyon']","None found,",['TYO Animations'],['Manga'],"['Comedy', 'Girls Love']","['CGDCT', 'Gag Humor', 'School']",,23 min. per ep.,PG-13 - Teens 13 or older,7.91,#796,#1849,"128,653",678,67728,"The members of the Amusement Club are back with more of Kyouko Toshinou's antics, Chinatsu Yoshikawa's schemes, Yui Funami's retorts, and Akari Akaza's small social presence as they strive to make each day as fun as the last! Whether the activity is an arm wrestling contest or making pancakes together, the group of entertainment-seekers are sure to give it their all. The club members are often joined by their friends in the Student Council, who know how to have a good time as well. While it can get a little chaotic when all eight girls get together, it sure doesn't stop them from meeting up and having fun! [Written by MAL Rewrite]","['Prequel (TV Special) Yuru Yuri Nachuyachumi!+', 'Sequel (OVA) Yuru Yuri,', 'Adaptation (Manga) Yuru Yuri', '']",Yuru Yuri San☆Hai!,,Yuru Yuri Season 3,Yuru Yuri Temporada 3,Yuru Yuri Saison 3,,
23,Utawarerumono: The False Mask,うたわれるもの 偽りの仮面,Utawarerumono: The False Faces,['TV'],25,Finished Airing,"Oct 4, 2015 to Mar 27, 2016",['Fall 2015'],Sundays at 01:00 (JST),"['KlockWorx', 'Toranoana', 'AQUAPLUS', 'ensky', 'King Records']",['Sentai Filmworks'],['White Fox'],Visual novel,"['Action', 'Drama', 'Fantasy']",,,23 min. per ep.,PG-13 - Teens 13 or older,7.26,#3067,#2014,"115,341",415,46469,"Waking up cold and alone in the woods, a nameless man is surrounded by unfamiliar scenes. Without any memories, he is utterly lost until he stumbles upon Kuon—a young girl with animal ears and a tail. She saves him, leading him back to her town while protecting them both from ""boro-gigiri""—giant centipede-like creatures—and a mysterious red slime. After they arrive, she names him Haku after a prominent historical figure from the area. He quickly realizes he is one of a kind—the only one without animal ears and a tail. The two journey to the capital of Yamato, the country in which Kuon lives, meeting more people and making new friends, all the while unknowingly delving deeper into the politics and inner conflicts of Yamato... Utawarerumono: Itsuwari no Kamen follows Haku as he slowly uncovers the secrets of this alien world. He works to solve the mysteries surrounding the red slimes, as well as to stop war from erupting among the nearby countries. [Written by MAL Rewrite]","['Prequel (TV) Utawarerumono', 'Prequel (OVA) Utawarerumono: Tusukuru-koujo no Karei Naru Hibi', 'Sequel (TV) Utawarerumono: Futari no Hakuoro', 'Adaptation (Manga) Utawarerumono: Itsuwari no Kamen']",Utawarerumono: Itsuwari no Kamen,,Utawarerumono: The False Faces,Utawarerumono: The False Faces,Utawarerumono: The False Faces,,
24,,コメット・ルシファー,Comet Lucifer,['TV'],12,Finished Airing,"Oct 4, 2015 to Dec 20, 2015",['Fall 2015'],Sundays at 22:30 (JST),"['Bandai Visual', 'Lantis', 'Bushiroad', 'Good Smile Company', 'BS11', 'Sony PCL']",['Sentai Filmworks'],['8bit'],Original,"['Action', 'Adventure', 'Fantasy']",,,23 min. per ep.,PG-13 - Teens 13 or older,5.83,#10792,#2104,"108,466",93,46029,"In the world of Gift, the bowels of the planet hide a highly sought after crystalline substance known as Giftium. A young boy on Gift named Sougo Amagi inherited his interest in Giftium from his mother, a researcher. As an inhabitant of Garden Indigo, a small and prosperous miner's town, Sougo has many opportunities to forage and collect rare crystals that can only be found there. However, the most exciting treasure that Sougo discovers is not a crystal, but a person. After being pulled into a school quarrel, he plummets into the deep caverns of an old mine. There, in the abysmal depths of the earth, Felia—an enigmatic girl with red eyes and blue hair—emerges from a large crystal. Through this strange first encounter, bonds of friendship are formed between Felia and Sougo. But Felia is being pursued by a secret organization that aims to use her powers for their own benefit, and Sougo and his friends must help her, all while discovering the true nature of this girl from the crystal. [Written by MAL Rewrite]",[],Comet Lucifer,['Mecha'],,,,,
25,Hidan no Aria Double A,緋弾のアリアAA（ダブルエー）,Aria the Scarlet Ammo AA,['TV'],12,Finished Airing,"Oct 6, 2015 to Dec 22, 2015",['Fall 2015'],Tuesdays at 23:00 (JST),"['AT-X', 'flying DOG', 'Kadokawa', 'Fujishouji']",['Funimation'],['Doga Kobo'],['Manga'],"['Action', 'Comedy']",,['Seinen'],23 min. per ep.,PG-13 - Teens 13 or older,6.19,#8918,#2144,"105,294",78,44950,"Akari Mamiya, a first-year student from Tokyo Butei High, idolizes the S-rank Butei Aria Holmes Kanzaki and wishes to follow in her footsteps. Despite only being an inept E-rank Butei, Akari's resolve to improve remains strong. After the idea of having an Amica contract (a senior-student mentorship program) with Aria is brought up, Akari submits a request form attempting to establish said contract. Her classmates and friends do not expect Aria to accept Akari's request, mainly because of the girl's strict selection process, but to everyone's surprise, Aria gives Akari a chance through a test, which Akari miraculously passes! However, Aria will not officially make Akari her Amica until Akari meets her standards. Training under Aria will be no easy feat, as she has to concurrently manage her relationships with her friends. Will Akari have what it takes to walk down the same path as her idol? [Written by MAL Rewrite]","['Adaptation (Manga) Hidan no Aria AA', '']",Hidan no Aria AA,['School'],,,,,
26,ConRevo,コンクリート・レボルティオ～超人幻想～,Concrete Revolutio,['TV'],13,Finished Airing,"Oct 4, 2015 to Dec 27, 2015",['Fall 2015'],Sundays at 23:00 (JST),"['Bandai Visual', 'Lantis', 'Tokyo MX', 'Animatic', 'Hakuhodo DY Media Partners', 'Techno Sound', 'Anime Consortium Japan']",['Funimation'],['Bones'],Original,"['Action', 'Fantasy', 'Mystery', 'Sci-Fi']","['Mythology', 'Super Power', 'Urban Fantasy']",,24 min. per ep.,PG-13 - Teens 13 or older,6.64,#6268,#2321,"93,045",214,28101,"On a sunny July day in the 41st year of the Shinka Era, Jirou Hitoyoshi is tasked with covertly listening in on a secret meeting between a top government scientist and an industrial spy. However, his cover is blown, and the spy reveals himself to be an alien in disguise. Amidst the ensuing chaos, Jirou enlists the aid of cafe waitress and magical girl Kikko Hoshino, one of many ""superhumans"" who blend into society and secretly protect humanity from extraterrestrial threats. As a member of the government agency known as the Super Population Research Laboratory, Jirou has the dual task of protecting superhumans that defend humanity and disposing of any deemed too dangerous to live. Having proven herself a worthy ally, Kikko is invited to join the agency as its newest recruit. Fast forward five years: disapproval and distaste for superhumans are now commonplace in Tokyo. From government corruption and conflicting ideas of justice, to the morality of superhuman rights, the relationship between humans and the supernatural minority balances precariously in a world pervaded by whispers of unrest and unease. Under mysterious circumstances, Jirou has betrayed the agency, and is now a fugitive on the run. As he skulks through the rainy back alleys of Shinjuku, he is pursued by the very same superhumans that he himself once recruited. [Written by MAL Rewrite]","['Sequel (TV) Concrete Revolutio: Choujin Gensou - The Last Song', 'Adaptation (Manga) Concrete Revolutio: Choujin Gensou']",Concrete Revolutio: Choujin Gensou,,Concrete Revolutio,,Concrete Revolutio,,
27,,ヤング ブラック・ジャック,Young Black Jack,['TV'],12,Finished Airing,"Oct 2, 2015 to Dec 18, 2015",['Fall 2015'],Fridays at 02:16 (JST),"['TBS', 'Grooove', 'Being']",['Sentai Filmworks'],['Tezuka Productions'],['Manga'],,"['Historical', 'Medical']",['Seinen'],24 min. per ep.,PG-13 - Teens 13 or older,7.21,#3315,#2437,"86,290",158,36401,"In the 1960s, a gifted young medical student tries to make a name for himself. Kuroo Hazama is a reserved young man with unusual black-and-white hair, a body covered with scars, and a dark past. Despite only being a medical student, his surgical brilliance starts to attract attention after he completes a seemingly impossible operation. Together with the spirited and honest intern Maiko Okamoto and Yabu, a close friend with a troubled life, Hazama devotes himself to the world of medicine. However, his path to becoming a respectable surgeon is a difficult one as student riots, war, and corruption are consuming Japan. Hazama quickly finds himself caught up in a series of nefarious circumstances that challenge his integrity as a person and his path towards becoming a surgeon. Young Black Jack chronicles the story of a man capable of performing unthinkable feats of medicine, and the journey that leads him to become the legend known as Black Jack. [Written by MAL Rewrite]","['Sequel (OVA) Black Jack', 'Adaptation (Manga) Young Black Jack']",Young Black Jack,,,,,['Drama'],
28,,小森さんは断れない！,Komori-san Can't Decline!,['TV'],12,Finished Airing,"Oct 4, 2015 to Dec 20, 2015",['Fall 2015'],Sundays at 22:27 (JST),"['Genco', 'DAX Production', 'bilibili']","None found,",['Artland'],['4-koma manga'],,,,2 min. per ep.,PG-13 - Teens 13 or older,6.26,#8520,#2554,"80,153",81,33285,"Fifteen-year-old Komori Shuri is a junior high school girl who is too nice to decline requests. Constantly doing favors for other people has given her incredible strength?! But even so, she is also an adolescent junior high school girl. An anime overflowing with the ups and downs of everyday life! (Source: Batoto, edited)","['Adaptation (Manga) Komori-san wa Kotowarenai!', '']",Komori-san wa Kotowarenai!,['School'],Komori-san kann nicht Nein sagen!,Komori-san Can't Decline!: Komori-san wa Kotowarenai!,Komori-san Can't Decline!,['Comedy'],
29,"Lupin III: Part IV, Lupin III: L'avventura italiana, Lupin Sansei (2015), Lupin III (2015)",ルパン三世,Lupin the Third Part 4,['TV'],24,Finished Airing,"Oct 2, 2015 to Mar 18, 2016",['Fall 2015'],Fridays at 01:29 (JST),"['TMS Entertainment', 'TMS Music']",['Discotek Media'],['Telecom Animation Film'],['Manga'],"['Action', 'Adventure', 'Comedy', 'Mystery']",,['Seinen'],22 min. per ep.,PG-13 - Teens 13 or older,7.89,#846,#2674,"74,082",464,23760,"Lupin is the main character in this series which takes place in Italy and San Marino. Reflecting its setting, the anime debuted in Italy before it aired in Japan. Lupin III fans will note that the titular thief now dons a blue coat, following his earlier appearances in green (first series and some OVAs), red (the second series as well as most films and television specials) and pink (third series). (Source: Crunchyroll)","['Prequel (TV) Lupin III: Part III', 'Sequel (TV) Lupin III: Part 5', 'Adaptation (Manga) Lupin III (2015)', '']",Lupin III (2015),['Adult Cast'],Lupin The 3rd Part 4,Lupin III: Parte 4,Lupin The 3rd Part 4,,
30,Hacker Doll The Animation,ハッカドール THE・あにめーしょん,Hackadoll The Animation,['TV'],13,Finished Airing,"Oct 2, 2015 to Dec 25, 2015",['Fall 2015'],Fridays at 23:00 (JST),"['Nihon Ad Systems', 'AT-X', 'KlockWorx', 'Trigger', 'DIVE II Entertainment', 'Good Smile Company', 'Avex Pictures', 'DeNA', 'Ichijinsha']","None found,",['Creators in Pack'],Other,"['Comedy', 'Sci-Fi']",,,7 min. per ep.,PG-13 - Teens 13 or older,6.36,#7922,#3199,"53,341",67,18341,"Hacka Dolls are AI that scan a person in order to tailor news recommendations and information to their users. These widespread, personalized robots have served many citizens, from government officials to professional sports players. A severe drop in quality leads to the production of three substandard Hacka Dolls. Due to their personality defects, they are sent to Earth, tasked with advancing humanity in whatever way they can. Whether it be encouraging a fujoshi to sell a doujinshi at Comiket or performing in an idol group, the three dolls will complete any task as long as it abides by their moral compass. Despite their shortcomings, they take their mission very seriously and always try their best to assist everyone with incredible enthusiasm. [Written by MAL Rewrite]","['Adaptation (Manga) Oyobi desu ka!? Hacka Doll', '']",Hacka Doll The Animation,,,Hackadoll The Animation,,,
31,"Lance and Masks, LN'M",ランス・アンド・マスクス,Lance N' Masques,['TV'],12,Finished Airing,"Oct 2, 2015 to Dec 18, 2015",['Fall 2015'],Fridays at 01:46 (JST),"['Pony Canyon', 'TBS', 'DAX Production', 'KlockWorx', 'Docomo Anime Store', 'NichiNare']",['Ponycan USA'],['Studio Gokumi'],['Light novel'],,,,24 min. per ep.,PG-13 - Teens 13 or older,5.48,#12185,#3276,"51,071",21,21592,"Eight words describe the feelings of Youtarou Hanabusa: ""I just want to live a normal life."" Unfortunately for him, as a member of the Knights of the World, his training in this ancient and international order has left him with a condition he calls ""White Knight Syndrome."" This condition causes Youtarou to instinctively act heroically and chivalrously whenever he encounters someone in danger. To protect his identity in such embarrassing moments, he carries a mask with him at all times. Then one day, he saves the life of Makio Kidouin, the young daughter of an elite and affluent family. Little does he know that this singular act of heroism will change his life forever. Soon, he is simultaneously blessed with a life in the lap of luxury and cursed with one of abnormality, for his new friend Makio lives a life far removed from the everyday. Between coping with the hijinks of six-year-old Makio, and dealing with a cast of odd friends and scheming enemies, Youtarou must protect his new friend while keeping his identity hidden as the masked hero Knight Lancer. [Written by MAL Rewrite]","[""Adaptation (Manga) Lance N' Masques: Inside Plus"", ""Adaptation (Light Novel) Lance N' Masques""]",Lance N' Masques,,Lance N'Masques,,,['Fantasy'],
32,"Koukou Hoshi Kageki, High School Star Musical, Starmu",高校星歌劇［スタミュ］,Starmyu,['TV'],12,Finished Airing,"Oct 6, 2015 to Dec 22, 2015",['Fall 2015'],Tuesdays at 00:00 (JST),['NBCUniversal Entertainment Japan'],['Funimation'],['C-Station'],Original,,"['Idols (Male)', 'Music', 'Performing Arts', 'School']",,24 min. per ep.,PG-13 - Teens 13 or older,6.86,#5016,#3466,"46,352",253,17243,"Yuuta Hoshitani enrolls in the prestigious Ayanagi Academy in hopes of finding the high school student who inspired him. The academy is well-known for producing exceptional musical talent, but students must first compete for acceptance into the Musical Department. At the top of the department is the Kao Council—a group of third-year students who possess a great deal of influence over the school and admission into the department. The fastest route to entering the department for Hoshitani is to find a way into a Star Team, which would allow him to be taught by a member of the Kao Council. After catching the eyes of Itsuki Ootori, Hoshitani finds himself under the tutelage of the Kao Council's most eccentric member. Alongside him on Team Ootori is his roommate, Tooru Nayuki, fledgling Kabuki actor Kakeru Tengenji, the quiet Shuu Kuga, and Kaito Tsukigami, the younger brother of famous Ayanagi alumni Haruto. As Hoshitani struggles with his lack of talent, his teammates must also overcome their shortcomings. Facing opposition from other talented Star Teams, including the other four members of the Kao Council, Team Ootori must carve their own path as they aim to perform in the Ayanagi Festival. [Written by MAL Rewrite]","['Sequel (OVA) Starmyu OVA', 'Adaptation (Manga) Starmyu', ""Adaptation (Manga) Starmyu: Stardust's Dream"", '']",Starmyu,,,,,['Slice of Life'],
33,,こわぼん,,['TV'],13,Finished Airing,"Oct 4, 2015 to Dec 27, 2015",['Fall 2015'],Sundays at 01:42 (JST),"None found,","None found,",['ILCA'],Original,,,,3 min. per ep.,PG-13 - Teens 13 or older,5.22,#12877,#4009,"34,834",23,13525,"In today's world full of wondrous technological innovation, the unnatural and mysterious sometimes appear even more horrifying than usual. But despite how far society has advanced, the fear of the unknown always remains. The unfortunate participants in Kowabon find themselves in such a predicament, experiencing the supernatural through their everyday technology. From a frightening sight caught on a parking garage camera to a video chat that takes an unexpected turn, the victims struggle to escape that which haunts them. However, what awaits these doomed souls may be a fate even worse than death... [Written by MAL Rewrite]",[],Kowabon,,,,,['Horror'],
34,Ani Tore! EX,あにトレ！ＥＸ,Anime de Training! Ex,['TV'],12,Finished Airing,"Oct 13, 2015 to Dec 29, 2015",['Fall 2015'],Tuesdays at 01:11 (JST),"['Earth Star Entertainment', 'F.M.F']","None found,",['Rising Force'],Original,,,,4 min. per ep.,PG-13 - Teens 13 or older,5.39,#12448,#4059,"34,074",32,13339,"""Move your soul and body!"" Each episode contains a variety of routines, such as push-ups, sit-ups, spine twists, dance, yoga, stretches, trunk training, and taichi. Five girls aiming to become idols will exercise with you, and that troubling body fat percentage will go down by 1000%...!?","['Sequel (TV) Anitore! XX: Hitotsu Yane no Shita de', '']",Anitore! EX,,Anime de Training! EX,Anime de Training EX,Anime de Training! EX,['Sports'],
35,,影鰐-KAGEWANI-,Kagewani,['TV'],13,Finished Airing,"Oct 2, 2015 to Dec 25, 2015",['Fall 2015'],Fridays at 23:17 (JST),['Directions'],"None found,",['Tomovies'],Original,"['Horror', 'Mystery', 'Supernatural']",,,7 min. per ep.,R - 17+ (violence & profanity),6.38,#7819,#4086,"33,694",32,13591,"A video blogger attempts to fake cryptid sightings to boost his views, but gets more than he bargained for when his crew is slaughtered by a real monster. Elsewhere, students find themselves preyed upon by a sandworm-like beast, initiating a desperate struggle for survival on their own school grounds. With more of these attacks from mysterious creatures occurring, researcher Sousuke Banba tasks himself with delving into the mystery. With nothing but the keyword ""Kagewani"" to lead him, he scours the sites of recent attacks in hopes of finding a lead to eradicating the creatures for good. However, Sousuke finds that these threats to humanity are even closer to home when the pharmaceutical company, Sarugaku, starts to encroach on his investigation. [Written by MAL Rewrite]","['Sequel (TV) Kagewani: Shou', '']",Kagewani,,,,,,
36,Garo 2nd Season,GARO 紅蓮ノ月,Garo: Crimson Moon,['TV'],23,Finished Airing,"Oct 10, 2015 to Apr 2, 2016",['Fall 2015'],Saturdays at 01:23 (JST),['Tohokushinsha Film Corporation'],['Funimation'],['MAPPA'],Original,"['Action', 'Fantasy']",,,24 min. per ep.,PG-13 - Teens 13 or older,5.88,#10527,#4184,"31,899",23,9468,"Monsters known as ""Horrors"" have invaded the world, entering through gates from the Makai Realm of Darkness. These corrupt, demonic creatures have the ability to seize human bodies and feed on their souls. Citizens who are out past sunset will likely never see the sun rise again, but those who live in the capital city have no need to worry—they are protected by a spiritual force field created by the sorcerer group Onmyouji. In possession of legendary armor, the Golden Knight Raikou proclaims that he will protect everyone from the Horrors. Accompanied by his attendant Kintoki and the mysterious Makai Alchemist Seimei, he strives to become a formidable Makai Knight, but Raikou is ill-prepared to handle the side effects of the armor. Disappointed by his own shortcomings, he sets out on a journey of self-discovery to master his weaknesses and prove his worth. [Written by MAL Rewrite]","['Sequel (Movie) Usuzumizakura: Garo', '']",Garo: Guren no Tsuki,['Mythology'],Garo: Crimson Moon,Garo: Crimson Moon,Garo: Crimson Moon,,
37,Hot Springs Fairy Hakone-Chan,温泉幼精ハコネちゃん,Hakone-chan,['TV'],13,Finished Airing,"Oct 4, 2015 to Dec 27, 2015",['Fall 2015'],Sundays at 20:55 (JST),['Jinnan Studio'],"None found,","['Production Reed', 'Asahi Production']",['Web manga'],"['Comedy', 'Supernatural']",,,3 min. per ep.,PG-13 - Teens 13 or older,5.84,#10758,#4264,"30,535",9,15102,"After many years of dormant rest, a hot springs fairy awakens in modern-day Japan. However, while she slept, she took on the appearance of a young girl. She decides to cooperate with the locals whilst trying to regain her powers. (Source: LiveChart)","['Adaptation (Manga) Onsen Yousei Hakone-chan', '']",Onsen Yousei Hakone-chan,,Hakone-chan,Hakone-Chan,Hakone-chan,,
38,,てーきゅう 6期,Teekyu 6,['TV'],12,Finished Airing,"Oct 6, 2015 to Dec 22, 2015",['Fall 2015'],Tuesdays at 01:05 (JST),"['DAX Production', 'Earth Star Entertainment']","None found,",['Millepensee'],['Manga'],,,['Shounen'],2 min. per ep.,PG-13 - Teens 13 or older,6.56,#6686,#5282,"18,657",13,10320,Sixth season of the Teekyuu series.,"['Prequel (TV) Teekyuu 5', 'Sequel (TV) Teekyuu 7', 'Adaptation (Manga) Teekyuu', '']",Teekyuu 6,,Teekyu 6,Teekyu 6,Teekyu 6,['Comedy'],
39,"Soukyuu no Fafner: Dead Aggressor - Exodus 2nd Season, Fafner in the Azure: Dead Aggressor - Exodus 2nd Season",蒼穹のファフナー Dead Aggressor EXODUS,,['TV'],13,Finished Airing,"Oct 3, 2015 to Dec 26, 2015",['Fall 2015'],Saturdays at 02:25 (JST),"['Starchild Records', 'Mainichi Broadcasting System']","None found,",['I.Gzwei'],Original,"['Action', 'Drama', 'Sci-Fi']","['Mecha', 'Military']",,24 min. per ep.,PG-13 - Teens 13 or older,7.61,#1528,#5605,"15,937",89,6068,Continuation of Soukyuu no Fafner: Dead Aggressor - Exodus.,"['Prequel (TV) Soukyuu no Fafner: Dead Aggressor - Exodus', 'Sequel (Movie) Soukyuu no Fafner: Dead Aggressor - The Beyond']",Soukyuu no Fafner: Dead Aggressor - Exodus Part 2,,,,,,
40,,ミス・モノクローム -The Animation- 3,,['TV'],13,Finished Airing,"Oct 2, 2015 to Dec 25, 2015",['Fall 2015'],Fridays at 22:30 (JST),"['Starchild Records', 'Magic Capsule']",['Crunchyroll'],"['SANZIGEN', 'LIDENFILMS']",Original,"['Comedy', 'Slice of Life']","['Idols (Female)', 'Music']",,7 min. per ep.,G - All Ages,6.51,#7017,#5604,"15,944",6,7592,Third season of Miss Monochrome: The Animation.,"['Prequel (TV) Miss Monochrome The Animation 2', '']",Miss Monochrome The Animation 3,,,,,,
41,,探偵チームＫＺ（カッズ）事件ノート,,['TV'],16,Finished Airing,"Oct 7, 2015 to Jan 27, 2016",['Fall 2015'],Wednesdays at 18:45 (JST),"None found,","None found,",['Signal.MD'],Novel,,,,9 min. per ep.,PG - Children,6.19,#8895,#5788,"14,691",16,6182,"Aya Tachibana is a sixth-grader who frets and obsesses over friends, family, grades, and more. One day, she joins the ""Tantei Team KZ"" with four very idiosyncratic boys she met at cram school. There is the glib and attention-grabbing leader Kazuomi Wakatake, the mysterious ""expert of personal relationships"" Takakazu Kuroki, the smart and stoic math genius Kazunori Uesugi, and the sweet-hearted Kazuhiko Kozuka who is good at social matters and science. Aya finds her place among them as the ""language expert."" ""Tantei Team KZ"" gets involved in modern-day cases, and even if they bicker from time to time, they collaborate by pooling each of their talents and skills to solve these cases. (Source: ANN)","['Adaptation (Manga) Tantei Team KZ Jiken Note', '']",Tantei Team KZ Jiken Note,['School'],,,,['Mystery'],
42,Magical Somera-chan,不思議なソメラちゃん,,['TV'],12,Finished Airing,"Oct 7, 2015 to Dec 23, 2015",['Fall 2015'],Wednesdays at 23:55 (JST),"['DAX Production', 'Dream Creation']","None found,",['Seven'],['4-koma manga'],"['Comedy', 'Slice of Life']",,,3 min. per ep.,PG-13 - Teens 13 or older,5.87,#10592,#5884,"14,029",14,6847,"The story follows the everyday life of Somera Nonomoto who can use the strongest kenpo, Nonomoto Mahou-ken, which is inherited from her mother with her younger sister Kukuru. (Source: Crunchyroll)","['Adaptation (Manga) Fushigi na Somera-chan', '']",Fushigi na Somera-chan,['Gag Humor'],Magical Somera-chan,Magical Somera Chan: Fushigi na Somera-chan,Magical Somera-chan,,
43,"Kindaichi Shounen no Jikenbo R 2, Kindaichi Case Files Returns, Kindaichi Case Files R 2, The File of Young Kindaichi Returns 2nd Season",金田一少年の事件簿R【リターンズ】,,['TV'],22,Finished Airing,"Oct 3, 2015 to Mar 26, 2016",['Fall 2015'],Saturdays at 17:30 (JST),['Yomiuri Telecasting'],"None found,",['Toei Animation'],['Manga'],,,['Shounen'],24 min. per ep.,R - 17+ (violence & profanity),7.66,#1383,#6150,"12,547",31,5244,"Hajime Kindaichi once again becomes embroiled in solving baffling cases and deciphering puzzling crimes that would confound the most seasoned of detectives. Whether it's a gruesome murder and shady circumstances surrounding the Japanese board game Go; a perplexing and macabre case involving a mysterious character, ""Rosenkreutz,"" and blue roses; or blood curdling crimes associated with an urban legend at a winter ski resort – Hajime is out to crack them all! (Source: YTV)","['Prequel (TV) Kindaichi Shounen no Jikenbo Returns', 'Adaptation (Manga) Kindaichi Shounen no Jikenbo - Short File Series', 'Adaptation (Manga) Kindaichi Shounen no Jikenbo: Case Series', 'Adaptation (Manga) Kindaichi Shounen no Jikenbo - Shin Series']",Kindaichi Shounen no Jikenbo Returns 2nd Season,,The File of Young Kindaichi Returns Staffel 2,Kindaichi Shounen no Jikenbo Returns Temporada 2,The File of Young Kindaichi Returns Saison 2,['Mystery'],
44,,ＪＫめし！,JK-MESHI!,['TV'],26,Finished Airing,"Oct 6, 2015 to Mar 29, 2016",['Fall 2015'],Tuesdays at 01:00 (JST),"None found,","None found,","['Kyotoma', 'Office Nobu']",Original,"['Comedy', 'Gourmet']",,,3 min. per ep.,PG-13 - Teens 13 or older,4.62,#13573,#6183,"12,372",7,4846,"Three high school girls have mastered the art of cooking simple, B-class dishes called JK meshi. The three girls — Reina, Ryouka, and Ruriko — are all classmates in their second year of high school. They often get distracted when studying for tests, and when they do, they cook JK meshi. (Source: ANN)",[],JK Meshi!,['CGDCT'],JK-Meshi!,JK-Meshi!,JK-Meshi!,,
45,,カードファイト!! ヴァンガードG　ギアースクライシス編,Cardfight!! Vanguard G GIRS Crisis,['TV'],26,Finished Airing,"Oct 11, 2015 to Apr 10, 2016",['Fall 2015'],Sundays at 10:00 (JST),"['TV Tokyo', 'Dentsu', 'Sotsu', 'Bushiroad']","None found,",['TMS Entertainment'],Card game,,,,24 min. per ep.,PG-13 - Teens 13 or older,6.69,#5945,#6247,"12,027",22,5830,The first half of the second season of Cardfight!! Vanguard G series.,"['Prequel (TV) Cardfight!! Vanguard G', 'Sequel (TV) Cardfight!! Vanguard G: Stride Gate-hen']",Cardfight!! Vanguard G: GIRS Crisis-hen,['Strategy Game'],Cardfight!! Vanguard G GIRS Crisis,Cardfight!! Vanguard G GIRS Crisis,Cardfight!! Vanguard G GIRS Crisis,['Action'],
46,"Ameiro Cocoa: Rainy Color e Youkoso!, Ame-iro Cocoa 2",雨色ココア Rainy colorへようこそ！,"Rainy Cocoa, Welcome to Rainy Color",['TV'],12,Finished Airing,"Oct 4, 2015 to Dec 20, 2015",['Fall 2015'],Sundays at 22:15 (JST),['DAX Production'],['Funimation'],['EMT Squared'],['Web manga'],"['Comedy', 'Slice of Life']",,,2 min. per ep.,PG-13 - Teens 13 or older,4.78,#13443,#6487,"11,009",3,5086,"Life at the Rainy Color café can never be described as boring. The arrival of the Koga brothers from England—Noel, always brimming with curiosity, and Nicola, somewhat shy and conservative—ensures that their sibling, café manager Shion, is kept on his toes. There's also another newcomer, cameraman/photographer Jun Arisawa, who holds a mysterious connection to café owner Koji Amami. Last but not least, there's a special photograph that incites all kinds of heartfelt and comedic reactions from the Rainy Color crew! (Source: YTV)","['Prequel (TV) Ame-iro Cocoa', 'Sequel (TV) Ame-iro Cocoa in Hawaii']",Ame-iro Cocoa: Rainy Color e Youkoso!,['Workplace'],,,,,
47,"Lovely Muco!, Itoshi no Muuco",いとしのムーコ,Lovely Muuuuuuuco!,['TV'],25,Finished Airing,"Oct 3, 2015 to Mar 26, 2016",['Fall 2015'],Saturdays at 09:14 (JST),"None found,","None found,",['DLE'],['Manga'],"['Comedy', 'Slice of Life']",,,12 min. per ep.,PG - Children,6.75,#5604,#7578,"7,499",26,3106,"Muco is the sweetest, most lovable dog in the neighborhood. This sparkly-nosed Shiba Inu lives with her owner and best friend, Komatsu, a glassblower who lives in the mountains. These two companions have wonderful adventures, from going on walks to playing in the pond in front of their house. No matter where they go or what they do, Muco will always love her best friend Komatsu! [Written by MAL Rewrite]","['Adaptation (Manga) Itoshi no Muco', '']",Itoshi no Muco,['Pets'],Lovely Muuuuuuco!,Lovely Muuuuuuuco!,,,
48,,ブレイブビーツ,Brave Beats,['TV'],22,Finished Airing,"Oct 11, 2015 to Mar 27, 2016",['Fall 2015'],Sundays at 07:00 (JST),"None found,","None found,",['Bandai Namco Pictures'],Original,,,,23 min. per ep.,G - All Ages,6.47,#7260,#8797,"5,213",23,2177,"Hibiki Kazaguruma, a sixth grader, meets an amusing little robot named Bureikin while coming home from school one day. Bureikin, a dancer from an alternate-dimension dance world, challenged the dance king for the throne and lost. He has been deprived of Dance Stones (the stones of dance power) and sent to the human world. To restore his power, Bureikin must collect all the Dance Stones scattered around Earth. (Source: ANN)",[],Brave Beats,['Music'],,,,['Adventure'],
49,"SD Hamatora, Minimum-Hamatora",ミニはま -MINIMUM HAMATORA-,,['TV'],8,Finished Airing,"Nov 1, 2015 to Dec 21, 2015",['Fall 2015'],Mondays at 21:24 (JST),"None found,","None found,",['Lerche'],Mixed media,"['Comedy', 'Mystery']","['School', 'Super Power']",,5 min. per ep.,PG-13 - Teens 13 or older,6.22,#8725,#8929,"5,013",2,1176,Super deformed Hamatora.,[],Mini Hama: Minimum Hamatora,,,,,,
50,Shin Atashinchi,新あたしンち,,['TV'],26,Finished Airing,"Oct 6, 2015 to Apr 5, 2016",['Fall 2015'],Tuesdays at 19:00 (JST),"None found,","None found,",['Shin-Ei Animation'],['Manga'],"['Comedy', 'Slice of Life']",,,23 min. per ep.,G - All Ages,7.33,#2682,#9440,"4,228",20,1759,"Outrageous misadventures of an almost normal family with a housewife, her husband, and their two kids Yuusuke and Mikan. Wacky humor about this weird family's daily life. (Source: AniDB)","[""Prequel (TV) Atashin'chi"", ""Adaptation (Manga) Atashin'chi""]",Shin Atashin'chi,,Shin Atashinchi,Shin Atashinchi,Shin Atashinchi,,
51,Kamisama Minarai: Himitsu no Kokotama,かみさまみならい ヒミツのここたま,,['TV'],139,Finished Airing,"Oct 1, 2015 to Jun 28, 2018",['Fall 2015'],Thursdays at 17:55 (JST),"['TV Tokyo', 'Lantis']","None found,",['OLM'],Original,"['Fantasy', 'Slice of Life']",,['Kids'],24 min. per ep.,PG - Children,6.30,#8276,#9634,"3,969",16,1017,"Cocotama are tiny gods born from the thoughts and feelings of objects that people use with great care. The fact that Cocotama wear part of the egg they hatch out of as underwear is proof that they are still apprentices. The Cocotama use a mysterious magic, and they train hard to be of use to humans and to become full gods. They live inside human houses and stealthily move around to help humans find things they have lost, although they make many mistakes. (Source: ANN)","['Sequel (TV) Kirakira Happy★Hirake! Cocotama', '']",Kamisama Minarai: Himitsu no Cocotama,,,,,,
52,Hokuto no Ken: Ichigo Aji,DD北斗の拳2 イチゴ味+,DD Fist of the North Star 2: Strawberry Flavor Plus,['TV'],12,Finished Airing,"Oct 7, 2015 to Dec 23, 2015",['Fall 2015'],Wednesdays at 01:35 (JST),['North Stars Pictures'],"None found,",['Ajia-do'],['Manga'],,"['Parody', 'School']",['Seinen'],23 min. per ep.,PG-13 - Teens 13 or older,5.90,#10449,#9665,"3,943",2,1316,"In the 21st century, the characters of Fist of the North Star are living in peaceful Japan. In particular, Kenshirou is a convenience store worker, Raoh works at a factory, and wracked by illness, Toki is looking for work. The legend of the Fighting NEET (Not in Education, Employment, or Training) North Star begins in the modern day. (Source: Crunchyroll) Note: Short stories adapting Hokuto no Ken: Ichigo Aji manga are included at the end of each episode. Serving as a spinoff gag manga of the original Hokuto no Ken series, the story is a parody of Fist of the North Star by Buronson and Tetsuo Hara. It consists of page-long gags centered mainly on Souther, both within his final battle with Kenshiro and inserting himself into other parts of the series where he doesn't belong. One recurring gag involves the kid with a turban repeatedly stabbing Souther in the leg every time he climbs the pyramid's staircase, and another involves Rei suddenly transforming into Souther in his iconic moments. (Source: Hokuto no Ken Wikia)","['Adaptation (Manga) DD Hokuto no Ken', 'Adaptation (Manga) Hokuto no Ken: Ichigo Aji']",DD Hokuto no Ken 2 Ichigo Aji+,,DD Fist of the North Star: Strawberry Flavor,DD First of The North Star Ⅱ: Strawberry Flavor,,['Comedy'],
53,,血液型くん！3,,['TV'],12,Finished Airing,"Oct 13, 2015 to Dec 29, 2015",['Fall 2015'],Tuesdays at 01:08 (JST),['Earth Star Entertainment'],"None found,","['feel.', 'Zexcs', 'Assez Finaud Fabric']",['Web manga'],,,,2 min. per ep.,PG-13 - Teens 13 or older,6.29,#8352,#9695,"3,904",2,1745,"Which type is the best at convincing a father for his daughter's hand in marriage? How does each type behave during a blackout? Whether they are getting rejected by the love of their life, solving a murder mystery, or preparing for an overseas vacation, these stereotypical representations of the four blood types always find a way to make things lively. [Written by MAL Rewrite]","['Prequel (TV) Ketsuekigata-kun! 2', 'Sequel (TV) Ketsuekigata-kun! 4', 'Adaptation (Manhwa) A Simple Thinking About Blood Type', '']",Ketsuekigata-kun! 3,['Anthropomorphic'],,,,['Comedy'],
54,,Peeping Life（ピーピングライフ）TV シーズン1 ??,,['TV'],12,Finished Airing,"Oct 4, 2015 to Dec 20, 2015",['Fall 2015'],Sundays at 02:55 (JST),"None found,","None found,","['Tatsunoko Production', 'CoMix Wave Films', 'FOREST Hunting One']",Original,"['Comedy', 'Slice of Life']",,,23 min. per ep.,G - All Ages,5.69,#11453,#10809,"2,776",6,997,"This ""slow-life anime"" is part of the datsuryoku-kei (ennui-style) genre of comedy that depicts the minutiae of everyday life. The series observes the daily lives of Heroes from the worlds of Tezuka Production and Tatsunoko Production, ""evolved"" for their modern TV appearances, and combines motion-captured improvised acting with computer animation into a series of comedy shorts. (Source: ANN)",[],Peeping Life TV: Season 1??,,Peeping Life TV Season 1??,Peeping Life TV Season 1??,Peeping Life TV Season 1??,,
55,"NekoYon, Neko Nanka Yonde mo Konai",猫なんかよんでもこない。,,['TV'],12,Finished Airing,"Oct 3, 2015 to Dec 19, 2015",['Fall 2015'],Saturdays at 00:54 (JST),"None found,","None found,","None found,",['Manga'],,,['Seinen'],1 min. per ep.,G - All Ages,6.01,#9868,#11617,"2,185",3,725,"The series focuses on a professional boxer who chooses to become a manga artist after sustaining an injury. The man takes in two cats: Kuro, who is very timid, and her younger sister Chin. (Source: Livechart)","['Adaptation (Manga) Neko nanka Yondemo Konai.', '']",Neko nanka Yondemo Konai.,['Pets'],,,,['Slice of Life'],
56,,きょーふ！ゾンビ猫,,['TV'],52,Finished Airing,"Oct 2, 2015 to Sep 30, 2016",['Fall 2015'],Fridays at 02:05 (JST),"None found,","None found,",['Kachidoki Studio'],Original,,,,1 min. per ep.,G - All Ages,5.89,#10482,#13064,"1,384",0,166,"The series of ""warm and soothing"" anime shorts will follow a cat who is suddenly resurrected from the grave and begins to wander around town. Despite being a zombie, the cat is able to get all the townsfolk to fall in love with it. (Source: ANN)",[],Kyoufu! Zombie Neko,,,,,['Comedy'],
57,"Mini Vanguard 2nd Season, Saturday Vanguard 1030",みにヴぁん,,['TV'],26,Finished Airing,"Oct 3, 2015 to Mar 26, 2016",['Fall 2015'],Saturdays at 10:30 (JST),['HeART-BIT'],"None found,",['DLE'],['4-koma manga'],"['Comedy', 'Slice of Life']","['Parody', 'Strategy Game']",,3 min. per ep.,PG-13 - Teens 13 or older,6.13,#9209,#13483,"1,235",0,270,An animated flash series of the manga Mini Vanguard.,"['Prequel (TV) Mini Van', 'Adaptation (Manga) Mini Van']",Mini Van 2nd Season,,,,,,
58,King of Warrior 3,战斗王之飓风战魂3,Infinity Nado 3,['TV'],40,Finished Airing,"Sep 3, 2015 to Oct 12, 2015",['Fall 2015'],Unknown,['Alpha Group'],"None found,",['Alpha Animation'],Original,,,,23 min. per ep.,PG - Children,6.10,#9413,#15077,796,5,353,"Jin, Dawn, Cecilia and Davis help Pandora build up a new world. However, they all lost their memories and become the normal kids that purely like playing nados. Jin attains a mysterious nado when he is wandering, and the other three kids have also got the mysterious nados. Due to the misunderstanding, they four start a battle. Through the battle, they recall their memories, and become good friends again. They work together to smash the scheme of the evil spirit “Hellish ghost”, who want to destroy the world. They take part in the “The Most Powerful Nado Player’s Championship”, who finally defeated the destroyers and protect the world and Infinity Nado. (Source: Official YouTube Channel)","['Prequel (TV) Zhandou Wang Zhi Jufeng Zhan Hun 2', 'Sequel (TV) Zhandou Wang Zhi Jufeng Zhan Hun 5']",Zhandou Wang Zhi Jufeng Zhan Hun 3,,,,,['Action'],
59,,おしりかじり虫　第４シリーズ,Bottom Biting Bug 4,['TV'],10,Finished Airing,"Oct 5, 2015 to Dec 7, 2015",['Fall 2015'],Mondays at 18:25 (JST),"['NHK', 'Sound Team Don Juan']","None found,",['Kinema Citrus'],Music,,,['Kids'],5 min. per ep.,G - All Ages,5.21,#12907,#15697,670,1,256,"A gag comedy about Oshiri Kajiri Mushi XVIII, a 10-year-old insect who goes to Biting School to inherit his family's Biting Shop business. (Source: ANN)","['Prequel (TV) Oshiri Kajiri Mushi (TV) 3rd Season', '']",Oshiri Kajiri Mushi (TV) 4th Season,,Les insectes mord-fesses Staffel 4,Bottom Biting Bug (Oshiri Kajiri Mushi) Temporada 4,Les insectes mord-fesses Saison 4,['Comedy'],
60,"I Really Want to Join the Zodiac, Etoneko",どうしても干支にはいりたい,,['TV'],13,Finished Airing,"Oct 11, 2015 to Jan 10, 2016",['Fall 2015'],Sundays at 09:20 (JST),['Studio Mausu'],"None found,",['Pollyanna Graphics'],['Web manga'],,,,6 min. per ep.,G - All Ages,6.01,#9896,#15985,627,2,130,"Rat, a member of the Zodiac, meets a normal cat at a park one day. Rat comes to love Cat so much that it becomes very eager to get Cat to become a member of the Zodiac. Cat goes with Rat to meet the rest of the 12 members of the Zodiac to ask them to become a member. (Source: ANN)","['Sequel (TV) Doushitemo Eto ni Hairitai 2', '']",Doushitemo Eto ni Hairitai,,,,,['Comedy'],
61,Dayan the Cat Goes to Japan,猫のダヤン　日本へ行く,,['TV'],12,Finished Airing,"Oct 17, 2015 to Jan 9, 2016",['Fall 2015'],Saturdays at 07:00 (JST),"None found,","None found,",['Kachidoki Studio'],Picture book,,,['Kids'],3 min. per ep.,G - All Ages,[],#20612,#17528,456,1,,Second season of Dayan the Cat. The titular character and his friends energetically explore Japan. (Source: LiveChart),"['Prequel (TV) Neko no Dayan', 'Sequel (TV) Neko no Dayan: Fushigi Gekijou']",Neko no Dayan: Nihon e Iku,['Anthropomorphic'],,,,['Fantasy'],
62,,どちゃもん じゅにあ,,['TV'],16,Finished Airing,"Oct 5, 2015 to Feb 22, 2016",['Fall 2015'],Mondays at 18:45 (JST),['Calf Studio'],"None found,","None found,",Original,,,['Kids'],9 min. per ep.,G - All Ages,[],#17663,#18374,392,0,,Japan has 47 prefectures and each one has a guardian spirit called a Dochamon. Dochamon Junior follows guardian spirits in training to one day take over the jobs of their elders. But these juniors have a lot of growing up to do before they graduate!,"['Sequel (TV) Dochamon Junior 2', '']",Dochamon Junior,,,,,['Comedy'],
63,Balloon Dog Tinny 2nd Season,ふうせんいぬティニー 第2シリーズ,,['TV'],26,Finished Airing,"Sep 25, 2015 to Mar 25, 2016",['Fall 2015'],Fridays at 06:40 (JST),['NHK'],"None found,","[""Steve N' Steven""]",Picture book,,,['Kids'],5 min. per ep.,G - All Ages,[],#18054,#18591,376,1,,Follows a dog and his friends who wear balloons and explore a kingdom in the clouds.,"['Prequel (TV) Fuusen Inu Tinny', '']",Fuusen Inu Tinny 2nd Season,,,,,['Adventure'],
64,GG Bond 10,猪猪侠 五灵守卫者,GG Bond Season 10: The Legend of Warriors,['TV'],52,Finished Airing,"Sep 18, 2015 to Dec 2015",['Fall 2015'],Unknown,"None found,","None found,","None found,",Original,,,['Kids'],15 min. per ep.,G - All Ages,[],#16373,#19590,308,0,,G.G. Bond finally won the appreciation of Princess Crystal and moved to Crystal City. But conspiracy traps lurk in the darkness out to frame G.G. Bond an ruin his good name.,"['Prequel (TV) Zhu Zhu Xia: Bai Bian Lian Meng', 'Sequel (TV) Zhu Zhu Xia: Guang Ming Shou Wei Zhe']",Zhu Zhu Xia: Wu Ling Shou Wei Zhe,['Super Power'],,,,['Sci-Fi'],
65,,斗龙战士3龙印之战,,['TV'],60,Finished Airing,"Sep 1, 2015 to Oct 31, 2015",['Fall 2015'],Unknown,"None found,","None found,","None found,",Original,,,['Kids'],22 min. per ep.,PG - Children,[],#17762,#22998,137,0,,No synopsis information has been added to this title. Help improve our database by adding a synopsis here.,"['Prequel (TV) Dou Long Zhanshi 2: Xing Long Sheng Yu', 'Sequel (TV) Dou Long Zhanshi 4: Shuanglong He']",Dou Long Zhanshi 3: Long Yin Zhi Zhan,['Mecha'],,,,['Sci-Fi'],
66,Gaelleogsi Kijeu,갤럭시 키즈,Galaxy Kids,['TV'],26,Finished Airing,"Sep 19, 2015 to Apr 9, 2016",['Fall 2015'],Unknown,"None found,","None found,",['Central Animation Studio'],Original,,,['Kids'],11 min. per ep.,PG - Children,[],#18088,#23607,118,0,,No synopsis information has been added to this title. Help improve our database by adding a synopsis here.,[],Galaxy Kids,['Anthropomorphic'],,,,['Adventure'],
67,,토닥 토닥 꼬모,Pat a Pat Como,['TV'],18,Finished Airing,"Nov 17, 2015 to Dec 15, 2015",['Fall 2015'],Unknown,"None found,","None found,","None found,",Original,,,['Kids'],7 min. per ep.,PG - Children,[],#14927,#24626,100,0,,Pat a Pat Como is a Korean-American animated children's comedy television series.,[],Todag Todag Kkomo,,,,,['Comedy'],
68,,加油吧!三二班,,['TV'],10,Finished Airing,"Oct 1, 2015 to Oct 5, 2015",['Fall 2015'],Unknown,"None found,","None found,","None found,",Original,,,['Kids'],15 min. per ep.,PG - Children,[],#18978,#24801,97,0,,No synopsis information has been added to this title. Help improve our database by adding a synopsis here.,"['Sequel (TV) Jiayou Ba! San Er Ban 2nd Season', '']",Jiayou Ba! San Er Ban,['School'],,,,,
69,,こども刑事めめたん,,['TV'],8,Finished Airing,"Nov 8, 2015 to Dec 27, 2015",['Fall 2015'],Unknown,"None found,","None found,","None found,",Unknown,,,,4 min. per ep.,G - All Ages,[],#19494,#27771,60,0,,No synopsis information has been added to this title. Help improve our database by adding a synopsis here.,[],Kodomo Keiji Memetan,,,,,['Comedy'],
70,,바이클론즈 4기,,['TV'],28,Finished Airing,"Sep 17, 2015 to Nov 5, 2015",['Fall 2015'],Unknown,"None found,","None found,","None found,",Original,"['Action', 'Sci-Fi']",,['Kids'],10 min. per ep.,PG - Children,[],#16951,#27766,60,0,,No synopsis information has been added to this title. Help improve our database by adding a synopsis here.,"['Prequel (TV) Biklonz 3rd Season', 'Sequel (TV) Biklonz 5th Season']",Biklonz 4th Season,,,,,,
71,Naruto Hurricane Chronicles,-ナルト- 疾風伝,Naruto Shippuden,['TV'],500,Finished Airing,"Feb 15, 2007 to Mar 23, 2017",['Winter 2007'],Thursdays at 19:30 (JST),"['TV Tokyo', 'Aniplex', 'KSS', 'Rakuonsha', 'TV Tokyo Music', 'Shueisha']",['VIZ Media'],['Pierrot'],['Manga'],"['Action', 'Adventure', 'Fantasy']",,['Shounen'],23 min. per ep.,PG-13 - Teens 13 or older,8.28,#303,#16,"2,596,305","115,572",1727549,"It has been two and a half years since Naruto Uzumaki left Konohagakure, the Hidden Leaf Village, for intense training following events which fueled his desire to be stronger. Now Akatsuki, the mysterious organization of elite rogue ninja, is closing in on their grand plan which may threaten the safety of the entire shinobi world. Although Naruto is older and sinister events loom on the horizon, he has changed little in personality—still rambunctious and childish—though he is now far more confident and possesses an even greater determination to protect his friends and home. Come whatever may, Naruto will carry on with the fight for what is important to him, even at the expense of his own body, in the continuation of the saga about the boy who wishes to become Hokage. [Written by MAL Rewrite]","['Prequel (TV) Naruto', 'Sequel (Movie) Boruto: Naruto the Movie', 'Sequel (TV) Boruto: Naruto Next Generations', 'Adaptation (Manga) Naruto']",Naruto: Shippuuden,['Martial Arts'],Naruto Shippuden,Naruto Shippuden,Naruto Shippuden,,
72,OP,ONE PIECE,One Piece,['TV'],Unknown,Currently Airing,"Oct 20, 1999 to ?",['Fall 1999'],Sundays at 09:30 (JST),"['Fuji TV', 'TAP', 'Shueisha']","['Funimation', '4Kids Entertainment']",['Toei Animation'],['Manga'],"['Action', 'Adventure', 'Fantasy']",,['Shounen'],24 min.,PG-13 - Teens 13 or older,8.73,#51,#17,"2,494,544","234,511",1418380,"Barely surviving in a barrel after passing through a terrible whirlpool at sea, carefree Monkey D. Luffy ends up aboard a ship under attack by fearsome pirates. Despite being a naive-looking teenager, he is not to be underestimated. Unmatched in battle, Luffy is a pirate himself who resolutely pursues the coveted One Piece treasure and the King of the Pirates title that comes with it. The late King of the Pirates, Gol D. Roger, stirred up the world before his death by disclosing the whereabouts of his hoard of riches and daring everyone to obtain it. Ever since then, countless powerful pirates have sailed dangerous seas for the prized One Piece only to never return. Although Luffy lacks a crew and a proper ship, he is endowed with a superhuman ability and an unbreakable spirit that make him not only a formidable adversary but also an inspiration to many. As he faces numerous challenges with a big smile on his face, Luffy gathers one-of-a-kind companions to join him in his ambitious endeavor, together embracing perils and wonders on their once-in-a-lifetime adventure. [Written by MAL Rewrite]","['Adaptation (Manga) One Piece', 'Adaptation (Light Novel) One Piece: Loguetown-hen']",One Piece,,,,,,
73,Fairy Tail Season 2,FAIRY TAIL（フェアリーテイル）,Fairy Tail Series 2,['TV'],102,Finished Airing,"Apr 5, 2014 to Mar 26, 2016",['Spring 2014'],Saturdays at 10:30 (JST),"['TV Tokyo', 'Dentsu']",['Funimation'],"['A-1 Pictures', 'Bridge']",['Manga'],"['Action', 'Adventure', 'Fantasy']",,['Shounen'],24 min. per ep.,PG-13 - Teens 13 or older,7.65,#1416,#161,"1,035,515","12,467",578163,"The Grand Magic Games reaches its climax following Natsu Dragneel and Gajeel Redfox's stunning victory over Sting Eucliffe and Rogue Cheney of the Sabertooth guild. This success pushes the Fairy Tail guild closer to being crowned the overall champions, but obtaining victory is not the only challenge they face. A mystery still surrounds a hooded stranger and the ominous Eclipse Gate, leaving more questions than answers. More crazy adventures are on the horizon for Fairy Tail as their destructive antics and joyful rowdiness continue unabated. Their greatest trial is quickly approaching, but united as a family, the guild will always be ready to face any threat that comes their way. [Written by MAL Rewrite]","['Prequel (TV) Fairy Tail', 'Sequel (TV) Fairy Tail: Final Series', 'Adaptation (Manga) Fairy Tail', 'Adaptation (Manga) Fairy Tail Zerø']",Fairy Tail (2014),,Fairy Tail Zweite Staffel,Fairy Tail Temporada 2,Fairy Tail Deuxième Saison,,
74,"Dragon Ball Chou, DB Super, DBS",ドラゴンボール超（スーパー）,Dragon Ball Super,['TV'],131,Finished Airing,"Jul 5, 2015 to Mar 25, 2018",['Summer 2015'],Sundays at 09:00 (JST),"['Yomiko Advertising', 'Fuji TV']",['Funimation'],['Toei Animation'],['Manga'],"['Action', 'Adventure', 'Comedy', 'Fantasy']",,['Shounen'],23 min. per ep.,PG-13 - Teens 13 or older,7.46,#2107,#218,"868,826","10,977",559089,"Seven years after the defeat of Majin Buu, Earth is at peace, and its people live free from any dangers lurking in the universe. However, this peace is short-lived; a sleeping threat awakens in the dark reaches of the galaxy: Beerus, the ruthless God of Destruction. Disturbed by a prophecy that he will be defeated by a ""Super Saiyan God,"" Beerus and his angelic attendant Whis search the universe for this mysterious being. Before long, they reach Earth and encounter Gokuu Son, one of the planet's mightiest warriors, and his powerful friends. [Written by MAL Rewrite]","['Sequel (Movie) Dragon Ball Super: Broly', 'Adaptation (Manga) Dragon Ball Super']",Dragon Ball Super,['Martial Arts'],,,,,
75,Gintama' (2015),銀魂°,Gintama Season 4,['TV'],51,Finished Airing,"Apr 8, 2015 to Mar 30, 2016",['Spring 2015'],Wednesdays at 18:00 (JST),"['TV Tokyo', 'Aniplex', 'Dentsu']","['Funimation', 'Crunchyroll']",['Bandai Namco Pictures'],['Manga'],"['Action', 'Comedy', 'Sci-Fi']","['Gag Humor', 'Historical', 'Parody', 'Samurai']",['Shounen'],24 min. per ep.,PG-13 - Teens 13 or older,9.05,#6,#344,"656,978","17,039",260557,"Gintoki, Shinpachi, and Kagura return as the fun-loving but broke members of the Yorozuya team! Living in an alternate-reality Edo, where swords are prohibited and alien overlords have conquered Japan, they try to thrive on doing whatever work they can get their hands on. However, Shinpachi and Kagura still haven't been paid... Does Gin-chan really spend all that cash playing pachinko? Meanwhile, when Gintoki drunkenly staggers home one night, an alien spaceship crashes nearby. A fatally injured crew member emerges from the ship and gives Gintoki a strange, clock-shaped device, warning him that it is incredibly powerful and must be safeguarded. Mistaking it for his alarm clock, Gintoki proceeds to smash the device the next morning and suddenly discovers that the world outside his apartment has come to a standstill. With Kagura and Shinpachi at his side, he sets off to get the device fixed; though, as usual, nothing is ever that simple for the Yorozuya team. Filled with tongue-in-cheek humor and moments of heartfelt emotion, Gintama's fourth season finds Gintoki and his friends facing both their most hilarious misadventures and most dangerous crises yet. [Written by MAL Rewrite]","[""Prequel (TV) Gintama': Enchousen"", 'Sequel (TV) Gintama.', 'Adaptation (Manga) Gintama', '']",Gintama°,,Gintama Season 4,Gintama Temporada 4,Gintama Saison 4,,
76,,GOD EATER,God Eater,['TV'],13,Finished Airing,"Jul 12, 2015 to Mar 26, 2016",['Summer 2015'],Sundays at 22:30 (JST),"['Bandai Visual', 'Lantis', 'Anime Consortium Japan']",['Aniplex of America'],['ufotable'],Game,"['Action', 'Fantasy', 'Sci-Fi']",,,23 min. per ep.,R - 17+ (violence & profanity),7.18,#3501,#424,"560,071","1,951",260814,"The year is 2071. Humanity has been pushed to the brink of extinction following the emergence of man-eating monsters called ""Aragami"" that boast an immunity to conventional weaponry. They ravaged the land, consuming almost everything in their path and leaving nothing in their wake. To combat them, an organization named Fenrir was formed as a last-ditch effort to save humanity through the use of ""God Eaters""—special humans infused with Oracle cells, allowing them to wield the God Arc, the only known weapon capable of killing an Aragami. One such God Eater is Lenka Utsugi, a New-Type whose God Arc takes the form of both blade and gun. Now, as one of Fenrir's greatest weapons, Lenka must master his God Arc if he is to fulfill his desire of wiping out the Aragami once and for all. The monsters continue to be born en masse while the remnants of humanity struggle to survive the night. Only God Eaters stand between the Aragami and complete and total annihilation of the human race. [Written by MAL Rewrite]","['Prequel (Special) God Eater Prologue', '']",God Eater,['Military'],,,,,
77,,ワールドトリガー,World Trigger,['TV'],73,Finished Airing,"Oct 5, 2014 to Apr 3, 2016",['Fall 2014'],Sundays at 06:30 (JST),['TV Asahi'],['Sentai Filmworks'],['Toei Animation'],['Manga'],"['Action', 'Sci-Fi']",,['Shounen'],23 min. per ep.,PG-13 - Teens 13 or older,7.58,#1642,#547,"445,110","2,987",153386,"When a gate to another world suddenly opens on Earth, Mikado City is invaded by strange creatures known as ""Neighbors,"" malicious beings impervious to traditional weaponry. In response to their arrival, an organization called the Border Defense Agency has been established to combat the Neighbor menace through special weapons called ""Triggers."" Even though several years have passed after the gate first opened, Neighbors are still a threat and members of Border remain on guard to ensure the safety of the planet. Despite this delicate situation, members-in-training, such as Osamu Mikumo, are not permitted to use their Triggers outside of headquarters. But when the mysterious new student in his class is dragged into a forbidden area by bullies, they are attacked by Neighbors, and Osamu has no choice but to do what he believes is right. Much to his surprise, however, the transfer student Yuuma Kuga makes short work of the aliens, revealing that he is a humanoid Neighbor in disguise. [Written by MAL Rewrite]","['Sequel (TV) World Trigger 2nd Season', 'Adaptation (Manga) World Trigger']",World Trigger,,,,,,
78,Detective Conan,名探偵コナン,Case Closed,['TV'],Unknown,Currently Airing,"Jan 8, 1996 to ?",['Winter 1996'],Saturdays at 18:00 (JST),"['Yomiuri Telecasting', 'Shogakukan', 'Audio Planning U', 'Tokyo Movie', 'Polydor Records']","['Funimation', 'Crunchyroll']",['TMS Entertainment'],['Manga'],"['Adventure', 'Comedy', 'Mystery']",,['Shounen'],24 min.,PG-13 - Teens 13 or older,8.17,#433,#704,"360,640","15,327",164255,"Shinichi Kudou, a high school student of astounding talent in detective work, is well known for having solved several challenging cases. One day, when Shinichi spots two suspicious men and decides to follow them, he inadvertently becomes witness to a disturbing illegal activity. Unfortunately, he is caught in the act, so the men dose him with an experimental drug formulated by their criminal organization, leaving him to his death. However, to his own astonishment, Shinichi lives to see another day, but now in the body of a seven-year-old child. Perfectly preserving his original intelligence, he hides his real identity from everyone, including his childhood friend Ran Mouri and her father, private detective Kogorou Mouri. To this end, he takes on the alias of Conan Edogawa, inspired by the mystery writers Arthur Conan Doyle and Ranpo Edogawa. Shinichi, as Conan, starts secretly solving the senior Mouri's cases from behind the scenes with his still exceptional sleuthing skills, while covertly investigating the organization responsible for his current state, hoping to reverse the drug's effects someday. [Written by MAL Rewrite]","['Adaptation (Manga) Meitantei Conan', '']",Meitantei Conan,['Detective'],Case Closed,,,,
79,Ushio and Tora,うしおととら,Ushio & Tora (2015),['TV'],26,Finished Airing,"Jul 3, 2015 to Dec 25, 2015",['Summer 2015'],Fridays at 22:30 (JST),"['Sotsu', 'Showgate', 'Tokuma Japan Communications', 'Daiichi Shokai']",['Sentai Filmworks'],"['MAPPA', 'Studio VOLN']",['Manga'],"['Action', 'Adventure', 'Supernatural']",,['Shounen'],24 min. per ep.,PG-13 - Teens 13 or older,7.57,#1680,#1119,"232,832",718,102734,"Ushio Aotsuki is a stubborn middle school student and son of an eccentric temple priest who goes about life without care for his father's claims regarding otherworldly monsters known as youkai. However, as he is tending to the temple while his father is away on work, his chores lead him to a shocking discovery: in the basement he finds a menacing youkai impaled by the fabled Beast Spear. The beast in question is Tora, infamous for his destructive power, who tries to coerce Ushio into releasing him from his five hundred year seal. Ushio puts no trust in his words and refuses to set him free. But when a sudden youkai outbreak puts his friends and home in danger, he is left with no choice but to rely on Tora, his only insurance being the ancient spear if he gets out of hand. Ushio and Tora's meeting is only the beginning of the unlikely duo's journey into the depths of the spiritual realm. With the legendary Beast Spear in his hands, Ushio will find out just how real and threatening the world of the supernatural can be. [Written by MAL Rewrite]","['Sequel (TV) Ushio to Tora (TV) 2nd Season', 'Adaptation (Manga) Ushio to Tora']",Ushio to Tora (TV),['Mythology'],Ushio & Tora,Ushio & Tora,Ushio & Tora,,
80,"Daiya no Ace: Second Season, Ace of the Diamond: 2nd Season",ダイヤのA[エース]～Second Season～,Ace of Diamond: Second Season,['TV'],51,Finished Airing,"Apr 6, 2015 to Mar 28, 2016",['Spring 2015'],Mondays at 18:00 (JST),"['TV Tokyo', 'Sotsu', 'Pony Canyon', 'Kodansha', 'AT-X']","None found,","['Production I.G', 'Madhouse']",['Manga'],,"['School', 'Team Sports']",['Shounen'],24 min. per ep.,PG-13 - Teens 13 or older,8.30,#279,#1703,"143,152","1,095",79500,"After the National Tournament, the Seidou High baseball team moves forward with uncertainty as the Fall season quickly approaches. In an attempt to build a stronger team centered around their new captain, fresh faces join the starting roster for the very first time. Previous losses weigh heavily on the minds of the veteran players as they continue their rigorous training, preparing for what will inevitably be their toughest season yet. Rivals both new and old stand in their path as Seidou once again climbs their way toward the top, one game at a time. Needed now more than ever before, Furuya and Eijun must be determined to pitch with all their skill and strength in order to lead their team to victory. And this time, one of these young pitchers may finally claim that coveted title: ""The Ace of Seidou."" [Written by MAL Rewrite]","['Prequel (TV) Diamond no Ace', 'Sequel (TV) Diamond no Ace: Act II', 'Adaptation (Manga) Diamond no Ace', '']",Diamond no Ace: Second Season,,Ace of the Diamond: Zweite Staffel,Ace of the Diamond Temporada 2,Ace of the Diamond: Deuxième saison,['Sports'],
81,,クレヨンしんちゃん,Shin Chan,['TV'],Unknown,Currently Airing,"Apr 13, 1992 to ?",['Spring 1992'],Fridays at 19:30 (JST),['TV Asahi'],['Funimation'],['Shin-Ei Animation'],['Manga'],"['Comedy', 'Ecchi']",,['Seinen'],21 min.,G - All Ages,7.80,#1028,#2400,"88,017","1,330",42173,"There is no such thing as an uneventful day in the life of kindergartener Shinnosuke ""Shin-chan"" Nohara. The five-year-old is a cut above the most troublesome, perverted, and shameless kid one can imagine. Shin-chan is almost always engaged in questionable activities such as forgetting about a friend during hide and seek, sumo wrestling for love, performing various gags including the notorious ""elephant"" in public, and flirting with college girls. The exemplary troublemaker has done it all and has no plans to stop anytime soon. Crayon Shin-chan follows the daily shenanigans of Shin-chan with his group of friends, parading around as the self-proclaimed ""Kasukabe Defense Force."" The adults witnessing these shenanigans unfold can't help but adore Shin-chan, as he keeps them entertained while unintentionally solving their daily troubles through his mindless antics—leaving himself as the only problem they do not know what to do with. [Written by MAL Rewrite]","['Adaptation (Manga) Crayon Shin-chan', '']",Crayon Shin-chan,['School'],Shin Chan,Shin Chan,,,
82,"Yugioh, Yuu Gi Ou! Arc-V, Yu-Gi-Oh! Arc Five, Yu-Gi-Oh! Arc-V",遊☆戯☆王　アーク・ファイブ ARC-V,Yu-Gi-Oh! Arc-V,['TV'],148,Finished Airing,"Apr 6, 2014 to Mar 26, 2017",['Spring 2014'],Sundays at 17:30 (JST),"['TV Tokyo', 'Nihon Ad Systems', 'Marvelous AQL', 'Konami Cross Media NY']","None found,",['Gallop'],['Manga'],"['Action', 'Fantasy']",,['Shounen'],24 min. per ep.,PG-13 - Teens 13 or older,6.72,#5808,#2813,"68,026",502,35675,"Action Duels, which allow duelists to soar and swing alongside their Duel Monsters, are taking the world by storm. Due to an evolutionary breakthrough, the ""Solid Vision"" system is now able to provide Duel Monsters with mass. Yuuya Sakaki is Yuusho Sakaki's son, the latter being the founder of You Show Duel School in Miami City. Yuusho insists that duels are not a tool of war, but rather are to bring smiles to people and thus introduced the concept of Entertainment Dueling. However, at the height of his fame, Yuusho disappears and fails to attend his duel with Strong Ishijima, the Action Duel champion. Although scarred by this sudden leave, Yuuya vows to become an Entertainment Duelist like his father. Several years later, in the midst of a battle with Strong Ishijima, Yuuya's desperation to win brings forth a miracle. His pendant begins glowing, turning his cards into Pendulum Cards, which enables him to perform a Pendulum Summon—a summoning method unknown to the world and himself—gaining him fame overnight. As a result, Reiji Akaba, CEO of Leo Corporation and founder of the elite Leo Duel School, starts producing new Pendulum Cards to incorporate Pendulum Summoning into the system. Thus, the mysteries that surround Pendulum Summoning and Yuuya's father start to unravel, and Yuuya learns bit by bit what it takes to become an Entertainment Duelist. [Written by MAL Rewrite]","['Adaptation (One-shot) Yu☆Gi☆Oh! Arc-V', 'Adaptation (Manga) Yu☆Gi☆Oh! Arc-V']",Yu☆Gi☆Oh! Arc-V,['Strategy Game'],Yu-Gi-Oh! Arc-V,Yu-Gi-Oh! Arc-V,Yu-Gi-Oh! Arc-V,,
83,"Aikatsu! Idol Katsudou! Idol ga Tsudou!, Aidoru ga Tsudou!, Aikatsu! 2, Idol ga Tsudou! 2",アイカツ！アイドルカツドウ！,,['TV'],178,Finished Airing,"Oct 8, 2012 to Mar 31, 2016",['Fall 2012'],Thursdays at 18:30 (JST),"['TV Tokyo', 'Bandai Visual', 'Dentsu']","None found,","['Sunrise', 'Bandai Namco Pictures']",Original,,"['Idols (Female)', 'Music', 'School']",,24 min. per ep.,PG - Children,7.47,#2054,#3497,"45,709",918,15211,"An idol's brilliance illuminates the dreams of humanity. Starlight Academy, a holy ground for celebrities in training, seeks to realize this belief. Behind its rigorous entrance requirements lie not only the top young stars in the entertainment business, but some of the best memories these students will ever have. Or so Aoi Kiriya believes. Alongside her best friend Ichigo, Aoi decides to apply for the prestigious private school in hopes of living up to the praise of the biggest idol in the world: Mizuki Kanzaki. As they journey through the numerous laughs, friendships, and heartbreaks that await them, can the two girls light up the lives of others as Mizuki has done for them? Whether it be chopping down Christmas trees, traversing obstacle courses, or even rock climbing, there's always a playful new adventure to be found in the world of Aikatsu!. [Written by MAL Rewrite]","['Sequel (Movie) Aikatsu!: Nerawareta Mahou no Aikatsu! Card', '']",Aikatsu!,,,,,['Slice of Life'],
84,Yokai Watch,妖怪ウォッチ,Yo-kai Watch,['TV'],214,Finished Airing,"Jan 8, 2014 to Mar 30, 2018",['Winter 2014'],Fridays at 18:30 (JST),"['TV Tokyo', 'Dentsu']",['Dentsu Entertainment USA'],['OLM'],Game,"['Comedy', 'Supernatural']",,['Kids'],23 min. per ep.,G - All Ages,6.68,#6016,#3993,"35,140",270,16270,"Primary school student Keita Amano's curiosity is as innocent as any other child's his age. But when one day he decides to venture deeper into the forest, he encounters a small and mysterious capsule. Out from its depths comes Whisper. After 190 years of imprisonment, this ghost-like creature is glad that someone has been kind enough to set him free. He decides to reward Keita by becoming his guardian against supernatural forces. Whisper is one of many Youkai that exist in the world, and provides Keita with a special Youkai Watch, which enables him to see and interact with all the other Youkai. Youkai Watch follows Keita, Whisper and the cat spirit Jibanyan as they encounter Youkai, befriend them, fix all the trouble that they so often cause, and, with the help of the watch, use the powers of previously encountered Youkai to aid them. Young Keita may have been just an ordinary primary school student when he first encountered the Youkai, but the many adventures that follow his discovery provide him with invaluable experiences and precious life lessons that help him grow.","['Sequel (TV) Youkai Watch!', 'Adaptation (Manga) Youkai Watch']",Youkai Watch,['Mythology'],Yo-Kai Watch,Yo-Kai Watch,Yo-Kai Watch,,
85,,アクエリオンロゴス,,['TV'],26,Finished Airing,"Jul 3, 2015 to Dec 25, 2015",['Summer 2015'],Fridays at 00:00 (JST),['C2C'],['Funimation'],['Satelight'],Original,"['Action', 'Fantasy', 'Romance', 'Sci-Fi']",,,24 min. per ep.,PG-13 - Teens 13 or older,5.70,#11364,#4718,"24,519",20,7693,"For thousands of years after its development, mankind used the written word for communication between people and generations. As millenia passed and technology became more prevalent, writing - and thus, communication as a whole - diminished, until it could only be found on cell phones and computer screens. Seeing an opportunity, the sorcerer Sogan Kenzaki starts infecting words with the Nesta Virus, which brings them to life and turns them into monsters called MJBK (Menace of Japanese with Biological Kinetic energy). To counter this attack against humanity, an organization known as DEAVA (Division of EArth Verbalism Ability) assembles a group of youths with the ability of ""Verbalism"". They have to pilot the vector machines, which are used to form the mechas dubbed ""Aquarions"". The one wild card in the situation is the self-dubbed ""savior"", a young man who is the direct relative of a famous calligrapher, named Akira Kaibuki.","['Prequel (TV) Aquarion Evol', '']",Aquarion Logos,['Mecha'],,,,,
86,"Puri Para, Pri Para, PuriPara, Prism Paradise",プリパラ,,['TV'],140,Finished Airing,"Jul 5, 2014 to Mar 28, 2017",['Summer 2014'],Tuesdays at 17:55 (JST),['TV Tokyo'],"None found,","['Tatsunoko Production', 'Dongwoo A&E']",Game,,"['Idols (Female)', 'Music', 'School']",,23 min. per ep.,PG - Children,7.52,#1903,#4812,"23,383",461,6947,"Every little girl waits for the day she'll get her special ticket, one that will grant her entry into the world of PriPara (Prism Paradise). PriPara is a world of music, fashion, and daily auditions for a chance to become a pop idol. Laala Manaka's friends and classmates aspire to become idols, but her school forbids elementary school students from participating in the idol competitions. Luckily, Laala is only interested in watching the idol shows. Yet somehow despite all this, she manages to bumble her way into the PriPara world, and debut as a fresh new talent. After being told all her life that she's too loud, Laala has finally found a place where she can be as loud as she wants and sing from her heart. And not only that, but there's a possibility that she might be the legendary Prism Voice. Adventure, fashion, and music awaits as Laala climbs her way to the top, on her way to become the cutest and most beloved pop idol in the world of PriPara!","['Sequel (TV) Idol Time PriPara', '']",PriPara,,,,,['Slice of Life'],
87,,ドラえもん (2005),,['TV'],Unknown,Currently Airing,"Apr 22, 2005 to ?",['Spring 2005'],Fridays at 19:00 (JST),['TV Asahi'],"None found,",['Shin-Ei Animation'],['Manga'],"['Comedy', 'Sci-Fi']",,,25 min.,PG - Children,7.72,#1247,#4999,"21,404",239,9584,"Doraemon (2005) is the most recent anime series based on Fujiko Fujio's manga of the same name. It is the 2005 version of 1979 series, with certain changes in the animation and other things. Doraemon is a cat-like robot who appears in the present to steer Nobita/Noby, who is a dumb, naive and clumsy boy on the right path in order to secure his future. Nobita's love interest is Shizuka Minamoto/Sue, his frenemies are Takeshi Goda/Big G and Suneo/Sneech. (Source: Wikipedia)","['Prequel (TV) Doraemon (1979)', 'Adaptation (Manga) Doraemon']",Doraemon (2005),['Anthropomorphic'],,,,,"['Kids', 'Shounen']"
88,,Go! プリンセスプリキュア,Go! Princess Pretty Cure,['TV'],50,Finished Airing,"Feb 1, 2015 to Jan 31, 2016",['Winter 2015'],Sundays at 08:30 (JST),"None found,","None found,",['Toei Animation'],Original,"['Action', 'Comedy']","['Mahou Shoujo', 'School']",,24 min. per ep.,G - All Ages,7.81,#1020,#5097,"20,405",361,7829,"Ever since she was young, Haruka Haruno has always aspired to become a princess. Despite being mocked for this seemingly childish wish, Haruka perseveres to make her dream a reality, ultimately culminating in her acceptance into the prestigious Noble Academy—the birthplace of people's fantasies. When Haruka arrives at her new school, a chance encounter with a pair of magical creatures influences a series of unbelievable events, and Haruka awakens as ""Cure Flora,"" the princess of blooming flowers. After two of Haruka's classmates also transform into legendary princesses, a story of self-discovery unfolds as the newfound team ""Princess Precure"" carries the responsibility of protecting everyone's dreams. Engaged in a battle between hope and despair, Haruka may find the key toward becoming the princess she has always dreamed to be. [Written by MAL Rewrite]","['Adaptation (Manga) Go! Princess Precure', '']",Go! Princess Precure,,,,,,
89,,ぐでたま,The Lazy Egg,['TV'],1717,Finished Airing,"Mar 31, 2014 to Dec 24, 2023",['Spring 2014'],Not scheduled once per week,['Sanrio'],"None found,",['Gathering'],Original,"['Comedy', 'Gourmet']",,['Kids'],1 min. per ep.,G - All Ages,6.62,#6398,#5996,"13,397",60,2721,"Gudetama, an egg that is dead to the world and completely lacks motivation. No matter what cooking method you use, Gudetama remains unmoved. (Source: ANN)",[],Gudetama,,,,,,
90,Hometown Rebuilding: Folktales from Japan,ふるさと再生 日本の昔ばなし,Folktales from Japan,['TV'],258,Finished Airing,"Apr 1, 2012 to Mar 26, 2017",['Spring 2012'],Sundays at 09:00 (JST),"['TV Tokyo', 'Sony Music Entertainment', 'Peter Pan Creation']","None found,",['Tomason'],Other,,,['Kids'],24 min. per ep.,G - All Ages,6.93,#4667,#6444,"11,151",26,2789,"Like in any culture, Japanese kids grow up listening to the stories repeatedly told by their parents and grandparents. The boy born from a peach; the princess from the moon who is discovered inside a bamboo; the old man who can make a dead cherry tree blossom, etc. These short stories that teach kids to see both the dark and bright sides of life have passed traditional moral values from generation to generation. Each half-hour episode of Folktales from Japan consists of three self-contained stories, well-known and unknown, with a special focus on heartwarming stories that originate from Tohoku, the northern region heavily touched by the earthquake of 2011. May this program help cheer up earthquake victims and cast a light of hope for them? (Source: Crunchyroll)","['Sequel (TV) Furusato Meguri: Nippon no Mukashibanashi', '']",Furusato Saisei: Nippon no Mukashibanashi,['Historical'],Folktales from Japan,Historias Tradicionales Japonesas para la Reconstrucción de los Pueblos,Folktales from Japan,['Supernatural'],
91,,サザエさん,Mrs. Sazae,['TV'],Unknown,Currently Airing,"Oct 5, 1969 to ?",['Fall 1969'],Sundays at 18:30 (JST),['Fuji TV'],"None found,",['Eiken'],['4-koma manga'],"['Comedy', 'Slice of Life']",,,24 min.,G - All Ages,6.14,#9129,#7128,"8,794",39,1934,"The main character is a mother named Sazae-san. She lives in a house with her husband, her kids and her parents. The show is the ultimate family program and tends to follow traditional themes. Think of this show as the Japanese equivalent to ""The Partridge Family"" and you'll get a good feel for this show's atmosphere. Don't expect to see things like violence, swearing, kung-fu action or magical girls. The plots are more like ""Today, Sazae-san goes to the new mall and gets lost"". Such ""boring"" plotlines and the simplistic art are often a turn-off to non-Japanese audiences, but most Japanese find the show incredibly good. As a result, it continues to be one of the top ratings grabbers on TV and is one of the few anime that is considered ""acceptable"" by adults. (Source: AniDB)","['Adaptation (Manga) Sazae-san', '']",Sazae-san,,,,,,
92,"Ninja Boy Rantaro, Rakudaii Nintama Rantarou",忍たま乱太郎,,['TV'],Unknown,Currently Airing,"Apr 10, 1993 to ?",['Spring 1993'],Not scheduled once per week,"['NHK', 'Sogo Vision', 'NHK Enterprises']","None found,","['Ajia-do', 'Gakken']",['Manga'],,,['Kids'],10 min.,G - All Ages,7.08,#4017,#7386,"8,012",77,2550,"Taking place in the Sengoku Period, Rantarou, Kirimaru and Shinbei are young students at Ninjutsu Academy, a school that teaches all kinds of youth how to become ninjas. Known as ""Nintamas"" (a contraction of ninja + tama [egg]), the main trio, and many other students at the school, must learn all sorts of unique skills to achieve their goal. Unfortunately, things aren't that simple, since our protagonists constantly find themselves failing their classes. With strict ninja teachers such as Doi-sensei and Yamada-sensei, the mischievous girls from the Kunoichi class, an entire crew of pirates and dozens more interesting characters, anything can happen in the crazy world of Nintama. The episodes are 7 minutes and thirty seconds long each, and each season (which there's currently 29 of) usually has a range of 60-90 episodes.","['Adaptation (Manga) Rakudai Ninja Rantarou', '']",Nintama Rantarou,,,El Ninja Boy Rantaró,,['Comedy'],
93,,フューチャーカード バディファイト100,Future Card Buddyfight Hundred,['TV'],50,Finished Airing,"Apr 11, 2015 to Mar 26, 2016",['Spring 2015'],Saturdays at 08:00 (JST),"['Dentsu', 'Bushiroad']","None found,","['Xebec', 'OLM']",Card game,,,,24 min. per ep.,PG - Children,6.73,#5741,#7907,"6,774",12,3405,"While Tasuku is off training and getting rest in the world of the monsters, the Buddy Police sees the need to deputize some of the champions to help protect the Earth. Gao, Tetsuya, and Zanya Kisaragi are among those deputized, and it's just in time. A new enemy arrives, Ikazuchi, with the deadly 100 demons, all rogue monsters. Now the new trainees and the Great 8 monsters must fight to protect Earth from being consumed by these new rogues. (Source: ANN)","['Prequel (TV) Future Card Buddyfight', 'Sequel (TV) Future Card Buddyfight Triple D']",Future Card Buddyfight Hundred,['Strategy Game'],,Future Card Buddyfight Hundred: Temporada 2,,,
94,Maruko-chan,ちびまる子ちゃん,Little Miss Maruko,['TV'],Unknown,Currently Airing,"Jan 8, 1995 to ?",['Winter 1995'],Sundays at 18:00 (JST),"['Ajia-do', 'Fuji TV', 'Sakura Production']","None found,",['Nippon Animation'],['Manga'],,,['Shoujo'],23 min.,G - All Ages,7.34,#2628,#7919,"6,761",62,2180,"Momoko Sakura is an elementary school student who likes popular idol Momoe Yamaguchi and mangas. She is often called ""Chibi Maruko-chan"" due to her young age and small size. She lives together with her parents, her grandparents and her elder sister in a little town. In school, she has many friends with whom she studies and plays together everyday, including her close pal, Tama-chan; the student committee members, Maruo-kun and Migiwa-san; and the B-class trio: 'little master' Hanawa-kun, Hamaji-Bu Taro and Sekiguchi-kun. This is a fun-loving and enjoyable anime that portrays the simple things in life. (Source: ANN)","['Prequel (TV) Chibi Maruko-chan', 'Adaptation (Manga) Chibi Maruko-chan']",Chibi Maruko-chan (1995),['School'],,Chibi Maruko-chan,,['Comedy'],
95,"Soreike! Anpanman, Go! Anpanman, Anpanman TV",それいけ！アンパンマン,,['TV'],Unknown,Currently Airing,"Oct 3, 1988 to ?",['Fall 1988'],Fridays at 16:20 (JST),"['Sotsu', 'Nippon Television Network']","None found,",['TMS Entertainment'],Picture book,"['Comedy', 'Fantasy']",,['Kids'],24 min.,PG - Children,6.58,#6589,#9185,"4,604",31,1736,"One night, a Star of Life falls down the chimney of a bakery nestled deep in the forest, causing the dough in the oven to come to life. The dough becomes Anpanman, a superhero made of anpan (a sweet roll with bean jam filling). Together with his friends, Anpanman fights his rival Baikinman and helps the malnourished. (Source: ANN)",[],Sore Ike! Anpanman,,,,,,
96,"Battle Spirits 2015, Battle Spirits Season 8",バトルスピリッツ烈火魂〈バーニングソウル〉,,['TV'],51,Finished Airing,"Apr 1, 2015 to Mar 30, 2016",['Spring 2015'],Wednesdays at 18:30 (JST),"None found,","None found,",['Bandai Namco Pictures'],Card game,,,,22 min. per ep.,PG - Children,6.68,#6025,#9209,"4,566",18,1748,"In the near future, a battle card game called ""Battle Spirits"" has gained enormous popularity. Players of the game—known as ""Battlers""—start duelings everywhere using their color-coded cards with different attributes, creating a ""Sengoku (Warring States) period"" for the game. (Source: ANN)",[],Battle Spirits: Burning Soul,['Strategy Game'],,,,,
97,,ジュエルペット マジカルチェンジ,,['TV'],39,Finished Airing,"Apr 4, 2015 to Dec 26, 2015",['Spring 2015'],Saturdays at 07:00 (JST),"['TV Tokyo', 'Sotsu', 'MediaNet', 'Sanrio']","None found,",['Studio Deen'],Original,"['Comedy', 'Fantasy']","['Anthropomorphic', 'Mahou Shoujo']",,24 min. per ep.,PG - Children,6.64,#6217,#9845,"3,732",14,1239,"The story follows the adventures of rabbit-shaped Jewelpet Ruby, her long-best human friend Airi Kirara and the other Jewelpets on their mission to restore the Jewel Castle, which had fallen from the skies into the middle of the town because of humanity's lack of faith in magic. To restore people's belief in magic, Jewelpets transform into humans to study more about them. (Source: ANN, edited)",[],Jewelpet Magical Change,,,,,,
98,Narudoma,ナルどマ,,['TV'],26,Finished Airing,"May 17, 2015 to Nov 12, 2015",['Spring 2015'],Sundays at 04:50 (JST),['comico'],"None found,",['Kachidoki Studio'],['Web manga'],,,,2 min. per ep.,PG-13 - Teens 13 or older,5.57,#11922,#10820,"2,769",3,224,"The ""unorthodox hard surreal gag"" comedy centers around the narcissistic (narushi na) Hagito and the masochistic (domazo na) Kei. Together they are ""Nar Doma."" Hagito is a handsome yet pitiful man with a loli complex. Anytime, anywhere, a mirror is his constant companion. Surrounding him are a host of highly idiosyncratic characters: the diehard masochist Kei, the unnaturally strong yet girlish Totono, the exceedingly stylish working stiff Saitou, and the extraordinarily negative Roku. Even the one normal guy has his own issues. (Source: ANN)","['Adaptation (Manga) Nar Doma', '']",Nar Doma,,,,,['Comedy'],
99,,おじゃる丸,Prince Mackaroo,['TV'],Unknown,Currently Airing,"Oct 5, 1998 to ?",['Fall 1998'],Not scheduled once per week,['NHK'],['Enoki Films'],['Gallop'],Original,"['Adventure', 'Award Winning', 'Comedy', 'Fantasy']",,['Kids'],10 min.,G - All Ages,6.39,#7753,#11554,"2,223",5,553,"In the Heian era, around 1000 years ago, a young boy of noble family named Ojarumaru is bored with his life of privilege. Meanwhile, three demons steal the power-stick of Enma, king of demons, and then lose it. Ojarumaru finds it, and uses it to transport himself to the present time. Here, he is befriended by a young boy named Kazuma, and becomes a member of his family. As time goes on, Ojarumaru makes many new friends, while dodging the comedic efforts of the three demons, Akane, Kisuke, and Aobee, as they try to recover the stick. (from ANN)","['Adaptation (Manga) Ojarumaru', '']",Ojarumaru,,,,,,
100,"Duel Masters Versus Revolution, Duel Masters VS Revolution",デュエル・マスターズ VSR,,['TV'],51,Finished Airing,"Apr 5, 2015 to Mar 27, 2016",['Spring 2015'],Sundays at 08:30 (JST),['Shogakukan-Shueisha Productions'],"None found,",['Ascension'],Original,"['Action', 'Adventure', 'Comedy', 'Fantasy']",,['Kids'],24 min. per ep.,PG-13 - Teens 13 or older,5.49,#12138,#12344,"1,727",2,398,"A next fierce fight is about to begin after Katta Kirifuda finally become the Duel Masters National Tournament champion. Japan's largest theme park, Duel Masters Land has appeared. With numerous fun attractions and events, Katta was also having fun. However, after meeting the mascot of the park, ""Duemouse"", Katta got involved in a ridiculous conspiracy of the park. A shadow that invades the Duel Masters World, which is the mysterious team of duelists! The mysterious identity of the legendary card is to be revealed. A new stage and revolution of Duel Masters befalls Katta! (Source: Duel Masters Wikia)","['Prequel (TV) Duel Masters VS', 'Sequel (TV) Duel Masters VSRF']",Duel Masters VSR,,,,,,
101,,터닝메카드,Turning Mecard,['TV'],52,Finished Airing,"Feb 3, 2015 to Feb 5, 2016",['Winter 2015'],Fridays at 17:30 (JST),"None found,","None found,","None found,",Unknown,,"['Mecha', 'Racing', 'Strategy Game']",['Kids'],28 min. per ep.,PG - Children,6.25,#8571,#13177,"1,340",5,515,"A Korean/Japanese co-production created by Bakugan and Dragon Ball Super contributor Atsushi Maekawa. Turning Mecard stars Jason, a grade-schooler who meets a Mecanimal, a transforming minicar from the alternate world of Triforce, named Evan. Jason and Evan are both searching for missing family members, and team up to help each other. Together, they meet more Mecanimals as they battle across dimensions and learn important lessons along the way. (Source: Crunchyroll)","['Sequel (TV) Turning Mecard W', '']",Turning Mecard,,,,,['Adventure'],
102,Kamiusagi Rope 4,紙兎ロペ 〜笑う朝には福来たるってマジっすか!?,,['TV'],Unknown,Currently Airing,"Nov 16, 2012 to ?",['Fall 2012'],Not scheduled once per week,"None found,","None found,","None found,",Original,"['Comedy', 'Slice of Life']",,,2 min.,G - All Ages,[],#19285,#13297,"1,296",0,,"Fourth season of Kamiusagi Rope, events occur after the feature film. Airs on Mezamashi TV instead of the theaters.","['Prequel (Movie) Kamiusagi Rope tsuka, Natsuyasumi Rasuichi tte Maji ssuka!?', '']",Kamiusagi Rope: Warau Asa ni wa Fukuraitaru tte Maji ssuka!?,,,,,,
103,Larva in New York,라바 인 뉴욕,Larva 3,['TV'],104,Finished Airing,"Aug 4, 2014 to Dec 7, 2015",['Summer 2014'],Unknown,['TUBA'],"None found,","None found,",Original,,,,2 min. per ep.,G - All Ages,6.42,#7594,#13372,"1,271",3,729,Third season of Larva.,"['Prequel (TV) Larva 2nd Season', 'Sequel (ONA) Larva Island']",Larva 3rd Season,,Larva Staffel 3,Larva Temporada 3,Larva Saison 3,['Comedy'],
104,Hana Kappa,はなかっぱ,,['TV'],Unknown,Currently Airing,"Mar 29, 2010 to ?",['Spring 2010'],Not scheduled once per week,"['Group TAC', 'TOHO animation']","None found,","['Xebec', 'OLM']",Picture book,,,['Kids'],10 min.,PG - Children,6.00,#9920,#14258,"1,003",0,171,Story about Kappa with flowers on their heads.,[],Hanakappa,,,,,['Comedy'],
105,,しあわせ配達おみくじタネコ,,['TV'],Unknown,Currently Airing,"Mar 26, 2011 to ?",['Spring 2011'],Not scheduled once per week,"None found,","None found,",['Kachidoki Studio'],Original,,,,Unknown,None,[],#14195,#14341,980,4,,"The story centers around a cat who answers people's wishes and delivers happiness. (""Tane"" and ""neko"" are the Japanese words for ""seed"" and ""cat,"" respectively.) (Source: ANN)",[],Shiawase Haitatsu Taneko,,,,,['Comedy'],
106,"Man Lan, Shalen",侠岚,,['TV'],156,Finished Airing,"Jan 29, 2012 to Jul 15, 2016",['Winter 2012'],Sundays at Unknown,"None found,","None found,",['Rocen'],Original,"['Action', 'Adventure', 'Drama', 'Fantasy', 'Supernatural']","['Historical', 'Martial Arts']",,25 min. per ep.,PG-13 - Teens 13 or older,6.05,#9662,#14671,892,2,172,"When Nian Chi was a young child, his elder sister was kidnapped in front of him, while he could do nothing but watch, a thing that has tormented him for all these years. Now 10 years later, he's dead set on going to rescue his sister, and sets out.","['Sequel (ONA) Hua Jianghu: Xia Lan', '']",Xia Lan,,,,,,
107,,猫ピッチャー,,['TV'],51,Finished Airing,"May 3, 2014 to Mar 29, 2016",['Spring 2014'],Tuesdays at 20:00 (JST),"None found,","None found,","None found,",['4-koma manga'],"['Comedy', 'Sports']","['Anthropomorphic', 'Team Sports']",['Kids'],2 min. per ep.,G - All Ages,6.05,#9694,#15179,767,1,210,A story about Cat pitcher Mi-Tarou's actions. It is a 23-koma that serialized in Yomiuri Shimbun Sunday.,"['Adaptation (Manga) Neko Pitcher', '']",Neko Pitcher,,,,,,
108,Doronjo ZIP!,グッド・モーニング!!!ドロンジョ,,['TV'],243,Finished Airing,"Mar 30, 2015 to Mar 25, 2016",['Spring 2015'],Not scheduled once per week,"['Nippon Television Network', 'Kate Arrow']","None found,",['Oddjob'],Original,,,,1 min. per ep.,G - All Ages,5.65,#11625,#15330,733,0,152,No synopsis information has been added to this title. Help improve our database by adding a synopsis here.,"['Prequel (TV) Ohayou Hakushon Daimaou', '']",Good Morning!!! Doronjo,['Parody'],,,,['Comedy'],
109,,しまじろうのわお!,,['TV'],Unknown,Currently Airing,"Apr 2, 2012 to ?",['Spring 2012'],Mondays at 07:30 (JST),"None found,","None found,",['The Answer Studio'],Other,"['Adventure', 'Comedy', 'Fantasy']",,['Kids'],8 min.,G - All Ages,[],#14227,#15589,688,1,,Fourth season of the Shimajirou children's television series.,"['Prequel (TV) Shimajirou Hesoka', '']",Shimajirou no Wow!,,,,,,
110,Bari-san no Imabari-ben Kouza,バリィさんのいまばり弁講座,,['TV'],47,Finished Airing,"Jul 7, 2015 to Jun 3, 2016",['Summer 2015'],Wednesdays at 02:42 (JST),"None found,","None found,",['Kachidoki Studio'],Original,,,,30 sec. per ep.,G - All Ages,[],#16873,#15777,657,0,,Stars Ehime Prefecture's mascot Barysan.,[],Bary-san no Imabari-ben Kouza,,,,,['Comedy'],
111,"Leave it to Mamitasu, Omakase Mamitasu",おまかせ! みらくるキャット団,,['TV'],32,Finished Airing,"Mar 31, 2015 to Feb 23, 2016",['Spring 2015'],Tuesdays at 18:45 (JST),['NHK'],"None found,",['OLM Digital'],Original,,,['Kids'],9 min. per ep.,G - All Ages,[],#20819,#16036,622,0,,"Nakagawa owns 10 cats in real life, and she adores one in particular named Mamitasu, the anime's namesake. The anime depicts the slapstick comedy of the idiosyncratic 10 cats and the folks in the unusual ""Nakagawa family."" (Source: ANN)",[],Omakase! Miracle Cat-dan,['Super Power'],,,,['Comedy'],
112,"Nyanfu, Nyanfull",にゃん符,,['TV'],124,Finished Airing,"Feb 22, 2014 to Sep 29, 2016",['Winter 2014'],Not scheduled once per week,"None found,","None found,",['MMDGP'],Original,,,,1 min. per ep.,G - All Ages,[],#20754,#16088,613,1,,"Shorts that feature music note cats. The series premiered on February 22, 2014 on television; the first episode was published on an official YouTube channel that same day. The whole world is in love with character illustrations of cats, dogs, and bears. A brand-new show, and the first of its kind in Japan, featuring nothing but cat characters for cat lovers started airing in February 2014. A variety of cat characters designed by Japan's topnotch creators and illustrators are animated and they are voiced by popular KAWAII (cute) anime voice actors. This show is a must-see not just for the fans of cat characters but for all anime lovers! (Source: YouTube)",[],Nyanfuru,['Music'],,,,['Comedy'],
113,Secret Society Eagle Talon Just Do It,秘密結社鷹の爪 DO,,['TV'],38,Finished Airing,"Apr 3, 2015 to Mar 4, 2016",['Spring 2015'],Fridays at 18:20 (JST),"None found,","None found,",['DLE'],Original,,"['Parody', 'Super Power']",,5 min. per ep.,PG-13 - Teens 13 or older,5.57,#11910,#16116,609,0,117,Sequel to the previous season of the flash anime series.,"['Prequel (TV) Himitsukessha Taka no Tsume EX', 'Sequel (ONA) Himitsukessha Taka no Tsume GT']",Himitsukessha Taka no Tsume DO,,,,,['Comedy'],
114,,鉄人28号ガオ!,,['TV'],151,Finished Airing,"Apr 6, 2013 to Mar 26, 2016",['Spring 2013'],Saturdays at 04:52 (JST),['Fuji TV'],"None found,","['Eiken', 'TYO Animations']",['Manga'],,,,5 min. per ep.,G - All Ages,[],#14807,#16148,605,0,,"This series of anime shorts, roughly five minutes in length, will focus on protagonist Shoutarou Kaneda's everyday life instead of focusing on battle scenes as previous Tetsujin 28 titles have done. The visuals of the title robot, its nemesis Black Ox, and other elements will have a pop-art style. (Source: ANN)",[],Tetsujin 28-gou Gao!,['Mecha'],,,,['Slice of Life'],
115,Annyeong Jaduya,안녕 자두야,Hello Jadoo,['TV'],122,Finished Airing,"Jul 18, 2011 to Feb 1, 2016",['Summer 2011'],Not scheduled once per week,"None found,","None found,","None found,",Original,,,['Kids'],11 min. per ep.,PG - Children,6.16,#9061,#16112,609,3,159,"Hello Jadoo is a South-Korean TV show about a girl named Choi Jadoo who is a very free-spirited girl. In every episode, she would always get into drama, whether it was with her parents or school. At the same time, she meets new people and she tries to solve problems occurring.",[],Annyeong Jadoo,,,,,['Comedy'],
116,Happy George,ハッピージョージ,,['TV'],52,Finished Airing,"Apr 3, 2015 to Apr 1, 2016",['Spring 2015'],Fridays at 02:05 (JST),"['Sotsu', 'Kate Arrow']","None found,",['Kachidoki Studio'],Original,,,,1 min. per ep.,G - All Ages,[],#18429,#16381,574,0,,A comedic family of Americans experience life in Japan.,[],Happy Jozy,,,,,['Comedy'],
117,Rice Monster Pap,ごはんかいじゅうパップ,,['TV'],Unknown,Currently Airing,"Apr 25, 2011 to ?",['Spring 2011'],Not scheduled once per week,"None found,","None found,",['DLE'],Original,"['Action', 'Comedy']",,['Kids'],30 sec.,G - All Ages,[],#18204,#16436,567,0,,"A series of short, 30-second segments featuring Gohan Kaijuu Pap and various ""side dish"" monsters to produce delicious meals.",[],Gohan Kaijuu Pap,,,,,,
118,,출동! 슈퍼윙스,Super Wings,['TV'],52,Finished Airing,"Sep 1, 2013 to Feb 25, 2016",['Fall 2013'],Unknown,"None found,","None found,","None found,",Original,,,['Kids'],12 min. per ep.,PG - Children,5.86,#10651,#16598,547,1,209,"Super Wings follows the adventures of an adorable jet plane named Jett who travels around the world delivering packages to children. On every delivery, Jett encounters new problems that he must solve with the help of his friends the ""Super Wings"": Dizzy, Jerome and Donnie. Together, the team explores different countries and learns the diversity of new cultures. (Source: Official YouTube channel)","['Sequel (TV) Chuldong! Super Wings 2', '']",Chuldong! Super Wings,['Racing'],Super Wings,Super Wings. ¡Siempre Cumplimos!,Super Wings,['Adventure'],
119,Yowamon,よわむしモンスターズ,,['TV'],Unknown,Currently Airing,"Dec 25, 2012 to ?",['Winter 2013'],Not scheduled once per week,['NHK'],"None found,","None found,",Original,,,['Kids'],1 min.,PG - Children,[],#16128,#16778,527,0,,An NHK toddler's anime following cowardly creatures representing typical Halloween monsters like Dracula and a witch.,[],Yowamushi Monsters,,,,,,
120,"GuraP & Rodeo, GraP & RodeO",ぐらＰ＆ろで夫,,['TV'],61,Finished Airing,"Oct 19, 2014 to Dec 29, 2015",['Fall 2014'],Not scheduled once per week,['Lantis'],"None found,",['Pie in the sky'],Original,,,,2 min. per ep.,PG-13 - Teens 13 or older,[],#18240,#16796,525,1,,"Rodeo is a normal high school boy who aims to be like GRANRODEO. Gra-P, a self-proclaimed music producer who comes from the future, tries to help him.","['Sequel (Special) Gra-P & Rodeo: Band wo P', 'Sequel (TV) Gra-P & Rodeo II']",Gra-P & Rodeo,['Music'],,,,['Comedy'],
121,,えほん寄席,,['TV'],73,Finished Airing,"Apr 2006 to Nov 11, 2023",['Spring 2006'],Unknown,"['NHK', 'Pony Canyon']","None found,","None found,",Other,,"['Historical', 'Performing Arts']",['Kids'],5 min. per ep.,PG - Children,[],#17862,#17183,487,0,,Anime rakugo of classic Japanese horror tales shown in a wide variety of art styles.,[],Ehon Yose,,,,,['Horror'],
122,,ともだち8にん,,['TV'],398,Finished Airing,"Mar 28, 2011 to Jan 5, 2019",['Spring 2011'],Not scheduled once per week,"None found,","None found,",['Egg'],Original,,,['Kids'],1 min. per ep.,G - All Ages,[],#14949,#17776,436,0,,"A series oriented to three-year-old children, showing the everydays of 9 characters, each of them having a distinct feature. Children will recognize characters and situations from their own life. Sometimes through conflicts, sometimes through encouragement, they will find everyone's place in the world. The story conveys messages such as ""Nobody's alone"", ""It's good to be different"" and the importance of being connected with others, in a fun way. (Source: Official site)",[],Tomodachi 8-nin,,,,,['Comedy'],
123,BooBooBoy,ブーブーボーイ,,['TV'],26,Finished Airing,"Jul 4, 2015 to Dec 26, 2015",['Summer 2015'],Saturdays at 11:25 (JST),"None found,","None found,",['DLE'],Original,,,['Kids'],2 min. per ep.,G - All Ages,[],#17021,#17879,428,0,,A young boy has adventures with his transforming car.,[],Boo Boo Boy,['Racing'],,,,,
124,,コトリサンバ,Kotori Samba,['TV'],240,Finished Airing,"Apr 6, 2015 to Mar 9, 2016",['Spring 2015'],Unknown,['Shogakukan Music & Digital Entertainment'],"None found,","None found,",Game,,,,1 min. per ep.,G - All Ages,[],#19553,#18136,409,0,,"Kotori are people who love singing and dancing. Protecting the island they reside on is a calm and anxious Melonia (Melon), a weak and lazy Chocola (Chocolate), a friendly Berrina (Berry) who is fashionable as heck.",[],Kotori Samba,['Music'],,,,['Comedy'],
125,,パッコロリン,Pakkororin,['TV'],Unknown,Currently Airing,"Mar 28, 2011 to ?",['Spring 2011'],Not scheduled once per week,['NHK'],"None found,",['Three-d'],Original,,,['Kids'],1 min.,G - All Ages,[],#20935,#18313,397,0,,"A minute long children's anime that follows 3 siblings. Two brothers who are rectangular and circular shaped, and a sister who is triangluar shaped. They have unique personalities and foster growth and discovery through their play time.",[],Pakkororin,,,,,,
126,Flower Angel 2,小花仙 第二季,,['TV'],52,Finished Airing,"Aug 7, 2015 to Dec 26, 2015",['Summer 2015'],Unknown,"None found,","None found,",['Taomee'],Game,,,['Kids'],14 min. per ep.,G - All Ages,[],#15537,#19064,340,0,,No synopsis information has been added to this title. Help improve our database by adding a synopsis here.,"['Prequel (TV) Xiao Hua Xian', 'Sequel (TV) Xiao Hua Xian 3rd Season: Shou Hu Tian Shi']",Xiao Hua Xian 2nd Season,['Mahou Shoujo'],,,,['Fantasy'],
127,Robocar Poli Season 4,로보카 폴리,Robocar Poli 4,['TV'],26,Finished Airing,"Aug 31, 2015 to Nov 24, 2015",['Summer 2015'],Unknown,"None found,","None found,","None found,",Original,,,['Kids'],11 min. per ep.,PG - Children,[],#21379,#20067,282,1,,"Amidst peaceful everyday life in Broomstown, guarded by the rescue team, tractor 'Tracky', cheerful train 'Trino' with his unique accent, and the transforming mountain rescue team of 'Mark', 'Bucky', and 'Carey' from Treasureville, who are out to catch poaching car 'Poacher', all move to Broomstown and now call it home. (Source: Official Site)","['Prequel (TV) Robocar Poli 3', 'Sequel (TV) Robocar Poli 5']",Robocar Poli 4,['Racing'],,Robocar Poli Temporada 4,Robocar POLI Saison 4,['Comedy'],
128,Lobosteulein,로봇트레인,,['TV'],32,Finished Airing,"Feb 26, 2015 to Nov 18, 2015",['Winter 2015'],Unknown,"['CJ ENM', 'York Animation']","None found,",['Studio BAZOOKA'],Original,,,['Kids'],13 min. per ep.,PG - Children,[],#21388,#21292,211,0,,"Set in the ""Train World"" where all citizens are trains. However, among the residents there are special trains that can transform into robots, the Robot Trains. Featuring our 5 train heroes, with special powers: Kay, Alf, Duck, Selly and Victor - and their exciting adventures. Can the Robot Trains save the village from the evil dark forces that be? (Source: IMDB)","['Sequel (TV) Robot Trains Season 2', '']",Robot Trains,['Anthropomorphic'],,,,,
129,"Jeong-geul-eseo Sal-anamgi Maluui Eodeubencheo, Jungle Survival Maru's Adventure",정글에서 살아남기 마루의 어드벤처,Jungle Survival,['TV'],52,Finished Airing,"Aug 31, 2015 to Aug 29, 2016",['Summer 2015'],Unknown,"None found,","None found,","None found,",['Manga'],,,['Kids'],12 min. per ep.,PG - Children,[],#18921,#21850,183,2,,"Maru and friends' exciting adventure begin when they were lost in Borneo Jungle. As they explore wild life of Jungle, they happen to get to know Shalamar, a native jungle warrior and Kai, a mysterious boy. All together they travel into the deeper jungle looking for Mr.Rhapa. They never expected to see unknown creatures called Igras, mutated animals due to unbalance of Anima energy in jungle. Unpredictable...jungle adventure begins with Maru, Ara, Gabi, Shalamar and Kai... Wild life of jungle and mutant creatures Igras makes the journey unique and interesting ever. (Source: WelCon)",[],Jeong-geul-eseo Sal-anamgi: Maru Adventure,,,,,['Adventure'],
130,,翻开这一页,Story in the Book,['TV'],49,Finished Airing,"Oct 3, 2014 to Sep 13, 2017",['Fall 2014'],Unknown,"None found,","None found,","None found,",Original,,"['Historical', 'School']",['Kids'],13 min. per ep.,G - All Ages,[],#17910,#22256,165,0,,No synopsis information has been added to this title. Help improve our database by adding a synopsis here.,[],Fan Kai Zhe Yi Ye,,,,,,
131,,헬로카봇 스페셜 시즌2,,['TV'],26,Finished Airing,"May 30, 2015 to Dec 12, 2015",['Spring 2015'],Unknown,"None found,","None found,","None found,",Original,,"['Mecha', 'Racing']",['Kids'],12 min. per ep.,PG - Children,[],#18501,#23558,121,0,,No synopsis information has been added to this title. Help improve our database by adding a synopsis here.,"['Prequel (TV) Hello Carbot', 'Sequel (TV) Hello Carbot Season 3']",Hello Carbot Season 2,,,,,['Action'],
132,,두다다쿵 2기,Duda & Dada 2nd Season,['TV'],26,Finished Airing,"Jul 31, 2015 to Nov 24, 2015",['Summer 2015'],Unknown,"None found,","None found,","None found,",Original,,,['Kids'],10 min. per ep.,PG - Children,[],#17814,#24408,103,0,,No synopsis information has been added to this title. Help improve our database by adding a synopsis here.,"['Prequel (TV) Dudadakung', 'Sequel (TV) Dudadakung 3rd Season']",Dudadakung 2nd Season,['Anthropomorphic'],,,,['Fantasy'],
133,,로보텍스,,['TV'],26,Finished Airing,"Aug 21, 2015 to Mar 17, 2016",['Summer 2015'],Unknown,['KBS'],"None found,","None found,",Unknown,"['Action', 'Adventure', 'Sci-Fi']",,,23 min. per ep.,G - All Ages,[],#21390,#26702,73,0,,"Robotex are highly advanced metallic alien life-forms who are provided with infinite energy from a giant spinning top shaped core. However, they are oppressed by the mainframe and unable to have creativity. Kai, Taf and Iota have escaped this system to run away to earth. The mighty corps 1 from the Robotex mother planet, led by Volcan has been sent to chase after them. Yoo-seok and friends from earth become the amigos of Kai and his group to help the powerful Robotex unleash their strengths with creativity. (Source: YouTube)",[],Robotex,['Mecha'],,,,,
134,,ももくり,momokuri,['ONA'],26,Finished Airing,"Dec 24, 2015 to Feb 4, 2016",,,"['Lantis', 'comico']",['Sentai Filmworks'],['Satelight'],['Web manga'],"['Comedy', 'Romance']",,,12 min. per ep.,PG-13 - Teens 13 or older,7.04,#4220,#2077,"110,669",328,41082,"After taking one hundred secret photos and observing him from afar for months, second-year high schooler Yuki Kurihara has finally mustered up the courage to ask out her first-year crush Shinya ""Momo"" Momotsuki. Although taken by surprise, the bashful Momo accepts; however, he does not know the profoundly abnormal truth. As her strait-laced friend, Norika Mizuyama, has observed, Yuki has developed some unnerving—but nonetheless sincere—habits: taking pictures of Momo in secret, doing extensive research into his personal life, collecting his used straws, and even going ""Momo watching."" Though Momo remains blissfully unaware of his new girlfriend's peculiar habits, he does notice some oddities in their daily conversations. Still unsure and nervous about his first relationship, Momo finds himself regularly getting into awkward interactions due to his inexperience, but nevertheless resolves to make his new girlfriend happy. Momokuri follows Yuki and Momo as they shyly explore their newfound love, and also deal with the problems that arise from it. [Written by MAL Rewrite]","['Adaptation (Manga) Momokuri', '']",Momokuri,['School'],,,,,
135,"Cupid's Chocolates, Aishen Qiaokeli Jinxingshi",爱神巧克力ING...,Cupid's Chocolate,['ONA'],15,Finished Airing,"Dec 2, 2015 to Mar 16, 2016",,,['Tencent Animation & Comics'],"None found,",['B.CMAY PICTURES'],['Web manga'],"['Comedy', 'Romance']","['Harem', 'School']",,14 min. per ep.,PG-13 - Teens 13 or older,6.79,#5399,#2260,"97,679",335,32331,"Jiang Hao Yi, a normal, high school student who is extremely scared of getting into trouble suddenly becomes the Harem King of his school and gets confessed to by a bunch of beautiful girls! The worst thing is, Jiang hao doesn't know any of the girls who confessed to him! What on earth is happening? (Source: Overworld Scans)","['Sequel (ONA) Aishen Qiaokeli-ing...II', '']",Aishen Qiaokeli-ing...,,,,,,
136,,機動戦士ガンダム サンダーボルト,Mobile Suit Gundam Thunderbolt,['ONA'],4,Finished Airing,"Dec 25, 2015 to Apr 22, 2016",,,"None found,","None found,",['Sunrise'],['Manga'],"['Action', 'Drama', 'Sci-Fi']","['Mecha', 'Military', 'Space']",,18 min. per ep.,R - 17+ (violence & profanity),7.94,#752,#3005,"60,266",439,29883,"In Universal Century 0079, forces of the Earth Federation and Principality of Zeon engage in a battle within the Thunderbolt Sector during the One Year War. This section of space—known for its constant strikes of electricity—proves to be a deadly battlefield, as Federation pilot Io Fleming leads a charge against Zeon's ace Daryl Lorenz and his squad of snipers. With the fighters on both sides proving to be formidable soldiers, neither side is willing to back down, fighting strategically amongst the remnants of colonies. But when Io gets a hold of a prototype Gundam, Daryl will have to make a sacrifice in order to obtain enough power to crush his enemy and ensure that Zeon is victorious, or watch as his comrades are slaughtered by a single man. [Written by MAL Rewrite]","['Sequel (ONA) Kidou Senshi Gundam Thunderbolt 2nd Season', 'Adaptation (Manga) Kidou Senshi Gundam Thunderbolt']",Kidou Senshi Gundam Thunderbolt,,,,Mobile Suit Gundam Thunderbolt: December Sky,,
137,,ヘタリア The World Twinkle,Hetalia: The World Twinkle,['ONA'],15,Finished Airing,"Jul 3, 2015 to Oct 9, 2015",,,['Frontier Works'],['Funimation'],['Studio Deen'],['Manga'],,"['Anthropomorphic', 'Gag Humor', 'Historical', 'Parody']",,5 min. per ep.,PG-13 - Teens 13 or older,7.19,#3425,#3613,"43,038",240,19762,"United Kingdom and America have to put aside their centuries of differences and cooperate if they want to stand a chance against Italy and Germany on the African Front. After being defeated by a questionable border defense system, France swears vengeance on Germany. In another part of the world, the Nordic countries discuss how similar they are to each other, much to Finland's dismay. Meanwhile, Sealand embarks on a very ambitious quest to search for the other micronations after befriending Wy and Seborga. [Written by MAL Rewrite]","['Prequel (ONA) Hetalia: The Beautiful World', 'Sequel (ONA) Hetalia World★Stars', 'Adaptation (Manga) Hetalia Axis Powers', '']",Hetalia: The World Twinkle,,,,,['Comedy'],
138,"Japan Animator Expo, The Dragon Dentist, Hill Climb Girl, Me!Me!Me!, Carnage, Nishi-Ogikubo, Until You Come to Me, Tomorrow From There",日本アニメ（ーター）見本市,Japan Anima(tor)'s Exhibition,['ONA'],35,Finished Airing,"Nov 7, 2014 to Oct 9, 2015",,,['Dwango'],"None found,","['Sunrise', 'Khara', 'Studio Rikka', 'Bridge', 'Kamikaze Douga', 'Trigger', 'Graphinica', 'Studio Colorido', 'dwarf', 'Sola Digital Arts', ""Steve N' Steven"", 'StealthWorks']",Original,"['Action', 'Avant Garde', 'Fantasy', 'Sci-Fi', 'Supernatural', 'Ecchi']","['Mecha', 'Military', 'Music', 'School', 'Space']",,8 min. per ep.,R+ - Mild Nudity,7.32,#2741,#3607,"43,064",145,12472,"Nihon Animator Mihonichi is a collaborative series of standalone anime shorts with the support of various directors and studios. Aiming to expose new animators to a worldwide audience, these small works offer a glimpse into the future of the industry, featuring rising talents, cutting-edge techniques, and experimental aesthetic designs. [Written by MAL Rewrite]","['Adaptation (Manga) The Ultraman', 'Adaptation (Manga) Ochibi-san', 'Adaptation (Manga) Bikachou Shinshi Kaikoroku', '']",Nihon Animator Mihonichi,,,,,,
139,,モンスターストライク,Monster Strike,['ONA'],51,Finished Airing,"Oct 10, 2015 to Dec 3, 2016",,,"['Ultra Super Pictures', 'XFLAG']","None found,",['Studio Hibari'],Game,"['Action', 'Fantasy']",,,8 min. per ep.,PG-13 - Teens 13 or older,6.39,#7750,#4636,"25,569",33,6482,"Ren Homura has just moved back to his hometown of Kaminohara, but he isn't able to remember much about the time he spent there other than vague flashbacks. When he retrieves his cell phone which he had sent to a shop for repairs, he finds that a mysterious game titled “Monster Strike” has been installed on it. Unaware of its purpose or how it got there, Ren decides to open it, an action that will change his life forever as he finds himself suddenly attacked by a strange man. Now trapped on the roof of his school which strangely has been designated as a ""stage,"" Ren is shocked to see the man summon a realistic monster from the game, one that is more than capable of inflicting damage on a human. His only chance of getting out of this situation alive is by summoning the dragon Oragon, who tells Ren that he will crush the opposing monster for him. Unfortunately, it turns out that Oragon is a tiny dragon that is completely useless! [Written by MAL Rewrite]","['Prequel (ONA) Monster Strike: Rain of Memories', 'Prequel (Movie) Monster Strike The Movie: Hajimari no Basho e', 'Sequel (ONA) Monster Strike: Zoku Saishuu-banashi - Pandora no Hako', '']",Monster Strike,['Video Game'],,,,,
140,A linchpin,カナメヲ,,['ONA'],1,Finished Airing,"Nov 4, 2015",,,"None found,","None found,","None found,",Original,"['Drama', 'Girls Love', 'Supernatural']",,,5 min.,PG-13 - Teens 13 or older,6.58,#6571,#5413,"17,486",52,8951,"After crashing her bike on her way back home from work, a young woman stumbles upon a vulnerable tree goddess whose shrine is being demolished by a construction project. Feeling compelled to help her, the woman invites the goddess into her home and cares for her. However, as their relationship blossoms, the ongoing construction soon complicates things between them, forcing them to face the resulting consequences. [Written by MAL Rewrite]",[],Kanamewo,,,,,,
141,"Hinabachi: BEE, Young Bee",雛蜂-B.E.E-,School Shock,['ONA'],6,Finished Airing,"Jul 23, 2015 to Dec 17, 2015",,,['Yaoqi'],"None found,",['Haoliners Animation League'],['Manga'],"['Action', 'Comedy', 'Fantasy', 'Romance', 'Sci-Fi']","['Mecha', 'School']",,16 min. per ep.,R - 17+ (violence & profanity),5.84,#10736,#5464,"17,066",21,4841,"In 2017, a group of genius scientists achieve a remarkable breakthrough in bioengineering. However, all the new technologies are put into military use, beginning a new round of arms race. Vanguards, as the most significant achievement of the modern bioengineering and the most advanced weapon, are widely utilized in the race. Although vanguards are exceptionally combat-effective, their life expectancy is shortened by the nanomachines they use. Usually, most vanguards will retire from the army after a number of years in service. The heroine Liuli has also consumed too much of her lifespan after executing missions for a long time. With only 380 days left in her life, Liuli receives a new mission, to rescue a hostage being held in a civilian facility. It is without doubt a difficult mission for a vanguard like Liuli, who only knows how to kill and battle. However, Liuli obediently decides to accept the mission in the end. During the mission, Liuli surprisingly finds that the man who holds the hostage was once a vanguard. The former vanguard Zhongrong Zhou cries and asks the government to hand over the son of Eden. As a vanguard, Liuli feels deep contempt against Zhou. To eliminate the scum of the vanguards, a battle between two vanguards begins... (Source: Official site, edited)","['Adaptation (Manhua) Chu Feng', '']",Chu Feng: B.E.E,,,,,,
142,Idiot Boyfriend: My Boyfriend is an Idiot,カレバカ～吾輩ノ彼ハ馬鹿でR～,,['ONA'],8,Finished Airing,"Oct 16, 2015 to Jan 22, 2016",,,"None found,","None found,",['Sakura Create'],['Manga'],"['Comedy', 'Romance']",,,5 min. per ep.,PG-13 - Teens 13 or older,5.81,#10913,#7225,"8,520",8,3464,Centers around a girl named Akomi and her boyfriend Ponta Ninomiya. Ninomiya is a massive idiot who has no redeeming qualities aside from being really handsome. Follows the couple's everyday lives. (Source: ANN),"['Adaptation (Manga) Kare Baka: Wagahai no Kare wa Baka de R', '']",Kare Baka: Wagahai no Kare wa Baka de R,['School'],,,,,
143,Robot Girls Z+,ロボットガールズZプラス,Robot Girls Z Plus,['ONA'],6,Finished Airing,"May 20, 2015 to Oct 2, 2015",,,"['Nippon Columbia', 'LandQ studios']","None found,",['Toei Animation'],Original,,"['Anthropomorphic', 'Parody']",,8 min. per ep.,PG-13 - Teens 13 or older,6.29,#8373,#7511,"7,664",1,3498,"Robot Girls Z+, the new Robot Girls Z anime, will be six monthly shorts that will debut next spring. The protagonists of Team Z will appear in the new shorts, along with the reformed Team G, Team LOD, Team Gou, and characters that first appeared in the franchise's online game. The new shorts' story will be based two classic ""Toei Manga Matsuri"" films, Great Mazinger tai Getter Robo (Great Mazinger Vs. Getter Robo) and Great Mazinger tai Getter Robo G - Kuuchuu Dai-Gekitotsu (Great Mazinger Vs. Getter Robo G - The Great Space Encounter). (Source: ANN)","['Prequel (Special) Robot Girls Z', '']",Robot Girls Z Plus,,,,,['Comedy'],
144,"Spiritual Domain, Spiritual Field, Spirit Realm, The World of Fantasy",灵域,,['ONA'],10,Finished Airing,"Oct 22, 2015 to Dec 24, 2015",,,['iQIYI'],"None found,",['Haoliners Animation League'],Novel,,,,13 min. per ep.,PG-13 - Teens 13 or older,6.46,#7312,#8790,"5,221",12,1380,"In the world of Ling Yu(Spiritual Field), there is a continent named Chilan(Red Tide), where warriors and their Spirit Weapons are classified into different levels. Families and clans follow a strict hierarchy, too. Under the leadership of the Xuantian Union, human warriors and the Evil Clan have been engaged in brutal fights on Nether Battlefield for hundreds of years. A Soul-devouring Beast sneaked into the Chilan Continent through a crevice on the Nether Battlefield before it ruthlessly slaughtered the Feng Town and the Gao Town. Qin Lie, a young man from the Ling Town, together with Ling Yushi and Gao Yu whom he had grown up with, was commanded to help the Xuantian Union in the conquest of the Soul-devouring Beast. He did not anticipate that he would be swallowed into a great conspiracy. To protect his friends and to rescue the one he loves, the powers hiding in his veins are awakening.","['Sequel (ONA) Ling Yu 2nd Season', '']",Ling Yu,,,,,['Fantasy'],
145,"Pon Kotsuland Saga, Ponkotsu Quest x Vinland Saga Special",ポンコツランド・サガ,,['ONA'],3,Finished Airing,"Oct 24, 2015 to Oct 1, 2019",,,"None found,","None found,",['Pie in the sky'],['Manga'],,,,4 min. per ep.,G - All Ages,4.53,#13630,#11091,"2,550",4,787,Ponkotsuland Saga is a collaboration between Ponkotsu Quest and Vinland Saga.,[],Ponkotsuland Saga,['Parody'],,,,['Comedy'],
146,,弱酸性ミリオンアーサー,,['ONA'],60,Finished Airing,"Nov 20, 2015 to Jun 13, 2018",,,['Square Enix'],"None found,",['Gathering'],['Web manga'],"['Comedy', 'Fantasy', 'Ecchi']",,,1 min. per ep.,PG-13 - Teens 13 or older,6.21,#8781,#11867,"2,025",3,405,"During the live-stream of the Majo Labo! program, it was announced that Kakusansei Million Arthur will be receiving an ONA adaptation. The ONA will be based on the official 4-koma web comic and will run for four cours, debuting in Fall. Kakusansei Million Arthur is a card-battle game based on the legend of King Arthur. One million people also claim this title, wielding their own Excalibur. Developed by Square Enix, the game was originally released on iOS and Android in 2012 and since received a PlayStation Vita and Nintendo 3DS version in 2014. The comic is based on the game and is drawn by Choboraunyopomi (Ai Mai Mi). It was published online in October 2014 and currently, there are 17 chapters. (Source: MAL News)",[],Jakusansei Million Arthur,['Parody'],,,,,
147,Jack of All Trades,通职者,Tong Zhi Zhe,['ONA'],10,Finished Airing,"Dec 31, 2015 to Mar 17, 2016",,,['Tencent Animation & Comics'],"None found,","None found,",['Web manga'],"['Adventure', 'Horror']",,,10 min. per ep.,R - 17+ (violence & profanity),6.08,#9495,#12090,"1,894",7,519,"A Jack of All Trades is a person who can competently do all kinds of jobs. Loser Zhang Dabao is a professional Jack of All Trades, but his living conditions are, shall we say, less than satisfactory. One day, a beautiful woman who is being harassed by a pervert approaches him for help. He accepts, and soon embarks on a mission like nothing the world has seen before.",[],Tong Zhi Zhe,['Detective'],,,,,
148,Four Seasons: Fuuka and Nanami -Master of Torque- Spin-off Episode,Four Seasons 楓花と七波,Four Seasons: Fuuka and Nanami,['ONA'],1,Finished Airing,"Oct 30, 2015",,,"None found,","None found,",['Shimogumi'],Original,,,,4 min.,G - All Ages,4.82,#13399,#12249,"1,790",2,574,"A spin-off episode of Yamaha Motor’s original video animation “Master of Torque,” featuring Fuuka Torimi and Nanami Hiyoshi that illustrates the changing of the four seasons and the different joys of motorcycling that come with them. (Source: Official Site)",[],Four Seasons: Fuuka to Nanami,['Racing'],,,,,
149,"A Portrait of Jianghu: Spirit Master, Painted Jianghu 2",画江湖之灵主,,['ONA'],41,Finished Airing,"Oct 8, 2015 to Jul 14, 2016",,,"None found,","None found,",['Rocen'],Original,"['Drama', 'Fantasy']","['Historical', 'Martial Arts']",,19 min. per ep.,R - 17+ (violence & profanity),6.67,#6107,#12465,"1,669",6,384,"Human beings can be divided into two kinds: ordinary people who work for the living, and the undead who work for the dead. For the undead, their lives are dedicated to fulfilling the final wishes of ghosts who died with regrets. As for Baili Dengfeng, he has one and only one destiny in this world: to find his long-missing wife Ruyan. During his quest, Dengfeng makes acquaintance with Jia Xuan, whose family was murdered and is yet to be avenged, Liang You who is cute, naughty and adores him very much, and Liang Yuan, who simply doubts everything neurotically. After a series of events, he also learns of the existence of Spirit Masters and Spirit Slaves, and gets in touch with a mystical organization named ""Spirits Expelling Order"". With more and more mysteries being unveiled, the truth is drawing closer and closer to Dengfeng, who perhaps would rather not face the whole of it. (Source: Mooncakes Fansub group)",[],Hua Jianghu: Ling Zhu,,,,,,
150,,MILPOM★,,['ONA'],6,Finished Airing,"Sep 5, 2015 to Sep 29, 2017",,,"None found,","None found,",['Bandai Namco Pictures'],Original,,,,6 min. per ep.,PG-13 - Teens 13 or older,5.10,#13094,#12794,"1,501",6,564,"The story takes place in a certain ordinary town where it is natural for everyone to wear an animal costume head. It depicts the everyday life of the main character MILPOM and her friends who live there, filled with the essence of Kawaii and a little bit cynical girls. (Source: Crunchyroll)",[],MILPOM★,,,Milpom,,['Comedy'],
151,,时光诡域,The Prisoners of Time,['ONA'],10,Finished Airing,"Dec 15, 2015 to Mar 8, 2016",,,['Tencent Animation & Comics'],"None found,","None found,",['Manga'],"['Drama', 'Supernatural']",,,13 min. per ep.,R - 17+ (violence & profanity),5.13,#13048,#13062,"1,385",0,271,"On his wedding day, Shi Xiaoguang could only helplessly watch as a mysterious power took his bride Xiaqing, away. Afterwards, he found that no one remembered the existence of “Xiaqing” and he is hunted by this unclear force. Faced with this situation, Shi Xiaoguang slowly began understanding that the world as he knew it had changed.",[],Shiguang Guiyu,,,,,,
152,Gudetama Special,ぐでたま,Hot Minute: Gudetama,['ONA'],1,Finished Airing,"Nov 2, 2015",,,['Sanrio'],"None found,","None found,",Other,,,['Kids'],1 min.,G - All Ages,5.67,#11524,#13347,"1,280",1,647,Gudetama the lazy egg is being interviewed for Hot Topic's Hot Minute series.,[],Hot Minute: Gudetama,,,,,['Comedy'],
153,,【ゾンミちゃん】ハロウィン☆スペシャルムービー！,,['ONA'],1,Finished Airing,"Oct 26, 2015",,,"None found,","None found,",['Neft Film'],Original,"['Comedy', 'Horror']",,,52 sec.,PG-13 - Teens 13 or older,4.53,#13633,#13385,"1,264",0,647,A Halloween special starring Zonmi-chan. A soldier is being chased by several Zonmi-chan zombies. He shoots at them but is ultimately caught.,[],Zonmi-chan: Halloween☆Special Movie!,,,,,,
154,,神明之胄,The Totem Warrior,['ONA'],12,Finished Airing,"Dec 2, 2015 to May 11, 2016",,,['iQIYI'],"None found,",['Haoliners Animation League'],['Manga'],"['Adventure', 'Fantasy']",,,16 min. per ep.,PG-13 - Teens 13 or older,6.21,#8803,#13683,"1,168",3,216,"The series takes place in ancient times, where people worship totems and several unique tribes exist. The highly respected Totem Warriors have utmost faith in their beliefs and protect their tribes. The protagonist, though not initially set to becomes a Totem Warrior, is eventually placed on that path. And thus, his adventure begins.","['Sequel (ONA) Shen Ming Zhi Zhou 2nd Season', '']",Shen Ming Zhi Zhou,,,,,,
155,,超機動街区 KASHIWA-NO-HA,,['ONA'],3,Finished Airing,"Sep 30, 2015 to Oct 28, 2023",,,"['Rakuonsha', 'Yamato Works']","None found,","None found,",Original,,,,3 min. per ep.,G - All Ages,5.07,#13128,#13880,"1,104",1,319,"ーThe day the city had moved, our future began to move.ー The year is 2018. Kashiwa City, Chiba Prefecture, Kashiwanoha Smart City. A family had come to the model room tour of the tower apartment in ""Park City Kashiwanoha Campus The Gate Tower"". With excellent facilities the family begins a new life in this city based on the environment. However, suddenly the after leaving, the ground shakes violently and a giant robot appears from where their tower apartment once stood. Or rather, their tower apartment has become a giant robot. The family is stunned. What the heck is happening in this town? What secret is hidden in this town? (Source: Official YouTube channel, edited)",[],Chou Kidougai-ku: Kashiwa-no-Ha,['Mecha'],,,,['Action'],
156,,未来へのかけ橋～Bridge for future～,,['ONA'],6,Finished Airing,"Oct 1, 2015 to Aug 1, 2016",,,"None found,","None found,",['Gaina'],Original,,,,30 sec. per ep.,G - All Ages,5.75,#11171,#14959,824,0,171,"Fukushima Gainax's commissioned commercials for TOHO Bank. The series involves Sayaka Hinata, an overly-energetic new bank employee (voiced by Sarah Emi Bridcutt), and her beleaguered boss, Mitsuya (voiced by Tomokazu Sugita). (Source: Crunchyroll)",[],Mirai e no Kakehashi: Bridge for Future,,,,,['Slice of Life'],
157,,ゴキブリ姫,Cockroach Princess,['ONA'],1,Finished Airing,"Nov 20, 2015",,,"None found,","None found,","None found,",Original,,,,1 min.,G - All Ages,5.28,#12730,#15108,786,1,384,No synopsis information has been added to this title. Help improve our database by adding a synopsis here.,[],Gokiburi Hime,,,,,['Sci-Fi'],
158,,エリートバナナ バナ夫,Elite Banana Banao,['ONA'],9,Finished Airing,"Dec 24, 2015 to Aug 8, 2016",,,['Kamio Japan'],"None found,","None found,",Other,"['Comedy', 'Slice of Life']",,,2 min. per ep.,G - All Ages,5.74,#11215,#15266,748,2,165,A variety of shorts centering around a suave banana. Based on a toy franchise published by the Banpresto gaming company.,[],Elite Banana Banao,['Parody'],,,,,
159,,磯部磯兵衛物語 〜浮世はつらいよ〜,,['ONA'],33,Finished Airing,"Dec 12, 2015 to 2016",,,"None found,","None found,",['Gathering'],['Manga'],,"['Gag Humor', 'Historical']",['Shounen'],30 sec. per ep.,PG-13 - Teens 13 or older,[],#18890,#15350,729,1,,"Isobe Isobee is a lazy, slacker samurai with big dreams. He lives with his mother, who thinks highly of him. He lays around the house, sneakily looks at Edo-period pornography without his mother noticing, naps at school... but he plans to become a respectable samurai one day! (Source: MangaHelpers)","['Sequel (ONA) Isobe Isobee Monogatari: Ukiyo wa Tsurai yo (2017)', 'Adaptation (Manga) Isobe Isobee Monogatari: Ukiyo wa Tsurai yo']",Isobe Isobee Monogatari: Ukiyo wa Tsurai yo (2015),,,,,['Comedy'],
160,,スーパーショートコミックス,,['ONA'],8,Finished Airing,"Nov 2, 2015 to Dec 21, 2015",,,['comico'],"None found,","[""Steve N' Steven""]",['Web manga'],,,,5 min. per ep.,G - All Ages,5.74,#11194,#15554,694,1,185,A series of absurdist gag stories with limited continuity. Each episode consists of a varying amount of stories and a total of 26 stories were made.,[],Super Short Comics,['Parody'],,,,['Comedy'],
161,One Hundred Thousand Bad Jokes 3,十万个冷笑话第3季,,['ONA'],49,Finished Airing,"Dec 31, 2015 to Sep 27, 2017",,,['Yaoqi'],"None found,",['L²Studio'],['Web manga'],,,,10 min. per ep.,PG-13 - Teens 13 or older,[],#14183,#15740,664,0,,Third season of One Hundred Thousand Bad Jokes.,"['Prequel (ONA) Shi Wan Ge Leng Xiaohua 2nd Season', '']",Shi Wan Ge Leng Xiaohua Di 3rd Season,['Parody'],,,,['Comedy'],
162,"China National Day Special Edition, Qin Shi Ming Yue Zhi: Episode 15.5",秦時明月国庆特别篇,,['ONA'],1,Finished Airing,"Oct 1, 2015",,,"None found,","None found,",['Sparkly Key Animation Studio'],Novel,"['Action', 'Comedy']","['Martial Arts', 'Parody']",,9 min.,PG-13 - Teens 13 or older,5.63,#11705,#16197,598,0,163,"An episode that was released to celebrate October 1, 2015, China's National Day.",[],Qin Shi Mingyue: Guoqing Tebie Pian,,,,,,
163,,プライド,,['ONA'],1,Finished Airing,"Oct 29, 2015",,,"None found,","None found,","None found,",Original,,,,2 min.,G - All Ages,5.51,#12097,#16748,531,0,257,An Isuzu (truck company) commissioned short from Tekken about a freight truck driver who takes pride in his work.,[],Pride,,,,,['Slice of Life'],
164,,ボーニンゲンweekend,,['ONA'],20,Finished Airing,"Dec 17, 2015 to Apr 27, 2016",,,"None found,","None found,","None found,",Original,,,,30 sec. per ep.,G - All Ages,5.10,#13088,#17088,495,0,223,Shorts focusing on the daily life of a human and their cat.,[],Bouningen Weekend,['Pets'],,,,['Slice of Life'],
165,,東京コスモ,,['ONA'],1,Finished Airing,"Oct 27, 2015",,,"None found,","None found,","None found,",Original,"['Fantasy', 'Slice of Life']",,,4 min.,G - All Ages,5.80,#10951,#17609,450,0,215,This five-minute video tells the simple tale of a young woman imagining her normal life being a bit more extraordinary. (Source: ANN),[],Tokyo Cosmo,,,,,,
166,,ゲキドライヴ,Geki Drive,['ONA'],1,Finished Airing,"Oct 20, 2015",,,['Bandai'],"None found,","None found,",Other,,,,2 min.,G - All Ages,4.95,#13265,#18195,405,0,170,"Bandai began streaming an animated promotional video for its upcoming Geki Drive racing kits Tuesday. The new, customizable cars are set for release in January 2016. The video shows two cars, the Dragon Gear (white) and Night Cougar (black). The cars are the first is the toy line's GD Machine Series. A third car, Burst Phoenix (red), is also planned. The cars utilize the ""Link Unit System,"" making them easy to upgrade with new parts and assemble. Bandai is also releasing a 90-degree bank-curved track. The track is recreated in the animated promotional video. (Source: ANN)",[],Geki Drive,['Racing'],,,,['Action'],
167,,"東北東, 十七の空",The Light at Night in Summer,['ONA'],1,Finished Airing,"Dec 11, 2015",,,"None found,","None found,","None found,",Other,,,,15 min.,G - All Ages,6.17,#8983,#18438,386,1,152,"Hirofumi Mizusawa is a second year student at Nanagou High School, which is going to close this summer. One day late at night while trying to finish his summer homework, he observes a ""flying orange light"" from the window in his room. The next day, he tells his friends Akira and Ryo about it, and they begin to investigate the true nature of the light, but... (Source: YouTube, edited)",[],"Touhokutou, Juunana no Sora",,,,,['Slice of Life'],
168,Dangerous Jiisan,じーコロコミック,,['ONA'],1,Finished Airing,"Dec 25, 2015",,,"None found,","None found,","None found,",['Manga'],"['Comedy', 'Sci-Fi']",,['Kids'],4 min.,G - All Ages,[],#18999,#19372,321,0,,"A Dangerous Jiisan webisode released on CoroCoro Comic's official youtube page for Christmas 2015. In it, Yousuke accidentally breaks Jiisan's handheld game and ends up going on a wacky time traveling loop to fix it.","['Sequel (TV) Zettai Zetsumei Dangerous Jiisan (2005)', '']",Jii Coro Comic,,,,,,
169,,僕らの明日～フリーターの現状に関する若者への周知・広報事業～,,['ONA'],1,Finished Airing,"Nov 24, 2015",,,"None found,","None found,","None found,",Original,,,,16 min.,G - All Ages,[],#17011,#19857,292,0,,"The video centers on Takumi Shimamoto, a 22-year-old freeter who quit college in his second year under the pretense of finding something that interests him to pursue. He's been working part-time jobs for about two years. He runs into a classmate from high school named Ayaka Yoshimura. She is about to graduate from college and is thinking about her job prospects. Ayaka is considering doing part-time work for the time being because there is not a job in particular that she wants to do. (Source: ANN)",[],Bokura no Ashita: Freeter no Genjou ni Kansuru Wakamono e no Shuuchi Kouhou Jigyou,,,,,['Slice of Life'],
170,,まつばらくん　「マッキーへの応援メッセージ」,,['ONA'],1,Finished Airing,"Oct 4, 2015",,,"None found,","None found,","None found,",Original,,,,33 sec.,G - All Ages,[],#20061,#20225,273,0,,"Matsubara-kun gives his support to Mackie, a fellow Matsubara city mascot, for the 2015 yuru-chara grand prix.",[],Matsubara-kun: Mackie E no Ouen Message,,,,,['Comedy'],
171,,わんわんわんコイン,,['ONA'],15,Finished Airing,"Nov 30, 2015 to Jun 20, 2016",,,"None found,","None found,",['DLE'],Original,,,,3 min. per ep.,G - All Ages,[],#15248,#20740,244,0,,"A ""vertical"" anime starring a coin with doglike properties.",[],Wanwanwan Coin,,,,,['Comedy'],
172,,空想水族館,Kuusou Suizokukan,['ONA'],2,Finished Airing,"Nov 16, 2015 to Oct 2, 2016",,,['Kamio Japan'],"None found,",['Takara Tomy A.R.T.S'],Original,,,['Kids'],53 sec. per ep.,G - All Ages,[],#19687,#20759,243,0,,"Kuusou Suizokukan features characters that are inspired by the sea creatures in a future aquarium like rabbit-penguins, parakeet-sea lions, and bear-jellyfish.",[],Kuusou Suizokukan,,,,,,
173,Sukekiyo × The Zemeckises Collaboration CM,sukekiyo × The Zemeckises コラボアニメーション,,['ONA'],1,Finished Airing,"Oct 6, 2015",,,"None found,","None found,","None found,",Unknown,,,,2 min.,PG-13 - Teens 13 or older,[],#14608,#21881,180,0,,A free gift when you purchase the Online Version or the Limited First Press Version of PERSUASIO // 2015.2.28 sukekiyo 2015 live ｢The Unified Field｣ -VITIUM-. (Source: Discogs),[],Sukekiyo × The Zemeckises Collab Animation,,,,,['Supernatural'],
174,,罚球线,Free Throw Line,['ONA'],1,Finished Airing,"Oct 25, 2015",,,"None found,","None found,","None found,",Original,,,,6 min.,G - All Ages,[],#17917,#22720,145,0,,No synopsis information has been added to this title. Help improve our database by adding a synopsis here.,[],Faqiu Xian,,,,,['Sports'],
175,Chinese Choir,中国唱诗班,,['ONA'],6,Finished Airing,"Nov 2, 2015 to Jan 7, 2022",,,"None found,","None found,","None found,",Unknown,,,,11 min. per ep.,PG-13 - Teens 13 or older,[],#16312,#23080,134,0,,No synopsis information has been added to this title. Help improve our database by adding a synopsis here.,[],Zhongguo Changshi Ban,['Historical'],,,,,
176,,那年那兔那些事儿 第二季,,['ONA'],12,Finished Airing,"Nov 6, 2015 to Apr 5, 2016",,,"None found,","None found,","None found,",Other,,"['Anthropomorphic', 'Military']",,6 min. per ep.,PG-13 - Teens 13 or older,[],#20505,#23151,132,0,,No synopsis information has been added to this title. Help improve our database by adding a synopsis here.,"['Prequel (ONA) Na Nian Na Tu Naxie Shi Er', 'Sequel (ONA) Na Nian Na Tu Naxie Shi Er: Fanwai Pian', 'Sequel (ONA) Na Nian Na Tu Naxie Shi Er 3rd Season', '']",Na Nian Na Tu Naxie Shi Er 2nd Season,,,,,['Comedy'],
177,Juedi Shi Ri,绝地十日,,['ONA'],8,Finished Airing,"Dec 17, 2015 to Sep 14, 2016",,,"None found,","None found,","None found,",Original,"['Action', 'Sci-Fi']",,,14 min. per ep.,PG-13 - Teens 13 or older,[],#18919,#24695,99,0,,No synopsis information has been added to this title. Help improve our database by adding a synopsis here.,[],Jedi Shi Ri,,,,,,
178,,忍者萌剑传,,['ONA'],1,Finished Airing,"Dec 24, 2015",,,"None found,","None found,","None found,",Game,,,,8 min.,PG-13 - Teens 13 or older,[],#21346,#24742,98,0,,No synopsis information has been added to this title. Help improve our database by adding a synopsis here.,[],Renzhe Meng Jian Chuan,,,,,['Comedy'],
179,,白想这么多,,['ONA'],30,Finished Airing,"Oct 29, 2015 to ?",,,"None found,","None found,","None found,",Original,,,['Kids'],3 min. per ep.,PG - Children,[],#16758,#25443,88,0,,No synopsis information has been added to this title. Help improve our database by adding a synopsis here.,[],Bai Xiang Zheme Duo,,,,,['Comedy'],
180,"Hai, Gu De Bai","嗨,顾得白",,['ONA'],160,Finished Airing,"Dec 29, 2015 to Apr 8, 2016",,,"None found,","None found,","None found,",Original,,,['Kids'],3 min. per ep.,PG - Children,[],#18553,#25550,87,0,,No synopsis information has been added to this title. Help improve our database by adding a synopsis here.,[],"Hi, Goodbye",,,,,,
181,,RABBYCC之卡罗的心灵世界,,['ONA'],25,Finished Airing,"Oct 9, 2015 to ?",,,"None found,","None found,","None found,",Original,,,['Kids'],3 min. per ep.,PG - Children,[],#21306,#25761,84,0,,No synopsis information has been added to this title. Help improve our database by adding a synopsis here.,[],Rabby CC: Carol de Xinling Shijie,,,,,['Fantasy'],
182,"One Punch Man OVA, One Punch-Man OVA, One-Punch Man OVA",ワンパンマン OVA「ロード・トゥ・ヒーロー」,,['OVA'],1,Finished Airing,"Dec 4, 2015",,,"None found,","None found,",['Madhouse'],['Web manga'],"['Action', 'Comedy']","['Parody', 'Super Power']",['Seinen'],24 min.,R - 17+ (violence & profanity),7.70,#1309,#772,"333,770",368,190612,"Before Saitama became the man he is today, he trained and fought endlessly to become a hero. While every scuffle leaves his tracksuit uniform in tatters, he always has it mended for free thanks to his local tailor. One day, however, the tailor informs him that he must close up shop due to pressure from a local gang. Saitama decides to help him out—and gains something irreplaceable in the process. [Written by MAL Rewrite]",[],One Punch Man: Road to Hero,,,,,,
183,Noragami Aragoto OAD,ノラガミ OAD,,['OVA'],2,Finished Airing,"Nov 17, 2015 to Mar 17, 2016",,,"None found,","None found,",['Bones'],['Manga'],"['Comedy', 'Supernatural']",,['Shounen'],23 min. per ep.,PG-13 - Teens 13 or older,7.84,#944,#979,"265,836",370,141031,"Hiyori Iki goes on a skiing trip with her parents and happens to bump into Yato and Yukine. After a short while, they find the other gods who are there for a company vacation. But amidst all the fun, someone is plotting a heinous crime, and Yato is the primary target. On a different day, Yato’s been able to make a small fortune from his last job and decides to take Hiyori and Yukine to Capyper Land. Although she agrees without knowing the destination, will Hiyori actually enjoy the day considering what happened on her last visit? [Written by MAL Rewrite]","['Adaptation (Manga) Noragami', 'Adaptation (Manga) Noragami: Shuuishuu']",Noragami Aragoto OVA,['Mythology'],,,,,
184,,東京喰種 トーキョーグール【PINTO】,Tokyo Ghoul: Pinto,['OVA'],1,Finished Airing,"Dec 25, 2015",,,"None found,",['Funimation'],['Pierrot'],['Light novel'],"['Action', 'Fantasy', 'Horror', 'Suspense']","['Gore', 'Psychological', 'Urban Fantasy']",['Seinen'],24 min.,R - 17+ (violence & profanity),7.20,#3387,#1156,"225,492",391,125011,"Shuu Tsukiyama is a ""ghoul"": a creature who eats human flesh, and he likes to enjoy his meals to the fullest. One night, while relishing in the premeditated murder of his dinner, Shuu's much anticipated first bite is disturbed by a sudden flash of light. The flash turns out to be from the camera of high schooler Chie Hori, who presents Shuu with the perfect picture capturing his true nature; the extremely clear shot of a bloody corpse and an overly excited Shuu threatens to expose his ghoul identity, thus Shuu needs to sort out this situation quickly. After Shuu discovers that Chie attends the same high school as him and is even in the same class, the reason behind his feelings of obsession changes from self-preservation to morbid curiosity. As he grows closer to the absent-minded and extremely odd photographer, he challenges them both to learn more about each other's conflicting worlds; Shuu promises that Chie will come out of this experience with a photograph superior to the one she already has. [Written by MAL Rewrite]","['Adaptation (Light Novel) Tokyo Ghoul', '']","Tokyo Ghoul: ""Pinto""",,,,Tokyo Ghoul: Pinto,,
185,,神様はじめました～過去編～,,['OVA'],4,Finished Airing,"Aug 20, 2015 to Aug 19, 2016",,,"None found,","None found,",['TMS Entertainment'],['Manga'],"['Comedy', 'Romance', 'Supernatural']","['Mythology', 'Time Travel']",['Shoujo'],30 min. per ep.,PG-13 - Teens 13 or older,8.40,#198,#1439,"175,258","1,070",86654,"While playing in the snow one day at her shrine, the land god Nanami Momozono witnesses her familiar—the fox youkai Tomoe—collapse, with dark markings appearing on his body. Tomoe's former master, Lord Mikage, appears after his long absence and places Tomoe into a magical pocket mirror in order to stave off his ailment. Mikage explains that long ago, before he and Tomoe had met, the fox youkai was in love with a human woman. Seeking to live as a human with his beloved, he made a deal with a fallen god, but he only ended up cursed and dying. When Mikage discovered Tomoe, the god made the youkai forget his human love as a quick solution. However, something has changed recently to reactivate the curse; Tomoe has fallen in love with his new human master, Nanami. Since there is no way to stop the curse, Nanami wants to stop Tomoe from getting cursed in the first place by traveling back through time, even if it means they may never meet. As Nanami travels back hundreds of years to save her precious familiar, she discovers that she is far more closely bonded to Tomoe than she previously thought. [Written by MAL Rewrite]","['Prequel (TV) Kamisama Hajimemashita◎', 'Sequel (OVA) Kamisama Hajimemashita: Kamisama, Shiawase ni Naru', 'Adaptation (Manga) Kamisama Hajimemashita', '']",Kamisama Hajimemashita: Kako-hen,,,,,,
186,"High School DxD BorN OVA, High School DxD BorN Episode 13, High School DxD Born OVA: The Pheoenix Doesn't Revive",ハイスクールD×D BorN OVA 蘇らない不死鳥,High School DxD Born OVA,['OVA'],1,Finished Airing,"Dec 9, 2015",,,"['Genco', 'Lantis', 'Kadokawa']","None found,",['TNK'],['Light novel'],"['Action', 'Comedy', 'Romance', 'Supernatural', 'Ecchi']","['Harem', 'Mythology', 'School']",,24 min.,R+ - Mild Nudity,7.41,#2308,#1665,"147,972",279,78106,Unaired anime episode bundled with the limited edition of High School DxD DX.2.,"['Prequel (TV) High School DxD BorN', 'Sequel (TV Special) High School DxD Hero: Taiikukan-ura no Holy']",High School DxD BorN: Yomigaeranai Fushichou,,,,High School DxD BorN: Le phénix qui ne renaît pas de ses cendres,,
187,Strike the Blood OVA,ストライク・ザ・ブラッド　ヴァルキュリアの王国篇,Strike the Blood: Kingdom of the Valkyria,['OVA'],2,Finished Airing,"Nov 25, 2015 to Dec 23, 2015",,,"['Movic', 'Warner Bros. Japan', 'KlockWorx', 'ASCII Media Works', 'Hakuhodo DY Music & Pictures']","None found,","['Barnum Studio', 'SILVER LINK.', 'Connect']",['Light novel'],"['Action', 'Fantasy', 'Ecchi']","['Harem', 'School', 'Urban Fantasy', 'Vampire']",,23 min. per ep.,R+ - Mild Nudity,7.22,#3229,#2234,"98,908",102,47948,It was officially announced at the Dengeki Game Festival 2015 event that Strike the Blood will be getting a two-episode OVA series to be released at the end of 2015. The OVA will be an original story written by Gakuto Mikumo. (Source: MAL News),[],Strike the Blood: Valkyria no Oukoku-hen,,Strike The Blood - OVA,Strike The Blood - OVA,Strike The Blood - OVA,,
188,,干物妹！うまるちゃん OVA,,['OVA'],2,Finished Airing,"Oct 19, 2015 to Apr 19, 2017",,,"None found,","None found,",['Doga Kobo'],['Manga'],,"['Otaku Culture', 'School']",['Seinen'],23 min. per ep.,PG-13 - Teens 13 or older,7.24,#3175,#2467,"84,431",69,43240,Episodes included in the manga's seventh and tenth volumes.,"['Prequel (TV) Himouto! Umaru-chan', 'Adaptation (Manga) Himouto! Umaru-chan']",Himouto! Umaru-chan OVA,,,,,['Comedy'],
189,,機動戦士ガンダムTHE ORIGIN,Mobile Suit Gundam: The Origin,['OVA'],6,Finished Airing,"Feb 28, 2015 to May 5, 2018",,,['Sotsu'],"['Nozomi Entertainment', 'NYAV Post']",['Sunrise'],['Manga'],"['Action', 'Sci-Fi']","['Mecha', 'Military', 'Space']",['Shounen'],1 hr. 11 min. per ep.,R+ - Mild Nudity,8.33,#252,#2584,"78,228",915,33425,"In the year 0068 of the Universal Century, Casval Rem Deikun's life is thrown into chaotic disarray after the assassination of his father, a prolific figure in the crusade towards civil rights for people who live away from the Earth's surface. Casval and his sister Artesia receive aid from soldiers who were loyal to their father, and the siblings are whisked away from their home, separated, and thrown into a twisted fate that sees them come into their own as soldiers and adults. Years before stealing the name Char Aznable or his ""Red Comet"" moniker, Casval must contend with the rise of a militarized version of his father's ideology and his own vengeful nature as intergalactic war molds him into a legendary mobile suit pilot. [Written by MAL Rewrite]","['Adaptation (Manga) Kidou Senshi Gundam: The Origin', '']",Kidou Senshi Gundam: The Origin,,,,,,
190,Noblesse: The Beginning of Destruction,NOBLESSE 파멸의 시작,,['OVA'],1,Finished Airing,"Dec 4, 2015",,,"None found,","None found,",['Studio Animal'],['Web manga'],"['Action', 'Adventure', 'Supernatural']",,,37 min.,R - 17+ (violence & profanity),7.25,#3120,#3098,"56,871",107,25625,"Humans live their lives driven by ambition and greed, prepared to kill their own kind with no hesitation. Since the beginning of humanity, wars have raged on throughout the human world, with the other races watching on. A victim of one war and orphaned, Ashleen was saved by the lord of the werewolves, Muzaka. Muzaka had abandoned his duties as lord and left the werewolf clan, travelling with Ashleen to secure her happiness. However, during his absence, members of Muzaka's species began orchestrating further wars on humans, disgusted by Muzaka's compassion. A secret and powerful organization established itself in the human realm, intending to manipulate Muzaka. When he is misinformed by the Union, Muzaka starts directing his rage toward the humans. Can his only friend, Cadis Etrama Di Raizel, the Noblesse, stop Muzuka's madness? Set 820 years before the events of Noblesse, Noblesse: Pamyeol-ui Sija depicts the tragic history of Muzaka, and how it led to the Noblesse's indefinite slumber. [Written by MAL Rewrite]","['Sequel (ONA) Noblesse: Awakening', 'Adaptation (Manhwa) Noblesse']",Noblesse: Pamyeol-ui Sijak,,,,,,
191,,ビッグオーダー,,['OVA'],1,Finished Airing,"Oct 3, 2015",,,"['Lantis', 'Kadokawa']",['Discotek Media'],['asread.'],['Manga'],,,['Shounen'],38 min.,R+ - Mild Nudity,5.71,#11347,#3648,"42,288",39,19093,"The story centers on an introverted high school student named Eiji Hoshimiya with a huge secret—he wished for the destruction of the world when he was younger. Fairies give certain people special powers called Orders, and what Order Users can do with their power depends on their wishes. Ten years after the Great Destruction, Eiji struggles to come to terms with his immense power. (Source: ANN)","['Adaptation (Manga) Big Order', '']",Big Order,['Super Power'],,,,['Action'],
192,"Triage X Episode 11, Triage X OAD, Triage X OVA",トリアージX 「RECOLLECTION XOXO」,Triage X: Recollection XOXO,['OVA'],1,Finished Airing,"Nov 2, 2015",,,['DAX Production'],['Sentai Filmworks'],['Xebec'],['Manga'],"['Action', 'Ecchi']",,['Shounen'],23 min.,R+ - Mild Nudity,6.49,#7145,#4519,"27,147",17,11055,Unaired episode 11 of the Triage X series bundled with the 12th manga volume.,"['Prequel (TV) Triage X', 'Adaptation (Manga) Triage X']",Triage X: Recollection XOXO,['School'],,,,,
193,"Hantsu x Torasshu, Hunts x Trash",ハンツー×トラッシュ,Sexy and Stupid Water Polo Comedy!!,['OVA'],3,Finished Airing,"Oct 6, 2015 to Nov 4, 2016",,,"None found,","None found,",['Hoods Entertainment'],['Manga'],"['Comedy', 'Romance', 'Sports', 'Ecchi']","['School', 'Team Sports']",['Seinen'],12 min. per ep.,R+ - Mild Nudity,5.14,#13029,#4559,"26,729",66,10625,"Hamaji Youhei, a high school freshman, lives his life aimlessly, lazing around all day. He can't keep up with his studies, no good at sports and won't stick with anything for long. Besides that he's a pervert who's continuously rejected by girls. A sophomore convinces him into joining a club where he could lunge at girls, fondling and touching all he wanted. Thus he joined the Water Polo Club. Can Youhei, who never sticks with anything for long, find his place in this club?","['Adaptation (Manga) Hantsu x Trash', '']",Hantsu x Trash,,,,,,
194,"Nagato Yuki-chan no Shoushitsu OVA, The Vanishing of Nagato Yuki-chan OVA",長門有希ちゃんの消失 第17話「終われない夏休み」,The Disappearance of Nagato Yuki-chan: I Cannot Let Summer Break End,['OVA'],1,Finished Airing,"Oct 26, 2015",,,"None found,",['Funimation'],['Satelight'],['Manga'],,,['Seinen'],24 min.,PG-13 - Teens 13 or older,6.70,#5886,#4594,"26,201",13,10758,Extra episode of Nagato Yuki-chan no Shoushitsu bundled with the limited edition of the 9th manga volume.,"['Prequel (TV) Nagato Yuki-chan no Shoushitsu', 'Adaptation (Manga) Nagato Yuki-chan no Shoushitsu']",Nagato Yuki-chan no Shoushitsu: Owarenai Natsuyasumi,,Das Verscheinden der Yuki Nagato: OVA Endlosen Sommerferien,The Disappearance of Nagato Yuki-Chan,The Disappearance of Nagato Yuki-Chan,['Comedy'],
195,,あねよめカルテット,,['OVA'],2,Finished Airing,"Oct 9, 2015 to Mar 25, 2016",,,['Mary Jane'],"None found,",['New Generation'],Visual novel,,,,27 min. per ep.,Rx - Hentai,7.24,N/A,#5060,"20,831",110,8580,"Based of the game by Candy Soft. Summary of the game: The Hanabishi family and Hidaka family are next door neighbors. The fathers of both households could be called best friends, so they all get along like one big happy family. In particular, Hidaka family’s only son Kouki was raised lovingly by the four Hanabishi sisters like he was their own brother. One day, the Hanabishi and Hidaka parents were preparing for a long term overseas business trip together. Kantaro Hanabishi had only one problem holding him back from the trip; leaving his four daughters behind in Japan. “Leave it to me. You can rely on me to watch over them!” As a result of Kouki’s casual announcement, both parents happily departed on their trip. “Ooh, how reliable! That was what I was waiting to hear!” Between both of the parents, they had arranged for one of the four sisters to become Kouki's fiance. After Kouki's graduation they would continue discussion of it further, but this recent event gave a chance to accelerate their plan. Thus, all summer vacation Kouki will spend time alone under one roof with all four of the Hanabishi sisters. The eldest daughter Yurina: Despite being good at her job, While at home she lazes around and makes Kouki work hard. The second born daughter, Momone: Absolutely adores Kouki, and does nothing but spoil him. The third daughter, Saori: She does all the housework, and although she is like a maid she prefers it to going outside. The youngest daughter, Anzu: Has no reservation in calling Kouki her personal play toy. Each of them have their own motives doing anything they can; at times even tempting him into sexual situations, so they can draw closer to making the Kouki they love their husband. If Kouki ever chooses a bride, who will it be? The energetic life with the quartet of sisters is about to begin. (Source: VNDB)",[],Ane Yome Quartet,,,,,['Hentai'],
196,,サイボーグ009VSデビルマン,,['OVA'],3,Finished Airing,"Nov 11, 2015",,,"['Lantis', 'Half H.P Studio']",['Discotek Media'],"['Actas', 'Bee Media']",['Manga'],"['Action', 'Sci-Fi', 'Supernatural']","['Mythology', 'Super Power']",['Shounen'],31 min. per ep.,R - 17+ (violence & profanity),6.27,#8437,#5675,"15,395",15,7910,"After discovering the existence of demons in Tokyo, the original Cyborg crew led by Dr. Gilmore find themselves in conflict with Devilman, a strong demon believed to be in league with the war-profiteering terrorist organisation, Black Ghost. Meanwhile, a bigger threat emerges when Dr. Adams, a Black Ghost scientist unleashes his new line of high teen Cyborg models against 009 and his friends. (Source: ANN)","['Adaptation (Manga) Cyborg 009 VS Devilman: Breakdown', '']",Cyborg 009 VS Devilman,,,,,,
197,Anoko to Iikoto,アノコトイイコト,,['OVA'],2,Finished Airing,"Oct 2, 2015 to Dec 25, 2015",,,['Mary Jane'],"None found,",['Studio 1st'],['Manga'],,,,19 min. per ep.,Rx - Hentai,6.81,N/A,#5720,"15,143",49,6632,"Konna Mune demo Aisaretai!! (These Breasts Want to be Loved, Too!) High school student Ookoshi discovers the secret of his well-endowed classmate, Takita—it turns out that Takita does not have the breasts that everyone around her believes her to have. Fearing that Ookoshi may expose her secret, Takita ""gives"" him something irresistible as an incentive. Souda Imouto to Renshuu shiyou. (That's Right! I'll Practice with my Sister!) After arranging a meetup with a girl online and thinking that it may escalate into something lustful, Ami's older brother decides to practice having sex with Ami. Of course, she is not willing to let her brother have his way with her, unless he completes a certain ""challenge."" [Written by MAL Rewrite]","['Adaptation (Manga) Ano Ko to Ii Koto', '']",Ano Ko to Ii Koto,,,,,['Hentai'],
198,,えろまんが! Hもマンガもステップアップ♪,,['OVA'],2,Finished Airing,"Dec 25, 2015 to Jan 29, 2016",,,"None found,","None found,",['Collaboration Works'],Visual novel,,,,30 min. per ep.,Rx - Hentai,6.74,N/A,#6275,"11,901",41,4165,Based on the erotic game by Clock Up.,"['Adaptation (Light Novel) Ero Manga! H mo Manga mo Step-up♪', '']",Ero Manga! H mo Manga mo Step-up♪,,,,,['Hentai'],
199,,牝教師4 ~穢された教壇~,,['OVA'],6,Finished Airing,"Oct 30, 2015 to Sep 25, 2020",,,"None found,","None found,",['PoRO'],Visual novel,,,,21 min. per ep.,Rx - Hentai,6.89,N/A,#6346,"11,559",67,4314,Based on the erotic game by Bishop.,[],Mesu Kyoushi 4: Kegasareta Kyoudan,,,,,['Hentai'],
200,,輪姦媚薬中毒 ~逃げ場無し! 1428人の生徒全員にSEXされる令嬢沙也香~,,['OVA'],2,Finished Airing,"Oct 23, 2015 to Dec 4, 2015",,,"['White Bear', 'Mediabank']","None found,",['BreakBottle'],Visual novel,,,,20 min. per ep.,Rx - Hentai,6.57,N/A,#6719,"10,134",78,3957,"She was a pretty girl you might find in any town. Most people would look and see an innocent. Not one guy. One guy imagined her begging, tearful face and got aroused. He didn't even realize how deep his sadist desires went. He began to stalk her. He looked for anything to feed the fantasy that she was a dirty whore. A justification. And then, a single DVD arrived in the mail. The DVD was a secret gathering in the home of a wealthy family, where adults helped themselves to a young girl. The young girl was Sayaka. The sex was rougher than anything he'd ever seen. Several days later, the person who sent the DVD made a request. ""I know who you are. I want an amateur with your sort of perverse interests to do some training."" A drug was provided. It was a drug used to make the gathering video. Sayaka lived for it. She existed to taste it. Her hunger for the drug made her beg and plead... The desire that marinated his sadist heart now aimed at her. (Source: dlsite)","['Adaptation (Light Novel) Rinkan Biyaku Chuudoku: Nigeba Nashi! 1428-nin no Seito Zenin ni Sex Sareru Reijou Sayaka', '']",Rinkan Biyaku Chuudoku: Nigeba Nashi! 1428-nin no Seito Zenin ni Sex Sareru Reijou Sayaka,,,,,['Hentai'],
201,"Tsunpuri, Tsundere Princess",ツンプリ,,['OVA'],1,Finished Airing,"Dec 25, 2015",,,['Lune-Pictures'],"None found,",['Kantou Douga Kai'],['Light novel'],"['Fantasy', 'Hentai']",,,27 min.,Rx - Hentai,7.04,N/A,#6838,"9,762",56,3916,"This story is divided into 2 parts: The first focuses on Diana, who is in charge of ""rewarding"" a knight for her bravery and protecting the royal family, while the second focuses on Reiana, after a dangerous battle in which she considerably risked her life, she is in charge of visiting this same gentleman who saved her life, and by chance of fate, they end up being more united than ever.","['Adaptation (Light Novel) Tsunpri: Aishite Ohimesama', '']",Tsunpri,,,,,,
202,Chiccha na Onaka,ちっちゃなおなか,,['OVA'],3,Finished Airing,"Oct 2, 2015 to Jul 1, 2016",,,"['MS Pictures', 'Chippai']","None found,",['Studio 9 Maiami'],['Manga'],,,,16 min. per ep.,Rx - Hentai,6.26,N/A,#6844,"9,723",33,4194,Based on the adult manga by Ayumu Shouji.,"['Adaptation (Manga) Chiccha na Onaka', '']",Chicchana Onaka,,,,,['Hentai'],
203,,まじかるすいーとプリズム・ナナ,,['OVA'],7,Currently Airing,"Nov 29, 2015 to ?",,,"None found,","None found,",['Shaft'],Original,,,,30 min. per ep.,None,5.82,#10844,#6867,"9,605",6,262,"In a future not too distant from ours, Nanagoo City is a beautiful city in Japan surrounded by mountains and ocean-sides. The sensitive, adolescent girls who live there are each opening up doors to their own, unique possibilities. No one wants to forget the path they take to adulthood. (Source: ANN)",[],Magical Suite Prism Nana,['Mahou Shoujo'],,,,['Fantasy'],
204,,対魔忍アサギ2,,['OVA'],2,Finished Airing,"Oct 30, 2015",,,['ZIZ Entertainment (ZIZ)'],"None found,",['T-Rex'],Visual novel,"['Supernatural', 'Hentai']",,,21 min. per ep.,Rx - Hentai,6.36,N/A,#6862,"9,623",30,3984,"One year has passed since the Chaos Arena was destroyed, Asagi and Sakura were presently on an abandoned street on a man-made island that floated on top of Tokyo Bay. It was an enormous box-shaped island built by the government and referred to as ""Tokyo Kingdom."" There was hope that it would become a second city center floating at sea, but it had failed to attract businesses. The only way of getting to and from the island was through Honshu Island over the 10 kilometer Tokyo Kingdom bridge. Unfortunately, this narrow route was the means in which the inhabitants of hell found their way onto the island, luring anarchists, criminals, and even illegal immigrants there, transforming the streets of the sea bound city into a world-renowned haven for danger. However abandoned the streets were, order did exist in such a place despite it being a breeding place of crime. There was a business district at the heart as well as one of Asia's greatest prostitute grottoes. Whether or not it was only the strong who survived, the viability of living there required one not to be careless in making friends with the strong. (Source: Dark Translations)","['Prequel (OVA) Taimanin Asagi', 'Sequel (OVA) Taimanin Asagi 3', 'Adaptation (Light Novel) Taimanin Asagi 2: Inbou no Tokyo Kingdom', '']",Taimanin Asagi 2,['Mythology'],,,,,
205,,秘封活動記録 The Sealed Esoteric History,Hifuu Club Activity Record: The Sealed Esoteric History,['OVA'],Unknown,Currently Airing,"Dec 29, 2015 to ?",,,"None found,","None found,","None found,",Game,,,,30 min.,PG-13 - Teens 13 or older,7.35,#2576,#7092,"8,898",56,1175,"In the Outside World, only a few people know of the hidden realm called Gensokyo. Two of those individuals are Maribel Hearn and Renko Usami—the sole members of the Secret Sealing Club. Together, they dedicate themselves to learning more about Gensokyo, ranging from the Genso-Lunar War thousands of years ago to the history of the Moriya Shrine. Whether it be small talk, in-depth discussions, or tracking people who may have connections to this mystical land, even the sky cannot limit their growing curiosity. [Written by MAL Rewrite]",[],Hifuu Katsudou Kiroku: The Sealed Esoteric History,,,,,['Fantasy'],
206,,娘ワレモノ THE ANIMATION,,['OVA'],1,Finished Airing,"Dec 4, 2015",,,"['MS Pictures', 'BOOTLEG']",['Kitty Media'],['Studio 1st'],['Manga'],,,,17 min.,Rx - Hentai,6.28,N/A,#7103,"8,875",22,3892,"Based on the manga by Yoshiron. A man's wife left him for another man, leaving him and her own daughter, Nanakura Kasumi, behind. Frustrated, one night he comes to his stepdaughter... (Source: AniDB)","['Adaptation (Doujinshi) Kowaremono', '']",Kowaremono The Animation,['School'],,,,['Hentai'],
207,,くりぃみぃパイ,,['OVA'],2,Finished Airing,"Oct 16, 2015 to Dec 11, 2015",,,"['Queen Bee', 'Mediabank']","None found,",['Studio 9 Maiami'],['Manga'],,,,21 min. per ep.,Rx - Hentai,6.47,N/A,#7210,"8,558",8,3087,"A series of short stories, based on the erotic manga by Emily, involving high school students and their love lives. (Source: TMDB)","['Adaptation (Manga) Creamy Pie', '']",Creamy Pie,,,,,['Hentai'],
208,,魔獣浄化少女ウテア,,['OVA'],4,Finished Airing,"Dec 11, 2015 to Jun 9, 2017",,,"['EDGE', 'Cloud22']","None found,",['T-Rex'],['Manga'],,,,16 min. per ep.,Rx - Hentai,6.82,N/A,#7457,"7,803",48,3090,Based on the erotic manga by Suzu Suzuhane.,"['Adaptation (Manga) Majuu Jouka Shoujo Utea', '']",Majuu Jouka Shoujo Utea,,,,,['Hentai'],
209,,炎の孕ませもっと!発育っ!身体測定2,,['OVA'],1,Finished Airing,"Nov 27, 2015",,,['Pink Pineapple'],"None found,",['Office TakeOut'],Visual novel,,"['Harem', 'School']",,26 min.,Rx - Hentai,6.52,N/A,#7914,"6,769",9,2225,"Kazama is a lewd, stupid but a good young man who loves fighting. He is suddenly entrusted with the public health doctor, on behalf of the original fighting girls school, St. Versus Institute. Weapons, physical fitness, it's only 1 school that specializes in such fighting, and development management has also been a school regulations. In other words, he must perform a sexual harassment based on ''body measurements'', in the name of the school rules. St. Versus a institute that is miraculously running through many childhood friends. We want to control the school to stand on top of the fighting world in body measurement. If whether ''resistance'', like conquered the fighting community and school. Swinging a page of boobs idol photo book, which has just been watching. To back the setting sun coming through the curtain, Finally vowed to firmly resolve to hot meat stick of groin!! But the question is.. will it actually work? (Source: VNDB)",[],Honoo no Haramase Motto! Hatsuiku! Karada Sokutei 2,,,,,['Hentai'],
210,"Age 12 Second Season, Juuni-sai. 2nd Season",12歳。第2期,,['OVA'],4,Finished Airing,"Jul 3, 2015 to Dec 1, 2015",,,['Half H.P Studio'],"None found,",['SynergySP'],['Manga'],,,['Shoujo'],13 min. per ep.,PG - Children,6.28,#8407,#8222,"6,132",5,2393,Second season of 12-sai.,"['Prequel (OVA) 12-sai.', 'Adaptation (Manga) 12-sai.']",12-sai. 2nd Season,['School'],,,,['Romance'],
211,Tougijou no Senki: Another Story,闘技場〈コロシアム〉の戦姫～another story～,,['OVA'],2,Finished Airing,"Dec 4, 2015 to Jan 8, 2016",,,['Mary Jane'],"None found,",['Office TakeOut'],['Light novel'],"['Fantasy', 'Hentai']",,,16 min. per ep.,Rx - Hentai,5.90,N/A,#9312,"4,402",6,1668,Based on the erotic novel by Wakatsuki Hikaru and Hima.,"['Adaptation (Light Novel) Colosseum no Senki', '']",Colosseum no Senki: Another Story,,,,,,
212,,武想少女隊ぶれいど☆ブライダーズ THE ANIMATION,,['OVA'],1,Finished Airing,"Oct 30, 2015",,,['Pink Pineapple'],"None found,",['G-Lam'],Visual novel,"['Sci-Fi', 'Hentai']",,,26 min.,Rx - Hentai,5.47,N/A,#9569,"4,053",3,1318,"In the late 21st century, humankind came under a fierce attack from aliens who suddenly appeared via wormholes. They were helpless to fight against them and resigned themselves to imminent death. At that time, an ultimate weapon which could create items out of imagination was discovered in a expansive cave under Japan, along with its young master Ryuusei who was in cryostasis. The indiscriminate alien attacks awoke him and he led the humans to a decisive victory. One year later, while the areas which had been destroyed by the aliens were still being rebuilt, Ryuusei was appointed as the commander of the newly-formed Defence Force of Earth, which was created to fight against space invaders. However, he was the only person who could use the ‘imagination embodiment device’. If something was to happen to him, then calamity would befall the world. So the Defence Force of Earth decided to recruit girls with potential to fight alongside him. Even though they hesitated at first, they each had their own reasons to join Ryuusei. Thus, the special force ‘Blade Briders’ was formed, to protect the Earth against the aliens who have returned. (Source: Hau~ Omochikaeri!)",[],Busou Shoujotai: Blade Briders The Animation,['Space'],,,,,
213,,ヒーローカンパニー,,['OVA'],2,Finished Airing,"Oct 5, 2015",,,"None found,","None found,",['Studio Deen'],['Manga'],,,['Seinen'],14 min. per ep.,None,[],#18542,#14406,959,1,,"""A hero"" is a job that in the face of danger and adversity or from a position of weakness, display courage and the will for self-sacrifice. Would you like to work as such a hero in our company? You may transform, manipulate a huge robot or fight as a squad. Shall we realize your dream in our ""Hero Company""?! (Source: MU)","['Adaptation (Manga) Hero Company', '']",Hero Company,['Super Power'],,,,['Comedy'],
214,,ろぼっとアトム,Little Astro Boy,['OVA'],8,Finished Airing,"Nov 3, 2015",,,['Tezuka Productions'],"None found,","None found,",['Manga'],,,['Kids'],11 min. per ep.,G - All Ages,5.86,#10632,#15125,781,2,174,"Astro Boy appears to be a normal, playful kid, yet he is a robot capable of both flying and incredible strength. Living with his parents in a small town where humans and robots coexist, he has many friends thanks to his cheerful nature. Eager to learn and try new things, Astro and his companions often embark on exciting adventures. But their explorations are met with unexpected troubles when the wicked criminal Hamegg—joined by his accomplices Gora, a pink gorilla robot, and Professor Flau—interferes with their endeavors. As the little robot boy and his group bravely face challenges, their efforts become part of a journey to discover the world's values and wonders. [Written by MAL Rewrite]",[],Robot Atom,,,,,['Sci-Fi'],
215,Mad Max: Fury Road Parody Film,The Planet of Stray Cats,The Planet of Stray Cats,['OVA'],13,Finished Airing,"Nov 11, 2015",,,"None found,","None found,",['Studio Crocodile'],Other,,,,5 min. per ep.,PG-13 - Teens 13 or older,[],#14829,#21205,217,1,,"The Planet of Stray Cats, the ""grown-up"" CG gag comedy anime from studio Plus Heads collaboration with the ""Mad Max: Fury Road"" film. The film's director George Miller himself approved this collaborative short. The anime features the nonsensical, surreal conversations of stray cats on a planet. The only voice cast member, named Monica, ad-libs the dialogue of all the characters.",[],The Planet of Stray Cats,['Parody'],,,,['Sci-Fi'],
216,Onosaka Konishi no OTASUKE 2.5-jigen Animation 3rd Season,小野坂・小西のO+K 2.5次元 アニメーション 第3,,['OVA'],10,Finished Airing,"Dec 23, 2015",,,['Frontier Works'],"None found,",['trenova'],Other,,,,4 min. per ep.,PG-13 - Teens 13 or older,[],#20847,#25143,93,0,,The third season of Onosaka Konishi no O+K 2.5-jigen Animation.,"['Prequel (OVA) Onosaka Konishi no O+K 2.5-jigen Animation 2nd Season', 'Sequel (OVA) Onosaka Konishi no O+K 2.5-jigen Animation 4th Season']",Onosaka Konishi no O+K 2.5-jigen Animation 3rd Season,,,,,['Comedy'],
217,"LWA 2, Little Witch Academia 2",リトルウィッチアカデミア 魔法仕掛けのパレード,Little Witch Academia: The Enchanted Parade,['Movie'],1,Finished Airing,"Oct 9, 2015",,,"['Half H.P Studio', 'Ultra Super Pictures', 'TOHO animation', 'Good Smile Company']","None found,",['Trigger'],Original,"['Adventure', 'Comedy', 'Fantasy']",,,53 min.,G - All Ages,7.74,#1190,#1449,"174,538",330,97955,"You can tell witch training is not going swimmingly for the young sorceresses Akko, Lotte, and Sucy—they face expulsion for screwing up one class too many, and their only way out is if they successfully organize their academy's annual parade through a nearby town. But when they stumble upon the momentous discovery that the objective of the parade is to humiliate witches and commemorate their past subjugation, Akko decides it is time for a change: It is time to show the world how fantastic modern witches truly are! However, with the other girls struggling to keep up with Akko's grandiose ambitions, and everything from mischievous boys to slumbering giants getting in their way, maybe pulling it off will require not only all the magical prowess the pupils of Luna Nova Magical Academy can muster, but also a miracle. [Written by MAL Rewrite]","['Prequel (Movie) Little Witch Academia', '']",Little Witch Academia: Mahoujikake no Parade,['School'],,,,,
218,Digimon tri. 1,デジモンアドベンチャーtri.（トライ）第１章「再会」,Digimon Adventure tri. Reunion,['Movie'],1,Finished Airing,"Nov 21, 2015",,,"['Bandai', 'Ai Addiction']",['Shout! Factory'],['Toei Animation'],Original,"['Action', 'Adventure', 'Comedy', 'Drama']",,,1 hr. 29 min.,PG-13 - Teens 13 or older,7.43,#2232,#1996,"116,842",244,62548,"The gate to the Digital World has been closed for three years. Taichi Yagami and his friends have since moved on, and now that he is in his second year of high school, it is time for him to grow up. While everyone else knows what they want to do with their lives, Taichi remains unsure. Meanwhile, the group drifts further apart as they follow their own paths. One day, a rogue insectoid Digimon called Kuwagamon materializes and disrupts electronics all over the city. Taichi recklessly chases after it and ends up cornered by the attacking Digimon. Suddenly, the Digivice that he still carries—a digital device that serves various purposes including helping one's Digimon partner to evolve—glows, and Agumon appears. The two are able to defeat Kuwagamon, but why did the Digimon cross over to this world in the first place? What is happening in the Digital World, and how exactly does this involve Meiko Mochizuki, the new transfer student in Taichi's class? [Written by MAL Rewrite]","['Prequel (Movie) Digimon Adventure 02: Diablomon no Gyakushuu', 'Sequel (Movie) Digimon Adventure tri. 2: Ketsui']",Digimon Adventure tri. 1: Saikai,,Digimon Adventure tri. Film - Reunion,Digimon Adventure tri Película: Reunión,Digimon Adventure tri. Film: Reunión,,
219,Girls & Panzer Gekijouban,ガールズ&パンツァー 劇場版,Girls und Panzer der Film,['Movie'],1,Finished Airing,"Nov 21, 2015",,,"['Bandai Visual', 'Lantis', 'Movic', 'Q-Tec', 'Hakuhodo DY Music & Pictures', 'Hakuhodo DY Media Partners']",['Sentai Filmworks'],['Actas'],Original,"['Action', 'Award Winning']","['CGDCT', 'Military', 'School']",,2 hr.,PG-13 - Teens 13 or older,8.18,#420,#2064,"111,623","1,431",60946,"Having won the 63rd National Sensha-dou tournament, the girls from Ooarai Girls Academy managed to prevent their school from closure by the Japanese Ministry of Education. However, new troubles loom on the horizon: a ministry official argues that the deal was not legally binding and that the Ooarai school carrier is to be decommissioned. Students and their families are frustrated with this injustice and overwhelmed with despair; it seems little can be done to save the school. Their last glimmer of hope is a proposed match against the All-Stars University Sensha-dou team, consisting of the most talented students from all over the country. Despite Ooarai being severely outnumbered and clearly outclassed, they accept the challenge. [Written by MAL Rewrite]","['Prequel (TV) Girls & Panzer', 'Sequel (Special) Girls & Panzer Movie Specials']",Girls & Panzer Movie,,Girls & Panzer: Der Film,,,,
220,"Free! Movie, High☆Speed!: Free! Starting Days",映画 ハイ☆スピード！ -Free! Starting Days-,Free! Starting Days,['Movie'],1,Finished Airing,"Dec 5, 2015",,,"['Shochiku', 'Asahi Broadcasting', 'I Will']",['Funimation'],['Kyoto Animation'],['Light novel'],"['Drama', 'Sports']",,,1 hr. 50 min.,PG-13 - Teens 13 or older,7.85,#929,#2282,"96,126",289,44234,"Haruka Nanase and Makoto Tachibana have started middle school and must adjust to the changes that come along with growing up. While Makoto fits in with his classmates and remains positive about swimming, Haruka struggles to befriend others or join his school's swim club, as his previous issues with swimming trouble him. Distancing himself from his lively classmates and the swimming club, he has difficulty deciding which club to join instead. The rest of his classmates, including Makoto, are also hesitant as to which clubs to participate in. After an argument leads them to join the swimming club anyway, the boys strive to hone their skills, harmonize their swimming styles, and refine their conflicting feelings toward swimming and each other. As determination and talent run high, Haruka and Makoto—along with their classmates—discover themselves and improve their talents during their starting days. [Written by MAL Rewrite]","['Sequel (TV) Free!', 'Adaptation (Manga) High☆Speed!', 'Adaptation (Light Novel) High☆Speed!', '']",High☆Speed! Movie: Free! Starting Days,['School'],,,,,
221,Project Itoh,屍者の帝国,The Empire of Corpses,['Movie'],1,Finished Airing,"Oct 2, 2015",,,"None found,",['Funimation'],['Wit Studio'],Novel,,"['Historical', 'Psychological']",,2 hr.,R - 17+ (violence & profanity),6.84,#5153,#2426,"86,791",278,29641,"By the 19th century, humanity has cultivated technology enabling the reanimation of corpses. Unable to experience individual thoughts or emotions, the corpses are programmed by humans to act as laborers in various occupations. This newfound technology, however, comes with a catch. Science may be able to restore the corpses' ability to move, yet it cannot return what every corpse loses at death: the soul. But Doctor Victor Frankenstein, who vanished shortly after his revolutionary work on corpse reanimation, is said to have revived the only corpse in possession of a soul. In pursuit of this scientific knowledge, London medical student John Watson hopes to fulfill his promise to his late partner, Friday. After being scouted by a government agency, Watson is on a hunt to obtain Frankenstein's notes, which he believes hold the key to the secrets of the soul. During his search, Watson uncovers the harsh realities of the developing corpse technology and the price he must pay to advance his research. [Written by MAL Rewrite]","['Adaptation (Manga) Shisha no Teikoku', '']",Shisha no Teikoku,,Project Itoh: The Empire of Corpses,The Empire of Corpses,Project Itoh: The Empire of Corpses,['Sci-Fi'],
222,Project Itoh,<harmony/> ハーモニー,Harmony,['Movie'],1,Finished Airing,"Nov 13, 2015",,,"['Aniplex', 'Dentsu', 'Fuji TV', 'TOHO', 'Sony Music Entertainment', 'Fujipacific Music', 'Kyoraku Industrial Holdings', 'Kansai Telecasting', 'Beyond C.']",['Funimation'],['Studio 4°C'],Novel,,"['Adult Cast', 'Psychological']",,1 hr. 59 min.,R+ - Mild Nudity,6.88,#4965,#2957,"62,312",274,19625,"In 2019, following an uprising in the USA and a subsequent global nuclear war, humanity was decimated by a catastrophe called ""The Maelström."" A half-century after this cataclysmic event—to preserve humankind—the World Health Organization (WHO) has progressively assimilated worldwide political power and completely redefined society: people are now considered public resources and are guaranteed a happier life. The heightened development of medicine, nanomachine technology, and augmented reality promote this greater devotion to human health. Suffocated by the excessive kindness of Japanese society, high school student Miach Mihie decides to oppose the societal values she considers dehumanizing before the health implant surveillance system WatchMe activates itself the day she turns 18. Miach plans to kill herself with two of her friends, Tuan Kirie and Cian Reikadou. However, Cian betrays the pact in disagreement with Miach's intentions, allowing Tuan to survive her suicide attempt, unlike Miach, who is declared dead. Thirteen years later, now a high-ranking inspector of Helix—an organization affiliated with WHO to monitor military conflicts—Tuan is sent back to Japan after her drug smuggling activities in the Niger warzone are discovered by senior Helix inspector Oscar Stauffenberg. On her first day back to the country she tried running away from, thousands of people simultaneously commit suicide. Tuan is now in charge of investigating this wave of mass suicide and exposing the terrorist organization behind the unprecedented attack. [Written by MAL Rewrite]","['Adaptation (Manga) Harmony', 'Adaptation (Novel) Harmony']",Harmony,,Project Itoh: Harmony,,Project Itoh: Harmony,['Sci-Fi'],
223,,亜人　第１部「衝動」,Ajin: Demi-Human Movie 1: Compel,['Movie'],1,Finished Airing,"Nov 27, 2015",,,['TOHO animation'],['Sentai Filmworks'],['Polygon Pictures'],['Manga'],"['Action', 'Horror', 'Mystery', 'Supernatural']",,['Seinen'],1 hr. 44 min.,R - 17+ (violence & profanity),7.42,#2282,#3424,"47,232",49,17297,"For high schooler Kei—and for at least forty-six others—immortality comes as the nastiest surprise ever. Sadly for Kei, such a feat doesn't make him a superhero. In the eyes of both the general public and governments, he's a rare specimen who needs to be hunted down and handed over to scientists to be experimented on for life—a demi-human who must die a thousand deaths for the benefit of humanity. (Source: Vertical)","['Sequel (Movie) Ajin Part 2: Shoutotsu', 'Adaptation (Manga) Ajin']",Ajin Part 1: Shoudou,['Gore'],Ajin: Impulse Teil 1 der Movie,,,,
224,"Aoki Hagane no Arpeggio: Ars Nova Cadenza, Arpeggio of Blue Steel: Ars Nova Movie 2, Gekijouban Aoki Hagane no Arpeggio",劇場版 蒼き鋼のアルペジオ ‐アルス・ノヴァ‐ Cadenza,,['Movie'],1,Finished Airing,"Oct 3, 2015",,,['Sotsu'],"None found,",['SANZIGEN'],['Manga'],"['Action', 'Sci-Fi']",,['Seinen'],1 hr. 44 min.,PG-13 - Teens 13 or older,7.80,#1023,#4167,"32,323",126,13383,"The group of privateers known as the Blue Steel continues their mission to deliver blueprints of the Vibration Warhead Torpedo—a weapon that may turn the tides of war in their favor—to the United States. However, a new threat arises from their enemy, the overwhelming Fleet of Fog in the form of ""The Student Council.,"" This is a group of warships composed of the remaining Mental Models—the ships' humanoid avatars—who have yet to face the unpredictable captain of the Blue Steel, Gunzou Chihaya. As the Blue Steel gets closer to understanding the origins of the authority controlling the enemy, Iona's past starts to reveal why the war began and her reason for siding with humanity. [Written by MAL Rewrite]","['Prequel (Movie) Aoki Hagane no Arpeggio: Ars Nova Movie 1 - DC', 'Adaptation (Manga) Aoki Hagane no Arpeggio']",Aoki Hagane no Arpeggio: Ars Nova Movie 2 - Cadenza,,,,,,
225,,魔法少女まどか★マギカ コンセプトムービー,Puella Magi Madoka Magica Concept Movie,['Movie'],1,Finished Airing,"Nov 27, 2015",,,"None found,","None found,",['Shaft'],Original,"['Drama', 'Suspense']","['Mahou Shoujo', 'Psychological']",,4 min.,PG-13 - Teens 13 or older,7.15,#3612,#4286,"30,259",57,11241,"Contemplating the meaning of happiness, Madoka Kaname and Homura Akemi compose possible answers that lead them to reflect on their own choices. Meanwhile, strange occurrences cause turmoil among the magical girls as they navigate the challenges of their destiny. [Written by MAL Rewrite]",[],Mahou Shoujo Madoka★Magica: Concept Movie,,,,,,
226,Tamayura Kanketsu-hen Movie 3,たまゆら～卒業写真～ 第3部 憧-あこがれ-,,['Movie'],1,Finished Airing,"Nov 28, 2015",,,"['Shochiku', 'flying DOG']","None found,",['TYO Animations'],Original,,"['CGDCT', 'Iyashikei']",,51 min.,G - All Ages,7.79,#1056,#6513,"10,918",12,3913,The third movie of a four-part finale of Tamayura.,"['Prequel (Movie) Tamayura: Sotsugyou Shashin Part 2 - Hibiki', 'Sequel (Movie) Tamayura: Sotsugyou Shashin Part 4 - Ashita']",Tamayura: Sotsugyou Shashin Part 3 - Akogare,,,,,['Slice of Life'],
227,"Wake Up, Girls! Zoku Movie, Wake Up, Girls! 2, WUG! Zoku-hen, WUG! 2","Wake Up, Girls！Beyond the Bottom",,['Movie'],1,Finished Airing,"Dec 11, 2015",,,"['TV Tokyo', 'Tatsunoko Production', 'AT-X', 'TOHO', 'Ultra Super Pictures', 'DIVE II Entertainment', 'Good Smile Company', 'Avex Pictures', 'Lawson HMV Entertainment', 'Hiroshi Planning']","None found,","['Ordet', 'Millepensee']",Original,,"['Idols (Female)', 'Music']",,53 min.,PG-13 - Teens 13 or older,7.19,#3401,#6895,"9,513",17,3799,"Second movie sequel of Wake Up, Girls!.","['Prequel (Movie) Wake Up, Girls! Seishun no Kage', 'Sequel (TV) Wake Up, Girls! Shin Shou']","Wake Up, Girls! Beyond the Bottom",,,,,['Drama'],
228,"Forward:Hamatora, Hamatora Movie",Fw：ハマトラ,,['Movie'],1,Finished Airing,"Nov 14, 2015",,,"['NAZ', '10Gauge']","None found,",['Lerche'],Mixed media,"['Comedy', 'Mystery']",,,1 hr. 8 min.,G - All Ages,6.96,#4552,#6903,"9,493",6,1667,Summary movie of Hamatora The Animation and Re:␣Hamatora.,[],Fw:Hamatora,['Super Power'],,,,,
229,"Girls und Panzer Movie: Understanding Girls und Panzer in 3 Minutes!!, Girls und Panzer der Film Intro, San-pun Chotto de Wakaru!! Girls und Panzer",ガールズ&パンツァー 劇場版 3分ちょっとでわかる!! ガールズ&パンツァー,,['Movie'],1,Finished Airing,"Nov 21, 2015",,,"None found,",['Sentai Filmworks'],['Actas'],Original,,"['CGDCT', 'Military', 'School']",,3 min.,PG-13 - Teens 13 or older,6.60,#6484,#7696,"7,232",11,2330,A 3-minute intro screened in theaters at the start of the movie. It recaps the TV series to give viewers some context before watching the film. (Source: AniDB),[],Girls & Panzer Movie: 3-pun Chotto de Wakaru!! Girls & Panzer,,,,,,
230,,みつあみの神様,Pigtails,['Movie'],1,Finished Airing,"Oct 24, 2015",,,"None found,","None found,",['Production I.G'],['Manga'],"['Avant Garde', 'Drama']",,['Seinen'],28 min.,G - All Ages,6.72,#5781,#8557,"5,632",6,2147,"A lone house stands amidst a barren landscape. Here lives a petite pigtailed girl, unfettered by her loneliness. There is rarely anyone for her to meet and interact with, save for the occasional masked visitors from a place unknown. Her only company is the inanimate objects present around her. They tell tales about themselves, the girl, and the unchanging surroundings they view day in and day out—all the while, she remains oblivious to their sentience. One day, the monotony is broken when the girl meets someone who offers her a choice capable of altering many fates, including her own. [Written by MAL Rewrite]","['Adaptation (Manga) Mitsuami no Kamisama', '']",Mitsuami no Kamisama,,,,,,
231,"Go! Princess Precure: Go! Go!! Grand 3-Part Movie!!!, Pumpkin Oukoku no Takaramono, The Pumpkin Kingdom's Treasure, Precure to Refi no Wonder Night!, Precure and Refi's Wonder Night!, Cure Flora to Itazura Kagami, Cure Flora and the Vain Mirror",映画Go! プリンセスプリキュア Go! Go!! 豪華3本立て!!!,,['Movie'],1,Finished Airing,"Oct 31, 2015",,,['Kinoshita Group Holdings'],"None found,",['Toei Animation'],Original,,,,1 hr. 15 min.,G - All Ages,6.73,#5744,#9153,"4,650",5,1998,"Part 1, Cure Flora to Itazura Kagami, is a dialogue-less story featuring Cure Flora and a mischievous ghost in a mirror. Part 2, Pumpkin Oukoku no Takaramono, features the four Precure girls from Go! Princess Precure trying to rescue a princess who is held captive. Part 3, Precure to Refi no Wonder Night!, is set when the Night Kingdom lost its daytime. The Precure team fight to take the daytime back alongside the princess Refi. (Source: Crunchyroll, Edited)",[],Go! Princess Precure Movie: Go! Go!! Gouka 3-bondate!!!,['Mahou Shoujo'],,,,,
232,Happy Science Movie 7,UFO学園の秘密,The Laws of the Universe: Part 0,['Movie'],1,Finished Airing,"Oct 10, 2015",,,"None found,","None found,",['HS Pictures Studio'],Original,,,,2 hr. 5 min.,G - All Ages,5.12,#13053,#10221,"3,300",4,902,"Ray, Anna, Tyler, Halle, and Eisuke are five high school students who are suddenly wrapped up in a mysterious incident. An alien species called Grey abducts Halle's sister and embeds her with a special chip inside her brain. The five stand up to save Halle's sister and try to reveal the existence of aliens, but continue to be met with mysterious events. The high school students' story progresses into a shocking development! What truths hide on the dark side of the moon? What are the true intentions of the aliens that are infiltrating America, Russia, and China? What is the true crisis that is closing in on Earth and what hope can we have towards the future!? (Source: HS Pictures Studio)","['Sequel (Movie) Uchuu no Hou: Reimei-hen', '']",UFO Gakuen no Himitsu,['Space'],,,,['Sci-Fi'],
233,"Minimum-Hamatora, Mini Hama Gekijouban Specials, Mini Hama Episodes 9 and 10",劇場版 ミニはま -MINIMUM HAMATORA-,,['Movie'],2,Finished Airing,"Nov 14, 2015",,,"None found,","None found,",['Lerche'],Mixed media,"['Comedy', 'Mystery']","['School', 'Super Power']",,5 min. per ep.,PG-13 - Teens 13 or older,6.00,#9933,#10384,"3,137",2,753,Two special episodes of Mini Hama promoting the Fw:Hamatora movie.,[],Mini Hama: Minimum Hamatora Movies,,,,,,
234,Eiga Youkai Watch 2,映画 妖怪ウォッチ エンマ大王と5つの物語だニャン!,,['Movie'],1,Finished Airing,"Dec 19, 2015",,,['BIGFACE'],"None found,",['OLM'],Game,"['Comedy', 'Supernatural']",,['Kids'],1 hr. 34 min.,G - All Ages,6.82,#5239,#10778,"2,804",8,1136,Second Youkai Watch movie.,"['Prequel (Movie) Youkai Watch Movie 1: Tanjou no Himitsu da Nyan!', 'Sequel (Movie) Youkai Watch Movie 3: Soratobu Kujira to Double Sekai no Daibouken da Nyan!']",Youkai Watch Movie 2: Enma Daiou to Itsutsu no Monogatari da Nyan!,,,,,,
235,Alice in Dream Land,アリス・イン・ドリームランド,,['Movie'],1,Finished Airing,"Dec 19, 2015",,,['Bitgang'],"None found,","None found,",Other,"['Adventure', 'Avant Garde', 'Fantasy']",,,44 min.,G - All Ages,4.90,#13325,#10988,"2,624",1,535,"Alice is summoned by the White Rabbit to save Wonderland from spreading Darkness. However, she knows Alice in Wonderland is a story and that this must be a dream. And so it proves, but at the end, the now grown-up Alice sees the events of her dream begin to unfold for real. (Source: thestreamable)",[],Alice in Dreamland,,,,,,
236,"Tobidasu PriPara: Minna de Mezase! Idol☆Grand Prix, Puri Para, Pri Para, PuriPara, Prism Paradise",とびだすプリパラ　み～んなでめざせ！アイドル☆グランプリ,,['Movie'],1,Finished Airing,"Oct 24, 2015",,,"['Avex Pictures', 'Q-Tec']","None found,",['10Gauge'],Game,,"['Idols (Female)', 'Music', 'School']",,59 min.,PG - Children,6.75,#5631,#11812,"2,054",1,525,"The 2nd PriPara film, unlike the first this shown in stereoscopic 3D.",[],Tobidasu PriPara: Mi~nna de Mezase! Idol☆Grand Prix,,,,,['Slice of Life'],
237,"Kidou Senshi Gundam-san: Because I'm a Boy, Mobile Suit Gundam-san: Bouya Dakara sa",機動戦士ガンダムさん 坊やだからさ,Mobile Suit Gundam-san,['Movie'],10,Finished Airing,"Dec 5, 2015 to Nov 3, 2016",,,"None found,","None found,",['Sunrise'],['4-koma manga'],,"['Mecha', 'Parody']",,3 min. per ep.,PG-13 - Teens 13 or older,5.68,#11461,#12767,"1,512",0,308,A new short episode of the Mobile Suit Gundam-san parody series. (Source: ANN),"['Adaptation (Manga) Kidou Senshi Gundam-san', '']",Kidou Senshi Gundam-san (Movie),,,,,['Comedy'],
238,,戦争のつくりかた,What Happens Before War?,['Movie'],1,Finished Airing,"Oct 2, 2015",,,"None found,","None found,",['Saigo no Shudan'],Picture book,,,,7 min.,PG - Children,6.35,#7959,#13298,"1,297",0,654,Short anti-war animation adapting the picture book Sensou no Tsukurikata. It was created by the group NOddIN.,[],Sensou no Tsukurikata,,,,,['Drama'],
239,,映画ちびまる子ちゃん イタリアから来た少年,,['Movie'],1,Finished Airing,"Dec 23, 2015",,,"None found,","None found,",['Nippon Animation'],['Manga'],"['Comedy', 'Slice of Life']",,['Kids'],1 hr. 34 min.,G - All Ages,6.72,#5758,#13950,"1,085",5,391,"When six international students descend on Shimizu for a homestay, an Italian boy takes an unusual liking to Maruko, who isn't too impressed by the situation. Can she put aside her annoyance in order to help him connect to the memory of one of his closest family members? Join the expansive cast of Chibi Maruko-chan as they embark on their first cinematic adventure in 23 years! (Source: MaruChanSubs)",[],Chibi Maruko-chan Movie: Italia kara Kita Shounen,['School'],,,,,
240,Gamba: Gamba and Companions,GAMBA ガンバと仲間たち,Air Bound,['Movie'],1,Finished Airing,"Oct 10, 2015",,,"None found,","None found,",['Shirogumi'],Novel,,,['Kids'],1 hr. 34 min.,PG - Children,5.58,#11872,#14755,875,2,256,"Gamba, a town mouse with a brave, adventurous spirit decides to go on an adventure to discover the ocean. On his way, he meets a troubled child mouse, Chuta. He says his family and other mice have been killed by a clan of weasels living on a nearby island. Chuta asks a group of ship mice, the bravest of their kind, for help, but when they find out that the villain behind this event is the terrifying weasel-leader Noroi, they give up on helping Chuta. However seeing the hopeless Chuta, Gamba promises him to save the island, his family and the other mice. Gamba and his friends team up to go on their adventure to defeat the evil Noroi and his clan. (Source: Varèse Sarabande)",[],Gamba: Gamba to Nakama-tachi,['Anthropomorphic'],,,,['Adventure'],
241,"The Snack World Eiga, The Snack World Movie",スナックワールド,,['Movie'],1,Finished Airing,"Dec 19, 2015",,,['Level-5'],"None found,","['OLM', 'OLM Digital']",Mixed media,"['Adventure', 'Comedy', 'Fantasy']",,['Kids'],8 min.,G - All Ages,5.99,#9965,#17699,442,0,114,The Snack World follows a ragtag group of friends who embark on an adventure together. They live in a land similar to traditional fantasy settings but with certain modern twists like cell phones and convenience stores.,[],The Snack World,,,,,,
242,"Sol-lo-tal-chul-gwi, Sollotalchulgwi",솔로탈출귀,My Ghost Girlfriend,['Movie'],1,Finished Airing,"Oct 24, 2015",,,['Korean Academy of Film Arts'],"None found,","None found,",Original,"['Romance', 'Supernatural']",,,1 hr. 24 min.,PG-13 - Teens 13 or older,[],#14454,#17868,429,2,,"After serving his military duty, Jung-hoon, who has never had a girlfriend, returns to college. He has a secret crush on Eun-ji, a member of the school’s paranormal activity research club called Mysteria, in which he also belongs. One day, Jung-hoon meets Ji-sun, a virgin ghost, by chance, and Ji-sun asks him for help with her Scare tests, the exams that she needs to pass in order to be reborn. In return, Jung-hoon makes an arrangement with Ji-sun to help him score points with Eun-ji. While trying to help each other’s problems, the two run into disagreements, but their feelings for each other grow deeper as time passes. (Source: KMDb)",[],Sollo Talchul Gwi,,,,,,
243,,애프터눈 클래스,Afternoon Class,['Movie'],1,Finished Airing,"Oct 31, 2015",,,"None found,","None found,","None found,",Original,,,,3 min.,PG-13 - Teens 13 or older,6.68,#6018,#18476,383,0,191,A student is trying to stay awake in an afternoon class. (Source: IMDB),[],Afternoon Class,['School'],,,,['Comedy'],
244,Narudoma Manner Movie,ナルどマ マナームービー,,['Movie'],1,Finished Airing,"Nov 1, 2015",,,['comico'],"None found,",['Kachidoki Studio'],['Web manga'],,,,Unknown,G - All Ages,[],#20585,#19528,312,0,,"A short manner movie that aired at 109 Cinemas from November 1 to November 30, 2015 before films.","['Adaptation (Manga) Nar Doma', '']",Nar Doma Manner Movie,,,,,['Comedy'],
245,,ディス イズ マイ ハウス,Sugar Lump,['Movie'],1,Finished Airing,"Nov 1, 2015",,,"None found,","None found,","None found,",Original,"['Avant Garde', 'Comedy']",,,13 min.,None,[],#14835,#19774,297,0,,"This is a story of an adolescent boy living in a burning house with his parents. He can't drink black coffee yet he refuses his mother's offer of sugar lump. Rejecting his mother's kindness and ignoring his father's concern, he struggles with his own internal conflicts and continues to perform the minor rebellions of youth. Trying to attract the attention of a girl, the boy crashes a stolen motorcycle. In the aftermath of the accident he finds in his pocket a bill stolen from his mother's purse, now changed into a sugar lump. Rather than mend the relationship with his family, he takes the sugar lump to his friends, but they reject him, throwing the sugar lump away. (Source: airport-anifes.jp)",[],This Is My House,,,,,,
246,Long Zai Nali?,龙在哪里?,Where's the Dragon?,['Movie'],1,Finished Airing,"Oct 23, 2015",,,"None found,","None found,","None found,",Original,"['Adventure', 'Comedy']",,,1 hr. 37 min.,PG - Children,[],#19862,#19999,285,0,,"The Zodiac Dragon is missing, and the World plunges into chaos. Jen, a righteous ten year-old girl, must join forces with the legendary Zodiac Animals to find Dragon, restore order to the world, and save humanity. When the Jade Emperor hears of Dragon’s five hundred year disappearance, impetuously he declares he is hosting a race, opened to creatures of all kinds, to replace the existing Zodiac. Harmony on Earth is severely threatened. But wait, behind the entire calamity is a demonic Roach King conspiring a coup d’état of the entire Zodiac. Cockroaches! Millions and millions of cockroaches, ready to rule the World! On the day Jen inadvertently finds a Dragon scale, she encounters three talking animals -- a Pig, a Sheep, and a Horse - three of the twelve Zodiacs. Apparently, the scale is the only clue to Dragon’s whereabouts. And to battle Roach King, Jen and the three have to find and unite the rest of the original Zodiac -- Rat, Cow, Tiger, Rabbit, Snake, Monkey, Rooster, and Dog. Together, they embark on a journey that though dangerous, turns out to be rewardingly heartwarming. (Source: Animation World Network)",[],Long Zai Na Li?,,,,,,
247,Hello Jeon Woo-chi! The Battle of the Magic Robots,"안녕, 전우치! 도술로봇대결전",,['Movie'],1,Finished Airing,"Oct 8, 2015",,,"None found,","None found,","None found,",Original,,,['Kids'],1 hr. 28 min.,PG - Children,[],#16590,#20355,264,0,,"Jeon Woo-chi travels over 500 years into the year 2015 on the elevator after defeating a king who bullies his people. He meets Suk and San-cho, two kids who are masters at martial arts and they become friends. In the meantime, Jeon Woo-chi's friend and rival Woo Dang-tang and the king join forces to take revenge on Jeon Woo-chi. They even make a martial arts robot. Meanwhile, Woo-chi and his friends get trapped in a time room according to Woo Dang-tang's plan and they face danger. Their time is taken away and Jeon Woo-chi becomes a kid, losing all of his powers. The king takes this time to use the robot to bully the people. (Source: Hancinema)",[],"Annyeong, Jeonwoochi! Dosoolrobotdaegyeoljeon",['Martial Arts'],,,,['Sci-Fi'],
248,,缺乏名字的場所,Wander in the Dark,['Movie'],1,Finished Airing,"Oct 15, 2015",,,"None found,","None found,","None found,",Original,"['Award Winning', 'Slice of Life', 'Supernatural']",,,5 min.,G - All Ages,[],#21299,#20631,250,0,,"It's a story about a life trying to find its name and identity. Through the journey of stray animals, we see the dark side of the city. It traps a lot of creatures, not only animals but also some of us. (Source: IMDB)",[],Quefa Mingzi de Changsuo,,,,,,
249,The Tale From The Orient,天眼传奇,A Tale From The Orient,['Movie'],1,Finished Airing,"Oct 1, 2015",,,"None found,","None found,","None found,",Unknown,"['Adventure', 'Fantasy']",,['Kids'],1 hr. 24 min.,G - All Ages,[],#14854,#22669,145,0,,"A young boy with boundless curiosity embarks on a journey paved with magical gods and monsters, unlocking a world of fantasy. (Source: Letterboxd)",[],Tian Yan Chuanqi,,,,,,
250,,藏羚王之雪域精灵,The King of Tibetan Antelope,['Movie'],1,Finished Airing,"Nov 20, 2015",,,"None found,","None found,","None found,",Unknown,"['Adventure', 'Fantasy']",,['Kids'],1 hr. 19 min.,PG - Children,[],#16216,#23859,114,0,,No synopsis information has been added to this title. Help improve our database by adding a synopsis here.,[],Zang Ling Wangzhixue Yu Jingling,,,,,,
251,,뽀로로 극장판 컴퓨터 왕국 대모험,Pororo: Cyberspace Adventure,['Movie'],1,Finished Airing,"Dec 10, 2015",,,"None found,","None found,",['Ocon Studio'],Original,"['Adventure', 'Fantasy']",,['Kids'],1 hr. 30 min.,PG - Children,[],#21121,#24130,109,0,,No synopsis information has been added to this title. Help improve our database by adding a synopsis here.,[],Pororo Movie: Keompyuteo Wang-gug Daemoheom,,,,,,
252,The Firefox of Bunnington Burrows,兔子镇的火狐狸,Agent F.O.X.,['Movie'],1,Finished Airing,"Oct 30, 2015",,,"None found,","None found,","None found,",Original,"['Adventure', 'Fantasy']",,['Kids'],1 hr. 29 min.,PG - Children,[],#15090,#24305,105,0,,No synopsis information has been added to this title. Help improve our database by adding a synopsis here.,[],Tuzi Zhen De Huo Huli,['Anthropomorphic'],,,,,
253,"Mo Ri Gen, Morigen",莫日根,Morengen Bear vs Man,['Movie'],1,Finished Airing,"Oct 17, 2015",,,"None found,","None found,","None found,",Original,,,['Kids'],1 hr. 33 min.,G - All Ages,[],#20410,#24498,102,0,,"The evil breath from hell invades the creatures of the wild world. Before everything is destroyed, a holy hunter fires angry bullets at the evil forces. This overwhelming evil forces erode in the wild world of the biological body and gradually bred into the invincible devil ah ah ah, when the devil met resistance but become stronger. The human race has encountered the destructive power of the devil, which is concentrated in the bear of the barbarian empire, and the vengeful fire within the bear is able to erupt before civilization collapses. At the last moment of his life, the brave moregan hunter fired his last arrow at the devil. (Source: IMDb)",[],Morengen,['Mythology'],,,,['Adventure'],
254,,极地大反攻,,['Movie'],1,Finished Airing,"Oct 1, 2015",,,"None found,","None found,","None found,",Original,"['Adventure', 'Fantasy']",,['Kids'],1 hr. 34 min.,PG - Children,[],#18985,#24718,98,0,,No synopsis information has been added to this title. Help improve our database by adding a synopsis here.,[],Jidi Da Fangong,['Anthropomorphic'],,,,,
255,Gulu Mermaid,咕噜咕噜美人鱼,,['Movie'],1,Finished Airing,"Dec 12, 2015",,,"None found,","None found,","None found,",Original,"['Adventure', 'Fantasy']",,['Kids'],1 hr. 28 min.,PG - Children,[],#18298,#25001,95,0,,No synopsis information has been added to this title. Help improve our database by adding a synopsis here.,"['Sequel (Movie) Gulu Gulu Meirenyu 2', '']",Gulu Gulu Meirenyu,,,,,,
256,,东北花泽类之起幺蛾子,,['Movie'],1,Finished Airing,"Dec 4, 2015",,,"None found,","None found,","None found,",Original,,,,1 hr.,PG-13 - Teens 13 or older,[],#17688,#25202,92,0,,No synopsis information has been added to this title. Help improve our database by adding a synopsis here.,[],Dongbei Hua Ze Lei: Qi Yao Ezi,,,,,['Comedy'],
257,The Winner,圣诞大赢家,,['Movie'],1,Finished Airing,"Dec 12, 2015",,,"None found,","None found,","None found,",Original,"['Adventure', 'Fantasy']",,['Kids'],1 hr. 25 min.,PG - Children,[],#14115,#25304,90,0,,No synopsis information has been added to this title. Help improve our database by adding a synopsis here.,[],Shengdan Da Yingjia,['Anthropomorphic'],,,,,
258,,ワンパンマン,One Punch Man Specials,['Special'],6,Finished Airing,"Dec 24, 2015 to May 27, 2016",,,"None found,",['VIZ Media'],['Madhouse'],['Web manga'],"['Action', 'Comedy']","['Adult Cast', 'Parody', 'Super Power']",['Seinen'],12 min. per ep.,R - 17+ (violence & profanity),7.70,#1308,#771,"333,844",473,186423,Specials included in the Blu-ray and DVD releases of One Punch Man.,[],One Punch Man Specials,,,One Punch Man: Ovas,,,
259,"Steins Gate: Episode 23 (β), Open the Missing Link",シュタインズ・ゲート境界面上のミッシングリンク-Divide By Zero-,Steins;Gate: Open the Missing Link - Divide By Zero,['TV Special'],1,Finished Airing,"Dec 3, 2015",,,"['Frontier Works', 'Media Factory', 'Movic', 'AT-X', 'Kadokawa Pictures Japan', 'Nitroplus']",['Funimation'],['White Fox'],Visual novel,"['Sci-Fi', 'Suspense']",,,24 min.,PG-13 - Teens 13 or older,8.26,#323,#939,"274,249",456,153197,"Having reached his emotional breaking point, Rintarou Okabe refuses to continue aiding time traveler Suzuha Amane in her mission to prevent World War III, believing any further efforts to save Makise Kurisu will be in vain. Shortly after, Okabe abandons his mad scientist persona and becomes a seemingly regular university student. Okabe's close friend Mayuri Shiina perceives him to be recovering from his trauma and is visibly happy. However, something still seems to be bothering Okabe. Steins;Gate: Kyoukaimenjou no Missing Link - Divide By Zero marks the beginning of a critical divergence—a timeline in which the burden of fate escalates beyond one's limits. [Written by MAL Rewrite]","['Sequel (TV) Steins;Gate 0', '']",Steins;Gate: Kyoukaimenjou no Missing Link - Divide By Zero,['Time Travel'],,,,,
260,,Fate/stay night [Unlimited Blade Works] 新作映像「sunny day」,Fate/stay night [Unlimited Blade Works] Season 2: Sunny Day,['Special'],1,Finished Airing,"Oct 7, 2015",,,"None found,",['Aniplex of America'],['ufotable'],Visual novel,"['Action', 'Fantasy']",,,9 min.,PG-13 - Teens 13 or older,7.47,#2061,#1962,"118,869",219,68053,"As the Fifth Holy Grail War reaches its conclusion, Saber repeats her final duty from the previous war in order to end the vicious cycle once and for all. With the decisive blow draining her remaining mana reserves, Saber's body begins to dissipate. She utters a tearful farewell—but Rin Toosaka reaches out to her at the last moment. The future has been changed, and a new beginning awaits. [Written by MAL Rewrite]",[],Fate/stay night: Unlimited Blade Works 2nd Season - Sunny Day,['Urban Fantasy'],,,,,
261,Kuroko no Basket Episode 75.5,黒子のバスケ〜最高のプレゼントです〜,Kuroko’s Basketball: It is the Best Present,['Special'],1,Finished Airing,"Dec 24, 2015",,,"['Bandai Visual', 'Nihon Ad Systems']","None found,",['Production I.G'],['Manga'],,"['School', 'Team Sports']",['Shounen'],23 min.,PG-13 - Teens 13 or older,8.09,#542,#2055,"112,329",212,59153,"It is Tetsuya Kuroko's birthday. In celebration, Satsuki Momoi has invited the other members of the Generation of Miracles to play basketball together and rekindle the memories from their nostalgic middle school days. Meanwhile, Taiga Kagami and his fellow teammates of Seirin High are doing their best to prepare for Kuroko's birthday party. Sometimes, the best gift one can receive is not a material one but, rather, the feeling of having fun with everyone! [Written by MAL Rewrite]",[],Kuroko no Basket: Saikou no Present desu,,,Kuroko no Basket: Temporada 3. Episodio 26:El Mejor Regalo,,['Sports'],
262,,ハイスクールD×D BorN  石踏一榮完全監修！妄想爆揺解除オリジナルビデオ,High School DxD BorN Specials,['Special'],6,Finished Airing,"Jul 24, 2015 to Jan 27, 2016",,,"['Genco', 'Lantis', 'Movic', 'AT-X', 'Memory-Tech', 'Showgate', 'Kadokawa']",['Funimation'],['TNK'],['Light novel'],"['Comedy', 'Ecchi']",,,3 min. per ep.,R+ - Mild Nudity,7.36,#2555,#2257,"97,781",166,51388,"Specials included with the Blu-ray/DVD volumes. ""Rias and Akeno's Womanly Battle!?"" - Rias and Akeno compete to see whose sexy roleplay has greater appeal for Issei. (3:18) ""The Church Trio's Underwear, Amen!"" - Irina, Xenovia, and Asia compare their ""battle underwear"". (3:11) ""Koneko's Healing Sage Arts, Meow"" - Koneko has a healing technique, but does Issei have the wrong idea? (3:44) ""Levia and So"" - Tsubaki can't decide between two magical girl costumes and convinces a reluctant Sona to try one one. (3:29) ""Steamy Grayfia"" - Grayfia isn't quite herself when she and Issei accidentally encounter each other in the bath. (3:24) ""Rossweisse's True Teaching Story"" - When Rossweisse helps Issei study for a test, it proves difficult to avoid inappropriately distracting him. (3:07)",[],High School DxD BorN: Ishibumi Ichiei Kanzen Kanshuu! Mousou Bakuyou Kaijo Original Video,,,,,,
263,"Owari no Seraph 12.5, Owari no Seraph: Nagoya Kessen-hen 00",終わりのセラフ特別編 The Beginning of the End,Seraph of the End: The Beginning of the End,['Special'],1,Finished Airing,"Oct 3, 2015",,,"None found,","None found,",['Wit Studio'],['Manga'],"['Action', 'Drama', 'Fantasy']",,['Shounen'],24 min.,R - 17+ (violence & profanity),7.26,#3053,#2770,"69,794",145,28055,Recap of 1st Season Aired Before Nagoya Kessen-hen.,"['Sequel (TV) Owari no Seraph: Nagoya Kessen-hen', '']",Owari no Seraph: The Beginning of the End,['Vampire'],,,,,
264,,響け！ユーフォニアム 番外編 かけだすモナカ,"Sound! Euphonium Episode 14 – Ready, Set, Monaka",['Special'],1,Finished Airing,"Dec 16, 2015",,,"['Lantis', 'Pony Canyon', 'Rakuonsha']","['Ponycan USA', 'Crunchyroll']",['Kyoto Animation'],Novel,,"['Music', 'Performing Arts', 'School']",,23 min.,PG-13 - Teens 13 or older,7.49,#2002,#2959,"62,220",29,36182,"After the Kitauji High School concert band's auditions for club member participation in the Kyoto Prefectural Concert Band competition, 10 members fail to pass the strict evaluation. Despite being unable to play with the rest of the wind ensemble, the group—who decide to name themselves Team Monaka—is determined to support their peers in any way possible until the day of the competition. From carrying supplies to creating monaka-shaped good-luck charms, Team Monaka's efforts prove to be pivotal for the unforgettable, bittersweet summer in the concert band's journey toward nationals. [Written by MAL Rewrite]",[],Hibike! Euphonium: Kakedasu Monaka,,,,,['Drama'],
265,"Owari no Seraph Omake Anime, Owari no Seraph: Owaranai Seraph",終わらないセラフ名古屋編,Seraph of the Endless: Battle in Nagoya,['Special'],4,Finished Airing,"Dec 25, 2015 to Mar 30, 2016",,,"None found,",['Funimation'],['Wit Studio'],['Manga'],"['Comedy', 'Fantasy']",,['Shounen'],4 min. per ep.,PG-13 - Teens 13 or older,7.34,#2648,#3044,"58,804",84,22739,Specials included in the Blu-ray and DVD releases.,[],Owaranai Seraph: Nagoya-hen,['Parody'],,,,,
266,One Piece Special,ワンピース～アドベンチャー オブ ネブランディア～,One Piece: Adventure of Nebulandia,['TV Special'],1,Finished Airing,"Dec 19, 2015",,,['Fuji TV'],['Funimation'],['Toei Animation'],['Manga'],"['Action', 'Adventure', 'Fantasy']",,['Shounen'],1 hr. 46 min.,PG-13 - Teens 13 or older,7.23,#3211,#3375,"48,212",19,24727,"This special will have the Straw Hats fight Foxy again in the New World on Nebulandia, an island that nullifies Devil Fruit powers.",[],One Piece: Adventure of Nebulandia,,One Piece: Abenteuer auf Nebulandia,,,,
267,,Fate/kaleid liner プリズマ☆イリヤ ツヴァイ ヘルツ！ショートアニメ,Fate/Kaleid Liner Prisma Illya 2Wei Herz! Shorts,['Special'],5,Finished Airing,"Sep 25, 2015 to Jan 29, 2016",,,"['Lantis', 'DAX Production']",['Sentai Filmworks'],['SILVER LINK.'],['Manga'],"['Comedy', 'Ecchi']",,,6 min. per ep.,PG-13 - Teens 13 or older,6.87,#4976,#3818,"38,743",20,17313,Specials bundled with limited edition Blu-ray/DVD volumes of the Fate/kaleid liner Prisma Illya 2wei Herz!.,[],Fate/kaleid liner Prisma☆Illya 2wei Herz! Specials,['Mahou Shoujo'],,,,,
268,"Aoharu x Machinegun Special, Aoharu x Machine Gun Special, Aoharu x Machine Gun: Battlefield of Beasts",青春×機関銃 獣たちの戦場だなっ！,Aoharu x Machinegun: This is a Battlefield for Beasts!,['Special'],1,Finished Airing,"Dec 25, 2015",,,['TBS'],['Sentai Filmworks'],"[""Brain's Base""]",['Manga'],"['Comedy', 'Sports']","['Crossdressing', 'Team Sports']",['Shounen'],24 min.,PG-13 - Teens 13 or older,7.18,#3488,#3872,"37,660",36,19046,Unaired episode 13 of Aoharu x Kikanjuu bundled with BD/DVD volume 6.,"['Prequel (TV) Aoharu x Kikanjuu', 'Adaptation (Manga) Aoharu x Kikanjuu']",Aoharu x Kikanjuu: Kemono-tachi no Senjou da na!,,,,,,
269,,新妹魔王の契約者 BURST,The Testament of Sister New Devil: Burst Specials,['Special'],5,Finished Airing,"Dec 25, 2015 to Apr 27, 2016",,,['Kadokawa Shoten'],['Funimation'],['Production IMS'],['Light novel'],"['Comedy', 'Supernatural', 'Ecchi']",,,4 min. per ep.,R+ - Mild Nudity,6.78,#5452,#3899,"36,928",35,14868,Specials included on the Blu-ray/DVD volumes. Super deformed versions of Mio and Maria narrate Basara's various erotic encounters.,"['Sequel (Special) Shinmai Maou no Testament Departures: Maria no Hizou Eizou', '']",Shinmai Maou no Testament Burst Specials,,,,,,
270,Gintama: Jump Festa 2015 Special,銀魂 〜美味いモノは後回しにすると横取りされるからやっぱり先に食え〜,,['Special'],1,Finished Airing,"Nov 3, 2015",,,"['TV Tokyo', 'Dentsu']","None found,",['Bandai Namco Pictures'],['Manga'],"['Action', 'Comedy']","['Gag Humor', 'Historical', 'Parody', 'Samurai']",['Shounen'],12 min.,PG-13 - Teens 13 or older,8.10,#521,#3961,"35,705",37,16861,"After overcoming monumental obstacles in their previous adventures, Gintoki Sakata, Shinpachi Shimura, and Kagura gather at the Yorozuya office to discuss important matters. The trio, accompanied by their hilarious and eccentric friends, reveals a long-awaited notice: the biggest Gintama arc is coming to the big screens! [Written by MAL Rewrite]",[],Gintama°: Umai-mono wa Atomawashi ni Suru to Yokodorisareru kara Yappari Saki ni Kue,,,,,,
271,"Pokemon XY: Saikyou Mega Shinka, Pokemon XY Special Episode: The Strongest Mega Evolution - Act I, Pokemon XY Special Episode: The Strongest Mega Evolution - Act II, Pokemon Monsters XY Tokubetsu-hen",ポケットモンスターXY MEGA EVOLUTION 最強メガシンカ,Pokémon: Mega Evolution Special,['TV Special'],4,Finished Airing,"Apr 3, 2014 to Oct 29, 2015",,,['TV Tokyo'],['The Pokemon Company International'],['OLM'],Game,"['Action', 'Adventure', 'Comedy', 'Fantasy']",,['Kids'],24 min. per ep.,PG - Children,7.42,#2263,#4146,"32,739",16,18632,"Previously an assistant of Lumiose City's Professor Platane, Alain and his Lizardon set off on a journey to become even stronger, by mastering the powers of mega evolution. Investigating the mysteries of this phenomenon, at the behest of the enigmatic Fleur-de-lis, Alain and Lizardon travel across Kalos and Hoenn in search of capable trainers who can use mega evolution in order to improve, as well as help Fleur-de-lis with his research. Along the way, they meet a young girl named Manon who, with her Harimaron, decide to accompany Alain, to which he reluctantly agrees. Pokemon XY: Mega Evolution follows Alain and Lizardon in their journey to become the strongest users of mega evolution, while also fighting against legendary monsters to protect the ambitions of Fleur-de-lis as well as the safety of those most important to him. [Written by MAL Rewrite]",[],Pokemon XY: Mega Evolution,,,,,,
272,,ARIA The AVVENIRE,Aria the Avvenire,['Special'],3,Finished Airing,"Sep 26, 2015",,,['Shochiku'],['Nozomi Entertainment'],['TYO Animations'],['Manga'],"['Fantasy', 'Sci-Fi', 'Slice of Life']",,['Shounen'],21 min. per ep.,G - All Ages,7.87,#889,#4360,"29,297",106,11867,"Now that Akari Mizunashi is a Prima Undine and head of the Aria Company with her own apprentice, Ai Aino, she cannot help but reminisce about her time as a Single. She has new responsibilities and much less time on her hands, but these changes bring with them new forms of miracles that Neo Venezia can give. Growing up into new roles is hard, but Akari can always count on the friends she has made on Aqua in times of need. [Written by MAL Rewrite]","['Prequel (TV) Aria the Origination', 'Sequel (Movie) Aria the Crepuscolo', 'Adaptation (Manga) Aria', '']",Aria the Avvenire,['Iyashikei'],,,,,
273,,ヴァルキリードライヴ　マーメイド　ミニOVA,,['Special'],6,Finished Airing,"Dec 18, 2015 to May 25, 2016",,,"None found,",['Funimation'],['Arms'],Original,"['Action', 'Fantasy', 'Girls Love', 'Erotica']",,,2 min. per ep.,R+ - Mild Nudity,6.15,N/A,#4952,"21,856",30,8988,Mini OVA episodes bundled with the Blu-ray and DVD releases of Valkyrie Drive: Mermaid.,[],Valkyrie Drive: Mermaid Specials,,,,,,
274,Bikini Warriors Episode 13,ビキニ・ウォリアーズ,,['Special'],1,Finished Airing,"Dec 9, 2015",,,['Hobby Japan'],"None found,","['feel.', 'PRA']",Other,"['Comedy', 'Fantasy', 'Ecchi']",,,4 min.,R+ - Mild Nudity,5.39,#12449,#5148,"19,872",17,10109,"According to the official Hobby Japan website, an unaired episode of Bikini Warriors will be bundled with the Blu-ray volume to be released on December 9th, 2015. (Source: Hobby Japan)","['Prequel (TV) Bikini Warriors', 'Sequel (OVA) Bikini Warriors OVA']",Bikini Warriors Special,['Parody'],,,,,
275,,SERVAMP-サーヴァンプ- オリジナルビデオアニメーション「Sleepy Life of SERVAMP」,,['Special'],4,Finished Airing,"Nov 25, 2016 to Feb 24, 2017",,,"None found,",['Funimation'],['Platinum Vision'],['Manga'],"['Comedy', 'Fantasy']",,['Josei'],5 min. per ep.,PG-13 - Teens 13 or older,6.91,#4778,#5183,"19,573",22,4380,"Sleepy Life of SERVAMP When they are not busy battling supernatural threats, servamps and their Eves enjoy carefree day-to-day affairs and lighthearted quarrels. Naturally, while other servamps and Eves work through their own troubles, Kuro plays video games and dozes off—not much of a change from his usual sleepy self. Hai ni Mamireta Shoukei: All the world's a stage During a fight, Hyde recalls the time he used his charm as a hedgehog to trick Licht Jekylland Todoroki—piano prodigy and self-proclaimed angel—into forming a blood bond and becoming his Eve. [Written by MAL Rewrite]",[],Servamp Specials,['Vampire'],,,,,
276,"One Piece: Long Ring Long Land Arc - A One Night Abridged Special, One Piece: Long Ring Long Land-hen - Ichiya Kagiri no Tokubetsu Henshuu-ban",ワンピース～ロングリングロングランド編～ 一夜限りの特別編集版,One Piece: Long Ring Long Land Arc,['TV Special'],1,Finished Airing,"Dec 11, 2015",,,['Fuji TV'],"None found,",['Toei Animation'],['Manga'],"['Action', 'Adventure', 'Fantasy']",,['Shounen'],1 hr. 15 min.,PG-13 - Teens 13 or older,6.77,#5516,#6391,"11,373",14,3353,"A 75-minute recap of episodes 207-219, covering the Long Ring Long Land Arc. It was only aired once and was never released on home video.",[],One Piece: Long Ring Long Land-hen,,,,,,
277,,コードギアス　亡国のアキト 第4章: 憎しみの記憶から,Code Geass: Akito the Exiled - Memories of Hatred Picture Drama,['Special'],1,Finished Airing,"Oct 28, 2015",,,"None found,","None found,",['Sunrise'],Original,"['Comedy', 'Ecchi']",,,9 min.,PG-13 - Teens 13 or older,6.59,#6529,#6583,"10,604",15,3040,Picture drama included in the Code Geass: Boukoku no Akito 4 Blu-ray/DVD release.,[],Code Geass: Boukoku no Akito 4 - Nikushimi no Kioku kara Picture Drama,['Military'],,,,,
278,"Wakaba*Girl Special, Wakaba*Girl Episode 14",わかば＊ガール 十四葉「温泉つかりたい」,Wakaba Girl Special,['Special'],1,Finished Airing,"Oct 23, 2015",,,['NBCUniversal Entertainment Japan'],['Sentai Filmworks'],['Nexus'],['4-koma manga'],,,,8 min.,PG-13 - Teens 13 or older,6.89,#4863,#6879,"9,570",2,5286,Extra episode bundled with the second Blu-ray and DVD volume of Wakaba*Girl.,"['Prequel (TV) Wakaba*Girl', '']",Wakaba*Girl: Onsen Tsukaritai,['CGDCT'],,,,['Slice of Life'],
279,"Lupin III: Part IV - Specials, Lupin Sansei (2015) Specials, Venice of the Dead, Nonstop Rendezvous",ルパン三世,Lupin the Third Part 4 Specials,['Special'],2,Finished Airing,"Sep 6, 2015 to Nov 22, 2015",,,['TMS Music'],['Discotek Media'],"['TMS Entertainment', 'Telecom Animation Film']",['Manga'],"['Action', 'Adventure', 'Comedy']",,['Seinen'],22 min. per ep.,PG-13 - Teens 13 or older,7.21,#3290,#7064,"8,984",4,4300,Specials included in the Blu-ray and DVD releases of Lupin III (2015).,[],Lupin III (2015) Specials,['Adult Cast'],,,,,
280,Hetalia: The World Twinkle Extra Episodes,ヘタリア The World Twinkle エクストラエピソード,,['Special'],3,Finished Airing,"Oct 28, 2015 to Dec 25, 2015",,,"None found,",['Funimation'],['Studio Deen'],['Manga'],,"['Historical', 'Parody']",,5 min. per ep.,PG-13 - Teens 13 or older,7.18,#3502,#7358,"8,104",8,2996,Extra episodes included in the DVD volumes of Hetalia: The World Twinkle.,[],Hetalia: The World Twinkle Specials,,,,,['Comedy'],
281,Symphogear GX Specials,戦姫絶唱シンフォギアGX 戦姫絶唱しないシンフォギア,,['Special'],4,Finished Airing,"Nov 25, 2015 to Feb 24, 2016",,,['Starchild Records'],['Discotek Media'],['Satelight'],Original,"['Comedy', 'Sci-Fi', 'Slice of Life']","['Idols (Female)', 'Music']",,7 min. per ep.,PG-13 - Teens 13 or older,6.95,#4576,#7555,"7,548",6,2866,Original short episodes featuring characters in super-deformed style.,[],Senki Zesshou Symphogear GX: Senki Zesshou Shinai Symphogear,,,,,,
282,"Classroom☆Crisis Special, Classroom Crisis Episode 5.5",クラスルーム☆クライシス 第5.5話 旅の恥は上塗り,,['Special'],1,Finished Airing,"Dec 23, 2015",,,"None found,","None found,",['Lay-duce'],Original,,"['School', 'Space']",,25 min.,PG-13 - Teens 13 or older,6.37,#7892,#7884,"6,822",2,1637,Unaired episode included with the third Blu-ray and DVD volume.,[],Classroom☆Crisis: Tabi no Haji wa Uwanuri,,,,,['Sci-Fi'],
283,,ラブライブ！紅白スペシャルアニメ,,['Special'],1,Finished Airing,"Dec 31, 2015",,,"None found,","None found,",['Sunrise'],Original,,"['Idols (Female)', 'Music']",,30 sec.,PG - Children,6.37,#7843,#8315,"5,971",5,2124,"A special anime shown at the 66th NHK Kouhaku Uta Gassen, prior to μ's' performance of the 2nd Season opening theme song, ""Sore wa Bokutachi no Kiseki"".",[],Love Live! Kouhaku Special Anime,,,,,,
284,Subete no Nazo wo Tokiakase! Pocket Monster XY & Z Kanzen Master Special!!,「すべてのナゾを解き明かせ！ポケットモンスターXY&Z完全マスタースペシャル！！」,Uncover All the Mysteries! The Pokémon XY&Z Complete Overview Special!,['TV Special'],1,Finished Airing,"Dec 31, 2015",,,"None found,","None found,",['OLM'],Game,"['Action', 'Adventure', 'Fantasy']",,['Kids'],51 min.,PG - Children,6.59,#6565,#8861,"5,109",1,1950,"The second half of the special will look back at the series so far and provide a complete explanation of ""all the mysteries"" in the show. It will also preview what will happen in the future of the series.",[],Pokemon XY&Z: Subete no Nazo wo Tokiakase!,,,,,,
285,"Tekyuu 5 Specials, Teekyu 5 Specials",てーきゅう　５期　ＴＶ未放送オリジナルエピソードアニメ,Teekyu 5 Specials,['Special'],2,Finished Airing,"Nov 27, 2015",,,['Earth Star Entertainment'],"None found,",['Millepensee'],['Manga'],"['Comedy', 'Sports']",,['Shounen'],2 min. per ep.,PG-13 - Teens 13 or older,6.20,#8827,#8896,"5,059",1,2158,Unaired specials included in the Blu-ray and DVD release.,[],Teekyuu 5 Specials,['School'],,,,,
286,"Heavy Object Episode 9.5, Heavy Object Recap",特別編 ~第37機動整備大隊 作戦記録~,,['TV Special'],1,Finished Airing,"Dec 5, 2015",,,"None found,","None found,","['J.C.Staff', 'SANZIGEN']",['Light novel'],,,,20 min.,PG-13 - Teens 13 or older,6.38,#7816,#10144,"3,381",2,760,Recap of the first nine episodes of Heavy Object.,[],Heavy Object: Dai 37 Kidou Seihi Daitai - Sakusen Kiroku,,,,,['Action'],
287,"Makura no Danshi Special, Pillow Boys Special",枕男子 （まくらのだんし）「その後の枕男子」,,['Special'],1,Finished Airing,"Nov 27, 2015",,,"['Earth Star Entertainment', 'Assez Finaud Fabric']","None found,",['feel.'],Original,,,,Unknown,PG-13 - Teens 13 or older,4.84,#13379,#10560,"2,984",3,701,Unaired episode bundled with the Makura no Danshi DVD.,"['Prequel (TV) Makura no Danshi', '']",Makura no Danshi: Sono Ato no Makura no Danshi,,,,,['Slice of Life'],
288,"Urawa no Usagi-chan Episode 13, Urawa no Usagi-chan Special","浦和の調ちゃん 夏の日と, 部室と, 友達と",,['Special'],1,Finished Airing,"Oct 16, 2015",,,"None found,","None found,",['A-Real'],Original,,,,3 min.,PG - Children,5.44,#12294,#10635,"2,922",0,1052,Unaired episode included in Blu-ray and DVD sets.,"['Prequel (TV) Urawa no Usagi-chan', 'Sequel (TV) Musashino!']","Urawa no Usagi-chan: Natsu no Hi to, Bushitsu to, Tomodachi to",['School'],,,,['Comedy'],
289,"Shinkyoku no Grimoire The Animation Special, Uniko's Summer Vacation, Shinkyoku no Grimoire The Animation Beach Special, Shinkyoku no Grimoire The Animation Omake Eizou",神曲のグリモワール THE ANIMATION ユニコの夏休み,,['Special'],1,Finished Airing,"Dec 25, 2015",,,['Pink Pineapple'],"None found,",['T-Rex'],['Manga'],"['Fantasy', 'Hentai']",,,1 min.,Rx - Hentai,6.38,N/A,#10752,"2,824",4,932,A short special included on the 2nd DVD/BD featuring Unico at the beach.,[],Shinkyoku no Grimoire The Animation: Unico no Natsuyasumi,,,,,,
290,Kindaichi Case Files Returns: The File of Inspector Akechi,金田一少年の事件簿R 明智警部の事件簿,,['Special'],1,Finished Airing,"Dec 26, 2015",,,['Yomiuri Telecasting'],"None found,",['Toei Animation'],['Manga'],,,['Shounen'],47 min.,R - 17+ (violence & profanity),7.12,#3786,#11534,"2,237",0,936,"The official website of the The File of Young Kindaichi Returns anime announced that a one-hour special television episode of the anime titled ""The File of Inspector Akechi"" (Akechi Keibu no Jikenbo) will air on December 26. The site streamed a trailer on Sunday, which previews the episode and its story. The video also reveals that Yudai Chiba will play Ryūtaro Kobayashi, a junior detective under detective Kengo Akechi. (Source: ANN)","['Adaptation (Manga) Akechi Keibu no Jikenbo', '']",Kindaichi Shounen no Jikenbo Returns 2nd Season: Akechi Keibu no Jikenbo,,,,,['Mystery'],
291,"Nana's Revolution, Rainbow Revolution, Ribbon x Oha Suta Specials, Nana-iro Kakumei, Ribon x Oha Suta Specials",なないろ革命,,['Special'],3,Finished Airing,"Oct 6, 2015 to Oct 20, 2015",,,"None found,","None found,","None found,",['Manga'],,,['Shoujo'],1 min. per ep.,G - All Ages,5.81,#10922,#12539,"1,629",2,717,"Ever since primary school, Nana has never been able to refuse the wishes of her friend, Yuyu, even if they were unpleasant things like matching outfits and hairstyles... She wanted to change herself! A story about real friendship and sympathy. (Source: MU)","['Adaptation (Manga) Nana-iro Kakumei', '']",Nanairo Kakumei,['School'],,,,['Comedy'],
292,Doraemon Crayon Shin-chan Haru da! Eiga da! 3-Jikan Anime Matsuri 2,ドラえもん (2005) Specials,,['TV Special'],Unknown,Currently Airing,"Apr 15, 2005 to ?",,,"None found,","None found,",['Shin-Ei Animation'],Unknown,,,['Seinen'],45 min.,PG - Children,6.80,#5332,#12791,"1,502",5,470,"59 Doraemon (2005) TV Specials exist as of January 24, 2018.",[],Doraemon (2005) Specials,,,,,['Comedy'],
293,The Town You Live In,君が棲む街,,['Special'],1,Finished Airing,"Nov 21, 2015",,,"None found,","None found,",['J.C.Staff'],Original,,,,2 min.,G - All Ages,6.08,#9525,#12882,"1,461",1,562,"Original short animation that aired as part of promotion for the event ""Bunkyo+Waseda Bungo Week"". The video aims to convey the appeal of Bunkyo and Waseda area in Tokyo.",[],Kimi no Sumu Machi,,,,,['Comedy'],
294,"Magical Somera-chan Special, Fushigi na Somera-chan Special",不思議なソメラちゃん  始まってるよ! その後のソメラちゃん!!,,['Special'],1,Finished Airing,"Dec 26, 2015",,,"None found,","None found,",['Seven'],['4-koma manga'],"['Comedy', 'Slice of Life']",,,9 min.,PG-13 - Teens 13 or older,5.39,#12415,#13071,"1,382",0,383,Unaired episode included in BD/DVD sets.,[],Fushigi na Somera-chan: Hajimatteru yo! Sono Ato no Somera-chan!!,,,,,,
295,,えみる触手凌辱種付けシーン,Mahou Shoujo Elena Special,['Special'],1,Finished Airing,"Dec 11, 2015",,,['Valkyria'],"None found,","['Studio Fantasia', 'Rabbit Gate']",Visual novel,"['Supernatural', 'Hentai']",,,3 min.,Rx - Hentai,5.51,N/A,#13882,"1,104",3,279,Short special included in the DVD-BOX of Mahou Shoujo Elena.,[],Mahou Shoujo Elena DVD-BOX Special,,,,,,
296,,豆しば学園,,['Special'],8,Finished Airing,"Nov 19, 2015 to Jan 23, 2020",,,"None found,","None found,","None found,",Original,,,,30 sec. per ep.,G - All Ages,5.49,#12149,#15033,807,0,268,Mameshiba commercials in a high school setting where Edamame gives life advice to turbulent teens.,[],Mameshiba Gakuen,['School'],,,,['Comedy'],
297,"Sindbad: The Flying Princess and the Secret Island Pilot Video, Sinbad: Soratobu Hime to Himitsu no Shima Pilot Eizou",シンドバッド 空とぶ姫と秘密の島　パイロット映像,,['Special'],1,Finished Airing,"Dec 16, 2015",,,"None found,","None found,",['Nippon Animation'],Original,,,,2 min.,G - All Ages,5.90,#10429,#15704,669,0,137,Sinbad: Soratobu Hime to Himitsu no Shima pilot footage included with the DVD release. It features Sana's chase scene in which Sinbad first interacts with her. The footage was not recycled for the film and no dialogue is used.,[],Sinbad: Soratobu Hime to Himitsu no Shima Pilot,,,,,['Adventure'],
298,,デビルマン パイロットフィルム,,['Special'],1,Finished Airing,"Oct 7, 2015",,,"None found,","None found,",['Toei Animation'],['Manga'],"['Action', 'Horror', 'Supernatural']",,,2 min.,R - 17+ (violence & profanity),5.67,#11513,#17423,464,0,147,Unaired pilot film released for the first time in the Blu-ray box release.,[],Devilman Pilot Film,['Mythology'],,,,,
299,Liv and Bell,リヴ＆ベル,Liv & Bell,['TV Special'],Unknown,Currently Airing,"Feb 15, 2013 to ?",,,['NHK'],"None found,","None found,",Unknown,,,['Kids'],5 min.,G - All Ages,[],#19840,#17862,428,0,,"A stop-motion animation about Liv, a curious little girl and Bell, a gluttonous hedgehog. Together they go on an adventure in a picture book.",[],Liv & Bell,,,,,['Adventure'],
300,,ポンコツクエスト～魔王と派遣の魔物たち～,,['Special'],Unknown,Currently Airing,"Dec 23, 2015 to ?",,,['VAP'],"None found,","None found,",Original,"['Comedy', 'Fantasy']","['Parody', 'Strategy Game']",,4 min.,PG - Children,[],#21089,#18062,414,0,,BD specials of Ponkotsu Quest: Maou to Haken no Mamono-tachi.,[],Ponkotsu Quest: Maou to Haken no Mamono-tachi Specials,,,,,,
301,,おいどんと,,['TV Special'],Unknown,Currently Airing,"Dec 2, 2015 to ?",,,['NHK'],"None found,","None found,",Original,,,['Kids'],5 min.,G - All Ages,[],#20787,#18312,397,0,,A young boy tries to become as strong of a sumo wrestler as his father.,[],Oidon to,,,,,['Sports'],
302,Narudoma Special,ナルどマ 少女に優しい俺が好き,,['Special'],1,Finished Airing,"Nov 13, 2015",,,['comico'],"None found,",['Kachidoki Studio'],['Web manga'],,,,5 min.,PG-13 - Teens 13 or older,[],#20586,#19531,311,0,,An unaired episode bundled with the Nar Doma TV series' first DVD.,"['Adaptation (Manga) Nar Doma', '']",Nar Doma Special,,,,,['Comedy'],
303,Million Doll Otaku Language Lesson: Special,ミリオンドール オタク語講座『スペシャル』,,['Special'],1,Finished Airing,"Nov 20, 2015",,,"None found,","None found,",['Asahi Production'],Original,,,,2 min.,PG-13 - Teens 13 or older,5.45,#12272,#19525,312,0,122,Picture drama included in the BD that explains various otaku terms used in the show.,[],Million Doll: Otaku Go Kouza,,,,,['Comedy'],
304,Musculoskeletal Screening Manual Corresponding Gymnastics,運動器検診マニュアル対応体操,,['Special'],1,Finished Airing,"Dec 20, 2015",,,"None found,","None found,",['Kachidoki Studio'],Original,,,['Kids'],3 min.,G - All Ages,[],#15144,#19715,300,0,,A short video illustrating different stretching postures and movements for skeletal-muscular screening purposes.,[],Undouki Kenshin Manual Taiou Taisou,,,,,,
305,,답을 찾은 두 소년,Two Boys who Found the Answer,['Special'],1,Finished Airing,"Nov 11, 2015",,,"None found,","None found,",['SEK Studios'],Unknown,,,['Kids'],17 min.,G - All Ages,[],#17497,#22806,142,0,,"Two young boys play a computer game that involves shooting asteroids, and lose the second match. In order to beat it, they must learn about the Earth. (Source: IMDb)",[],Dab-eul Chaj-eun du Sonyeon,['Educational'],,,,['Sci-Fi'],
306,,斗龙战士外传,,['Special'],3,Finished Airing,Nov 2015 to ?,,,"None found,","None found,","None found,",Original,,,['Kids'],11 min. per ep.,PG - Children,[],#17766,#24109,109,0,,Specials of Dou Long Zhanshi.,[],Dou Long Zhanshi Waizhuan,['Mecha'],,,,['Sci-Fi'],
307,,おいしく作ろう！プチプチ・ダンス,,['TV Special'],1,Finished Airing,"Dec 31, 2015",,,['NHK'],"None found,",['Studio Placebo'],Original,,,['Kids'],5 min.,G - All Ages,[],#20788,#25368,90,0,,"A story about a meerkat cook who comes to Eddie's town. (Source: Studio Placebo, translated)",[],Oishiku Tsukurou! Puchipuchi Dance,['Anthropomorphic'],,,,['Gourmet'],
308,,바이클론즈 바바리안킹 스페셜,,['TV Special'],3,Finished Airing,"Dec 10, 2015",,,"None found,","None found,","None found,",Original,"['Action', 'Sci-Fi']",,['Kids'],10 min. per ep.,PG - Children,[],#16953,#27804,57,0,,No synopsis information has been added to this title. Help improve our database by adding a synopsis here.,"['Prequel (TV) Biklonz 4th Season', 'Sequel (TV) Biklonz 5th Season']",Biklonz: Barbarian King Special,,,,,,
309,,それいけ! アンパンマン ばいきんまんとすてきなクリスマスケーキ,,['TV Special'],1,Finished Airing,"Dec 18, 2015",,,"None found,","None found,",['TMS Entertainment'],Picture book,"['Comedy', 'Fantasy']","['Anthropomorphic', 'Super Power']",['Kids'],24 min.,PG - Children,[],#14493,#27887,51,0,,"Dokin-chan gets into a fight with Baikinman on Christmas Eve. Then Kokin-chan comes to invite Dokin-chan to a Christmas cake class. Meanwhile, Baikinman sulks and leaves, but heads to the venue where the cake class is being held to wreak havoc in the city... Will Anpanman be able to stop Baikinman's rampage? Will Baikinman and Dokin-chan be able to make up and have a fun Christmas Eve? (Source: Amazon, translated)",[],Sore Ike! Anpanman: Baikinman to Suteki na Christmas Cake,,,,,,
