,Japanese,English,German,Spanish,French,Type,Episodes,Status,Aired,Premiered,Broadcast,Producers,Licensors,Studios,Source,Genres,Theme,Demographic,Duration,Rating,Score,Ranked,Popularity,Members,Favorites,Scorers,Synopsis,Related_Entries,Title,Themes,Synonyms,Genre,Demographics
0,暗殺教室,Assassination Classroom,Assassination Classroom,Assassination Classroom,Assassination Classroom,['TV'],22,Finished Airing,"Jan 10, 2015 to Jun 20, 2015",['Winter 2015'],Saturdays at 00:55 (JST),"['Dentsu', 'Studio Hibari', 'Fuji TV', 'DAX Production', 'BS Fuji', 'Avex Pictures', 'Shueisha']",['Funimation'],['Lerche'],['Manga'],"['Action', 'Comedy']",['School'],['Shounen'],23 min. per ep.,PG-13 - Teens 13 or older,8.08,#552,#34,"2,105,046","30,520",1242245,"Tucked in the mountains near the elite Kunugigaoka Middle School lies a small derelict building that houses the delinquents and dropouts of Class 3-E. Looked down upon by their peers, the students in this class appear to have little hope in advancing their academic careers. That is, until the national government tasks them with eliminating the greatest threat to their planet: their new teacher. Having already destroyed the moon, the octopus-like professor—dubbed ""Koro-sensei""—has now threatened to destroy the Earth by March of the following year. In light of their mission, the students have found that killing him is easier said than done. Not only can Koro-sensei move at speeds of up to Mach 20, but he can also resist almost every earthly weapon. Ironically, he also proves to be one of the best teachers Class 3-E has ever had. Training the class to excel in both their studies as students and skills as assassins, Koro-sensei is confident that his students' ingenuity and indomitable will could return them to the main campus. Through trial and error, Nagisa Shiota, as well as the other students of Class 3-E, must figure out Koro-sensei's weaknesses—and fast, for the very fate of the world depends upon it. [Written by MAL Rewrite]","['Prequel (Special) Ansatsu Kyoushitsu: Deai no Jikan', 'Sequel (TV) Ansatsu Kyoushitsu 2nd Season', 'Adaptation (Manga) Ansatsu Kyoushitsu', '']",Ansatsu Kyoushitsu,,,,
1,デス・パレード,Death Parade,,,,['TV'],12,Finished Airing,"Jan 10, 2015 to Mar 28, 2015",['Winter 2015'],Saturdays at 01:58 (JST),"['VAP', 'DAX Production', 'Nippon Television Network']",['Funimation'],['Madhouse'],Original,"['Drama', 'Fantasy', 'Suspense']",,,23 min. per ep.,R - 17+ (violence & profanity),8.14,#475,#48,"1,838,035","29,018",1043966,"After death, either Heaven or Hell awaits most humans. But for a select few, death brings them to Quindecim—a bar where only pairs of people who die at the same time can enter. Attending the bar is an enigmatic figure known as Decim, who also acts as the arbiter. He passes judgment on those who wind up at Quindecim by challenging them to a life-threatening game. These games determine if the patron's soul will reincarnate into a new life, or be sent into the void, never to be seen again. From darts and bowling to fighting games, the true nature of each patron slowly comes to light as they wager their souls. Though his methods remain unchanged, the sudden appearance of a black-haired amnesiac causes Decim to reevaluate his own rulings. [Written by MAL Rewrite]",[],Death Parade,"['Adult Cast', 'High Stakes Game', 'Psychological']",,,
2,東京喰種√A,Tokyo Ghoul √A,,,,['TV'],12,Finished Airing,"Jan 9, 2015 to Mar 27, 2015",['Winter 2015'],Fridays at 00:00 (JST),"['Marvelous AQL', 'Shueisha']",['Funimation'],['Pierrot'],['Manga'],"['Action', 'Fantasy', 'Horror', 'Suspense']",,['Seinen'],24 min. per ep.,R - 17+ (violence & profanity),7.02,#4321,#51,"1,828,759","10,582",1230106,"Ken Kaneki has finally come to accept the monstrous, flesh-craving part of himself that he has feared and despised for so long. After escaping captivity and torture, Kaneki joins Aogiri Tree—the very militant ghoul organization that had abducted him, leading his friends to question his true motive and loyalty. As tension between the government and the ghouls continues to rise, the Commission of Counter Ghoul, the government's specialized anti-ghoul agency, has intensified their efforts to completely purge Tokyo of ghouls. This threatens the transient peace of Kaneki's friends and former comrades—the ghouls at the Anteiku coffee shop. Aware of the dangerous situation, Kaneki faces several battles that puts his precious fleeting humanity on the line. [Written by MAL Rewrite]","['Prequel (TV) Tokyo Ghoul', 'Sequel (TV) Tokyo Ghoul:re', 'Adaptation (Manga) Tokyo Ghoul', '']",Tokyo Ghoul √A,"['Gore', 'Psychological', 'Urban Fantasy']","Tokyo Ghoul Root A, Tokyo Ghoul 2nd Season, Tokyo Ghoul Second Season",,
3,ジョジョの奇妙な冒険 スターダストクルセイダース エジプト編,JoJo's Bizarre Adventure: Stardust Crusaders - Battle in Egypt,,Jojo's Bizarre Adventures. Stardust Crusaders: Battle in Egypt Temporada 2 Parte 3,,['TV'],24,Finished Airing,"Jan 10, 2015 to Jun 20, 2015",['Winter 2015'],Saturdays at 00:30 (JST),"['Yomiko Advertising', 'Warner Bros. Japan', 'KlockWorx', 'Medicos Entertainment', 'Shueisha']",['VIZ Media'],['David Production'],['Manga'],"['Action', 'Adventure']",['Super Power'],['Shounen'],23 min. per ep.,R - 17+ (violence & profanity),8.44,#173,#131,"1,169,361","21,286",829166,"Joutarou Kuujou and his allies have finally made it to Egypt, where the immortal Dio awaits. Upon their arrival, the group gains a new comrade: Iggy, a mutt who wields the Stand ""The Fool."" It's not all good news however, as standing in their path is a new group of Stand users who serve Dio, each with a Stand representative of an ancient Egyptian god. As their final battle approaches, it is a race against time to break Joutarou's mother free from her curse and end Dio's reign of terror over the Joestar family once and for all. [Written by MAL Rewrite]","['Prequel (TV) JoJo no Kimyou na Bouken Part 3: Stardust Crusaders', 'Sequel (TV) JoJo no Kimyou na Bouken Part 4: Diamond wa Kudakenai', 'Adaptation (Manga) JoJo no Kimyou na Bouken Part 3: Stardust Crusaders', '']",JoJo no Kimyou na Bouken Part 3: Stardust Crusaders - Egypt-hen,,"JoJo's Bizarre Adventure Part 3, JoJo's Bizarre Adventure: Stardust Crusaders - Egypt Arc",,
4,黒子のバスケ,Kuroko's Basketball 3,Kuroko's Basket Staffel 3,Kuroko no Basket Temporada 3,Kuroko's Basket Saison 3,['TV'],25,Finished Airing,"Jan 11, 2015 to Jun 30, 2015",['Winter 2015'],Sundays at 01:58 (JST),"['Bandai Visual', 'Lantis', 'Nihon Ad Systems', 'Banpresto', 'Shueisha', 'BS11']","None found,",['Production I.G'],['Manga'],,,['Shounen'],24 min. per ep.,PG-13 - Teens 13 or older,8.29,#289,#261,"792,391","5,136",489947,"Seirin prepares to face major obstacles on their path to winning the Winter Cup, including the teams each possessing a member of the Generation of Miracles. Kuroko goes head-to-head with his old teammates once more as he attempts to show them that individual skill is not the only way to play basketball. His firm belief that his form of basketball, team play, is the right way to play the sport will clash with the talents of a perfect copy and an absolute authority. While Kuroko tries to prove that his basketball is ""right,"" he and the rest of Seirin High ultimately have one goal: to win the Winter Cup and overcome the strength of the Generation of Miracles, who have long dominated the scene of middle and high school basketball. [Written by MAL Rewrite]","['Prequel (TV) Kuroko no Basket 2nd Season', 'Sequel (Movie) Kuroko no Basket Movie 4: Last Game', 'Adaptation (Manga) Kuroko no Basket', '']",Kuroko no Basket 3rd Season,"['School', 'Team Sports']","Kuroko no Basuke 3rd Season, The Basketball Which Kuroko Plays",['Sports'],
5,新妹魔王の契約者〈テスタメント〉,The Testament of Sister New Devil,The Testament of Sister New Devil,The Testament of Sister New Devil,The Testament of Sister New Devil,['TV'],12,Finished Airing,"Jan 8, 2015 to Mar 26, 2015",['Winter 2015'],Thursdays at 02:00 (JST),"['Kadokawa Shoten', 'AT-X', 'Nippon Columbia', 'Kadokawa Pictures Japan', 'KlockWorx', 'Mobcast']","['Funimation', 'Crunchyroll']",['Production IMS'],['Light novel'],"['Action', 'Supernatural', 'Ecchi']",['Harem'],,23 min. per ep.,R+ - Mild Nudity,6.69,#5985,#308,"704,742","2,142",378549,"Running into your new stepsister in the bathroom is not the best way to make a good first impression, which Basara Toujou learns the hard way. When his father suddenly brings home two beautiful girls and introduces them as his new siblings, he has no choice but to accept into his family the Naruse sisters: busty redhead Mio and petite silver-haired Maria. But when these seemingly normal girls reveal themselves as demons—Mio the former Demon Lord's only daughter and Maria her trusted succubus servant—Basara is forced to reveal himself as a former member of a clan of ""Heroes,"" sworn enemies of the demons. However, having begun to care for his new sisters, Basara instead decides to protect them with his powers and forms a master-servant contract with Mio to keep watch over her. With the Heroes observing his every move and the constant threat of hostile demons, Basara has to do the impossible to protect his new family members. Moreover, the protector himself is hiding his own dark secret that still haunts him to this day... [Written by MAL Rewrite]","['Sequel (TV) Shinmai Maou no Testament Burst', 'Adaptation (Manga) Shinmai Maou no Testament', 'Adaptation (Manga) Shinmai Maou no Testament: Arashi!', 'Adaptation (Light Novel) Shinmai Maou no Testament']",Shinmai Maou no Testament,,Shinmai Maou no Keiyakusha,,
6,冴えない彼女〈ヒロイン〉の育てかた,Saekano: How to Raise a Boring Girlfriend,Saekano? How to Raise a Boring Girlfriend,Saekano: Cómo Educar a una Novia Aburrida,Saekano: How to Raise a Boring Girlfriend,['TV'],12,Finished Airing,"Jan 16, 2015 to Mar 27, 2015",['Winter 2015'],Fridays at 00:50 (JST),"['Aniplex', 'Dentsu', 'Fuji TV', 'Half H.P Studio', 'Cospa', 'Fujipacific Music', 'Good Smile Company', 'Kyoraku Industrial Holdings', 'Kansai Telecasting', 'Fujimi Shobo']",['Aniplex of America'],['A-1 Pictures'],['Light novel'],"['Comedy', 'Romance', 'Ecchi']",,,23 min. per ep.,PG-13 - Teens 13 or older,7.47,#2078,#317,"688,861","4,479",325416,"Tomoya Aki, an otaku, has been obsessed with collecting anime and light novels for years, attaching himself to various series with captivating stories and characters. Now, he wants to have a chance of providing the same experience for others by creating his own game, but unfortunately, Tomoya cannot do this task by himself. He successfully recruits childhood friend Eriri Spencer Sawamura to illustrate and literary elitist Utaha Kasumigaoka to write the script for his visual novel, while he directs. Super-group now in hand, Tomoya only needs an inspiration to base his project on, and luckily meets the beautiful, docile Megumi Katou, who he then models his main character after. Using what knowledge he has, Tomoya creates a new doujin circle with hopes to touch the hearts of those who play their game. What he does not realize, is that to invoke these emotions, the creators have had to experience the same feelings in their own lives. [Written by MAL Rewrite]","['Prequel (TV Special) Saenai Heroine no Sodatekata: Ai to Seishun no Service-kai', 'Sequel (Special) Saenai Heroine no Sodatekata ♭: Koi to Junjou no Service-kai', 'Adaptation (Manga) Saenai Heroine no Sodatekata', 'Adaptation (Manga) Saenai Heroine no Sodatekata: Egoistic-Lily']",Saenai Heroine no Sodatekata,"['Harem', 'Otaku Culture', 'School']",Saenai Kanojo no Sodate-kata,,
7,アブソリュート・デュオ,Absolute Duo,,,,['TV'],12,Finished Airing,"Jan 4, 2015 to Mar 22, 2015",['Winter 2015'],Sundays at 20:30 (JST),"['Media Factory', 'Half H.P Studio', 'AT-X', 'feng', 'Showgate', 'Kadokawa']",['Funimation'],['8bit'],['Light novel'],"['Action', 'Fantasy', 'Romance', 'Ecchi']",,,24 min. per ep.,R - 17+ (violence & profanity),6.41,#7633,#409,"573,054","1,561",322242,"Individuals who can materialize weapons from their soul are called ""Blazers,"" and they attend Kouryou Academy High School in order to harness their abilities. Each student is required to partner with another, in the hopes that one day, the pair can attain the power of Absolute Duo. Tooru Kokonoe hopes to attend this academy in order to gain power after his sister and friends were slain by a mysterious man. However, at the opening ceremony, he is forced to duel against the person sitting next to him, with the loser being expelled. As Tooru prepares to give the match his all, it is not a weapon that manifests from his soul, but a shield, an irregularity which catches the attention of a foreign student named Julie Sigtuna. [Written by MAL Rewrite]","['Adaptation (Manga) Absolute Duo', 'Adaptation (Light Novel) Absolute Duo']",Absolute Duo,"['Harem', 'School', 'Urban Fantasy']",,,
8,デュラララ!!×２ 承,Durarara!! x2 Shou,Durarara!! x2,Durarara!! x2 Shou,Durarara!! x2,['TV'],12,Finished Airing,"Jan 10, 2015 to Mar 28, 2015",['Winter 2015'],Saturdays at 23:30 (JST),"['Aniplex', 'Square Enix', 'Mainichi Broadcasting System', 'Movic', 'ASCII Media Works']",['Aniplex of America'],['Shuka'],['Light novel'],"['Action', 'Mystery', 'Supernatural']",,,24 min. per ep.,R - 17+ (violence & profanity),7.97,#707,#479,"497,599","1,004",256740,"Although peace has finally returned to Ikebukuro, many of the odd occurrences have become common sights around the city. One such case is the police's constant pursuit of Celty Sturluson, the Headless Rider. Moreover, someone has placed a large bounty on her, igniting the motivation of gang members all over to begin searching for the supernatural creature as well. Meanwhile, Mikado Ryuugamine is approached by Aoba Kuronuma, a mysterious underclassman with unknown intentions, who reveals that he knows Mikado's true identity. But Ikebukuro's state of tranquility is short-lived, as a new threat appears in the form of a murderer who goes by the pseudonym ""Hollywood,"" known for wearing a different mask each time they commit a crime. As the various events taking place prove to be connected yet again, Ikebukuro is thrown into another conflict that threatens to engulf the entire city in chaos. [Written by MAL Rewrite]","['Prequel (TV) Durarara!!', 'Sequel (TV) Durarara!!x2 Ten', 'Adaptation (Manga) Durarara!! RE;Dollars-hen', 'Adaptation (Light Novel) Durarara!!']",Durarara!!x2 Shou,,"Durarara!! 2nd Season, DRRR!! 2nd Season, Durararax2 1st Arc",,
9,神様はじめました◎,Kamisama Kiss Season 2,Kamisama Hajimemashita Staffel 2,Kamisama Hajimemashita Temporada 2,Kamisama Hajimemashita Saison 2,['TV'],12,Finished Airing,"Jan 6, 2015 to Mar 31, 2015",['Winter 2015'],Tuesdays at 02:05 (JST),"['Dentsu', 'Sotsu']",['Funimation'],['TMS Entertainment'],['Manga'],"['Comedy', 'Romance', 'Supernatural']",['Mythology'],['Shoujo'],23 min. per ep.,PG-13 - Teens 13 or older,8.23,#352,#561,"436,148","3,522",232612,"Nanami Momozono and her familiars Tomoe and Mizuki have survived quite a few challenges since Nanami took up the mantle of Mikage Shrine's patron god. Naturally, the wind god Otohiko comes to invite Nanami to the Divine Assembly in Izumo, the home of the gods, and Nanami chooses to take Mizuki with her, leaving Tomoe to pose as her at school. However, she has an ulterior motive for attending the Divine Assembly: to discover the whereabouts of the missing Lord Mikage, the former god of the shrine. After her adventures in Izumo, Nanami meets Botanmaru, a tengu child looking for someone she knows all too well—tengu turned goth idol Shinjirou Kurama. Botanmaru needs Shinjirou, their prince, to return home to Mount Kurama and stop the tyranny of Jirou, who has taken over the rule of their hometown. However, Nanami soon discovers a force much darker than Jirou is at work on the mountain. As a fledgling god becoming more accustomed to divinity, Nanami finds herself dealing with a tengu rebellion, her blooming feelings for Tomoe, and a strange man with ties to both Tomoe's past and Nanami's future. [Written by MAL Rewrite]","['Prequel (TV) Kamisama Hajimemashita', 'Sequel (OVA) Kamisama Hajimemashita: Kako-hen', 'Adaptation (Manga) Kamisama Hajimemashita', '']",Kamisama Hajimemashita◎,,"Kamisama Hajimemashita 2nd Season, Kami-sama Hajimemashita 2nd Season, Kamisama Kiss 2nd Season",,
10,聖剣使いの禁呪詠唱〈ワールドブレイク〉,World Break: Aria of Curse for a Holy Swordsman,World Break: Aria of Curse for a Holy Swordman,,,['TV'],12,Finished Airing,"Jan 12, 2015 to Mar 30, 2015",['Winter 2015'],Mondays at 01:05 (JST),['Sotsu'],['Funimation'],['Diomedéa'],['Light novel'],"['Action', 'Fantasy', 'Romance']",,,24 min. per ep.,R - 17+ (violence & profanity),6.75,#5623,#794,"323,752",891,164570,"Seiken Tsukai no World Break takes place at Akane Private Academy where students who possess memories of their previous lives are being trained to use Ancestral Arts so that they can serve as defenders against monsters, called Metaphysicals, who randomly attack. Known as saviors, the students are broken up into two categories: the kurogane who are able to use their prana to summon offensive weapons and the kuroma who are able to use magic. The story begins six months prior to the major climax of the series during the opening ceremonies on the first day of the school year. After the ceremony is over, the main character, Moroha Haimura, meets a girl named Satsuki Ranjou who reveals that she was Moroha's little sister in a past life where Moroha was a heroic prince capable of slaying entire armies with his sword skills. Soon afterwards he meets another girl, Shizuno Urushibara, who eventually reveals that she also knew Moroha in an entirely different past life where he was a dark lord capable of using destructive magic but saved her from a life of slavery. Can those whose minds live in both the present and the past truly reach a bright future? Delve into the complex world of Seiken Tsukai no World Break to find out!","['Adaptation (Manga) Seiken Tsukai no World Break', 'Adaptation (Light Novel) Seiken Tsukai no World Break']",Seiken Tsukai no World Break,"['Harem', 'Reincarnation', 'School', 'Urban Fantasy']","Seiken Tsukai no Kinshuu Eishou, Warubure",,
11,アルドノア・ゼロ（第2クール）,Aldnoah.Zero,Aldnoah.Zero Saison 2,Aldnoah.Zero Temporada 2,Aldnoah.Zero Saison 2,['TV'],12,Finished Airing,"Jan 11, 2015 to Mar 29, 2015",['Winter 2015'],Sundays at 00:00 (JST),"['Aniplex', 'Movic', 'Nitroplus', 'Houbunsha', 'MAGES.', 'Tokyo MX', 'Asahi Broadcasting', 'BS11']",['Aniplex of America'],"['A-1 Pictures', 'TROYCA']",Original,"['Action', 'Sci-Fi']",,,23 min. per ep.,R - 17+ (violence & profanity),6.91,#4793,#809,"317,470",755,195769,"The war between the Terrans and the Vers Empire of Mars has ended, allowing humanity to blissfully enjoy their lives in a time of peace. Nineteen months later, however, the Vers princess makes a shocking public declaration: ""the Terrans are a foolish race that covets resources, destroys nature, and are devoted to the pursuit of pleasure."" And so, to protect their precious Earth, she calls upon her knights to take up arms, and the raging battle between the two civilizations reignites. Slaine Troyard has found a place among the Martians, giving Earth a short respite from the war against the Vers Empire. However, a peaceful resolution seems inconceivable. The various people who fought desperately for survival in the past now find themselves in the midst of yet another bloody and chaotic conflict, one that will forever alter the fate of humankind. [Written by MAL Rewrite]","['Prequel (TV) Aldnoah.Zero', 'Adaptation (Manga) Aldnoah.Zero 2nd Season']",Aldnoah.Zero Part 2,"['Mecha', 'Space']",Aldnoah.Zero 2nd Season,,
12,艦隊これくしょん -艦これ-,KanColle,KanColle: Fleet Girls Collection,KanColle,KanColle,['TV'],12,Finished Airing,"Jan 8, 2015 to Mar 26, 2015",['Winter 2015'],Thursdays at 01:05 (JST),"['Movic', 'KlockWorx', 'flying DOG', 'DMM.com', 'Kadokawa Media House', 'Kadokawa']","['Funimation', 'Crunchyroll']",['Diomedéa'],Game,"['Action', 'Sci-Fi']",,,24 min. per ep.,PG-13 - Teens 13 or older,6.82,#5210,#1173,"222,355","1,340",93276,"With the seas under constant threat from the hostile ""Abyssal Fleet,"" a specialized naval base is established to counter them. Rather than standard naval weaponry, however, the base is armed with ""Kanmusu""—girls who harbor the spirits of Japanese warships—possessing the ability to don weaponized gear that allows them to harness the powerful souls within themselves. Fubuki, a young Destroyer-type Kanmusu, joins the base as a new recruit; unfortunately for her, despite her inexperience and timid nature, she is assigned to the famous Third Torpedo Squadron and quickly thrust into the heat of battle. When she is rescued from near annihilation, the rookie warship resolves to become as strong as the one who saved her. [Written by MAL Rewrite]","['Sequel (Movie) KanColle Movie', 'Sequel (TV) KanColle: Itsuka Ano Umi de']",Kantai Collection: KanColle,"['Anthropomorphic', 'Military', 'School']","Kankore, Kantai Collection",,
13,銃皇無尽のファフニール,Unlimited Fafnir,Unlimited Fafnir,Mujin Fafnir,Unlimited Fafnir,['TV'],12,Finished Airing,"Jan 9, 2015 to Mar 27, 2015",['Winter 2015'],Fridays at 02:16 (JST),"['TBS', 'Kodansha', 'DAX Production', 'Nippon Columbia', 'Daiichikosho', 'RAY', 'Nichion', 'NichiNare']","None found,",['Diomedéa'],['Light novel'],"['Action', 'Fantasy', 'Romance']",,,24 min. per ep.,PG-13 - Teens 13 or older,6.16,#9036,#1551,"161,936",175,75576,"Midgar, all-girl academy, would have been notable just for the action of accepting its first and only male student, Yuu Mononobe. But Midgar stands out for much more than that: it's a school exclusive to a group of girls known as D's. Each of them have extremely powerful abilities in generating dark matter and manipulating it into powerful weaponry. The D's didn't exist twenty-five years ago, and only appeared after a number of mysterious, destructive monsters known as ""Dragons"" started appearing around the world. Strangely, just as suddenly as they appeared, they vanished. In their destructive wake, some girls started being born with symbols on their bodies and powers similar in nature to those wielded by the Dragons themselves. Now the D's attend this school, hoping to harness and utilize their powers against the Dragons. Yuu is their latest member and is extraordinary for being the only known male D in existence. Now he must forge relationships with the girls around him, including his long separated sister who attends the school as well, and work with them to investigate and eliminate the threat of the powerful Dragons.","['Adaptation (Manga) Juuou Mujin no Fafnir', 'Adaptation (Light Novel) Juuou Mujin no Fafnir']",Juuou Mujin no Fafnir,"['Harem', 'School']",,,
14,純潔のマリア,Maria the Virgin Witch,Maria the Virgin Witch,,,['TV'],12,Finished Airing,"Jan 11, 2015 to Mar 29, 2015",['Winter 2015'],Sundays at 22:30 (JST),"['Bandai Visual', 'Lantis', 'Kodansha', 'I Will']",['Funimation'],['Production I.G'],['Manga'],"['Comedy', 'Fantasy', 'Romance']",['Historical'],['Seinen'],24 min. per ep.,R - 17+ (violence & profanity),7.10,#3903,#1584,"158,394",253,66658,"Maria is a powerful young witch living with her two familiars in medieval France during the Hundred Years' War against England. As the war rages on and the innocent get caught in its destruction, Maria becomes fed up with the situation and begins using her magic to try and prevent further conflict in hopes of maintaining peace. However, her constant intervention soon attracts the attention of the heavens, and the archangel Michael is sent to keep her from meddling in human affairs. The divine being confronts Maria, and he forbids her from using her powers, issuing a decree that her magic will be taken if she loses her virginity. Though she is now labeled a heretic, Maria adamantly refuses to heed Michael's warning and continues to disrupt the war between the two nations. But as the Church begins plotting to take away the witch's power and put a stop to Maria's interference once and for all, her peacemaking may soon come to an end. [Written by MAL Rewrite]","['Adaptation (Manga) Junketsu no Maria', '']",Junketsu no Maria,,"Junketsu no Maria: Sorcière de gré, pucelle de force",,
15,ISUCA [イスカ],Isuca,,,,['TV'],10,Finished Airing,"Jan 24, 2015 to Mar 28, 2015",['Winter 2015'],Saturdays at 01:35 (JST),"['Kadokawa Shoten', 'AT-X', 'DAX Production', 'KlockWorx', 'MAGES.']",['Discotek Media'],['Arms'],['Manga'],"['Action', 'Comedy', 'Romance', 'Supernatural', 'Ecchi']",,['Seinen'],23 min. per ep.,R+ - Mild Nudity,5.96,#10112,#1621,"153,169",101,69428,"Poor Shinichirou Asano has the worst of luck. His parents abandoned him and ran off to Europe. If that isn't bad enough on its own, they barely left him any money to take care of himself. In order to pay rent and keep a roof over his head, he has to work. Unfortunately, he was just fired from his last job and as a high school student, he doesn't have many other prospects. One evening, he's attacked by a centipede monster on his way home. Shinichirou is saved by a mysterious girl with a bow and arrow, who he later discovers is Sakuya Shimazu, a beautiful student who attends his school. But when he later helps an injured girl, he discovers two things. First, the injured girl isn't human at all but rather a nekomata, a two-tailed demon cat. And second, Sakuya comes from a family of exorcists, who've protected humanity from rogue monsters and spirits for generations. Because Shinichirou was responsible for releasing the nekomata, Sakuya enlists his help in recapturing the demon, but that's just the beginning of Shinichirou's relationship with Sakuya. It turns out the Shimazu family needs a housekeeper and it just so happens that Shinichirou excels at cooking and likes to clean! It may not be his dream job, but if it pays the rent and puts food on the table...","['Sequel (OVA) Isuca: Gokuraku', 'Adaptation (Manga) Isuca']",Isuca,"['Harem', 'Mythology', 'School']",Isuka,,
16,ユリ熊嵐,Yurikuma Arashi,,,,['TV'],12,Finished Airing,"Jan 6, 2015 to Mar 31, 2015",['Winter 2015'],Tuesdays at 00:30 (JST),"['Frontier Works', 'Media Factory', 'Mainichi Broadcasting System', 'Movic', 'Gentosha Comics']",['Funimation'],['SILVER LINK.'],Original,"['Avant Garde', 'Drama', 'Fantasy', 'Girls Love', 'Ecchi']",,,24 min. per ep.,R - 17+ (violence & profanity),7.03,#4256,#2131,"105,808",766,35617,"In the past, humanoid bears coexisted with humans. However, a meteor shower that fell onto Earth had a strange effect on bears throughout the world: they suddenly became violent and hungry for human flesh, spurring an endless cycle of bloodshed in which bear ate man and man shot bear, forgetting the lively relationship they once had. The ""Wall of Severance"" was thus built, separating the two civilizations and keeping peace. Kureha Tsubaki and Sumika Izumino are two lovers attending Arashigaoka Academy, who, upon the arrival of two bears that have sneaked through the Wall of Severance and infiltrated the academy, find their relationship under a grave threat. The hungering yet affectionate bears, Ginko Yurishiro and Lulu Yurigasaki, seem to see the bear-hating Kureha as more than just another meal, and in getting closer to her, trigger an unraveling of secrets that Kureha may not be able to bear. When their relationships provoke the Invisible Storm, a group that keeps order within the ideological school, the girls must stand on trial with their love, embarking on a journey of self-discovery en route to attaining true love's ""promised kiss."" [Written by MAL Rewrite]","['Adaptation (Manga) Yuri Kuma Arashi', 'Adaptation (Light Novel) Yuri Kuma Arashi']",Yuri Kuma Arashi,"['Anthropomorphic', 'Psychological', 'School']","Yuri Bear Storm, Love Bullet: Yurikuma Arashi",,
17,ローリング☆ガールズ,The Rolling Girls,The Rolling Girls,The Rolling Girls,The Rolling Girls,['TV'],12,Finished Airing,"Jan 11, 2015 to Mar 29, 2015",['Winter 2015'],Sundays at 01:58 (JST),"['Dentsu', 'Shochiku', 'Mainichi Broadcasting System', 'Pony Canyon', 'Movic']",['Funimation'],['Wit Studio'],Original,"['Action', 'Adventure', 'Sci-Fi']",,,24 min. per ep.,PG-13 - Teens 13 or older,6.58,#6585,#2335,"92,114",215,28718,"In a dystopian future where Japan's political organization has crumbled after the Great Tokyo War, Japan is broken up into 10 independent nations, with each nation controlled by a gang led by a ""Best,"" a human-proclaimed prophet with destructive superpowers. Nozomi Moritomo is a ""Rest""—a normal girl that has just started out as a rookie in the local gang. She wants to help the Best Masami Utoku, her childhood friend and role model, in the ongoing territorial dispute. When Masami becomes severely injured and unable to fight, Nozomi decides to go on a mission to complete the requests sent to Masami from all over Japan. Along the way, she meets Yukina Kosaka, a shy girl with no sense of direction; Ai Hibiki, an upbeat girl who loves eating; and Chiaya Misono, a quiet and mysterious girl that wears a gas mask. Together, the four girls travel all over the country on their motorcycles while getting involved in territorial wars, disagreements, and even suspicious conspiracies. [Written by MAL Rewrite]","['Adaptation (Manga) Rolling☆Girls', '']",Rolling☆Girls,"['CGDCT', 'Super Power']",,,
18,美男高校地球防衛部LOVE!,Cute High Earth Defense Club LOVE!,Cute High Earth Defense Club LOVE!,Cute High Earth Defense Club LOVE!: Binan Koukou Chikyuu Bouei-bu LOVE!,Binan Kôkô Chikyû Bôei-bu Love!,['TV'],12,Finished Airing,"Jan 7, 2015 to Mar 25, 2015",['Winter 2015'],Wednesdays at 01:40 (JST),"['Sotsu', 'Pony Canyon']",['Ponycan USA'],['Diomedéa'],Original,,,,24 min. per ep.,PG-13 - Teens 13 or older,6.82,#5245,#2462,"84,881",530,34229,"Why should girls get to have all the fun? These magical boys are here to save the world from the loveless... at least that's what the pink wombat who gives them their magical powers wants them to do. In Binan Koukou Chikyuu Bouei-bu Love!, the main characters are the members of the ""Earth Defense Club"" at the Binan High School, though all they really want to do is hang out, goof off, and relax at the nearby Kurotama Bath. One fateful day, though, a pink wombat appears out of nowhere and forces these five high school students to become ""Battle Lovers"" and protect Earth from a trio of villains who are taking orders from a green hedgehog. Over the course of the series, the Battle Lovers will take on a variety of fiends, including the chikuwabu monster, a chopstick phantom, a monster remote control, and plenty more strange enemies! Will the heirs to the throne of love be able to protect Earth from those who want to destroy love? Or will the Earth Conquest Club fill the world with hate?","['Sequel (TV) Binan Koukou Chikyuu Bouei-bu LOVE! LOVE!', 'Adaptation (Light Novel) Binan Koukou Chikyuu Bouei-bu Love! Novel!']",Binan Koukou Chikyuu Bouei-bu LOVE!,"['Parody', 'School']",,['Comedy'],
19,幸腹グラフィティ,Gourmet Girl Graffiti,Gourmet Girl Graffiti,Gourmet Girl Graffiti,Gourmet Girl Graffiti,['TV'],12,Finished Airing,"Jan 9, 2015 to Mar 27, 2015",['Winter 2015'],Fridays at 01:46 (JST),"['TBS', 'Movic', 'flying DOG', 'Sony Music Communications', 'Houbunsha', 'Kadokawa']",['Sentai Filmworks'],['Shaft'],['4-koma manga'],"['Gourmet', 'Slice of Life']",['CGDCT'],['Seinen'],24 min. per ep.,PG-13 - Teens 13 or older,6.80,#5352,#2524,"81,469",160,29589,"The path to becoming a fine wife begins with being an accomplished cook—at least, that is what Ryou Machiko's late grandmother had led her to believe. For a middle schooler, Ryou's cooking skills are incomparable; but recently, though Ryou's food looks appetizing and smells inviting, the taste has not been delicious. Just when the dejected art student comes to terms with the possibility that she might continue living alone for the rest of her life, her aunt tells her that Kirin Morino—Ryou's second cousin—will begin staying with her every weekend since the younger girl has joined a cram school in Tokyo and aims to attend the same school as Ryou. Surprisingly, with her cousin's arrival, Ryou finds that her cooking has vastly improved—apparently, it is not her prowess in the kitchen, but the sharing of the experience with those closest to her that seems to make the flavors shine. [Written by MAL Rewrite]","['Adaptation (Manga) Koufuku Graffiti', '']",Koufuku Graffiti,,Happy Cooking Graffiti,,
20,アイドルマスター シンデレラガールズ,THE IDOLM@STER CINDERELLA GIRLS,,,,['TV'],13,Finished Airing,"Jan 10, 2015 to Apr 11, 2015",['Winter 2015'],Saturdays at 00:00 (JST),"['Aniplex', 'Half H.P Studio', 'Nippon Columbia', 'Bandai Namco Games', 'Anime Consortium Japan', 'Cygames']","None found,",['A-1 Pictures'],Game,"['Comedy', 'Drama']",,,24 min. per ep.,PG-13 - Teens 13 or older,7.16,#3564,#2586,"78,117",469,30671,"Uzuki Shimamura is an aspiring student who dreams of being an idol. After failing her first audition, a producer from 346 Productions tells Uzuki that she has been chosen for the ""Cinderella Project,"" a new idol group. The project, however, still lacks two other members, so the producer needs to scout suitable candidates. The producer's eyes fall upon Rin Shibuya, who is in the midst of an incident with an upset crowd. As the imposing producer defends her, the two of them are taken in for interrogation by the police, and released after some explanation. Taking this opportunity, he scouts Rin for the Cinderella Project, only to be rejected. Will the producer be able to find two more members for his idol group? [Written by MAL Rewrite]","['Sequel (TV) The iDOLM@STER Cinderella Girls 2nd Season', 'Adaptation (Manga) The iDOLM@STER Cinderella Girls']",The iDOLM@STER Cinderella Girls,"['Idols (Female)', 'Music']",The Idolmaster Cinderella Girls,,
21,ドッグデイズ'',,Dog Days Staffel 3,Dog Days Temporada 3,Dog Days Saison 3,['TV'],12,Finished Airing,"Jan 11, 2015 to Mar 29, 2015",['Winter 2015'],Sundays at 00:30 (JST),"['Aniplex', 'Starchild Records', 'Bandai Namco Games', 'Glovision']","None found,",['Seven Arcs Pictures'],Original,"['Action', 'Adventure', 'Fantasy']",['Isekai'],,23 min. per ep.,PG-13 - Teens 13 or older,6.85,#5108,#2617,"76,576",79,34913,"Cinque Izumi, Nanami Takatsuki, and Rebecca Anderson must once again embark on a journey to the continent of Flonyard and participate in the friendly war games of the three allied nations: Biscotti Republic, Galette, and Pastilage. Cinque is Biscotti’s hero, who also happens to be the cousin of Galette’s hero Nanami. Rebecca is Pastillage’s hero and a dear friend of Cinque. Dog Days'' begins in the human world. Rebecca prepares her things for her journey back to Pastilage from Japan. Meanwhile, Cinque and Nanami set out to travel to Biscotti and Galette, respectively, all the way from England, when suddenly, a freakish streak of bad luck—in the form of lightning, of course—sends them off course. They soon find themselves in the great Dragon Forest, protected by a Dragon Priestess named Sharu. The Dragon Priestess informs them that demons threaten to invade the forest, as well as the whole continent of Flonyard! It looks like a real war is about to begin in Dog Days''. Can these three heroes save the whole continent from these evil beings?","[""Prequel (TV) Dog Days'"", 'Prequel (TV Special) Dog Days Recap', ""Sequel (Special) Dog Days'': Limone Resort Tenbou Onsen!"", '']",Dog Days'',,Dog Days 3,,
22,みりたり!,,,,,['TV'],12,Finished Airing,"Jan 7, 2015 to Mar 25, 2015",['Winter 2015'],Wednesdays at 23:25 (JST),"['DAX Production', 'Dream Creation']","None found,",['Creators in Pack'],['4-koma manga'],"['Comedy', 'Slice of Life', 'Ecchi']",['Military'],,3 min. per ep.,PG-13 - Teens 13 or older,5.79,#10993,#3567,"44,065",56,19807,"The story takes place during a conflict between the Krakozhia Dukedom and the Grania Republic. In the midst of the fighting, a savior appears to the Krakozhia Dukedom, and it is a high school student named Yano Souhei. Two female soldiers, First Lieutenant Ruto and Second Lieutenant Haruka, appear in tanks to intrude on Souhei's everyday life, followed by the enemy soldier Shachirofu, all of whom use firearms without hesitation at his house. (Source: ANN)","['Sequel (Special) Military!: Tamatama Shoumetsu Suru Shiroki Hikari!', 'Adaptation (Manga) Military!']",Military!,,Miritari!,,
23,夜ノヤッターマン,Yatterman Night,Yatterman Night,Yatterman Night,Yatterman Night,['TV'],12,Finished Airing,"Jan 11, 2015 to Mar 29, 2015",['Winter 2015'],Sundays at 22:00 (JST),"['Yomiuri Telecasting', 'Starchild Records', 'Lantis', 'Half H.P Studio']",['Funimation'],['Tatsunoko Production'],Original,"['Action', 'Adventure', 'Comedy', 'Drama']",,,24 min. per ep.,PG-13 - Teens 13 or older,6.50,#7058,#4110,"33,325",34,13291,"Several generations after the original Yatterman series, Leopard lives with her mother and guardians, Dorothy, Voltkatze, and Elephantus, just outside the prosperous Yatter Kingdom. She lives a happy if impoverished life, unaware of her ancestral ties to the infamous Doronbow Gang, until she discovers a mural of Doronjo, Boyacky, and Tonzura in a sealed off area of her home. It turns out that Dorothy, Voltkatze, and Elephantus are descendants of the villainous gangsters, which is why they have been forbidden from entering the hero Yatterman's Kingdom! At first, Leopard vows to never engage in villainous actions like her ancestors, but new circumstances may mean that she must go back on her word, donning the identity of villain in search of true justice.",[],Yoru no Yatterman,,,,
24,戦国無双,Samurai Warriors,Samurai Warriors,Samurai Warriors: Sengoku Musou,Samurai Warriors,['TV'],12,Finished Airing,"Jan 12, 2015 to Mar 30, 2015",['Winter 2015'],Mondays at 01:35 (JST),"['TV Tokyo', 'Avex Entertainment', 'Nihon Ad Systems', 'Koei']",['Funimation'],"['Tezuka Productions', 'TYO Animations']",Game,,,,24 min. per ep.,PG-13 - Teens 13 or older,6.52,#6943,#4769,"23,995",41,8421,"Toyotomi Hideyoshi is on the verge of unifying the realm, and all that remains is the Odawara Castle protected by the ""Lion of Sagami"" Ujiyasu Houjou. Hideyoshi's personally trained generals—Ishida Mitsunari, Katou Kiyomasa, and Fukushima Masanori—as well as Ootani Yoshitsugu, Shima Sakon, and Naoe Kanetsugu are all on the frontline of the battle. Amidst the battle formation are the two young warriors of the Sanada household: older brother Nobuyuki and younger brother Yukimura. As the stalemate begins to break down, Sanada Yukimura rides on a lone horse into the fray. His brother follows him right after. (Source: ANN)","['Prequel (TV Special) Sengoku Musou SP: Sanada no Shou', '']",Sengoku Musou,"['Historical', 'Samurai']",,['Action'],
25,蒼穹のファフナー Dead Aggressor EXODUS,Fafner Exodus,Fafner Exodus,Fafner Exodus,Fafner Exodus,['TV'],13,Finished Airing,"Jan 9, 2015 to Apr 3, 2015",['Winter 2015'],Fridays at 02:19 (JST),"['Starchild Records', 'Mainichi Broadcasting System']","None found,",['I.Gzwei'],Original,"['Action', 'Drama', 'Sci-Fi']",,,24 min. per ep.,PG-13 - Teens 13 or older,7.37,#2477,#4799,"23,514",78,8007,"2150 AD. The battle against the silicon-based Festums from outer space reaches a new phase. Fragments of the North Pole Mir were scattered throughout the world. Eventually, they began to act on their own as independent Mirs. Most hated humanity and attacked them, but some chose to coexist with mankind. Some with the same way of thinking existed within the human race, as well: those who were both human and Festum. They added to the chaos of the battle and brought about even more hatred. (Source: Crunchyroll)","['Prequel (Movie) Soukyuu no Fafner: Dead Aggressor - Heaven and Earth', 'Sequel (TV) Soukyuu no Fafner: Dead Aggressor - Exodus Part 2']",Soukyuu no Fafner: Dead Aggressor - Exodus,"['Mecha', 'Military']",Fafner in the Azure: Dead Aggressor - Exodus,,
26,Go! プリンセスプリキュア,Go! Princess Pretty Cure,,,,['TV'],50,Finished Airing,"Feb 1, 2015 to Jan 31, 2016",['Winter 2015'],Sundays at 08:30 (JST),"None found,","None found,",['Toei Animation'],Original,"['Action', 'Comedy']",,,24 min. per ep.,G - All Ages,7.81,#1020,#5098,"20,405",361,7829,"Ever since she was young, Haruka Haruno has always aspired to become a princess. Despite being mocked for this seemingly childish wish, Haruka perseveres to make her dream a reality, ultimately culminating in her acceptance into the prestigious Noble Academy—the birthplace of people's fantasies. When Haruka arrives at her new school, a chance encounter with a pair of magical creatures influences a series of unbelievable events, and Haruka awakens as ""Cure Flora,"" the princess of blooming flowers. After two of Haruka's classmates also transform into legendary princesses, a story of self-discovery unfolds as the newfound team ""Princess Precure"" carries the responsibility of protecting everyone's dreams. Engaged in a battle between hope and despair, Haruka may find the key toward becoming the princess she has always dreamed to be. [Written by MAL Rewrite]","['Adaptation (Manga) Go! Princess Precure', '']",Go! Princess Precure,"['Mahou Shoujo', 'School']",,,
27,探偵歌劇ミルキィホームズTD,,,,,['TV'],12,Finished Airing,"Jan 3, 2015 to Mar 28, 2015",['Winter 2015'],Saturdays at 22:00 (JST),"['Sotsu', 'Bushiroad', 'Chrono Gear Creative']","None found,","['J.C.Staff', 'Nomad']",Original,"['Comedy', 'Mystery']",,,22 min. per ep.,PG-13 - Teens 13 or older,6.44,#7436,#6792,"9,887",9,3705,"There have been many cases of stolen songs happening among the idols in Yokohama District recently. Even super idol Marine Amagi's hit song ""Kiseki no Uta"" was taken away. At the request of Marine, the Milky Holmes team starts investigating the case. (Source: Crunchyroll)","['Prequel (TV) Futari wa Milky Holmes', 'Sequel (Movie) Tantei Opera Milky Holmes Movie: Gyakushuu no Milky Holmes']",Tantei Kageki Milky Holmes TD,"['Detective', 'Parody', 'Super Power']",Tantei Opera Milky Holmes TD,,
28,少年ハリウッド-HOLLY STAGE FOR 50-,,Shonen Hollywood: Holly Stage for 50,Shonen Hollywood: Holly Stage for 50,Shonen Hollywood: Holly Stage for 50,['TV'],13,Finished Airing,"Jan 10, 2015 to Apr 4, 2015",['Winter 2015'],Saturdays at 20:30 (JST),"['Starchild Records', 'Studio Mausu']",['Funimation'],['Zexcs'],Mixed media,,,,23 min. per ep.,PG-13 - Teens 13 or older,6.48,#7224,#7699,"7,229",9,2461,Second Season of Shounen Hollywood: Holly Stage for 49.,"['Prequel (TV) Shounen Hollywood: Holly Stage for 49', '']",Shounen Hollywood: Holly Stage for 50,"['Idols (Male)', 'Music', 'Performing Arts']",Shonen Hollywood 2,,
29,血液型くん！2,,,,,['TV'],12,Finished Airing,"Jan 8, 2015 to Mar 26, 2015",['Winter 2015'],Thursdays at 21:55 (JST),['Earth Star Entertainment'],"None found,","['feel.', 'Assez Finaud Fabric']",['Web manga'],,['Anthropomorphic'],,2 min. per ep.,PG-13 - Teens 13 or older,6.39,#7737,#8693,"5,389",5,2652,"A-gata-kun, B-gata-kun, O-gata-kun, and AB-gata-kun are back again to explore more cultural stereotypes associated with blood type! With assistance from their feminine counterparts, the blood types delve into a range of topics related to relationships, such as one's own charms, how to react to a mediocre gift, and... How to properly hide adult content on a computer? Whether they are stranded on an uninhabited island or sharing a dorm room together, no two blood types will react the same way to any of these humorous yet relatable situations. [Written by MAL Rewrite]","['Prequel (TV) Ketsuekigata-kun!', 'Sequel (TV) Ketsuekigata-kun! 3', 'Adaptation (Manhwa) A Simple Thinking About Blood Type', '']",Ketsuekigata-kun! 2,,Ketsuekigata-kun! Second Season,['Comedy'],
30,みんな集まれ！ファルコム学園ＳＣ,,,,,['TV'],12,Finished Airing,"Jan 4, 2015 to Mar 22, 2015",['Winter 2015'],Unknown,['DAX Production'],"None found,","None found,",['4-koma manga'],,,['Seinen'],2 min. per ep.,PG-13 - Teens 13 or older,6.10,#9380,#9826,"3,755",1,1244,"The warriors who have been warped by the rampaging power of Justice have been summoned into the world of Xanadu. It is up to Dark Fact, a former villain, and principal Lappi to re-educate these students. (Source: AniDB)","['Prequel (TV) Minna Atsumare! Falcom Gakuen', 'Adaptation (Manga) Minna Atsumare! Falcom Gakuen']",Minna Atsumare! Falcom Gakuen SC,"['Parody', 'School']",Minna Atsumare! Falcom Gakuen Second Season,['Comedy'],
31,ドアマイガーD,Doamayger-D,,,,['TV'],13,Finished Airing,"Jan 5, 2015 to Mar 30, 2015",['Winter 2015'],Mondays at 19:55 (JST),"None found,",['Funimation'],['ILCA'],Original,"['Action', 'Comedy', 'Gourmet']",,,2 min. per ep.,G - All Ages,5.35,#12565,#11522,"2,244",1,888,"Kyougoku Daijirou is the 15th generation owner of the Kyoto sweets shop Amashoudou. One day, Daijirou discovers a giant robot named Doamaiger D in his store's basement. At the same time, enemies called ""Mekaijuu"" appear in Kyoto and begin wreaking havoc. (Source: ANN)",[],Doamaiger D,"['Mecha', 'Parody']",,,
32,巴啦啦小魔仙之梦幻旋律,Balala the Fairies: Finding Melody,,,,['TV'],52,Finished Airing,"Jan 26, 2015 to Aug 26, 2015",['Winter 2015'],Not scheduled once per week,"['B.CMAY PICTURES', 'Alpha Group']","None found,","None found,",Unknown,"['Comedy', 'Fantasy']",['Mahou Shoujo'],,22 min. per ep.,PG - Children,6.22,#8741,#12392,"1,700",4,342,"To help the fairy Queen find her disappeared friend Melody, who was a skillful music fairy from the Music Castle, Sally, Maggie, Michelle and Beibei encountering nine musical magicians and fighting with dark musical witch Voiceless. Sally and the fairies suspect that Melody is connected with the dark power behind the scene. While, what is the truth? (Source: Mahou Shoujo Wikia)","['Prequel (TV) Balala Xiao Mo Xian: Qiji Wubu', 'Sequel (TV) Balala Xiao Mo Xian: Feiyue Cai Ling Bao']",Balala Xiao Mo Xian Zhi: Meng Huan Xuan Lu,,"Balala the Fairies Season 3, Balala, Little Magic Fairy: The Dream Melody",,
33,キュートランスフォーマー 帰ってきたコンボイの謎,,,,,['TV'],13,Finished Airing,"Jan 6, 2015 to Mar 31, 2015",['Winter 2015'],Unknown,['Bouncy'],"None found,",['DLE'],Other,"['Action', 'Slice of Life']",['Mecha'],,5 min. per ep.,PG-13 - Teens 13 or older,5.44,#12287,#13129,"1,360",1,373,Picks up after the events of Transformers 2010. Ultra Magnus goes on a solo mission through various Decepticon strongholds to find out exactly what happened to Optimus.,"['Sequel (TV) Q Transformers: Saranaru Ninki Mono e no Michi', '']",Q Transformers: Kaette Kita Convoy no Nazo,,,,
34,터닝메카드,Turning Mecard,,,,['TV'],52,Finished Airing,"Feb 3, 2015 to Feb 5, 2016",['Winter 2015'],Fridays at 17:30 (JST),"None found,","None found,","None found,",Unknown,,,['Kids'],28 min. per ep.,PG - Children,6.24,#8652,#13177,"1,340",5,515,"A Korean/Japanese co-production created by Bakugan and Dragon Ball Super contributor Atsushi Maekawa. Turning Mecard stars Jason, a grade-schooler who meets a Mecanimal, a transforming minicar from the alternate world of Triforce, named Evan. Jason and Evan are both searching for missing family members, and team up to help each other. Together, they meet more Mecanimals as they battle across dimensions and learn important lessons along the way. (Source: Crunchyroll)","['Sequel (TV) Turning Mecard W', '']",Turning Mecard,"['Mecha', 'Racing', 'Strategy Game']",,['Adventure'],
35,那萨尔丁,,,,,['TV'],100,Finished Airing,"Dec 22, 2014 to Jan 15, 2015",['Winter 2015'],Unknown,"None found,","None found,","None found,",Original,"['Adventure', 'Fantasy']",['Mythology'],,11 min. per ep.,PG-13 - Teens 13 or older,[],#20513,#14162,"1,030",1,,"In the depths of a vast western desert exists a terrible sand devil. He is bent on turning the forests, rivers, grasslands, and oases of the Western Regions into barren deserts under his rule. In order to save the inhabitants and prevent desertification, a group of young adventurers sets out to the Kunlun Mountains to find the legendary Hu Poplar King and curb the spread of sand. (Source: Kan Sogou)","['Sequel (TV) Na Sa Er Ding Dong Youji', '']",Na Sa Er Ding,,"Nasaerdin, Nasreddin",,
36,ぱんきす! 2次元,,,,,['TV'],24,Finished Airing,"Jan 8, 2015 to Jun 18, 2015",['Winter 2015'],Thursdays at 23:54 (JST),"None found,","None found,",['DLE'],Original,,['Music'],,4 min. per ep.,G - All Ages,5.74,#11188,#15113,785,0,164,"St. Muse Academy: the place for the ""sound of the spirits."" In order for people to live pleasantly among the sound, there is an academy where people learn to balance and control sound. Now, the five failing students receive a special mission... (Source: MAL News)",[],Pankis! 2-jigen,,Punkzkiss,['Comedy'],
37,うわばきクックのテキトー占い!,,,,,['TV'],125,Finished Airing,"Jan 5, 2015 to Jun 26, 2015",['Winter 2015'],Mondays at 11:26 (JST),['Yomiuri Telecasting'],"None found,","None found,",Original,,,,30 sec. per ep.,G - All Ages,[],#15175,#17841,431,0,,A collaboration shorts that aired as part of Yomiuri TV's morning program block.,[],Uwabaki Cook no Tekitou Uranai!,,,['Comedy'],
38,わしも 第2シリーズ,,,,,['TV'],24,Finished Airing,"Jan 5, 2015 to Mar 24, 2015",['Winter 2015'],Unknown,['NHK'],"None found,",['Studio Deen'],Picture book,"['Comedy', 'Sci-Fi', 'Slice of Life']",['School'],['Kids'],10 min. per ep.,G - All Ages,[],#15257,#18114,411,0,,Second season of Washimo series.,"['Prequel (TV) Washimo', 'Sequel (TV) Washimo 3rd Season']",Washimo 2nd Season,,"Washimo Second Season, Wasimo Second Season",,
39,うわばきクック,,,,,['TV'],13,Finished Airing,"Jan 5, 2015 to Mar 30, 2015",['Winter 2015'],Mondays at Unknown,['Yomiuri Telecasting'],"None found,","None found,",Unknown,,,['Kids'],3 min. per ep.,PG - Children,[],#15174,#18362,393,1,,"Cook is one of Uwabaki (school shoes) for left foot and has a brother who happened to drop himself into a trash can. Cook then was thrown as well. In order to find his missing brother, he starts his adventure. Although Cook seems timid, his strong sense of justice makes him always want to help someone in trouble. Cook is sometimes lacks of confidence of himself when travelling alone. However, making friends with ""things"" such as books, glasses and chairs that he met in his journey makes him become stronger. (Source: YTV)",[],Uwabaki Cook,,,,
40,猪猪侠 百变联盟,GG Bond Season 9: Shapeshifting Union,,,,['TV'],52,Finished Airing,"Jan 27, 2015 to Mar 27, 2015",['Winter 2015'],Unknown,"None found,","None found,","None found,",Original,,['Super Power'],['Kids'],15 min. per ep.,G - All Ages,[],#16355,#19310,324,0,,Will G.G. Bond be able to save Fairy World when his enemy is his father? Or is it a trick? G.G. Bond waivers between his alliance with his fellow warriors and his alliance with his long lost family.,"['Prequel (TV) Zhu Zhu Xia: Bian Shen Zhandu', 'Sequel (TV) Zhu Zhu Xia: Wu Ling Shou Wei Zhe']",Zhu Zhu Xia: Bai Bian Lian Meng,,GG Bond 09,['Sci-Fi'],
41,로봇트레인,,,,,['TV'],32,Finished Airing,"Feb 26, 2015 to Nov 18, 2015",['Winter 2015'],Unknown,"['CJ ENM', 'York Animation']","None found,",['Studio BAZOOKA'],Original,,['Anthropomorphic'],['Kids'],13 min. per ep.,PG - Children,[],#21389,#21281,211,0,,"Set in the ""Train World"" where all citizens are trains. However, among the residents there are special trains that can transform into robots, the Robot Trains. Featuring our 5 train heroes, with special powers: Kay, Alf, Duck, Selly and Victor - and their exciting adventures. Can the Robot Trains save the village from the evil dark forces that be? (Source: IMDB)","['Sequel (TV) Robot Trains Season 2', '']",Robot Trains,,Lobosteulein,,
42,赛尔号第4季：战神风云决,,,,,['TV'],30,Finished Airing,"Jan 16, 2015 to Mar 6, 2015",['Winter 2015'],Unknown,"None found,","None found,","None found,",Game,,,['Kids'],13 min. per ep.,PG - Children,[],#21496,#22300,163,0,,No synopsis information has been added to this title. Help improve our database by adding a synopsis here.,"['Prequel (TV) Sai Er Hao Season 3: Guangming De Jiushu', 'Sequel (TV) Sai Er Hao Season 5: Lie Tian Kun Shou']",Sai Er Hao Season 4: Zhanshen Fengyun Jue,,Seer Fourth Season,,
43,-ナルト- 疾風伝,Naruto Shippuden,Naruto Shippuden,Naruto Shippuden,Naruto Shippuden,['TV'],500,Finished Airing,"Feb 15, 2007 to Mar 23, 2017",['Winter 2007'],Thursdays at 19:30 (JST),"['TV Tokyo', 'Aniplex', 'KSS', 'Rakuonsha', 'TV Tokyo Music', 'Shueisha']",['VIZ Media'],['Pierrot'],['Manga'],"['Action', 'Adventure', 'Fantasy']",['Martial Arts'],['Shounen'],23 min. per ep.,PG-13 - Teens 13 or older,8.28,#303,#16,"2,596,305","115,574",1727549,"It has been two and a half years since Naruto Uzumaki left Konohagakure, the Hidden Leaf Village, for intense training following events which fueled his desire to be stronger. Now Akatsuki, the mysterious organization of elite rogue ninja, is closing in on their grand plan which may threaten the safety of the entire shinobi world. Although Naruto is older and sinister events loom on the horizon, he has changed little in personality—still rambunctious and childish—though he is now far more confident and possesses an even greater determination to protect his friends and home. Come whatever may, Naruto will carry on with the fight for what is important to him, even at the expense of his own body, in the continuation of the saga about the boy who wishes to become Hokage. [Written by MAL Rewrite]","['Prequel (TV) Naruto', 'Sequel (Movie) Boruto: Naruto the Movie', 'Sequel (TV) Boruto: Naruto Next Generations', 'Adaptation (Manga) Naruto']",Naruto: Shippuuden,,Naruto Hurricane Chronicles,,
44,ONE PIECE,One Piece,,,,['TV'],Unknown,Currently Airing,"Oct 20, 1999 to ?",['Fall 1999'],Sundays at 09:30 (JST),"['Fuji TV', 'TAP', 'Shueisha']","['Funimation', '4Kids Entertainment']",['Toei Animation'],['Manga'],"['Action', 'Adventure', 'Fantasy']",,['Shounen'],24 min.,PG-13 - Teens 13 or older,8.73,#51,#17,"2,494,597","234,517",1418412,"Barely surviving in a barrel after passing through a terrible whirlpool at sea, carefree Monkey D. Luffy ends up aboard a ship under attack by fearsome pirates. Despite being a naive-looking teenager, he is not to be underestimated. Unmatched in battle, Luffy is a pirate himself who resolutely pursues the coveted One Piece treasure and the King of the Pirates title that comes with it. The late King of the Pirates, Gol D. Roger, stirred up the world before his death by disclosing the whereabouts of his hoard of riches and daring everyone to obtain it. Ever since then, countless powerful pirates have sailed dangerous seas for the prized One Piece only to never return. Although Luffy lacks a crew and a proper ship, he is endowed with a superhuman ability and an unbreakable spirit that make him not only a formidable adversary but also an inspiration to many. As he faces numerous challenges with a big smile on his face, Luffy gathers one-of-a-kind companions to join him in his ambitious endeavor, together embracing perils and wonders on their once-in-a-lifetime adventure. [Written by MAL Rewrite]","['Adaptation (Manga) One Piece', 'Adaptation (Light Novel) One Piece: Loguetown-hen']",One Piece,,OP,,
45,四月は君の嘘,Your Lie in April,Shigatsu Wa Kimi No Uso - Sekunden in Moll,Your Lie in April,Your Lie in April,['TV'],22,Finished Airing,"Oct 10, 2014 to Mar 20, 2015",['Fall 2014'],Fridays at 01:20 (JST),"['Aniplex', 'Dentsu', 'Kodansha', 'Fuji TV', 'Lawson HMV Entertainment', 'Kyoraku Industrial Holdings', 'Kansai Telecasting']",['Aniplex of America'],['A-1 Pictures'],['Manga'],"['Drama', 'Romance']",,['Shounen'],22 min. per ep.,PG-13 - Teens 13 or older,8.64,#81,#24,"2,297,880","87,444",1397514,"Kousei Arima is a child prodigy known as the ""Human Metronome"" for playing the piano with precision and perfection. Guided by a strict mother and rigorous training, Kousei dominates every competition he enters, earning the admiration of his musical peers and praise from audiences. When his mother suddenly passes away, the subsequent trauma makes him unable to hear the sound of a piano, and he never takes the stage thereafter. Nowadays, Kousei lives a quiet and unassuming life as a junior high school student alongside his friends Tsubaki Sawabe and Ryouta Watari. While struggling to get over his mother's death, he continues to cling to music. His monochrome life turns upside down the day he encounters the eccentric violinist Kaori Miyazono, who thrusts him back into the spotlight as her accompanist. Through a little lie, these two young musicians grow closer together as Kaori tries to fill Kousei's world with color. [Written by MAL Rewrite]","['Prequel (OVA) Shigatsu wa Kimi no Uso: Moments', 'Adaptation (Manga) Shigatsu wa Kimi no Uso']",Shigatsu wa Kimi no Uso,"['Love Polygon', 'Music', 'School']",Kimiuso,,
46,七つの大罪,The Seven Deadly Sins,The Seven Deadly Sins,,The Seven Deadly Sins,['TV'],24,Finished Airing,"Oct 5, 2014 to Mar 29, 2015",['Fall 2014'],Sundays at 17:00 (JST),"['Aniplex', 'Dentsu', 'Mainichi Broadcasting System', 'Kodansha', 'Movic']",['Funimation'],['A-1 Pictures'],['Manga'],"['Action', 'Adventure', 'Fantasy']",,['Shounen'],24 min. per ep.,PG-13 - Teens 13 or older,7.62,#1511,#32,"2,124,945","19,307",1381666,"In a world similar to the European Middle Ages, the feared yet revered Holy Knights of Britannia use immensely powerful magic to protect the region of Britannia and its kingdoms. However, a small subset of the Knights supposedly betrayed their homeland and turned their blades against their comrades in an attempt to overthrow the ruler of Liones. They were defeated by the Holy Knights, but rumors continued to persist that these legendary knights, called the ""Seven Deadly Sins,"" were still alive. Ten years later, the Holy Knights themselves staged a coup d’état, and thus became the new, tyrannical rulers of the Kingdom of Liones. Based on the best-selling manga series of the same name, Nanatsu no Taizai follows the adventures of Elizabeth, the third princess of the Kingdom of Liones, and her search for the Seven Deadly Sins. With their help, she endeavors to not only take back her kingdom from the Holy Knights, but to also seek justice in an unjust world. [Written by MAL Rewrite]","['Sequel (TV) Nanatsu no Taizai: Seisen no Shirushi', 'Adaptation (Manga) Nanatsu no Taizai']",Nanatsu no Taizai,,,,
47,寄生獣 セイの格率,Parasyte: The Maxim,Parasyte -the maxim-,Parasyte -the maxim-,Parasite -la maxime-,['TV'],24,Finished Airing,"Oct 9, 2014 to Mar 26, 2015",['Fall 2014'],Thursdays at 01:29 (JST),"['VAP', 'Nippon Television Network', 'Forecast Communications']",['Sentai Filmworks'],['Madhouse'],['Manga'],"['Action', 'Horror', 'Sci-Fi', 'Suspense']",,['Seinen'],23 min. per ep.,R - 17+ (violence & profanity),8.32,#256,#43,"1,946,854","35,687",1200021,"All of a sudden, they arrived: parasitic aliens that descended upon Earth and quickly infiltrated humanity by burrowing into the brains of vulnerable targets. These insatiable beings acquire full control of their host and are able to morph into a variety of forms in order to feed on unsuspecting prey. Sixteen-year-old high school student Shinichi Izumi falls victim to one of these parasites, but it fails to take over his brain, ending up in his right hand instead. Unable to relocate, the parasite, now named Migi, has no choice but to rely on Shinichi in order to stay alive. Thus, the pair is forced into an uneasy coexistence and must defend themselves from hostile parasites that hope to eradicate this new threat to their species. [Written by MAL Rewrite]","['Adaptation (Manga) Kiseijuu', '']",Kiseijuu: Sei no Kakuritsu,"['Gore', 'Psychological']","Parasite, Parasitic Beasts, Parasyte",,
48,FAIRY TAIL（フェアリーテイル）,Fairy Tail Series 2,Fairy Tail Zweite Staffel,Fairy Tail Temporada 2,Fairy Tail Deuxième Saison,['TV'],102,Finished Airing,"Apr 5, 2014 to Mar 26, 2016",['Spring 2014'],Saturdays at 10:30 (JST),"['TV Tokyo', 'Dentsu']",['Funimation'],"['A-1 Pictures', 'Bridge']",['Manga'],"['Action', 'Adventure', 'Fantasy']",,['Shounen'],24 min. per ep.,PG-13 - Teens 13 or older,7.65,#1416,#161,"1,035,515","12,467",578163,"The Grand Magic Games reaches its climax following Natsu Dragneel and Gajeel Redfox's stunning victory over Sting Eucliffe and Rogue Cheney of the Sabertooth guild. This success pushes the Fairy Tail guild closer to being crowned the overall champions, but obtaining victory is not the only challenge they face. A mystery still surrounds a hooded stranger and the ominous Eclipse Gate, leaving more questions than answers. More crazy adventures are on the horizon for Fairy Tail as their destructive antics and joyful rowdiness continue unabated. Their greatest trial is quickly approaching, but united as a family, the guild will always be ready to face any threat that comes their way. [Written by MAL Rewrite]","['Prequel (TV) Fairy Tail', 'Sequel (TV) Fairy Tail: Final Series', 'Adaptation (Manga) Fairy Tail', 'Adaptation (Manga) Fairy Tail Zerø']",Fairy Tail (2014),,Fairy Tail Season 2,,
49,暁のヨナ,Yona of the Dawn,Akatsuki No Yona: Prinzessin der Morgendämmerung,Akatsuka no Yona: Yona of the Dawn,Yona: Princesse de l'Aube,['TV'],24,Finished Airing,"Oct 7, 2014 to Mar 24, 2015",['Fall 2014'],Tuesdays at 23:00 (JST),"['VAP', 'Hakusensha', 'AT-X', 'Delfi Sound', 'Marvelous AQL', 'Tokyo MX', 'Age Global Networks', 'Docomo Anime Store', 'Top-Insight International']",['Funimation'],['Pierrot'],['Manga'],"['Adventure', 'Fantasy', 'Romance']",,['Shoujo'],24 min. per ep.,PG-13 - Teens 13 or older,8.03,#620,#210,"891,091","16,957",432972,"The kingdom of Kouka is blessed with a beautiful princess whose childlike innocence charms all who come across her. Named Yona, she has grown up sheltered in the royal palace, shielded from any danger that may befall her. However, all good things must come to an end. Yona's perfect world comes crashing down when a heinous act of treason threatens to erase all that she holds dear, including her birthright as the princess of Kouka. Left with no one to trust but her childhood friend and loyal bodyguard Son Hak, she is forced to flee the palace. Faced with the perils of surviving in the wild with a target on her back, Yona realizes that her kingdom is no longer the safe haven it once was. Free from the shackles of naivety, Yona vows to do everything in her power to become strong enough to crush her enemies. With Hak by her side, she must piece together the remains of an ancient legend that might be the key to reclaiming her kingdom from those who conspired to steal it from her. [Written by MAL Rewrite]","['Sequel (OVA) Akatsuki no Yona OVA', 'Adaptation (Manga) Akatsuki no Yona']",Akatsuki no Yona,,Yona: The girl standing in the blush of dawn,,
50,ログ・ホライズン 第2シリーズ,Log Horizon 2,Log Horizon 2,Log Horizon 2,Log Horizon 2,['TV'],25,Finished Airing,"Oct 4, 2014 to Mar 28, 2015",['Fall 2014'],Saturdays at 17:30 (JST),['NHK'],"['Funimation', 'Sentai Filmworks']",['Studio Deen'],['Light novel'],"['Action', 'Adventure', 'Fantasy']",,,24 min. per ep.,PG-13 - Teens 13 or older,7.56,#1726,#364,"630,997","1,406",349607,"After being trapped in the world of Elder Tale for six months, Shiroe and the other Adventurers have begun to get the hang of things in their new environment. The Adventurers are starting to gain the trust of the People of the Land, and Akiba has flourished thanks to the law and order established by Shiroe's Round Table Alliance, regaining its everyday liveliness. Despite this success, however, the Alliance faces a new crisis: they are running out of funds to govern Akiba, and spies from the Minami district have infiltrated the city. As formidable forces rise in other districts, there is also a need to discover more about the vast new world they are trapped in—leading Shiroe to decide that the time has come to venture outside the city. Accompanied by his friend Naotsugu and the Sage of Mirror Lake Regan, the calculative Shiroe makes his move, hoping to unravel new possibilities and eventually find a way home. [Written by MAL Rewrite]","['Prequel (TV) Log Horizon', 'Sequel (TV) Log Horizon: Entaku Houkai', 'Adaptation (Manga) Log Horizon', 'Adaptation (Manga) Log Horizon: Kanami, Go! East!']",Log Horizon 2nd Season,"['Adult Cast', 'Video Game']","Log Horizon Second Season, Log Horizon Dai 2 Series",,
51,SHIROBAKO,Shirobako,,,,['TV'],24,Finished Airing,"Oct 9, 2014 to Mar 26, 2015",['Fall 2014'],Thursdays at 23:30 (JST),"['Sotsu', 'Movic', 'Warner Bros. Japan', 'KlockWorx', 'Showgate', 'Infinite', 'Imagine']",['Sentai Filmworks'],['P.A. Works'],Original,"['Award Winning', 'Comedy', 'Drama']",,,24 min. per ep.,PG-13 - Teens 13 or older,8.27,#309,#528,"457,141","6,250",146113,"It all started in Kaminoyama High School, when five best friends—Aoi Miyamori, Ema Yasuhara, Midori Imai, Shizuka Sakaki, and Misa Toudou—discovered their collective love for all things anime and formed the animation club. After making their first amateur anime together and showcasing it at the culture festival, the group vows to pursue careers in the industry, aiming to one day work together and create their own mainstream show. Two and a half years later, Aoi and Ema have managed to land jobs at the illustrious Musashino Animation production company. The others, however, are finding it difficult to get their dream jobs. Shizuka is feeling the weight of not being recognized as a capable voice actor, Misa has a secure yet unsatisfying career designing 3D models for a car company, and Midori is a university student intent on pursuing her dream as a story writer. These five girls will learn that the path to success is one with many diversions, but dreams can still be achieved through perseverance and a touch of eccentric creativity. [Written by MAL Rewrite]","['Sequel (Movie) Shirobako Movie', 'Adaptation (Manga) Shirobako: Kaminoyama Koukou Animation Doukoukai', 'Adaptation (Light Novel) Shirobako: Introduction', '']",Shirobako,"['Adult Cast', 'Otaku Culture', 'Workplace']",White Box,,
52,ワールドトリガー,World Trigger,,,,['TV'],73,Finished Airing,"Oct 5, 2014 to Apr 3, 2016",['Fall 2014'],Sundays at 06:30 (JST),['TV Asahi'],['Sentai Filmworks'],['Toei Animation'],['Manga'],"['Action', 'Sci-Fi']",,['Shounen'],23 min. per ep.,PG-13 - Teens 13 or older,7.58,#1641,#547,"445,110","2,987",153386,"When a gate to another world suddenly opens on Earth, Mikado City is invaded by strange creatures known as ""Neighbors,"" malicious beings impervious to traditional weaponry. In response to their arrival, an organization called the Border Defense Agency has been established to combat the Neighbor menace through special weapons called ""Triggers."" Even though several years have passed after the gate first opened, Neighbors are still a threat and members of Border remain on guard to ensure the safety of the planet. Despite this delicate situation, members-in-training, such as Osamu Mikumo, are not permitted to use their Triggers outside of headquarters. But when the mysterious new student in his class is dragged into a forbidden area by bullies, they are attacked by Neighbors, and Osamu has no choice but to do what he believes is right. Much to his surprise, however, the transfer student Yuuma Kuga makes short work of the aliens, revealing that he is a humanoid Neighbor in disguise. [Written by MAL Rewrite]","['Sequel (TV) World Trigger 2nd Season', 'Adaptation (Manga) World Trigger']",World Trigger,,,,
53,名探偵コナン,Case Closed,Case Closed,,,['TV'],Unknown,Currently Airing,"Jan 8, 1996 to ?",['Winter 1996'],Saturdays at 18:00 (JST),"['Yomiuri Telecasting', 'Shogakukan', 'Audio Planning U', 'Tokyo Movie', 'Polydor Records']","['Funimation', 'Crunchyroll']",['TMS Entertainment'],['Manga'],"['Adventure', 'Comedy', 'Mystery']",['Detective'],['Shounen'],24 min.,PG-13 - Teens 13 or older,8.17,#433,#704,"360,648","15,327",164259,"Shinichi Kudou, a high school student of astounding talent in detective work, is well known for having solved several challenging cases. One day, when Shinichi spots two suspicious men and decides to follow them, he inadvertently becomes witness to a disturbing illegal activity. Unfortunately, he is caught in the act, so the men dose him with an experimental drug formulated by their criminal organization, leaving him to his death. However, to his own astonishment, Shinichi lives to see another day, but now in the body of a seven-year-old child. Perfectly preserving his original intelligence, he hides his real identity from everyone, including his childhood friend Ran Mouri and her father, private detective Kogorou Mouri. To this end, he takes on the alias of Conan Edogawa, inspired by the mystery writers Arthur Conan Doyle and Ranpo Edogawa. Shinichi, as Conan, starts secretly solving the senior Mouri's cases from behind the scenes with his still exceptional sleuthing skills, while covertly investigating the organization responsible for his current state, hoping to reverse the drug's effects someday. [Written by MAL Rewrite]","['Adaptation (Manga) Meitantei Conan', '']",Meitantei Conan,,Detective Conan,,
54,ダイヤのA[エース],Ace of Diamond,Ace of Diamond,Ace of the Diamond,Ace of Diamond,['TV'],75,Finished Airing,"Oct 6, 2013 to Mar 29, 2015",['Fall 2013'],Sundays at 08:30 (JST),"['TV Tokyo', 'Sotsu', 'Pony Canyon', 'Kodansha', 'AT-X', 'DAX Production']","None found,","['Production I.G', 'Madhouse']",['Manga'],,,['Shounen'],24 min. per ep.,PG-13 - Teens 13 or older,8.11,#515,#1024,"254,596","4,765",119482,"With a stray pitch that completely missed the batter, Eijun Sawamura loses his final middle school baseball game. Frustrated by this defeat, Eijun and his teammates vow to reach the national tournament once they are in high school. But everything changes when a scout unexpectedly invites him to Tokyo's prestigious Seidou High School after seeing the potential in his unusual pitching style. Encouraged by his teammates, Eijun accepts the offer, ready to improve his skills and play at a much more competitive level of baseball. However, now surrounded by a large number of skilled players, Eijun struggles to find his place on the team. He declares that he will one day become the team's ace, but that's only if fellow first year Satoru Furuya doesn't take the title first, with his breakneck fastballs that earn him a coveted spot on the starting roster. With the addition of these talented new players to an already powerful lineup, the Seidou baseball team aims to become the best in Japan, facing off against a number of formidable foes that stand in their way. [Written by MAL Rewrite]","['Sequel (TV) Diamond no Ace: Second Season', 'Adaptation (Manga) Diamond no Ace']",Diamond no Ace,"['School', 'Team Sports']","Daiya no Ace, Ace of the Diamond, Dia no A",['Sports'],
55,クロスアンジュ 天使と竜の輪舞〈ロンド〉,Cross Ange: Rondo of Angel and Dragon,CROSS ANGE Rondo of Angel and Dragon,Cross Ange Tenshi to Ryuu no Rondo,CROSS ANGE Rondo of Angel and Dragon,['TV'],25,Finished Airing,"Oct 5, 2014 to Mar 29, 2015",['Fall 2014'],Sundays at 01:30 (JST),"['Starchild Records', 'Bandai Namco Live Creative', 'Bandai Namco Games', 'Docomo Anime Store', 'Fields', 'Bandai Channel']",['Sentai Filmworks'],['Sunrise'],Original,"['Action', 'Fantasy', 'Sci-Fi']",,,23 min. per ep.,R - 17+ (violence & profanity),7.38,#2445,#1200,"215,997","1,766",87911,"Angelise Ikaruga Misurugi is the first princess of the noble Misurugi Empire. The kingdom has seen great power and prosperity due to the advancement of the revolutionary technology known as ""Mana,"" an abstract bending of light that has reduced the world's problems of war and pollution to a timeless peace. However, not all are blessed with the ability to wield Mana. Those who cannot are labeled ""Norma,"" outcasts of society who are considered a threat to civilization and live under constant persecution, and Angelise herself is one of many who want the Norma exterminated. But as Angelise's sixteenth birthday commences, it is discovered in a shocking revelation that she is actually a Norma. Chaos ensues, the public is outraged, and the once adored princess is exiled to Arzenal: a remote military base where Normas are forced into conscription. Now, the former royal must adapt to a harsh and vastly different lifestyle; piloting mechanical robots known as ""Paramail"" to fend off large, devastating beasts referred to as DRAGONs. However, a sinister truth about these savage creatures threatens to change everything. [Written by MAL Rewrite]","['Adaptation (Manga) Cross Ange: Tenshi to Ryuu no Rondo', '']",Cross Ange: Tenshi to Ryuu no Rondo,"['Gore', 'Mecha', 'Military']",,,
56,ドラゴンボール改,Dragon Ball Z Kai: The Final Chapters,,,Dragon Ball Z Kai: The Final Chapters,['TV'],61,Finished Airing,"Apr 6, 2014 to Jun 28, 2015",['Spring 2014'],Sundays at 09:00 (JST),['Fuji TV'],['Funimation'],['Toei Animation'],['Manga'],"['Action', 'Adventure', 'Comedy', 'Fantasy']",['Martial Arts'],['Shounen'],23 min. per ep.,PG-13 - Teens 13 or older,7.71,#1261,#1263,"203,330",862,117037,Remastered version of the Majin Buu saga that adheres more to the manga's story.,"['Prequel (TV Special) Dragon Ball Kai: Mirai ni Heiwa wo! Goku no Tamashii yo Eien ni', 'Adaptation (Manga) Dragon Ball']",Dragon Ball Kai (2014),,"Dragonball Kai, DBK, DB Kai, DBZ Kai",,
57,ポケットモンスターXY,Pokémon the Series: XY,Pokémon Staffel XY,Pokémon Temporada XY,Pokémon Saision XY,['TV'],93,Finished Airing,"Oct 17, 2013 to Oct 22, 2015",['Fall 2013'],Thursdays at 19:00 (JST),['TV Tokyo'],['The Pokemon Company International'],['OLM'],Game,"['Action', 'Adventure', 'Comedy', 'Fantasy']",,['Kids'],23 min. per ep.,PG - Children,7.44,#2200,#1396,"182,349",637,112863,"Satoshi and Pikachu have arrived in Lumiose City of the illustrious Kalos region to capture more Pokémon and continue their journey toward becoming the very best. Meanwhile, a genius inventor named Citron and his little sister Eureka wander the city when they run into Satoshi who quickly challenges them to a battle. However, they are soon caught up in a dangerous incident when Team Rocket, following Satoshi into Kalos, cause a Gaburias to rampage through the city. Far away in the quiet Vaniville Town, a young girl named Serena slogs through daily Sihorn riding practice at the behest of her mother, a professional Sihorn racer. After practice, she sees the events unfolding in Miare City on television where she recognizes a boy from her childhood. Having left a significant impact on her life, the sight of him stirs in her a desire to meet him again; and so, Serena sets off to Miare City, determined to find the boy from her past. Pokemon XY follows the group as they travel throughout Kalos in pursuit of their ambitions—Satoshi challenging Pokémon gyms, Citron learning from Satoshi, and Serena searching for what exactly her dream is. Along the way, they meet new friends, face new rivals, and continue to thwart Team Rocket's schemes, all the while discovering a little about the mysteries of mega evolution. [Written by MAL Rewrite]","['Prequel (TV) Pokemon Best Wishes! Season 2: Decolora Adventure', 'Prequel (TV Special) Pokemon XY SP: Road to Kalos', 'Sequel (TV) Pokemon XY&Z', '']",Pokemon XY,,"Pocket Monsters XY, Pokémon XY",,
58,牙狼〈GARO〉-炎の刻印-,GARO: THE ANIMATION,Garo: The Animation,Garo: The Animation,Garo: The Animation,['TV'],24,Finished Airing,"Oct 4, 2014 to Mar 28, 2015",['Fall 2014'],Saturdays at 01:23 (JST),['Tohokushinsha Film Corporation'],['Funimation'],['MAPPA'],Original,"['Action', 'Fantasy']",,,24 min. per ep.,R - 17+ (violence & profanity),7.34,#2629,#1663,"148,064",446,52296,"In the name of the king, the Valiante Kingdom launched hunts to exterminate users of witchcraft. Seventeen years later, their pursuit is still growing in both size and brutality. Unbeknownst to the citizens, the targets of these witch hunts are the secret protectors of humanity. Known as the Makai Knights and Alchemists, they have a strong will to protect people from Horrors, demons who possess souls plagued by sadness and pain. One such Makai Knight is 17-year-old Leon Luis who inherits the legendary armor of the Golden Knight Garo from his mother. Though he possesses great power, he struggles to overcome the hatred he bears from his mother's death at the hands of the kingdom. His father German, known as Zoro the Shadow Cutting Knight, is still training Leon when he is called to investigate the upsurge of Horrors in the kingdom's capital. Although German knows Leon's will is wavering, he decides to bring Leon along to continue his training. As German and Leon head to the capital, the king's amiable son Alfonso San Valiante struggles to find a solution to the growing Horror threat. But before he can do so, he is double-crossed and banished from his own kingdom. To return home, Alfonso sets out to find the help and strength he needs to reclaim the throne. During his search, he comes across Leon, whose interactions with the prince will forever change both of their fates. [Written by MAL Rewrite]","['Sequel (Special) Garo: Honoo no Kokuin - Home', '']",Garo: Honoo no Kokuin,,Garo Project,,
59,弱虫ペダル GRANDE ROAD,,,Yowamushi Pedal Grande Road,,['TV'],24,Finished Airing,"Oct 7, 2014 to Mar 31, 2015",['Fall 2014'],Tuesdays at 01:35 (JST),"['TV Tokyo', 'MediaNet', 'TOHO animation', 'Akita Shoten']",['Discotek Media'],['TMS Entertainment'],['Manga'],,['Racing'],['Shounen'],23 min. per ep.,PG-13 - Teens 13 or older,8.05,#606,#1692,"144,631",499,81362,Second season of the Yowamushi Pedal series.,"['Prequel (TV) Yowamushi Pedal', 'Sequel (Movie) Yowamushi Pedal Movie', 'Adaptation (Manga) Yowamushi Pedal', '']",Yowamushi Pedal: Grande Road,,"Yowamushi Pedal 2nd Season, Yowapeda 2nd Season",['Sports'],
60,まじっく快斗1412,,,,,['TV'],24,Finished Airing,"Oct 4, 2014 to Mar 28, 2015",['Fall 2014'],Saturdays at 17:30 (JST),"['Aniplex', 'Yomiuri Telecasting', 'DAX Production']","None found,",['A-1 Pictures'],['Manga'],"['Adventure', 'Comedy', 'Romance']",,['Shounen'],24 min. per ep.,PG-13 - Teens 13 or older,7.86,#906,#1830,"129,678","1,124",59471,"Eight years after the mysterious death of his father, Kaito Kuroba, a slightly mischievous but otherwise ordinary teenager, discovers a shocking secret: the Phantom Thief Kaito Kid—also known as ""The Magician Under the Moonlight""—was none other than his own father. The former thief was murdered by a criminal organization seeking a mythical stone called the Pandora Gem, said to shed a tear with the passing of the Valley Comet that comes every ten thousand years. When the tear is consumed, the gem supposedly grants immortality. Vowing to bring those responsible for his father's death to justice, Kaito dons the Phantom Thief's disguise, stealing priceless jewels night after night to find the Pandora Gem before his enemies can use the power for themselves. [Written by MAL Rewrite]","['Adaptation (Manga) Magic Kaito', '']",Magic Kaito 1412,,Magic Kaito 2014,,
61,クレヨンしんちゃん,Shin Chan,Shin Chan,Shin Chan,,['TV'],Unknown,Currently Airing,"Apr 13, 1992 to ?",['Spring 1992'],Fridays at 19:30 (JST),['TV Asahi'],['Funimation'],['Shin-Ei Animation'],['Manga'],"['Comedy', 'Ecchi']",['School'],['Seinen'],21 min.,G - All Ages,7.80,#1028,#2400,"88,019","1,330",42174,"There is no such thing as an uneventful day in the life of kindergartener Shinnosuke ""Shin-chan"" Nohara. The five-year-old is a cut above the most troublesome, perverted, and shameless kid one can imagine. Shin-chan is almost always engaged in questionable activities such as forgetting about a friend during hide and seek, sumo wrestling for love, performing various gags including the notorious ""elephant"" in public, and flirting with college girls. The exemplary troublemaker has done it all and has no plans to stop anytime soon. Crayon Shin-chan follows the daily shenanigans of Shin-chan with his group of friends, parading around as the self-proclaimed ""Kasukabe Defense Force."" The adults witnessing these shenanigans unfold can't help but adore Shin-chan, as he keeps them entertained while unintentionally solving their daily troubles through his mindless antics—leaving himself as the only problem they do not know what to do with. [Written by MAL Rewrite]","['Adaptation (Manga) Crayon Shin-chan', '']",Crayon Shin-chan,,,,
62,遊☆戯☆王　アーク・ファイブ ARC-V,Yu-Gi-Oh! Arc-V,Yu-Gi-Oh! Arc-V,Yu-Gi-Oh! Arc-V,Yu-Gi-Oh! Arc-V,['TV'],148,Finished Airing,"Apr 6, 2014 to Mar 26, 2017",['Spring 2014'],Sundays at 17:30 (JST),"['TV Tokyo', 'Nihon Ad Systems', 'Marvelous AQL', 'Konami Cross Media NY']","None found,",['Gallop'],['Manga'],"['Action', 'Fantasy']",['Strategy Game'],['Shounen'],24 min. per ep.,PG-13 - Teens 13 or older,6.72,#5806,#2813,"68,026",502,35675,"Action Duels, which allow duelists to soar and swing alongside their Duel Monsters, are taking the world by storm. Due to an evolutionary breakthrough, the ""Solid Vision"" system is now able to provide Duel Monsters with mass. Yuuya Sakaki is Yuusho Sakaki's son, the latter being the founder of You Show Duel School in Miami City. Yuusho insists that duels are not a tool of war, but rather are to bring smiles to people and thus introduced the concept of Entertainment Dueling. However, at the height of his fame, Yuusho disappears and fails to attend his duel with Strong Ishijima, the Action Duel champion. Although scarred by this sudden leave, Yuuya vows to become an Entertainment Duelist like his father. Several years later, in the midst of a battle with Strong Ishijima, Yuuya's desperation to win brings forth a miracle. His pendant begins glowing, turning his cards into Pendulum Cards, which enables him to perform a Pendulum Summon—a summoning method unknown to the world and himself—gaining him fame overnight. As a result, Reiji Akaba, CEO of Leo Corporation and founder of the elite Leo Duel School, starts producing new Pendulum Cards to incorporate Pendulum Summoning into the system. Thus, the mysteries that surround Pendulum Summoning and Yuuya's father start to unravel, and Yuuya learns bit by bit what it takes to become an Entertainment Duelist. [Written by MAL Rewrite]","['Adaptation (One-shot) Yu☆Gi☆Oh! Arc-V', 'Adaptation (Manga) Yu☆Gi☆Oh! Arc-V']",Yu☆Gi☆Oh! Arc-V,,"Yugioh, Yuu Gi Ou! Arc-V, Yu-Gi-Oh! Arc Five, Yu-Gi-Oh! Arc-V",,
63,ガンダムビルドファイターズトライ,Gundam Build Fighters Try,,,,['TV'],25,Finished Airing,"Oct 8, 2014 to Apr 1, 2015",['Fall 2014'],Wednesdays at 18:00 (JST),"['TV Tokyo', 'Sotsu']",['Nozomi Entertainment'],['Sunrise'],Original,"['Action', 'Sci-Fi']",['Mecha'],,25 min. per ep.,G - All Ages,7.21,#3337,#3444,"46,690",114,26285,"The story of Gundam Build Fighters Try is set 7 years after the end of the 1st series. Now Seiho Academy's Gunpla Battle Club has only one member, Hoshino Fumina, who is a third grade student in junior high. As the president of the club, she needs two more members to participate in the upcoming All-Japan Gunpla Battle Championships. One day she encounters a transfer student named Kamiki Sekai, who has traveled around for Kenpo training with his master. Then joining by a young Gunpla builder Kousaka Yuuma, their challenge to the Gunpla Battle begins.... (Source: Crunchyroll)","['Prequel (ONA) Gundam Build Fighters: GM no Gyakushuu', 'Sequel (TV Special) Gundam Build Fighters Try: Island Wars']",Gundam Build Fighters Try,,,,
64,アイカツ！アイドルカツドウ！,,,,,['TV'],178,Finished Airing,"Oct 8, 2012 to Mar 31, 2016",['Fall 2012'],Thursdays at 18:30 (JST),"['TV Tokyo', 'Bandai Visual', 'Dentsu']","None found,","['Sunrise', 'Bandai Namco Pictures']",Original,,,,24 min. per ep.,PG - Children,7.47,#2054,#3497,"45,709",918,15211,"An idol's brilliance illuminates the dreams of humanity. Starlight Academy, a holy ground for celebrities in training, seeks to realize this belief. Behind its rigorous entrance requirements lie not only the top young stars in the entertainment business, but some of the best memories these students will ever have. Or so Aoi Kiriya believes. Alongside her best friend Ichigo, Aoi decides to apply for the prestigious private school in hopes of living up to the praise of the biggest idol in the world: Mizuki Kanzaki. As they journey through the numerous laughs, friendships, and heartbreaks that await them, can the two girls light up the lives of others as Mizuki has done for them? Whether it be chopping down Christmas trees, traversing obstacle courses, or even rock climbing, there's always a playful new adventure to be found in the world of Aikatsu!. [Written by MAL Rewrite]","['Sequel (Movie) Aikatsu!: Nerawareta Mahou no Aikatsu! Card', '']",Aikatsu!,"['Idols (Female)', 'Music', 'School']","Aikatsu! Idol Katsudou! Idol ga Tsudou!, Aidoru ga Tsudou!, Aikatsu! 2, Idol ga Tsudou! 2",['Slice of Life'],
65,妖怪ウォッチ,Yo-kai Watch,Yo-Kai Watch,Yo-Kai Watch,Yo-Kai Watch,['TV'],214,Finished Airing,"Jan 8, 2014 to Mar 30, 2018",['Winter 2014'],Fridays at 18:30 (JST),"['TV Tokyo', 'Dentsu']",['Dentsu Entertainment USA'],['OLM'],Game,"['Comedy', 'Supernatural']",['Mythology'],['Kids'],23 min. per ep.,G - All Ages,6.68,#6014,#3993,"35,140",270,16270,"Primary school student Keita Amano's curiosity is as innocent as any other child's his age. But when one day he decides to venture deeper into the forest, he encounters a small and mysterious capsule. Out from its depths comes Whisper. After 190 years of imprisonment, this ghost-like creature is glad that someone has been kind enough to set him free. He decides to reward Keita by becoming his guardian against supernatural forces. Whisper is one of many Youkai that exist in the world, and provides Keita with a special Youkai Watch, which enables him to see and interact with all the other Youkai. Youkai Watch follows Keita, Whisper and the cat spirit Jibanyan as they encounter Youkai, befriend them, fix all the trouble that they so often cause, and, with the help of the watch, use the powers of previously encountered Youkai to aid them. Young Keita may have been just an ordinary primary school student when he first encountered the Youkai, but the many adventures that follow his discovery provide him with invaluable experiences and precious life lessons that help him grow.","['Sequel (TV) Youkai Watch!', 'Adaptation (Manga) Youkai Watch']",Youkai Watch,,Yokai Watch,,
66,ガンダム Gのレコンギスタ,Gundam Reconguista in G,Gundam Reconguista in G,Gundam Reconguista in G,Gundam Reconguista in G,['TV'],26,Finished Airing,"Oct 3, 2014 to Mar 27, 2015",['Fall 2014'],Fridays at 01:44 (JST),"['Sotsu', 'Mainichi Broadcasting System', 'Tohokushinsha Film Corporation']",['Nozomi Entertainment'],['Sunrise'],Original,"['Action', 'Sci-Fi']",,,24 min. per ep.,PG-13 - Teens 13 or older,5.80,#10969,#4097,"33,541",66,13490,"In the year Regild Century 1014, an entire millennium has passed since the end of the fabled Universal Century, where legends like Amuro Ray and Char Aznable ruled the battlefield as ace mobile suit pilots. The Earth's surface that was once hotly contested is now mostly abandoned, with humanity preferring to live in space colonies and the surface of the moon. Capital Guard Academy student Bellri Zenam lives a peaceful academic life, but his normal days are brought to an end with the capture of pirate pilot Aida Surugan and her mobile suit G-Self. Bellri feels a strong mental connection with the G-Self and discovers that he is able to pilot it. He soon finds himself in contention with the ""Capital Guard,"" a radical faction that follows its own secret agenda despite the wishes of the Amerian Army, who still hold power on Earth. Joining the crew of the Amerian spaceship Megafauna, Bellri and Aida must pilot the G-Self to victory against the Capital Guard and its leaders, the charismatic Colonel Kunpa Rushita and the enigmatic Captain Mask. [Written by MAL Rewrite]","['Adaptation (Manga) Gundam: G no Reconguista', '']",Gundam: G no Reconguista,"['Mecha', 'Space']",G-Reco,,
67,山賊の娘ローニャ,Ronja the Robber's Daughter,,Ronja: La hija del Bandolero,"Ronja, Fille de Brigand",['TV'],26,Finished Airing,"Oct 11, 2014 to Mar 28, 2015",['Fall 2014'],Unknown,"['NHK', 'Dwango']",['GKIDS'],"['Studio Ghibli', 'Polygon Pictures']",Book,,,,25 min. per ep.,PG - Children,7.06,#4099,#4177,"32,026",83,7428,"The story is about a girl named Ronja who is the daughter of a chief from a tribe of bandits, she lives in a huge castle inside the forest with the bandits. The story follows Ronja as she encounters mystical creatures, making friends with another young child such as herself and experiencing what it is like to live in the forest.",[],Sanzoku no Musume Ronja,,"Sanzoku no Musume Ronia, Ronja Rövardotter",['Adventure'],
68,プリパラ,,,,,['TV'],140,Finished Airing,"Jul 5, 2014 to Mar 28, 2017",['Summer 2014'],Tuesdays at 17:55 (JST),['TV Tokyo'],"None found,","['Tatsunoko Production', 'Dongwoo A&E']",Game,,,,23 min. per ep.,PG - Children,7.52,#1903,#4812,"23,383",461,6947,"Every little girl waits for the day she'll get her special ticket, one that will grant her entry into the world of PriPara (Prism Paradise). PriPara is a world of music, fashion, and daily auditions for a chance to become a pop idol. Laala Manaka's friends and classmates aspire to become idols, but her school forbids elementary school students from participating in the idol competitions. Luckily, Laala is only interested in watching the idol shows. Yet somehow despite all this, she manages to bumble her way into the PriPara world, and debut as a fresh new talent. After being told all her life that she's too loud, Laala has finally found a place where she can be as loud as she wants and sing from her heart. And not only that, but there's a possibility that she might be the legendary Prism Voice. Adventure, fashion, and music awaits as Laala climbs her way to the top, on her way to become the cutest and most beloved pop idol in the world of PriPara!","['Sequel (TV) Idol Time PriPara', '']",PriPara,"['Idols (Female)', 'Music', 'School']","Puri Para, Pri Para, PuriPara, Prism Paradise",['Slice of Life'],
69,ドラえもん (2005),,,,,['TV'],Unknown,Currently Airing,"Apr 22, 2005 to ?",['Spring 2005'],Fridays at 19:00 (JST),['TV Asahi'],"None found,",['Shin-Ei Animation'],['Manga'],"['Comedy', 'Sci-Fi']",['Anthropomorphic'],,25 min.,PG - Children,7.72,#1247,#5000,"21,405",239,9584,"Doraemon (2005) is the most recent anime series based on Fujiko Fujio's manga of the same name. It is the 2005 version of 1979 series, with certain changes in the animation and other things. Doraemon is a cat-like robot who appears in the present to steer Nobita/Noby, who is a dumb, naive and clumsy boy on the right path in order to secure his future. Nobita's love interest is Shizuka Minamoto/Sue, his frenemies are Takeshi Goda/Big G and Suneo/Sneech. (Source: Wikipedia)","['Prequel (TV) Doraemon (1979)', 'Adaptation (Manga) Doraemon']",Doraemon (2005),,,,"['Kids', 'Shounen']"
70,カードファイト!! ヴァンガードG,Cardfight!! Vanguard G,,,,['TV'],48,Finished Airing,"Oct 26, 2014 to Oct 4, 2015",['Fall 2014'],Sundays at 10:00 (JST),"['TV Tokyo', 'Dentsu', 'Sotsu', 'Bushiroad']","None found,",['TMS Entertainment'],Card game,,['Strategy Game'],,24 min. per ep.,PG-13 - Teens 13 or older,6.53,#6882,#5465,"17,065",50,8532,"Taking place after a three-year time skip, the series will follow Shindou Kurono, Kiba Shion, and Anjou Tokoha as the new protagonists of G. Kurono uses the never-before-seen clan Gear Chronicle, which brings together the destinies of these three toward an ""impossible future, an impossible self signifying 'Generation.'"" (Source: vanguardus.blogspot.com, edited)","['Prequel (TV) Cardfight!! Vanguard: Legion Mate-hen', 'Sequel (TV) Cardfight!! Vanguard G: GIRS Crisis-hen', 'Adaptation (Manga) Cardfight!! Vanguard G: Stride Generation', '']",Cardfight!! Vanguard G,,,['Action'],
71,ぐでたま,The Lazy Egg,,,,['TV'],1717,Finished Airing,"Mar 31, 2014 to Dec 24, 2023",['Spring 2014'],Not scheduled once per week,['Sanrio'],"None found,",['Gathering'],Original,"['Comedy', 'Gourmet']",,['Kids'],1 min. per ep.,G - All Ages,6.62,#6397,#5996,"13,397",60,2721,"Gudetama, an egg that is dead to the world and completely lacks motivation. No matter what cooking method you use, Gudetama remains unmoved. (Source: ANN)",[],Gudetama,,,,
72,レディ ジュエルペット,,,,,['TV'],52,Finished Airing,"Apr 5, 2014 to Mar 28, 2015",['Spring 2014'],Unknown,"['TV Tokyo', 'Sotsu', 'MediaNet', 'Sanrio', 'Miracle Bus']","None found,","['Studio Comet', 'Zexcs']",Original,"['Fantasy', 'Romance']",,,25 min. per ep.,PG - Children,7.46,#2124,#6169,"12,436",104,4056,"Momona is an ordinary junior-high school student hailing from Jewel Land. At her cousin's wedding, she envies the bride, Lady Diana, due to the fact that she is marrying the cousin who she had a slight crush on. However, once she sees Lady Diana and her cousin together, Momona begins to like her, and accepts her as her cousin's bride. Just as Lady Diana is about to properly meet her and introduce herself, Momona is transported to a snowy place in Jewel Land where the ruler, Lady Jewel, is giving a speech to the Petit Ladies, girls who are chosen as Jewel Candidates to be the next Lady Jewel. Momona meets her partner and mentor, Ruby, a white rabbit, who will guide her through the tasks in becoming Lady Jewel. Whoever passes the most tasks wins and becomes the next Lady Jewel, but standing in her way is Lillian, a girl who also aims to win the title of Lady Jewel, so she can choose her brother, Cayenne, to be her King alongside her. Momona soon also begins to fall in love with Cayenne, yet Lillian doesn't want her to get too close to him. Cayenne also seems to harbor feelings for Momona, but who will be chosen in the end as Lady Jewel to decide it all? And will Momona and Lillian ever become true friends and will Cayenne and Momona ever be together? (Source: Wikipedia)","['Adaptation (Manga) Lady Jewelpet', '']",Lady Jewelpet,"['Anthropomorphic', 'Mahou Shoujo']",,,
73,フューチャーカード バディファイト,Future Card Buddyfight,,,,['TV'],64,Finished Airing,"Jan 4, 2014 to Apr 4, 2015",['Winter 2014'],Saturdays at 08:00 (JST),['Bushiroad'],"None found,","['Xebec', 'OLM']",Card game,,['Strategy Game'],,24 min. per ep.,PG - Children,6.73,#5740,#6278,"11,886",53,5574,"An adaptation of the Future Card Buddyfight card game. Future Card Buddyfight takes place in a more futuristic version of today. The card game connects to a parallel universe through special cards (Buddy Rare Cards) that act as portals. They bring monsters to Earth in order for them to become buddies with humans. Through friendship and courage, they take on and fight challenges, known as Buddyfights, where people of all ages have friendly non-hurtful competitions. The main character, Gaou Mikado has just started Buddyfighting. As the story progresses, Buddyfights are seeming to become a little too real...","['Sequel (TV) Future Card Buddyfight Hundred', 'Adaptation (Manga) Future Card Buddyfight']",Future Card Buddyfight,,,,
74,ふるさと再生 日本の昔ばなし,Folktales from Japan,Folktales from Japan,Historias Tradicionales Japonesas para la Reconstrucción de los Pueblos,Folktales from Japan,['TV'],258,Finished Airing,"Apr 1, 2012 to Mar 26, 2017",['Spring 2012'],Sundays at 09:00 (JST),"['TV Tokyo', 'Sony Music Entertainment', 'Peter Pan Creation']","None found,",['Tomason'],Other,,['Historical'],['Kids'],24 min. per ep.,G - All Ages,6.93,#4666,#6444,"11,151",26,2789,"Like in any culture, Japanese kids grow up listening to the stories repeatedly told by their parents and grandparents. The boy born from a peach; the princess from the moon who is discovered inside a bamboo; the old man who can make a dead cherry tree blossom, etc. These short stories that teach kids to see both the dark and bright sides of life have passed traditional moral values from generation to generation. Each half-hour episode of Folktales from Japan consists of three self-contained stories, well-known and unknown, with a special focus on heartwarming stories that originate from Tohoku, the northern region heavily touched by the earthquake of 2011. May this program help cheer up earthquake victims and cast a light of hope for them? (Source: Crunchyroll)","['Sequel (TV) Furusato Meguri: Nippon no Mukashibanashi', '']",Furusato Saisei: Nippon no Mukashibanashi,,Hometown Rebuilding: Folktales from Japan,['Supernatural'],
75,マジンボーン,,,,,['TV'],52,Finished Airing,"Apr 1, 2014 to Mar 31, 2015",['Spring 2014'],Unknown,"None found,","None found,",['Toei Animation'],Game,,['Strategy Game'],,22 min. per ep.,PG-13 - Teens 13 or older,6.63,#6323,#6725,"10,123",34,3917,"Anime adaptation of Majin Bone, a digital card game project. Majin, the creator of the Universe, has been resurrected in the present day. Shougo Ryuujin, an ordinary high school student who transforms into the Bone Fighter Dragonbone with the Bone Card in order to save Earth. Together, with the other White Bone warriors take a stand against the Dark Bone, a foe that has appeared from darkness to devastate Earth. However, ""could the true enemy be ourselves?"" (Source: ANN)","['Adaptation (Manga) Majin Bone', '']",Majin Bone,,,,
76,ディスク・ウォーズ：アベンジャーズ,,,,,['TV'],51,Finished Airing,"Apr 2, 2014 to Mar 25, 2015",['Spring 2014'],Wednesdays at 18:30 (JST),['TV Tokyo'],['Marvel Entertainment'],['Toei Animation'],Other,,['Super Power'],['Kids'],22 min. per ep.,PG - Children,5.84,#10748,#7026,"9,096",24,2874,"The story will revolve around how the Avengers—Iron Man, Captain America, Thor, and the Hulk together with the help of Spider-Man and a group of teens—will harness their respective fighting skills and superhuman powers to foil Loki's scheme to take over the world. Marvel Disk Wars: The Avengers will target boys in the 6-12 age group. (Source: Marvel)",[],Marvel Disk Wars: The Avengers,,,['Action'],
77,サザエさん,Mrs. Sazae,,,,['TV'],Unknown,Currently Airing,"Oct 5, 1969 to ?",['Fall 1969'],Sundays at 18:30 (JST),['Fuji TV'],"None found,",['Eiken'],['4-koma manga'],"['Comedy', 'Slice of Life']",,,24 min.,G - All Ages,6.14,#9128,#7128,"8,794",39,1934,"The main character is a mother named Sazae-san. She lives in a house with her husband, her kids and her parents. The show is the ultimate family program and tends to follow traditional themes. Think of this show as the Japanese equivalent to ""The Partridge Family"" and you'll get a good feel for this show's atmosphere. Don't expect to see things like violence, swearing, kung-fu action or magical girls. The plots are more like ""Today, Sazae-san goes to the new mall and gets lost"". Such ""boring"" plotlines and the simplistic art are often a turn-off to non-Japanese audiences, but most Japanese find the show incredibly good. As a result, it continues to be one of the top ratings grabbers on TV and is one of the few anime that is considered ""acceptable"" by adults. (Source: AniDB)","['Adaptation (Manga) Sazae-san', '']",Sazae-san,,,,
78,忍たま乱太郎,,,El Ninja Boy Rantaró,,['TV'],Unknown,Currently Airing,"Apr 10, 1993 to ?",['Spring 1993'],Not scheduled once per week,"['NHK', 'Sogo Vision', 'NHK Enterprises']","None found,","['Ajia-do', 'Gakken']",['Manga'],,,['Kids'],10 min.,G - All Ages,7.08,#4016,#7387,"8,012",77,2550,"Taking place in the Sengoku Period, Rantarou, Kirimaru and Shinbei are young students at Ninjutsu Academy, a school that teaches all kinds of youth how to become ninjas. Known as ""Nintamas"" (a contraction of ninja + tama [egg]), the main trio, and many other students at the school, must learn all sorts of unique skills to achieve their goal. Unfortunately, things aren't that simple, since our protagonists constantly find themselves failing their classes. With strict ninja teachers such as Doi-sensei and Yamada-sensei, the mischievous girls from the Kunoichi class, an entire crew of pirates and dozens more interesting characters, anything can happen in the crazy world of Nintama. The episodes are 7 minutes and thirty seconds long each, and each season (which there's currently 29 of) usually has a range of 60-90 episodes.","['Adaptation (Manga) Rakudai Ninja Rantarou', '']",Nintama Rantarou,,"Ninja Boy Rantaro, Rakudaii Nintama Rantarou",['Comedy'],
79,ちびまる子ちゃん,Little Miss Maruko,,Chibi Maruko-chan,,['TV'],Unknown,Currently Airing,"Jan 8, 1995 to ?",['Winter 1995'],Sundays at 18:00 (JST),"['Ajia-do', 'Fuji TV', 'Sakura Production']","None found,",['Nippon Animation'],['Manga'],,['School'],['Shoujo'],23 min.,G - All Ages,7.34,#2628,#7920,"6,761",62,2180,"Momoko Sakura is an elementary school student who likes popular idol Momoe Yamaguchi and mangas. She is often called ""Chibi Maruko-chan"" due to her young age and small size. She lives together with her parents, her grandparents and her elder sister in a little town. In school, she has many friends with whom she studies and plays together everyday, including her close pal, Tama-chan; the student committee members, Maruo-kun and Migiwa-san; and the B-class trio: 'little master' Hanawa-kun, Hamaji-Bu Taro and Sekiguchi-kun. This is a fun-loving and enjoyable anime that portrays the simple things in life. (Source: ANN)","['Prequel (TV) Chibi Maruko-chan', 'Adaptation (Manga) Chibi Maruko-chan']",Chibi Maruko-chan (1995),,Maruko-chan,['Comedy'],
80,ドラゴンコレクション,,,,,['TV'],51,Finished Airing,"Apr 7, 2014 to Mar 30, 2015",['Spring 2014'],Mondays at 08:15 (JST),['Konami'],"None found,",['OLM'],Card game,,['Isekai'],,11 min. per ep.,PG-13 - Teens 13 or older,6.15,#9088,#8398,"5,858",7,2158,"Through an unexpected turn of events, an ordinary elementary school student, Hiro Enryuu, finds himself in the world of the ""Dragon Collection"" game. This is a world called Dragon Earth, where gods, humans, and monsters exist side by side. Those who roam this world using a magic book, called a Grimoire, and cards to summon monsters and search for treasures that bear the powers of dragons are called Dracolle Battlers. Despite his bewilderment, Hiro becomes a Dracolle Battler and, together with the friends he meets there, begins his adventure to become a legendary Dragon Master! (Source: Crunchyroll)","['Adaptation (Manga) Dragon Collection: Ryuu wo Suberumono', '']",Dragon Collection,,,['Fantasy'],
81,テンカイナイト,Tenkai Knights,Tenkai Knights: Die Tenkai Ritter,Tenkai Knights: Caballeros Tenkai,Tenkai Knights: Les Chevaliers Tenkai,['TV'],52,Finished Airing,"Apr 5, 2014 to Mar 28, 2015",['Spring 2014'],Unknown,"None found,","None found,",['Bones'],Original,"['Action', 'Adventure', 'Comedy', 'Sci-Fi']",,['Kids'],24 min. per ep.,G - All Ages,6.45,#7428,#8411,"5,847",34,2589,"Eons ago, a cube–like peaceful planet named Quarton, populated by shape–shifting living bricks called Tenkai, was ravaged by a war between two opposite factions: the Corekai and the Corrupted led by the ruthless warlord Vilius who desired to obtain the source of Tenkai Energy for his own purposes. However, the only ones who were strong enough to defeat him were the Tenkai Knights: Bravenwolf, Tributon, Valorn and Lydendor. Facing defeat, Vilius unleashed the mighty Tenkai Dragon, who was later defeated by the four Knights and its fragments were scattered across the planet. These heroes were never seen again, but the Corrupted have returned more powerful than ever. Now on planet Earth in the year 2034, four teenage humans named Guren, Ceylan, Toxsa, and Chooki find an interdimensional portal to Quarton where they are chosen by the Guardians to become the new generation of Tenkai Knights and prevent Vilius to take control of both worlds. (Source: Wikipedia)",[],Tenkai Knights,"['Mecha', 'Super Power']",,,
82,トライブクルクル,,,,,['TV'],50,Finished Airing,"Sep 28, 2014 to Oct 4, 2015",['Fall 2014'],Sundays at 07:00 (JST),"['Asatsu DK', 'Bandai', 'Bandai Namco Games', 'Bandai Namco Entertainment', 'Avex Pictures', 'Nagoya Broadcasting Network']",['Sentai Filmworks'],"['Sunrise', 'Bandai Namco Pictures']",Original,,,,20 min. per ep.,PG - Children,6.88,#4939,#8658,"5,445",34,2211,"Haneru Tobitatsu is a hyperactive middle schooler with a passion for dancing. Inspired by his idol Jey El, the hottest star in the world of dancing, Haneru practices outside Memorial Hall every day after school. Unbeknownst to him, his ""secret"" practice sessions are being watched by Kanon Otosaki—her true identity being the famous online dancer, Rhythm—who also frequents the same location for practice. When Haneru finds out about this, he shows an immediate interest in teaming up with her. Slowly realizing the joy of performing with others, the duo makes their way into the world of street dancing, where they meet Kumonosuke, Mizuki, and Yuzuru, ultimately forming the dance group ""Tribe Cool Crew."" As they face off against tough competition, they strive to one day realize their dream of sharing the stage with Jey El. [Written by MAL Rewrite]",[],Tribe Cool Crew,"['Music', 'Performing Arts', 'School']",,['Sports'],
83,それいけ！アンパンマン,,,,,['TV'],Unknown,Currently Airing,"Oct 3, 1988 to ?",['Fall 1988'],Fridays at 16:20 (JST),"['Sotsu', 'Nippon Television Network']","None found,",['TMS Entertainment'],Picture book,"['Comedy', 'Fantasy']",,['Kids'],24 min.,PG - Children,6.58,#6588,#9185,"4,604",31,1736,"One night, a Star of Life falls down the chimney of a bakery nestled deep in the forest, causing the dough in the oven to come to life. The dough becomes Anpanman, a superhero made of anpan (a sweet roll with bean jam filling). Together with his friends, Anpanman fights his rival Baikinman and helps the malnourished. (Source: ANN)",[],Sore Ike! Anpanman,,"Soreike! Anpanman, Go! Anpanman, Anpanman TV",,
84,忍者ハットリくん （2012年版）,,,,,['TV'],52,Finished Airing,"May 13, 2012 to Feb 16, 2015",['Spring 2012'],Not scheduled once per week,['TV Asahi'],"None found,",['Shin-Ei Animation'],['Manga'],,,,24 min. per ep.,G - All Ages,6.70,#5888,#10333,"3,181",1,1773,Remake of the Ninja Hattori-kun series.,"['Adaptation (Manga) Ninja Hattori-kun', '']",Ninja Hattori-kun (2012),,,['Comedy'],
85,ヒーローバンク,Herobank,,,,['TV'],51,Finished Airing,"Apr 7, 2014 to Mar 30, 2015",['Spring 2014'],Unknown,"['Tokyo Movie Shinsha', 'Sega', 'TMS Music']","None found,",['TMS Entertainment'],Game,,['Strategy Game'],['Kids'],23 min. per ep.,PG - Children,5.97,#10051,#10486,"3,057",10,924,"In Big Money City, players participate in ""Hero Battles"" using Bankfon Gs, which allows them to rent powerful hero suits and fight battles against other players, receiving power boosts from the system's public domain feature. Kaito Goushou, a young elementary school student who is always eager to help others, ends up hastily signing a contract to rent the powerful unlisted hero suit, ""Enter the Gold,"" from a mysteriously seedy priest named Sennen; however, he soon learns that the suit comes with a debt of 10 billion yen, and Kaito must now clear his dues by winning Hero Battles. (Source: Wikipedia)",[],Hero Bank,,,,
86,パックワールド,,"Pac-Man und die Geisterabenteuer - Das Abenteuer beginnt, Teil 1 + 2",,,['TV'],52,Finished Airing,"Apr 5, 2014 to Apr 25, 2015",['Spring 2014'],Saturdays at 18:30 (JST),['Bandai Namco Entertainment'],"None found,","['OLM Digital', 'Sprite Animation Studios']",Game,"['Adventure', 'Comedy', 'Sci-Fi']",,,25 min. per ep.,PG - Children,5.48,#12192,#10538,"3,003",7,1465,"We follow the daily events of Pac as he saves Pac-World. Together with his friends Cyli and Spiral, Pac and his buds face the issues of being teenagers while also protecting Pac-World from a ghostly army led by the evil Betrayus. Pac-Worlders do not want Betrayus and his ghostly minions returning from the Netherworld and wreaking havoc. So, President Spheros teaches Pac and his pals the legend prophesizing a round yellow Pac-Worlder rescuing the planet. Pac, the only round yellow citizen, is the man for the job. Each adventure follows Pac and his friends as they try to return the ghosts to Netherworld, saving Pac-World. (Source: AniDB)",[],Pac-World,,PAC-MAN and the Ghostly Adventures,,
87,オレカバトル,,,,,['TV'],51,Finished Airing,"Apr 7, 2014 to Mar 30, 2015",['Spring 2014'],Mondays at 18:00 (JST),"None found,","None found,","['Xebec', 'OLM']",Game,,['Strategy Game'],,11 min. per ep.,G - All Ages,5.91,#10404,#10896,"2,702",3,868,"The anime adaptation revolves around a young boy named Faiya Orega who loves Oreca competitions. One day, he is granted the power to summon real Oreca monsters due to the mysterious powers of the treasure chest Pandora. To protect the peace of the Oreca world, Faiya must fight the demon king who threatens the land. (Source: Crunchyroll)",[],Oreca Battle,,,,
88,おじゃる丸,Prince Mackaroo,,,,['TV'],Unknown,Currently Airing,"Oct 5, 1998 to ?",['Fall 1998'],Not scheduled once per week,['NHK'],['Enoki Films'],['Gallop'],Original,"['Adventure', 'Award Winning', 'Comedy', 'Fantasy']",,['Kids'],10 min.,G - All Ages,6.39,#7751,#11554,"2,223",5,553,"In the Heian era, around 1000 years ago, a young boy of noble family named Ojarumaru is bored with his life of privilege. Meanwhile, three demons steal the power-stick of Enma, king of demons, and then lose it. Ojarumaru finds it, and uses it to transport himself to the present time. Here, he is befriended by a young boy named Kazuma, and becomes a member of his family. As time goes on, Ojarumaru makes many new friends, while dodging the comedic efforts of the three demons, Akane, Kisuke, and Aobee, as they try to recover the stick. (from ANN)","['Adaptation (Manga) Ojarumaru', '']",Ojarumaru,,,,
89,牙狼〈GARO〉-炎の刻印- ゆるがろ,,,,,['TV'],23,Finished Airing,"Oct 17, 2014 to Feb 28, 2015",['Fall 2014'],Unknown,['Pony Canyon'],"None found,",['DLE'],Original,"['Comedy', 'Fantasy']",['Parody'],,1 min. per ep.,PG - Children,5.52,#12040,#11914,"1,995",0,371,Comedic omake specials that aired after Garo: Honoo no Kokuin.,[],Garo: Honoo no Kokuin - Yurugaro,,"Garo the Animation Specials, Garo Omake",,
90,デュエル・マスターズ VS,,,,,['TV'],49,Finished Airing,"Apr 5, 2014 to Mar 28, 2015",['Spring 2014'],Unknown,"None found,","None found,",['Ascension'],Original,"['Action', 'Adventure', 'Comedy', 'Fantasy']",,['Kids'],24 min. per ep.,PG-13 - Teens 13 or older,5.79,#10980,#12632,"1,581",1,330,"The most anticipated card game, Duel Masters had returned after 2 years since the battle in the past season. However, Katta Kirifuda once the strongest duelist, is now a year 2 middle school student and had lost his passion of dueling throughout the 2 years, and dreams of curry bread every day. However, after an encounter with the baseball ace, Hokaben, a mysterious duelist and a reunion with his childhood friend Lulu Takigawa, he rekindled his dueling spirit and return to his journey of becoming the strongest duelist. With new friends and rivals and Katta's passionate duelist soul, the greatest battle begins! (Source: Duel Masters Wikia)","['Prequel (TV) Duel Masters Victory V3', 'Sequel (TV) Duel Masters VSR']",Duel Masters VS,,Duel Masters Versus,,
91,ナノ・インベーダーズ,,,,,['TV'],52,Finished Airing,"Oct 10, 2014 to Oct 4, 2015",['Fall 2014'],Sundays at 06:30 (JST),['TV Tokyo'],"None found,","None found,",Original,"['Action', 'Adventure']",['Super Power'],,24 min. per ep.,PG - Children,[],#20577,#13189,"1,337",2,,"Nano Invaders follows the eye-popping adventures of Hikaru, 11, who is dragged into a series of battles between two rival alien clans. One day Hikaru tries on a bracelet that belongs to his classmate Mimi and he turns into a monster. Mimi’s family is a special scouting unit from planet Anima. When alien invaders from a rival planet Damon attack the city, Hikaru joins force with Mimi’s family to fight back. The battle gets on the TV, making Hikaru and the aliens instant heroes. Simple-minded Hikaru is happy to see his dream come true, not knowing that Mimi’s family is plotting to take over the earth too! (Source: Mondo TV)",[],Nano Invaders,,Nami Shen Bing,,
92,紙兎ロペ 〜笑う朝には福来たるってマジっすか!?,,,,,['TV'],Unknown,Currently Airing,"Nov 16, 2012 to ?",['Fall 2012'],Not scheduled once per week,"None found,","None found,","None found,",Original,"['Comedy', 'Slice of Life']",,,2 min.,G - All Ages,[],#19286,#13297,"1,296",0,,"Fourth season of Kamiusagi Rope, events occur after the feature film. Airs on Mezamashi TV instead of the theaters.","['Prequel (Movie) Kamiusagi Rope tsuka, Natsuyasumi Rasuichi tte Maji ssuka!?', '']",Kamiusagi Rope: Warau Asa ni wa Fukuraitaru tte Maji ssuka!?,,Kamiusagi Rope 4,,
93,라바 인 뉴욕,Larva 3,Larva Staffel 3,Larva Temporada 3,Larva Saison 3,['TV'],104,Finished Airing,"Aug 4, 2014 to Dec 7, 2015",['Summer 2014'],Unknown,['TUBA'],"None found,","None found,",Original,,,,2 min. per ep.,G - All Ages,6.42,#7592,#13372,"1,271",3,729,Third season of Larva.,"['Prequel (TV) Larva 2nd Season', 'Sequel (ONA) Larva Island']",Larva 3rd Season,,Larva in New York,['Comedy'],
94,団地ともお,,,,,['TV'],78,Finished Airing,"Apr 6, 2013 to Feb 7, 2015",['Spring 2013'],Saturdays at 09:30 (JST),"['NHK', 'Shogakukan Music & Digital Entertainment']","None found,","None found,",['Manga'],,,['Seinen'],24 min. per ep.,G - All Ages,6.14,#9158,#13734,"1,153",1,184,It's a heartwarming and sometimes nonsense comedy about an elementary school boy Tomoo Kinoshita.,"['Adaptation (Manga) Danchi Tomoo', '']",Danchi Tomoo,,,['Comedy'],
95,はなかっぱ,,,,,['TV'],Unknown,Currently Airing,"Mar 29, 2010 to ?",['Spring 2010'],Not scheduled once per week,"['Group TAC', 'TOHO animation']","None found,","['Xebec', 'OLM']",Picture book,,,['Kids'],10 min.,PG - Children,6.00,#9917,#14255,"1,003",0,171,Story about Kappa with flowers on their heads.,[],Hanakappa,,Hana Kappa,['Comedy'],
96,しあわせ配達おみくじタネコ,,,,,['TV'],Unknown,Currently Airing,"Mar 26, 2011 to ?",['Spring 2011'],Not scheduled once per week,"None found,","None found,",['Kachidoki Studio'],Original,,,,Unknown,None,[],#14196,#14341,980,4,,"The story centers around a cat who answers people's wishes and delivers happiness. (""Tane"" and ""neko"" are the Japanese words for ""seed"" and ""cat,"" respectively.) (Source: ANN)",[],Shiawase Haitatsu Taneko,,,['Comedy'],
97,侠岚,,,,,['TV'],156,Finished Airing,"Jan 29, 2012 to Jul 15, 2016",['Winter 2012'],Sundays at Unknown,"None found,","None found,",['Rocen'],Original,"['Action', 'Adventure', 'Drama', 'Fantasy', 'Supernatural']",,,25 min. per ep.,PG-13 - Teens 13 or older,6.05,#9661,#14671,892,2,172,"When Nian Chi was a young child, his elder sister was kidnapped in front of him, while he could do nothing but watch, a thing that has tormented him for all these years. Now 10 years later, he's dead set on going to rescue his sister, and sets out.","['Sequel (ONA) Hua Jianghu: Xia Lan', '']",Xia Lan,"['Historical', 'Martial Arts']","Man Lan, Shalen",,
98,GO-GO たまごっち！,,,,,['TV'],50,Finished Airing,"Apr 3, 2014 to Mar 26, 2015",['Spring 2014'],Unknown,"None found,","None found,",['OLM'],Unknown,"['Comedy', 'Fantasy']",,['Kids'],24 min. per ep.,G - All Ages,6.15,#9093,#14891,837,3,173,New series of Tamagotchi!.,"['Prequel (TV) Tamagotchi! Miracle Friends', 'Sequel (TV) Tamagotchi! Tamatomo Daishuu GO']",GO-GO Tamagotchi!,,,,
99,くつだる。,,,,,['TV'],48,Finished Airing,"Apr 2, 2014 to Sep 16, 2015",['Spring 2014'],Wednesdays at 18:45 (JST),['NHK'],"None found,",['Egg'],['Manga'],"['Fantasy', 'Slice of Life']",['School'],['Kids'],9 min. per ep.,PG - Children,[],#19684,#15081,795,1,,"In a Tokyo suburb small town, there lives a girl named Nekota Kaoru. Being born into a normal family, being raised in a normal way, this spring she'll become a normal happy middle-schooler. However, since young age, Nekota had an abnormal ability to see Imadoki youkai (Modern Monster). And she has kept it a secret from others...",[],KutsuDaru.,,Kutsushita ga Daru Daru ni Nacchau Wake: Imadoki Youkai Zukan,,
100,猫のダヤン,,,,,['TV'],52,Finished Airing,"Apr 26, 2014 to Apr 25, 2015",['Spring 2014'],Saturdays at 07:00 (JST),['Sotsu'],"None found,",['Kachidoki Studio'],Novel,,['Anthropomorphic'],['Kids'],3 min. per ep.,G - All Ages,[],#20610,#15161,774,0,,"Dayan the cat came to Wachi Field from the Earth through Snow magic. Wachi Field was originally part of the Earth, but separated by Snow God because of the War between Gods and Titans, which destroyed the land. After the war, the Earth's time flow faster than Wachi Field, which the life is slow with animals and fairies and full of mischief.","['Sequel (TV) Neko no Dayan: Nihon e Iku', '']",Neko no Dayan,,Dayan the Cat,['Fantasy'],
101,猫ピッチャー,,,,,['TV'],51,Finished Airing,"May 3, 2014 to Mar 29, 2016",['Spring 2014'],Tuesdays at 20:00 (JST),"None found,","None found,","None found,",['4-koma manga'],"['Comedy', 'Sports']",,['Kids'],2 min. per ep.,G - All Ages,6.05,#9693,#15179,767,1,210,A story about Cat pitcher Mi-Tarou's actions. It is a 23-koma that serialized in Yomiuri Shimbun Sunday.,"['Adaptation (Manga) Neko Pitcher', '']",Neko Pitcher,"['Anthropomorphic', 'Team Sports']",,,
102,しまじろうのわお!,,,,,['TV'],Unknown,Currently Airing,"Apr 2, 2012 to ?",['Spring 2012'],Mondays at 07:30 (JST),"None found,","None found,",['The Answer Studio'],Other,"['Adventure', 'Comedy', 'Fantasy']",,['Kids'],8 min.,G - All Ages,[],#14228,#15589,688,1,,Fourth season of the Shimajirou children's television series.,"['Prequel (TV) Shimajirou Hesoka', '']",Shimajirou no Wow!,,,,
103,超爆裂異次元メンコバトル ギガントシューター つかさ,Gigant Big-Shot Tsukasa,,,,['TV'],32,Finished Airing,"Apr 1, 2014 to Feb 10, 2015",['Spring 2014'],Unknown,"['NHK', 'Asmik Ace', 'Bushiroad', 'FOREST Hunting One']","None found,",['Fanworks'],Original,"['Action', 'Comedy']",['Strategy Game'],['Kids'],9 min. per ep.,PG-13 - Teens 13 or older,5.48,#12173,#15796,655,2,175,"The anime follows Tsukasa, whose dream is to become the best at Gigant Shooter (battles in a game similar to pog) in the world. The menko card his father left for him called King Menger is his partner. Tsukasa's fellow gamers are the cute but tsundere Koide Miruko, the spectacled bully Numata Manabu, and the realist and sharp-tongued Doumoto Ataru. (Source: ANN)",[],Choubakuretsu Ijigen Menko Battle: Gigant Shooter Tsukasa,,Gigant Shooter Tsukasa,,
104,秘密結社鷹の爪 EX,,,,,['TV'],38,Finished Airing,"Apr 11, 2014 to Mar 6, 2015",['Spring 2014'],Unknown,"None found,","None found,",['DLE'],Unknown,,,,5 min. per ep.,PG-13 - Teens 13 or older,5.83,#10802,#15949,633,0,122,Sequel to the previous season of the flash anime series.,"['Prequel (TV) Himitsukessha Taka no Tsume MAX', 'Sequel (TV) Himitsukessha Taka no Tsume DO']",Himitsukessha Taka no Tsume EX,"['Parody', 'Super Power']",Secret Society Eagle Talon Extreme,['Comedy'],
105,にゃん符,,,,,['TV'],124,Finished Airing,"Feb 22, 2014 to Sep 29, 2016",['Winter 2014'],Not scheduled once per week,"None found,","None found,",['MMDGP'],Original,,['Music'],,1 min. per ep.,G - All Ages,[],#20755,#16088,613,1,,"Shorts that feature music note cats. The series premiered on February 22, 2014 on television; the first episode was published on an official YouTube channel that same day. The whole world is in love with character illustrations of cats, dogs, and bears. A brand-new show, and the first of its kind in Japan, featuring nothing but cat characters for cat lovers started airing in February 2014. A variety of cat characters designed by Japan's topnotch creators and illustrators are animated and they are voiced by popular KAWAII (cute) anime voice actors. This show is a must-see not just for the fans of cat characters but for all anime lovers! (Source: YouTube)",[],Nyanfuru,,"Nyanfu, Nyanfull",['Comedy'],
106,鉄人28号ガオ!,,,,,['TV'],151,Finished Airing,"Apr 6, 2013 to Mar 26, 2016",['Spring 2013'],Saturdays at 04:52 (JST),['Fuji TV'],"None found,","['Eiken', 'TYO Animations']",['Manga'],,['Mecha'],,5 min. per ep.,G - All Ages,[],#14808,#16148,605,0,,"This series of anime shorts, roughly five minutes in length, will focus on protagonist Shoutarou Kaneda's everyday life instead of focusing on battle scenes as previous Tetsujin 28 titles have done. The visuals of the title robot, its nemesis Black Ox, and other elements will have a pop-art style. (Source: ANN)",[],Tetsujin 28-gou Gao!,,,['Slice of Life'],
107,안녕 자두야,Hello Jadoo,,,,['TV'],122,Finished Airing,"Jul 18, 2011 to Feb 1, 2016",['Summer 2011'],Not scheduled once per week,"None found,","None found,","None found,",Original,,,['Kids'],11 min. per ep.,PG - Children,6.16,#9060,#16106,610,3,160,"Hello Jadoo is a South-Korean TV show about a girl named Choi Jadoo who is a very free-spirited girl. In every episode, she would always get into drama, whether it was with her parents or school. At the same time, she meets new people and she tries to solve problems occurring.",[],Annyeong Jadoo,,Annyeong Jaduya,['Comedy'],
108,ごはんかいじゅうパップ,,,,,['TV'],Unknown,Currently Airing,"Apr 25, 2011 to ?",['Spring 2011'],Not scheduled once per week,"None found,","None found,",['DLE'],Original,"['Action', 'Comedy']",,['Kids'],30 sec.,G - All Ages,[],#18205,#16436,567,0,,"A series of short, 30-second segments featuring Gohan Kaijuu Pap and various ""side dish"" monsters to produce delicious meals.",[],Gohan Kaijuu Pap,,Rice Monster Pap,,
109,출동! 슈퍼윙스,Super Wings,Super Wings,Super Wings. ¡Siempre Cumplimos!,Super Wings,['TV'],52,Finished Airing,"Sep 1, 2013 to Feb 25, 2016",['Fall 2013'],Unknown,"None found,","None found,","None found,",Original,,['Racing'],['Kids'],12 min. per ep.,PG - Children,5.86,#10651,#16589,548,1,210,"Super Wings follows the adventures of an adorable jet plane named Jett who travels around the world delivering packages to children. On every delivery, Jett encounters new problems that he must solve with the help of his friends the ""Super Wings"": Dizzy, Jerome and Donnie. Together, the team explores different countries and learns the diversity of new cultures. (Source: Official YouTube channel)","['Sequel (TV) Chuldong! Super Wings 2', '']",Chuldong! Super Wings,,,['Adventure'],
110,おはようハクション大魔王,,,,,['TV'],237,Finished Airing,"Mar 31, 2014 to Mar 27, 2015",['Spring 2014'],Not scheduled once per week,"None found,","None found,",['Kate Arrow'],Other,,['Parody'],,1 min. per ep.,G - All Ages,5.79,#10995,#16737,532,0,122,"The 3rd continuation of NTV's ZIP! anime parody shorts. This one focuses on Hakushon Daimaou. Like with the previous season, occasionally the Gatchaman team and now the Mazinger Z team show up in some episodes.","['Prequel (TV) Mazinger ZIP!', 'Sequel (TV) Good Morning!!! Doronjo']",Ohayou Hakushon Daimaou,,,['Comedy'],
111,よわむしモンスターズ,,,,,['TV'],Unknown,Currently Airing,"Dec 25, 2012 to ?",['Winter 2013'],Not scheduled once per week,['NHK'],"None found,","None found,",Original,,,['Kids'],1 min.,PG - Children,[],#16128,#16778,527,0,,An NHK toddler's anime following cowardly creatures representing typical Halloween monsters like Dracula and a witch.,[],Yowamushi Monsters,,Yowamon,,
112,ぐらＰ＆ろで夫,,,,,['TV'],61,Finished Airing,"Oct 19, 2014 to Dec 29, 2015",['Fall 2014'],Not scheduled once per week,['Lantis'],"None found,",['Pie in the sky'],Original,,['Music'],,2 min. per ep.,PG-13 - Teens 13 or older,[],#18241,#16800,525,1,,"Rodeo is a normal high school boy who aims to be like GRANRODEO. Gra-P, a self-proclaimed music producer who comes from the future, tries to help him.","['Sequel (Special) Gra-P & Rodeo: Band wo P', 'Sequel (TV) Gra-P & Rodeo II']",Gra-P & Rodeo,,"GuraP & Rodeo, GraP & RodeO",['Comedy'],
113,ふうせんいぬティニー,,,,,['TV'],26,Finished Airing,"Sep 26, 2014 to Mar 27, 2015",['Fall 2014'],Fridays at 17:25 (JST),['NHK'],"None found,","[""Steve N' Steven""]",Picture book,,,['Kids'],5 min. per ep.,G - All Ages,[],#18054,#17008,505,0,,"Based on a picture book series, it follows a dog who flies above the clouds with a balloon.","['Sequel (TV) Fuusen Inu Tinny 2nd Season', '']",Fuusen Inu Tinny,,"Tinny the Balloon Dog, Balloon Dog Tinny",['Adventure'],
114,えほん寄席,,,,,['TV'],73,Finished Airing,"Apr 2006 to Nov 11, 2023",['Spring 2006'],Unknown,"['NHK', 'Pony Canyon']","None found,","None found,",Other,,,['Kids'],5 min. per ep.,PG - Children,[],#17863,#17183,487,0,,Anime rakugo of classic Japanese horror tales shown in a wide variety of art styles.,[],Ehon Yose,"['Historical', 'Performing Arts']",,['Horror'],
115,パンパカパンツ,Panpaka Pantsu,,,,['TV'],27,Finished Airing,"Oct 1, 2008 to Oct 22, 2015",['Fall 2008'],Unknown,['Shizuoka Broadcasting System'],"None found,",['DLE'],Original,,,['Kids'],15 sec. per ep.,G - All Ages,[],#20947,#17401,466,2,,A series of shorts about pigs who wear underpants.,[],Panpaka Pants,,"Panpaka Panties, Panpaka Underwear",['Comedy'],
116,ともだち8にん,,,,,['TV'],398,Finished Airing,"Mar 28, 2011 to Jan 5, 2019",['Spring 2011'],Not scheduled once per week,"None found,","None found,",['Egg'],Original,,,['Kids'],1 min. per ep.,G - All Ages,[],#14949,#17784,436,0,,"A series oriented to three-year-old children, showing the everydays of 9 characters, each of them having a distinct feature. Children will recognize characters and situations from their own life. Sometimes through conflicts, sometimes through encouragement, they will find everyone's place in the world. The story conveys messages such as ""Nobody's alone"", ""It's good to be different"" and the importance of being connected with others, in a fun way. (Source: Official site)",[],Tomodachi 8-nin,,,['Comedy'],
117,翼空之巅,Brinken: Skate Revolution,,,,['TV'],40,Finished Airing,"Apr 2013 to Apr 2, 2015",['Spring 2013'],Unknown,"None found,","None found,","None found,",Original,"['Adventure', 'Sports']",,['Kids'],23 min. per ep.,G - All Ages,[],#16023,#18173,405,2,,"In a city of the future, many kids can play with Finger Skateboards--skateboards that can move a simulated character in a battle at will of the player. Our main character enters shop and joins the game along with his 3 friends. They kids go on many adventures and compete against Alexander, the son of a rival company competing against the original shop.",[],Yi Kong Zhi Dian,,Brinken: Finger Skate Generation,,
118,野良スコ,,,,,['TV'],43,Finished Airing,"May 19, 2014 to Mar 31, 2015",['Spring 2014'],Not scheduled once per week,"None found,","None found,",['Kachidoki Studio'],Original,"['Comedy', 'Slice of Life']",,,2 min. per ep.,G - All Ages,[],#20732,#18227,404,0,,musicる TV signed up Norasco for their channel. Some of the ONA's episodes were shown and then the episodes became mostly musicる TV exclusive.,"['Prequel (ONA) Norasco', '']",Norasco (TV),,Nora Suko (TV),,
119,パッコロリン,Pakkororin,,,,['TV'],Unknown,Currently Airing,"Mar 28, 2011 to ?",['Spring 2011'],Not scheduled once per week,['NHK'],"None found,",['Three-d'],Original,,,['Kids'],1 min.,G - All Ages,[],#20936,#18315,397,0,,"A minute long children's anime that follows 3 siblings. Two brothers who are rectangular and circular shaped, and a sister who is triangluar shaped. They have unique personalities and foster growth and discovery through their play time.",[],Pakkororin,,,,
120,がんばれ！ルルロロ　第２シリーズ,TINY★TWIN★BEARS 2nd Season,,,,['TV'],26,Finished Airing,"Sep 25, 2014 to Mar 26, 2015",['Fall 2014'],Thursdays at 17:25 (JST),['NHK'],"None found,",['Fanworks'],Picture book,,,['Kids'],5 min. per ep.,PG - Children,[],#18102,#18390,391,0,,"The anime centers around the daily life of two twin bear sisters: the orange-colored Lulu and the yellow-colored Lolo. The two take on new jobs and, despite the occasional failure and tears, give their best efforts. (Source: ANN)","['Prequel (TV) Ganbare! Lulu Lolo', 'Sequel (TV) Ganbare! Lulu Lolo 3rd Season']",Ganbare! Lulu Lolo 2nd Season,,,['Slice of Life'],
121,コロコロアニマル2,,,,,['TV'],63,Finished Airing,"Apr 7, 2014 to Mar 30, 2015",['Spring 2014'],Unknown,['Milky Cartoon'],"None found,","None found,",Unknown,,,['Kids'],1 min. per ep.,G - All Ages,[],#17407,#20146,278,0,,"An educational program teaching children shapes, basic math, colors, and other subjects.","['Prequel (TV) ColoColo Animal', '']",ColoColo Animal 2,,"Colo Colo Animal 2, Korokoro Animal 2",,
122,빨간 자전거,Red Bicycle,,,,['TV'],302,Finished Airing,"Jan 22, 2013 to Apr 3, 2015",['Winter 2013'],Unknown,"None found,","None found,","None found,",['Manga'],,,['Kids'],4 min. per ep.,G - All Ages,[],#21139,#21016,229,0,,"Against the backdrop of a rural village with a beautiful landscape, Imhwa-ri, a postman riding a red bicycle, tells the story of our daily life with all of our sadness, joy, pain, and laughter. Let's meet with the postman on a red bicycle! (Source: YouTube)","['Adaptation (Manhwa) The Red Bicycle', '']",Ppalgan Jajeongeo,,,['Slice of Life'],
123,지파이터스,,,,,['TV'],26,Finished Airing,"Sep 1, 2014 to Feb 28, 2015",['Fall 2014'],Unknown,"None found,","None found,","None found,",Original,"['Action', 'Sci-Fi']",,['Kids'],23 min. per ep.,PG - Children,[],#18070,#21970,176,0,,"In the peaceful city of Metroplis, a high-rise building, the WP Center freezes and explodes. A red fog permeates the city and space vilians invade to plunge the city into chaos. The main character Lynn, becomes a superhero after finding a strange cat, and combines forces with out super powered kids to take down the evil space invaders. (Source: Amazon Prime Video)",[],G Fighters,,"Jipaiteoseu, Wudi Jiguang Xia, 无敌极光侠, Invincible Aurora Man",,
124,翻开这一页,Story in the Book,,,,['TV'],49,Finished Airing,"Oct 3, 2014 to Sep 13, 2017",['Fall 2014'],Unknown,"None found,","None found,","None found,",Original,,,['Kids'],13 min. per ep.,G - All Ages,[],#17911,#22260,165,0,,No synopsis information has been added to this title. Help improve our database by adding a synopsis here.,[],Fan Kai Zhe Yi Ye,"['Historical', 'School']",,,
125,헬로 카봇,,,,,['TV'],26,Finished Airing,"Aug 2, 2014 to Feb 28, 2015",['Summer 2014'],Unknown,"None found,","None found,","None found,",Original,,,['Kids'],12 min. per ep.,PG - Children,[],#18491,#23160,132,0,,No synopsis information has been added to this title. Help improve our database by adding a synopsis here.,"['Sequel (TV) Hello Carbot Season 2', '']",Hello Carbot,"['Mecha', 'Racing']",,['Action'],
126,アニメで分かる心療内科,Comical Psychosomatic Medicine,Comical Psychosomatic Medicine,Comical Psychosomatic Medicine,Comical Psychosomatic Medicine,['ONA'],20,Finished Airing,"Feb 13, 2015 to Jun 26, 2015",,,"None found,","None found,",['Shin-Ei Animation'],['Manga'],,,['Seinen'],5 min. per ep.,PG-13 - Teens 13 or older,6.54,#6807,#3496,"45,755",51,18012,"The psychologist Ryou and his cheerful nurse Asuna explain many aspects of mental illness to the reader. They cover topics such as the validity, prevalence, and origins of mental disorders, in addition to addressing specific disorders. The information is imparted in a cheerful and comic manner, with various jokes, puns, and pop culture references. (Source: MU)","['Adaptation (Manga) Manga de Wakaru Shinryounaika', '']",Anime de Wakaru Shinryounaika,"['Educational', 'Medical']",Anime de Wakaru Shinryou Naika,['Comedy'],
127,日本アニメ（ーター）見本市,Japan Anima(tor)'s Exhibition,,,,['ONA'],35,Finished Airing,"Nov 7, 2014 to Oct 9, 2015",,,['Dwango'],"None found,","['Sunrise', 'Khara', 'Studio Rikka', 'Bridge', 'Kamikaze Douga', 'Trigger', 'Graphinica', 'Studio Colorido', 'dwarf', 'Sola Digital Arts', ""Steve N' Steven"", 'StealthWorks']",Original,"['Action', 'Avant Garde', 'Fantasy', 'Sci-Fi', 'Supernatural', 'Ecchi']",,,8 min. per ep.,R+ - Mild Nudity,7.32,#2741,#3607,"43,064",145,12472,"Nihon Animator Mihonichi is a collaborative series of standalone anime shorts with the support of various directors and studios. Aiming to expose new animators to a worldwide audience, these small works offer a glimpse into the future of the industry, featuring rising talents, cutting-edge techniques, and experimental aesthetic designs. [Written by MAL Rewrite]","['Adaptation (Manga) The Ultraman', 'Adaptation (Manga) Ochibi-san', 'Adaptation (Manga) Bikachou Shinshi Kaikoroku', '']",Nihon Animator Mihonichi,"['Mecha', 'Military', 'Music', 'School', 'Space']","Japan Animator Expo, The Dragon Dentist, Hill Climb Girl, Me!Me!Me!, Carnage, Nishi-Ogikubo, Until You Come to Me, Tomorrow From There",,
128,プリンセスコネクト！,Princess Connect!,,,,['ONA'],3,Finished Airing,"Mar 19, 2015 to Jul 9, 2017",,,"None found,","None found,","None found,",Game,,,,1 min. per ep.,G - All Ages,6.29,#8370,#6983,"9,241",10,1508,Animated PVs for the mobile RPG Princess Connect! franchise.,[],Princess Connect!,,Princess Connect! Re:Drive,['Fantasy'],
129,おかあさんにないしょ,Don't tell Mom,,,,['ONA'],1,Finished Airing,"Mar 15, 2015",,,"None found,","None found,","None found,",Original,"['Comedy', 'Ecchi']",,,3 min.,R+ - Mild Nudity,4.05,#13758,#12434,"1,684",3,1010,Music video by Sawako Kabuki.,[],Okaasan ni Naisho,,,,
130,オバケのどくろう,Dokuro the Ghost,,,,['ONA'],1,Finished Airing,"Mar 4, 2015",,,['Cyclone Graphics'],"None found,","None found,",Original,,,['Kids'],11 min.,G - All Ages,5.50,#12107,#12929,"1,439",0,634,"Back alley of candy shop which everybody has called it ""Alley of ghosts."" Gacharico the Ghost lives there, but it's a secret that only little Miku, from the family candy shop, knows. The content of the capsules appear to be ordinary toys, but inside Gacharico the Ghost, live an abundant of other ghosts, each with their own personality. Even today, the ghosts are using all their powers to try to inspire awe and feelings in the children around them. (Source: Official website)",[],Obake no Dokurou,,,['Supernatural'],
131,ことわざガンダムさん,,,,,['ONA'],17,Finished Airing,"Feb 18, 2015 to Apr 10, 2015",,,"None found,","None found,","None found,",['Manga'],,,,1 min. per ep.,PG-13 - Teens 13 or older,5.87,#10600,#13284,"1,304",0,332,No synopsis information has been added to this title. Help improve our database by adding a synopsis here.,"['Adaptation (Manga) Naruhodo☆Kotowaza Gundam-san', '']",Kotowaza Gundam-san (ONA),"['Mecha', 'Parody']",,['Comedy'],
132,MILPOM★ (みるぽん),,,,,['ONA'],1,Finished Airing,"Mar 20, 2015",,,"None found,","None found,",['Bandai Namco Pictures'],Original,,,,3 min.,PG-13 - Teens 13 or older,3.89,#13774,#13513,"1,225",1,676,MILPOM★ will be stop motion shorts that feature dolls in a surreal world for girls. (Source: ANN),[],MILPOM★ Pilot,,,['Comedy'],
133,マスター・オブ・トルク2,,,,,['ONA'],1,Finished Airing,"Mar 27, 2015",,,"None found,","None found,",['Shimogumi'],Original,"['Action', 'Sci-Fi']",,,23 min.,G - All Ages,4.76,#13461,#14170,"1,028",0,419,"A continuation of the first season. Makina lost consciousness when the Marishi Machina suit developed by the Hyuga Corporation seized control of her body and sent her charging onto the new Shutoko expressway on an MT-07. Luckily, Dan was able to stop her before it was too late. With Makina on the back of his MT-09 Street Rally, Dan began riding back towards the Genesis Café only to be intercepted by Hyuga Corporation chairman Mitsukuni Hyuga. He was waiting for them with an unsettling expression on his face. Dan was sure that he would be forced to resign his job for getting the heir to the company’s presidency, Kotaro Hyuga, involved in this mess. But when Makina confronts Mitsukuni about the truth behind the incident that claimed their parents’ lives, Dan is given an order he would never have expected. Dan keeps trying to avoid facing the trauma he experienced as a child, but is encouraged to find the truth by Makina. Sanae, the owner of the Genesis Café, seems to notice their troubled state and takes matters into her own hands. Can Dan face his past and free himself of the curse he has borne and reclaim his future with his own hands? The interlocked gears of fate driving the destinies Dan, Makina and Kotaro begin to move again, and the next part of their story is about to unfold... (Source: Yamaha site)","['Prequel (ONA) Master of Torque', 'Sequel (ONA) Master of Torque 3']",Master of Torque 2,,Master of Torque 2nd Season,,
134,新幹線変形ロボ シンカリオン,Shinkalion,,,,['ONA'],11,Finished Airing,"Mar 16, 2015 to May 31, 2017",,,"None found,","None found,","None found,",Other,,['Mecha'],['Kids'],1 min. per ep.,G - All Ages,6.02,#9798,#14158,"1,032",1,166,ShoPro's new transforming train toy line comes with animated promotional videos on the official YouTube page. Featuring shinkansen which transform into Shinkalions who fight a mysterious shakouki-doguu monster.,[],Shinkansen Henkei Robo Shinkalion,,,,
135,勇者大冒险,,,,,['ONA'],26,Finished Airing,"Mar 31, 2015 to Oct 30, 2015",,,['Tencent Animation & Comics'],"None found,",['CG Year'],Original,"['Adventure', 'Fantasy']",,,15 min. per ep.,PG-13 - Teens 13 or older,[],#16078,#15205,762,0,,Scattered throughout the world is proof of an advanced prehistoric civilization. There exist those who desperately want to learn more about these ancient people. The series follows people who set out on an adventure to uncover the truth.,"['Sequel (ONA) Yong Zhe Da Maoxian 2nd Season', '']",Yong Zhe Da Maoxian,,Brave Adventure,,
136,秦时明月特别篇《帝子降兮》,Qin's Moon: Lady Xiang Descends,,,,['ONA'],1,Finished Airing,"Feb 13, 2015",,,['Chukong Technologies'],"None found,",['Sparkly Key Animation Studio'],Novel,"['Action', 'Fantasy']",,,15 min.,PG-13 - Teens 13 or older,6.24,#8637,#15293,739,0,190,"This special is about a wounded man who finds himself caught up in the lives of twin sisters, and the man that they both fell in love with. (Source: Wikipedia)",[],Qin Shi Mingyue Tebie Pian: Di Zi Jiang Xi,"['Historical', 'Martial Arts']",,,
137,Fast Week,,,,,['ONA'],1,Finished Airing,"Feb 15, 2015",,,"None found,","None found,","None found,",Original,,,,1 min.,PG-13 - Teens 13 or older,5.16,#12986,#16332,579,0,327,The genesis of fast food.,[],Fast Week,,,['Avant Garde'],
138,失われた朝食,The Lost Breakfast,,,,['ONA'],1,Finished Airing,"Jan 13, 2015",,,"None found,","None found,","None found,",Original,,['Psychological'],,6 min.,PG-13 - Teens 13 or older,5.79,#11009,#16342,578,2,284,"A businessman happily goes about his carefully prepared morning routine. One day, this routine is suddenly interrupted.",[],Ushinawareta Choushoku,,,['Avant Garde'],
139,あぐかる PLAY WITH IBARAKI編 第0話,Agriculture Angel BARAKI: Play with Ibaraki Episode 0,,,,['ONA'],1,Finished Airing,"Mar 28, 2015",,,"None found,","None found,",['Studio PuYUKAI'],Unknown,"['Slice of Life', 'Supernatural']",,,14 min.,G - All Ages,5.40,#12411,#16797,525,1,151,The first half of the episode recaps the first episode of the first season and the second half is all new animation setting up for the second season as the characters go to cities rather than being out in the countryside.,"['Prequel (ONA) Agukaru', 'Sequel (ONA) Agukaru: Play with Ibaraki-hen']",Agukaru: Play with Ibaraki-hen Episode 0,,"Agriculture Angel Baraki Prologue, Agukaru Dai 0-wa",,
140,たんさくえすと！,,,,,['ONA'],1,Finished Airing,"Mar 26, 2015",,,['Aniplex'],"None found,",['A-1 Pictures'],Game,,['School'],,1 min.,PG-13 - Teens 13 or older,5.37,#12519,#17247,482,0,183,"Commercial animated by A-1 Pictures for Tansa Quest!, a smartphone RPG.",[],Tansa Quest!,,,['Fantasy'],
141,かなかなかぞく　新年のごあいさつ,,,,,['ONA'],1,Finished Airing,"Jan 7, 2015",,,"None found,","None found,",['DLE'],Original,,,,50 sec.,G - All Ages,5.05,#13157,#17577,452,0,146,"A New Year's special for Kana Kana Kazoku, welcoming the 2015 year.",[],Kana Kana Kazoku: Shinnen no Goaisatsu,,Kana Kana Kazoku New Year's Greeting,['Comedy'],
142,纳米核心 - NG镜头 - 纳米的日,,,,,['ONA'],2,Finished Airing,"Feb 8, 2015 to Mar 1, 2015",,,['Coastline Animation Studio'],"None found,","None found,",Original,"['Comedy', 'Sci-Fi']",,,3 min. per ep.,PG-13 - Teens 13 or older,5.81,#10919,#18141,408,0,125,Comedy episodes focusing on the strange daily life of characters from Nanocore.,[],Nanocore: NG Scenes - Nano's Daily Life,,,,
143,ラララ ララちゃん,,,,,['ONA'],24,Finished Airing,"Mar 21, 2015 to Feb 26, 2016",,,"None found,","None found,",['Usagi Ou'],Original,"['Adventure', 'Fantasy']",,['Kids'],2 min. per ep.,G - All Ages,[],#19711,#19450,316,0,,Lala-chan is a slightly selfish squirrel girl. On her birthday the gifts given to her by her friends go awry. The group gets teleported into a new world (Earth) where they try to retrieve the elemental magic crystal balls that bring balance in their world.,"['Sequel (TV) Lalala Lala-chan: Patapata Daisensou', '']",Lalala Lala-chan,,,,
144,ベイウォーリアーズ サイボーグ,BeyWarriors: Cyborg,,,,['ONA'],26,Finished Airing,"Feb 27, 2015",,,['d-rights'],"None found,",['SynergySP'],Original,"['Action', 'Sci-Fi']",,,24 min. per ep.,PG - Children,[],#16926,#19465,315,1,,"The show takes place on the abandoned planet of Teslandia, where groups of teenage Beybattlers use the Beyraiderz to summon Cyborg Warriors. Now a war ensues for the Cyborg Warriors to collect tokens and restore Teslandia's beauty. (Source: IMDB)",[],BeyWarriors: Cyborg,,,,
145,超神学院 神与神,,,,,['ONA'],10,Finished Airing,"Jan 30, 2015 to Oct 23, 2015",,,['Tencent Penguin Pictures'],"None found,",['Transcendence Picture'],Original,"['Action', 'Sci-Fi']",,,19 min. per ep.,R - 17+ (violence & profanity),[],#17199,#19593,307,0,,No synopsis information has been added to this title. Help improve our database by adding a synopsis here.,"['Prequel (ONA) Chao Shen Xueyuan', 'Sequel (ONA) Chao Shen Xueyuan: Zhi Hei Jia']",Chao Shen Xueyuan: Shen yu Shen,,Super Seminary Third Season,,
146,ゆめある動く絵本,,,,,['ONA'],Unknown,Currently Airing,"Mar 19, 2015 to ?",,,['Yumearu'],"None found,","None found,",Other,,,['Kids'],3 min.,G - All Ages,[],#16179,#19630,305,0,,Short animations for the Ugoku Ehon (Moving Picture Book) line by the Yumearu company. Yumearu specializes in children's education.,[],Yumearu Ugoku Ehon,,,['Fantasy'],
147,ラララ ララちゃんミニ,,,,,['ONA'],24,Finished Airing,"Mar 26, 2015 to Feb 11, 2016",,,"None found,","None found,",['Usagi Ou'],Original,,['Parody'],['Kids'],54 sec. per ep.,G - All Ages,[],#19713,#19904,290,0,,Lalala Lala-chan video letter style episodes. Characters break the 4th wall to talk to the viewer as if it was a reality show studio being filmed on camera. The episodes are meant to complement each episode of Lalala Lala-chan.,[],Lalala Lala-chan Mini,,Lalala Lala-chan Mini (wo Tegami Video),,
148,サラ毛ぷっちょ,,,,,['ONA'],1,Finished Airing,"Jan 20, 2015",,,"None found,","None found,","None found,",Original,,['Parody'],,4 min.,G - All Ages,5.40,#12431,#20029,283,0,113,UHA Mikakutou is a candy company that makes a chewy confectionery called Puccho. The candy has mascots and the company collaborated with Ryou Inoue for an anime short with these mascots in a Revolutionary Girl Utena inspired feature. Special LINE stamps were also available in honor of the collaboration.,[],Sara Ke Puccho,,UHA Mikakutou x Inoue Ryou Collab Kikaku,,
149,ふなっしーとゆかいな兄弟,,,,,['ONA'],4,Finished Airing,"Jan 19, 2015 to Sep 28, 2015",,,['Bandai'],"None found,","None found,",Unknown,,,['Kids'],3 min. per ep.,G - All Ages,[],#18036,#20122,279,0,,No synopsis information has been added to this title. Help improve our database by adding a synopsis here.,[],Funassyi to Yukaina Kyoudai,,Funassyi's Amusing Brother,['Comedy'],
150,フェットとチーネとグミ星人,,,,,['ONA'],1,Finished Airing,Mar 2015,,,"None found,","None found,",['Pops Inc.'],Original,,,,3 min.,G - All Ages,[],#17987,#20198,274,1,,A promotional web anime created for the company Bourbon.,[],Fettu to Ccine to Gummi Seijin,,Bourbon: Fettuccine Gummi,['Comedy'],
151,那年那兔那些事儿,Year Hare Affair,,,,['ONA'],12,Finished Airing,"Mar 5, 2015 to Aug 6, 2015",,,"None found,","None found,","None found,",Other,,,,7 min. per ep.,PG-13 - Teens 13 or older,[],#20505,#21600,197,1,,No synopsis information has been added to this title. Help improve our database by adding a synopsis here.,"['Sequel (ONA) Na Nian Na Tu Naxie Shi Er 2nd Season', '']",Na Nian Na Tu Naxie Shi Er,"['Anthropomorphic', 'Military']","那年那兔那些事 第一季, 那年那兔的那些事, 小白兔的光荣往事, 那些年那些兔那些事, Year Hare Affair Season 1",['Comedy'],
152,暴走撸啊撸,,,,,['ONA'],12,Finished Airing,"Jan 25, 2015 to 2015",,,"None found,","None found,","None found,",Game,"['Comedy', 'Fantasy']",['Parody'],,3 min. per ep.,PG-13 - Teens 13 or older,[],#16869,#23825,115,0,,No synopsis information has been added to this title. Help improve our database by adding a synopsis here.,"['Sequel (ONA) Baozou LOL 2nd Season', '']",Baozou LOL,,,,
153,爆蛋晶英,Boom Hero,,,,['ONA'],12,Finished Airing,"Feb 13, 2015 to Mar 24, 2016",,,"None found,","None found,",['2:10 Animation'],Game,"['Comedy', 'Sci-Fi']",['Parody'],,12 min. per ep.,G - All Ages,[],#16818,#24116,109,0,,No synopsis information has been added to this title. Help improve our database by adding a synopsis here.,[],Bao Dan Jing Ying,,,,
154,ノンティ,,,,,['ONA'],33,Finished Airing,"Mar 1, 2015 to Aug 17, 2015",,,"None found,","None found,","None found,",Original,,,,1 min. per ep.,PG-13 - Teens 13 or older,[],#20723,#25726,84,0,,No synopsis information has been added to this title. Help improve our database by adding a synopsis here.,[],Nonty,,,['Comedy'],
155,黒執事 Book of Murder,Black Butler: Book of Murder,Black Butler: Book of Murder,,Black Butler: Book of Murder,['OVA'],2,Finished Airing,"Jan 28, 2015 to Feb 25, 2015",,,"['Aniplex', 'Square Enix', 'Mainichi Broadcasting System', 'Movic', 'Asmik Ace', 'Hakuhodo DY Media Partners', 'DeNA']",['Funimation'],['A-1 Pictures'],['Manga'],"['Action', 'Mystery', 'Supernatural']",,['Shounen'],58 min. per ep.,R - 17+ (violence & profanity),8.05,#594,#1004,"259,597","1,170",128396,"At the behest of the Queen, Earl Ciel Phantomhive hosts a lavish dinner party attended by several of the finest members of polite society—as well as struggling author, Arthur. But as the party reaches its high, a terrible murder takes place and none other than the Earl himself is suspected of the crime. As a violent storm rages on outside, the death count continues to climb. The Phantomhive household and their eminent guests find they must cooperate in order to solve this mystery before they too fall prey to the mysterious murderer. However, it seems that not even the perfect butler, Sebastian Michaelis, is safe from this horror. [Written by MAL Rewrite]","['Prequel (TV) Kuroshitsuji: Book of Circus', 'Sequel (Movie) Kuroshitsuji Movie: Book of the Atlantic', 'Adaptation (Manga) Kuroshitsuji', '']",Kuroshitsuji: Book of Murder,"['Historical', 'Mythology']",,,
156,ハイスクールD×D NEW OVA おっぱい、包みます！,High School DxD New OVA,,,,['OVA'],1,Finished Airing,"Mar 10, 2015",,,['Genco'],"None found,",['TNK'],['Light novel'],"['Action', 'Comedy', 'Romance', 'Supernatural', 'Ecchi']",,,24 min.,R+ - Mild Nudity,7.26,#3037,#1476,"171,130",286,93033,Unaired anime episode bundled with the limited edition of High School DxD DX.1.,"['Prequel (TV) High School DxD New', 'Sequel (TV) High School DxD BorN']","High School DxD New: Oppai, Tsutsumimasu!","['Harem', 'Mythology', 'School']","High School DxD New OVA, High School DxD New Episode 13",,
157,ニセコイ OAD,,,,,['OVA'],3,Finished Airing,"Oct 3, 2014 to Apr 3, 2015",,,"None found,",['Aniplex of America'],['Shaft'],['Manga'],"['Comedy', 'Romance']",,['Shounen'],26 min. per ep.,PG-13 - Teens 13 or older,7.36,#2519,#1490,"169,935",136,93876,1. Funshitsu / Miko-san 2. Oshigoto / Henbou 3. Sentou / Service,"['Adaptation (Manga) Nisekoi', '']",Nisekoi OVA,"['Harem', 'School']",,,
158,トリニティセブン 七つの大罪と七魔道士,Trinity Seven OVA,,,,['OVA'],1,Finished Airing,"Mar 25, 2015",,,['Avex Pictures'],"None found,",['Seven Arcs Pictures'],['Manga'],"['Action', 'Comedy', 'Fantasy', 'Romance', 'Ecchi']",,['Shounen'],26 min.,PG-13 - Teens 13 or older,7.33,#2687,#1691,"144,831",139,76314,Arata is set to be expelled! The only way to save himself is to be taught more about the magic archives from the Trinity Seven themselves.,"['Prequel (TV) Trinity Seven', '']",Trinity Seven: Nanatsu no Taizai to Nana Madoushi,"['Harem', 'School']","Trinity Seven (2015), Trinity Seven: The Seven Deadly Sins and The Seven Mages",,
159,ハイキュー!! リエーフ見参！,Haikyu!!: Lev Appears!,,,,['OVA'],1,Finished Airing,"Mar 4, 2015",,,"None found,","None found,",['Production I.G'],['Manga'],,['Team Sports'],['Shounen'],24 min.,PG-13 - Teens 13 or older,7.70,#1294,#1738,"139,679",200,76621,"Nekoma High School's volleyball team recruits a new member: the half-Japanese, half-Russian Lev Haiba. Though the self-proclaimed ace is blessed with great height, he lacks basic volleyball techniques. This gives the team's setter, Kenma Kozume, a hard time when matching up with him. To everyone's surprise, Nekoma's coach suggests that Lev play in the Kunihira Senior High School's practice match, leaving Kenma no choice but to cooperate with the tall player. Will Kenma be able to overcome this new challenge? [Written by MAL Rewrite]",[],Haikyuu!! Lev Genzan!,,"Haikyuu!!: Jump Festa 2014 Special, Haikyuu!! OVA, Haikyuu!! The Arrival of Haiba Lev",['Sports'],
160,堀さんと宮村くん,,,,,['OVA'],6,Finished Airing,"Sep 26, 2012 to May 25, 2021",,,"None found,","None found,","['Gonzo', 'Hoods Entertainment', 'Studio Kai', 'Marone']",['Web manga'],,['School'],,23 min. per ep.,PG-13 - Teens 13 or older,7.41,#2308,#1846,"128,830",706,47703,"Within everyone there exists a side preferably kept hidden, even from close friends. For the smart and popular Kyouko Hori, it's the fact that she has to do all the housework and care for her little brother, Souta, because of her parents' busy work schedules. For the gentle Izumi Miyamura, whom everybody sees as an otaku, it's his nine hidden piercings and large body tattoo. So what happens when they accidentally discover each other's hidden sides? Sharing parts of themselves that they couldn't with anyone else, strong bonds of friendship soon begin to form between Miyamura and Hori, as well as those around them. As their hidden personas start to dissipate, they slowly learn how to open up to others. [Written by MAL Rewrite]","['Adaptation (Manga) Hori-san to Miyamura-kun', '']",Hori-san to Miyamura-kun,,Horimiya,['Romance'],
161,生徒会役員共＊ OAD,,,,,['OVA'],10,Finished Airing,"May 16, 2014 to Sep 17, 2020",,,['Starchild Records'],"None found,",['GoHands'],['4-koma manga'],,,['Shounen'],25 min. per ep.,R - 17+ (violence & profanity),7.84,#948,#2503,"82,534",97,34139,OVAs of Seitokai Yakuindomo* which were either bundled with the limited editions of the manga volumes or as standalone OVAs.,"['Prequel (TV) Seitokai Yakuindomo*', 'Adaptation (Manga) Seitokai Yakuindomo']",Seitokai Yakuindomo* OVA,"['Gag Humor', 'School']","Seitokai Yakuindomo 2 OVA, Seitokai Yakuindomo* OAD, Seitokai Yakuindomo 2 OAD, SYD* OVA, SYD 2 OVA",['Comedy'],
162,機動戦士ガンダムTHE ORIGIN,Mobile Suit Gundam: The Origin,,,,['OVA'],6,Finished Airing,"Feb 28, 2015 to May 5, 2018",,,['Sotsu'],"['Nozomi Entertainment', 'NYAV Post']",['Sunrise'],['Manga'],"['Action', 'Sci-Fi']",,['Shounen'],1 hr. 11 min. per ep.,R+ - Mild Nudity,8.33,#252,#2584,"78,228",915,33425,"In the year 0068 of the Universal Century, Casval Rem Deikun's life is thrown into chaotic disarray after the assassination of his father, a prolific figure in the crusade towards civil rights for people who live away from the Earth's surface. Casval and his sister Artesia receive aid from soldiers who were loyal to their father, and the siblings are whisked away from their home, separated, and thrown into a twisted fate that sees them come into their own as soldiers and adults. Years before stealing the name Char Aznable or his ""Red Comet"" moniker, Casval must contend with the rise of a militarized version of his father's ideology and his own vengeful nature as intergalactic war molds him into a legendary mobile suit pilot. [Written by MAL Rewrite]","['Adaptation (Manga) Kidou Senshi Gundam: The Origin', '']",Kidou Senshi Gundam: The Origin,"['Mecha', 'Military', 'Space']",,,
163,ゆるゆり なちゅやちゅみ！,,,,,['OVA'],1,Finished Airing,"Feb 18, 2015",,,"['Sotsu', 'Pony Canyon']","None found,",['TYO Animations'],['Manga'],"['Comedy', 'Girls Love']",,,1 hr. 3 min.,PG-13 - Teens 13 or older,7.85,#925,#2632,"75,999",149,40205,"Even during summer break, the Amusement Club lives up to its name! When Akari Akaza, Kyouko Toshinou, Chinatsu Yoshikawa, and Yui Funami find a camping tent, they decide to put it to good use by spending the weekend outside in the mountains. When some student council members catch wind of this, they are invited to come along as well. After a very long journey, the group arrives at their destination and is ready to make the most of their trip. They engage in classic camping activities, such as outdoor cooking and tests of courage, and finish it all off with a visit to the hot springs. An extravagant trip like this doesn't happen every day, but the Amusement Club is sure to savor each moment. [Written by MAL Rewrite]","['Prequel (TV) Yuru Yuri♪♪', 'Sequel (TV Special) Yuru Yuri Nachuyachumi!+', 'Adaptation (Manga) Yuru Yuri', '']",Yuru Yuri Nachuyachumi!,"['CGDCT', 'Gag Humor']","Yuru Yuri OVA, YuruYuri Nachuyachumi!, Yuru Yuri Summer Vacation!",,
164,今際の国のアリス,Alice in Borderland,,,,['OVA'],3,Finished Airing,"Oct 15, 2014 to Feb 16, 2015",,,['Barnum Studio'],['Sentai Filmworks'],"['SILVER LINK.', 'Connect']",['Manga'],"['Action', 'Suspense']",,['Shounen'],22 min. per ep.,R - 17+ (violence & profanity),7.25,#3102,#2880,"65,212",182,25675,"Ryouhei Arisu is a high school student with no ambitions and just wants to escape from what he feels is a meaningless reality. One night when he is with his two friends Daikichi Karube and Chouta Segawa, they see an abnormally large firework shoot into the sky, an event which signals a permanent change in their lives. Blinded by the incredibly bright explosion, the three find themselves transported to what is known as the Borderland. The only inhabitants of this world are participants of a deadly game where specific tasks must be accomplished if they wish to survive. As the three begin playing to determine how they can get back home, Ryouhei finds himself feeling alive for the very first time in his life. [Written by MAL Rewrite]","['Adaptation (Manga) Imawa no Kuni no Alice', '']",Imawa no Kuni no Alice,"['Gore', 'High Stakes Game', 'Psychological', 'Survival']",,,
165,漫喫ハプニング,,,,,['OVA'],4,Finished Airing,"Mar 27, 2015 to Aug 28, 2015",,,"None found,","None found,",['Collaboration Works'],Visual novel,,,,29 min. per ep.,Rx - Hentai,7.70,N/A,#3062,"58,335",917,28420,"Keiichi Oyamada has a mysterious power that always makes him seem like a lucky pervert, as one way or another, he ends up having sexual intercourse with any female he meets. Due to this, he has never had a stable job as he continually gets fired from any place unfortunate enough to employ him. One job opportunity arises when his best friend calls him to work at a manga cafe, which Keiichi reluctantly accepts. However, as soon as he starts his new job, he meets Rei Suzukawa, a fellow employee, and Kururu Hiiragi, his childhood friend. Both of them are very beautiful, and Keiichi fears that even they might not be spared by his lucky perverted powers. [Written by MAL Rewrite]",[],Mankitsu Happening,,,['Hentai'],
166,棺姫のチャイカ ねらわれた棺  / 蘇る遺跡,,,,,['OVA'],1,Finished Airing,"Mar 10, 2015",,,"None found,",['Sentai Filmworks'],['Bones'],['Light novel'],"['Action', 'Adventure', 'Fantasy', 'Romance']",,,23 min.,R - 17+ (violence & profanity),6.98,#4471,#3625,"42,826",11,20638,Unaired anime-original OVA bundled with 12th volume of the Hitsugi no Chaika novel.,[],Hitsugi no Chaika: Nerawareta Hitsugi/Yomigaeru Iseki,,Hitsugi no Chaika OVA,,
167,DIABOLIK LOVERS OAD,,,,,['OVA'],1,Finished Airing,"Feb 26, 2015",,,['Frontier Works'],"None found,",['Zexcs'],Visual novel,"['Drama', 'Supernatural']",,['Josei'],11 min.,PG-13 - Teens 13 or older,5.70,#11367,#3715,"40,935",98,18767,OVA of Diabolik Lovers included with the game Diabolik Lovers DARK FATE.,[],Diabolik Lovers OVA,"['Reverse Harem', 'School', 'Vampire']",,,
168,ウィッチクラフトワークス 多華宮君と妹の悪巧み,Witch Craft Works: Takamiya-kun and His Sister's Conspiracy,,,,['OVA'],1,Finished Airing,"Jan 7, 2015",,,"['Lantis', 'I Will']","None found,",['J.C.Staff'],['Manga'],"['Action', 'Supernatural']",,['Seinen'],23 min.,PG-13 - Teens 13 or older,6.77,#5469,#3916,"36,674",19,17555,DVD OVA of Witch Craft Works bundled with the eighth manga volume.,"['Prequel (TV) Witch Craft Works', '']",Witch Craft Works: Takamiya-kun to Imouto no Warudakumi,,"Witchcraft Works, Witch Craft Works OVA",,
169,ストライクウィッチーズ Operation Victory Arrow,,,,,['OVA'],3,Finished Airing,"Dec 12, 2014 to Jul 31, 2015",,,"['Nippon Columbia', 'KlockWorx', 'Glovision', 'Sony PCL', 'Kadokawa']","None found,",['SILVER LINK.'],Original,"['Action', 'Sci-Fi', 'Ecchi']",['Military'],,28 min. per ep.,R+ - Mild Nudity,7.32,#2755,#4570,"26,582",39,10746,Operation Victory Arrow is set in the period between the end of Operation Mars in the second television series and the 2012 Strike Witches movie. The three 30-minute short stories depict the lives of the members who returned to their respective homes. (Source: ANN),"['Prequel (TV) Strike Witches 2', 'Sequel (Movie) Strike Witches Movie']",Strike Witches: Operation Victory Arrow,,,,
170,百花繚乱 サムライアフター,,,,,['OVA'],2,Finished Airing,"Jan 23, 2015 to Jul 1, 2015",,,"None found,","None found,",['Arms'],['Light novel'],,['Harem'],,25 min. per ep.,R+ - Mild Nudity,6.63,#6315,#4737,"24,262",24,8105,"OVA bundled with Niθ Art Works Vol. 2, featuring a new character named Kagekatsu Uesugi.","['Prequel (TV) Hyakka Ryouran: Samurai Bride', '']",Hyakka Ryouran: Samurai After,,Hyakka Ryouran OVA,['Ecchi'],
171,ふた部!!,,,,,['OVA'],2,Finished Airing,"Feb 20, 2015 to May 1, 2015",,,"['White Bear', 'Mediabank']","None found,",['Studio 9 Maiami'],['Manga'],"['Girls Love', 'Hentai']",['School'],,20 min. per ep.,Rx - Hentai,7.22,N/A,#4957,"21,808",165,10951,"A relaxing vacation at the Manra Valley onsen is just what the members of the Futabu, or Futanari Club, signed up for. Officially, their goal is to research the harvest festival native to the area for a high school project. Unofficially, they're there to have a little fun, and the springs are an aphrodisiac...","['Prequel (OVA) Futa-bu!', 'Sequel (OVA) Futa-bu! Mix: Futanari World', 'Adaptation (Manga) Futabu! Mix', '']",Futa-bu!!,,Futa Club!!,,
172,閃乱カグラ ESTIVAL VERSUS -水着だらけの前夜祭-,,,,,['OVA'],1,Finished Airing,"Mar 26, 2015",,,['Genco'],"None found,","['Artland', 'Hoods Entertainment']",Game,"['Action', 'Comedy', 'Ecchi']",,,30 min.,R+ - Mild Nudity,6.48,#7220,#4991,"21,487",22,7886,"A letter arrives at Death Cram School. Inside is a an invitation to a spa resort. Yumi declares to the four excited girls that, ""No. This is evil itself,"" points out that they are slacking off too much. Shiki proposes, ""When opinions are divided, it's time for boob rock-paper-scissors!"" and then wins so they all go to the pool. There, girls from Hanzoo Academy, Homura Crimson Squad, and Hebijo Clandestine Girls' Academy also come, but Asuka says, ""Let's have fun together today"" and they call a temporary truce. However, a trivial matter sets off a sour quarrel and, at Yumi's suggestion, they settle it with a showdown in the style of the ancient shinobi. (Source: ANN)",[],Senran Kagura Estival Versus: Mizugi-darake no Zenyasai,,Senran Kagura Estival Versus: Festival Eve Full of Swimsuits,,
173,鬼灯の冷徹 OAD,,,,,['OVA'],4,Finished Airing,"Feb 23, 2015 to Mar 23, 2017",,,['Starchild Records'],"None found,","['Studio Deen', 'Wit Studio']",['Manga'],"['Comedy', 'Fantasy']",['Mythology'],['Seinen'],26 min. per ep.,PG-13 - Teens 13 or older,7.84,#959,#5357,"17,940",16,7803,"Bundled with the limited editions of 17th, 18th, 19th, and 24th volumes of the Hoozuki no Reitetsu manga.","['Adaptation (Manga) Hoozuki no Reitetsu', '']",Hoozuki no Reitetsu OVA,,"Cool-headed Hoozuki OVA, Hozuki no Reitetsu OVA",,
174,鬼父2 -harvest-,,,,,['OVA'],1,Finished Airing,"Jan 30, 2015",,,"None found,","None found,",['PoRO'],Visual novel,,,,30 min.,Rx - Hentai,6.64,N/A,#5628,"15,741",25,6752,"Appalled by her father Kenichi's carnal desires in targeting her younger sisters, Haruka Makino decides to become a ""sacrifice"" and sate her father's incestuous libido alone. However, instead of solving the problem, her sisters begin to think that Haruka really plans to seize their father all for herself. [Written by MAL Rewrite]","['Prequel (OVA) Oni Chichi 2: Revenge', '']",Oni Chichi 2: Harvest,,,['Hentai'],
175,12歳。,Age 12,,,,['OVA'],8,Finished Airing,"Apr 3, 2014 to Jan 3, 2015",,,['Half H.P Studio'],"None found,","['SynergySP', 'Ascension']",['Manga'],,['School'],['Shoujo'],11 min. per ep.,PG - Children,6.24,#8590,#5814,"14,542",19,6187,"The story begins with Hanabi, a sixth-grade girl who is neither an adult nor a child. She deals with issues such as accidentally witnessing her homeroom teacher kissing, and worrying about experiencing physiological changes before her friends. The manga depicts a 12-year-old girl's innocent worries and first love. (Source: ANN)","['Sequel (OVA) 12-sai. 2nd Season', 'Adaptation (Manga) 12-sai.']",12-sai.,,Juuni-sai.,['Romance'],
176,彼女は誰とでもセックスする.,,,,,['OVA'],2,Finished Airing,"Feb 20, 2015 to Mar 20, 2015",,,['Lune-Pictures'],"None found,",['T-Rex'],Visual novel,,,,16 min. per ep.,Rx - Hentai,6.67,N/A,#5840,"14,330",110,6019,"Kazuhiro Sayama finally gathers the courage to confess to his crush, Erika Sakurai. She responds by immediately having sex with their gym teacher in front of him. It turns out that the girl of his dreams is a voracious sex addict and she's especially into exhibitionism. The two strike a deal: Kazuhiro will become Erika's personal cameraman, filming every one of her sexual encounters. He gets to watch the girl he likes in every lewd situation imaginable, with only one catch—he himself may not have sex with her. Will Kazuhiro be content with their arrangement, or will he shoot for something more?","['Adaptation (Light Novel) Kanojo wa Dare to demo Sex suru.', '']",Kanojo wa Dare to demo Sex Suru.,,,['Hentai'],
177,LOVELY×CATION THE ANIMATION,,,,,['OVA'],2,Finished Airing,"Mar 27, 2015 to Jul 24, 2015",,,['Pink Pineapple'],"None found,",['T-Rex'],Visual novel,,,,28 min. per ep.,Rx - Hentai,7.21,N/A,#6212,"12,249",40,4483,"The protagonist lives alone in an apartment owned by his uncle and lives a carefree school life. One spring day, his uncle can't stand seeing him confining himself in his room any more and tells him to go out and find love while he is still young; however, he doesn't have any experience with girls nor does he have anyone that he's interested in.",[],Lovely x Cation The Animation,,,['Hentai'],
178,昭和元禄落語心中 与太郎放浪篇,,,,,['OVA'],2,Finished Airing,"Mar 6, 2015 to Aug 7, 2015",,,"['Starchild Records', 'Kodansha']","None found,",['Studio Deen'],['Manga'],,,['Josei'],39 min. per ep.,PG-13 - Teens 13 or older,7.56,#1735,#6371,"11,439",11,2807,"Bundled with the special editions of the manga's 7th and 8th volumes. When a certain man is released from prison, he knows exactly where he's heading first. After falling in love with a traditional comic storyteller's rendition of the story called ""Shinigami,"" he is determined to become his apprentice. The performer, Yakumo, has never taken an apprentice before, but to everyone's surprise, he accepts the eager ex-prisoner, nicknaming him ""Yotaro."" As Yotaro happily begins his new life, he meets others in Yakumo's life, including Yakumo's ward Konatsu. Konatsu was the daughter of a famous storyteller, and Yakumo took her in after her father's tragic death. Konatsu loved her father's storytelling, and would love to become a performer in her own right—but that path is not available for women. (Source: MangaHelpers)","['Adaptation (Manga) Shouwa Genroku Rakugo Shinjuu', '']",Shouwa Genroku Rakugo Shinjuu: Yotarou Hourou-hen,"['Adult Cast', 'Love Polygon', 'Performing Arts']",,['Drama'],
179,聖ヤリマンシスターズ パコパコ日記 THE ANIMATION,,,,,['OVA'],1,Finished Airing,"Mar 27, 2015",,,['Pink Pineapple'],"None found,",['G-Lam'],Visual novel,,,,26 min.,Rx - Hentai,6.82,N/A,#6701,"10,190",36,4004,"Based on the adult PC game by Orc Soft. After five years Kenta returns his former house. Now his uncle's family lives there and he is supposed to stay there again because he plans to attend the nearby school. That means he'll meet his older cousins, twins Saki and Maki , again who used to take care of him when he was younger. But to his surprise Saki and Maki have grown into very outgoing girls. Kenta quickly learns that his uncle got transferred to another city so it's only the three of them in the house. Saki and Maki waste no time to approach him very aggressivly. (Source: VNDB)",[],Sei Yariman Sisters Pakopako Nikki The Animation,,,['Hentai'],
180,ふくびき！トライアングル～双葉はあたふた～❤～,,,,,['OVA'],1,Finished Airing,"Mar 27, 2015",,,"None found,","None found,",['PoRO'],Visual novel,,,,29 min.,Rx - Hentai,6.57,N/A,#6963,"9,313",24,3541,"Futaba Shinonome is in love with her older sister's boyfriend, Ushio Irifune. However, he always rejects her seductive advances. To pressure him into making love with her, she makes him drink a glass of water mixed with an aphrodisiac. Consequently, Ushio's inner sexual desires awaken, much to Futaba's delight. But, things do not go according to her expectations... [Written by MAL Rewrite]","['Prequel (OVA) Fukubiki! Triangle: Miharu After', '']",Fukubiki! Triangle: Futaba wa Atafuta ♥,,,['Hentai'],
181,いいなり! 催眠彼女,,,,,['OVA'],2,Finished Airing,"Feb 10, 2015 to May 1, 2015",,,['Mary Jane'],"None found,",['New Generation'],Visual novel,,,,15 min. per ep.,Rx - Hentai,6.36,N/A,#6971,"9,293",30,3414,"Based on an adult PC game by Courreges Ace. Takuma has a crush on Megumi, but is unable to confess or date her. When browsing on his phone, he comes across a hypnosis program and decides to try it. Could this be the thing to bring him closer to Megumi? Perhaps it will make her simply obey, which could be a lot of fun too...","['Adaptation (Light Novel) Iinari! Saimin Kanojo: Reizoku Sennou Namahame Seikatsu', '']",Iinari! Saimin Kanojo,,Compliant! Hypnotic Girlfriend,['Hentai'],
182,ムシブギョー 虫奉行 OVA,,,,,['OVA'],3,Finished Airing,"Jul 18, 2014 to Jan 16, 2015",,,"None found,",['Sentai Filmworks'],['Seven Arcs Pictures'],['Manga'],"['Action', 'Fantasy', 'Ecchi']",,['Shounen'],23 min. per ep.,PG-13 - Teens 13 or older,7.01,#4374,#7104,"8,875",1,3559,OVAs bundled with the 15-17th volumes of the Mushibugyou manga.,"['Adaptation (Manga) Joujuu Senjin!! Mushibugyou', '']",Mushibugyou OVA,"['Historical', 'Martial Arts', 'Samurai', 'Super Power']",Joujuu Senjin!! Mushibugyou OVA,,
183,しゃぶらレンタル ~エッチなおねえさんとのエロエロレンタルお勉強~ THE ANIMATION,,,,,['OVA'],1,Finished Airing,"Feb 27, 2015",,,['Pink Pineapple'],"None found,",['Office TakeOut'],Visual novel,,,,27 min.,Rx - Hentai,6.81,N/A,#7465,"7,782",41,2789,"After the private lodge Suuichi planned to study at for his summer break burns down; from a meteorite strike, he takes up the offer from his sister(Nanami) to stay with her in the dorms over summer break. While in the bath with his sister he is caught by three other female inhabitants of the dorms and is subsequently taught ""lessons"" by each of them, partially in part to agreeing to call each of them ""nee-chan"". Based on the erotic PC game by Atelier Kaguya Honky-Tonk Pumpkin.",[],Shabura Rental: Ecchi na Oneesan to no Eroero Rental Obenkyou The Animation,,,['Hentai'],
184,ボクの弥生さん,,,,,['OVA'],2,Finished Airing,"Feb 27, 2015",,,['ZIZ Entertainment (ZIZ)'],"None found,",['MB planning'],['Manga'],,,,21 min. per ep.,Rx - Hentai,6.19,N/A,#7584,"7,481",31,2965,"It has been five years since Hiro's older brother passed away, and during those years, he has been living with his brother's widow, Yayoi. Fast forward to the present, Hiro's feelings for Yayoi are brighter than ever. Will he be able to confess his feelings toward her? Will Yayoi be able to reciprocate said feelings? (Source: MU, edited)","['Sequel (OVA) Boku no Yayoi-san 2', 'Adaptation (Manga) Boku no Yayoi-san']",Boku no Yayoi-san,,,['Hentai'],
185,豚の如き山賊に捕らわれて処女を奪われる巨乳姫騎士&女戦士 ~絶対チ●ポなんかに負けたりしない!!~ THE ANIMATION,,,,,['OVA'],1,Finished Airing,"Jan 30, 2015",,,['Pink Pineapple'],"None found,",['Seven'],Visual novel,,,,24 min.,Rx - Hentai,5.80,N/A,#7593,"7,455",57,2852,Based on the erotic game by Erectlip.,[],Buta no Gotoki Sanzoku ni Torawarete Shojo wo Ubawareru Kyonyuu Himekishi & Onna Senshi,,Buta no Gotoki Sanzoku ni Torawarete Shojo wo Ubawareru Kyonyuu Himekishi & Onna Senshi: Zettai Chinpo Nanka ni Maketari Shinai!! The Animation,['Hentai'],
186,デモニオン ~外伝~,,,,,['OVA'],2,Finished Airing,"Nov 21, 2014 to Mar 27, 2015",,,"['White Bear', 'Mediabank']","None found,",['BreakBottle'],Visual novel,,,,20 min. per ep.,Rx - Hentai,6.46,N/A,#7807,"6,978",10,2422,"There once was a maou Astaroth who invaded the human kingdom, plunging the world into war. However, he was finally suppressed by a group of heroes who took his powers and sealed him deep underground. Two hundred years later, there were rumours that the seal was broken due to the recent shifts in the Earth’s crust and that the maou had been revived. Many confident adventurers descended on Astaroth’s underground labyrinth with the intention of defeating him and becoming famous. Little did they know that he had set out a trap for them… (Source: Omochikaeri)","['Adaptation (Light Novel) Demonion: Maou no Chika Yousai', '']",Demonion: Gaiden,,,['Hentai'],
187,イエナイコト THE ANIMATION,Price Of A Secret,,,,['OVA'],2,Finished Airing,"Mar 6, 2015 to Mar 4, 2016",,,"['MS Pictures', 'BOOTLEG']","None found,",['Peak Hunt'],['Manga'],,,,15 min. per ep.,Rx - Hentai,6.14,N/A,#8176,"6,230",9,2285,"Hayakawa Rena as school advisor caught her sister, Hayakawa Mina having sex with guy teacher. But Rena is blackmailed into being a plaything for men. (Source: AniDB)","['Prequel (OVA) Ikenai Koto The Animation', 'Adaptation (Manga) Ikenai Koto: Kinjirareta Shoujo no Kairaku']",Ienai Koto The Animation,,,['Hentai'],
188,イケナイコト THE ANIMATION,,,,,['OVA'],1,Finished Airing,"Jan 2, 2015",,,"['MS Pictures', 'BOOTLEG']","None found,",['Peak Hunt'],['Manga'],,,,15 min.,Rx - Hentai,6.10,N/A,#8531,"5,673",9,2258,She's been photographed doing something she shouldn't have... Now she's blackmailed into being a plaything for men. (Source: AniDB),"['Sequel (OVA) Ienai Koto The Animation', 'Adaptation (Manga) Ikenai Koto: Kinjirareta Shoujo no Kairaku']",Ikenai Koto The Animation,,,['Hentai'],
189,のせわすれ ～女教師中善寺綾乃の淫鬱なこれから～,,,,,['OVA'],2,Finished Airing,"Jan 2, 2015 to Feb 6, 2015",,,"['MS Pictures', 'AniMan']","None found,",['Studio 9 Maiami'],['Manga'],,,,17 min. per ep.,Rx - Hentai,5.86,N/A,#8691,"5,390",3,2105,"Based on the adult manga by Shiwasu no Okina. Ayano-sensei is a teacher in a lesbian relationship with one of her female students. When helping to clear out the old second school building, she finds a flash drive with pictures of women having sex... women with dicks of their own! Her investigation leads her to one of her very own students, the president of the black magic club. He can make it happen, but it's not gonna be easy. (Source: H-Moe)","['Adaptation (Manga) Nosewasure', '']",Nosewasure: Onna Kyoushi Chuuzenji Ayano no Inutsu na Kore kara,,Nosewasure The Animation: Female Teacher Chuuzenji Ayano's Upcoming Sexual Frustrations,['Hentai'],
190,トロヤを自分の手で,,,,,['OVA'],1,Finished Airing,Jan 2015,,,"None found,","None found,","None found,",Original,,['Historical'],['Kids'],12 min.,G - All Ages,[],#15003,#21560,200,0,,A story about the Trojan ruins and a great archeological discovery.,[],Trojan wo Jibun no Te de,,Doutoku Meisaku Series,,
191,不祥事の未然防止・再発防止シリーズ,,,,,['OVA'],2,Finished Airing,"Mar 25, 2015",,,"None found,","None found,","None found,",Original,,['Educational'],,30 min. per ep.,PG-13 - Teens 13 or older,[],#18047,#21969,176,0,,"A 2-disc OVA series created for businesses under the supervision of two lawyers. It's main goal is to be a scandal prevention tool. The focus is scandals in a work environment, as in how they happen and how supervisors are to handle the situation. Disc 1 covers voyeurism (mainly taking up-skirt photos of school girls in public places), stalking, drunk driving, and illegal drug use. Disc 2 handles embezzlement, IP theft, and maternity harassment/pregnancy discrimination (a common issue in Japan where women are bullied into quitting when seeking maternity leave. Some women receive this harassment in the form of being passed over for promotions even when not pregnant/without kids because they might one day become pregnant in the future). Some topics deal cover two versions of the issue. Such as IP theft on purpose (someone selling company information) and IP theft by accident (losing a USB full of data on a train with company information).",[],Fushouji no Mizen Boushi: Saihatsu Boushi Series,,,['Drama'],
192,それいけ！アンパンマン　ハッピーおたんじょうびシリーズ,,,,,['OVA'],12,Finished Airing,"Feb 18, 2015 to Dec 9, 2015",,,"None found,","None found,",['TMS Entertainment'],Picture book,"['Comedy', 'Fantasy']",['Educational'],['Kids'],25 min. per ep.,PG - Children,[],#14511,#24794,97,0,,"Celebrate your birthday with Anpanman and friends! Each episode features characters, songs, and stories related to one month of the year.",[],Sore Ike! Anpanman: Happy Otanjoubi Series,,,,
193,劇場版 サイコパス,Psycho-Pass: The Movie,Psycho Pass: Der Film,Psycho-Pass: La Película,Psycho-Pass: Le Film,['Movie'],1,Finished Airing,"Jan 9, 2015",,,"['Dentsu', 'Fuji TV', 'Nitroplus', 'Sony Music Entertainment', 'TOHO animation', 'Kyoraku Industrial Holdings']",['Funimation'],['Production I.G'],Original,"['Action', 'Sci-Fi']",,,1 hr. 53 min.,R - 17+ (violence & profanity),7.69,#1318,#915,"281,921",553,142888,"Due to the incredible success of the Sibyl System, Japan has begun exporting the technology to other countries with the hope that it will one day be used all around the world. In order to test its effectiveness in a foreign location, the war-torn state of the South East Asian Union (SEAUn) decides to implement the system, hoping to bring peace and stability to the town of Shambala Float and keep the population in check. However, a group of anti-Sibyl terrorists arrive in Japan, and the Ministry of Welfare's Public Safety Bureau discovers significant evidence that the invaders are being aided by Shinya Kougami, a former Enforcer who went rogue. Because of their past relationship, Akane Tsunemori is sent to SEAUn to bring him back, but with their last meeting years in the past, their reunion might not go quite as planned. [Written by MAL Rewrite]","['Prequel (TV) Psycho-Pass 2', 'Sequel (Movie) Psycho-Pass: Sinners of the System Case.1 - Tsumi to Batsu', 'Adaptation (Novel) Gekijouban Psycho-Pass', '']",Psycho-Pass Movie,"['Adult Cast', 'Detective', 'Military']",Psychopath Movie,,
194,劇場版 境界の彼方 I'LL BE HERE 過去篇,Beyond the Boundary: I'll Be Here - Past,,,,['Movie'],1,Finished Airing,"Mar 14, 2015",,,['Shochiku'],['Sentai Filmworks'],['Kyoto Animation'],['Light novel'],"['Action', 'Supernatural']",['School'],,1 hr. 22 min.,PG-13 - Teens 13 or older,7.72,#1233,#1471,"171,518",262,77998,"The first part of a two-part movie. The story is a recap of the TV series. Mirai Kuriyama is the sole survivor of a clan of Spirit World warriors with the power to employ their blood as weapons. As such, Mirai is tasked with hunting down and killing ""youmu""—creatures said to be the manifestation of negative human emotions. One day, while deep in thought on the school roof, Mirai comes across Akihito Kanbara, a rare half-breed of youmu in human form. In a panicked state, she plunges her blood saber into him only to realize that he's an immortal being. From then on, the two form an impromptu friendship that revolves around Mirai constantly trying to kill Akihito, in an effort to boost her own wavering confidence as a Spirit World warrior. Eventually, Akihito also manages to convince her to join the Literary Club, which houses two other powerful Spirit World warriors, Hiroomi and Mitsuki Nase. As the group's bond strengthens, however, so does the tenacity of the youmu around them. Their misadventures will soon turn into a fight for survival as the inevitable release of the most powerful youmu, Beyond the Boundary, approaches. [Written by MAL Rewrite]","[""Sequel (Movie) Kyoukai no Kanata Movie 2: I'll Be Here - Mirai-hen"", '']",Kyoukai no Kanata Movie 1: I'll Be Here - Kako-hen,,"Beyond the Boundary Movie, Kyokai no Kanata Movie",,
195,花とアリス 殺人事件,The Case of Hana & Alice,,El caso de Hana y Alice,,['Movie'],1,Finished Airing,"Feb 20, 2015",,,"['Pony Canyon', 'Nippon Television Network', 'Shogakukan']",['GKIDS'],"[""Steve N' Steven"", 'Rockwell Eyes']",Original,"['Award Winning', 'Drama', 'Mystery']",,,1 hr. 38 min.,PG-13 - Teens 13 or older,7.24,#3172,#3422,"47,290",243,14195,"After transferring to Ishinomori Middle School, Tetsuko ""Alice"" Arisugawa overhears her classmates discussing a strange rumor. The previous occupant of her seat, a nondescript ""Judas,"" is missing and presumed murdered—poisoned by one of his four wives. Amidst dealing with her mother's undesired meddling in her affairs and warding off her classmates' bullying, the troubled Alice starts to investigate the mystery surrounding Judas' disappearance. The trail of clues leads her to the house of her next-door neighbor, the quirky and reclusive Hana Arai. After an awkward introduction, Hana agrees to help Alice and formulates a plan that may lead them to the answers they seek. The two girls embark on a journey to uncover what happened to Judas, and perhaps a friendship may start to blossom between the two along the way. [Written by MAL Rewrite]","['Adaptation (Manga) Hana to Alice: Satsujin Jiken', '']",Hana to Alice: Satsujin Jiken,,Hana & Alice: The Murder Case,,
196,劇場版 蒼き鋼のアルペジオ -アルス・ノヴァ- DC,,,,,['Movie'],1,Finished Airing,"Jan 31, 2015",,,"['Sotsu', 'DAX Production']","None found,",['SANZIGEN'],['Manga'],"['Action', 'Sci-Fi']",,['Seinen'],1 hr. 45 min.,PG-13 - Teens 13 or older,7.38,#2438,#4477,"27,762",46,12352,"Humanity finds itself in a struggle when the sea level begins to rise to an unprecedented level in the year 2039. To make matters worse, powerful enemies resembling old wartime vessels called the Fleet of Fog roam the waters, severing communication and transit to various regions. Any attempt at retaliation ends in failure with humanity's current weaponry. Only Gunzou Chihaya stands a chance against the Fleet of Fog as captain of the friendly Fog I-401 submarine Iona. As a result, Gunzou and his crew, known as Blue Steel, are tasked with a critical delivery mission by the Japanese government: they must deliver humanity's last hope against the Fleet of Fog, the Vibration Torpedo Warhead, through hostile waters to the United States for mass production. Though involved in the unsavory conflict, Blue Steel strives for nothing more than a peaceful resolution to it. As Iona undertakes the current mission and tasks beyond it, the crew upholds their values even in the face of harsh situations. [Written by MAL Rewrite]","['Sequel (Movie) Aoki Hagane no Arpeggio: Ars Nova Movie 2 - Cadenza', 'Adaptation (Manga) Aoki Hagane no Arpeggio']",Aoki Hagane no Arpeggio: Ars Nova Movie 1 - DC,,"Aoki Hagane no Arpeggio: Ars Nova DC, Arpeggio of Blue Steel: Ars Nova Movie 1, Gekijouban Aoki Hagane no Arpeggio",,
197,アキの奏で,,,,,['Movie'],1,Finished Airing,"Mar 22, 2015",,,['Exa International'],"None found,",['J.C.Staff'],Original,,,,25 min.,PG-13 - Teens 13 or older,6.93,#4656,#4855,"22,924",26,10805,"Aki Miyagawa moved to Tokyo to pursue her dream to be a taiko drummer, but had a hard time balancing her strict training regimen with her part-time job. Now, after 15 years, she's returning to coach others for a taiko festival. (Source: ANN) Project by J.C.Staff announced to be part of Anime Mirai 2015.",[],Aki no Kanade,"['Music', 'School']","Wakate Animator Ikusei Project, 2015 Young Animator Training Project, Anime Mirai 2015",['Slice of Life'],
198,Appleseed Alpha,,,,,['Movie'],1,Finished Airing,"Jan 17, 2015",,,"['Sony Pictures Entertainment', 'Aniplex', 'Lucent Pictures Entertainment']",['Sony Pictures Worldwide Acquisitions'],['Sola Digital Arts'],['Manga'],"['Action', 'Adventure', 'Sci-Fi']",,['Seinen'],1 hr. 33 min.,R - 17+ (violence & profanity),6.94,#4643,#5153,"19,827",35,10043,"Set in a different series of events, this story does not follow the previous Appleseed movie canon (despite being directed by the same director of the previous movies); it is an alternate story to their beginnings. Briareos is already a cyborg and did not become separated from Deunan to be later reunited in Olympus to join ESWAT. Appleseed Alpha depicts the early days of Deunan Knute and Briareos in the 22nd century, as they embark on a journey throughout dystopic ruins of New York in search of the city of Olympus. They are hired by Two Horns, the warlord of the ruined city, to eliminate bipedal combat machines. During the fight, they encounter Iris and Olson, both on a mission. Deunan and Briareos befriend them and decide to join their mission. Iris is tasked with preventing the malevolent cyborg Talos from capturing a secret weapon humans were building. Talos uses Iris to activate the gigantic war machine. (Source: Wikipedia)","['Adaptation (Manga) Appleseed α', '']",Appleseed Alpha,"['Mecha', 'Military']","Project Alpha, Appleseed α",,
199,音楽少女,Music Girl,Music Girls,Music Girls,Music Girls,['Movie'],1,Finished Airing,"Mar 22, 2015",,,"['DAX Production', 'Exa International']","None found,",['Studio Deen'],Original,,['Music'],,25 min.,PG-13 - Teens 13 or older,6.19,#8886,#6021,"13,249",10,5805,"On her way to her first day of high school, Eri Kumagai is captivated by a girl's singing. Her song is beautiful but ends abruptly when the girl steps on a cat's tail and disrupts the moment. Eri pushes this out of her mind until that same girl rushes into her class late, cat in hand, and claims that the name on the attendance list—Chiharu Yuzuka—is her ""false name"" and she is actually called Haru Chitose. Much to Eri's distaste, she cannot escape the eccentric Haru, as the two happen to share the same dormitory room. Haru causes one headache after another, but when she snoops around in Eri's laptop and discovers that she is an online composer, Eri is furious. Haru, enamored by Eri's music, desperately wants to sing with Eri, but Eri is dead set against it. Will the two be able to find common ground? [Written by MAL Rewrite]",[],Ongaku Shoujo,,"Wakate Animator Ikusei Project, 2015 Young Animator Training Project, Anime Mirai 2015",['Slice of Life'],
200,劇場版「シドニアの騎士」,Knights of Sidonia: The Movie,,,,['Movie'],1,Finished Airing,"Mar 6, 2015",,,"None found,",['Sentai Filmworks'],['Polygon Pictures'],['Manga'],"['Action', 'Sci-Fi']",,['Seinen'],2 hr. 14 min.,R+ - Mild Nudity,7.24,#3145,#6082,"12,859",13,3461,A recap of the first season of Sidonia no Kishi with additional scenes and re-edited sound effects.,"['Adaptation (Manga) Sidonia no Kishi', '']",Sidonia no Kishi Movie,"['Mecha', 'Space']",,,
201,映画 ドラえもん のび太の宇宙英雄記[スペースヒーローズ],,,,,['Movie'],1,Finished Airing,"Mar 7, 2015",,,"None found,","None found,",['Shin-Ei Animation'],Unknown,"['Comedy', 'Sci-Fi']",['Space'],,1 hr. 40 min.,PG - Children,7.14,#3674,#8001,"6,568",3,3971,"Nobita wishes to be a real hero. Doraemon uses his gadget, the Burger Director to make them a real movie superhero. Aron saw the five powers and abilities and asks them to help him save his planet, the planet Pokkuru. After their journey to the planet, the gang thought it was only Burger's doing but realizing that it is not a movie and they are actually fighting bad guys. (Source: IMDb)",[],Doraemon Movie 35: Nobita no Space Heroes,,"Doraemon: Nobita no Uchuu Eiyuuki, Doraemon: Nobita's Space Heroes",,"['Kids', 'Shounen']"
202,映画プリキュアオールスターズ　春のカーニバル♪,,,,,['Movie'],1,Finished Airing,"Mar 14, 2015",,,"['Asahi Broadcasting', 'Kinoshita Group Holdings']","None found,",['Toei Animation'],Original,"['Action', 'Comedy']",,,1 hr. 14 min.,G - All Ages,6.54,#6846,#9333,"4,370",4,1867,New Precure All Stars movie.,[],Precure All Stars Movie: Haru no Carnival♪,"['Mahou Shoujo', 'Music']","Eiga Precure All Stars: Haru no Carnival, Precure All Stars Movie: Spring Carnival",,
203,劇場版プリパラ　み～んなあつまれ！プリズム☆ツアーズ,,,,,['Movie'],1,Finished Airing,"Mar 7, 2015",,,"None found,","None found,",['Tatsunoko Production'],Game,,,,1 hr. 30 min.,PG - Children,6.81,#5296,#10798,"2,789",4,913,"PriPara the Movie: Everyone, Assemble! Prism ☆ Tours is the film based on and starring the characters from PriPara. The film is scheduled to begin showing in theaters across Japan from March 7, 2015. The plot will focus on Laala Manaka finding out about Saints' top idol journey, and will feature the return of many characters from across all the Pretty Rhythm series. (Source: PriPara Wikia)",[],PriPara Movie: Mi~nna Atsumare! Prism☆Tours,"['Idols (Female)', 'Music']","PriPara Movie: Minna Atsumare! Prism☆Tours, Puri Para, Pri Para, PuriPara, Prism Paradise",,
204,クミとチューリップ,,,,,['Movie'],1,Finished Airing,"Mar 22, 2015",,,"None found,","None found,",['Tezuka Productions'],Original,,['Visual Arts'],['Kids'],23 min.,G - All Ages,5.99,#9981,#11608,"2,189",1,816,"Kumi is a little girl who lives in a world with sparkling metal skyscrapers, and where robots support everything. Kumi's playground is a garden by one of those skyscrapers with a man-made water fountain, artificial vegetation, and digital water and butterflies. Kumi meets an old man who visits the park every day to paint the artificial flowers. The old man tells Kumi of when he discovered a ""breathing"" tulip sprouting amidst the artificial flowers, and the two decide to watch over the tulip together as it grows. (Source: ANN) Project by Tezuka Productions announced to be part of Anime Mirai 2015.",[],Kumi to Tulip,,"Wakate Animator Ikusei Project, 2015 Young Animator Training Project, Anime Mirai 2015",['Sci-Fi'],
205,ハッピーカムカム,,,,,['Movie'],1,Finished Airing,"Mar 22, 2015",,,['Exa International'],"None found,",['SynergySP'],Original,"['Comedy', 'Sci-Fi', 'Slice of Life']",,,25 min.,G - All Ages,5.39,#12459,#12332,"1,734",0,534,"Hiroshi is tired of living alone so he orders a maid robot from a company called Happy ComeCome, but ends up with the robot mom Yoshiko instead. Yoshiko acts more motherly than Hiroshi's real mother, and over time she is able to heal his heart. (Source: ANN) Project by SynergySP announced to be part of Anime Mirai 2015.",[],Happy ComeCome,,"Wakate Animator Ikusei Project, 2015 Young Animator Training Project, Anime Mirai 2015, Happy★ComeCome",,
206,생각보다 맑은,Clearer Than You Think,,,,['Movie'],1,Finished Airing,"Jan 22, 2015",,,"None found,","None found,","None found,",Original,"['Drama', 'Slice of Life']",,,1 hr. 17 min.,PG-13 - Teens 13 or older,[],#21481,#12860,"1,470",1,,"Our lives in the real world stand at the crossroads of countless decisions. The characters of this film—Maro and Crow, the department chief Ms. Kim, Sweet Potato and Titi, Ye-mi and Gang-bo—live in an imaginary animated world, but they face the real life concerns that confront all of us. This story takes a funny yet bittersweet look at the vast gulf between the reality and ideals of our lives at different moments—before we make a choice, during the process of choosing, and after a choice has been made. (Source: Korean Film Biz Zone)",[],Saenggakboda Markeun,,,,
207,夕やけだん団,,,,,['Movie'],23,Finished Airing,"Mar 31, 2015 to Sep 10, 2015",,,['flying DOG'],"None found,",['Dynamo Pictures'],Original,,,,1 min. per ep.,G - All Ages,5.92,#10342,#13435,"1,249",2,167,Short films screened at 109 Cinemas during previews.,[],Yuuyake Dandan,,Yuyake Dandan,['Slice of Life'],
208,天籁之一萬年以后,10000 Years Later,,,,['Movie'],1,Finished Airing,"Mar 27, 2015",,,['Yili Animation Studio'],"None found,","None found,",Original,,,,1 hr. 36 min.,PG - Children,5.03,#13182,#13892,"1,100",2,302,"Hundreds of thousands of years after the collapse of civilization, the world is a post-tech wasteland, and is inhabited by humanoid tribes. The Peace held between them is threatened by the return of Wushen, an evil shape-shifting ghost of modern technology. Wushen threatens to enslave the world population. Zhuma, a ten-year-old girl is the heroine of the story, accompanied by Zhanggong, her lion-like Tibetan Mastiff dog. Chosen, and helped by a ethereal goddess she must assemble a band of allies from the surviving tribes to fight Wushen, and stop him from gaining control over an ancient power. (Source: IMDb)",[],Yi Wan Nian Yi Hou,,Teana: 10000 Years Later,['Fantasy'],
209,十万个冷笑话; 十万个冷笑话 大电影,One Hundred Thousand Bad Jokes,,,,['Movie'],1,Finished Airing,"Jan 1, 2015",,,['Yaoqi'],"None found,",['L²Studio'],['Web manga'],"['Action', 'Adventure', 'Comedy', 'Fantasy']",['Parody'],,1 hr. 40 min.,PG-13 - Teens 13 or older,6.33,#8105,#14865,844,1,208,The film adaptation of the One Hundred Thousand Bad Jokes web manhua.,[],Shi Wan Ge Leng Xiaohua Movie 1,,One Hundred Thousand Bad Jokes Movie,,
210,such a good place to die,Such a Good Place to Die,,,,['Movie'],1,Finished Airing,"Mar 29, 2015",,,"None found,","None found,","None found,",Original,,,,3 min.,PG-13 - Teens 13 or older,5.60,#11780,#15587,690,0,268,A short film by Onohana.,[],Such a Good Place to Die,,,['Avant Garde'],
211,月夜＆オパール,Moonlit Night and Opal,,,,['Movie'],1,Finished Airing,"Mar 7, 2015",,,['Geidai Animation'],"None found,","None found,",Original,,,,3 min.,G - All Ages,5.22,#12886,#16680,540,0,267,"Half asleep with my eyes closed, my conscience flies beyond time and space and I transform myself to all the life forms existing. I become the universe and the universe becomes me, until I fall asleep.... It is a song to pray for the existence of heart and soul at an awakening.",[],Tsukiyo & Opal,,,['Avant Garde'],
212,機動戦士ガンダムさん ~劇場マナーCM~,Mobile Suit Gundam-san: Manner Movies CM,,,,['Movie'],2,Finished Airing,"Feb 7, 2015 to Oct 10, 2015",,,"None found,","None found,",['Sunrise'],Unknown,,,,30 sec. per ep.,PG-13 - Teens 13 or older,5.58,#11874,#16900,515,0,136,Two manner movies created to promote theatrical screenings of the first two episodes of Mobile Suit Gundam: The Origin.,[],Kidou Senshi Gundam-san: Gekijou Manner CM,"['Anthropomorphic', 'Parody']",,['Comedy'],
213,熊出没之雪岭熊风,Boonie Bears: Mystical Winter,,,Boonie Bears: L'Aventure du Monde des Glaces,['Movie'],1,Finished Airing,"Jan 30, 2015",,,['Fantawild Animation'],"None found,","None found,",Original,"['Adventure', 'Comedy']",,,1 hr. 36 min.,PG - Children,6.03,#9788,#17715,441,0,147,"A Mystical Winter is a magical, thrilling spectacle/family adventure that tells the legendary tale of The Mystical Spirit of Winter who maintains the harmonious balance on Crystal Peaks. Briar and Bramble were just cubs when they first heard the story. While getting lost in the woods, Bramble stumbles upon the lair of Neva, the Spirit of Winter and forms a long lasting bond with the mystical creature. Years later, the Spirit of Winter returns, and is being hunted by an ambitious collector. Bramble decides to go on a journey to find Neva, and save her from causing the dormant volcano on Crystal Peaks from erupting. (Source: Official website)",[],Xiong Chumo: Xue Ling Xiong Feng,,,,
214,兔侠之青黎传说,Legend of a Rabbit: The Martial of Fire,,,,['Movie'],1,Finished Airing,"Feb 21, 2015",,,"None found,","None found,","None found,",Original,"['Action', 'Adventure', 'Comedy']",['Martial Arts'],,1 hr. 35 min.,PG - Children,6.07,#9559,#18073,413,0,107,"Sequel to the movie Legend of a Rabbit It’s been couples of years since Tu defeated Slash. More than a hero, Tu is regarded as the protector of the village defeating bandits and upholding justice. However, with no real foundation in Kung Fu, Tu has to start from zero in order to harness the Kung Fu skills which he inherited from the Grandmaster. One day, Tu rescues an old injured warrior who finally turns out to be the evil Zhan. Zhan plans to take over the world of Martial Art by acquiring a precious gem from the real successor Lan of Huo Clan. Upon confrontation, Tu fails to save Lan and the Martial of Fire. The reality hits him and Tu realizes he’s just a lucky rabbit who happens to inherit the Grandmaster’s Kung Fu. Therefore, Tu restarts to practicing Kung Fu as much encouragement from Penny and Biggie. As time goes by, Tu’s able to get on his feet and join his fellow warriors, Penny and Biggie, to stop Zhan’s evil plan, while Zhan is getting closer to his goal. Finally, Tu defeats against evil Zhan by holding the True Harmony of the Martial of Fire & Water. (Source: GSC Movies)","['Prequel (Movie) Tu Xia Chuanqi', '']",Tu Xia Zhi Qing Li Chuanshuo,,Tu Xia: Qing Li Chuanshuo,,
215,I Wanna Be Your Friend,I Wanna Be Your Friend,,,,['Movie'],1,Finished Airing,"Mar 29, 2015",,,['Geidai Animation'],"None found,","None found,",Original,,,,4 min.,PG-13 - Teens 13 or older,6.02,#9840,#18084,414,0,201,"An award-winning short film following a claymation figure trying to befriend others. As stated in the video's official synopsis, ""For friendship it is the most important to be cooperative.""",[],I Wanna Be Your Friend,,,['Comedy'],
216,喜羊羊与灰太狼之羊年喜羊羊,Amazing Pleasant Goat,,,,['Movie'],1,Finished Airing,"Jan 31, 2015",,,['Alpha Group'],"None found,","None found,",Unknown,"['Adventure', 'Comedy']",,['Kids'],1 hr. 25 min.,G - All Ages,5.81,#10877,#18530,379,0,135,"In Green Green Pastures, there exists a much loved legend about valiant dragon-slayers who lived in the Stone Age. Having grown up listening to stories about their awe-inspiring adventures, Pleasant Goat and Fatty Goat have always wanted to become dragon slayers themselves. While trying to make this dream come true, Fatty Goat inadvertently switches bodies with Big Big Wolf, and the two, along with Pleasant Goat, soon find themselves transported back to the Stone Age. When an evil dragon appears and threatens Stone Age Green Green Pastures, Fatty Goat, Big Big Wolf and Pleasant Goat must rise up to the dragon-slaying challenge. (Source: YesAsia)","['Prequel (Movie) Xi Yangyang Yu Hui Tailang: Fei Ma Qi Yu Ji', '']",Xi Yangyang Yu Hui Tailang: Yang Nian Xi Yangyang,,Pleasant Goat and Big Big Wolf Movie 7: Amazing Pleasant Goat,,
217,劇場版しまじろうのわお! しまじろうとおおきなき,,,,,['Movie'],1,Finished Airing,"Mar 13, 2015",,,['Benesse Corporation'],"None found,",['The Answer Studio'],Unknown,,,['Kids'],54 min.,PG - Children,[],#14233,#18642,371,0,,"The third movie version of “Shijiro no Wao!”, A TV program for children, featuring the popular character “Simajiro”. It consists of an anime part depicting the great adventures of Shimajiro and friends, and participatory live-action parts such as songs and quizzes. One day, Shimajiro's sister feels the SOS of a “motherwood” tree higher than the clouds in a mysterious dream. So the Shimajiro and others were riding on the Kibo of Gaogao to help the motherwood, and the fog with the motherwood headed to the island ... (Source: Allcinema)",[],Shimajirou no Wow! Movie 3: Shimajirou to Ookinaki,,,['Adventure'],
218,さぬき映画祭オープニング映像,,,,,['Movie'],2,Finished Airing,"Feb 13, 2015 to Feb 11, 2016",,,"None found,","None found,","None found,",Original,,['Music'],,15 sec. per ep.,G - All Ages,5.05,#13162,#18710,365,0,159,Sanuki Film Festival in 2015 and 2016 had opening animations to officially launch the beginning of the festival.,[],Sanuki Eiga-sai Opening Eizou,,,['Avant Garde'],
219,憂鬱鼻,An Emo Nose,,,,['Movie'],1,Finished Airing,"Mar 9, 2015",,,"None found,","None found,",['Wong Ping Animation Lab'],Original,,,,4 min.,R - 17+ (violence & profanity),[],#16125,#22213,167,0,,"I have lost my interest in any kind of social activities after my nose leave me. Am I enjoying loneliness as I thought, or the ugliness of the people around me makes me feel being alone is actually not bad at all? (Source: Vimeo)",[],Youyu Bi,,,['Avant Garde'],
220,ちゅうちゅう,Kiss Kiss,,,,['Movie'],1,Finished Airing,Feb 2015,,,"None found,","None found,","None found,",Original,"['Avant Garde', 'Romance']",,,3 min.,PG-13 - Teens 13 or older,[],#17375,#22702,146,0,,"A man was born. He met a woman whom he fell in love with and kissed. They separated, but two people change shape and are reborn over time. A kiss is eternal. A journey of new life born from a kiss. (Source: YouTube)",[],Chuuchuu,,,,
221,观照,Behind the Schoolbag,,,,['Movie'],1,Finished Airing,"Mar 10, 2015",,,"None found,","None found,","None found,",Original,,['Psychological'],,9 min.,R - 17+ (violence & profanity),[],#18283,#23112,133,0,,"Behind the Schoolbag is a story about self-salvation. Having suffered from a miserable childhood, Shaun couldn't help but question his own value. Human relationship has always been Shaun's barrier, sometimes, he wishes he could stay alone, but in reality, Shaun has to re-enter the society. Staying in his own comfort zone, Shaun can do nothing but lock up his heart and distant himself from others. All the stress and pressure in modern life is driving people insane. We have to learn how to sooth our own emotions so as to survive. We can do nothing but meditate and reflect upon ourselves. We can observe the truth and the essence wisely and feel the presence of now and start living. (Source: Vimeo)",[],Guanzhao,,,['Drama'],
222,摩尔庄园大电影3：魔幻列车大冒险,Legend Of The Moles: The Magic Train Adventure,,,,['Movie'],1,Finished Airing,"Feb 5, 2015",,,"None found,","None found,","None found,",Game,,,['Kids'],1 hr. 27 min.,PG - Children,[],#20384,#23319,127,0,,No synopsis information has been added to this title. Help improve our database by adding a synopsis here.,"['Prequel (Movie) Mole Zhuang Yuan II: Hai Yao Bao Cang', '']",Mole Zhuang Yuan 3: Mohuan Lieche Da Maoxian,,,,
223,龙骑侠,Bicycle Boy,,,,['Movie'],1,Finished Airing,"Jan 1, 2015",,,"None found,","None found,","None found,",Original,"['Action', 'Adventure', 'Fantasy', 'Sci-Fi']",,['Kids'],1 hr. 30 min.,PG - Children,[],#19852,#24290,106,0,,No synopsis information has been added to this title. Help improve our database by adding a synopsis here.,"['Sequel (Movie) Chao Neng Long Qi Xia', '']",Long Qi Xia,,,,
224,최강전사 미니특공대 : 새로운 악당의 습격,,,,,['Movie'],1,Finished Airing,"Feb 5, 2015 to ?",,,"None found,","None found,",['SAMG Entertainment'],Original,,,['Kids'],1 hr.,PG - Children,[],#20284,#24546,101,0,,No synopsis information has been added to this title. Help improve our database by adding a synopsis here.,[],Miniforce: Saeloun Agdangui Seubgyeog,"['Anthropomorphic', 'Mecha']",,['Action'],
225,闯堂兔2疯狂马戏团,,,,,['Movie'],1,Finished Airing,"Jan 1, 2015",,,"None found,","None found,","None found,",Original,"['Adventure', 'Fantasy']",['Anthropomorphic'],['Kids'],1 hr. 30 min.,PG - Children,[],#17349,#25162,92,0,,No synopsis information has been added to this title. Help improve our database by adding a synopsis here.,"['Prequel (Movie) Chuang Tang Tu', 'Sequel (Movie) Chuang Tang Tu 3: Jiong Jiong Shiguang Ji']",Chuang Tang Tu 2: Fengkuang Maxi Tuan,,Brave Rabbit 2: Crazy Circus,,
226,新年来啦之大闹除夕,,,,,['Movie'],1,Finished Airing,"Feb 19, 2015",,,"None found,","None found,","None found,",Original,"['Adventure', 'Fantasy']",,['Kids'],1 hr. 20 min.,PG - Children,[],#15852,#25453,88,0,,No synopsis information has been added to this title. Help improve our database by adding a synopsis here.,[],Xinnian Lai La: Da Nao Chuxi,,Xinnian is Coming: Uproar of Chuxi,,
227,冴えない彼女の育てかた #0 「愛と青春のサービス回」,Saekano: Fan Service of Love and Youth,,Saekano: Cómo Educar a una Novia Aburrida. Capítulo 0: Fan Service de Amor y Corazones Puros,,['TV Special'],1,Finished Airing,"Jan 9, 2015",,,['Aniplex'],"None found,",['A-1 Pictures'],['Light novel'],"['Comedy', 'Romance', 'Ecchi']",['Harem'],,23 min.,PG-13 - Teens 13 or older,7.08,#4023,#1801,"133,757",95,74445,"The latest game by Blessing Software needs one final push to make it over the finish line. To help with this, the team ventures out to the Japanese countryside for location scouting. Illustrator Eriri Spencer Sawamura and model Megumi Kato busy themselves with work. However, scriptwriter Utaha Kasumigaoka and music producer Michiru Hyoudou have other plans with their teammate Tomoya Aki. With the four girls all fighting for his attention, Tomoya finds himself in increasingly risqué situations. [Written by MAL Rewrite]","['Sequel (TV) Saenai Heroine no Sodatekata', 'Adaptation (Manga) Saenai Heroine no Sodatekata', 'Adaptation (Manga) Saenai Heroine no Sodatekata: Egoistic-Lily', 'Adaptation (Light Novel) Saenai Heroine no Sodatekata']",Saenai Heroine no Sodatekata: Ai to Seishun no Service-kai,,"Saenai Heroine no Sodatekata Special: Episode 0, Saekano: How to Raise a Boring Girlfriend: Prologue",,
228,Free! -Eternal Summer- 禁断のオールハード！,,,,,['Special'],1,Finished Airing,"Mar 18, 2015",,,"None found,",['Funimation'],"['Kyoto Animation', 'Animation Do']",Original,,['School'],,23 min.,PG-13 - Teens 13 or older,7.88,#866,#2285,"95,879",201,46563,Unaired episode included with volume 7 of the Blu-ray/DVD.,[],Free! Eternal Summer: Kindan no All Hard!,,"Free! Eternal Summer Special, Free! Iwatobi Swim Club 2 Special, Free! 2nd Season Special",['Comedy'],
229,グリザイアの果実,,,,,['Special'],6,Finished Airing,"Dec 25, 2014 to May 27, 2015",,,"None found,","None found,",['8bit'],Visual novel,,,,3 min. per ep.,R+ - Mild Nudity,6.89,#4878,#2466,"84,463",57,44722,Short specials added to Blu-ray/DVD volumes.,"['Sequel (Special) Grisaia no Meikyuu: Caprice no Mayu 0 - Takizono Basketball Club no Nama Cream Party!', '']",Grisaia no Kajitsu Specials,,"Le Fruit de la Grisaia Specials, The Fruit of Grisaia Specials",['Ecchi'],
230,僕らはみんな河合荘 初めての,The Kawai Complex Guide to Manors and Hostel Behavior OVA: First Time,,,,['Special'],1,Finished Airing,"Jan 30, 2015",,,"None found,",['Sentai Filmworks'],"[""Brain's Base""]",['Manga'],,,['Seinen'],23 min.,PG-13 - Teens 13 or older,7.63,#1480,#3251,"51,686",40,28102,Unaired episode included in the 7th Blu-ray/DVD volume of Bokura wa Minna Kawaisou anime.,"['Adaptation (Manga) Bokura wa Minna Kawai-sou', '']",Bokura wa Minna Kawai-sou: Hajimete no,"['Love Status Quo', 'School']","The Kawai Complex Guide to Manors and Hostel Behavior: First Time, Bokura wa Minna Kawaisou Special",['Romance'],
231,新妹魔王の契約者〈テスタメント〉,The Testament of Sister New Devil Specials,,,,['Special'],6,Finished Airing,"Mar 27, 2015 to Aug 28, 2015",,,"None found,",['Funimation'],['Production IMS'],['Light novel'],"['Comedy', 'Supernatural', 'Ecchi']",,,4 min. per ep.,R+ - Mild Nudity,6.72,#5795,#3361,"48,795",40,20552,Specials included on the Blu-ray/DVD volumes. Chibi versions of Mio and Maria narrate Basara's various erotic encounters.,[],Shinmai Maou no Testament Specials,,,,
232,Fate/kaleid liner プリズマ☆イリヤ ツヴァイ!,Fate/Kaleid Liner Prisma Illya 2Wei! Shorts,,,,['Special'],5,Finished Airing,"Sep 26, 2014 to Jan 30, 2015",,,"['Lantis', 'DAX Production']",['Sentai Filmworks'],['SILVER LINK.'],['Manga'],"['Comedy', 'Ecchi']",['Mahou Shoujo'],,5 min. per ep.,PG-13 - Teens 13 or older,6.81,#5269,#3479,"46,007",20,21788,Short specials included with the Blu-ray/DVD releases of the TV series.,[],Fate/kaleid liner Prisma☆Illya 2wei! Specials,,"Prisma Illya 2wei!: First Bra - Illya-hen, Prisma☆Illya 2nd Season: First Bra - Illya-hen, Fate/kaleid liner Prisma☆Illya 2wei!: First Bra - Illya-hen",,
233,精霊使いの剣舞〈ブレイドダンス〉ミニOVA,Blade Dance of the Elementalers Specials,,,,['Special'],6,Finished Airing,"Oct 8, 2014 to Mar 4, 2015",,,"None found,","None found,",['TNK'],['Light novel'],"['Action', 'Comedy', 'Fantasy', 'Ecchi']",['School'],,3 min. per ep.,PG-13 - Teens 13 or older,6.60,#6496,#3808,"38,963",21,17685,Mini specials bundled with each Blu-ray/DVD volume of Seireitsukai no Blade Dance. Each special is tied to the new 32-page short story that original light novel author Shimizu Yuu wrote for the limited first pressing of every Blu-ray/DVD volume.,[],Seireitsukai no Blade Dance Specials,,Seirei Tsukai no Blade Dance Mini OVA,,
234,ポケットモンスターXY MEGA EVOLUTION 最強メガシンカ,Pokémon: Mega Evolution Special,,,,['TV Special'],4,Finished Airing,"Apr 3, 2014 to Oct 29, 2015",,,['TV Tokyo'],['The Pokemon Company International'],['OLM'],Game,"['Action', 'Adventure', 'Comedy', 'Fantasy']",,['Kids'],24 min. per ep.,PG - Children,7.42,#2263,#4146,"32,739",16,18632,"Previously an assistant of Lumiose City's Professor Platane, Alain and his Lizardon set off on a journey to become even stronger, by mastering the powers of mega evolution. Investigating the mysteries of this phenomenon, at the behest of the enigmatic Fleur-de-lis, Alain and Lizardon travel across Kalos and Hoenn in search of capable trainers who can use mega evolution in order to improve, as well as help Fleur-de-lis with his research. Along the way, they meet a young girl named Manon who, with her Harimaron, decide to accompany Alain, to which he reluctantly agrees. Pokemon XY: Mega Evolution follows Alain and Lizardon in their journey to become the strongest users of mega evolution, while also fighting against legendary monsters to protect the ambitions of Fleur-de-lis as well as the safety of those most important to him. [Written by MAL Rewrite]",[],Pokemon XY: Mega Evolution,,"Pokemon XY: Saikyou Mega Shinka, Pokemon XY Special Episode: The Strongest Mega Evolution - Act I, Pokemon XY Special Episode: The Strongest Mega Evolution - Act II, Pokemon Monsters XY Tokubetsu-hen",,
235,SHIROBAKO 劇中劇アニメーション,,,,,['Special'],2,Finished Airing,"Feb 25, 2015 to Jul 29, 2015",,,['Warner Bros. Japan'],"None found,",['P.A. Works'],Original,"['Adventure', 'Comedy']",['Otaku Culture'],,25 min. per ep.,PG-13 - Teens 13 or older,6.83,#5164,#4456,"27,996",13,12489,"Shirobako Specials is an OVA adaptation of the first episodes of the two fictional television anime produced by Musashino Animation in the Shirobako television anime. Exodus!: Shutsu Tokyo Akane, Aya, and Alpine are the three members of the struggling idol group Tracy, which has yet to make a name for themselves. After their performance at a supermarket attracts a dismal audience, the trio's leader Akane decides to turn their fortune around by confronting their disinterested manager Taguchi. But the girls are in for a surprise when they stumble across Taguchi's corpse in a storage room, and become the prime suspects in his murder—all the while rising to the widespread fame they so desperately wanted. Daisan Hikou Shoujotai: FALLING ANGEL The 307 Aerial Squad, also known as ""Hell Alice,"" is part of a global military resistance against the enigmatic Builders, who have covered a third of Earth's surface with mysterious structures known as Pillars. With all aircraft built after the 1970s disabled by the Pillars, Hell Alice must pilot their outdated equipment against the advanced technology stolen by the Builders. Among their ranks is the talented, school-aged Japanese girl Aria Hitotose, the so-called ""Ice Doll"" who never hesitates in even the most dire of situations. When an operation to rescue survivors from a destroyed base goes awry, it is up to Aria and her trusty allies to save the day. [Written by MAL Rewrite]","['Adaptation (Doujinshi) Shirobako dj - Daisan Hikou Shoujotai', '']",Shirobako Specials,,,,
236,さばげぶっ！OVA SPECIAL MISSION,,,,,['Special'],6,Finished Airing,"Sep 24, 2014 to Feb 20, 2015",,,['Lantis'],['Sentai Filmworks'],['Pierrot Plus'],['Manga'],"['Action', 'Comedy']",,['Shoujo'],11 min. per ep.,PG-13 - Teens 13 or older,7.25,#3127,#5146,"19,889",12,8828,Short specials bundled with the volumes 1 to 6 of the Blu-ray releases of Sabagebu!,"['Adaptation (Manga) Sabage-bu!', '']",Sabage-bu! Specials,"['CGDCT', 'School']","Sabagebu: Soshite Dareka Inakunatta, Sabagebu! OVA Special Mission",,
237,僕らはみんな河合荘 映像特典,,,,,['Special'],14,Finished Airing,"Jul 2, 2014 to Jan 30, 2015",,,"None found,","None found,","[""Brain's Base""]",['Manga'],,,['Seinen'],40 sec. per ep.,PG-13 - Teens 13 or older,7.12,#3816,#5348,"18,031",22,5504,Based on the 4-koma manga stories of Bokura wa Minna Kawaisou. Included in Blu-ray/DVD volumes 1-7.,[],Bokura wa Minna Kawai-sou Specials,,"Bokura wa Minna Kawaisou: Shiro-san to Ore, The Kawai Complex Guide to Manors and Hostel Behavior: Shino-san and I",['Comedy'],
238,アルドノア・ゼロ総集編,,,,,['Special'],1,Finished Airing,"Jan 4, 2015",,,['Aniplex'],"None found,","['A-1 Pictures', 'TROYCA']",Original,"['Action', 'Sci-Fi']",['Mecha'],,48 min.,R - 17+ (violence & profanity),6.59,#6525,#5679,"15,363",15,4966,Recap of the first season of Aldnoah.Zero series.,[],Aldnoah.Zero Extra Archives,,"Aldnoah.Zero Soushuuhen, Aldnoah.Zero Recap, Aldnoah.Zero Episode 12.5",,
239,よくわかる魔法科！,,,,,['Special'],1,Finished Airing,"Feb 25, 2015",,,['Aniplex'],"None found,","None found,",['Light novel'],,,,3 min.,PG-13 - Teens 13 or older,6.37,#7875,#6140,"12,585",11,4710,Extra episode of Mahouka Koukou no Rettousei: Yoku Wakaru Mahouka! included in the BD/DVD.,"['Prequel (ONA) Yoku Wakaru Mahouka!', '']",Yoku Wakaru Mahouka! - Saiseitte Nani?,,"Mahouka Koukou no Rettousei: Yoku Wakaru Mahouka! Episode 7, The irregular at magic high school: Get to Know Magic Studies!, Mahouka for Dummies",['Comedy'],
240,ヤマノススメ セカンドシーズン,,,,,['Special'],2,Finished Airing,"Oct 24, 2014 to Mar 27, 2015",,,['Earth Star Entertainment'],"None found,",['8bit'],['Manga'],,,,15 min. per ep.,PG-13 - Teens 13 or older,6.87,#5007,#6323,"11,671",1,5655,"Bura no Susume? After learning that her friend only wears sports bras, Yuuka Sasahara insists that Kaede Saitou buy more feminine undergarments. Despite failing to understand the appeal of flashy clothing, Kaede inevitably goes shopping with Aoi Yukimura, Hinata Kuraue, and Kokona Aoba—an outing that may prove to be a climb of its own. Yama no Susume Besuto Ten! The girls look back on their top 10 favorite moments so far, but some events appear different from what they remember. [Written by MAL Rewrite]",[],Yama no Susume Second Season Specials,"['CGDCT', 'Iyashikei']","Yama no Susume 2nd Season Episode 6.5 and Episode 25, Encouragement of Climb 2nd Season, Yama no Susume 2nd Season Specials",['Slice of Life'],
241,百花繚乱 サムライアフター,,,,,['Special'],2,Finished Airing,"Jan 23, 2015 to Jul 1, 2015",,,"None found,","None found,",['Arms'],Unknown,,,,4 min. per ep.,R+ - Mild Nudity,6.47,#7277,#6417,"11,282",7,4128,Specials included with the Hyakka Ryouran: Samurai After BDs.,[],Hyakka Ryouran: Samurai After Specials,,Hyakka Ryouran OVA Specials,['Ecchi'],
242,つばさとホタル,,,,,['TV Special'],4,Finished Airing,"Mar 6, 2015 to Mar 27, 2015",,,"None found,","None found,",['J.C.Staff'],['Manga'],,['School'],['Shoujo'],1 min. per ep.,G - All Ages,6.30,#8306,#7991,"6,601",6,1987,Four episodes that will be aired on TV as segments within the children's television program Oha Suta.,"['Sequel (Special) Tsubasa to Hotaru (2016)', 'Adaptation (Manga) Tsubasa to Hotaru']",Tsubasa to Hotaru (2015),,"Ribon x Oha Suta Specials, Tsubasa and Hotaru (2015)",['Romance'],
243,ドッグデイズ,,,,,['TV Special'],1,Finished Airing,"Jan 11, 2015",,,['Aniplex'],"None found,",['Seven Arcs'],Unknown,"['Action', 'Adventure', 'Fantasy']",,,24 min.,PG-13 - Teens 13 or older,6.45,#7378,#8454,"5,789",4,1850,Recap of the first two seasons of Dog Days series narrated by Mikako Takahashi. Aired simultaneously with the first episode of the third season.,"[""Sequel (TV) Dog Days''"", '']",Dog Days Recap,,,,
244,みりたり! たまたま消滅する白き光!,,,,,['Special'],1,Finished Airing,"Mar 20, 2015",,,"['DAX Production', 'Dream Creation']","None found,",['Creators in Pack'],['4-koma manga'],"['Comedy', 'Ecchi']",['Military'],,5 min.,PG-13 - Teens 13 or older,5.33,#12617,#8486,"5,736",1,2909,Episode 13 included with the Blu-ray/DVD release.,"['Prequel (TV) Military!', 'Adaptation (Manga) Military!']",Military!: Tamatama Shoumetsu Suru Shiroki Hikari!,,"Military! Special, Miritari!, Military! Episode 13, Military! OVA",,
245,名探偵コナン 特別編 「謹賀新年 毛利小五郎」,Detective Conan: Happy New Year Special,,,,['Special'],1,Finished Airing,"Jan 3, 2015",,,"None found,","None found,",['TMS Entertainment'],Unknown,"['Action', 'Comedy', 'Mystery']",['Detective'],['Shounen'],24 min.,PG-13 - Teens 13 or older,7.04,#4215,#9165,"4,638",1,1703,"Special episode consisting of two short stories. The first being an expanded version of Detective Conan: The Fugitive Kogorou Mouri, which was never aired on TV till now. The second half being a brand new New Years Day segment.",[],Meitantei Conan: Kinga Shinnen Mouri Kogorou,,,,
246,,,,,,['Special'],1,Finished Airing,"Mar 13, 2015",,,"None found,","None found,","None found,",['Manga'],"['Action', 'Adventure']",,['Shounen'],5 min.,PG - Children,6.41,#7662,#9288,"4,448",17,1238,Original animation created as part of the Tokyo One Piece Tower theme park.,[],One Piece 4D,,,,
247,TVアニメ｢ちび☆ローリング☆ガールズ｣コロコロ劇場,,,,,['Special'],12,Finished Airing,"Mar 18, 2015 to Aug 19, 2015",,,"None found,","None found,",['Wit Studio'],Original,,['CGDCT'],,1 min. per ep.,PG-13 - Teens 13 or older,5.89,#10492,#9314,"4,402",2,1419,Short specials included with the Blu-rays and DVDs.,[],Rolling☆Girls: Chibi☆Rolling☆Girls Korokoro Gekijou,,,['Slice of Life'],
248,アイドルマスター シンデレラガールズ Special Program,THE IDOLM@STER CINDERELLA GIRLS Special Program,,,,['TV Special'],1,Finished Airing,"Feb 28, 2015",,,['Half H.P Studio'],"None found,",['A-1 Pictures'],Game,,,,10 min.,PG-13 - Teens 13 or older,6.46,#7333,#9537,"4,095",3,1185,"The iDOLM@STER Cinderella Girls recap aired between episodes 7 and 8 as part of a special program featuring the seiyuu of Uzuki Shimamura, Rin Shibuya, Mio Honda, and Producer.",[],The iDOLM@STER Cinderella Girls: Special Program,"['Idols (Female)', 'Music']",The Idolmaster Cinderella Girls Episode 7.5,['Comedy'],
249,咲-Saki-阿知賀編 episode of side-A ショートオリジナルアニメ「玄の誕生日」,,,,,['Special'],1,Finished Airing,"Mar 18, 2015",,,"['TV Tokyo', 'Square Enix', 'Sotsu', 'Lantis', 'Pony Canyon']","None found,",['Studio Gokumi'],['Manga'],,,,11 min.,PG-13 - Teens 13 or older,6.63,#6345,#10204,"3,322",3,965,Short original anime bundled with the limited edition Blu-ray Box of Saki Achiga-hen: Episode of Side-A.,[],Saki Achiga-hen: Episode of Side-A - Kuro no Tanjoubi,"['School', 'Strategy Game']",,['Slice of Life'],
250,ガンダム Gのレコンギスタ FROM THE PAST TO THE FUTURE,,,,,['Special'],1,Finished Airing,"Mar 21, 2015",,,"None found,","None found,",['Sunrise'],Original,"['Action', 'Sci-Fi']",,,9 min.,PG-13 - Teens 13 or older,5.88,#10529,#10435,"3,101",0,1036,"Bell and Aida are scouting the zone around Towasanga, when they're attacked by Mask Squad. Mask is piloting a new unit, a pitch black Phenex.",[],Gundam: G no Reconguista - From the Past to the Future,"['Mecha', 'Space']",,,
251,蒼穹のファフナーDead Aggressor EXODUS,,,,,['Special'],1,Finished Airing,"Feb 4, 2015",,,['Mainichi Broadcasting System'],"None found,",['I.Gzwei'],Original,"['Action', 'Drama', 'Sci-Fi']",,,35 min.,PG-13 - Teens 13 or older,6.99,#4442,#11574,"2,213",2,551,An expanded version of the first episode of Soukyuu no Fafner: Dead Aggressor - Exodus included in the Blu-ray & DVD Vol.1.,[],Soukyuu no Fafner: Dead Aggressor - Exodus Special,"['Mecha', 'Military']",,,
252,魔法少女リリカルなのはStrikerS ピクチャードラマ ミッドチルダ学園へようこそ！,,,,,['Special'],1,Finished Airing,"Feb 25, 2015",,,"None found,","None found,","None found,",Original,,,,7 min.,G - All Ages,5.69,#11443,#12846,"1,475",1,301,"A picture drama released on the BD Box Set of Mahou Shoujo Lyrical Nanoha StrikerS. Subaru, Teana, Vivio host a radio show promoting their own BD Box Sets. They look at a hypothetical Midchilda Academy with all the core cast is present be it as students or as teachers.",[],Mahou Shoujo Lyrical Nanoha StrikerS Picture Drama,"['Parody', 'School']","Mahou Shoujo Lyrical Nanoha A's: Picture Drama - Midchilda Gakuen e Youkoso!, Nanoha Picture Drama 05, Welcome to Midchilda Academy",['Comedy'],
253,猫田のことが気になって仕方ない。,,,,,['Special'],1,Finished Airing,"Mar 22, 2015",,,"None found,","None found,","None found,",['Manga'],,['School'],['Shoujo'],1 min.,G - All Ages,5.98,#10003,#12972,"1,420",2,392,An anime adaptation of the Nekota no Koto ga Kininatte Shikatanai. manga screened at the Ribon Festa 2015 event. A girl named Mikiko sees the face of a popular boy in her class as a cat's face.,"['Adaptation (Manga) Nekota no Koto ga Kininatte Shikatanai.', '']",Nekota no Koto ga Kininatte Shikatanai.,,"Ribon Festa 2015, Ribbon Festa 2015",,
254,みんな集まれ！ファルコム学園ＳＣ 第13話,,,,,['TV Special'],1,Finished Airing,"Mar 29, 2015",,,['DAX Production'],"None found,","None found,",['4-koma manga'],,,['Seinen'],2 min.,PG-13 - Teens 13 or older,5.46,#12235,#14598,915,0,256,"An episode of Minna Atsumare! Falcom Gakuen SC that acts as an advertisement for a related Minna Atsumare! Falcom Gakuen SC game, aired in Minna Atsumare! Falcom Gakuen SC's regular time slot a week after episode 12.",[],Minna Atsumare! Falcom Gakuen SC Special,"['Parody', 'School']",Minna Atsumare! Falcom Gakuen Second Season,['Comedy'],
255,今、ふたりの道,,,,,['TV Special'],1,Finished Airing,"Mar 8, 2015",,,"None found,","None found,",['Asahi Production'],Original,,,,5 min.,G - All Ages,5.63,#11687,#15031,808,0,290,"The purpose of the short is to thank people for help during the prefecture's reconstruction efforts and prevent victims' memories of the 2011 disaster from fading away. The anime's story focuses on a pair of 16-year-old high school students who experience the Tohoku disaster and grow in the aftermath. Jun Agatsuma's father is a doctor, and she worries about the future. Kunpei Satou's father is a fisherman, and it was decided that the boy will succeed his father in the job. The pair's lives are suddenly disrupted when the 2011 earthquake and tsunami hit their area. The two determine their futures as Miyagi Prefecture recovers in the wake of the disaster. Three people connected to Miyagi Prefecture were chosen to voice the short's characters. (Source: ANN)",[],"Ima, Futari no Michi",,"Now, The Pair's Paths",['Drama'],
256,ラブライブ！μ's Go→Go! LoveLive! 2015 ~Dream Sensation!~,,,,,['Special'],4,Finished Airing,"Jan 31, 2015 to Feb 1, 2015",,,"None found,","None found,","None found,",Other,,['Music'],,8 min. per ep.,PG-13 - Teens 13 or older,6.40,#7676,#15150,775,1,234,"Love Live! μ's Go→Go! LoveLive! 2015: Dream Sensation! is a DVD/Blu-Ray disc of μ's live concert that took place in Saitama Super Arena on January 31st and February 1st, 2015. It was released on September 30, 2015. Includes four Intermission Drama anime specials shown on both days of the concert. (Source: Love Live! Wiki)",[],Love Live! μ's Go→Go! LoveLive! 2015: Dream Sensation!,,,['Comedy'],
257,クレヨンしんちゃん Specials,,,,,['Special'],Unknown,Currently Airing,"Dec 28, 1992 to ?",,,"None found,","None found,",['Shin-Ei Animation'],['Manga'],"['Comedy', 'Ecchi']",['School'],['Seinen'],48 min.,G - All Ages,[],#17436,#15450,710,2,,"87 Crayon Shin-chan TV Specials exist as of August 6, 2022.",[],Crayon Shin-chan Specials,,,,
258,でででん,,,,,['Special'],5,Finished Airing,"Feb 23, 2015 to Dec 14, 2015",,,"None found,","None found,",['TMS Entertainment'],Original,,['Anthropomorphic'],,1 min. per ep.,G - All Ages,5.78,#11032,#15575,690,1,291,"The studio TMS Entertainment collaborated with Seibu Railways on the new original anime Dededen. The anime celebrates both the 50th anniversary of TMS Entertainment and the 100th anniversary of Seibu Railways. TMS Entertainment happens to be located near the Araiyakushimae Station on the Seibu Shinjuku Line. The anime followed the daily life of the main lead Amoru Tokorozawa and the railway. TMS plans to make five episodes, each 75 seconds long. It is running on the train's onboard SmileVision screens, as well as on the Smile StationVision screens around major stations from February 23 to December 31. (Source: ANN)",[],Dededen,,,['Slice of Life'],
259,女の子って。,,,,,['Special'],4,Finished Airing,"Feb 5, 2015 to Feb 26, 2015",,,"None found,","None found,","None found,",['Manga'],"['Comedy', 'Slice of Life']",,['Shoujo'],1 min. per ep.,G - All Ages,5.52,#12053,#16730,533,0,178,"The March issue of Shueisha's Ribon magazine announced that a television anime of Kanahei's shoujo manga Onnanoko tte. (About Girls) has been green-lit. The shorts will premiere in February and run every Thursday in the children's variety program OhaStu (Good Morning Studio). The anime is about the many worries that girls have, such as pimples, dry skin, unwanted hair, drinking while driving, face turning red, and singing well at karaoke. The series explains matters regarding girls' bodies and minds through manga art and answers from experts. (Source: ANN)","['Adaptation (Manga) Onnanoko tte.', '']",Onnanoko tte.,,"About Girls, Ribbon x Oha Suta Specials, Ribon x Oha Suta Specials",,
260,こにぎりくん,,,,,['TV Special'],Unknown,Currently Airing,"Feb 20, 2015 to ?",,,['NHK'],"None found,","None found,",Original,,,['Kids'],5 min.,G - All Ages,[],#19537,#17706,441,0,,A stop-motion anime using bentou ingredients as the characters.,[],Konigiri-kun,,,,
261,リヴ＆ベル,Liv & Bell,,,,['TV Special'],Unknown,Currently Airing,"Feb 15, 2013 to ?",,,['NHK'],"None found,","None found,",Unknown,,,['Kids'],5 min.,G - All Ages,[],#19841,#17865,428,0,,"A stop-motion animation about Liv, a curious little girl and Bell, a gluttonous hedgehog. Together they go on an adventure in a picture book.",[],Liv & Bell,,Liv and Bell,['Adventure'],
262,STAND BY ME ドラえもん,,,,,['Special'],3,Finished Airing,"Feb 18, 2015",,,"None found,","None found,",['Shin-Ei Animation'],['Manga'],,,['Kids'],40 sec. per ep.,PG - Children,6.77,#5464,#17824,432,1,156,Previously unreleased scenes included as a bonus with Stand By Me Doraemon Blu-ray.,[],Stand By Me Doraemon Specials,,,['Comedy'],
263,ビーズの森のらびぃ,,,,,['TV Special'],4,Finished Airing,"Mar 20, 2015 to Dec 19, 2019",,,['NHK'],"None found,","None found,",Original,,,['Kids'],5 min. per ep.,G - All Ages,[],#16886,#18410,388,0,,A stop-motion anime using beaded characters. Here a magician rabbits solve problems by using magic.,[],Beads no Mori no Rabi,,"Beads no Mori no Rabbi, Beads no Mori no Rabyi",,
264,第13回インディーズアニメフェスタOP,,,,,['Special'],1,Finished Airing,"Mar 8, 2015",,,"None found,","None found,","None found,",Original,,['Music'],,54 sec.,G - All Ages,5.17,#12981,#20519,256,0,110,"An original opening animation by Takashi Taniguchi for the 13th Indie Anime Festa, held in Mitaka, Tokyo.",[],Dai 13-kai Indies Anime Festa OP,,The 13th Independent Animation Festival OP,['Comedy'],
265,新大头儿子和小头爸爸之草原奇遇,,,,,['Special'],1,Finished Airing,"Feb 18, 2015",,,"None found,","None found,","None found,",Unknown,,,['Kids'],48 min.,G - All Ages,[],#15735,#24261,106,0,,No synopsis information has been added to this title. Help improve our database by adding a synopsis here.,[],Xin Datou Er Zi He Xiao Tou Baba: Caoyuan Qiyu,,The New Big Head Son and Small Head Dad: Grassland of Adventure,['Adventure'],
