,Japanese,English,Type,Episodes,Status,Aired,Premiered,Broadcast,Producers,Licensors,Studios,Source,Genre,Duration,Rating,Score,Ranked,Popularity,Members,Favorites,Scorers,Synopsis,Related_Entries,Title,German,Spanish,Genres,Theme,Synonyms,French,Demographic,Themes,Demographics
0,ヴァイオレット・エヴァーガーデン,Violet Evergarden,['TV'],13,Finished Airing,"Jan 11, 2018 to Apr 5, 2018",['Winter 2018'],Thursdays at 00:00 (JST),"['Lantis', 'Pony Canyon', 'Rakuonsha', 'ABC Animation']",['Funimation'],['Kyoto Animation'],['Light novel'],['Drama'],24 min. per ep.,PG-13 - Teens 13 or older,8.68,#68,#46,"1,874,779","64,888",1024669,"The Great War finally came to an end after four long years of conflict; fractured in two, the continent of Telesis slowly began to flourish once again. Caught up in the bloodshed was Violet Evergarden, a young girl raised for the sole purpose of decimating enemy lines. Hospitalized and maimed in a bloody skirmish during the War's final leg, she was left with only words from the person she held dearest, but with no understanding of their meaning. Recovering from her wounds, Violet starts a new life working at CH Postal Services after a falling out with her new intended guardian family. There, she witnesses by pure chance the work of an ""Auto Memory Doll,"" amanuenses that transcribe people's thoughts and feelings into words on paper. Moved by the notion, Violet begins work as an Auto Memory Doll, a trade that will take her on an adventure, one that will reshape the lives of her clients and hopefully lead to self-discovery. [Written by MAL Rewrite]","['Sequel (Movie) Violet Evergarden Movie', 'Adaptation (Light Novel) Violet Evergarden']",Violet Evergarden,,,,,,,,,
1,ダーリン・イン・ザ・フランキス,DARLING in the FRANXX,['TV'],24,Finished Airing,"Jan 13, 2018 to Jul 7, 2018",['Winter 2018'],Saturdays at 23:30 (JST),"['Aniplex', 'Khara', 'Movic', 'Half H.P Studio', 'Ultra Super Pictures', 'Lucent Pictures Entertainment', 'Tokyo MX', 'Nagoya Broadcasting Network', 'Asahi Broadcasting', 'BS11', 'Lawson', 'ABC Animation', 'Rialto Entertainment']",['Funimation'],"['A-1 Pictures', 'Trigger', 'CloverWorks']",Original,,24 min. per ep.,PG-13 - Teens 13 or older,7.19,#3416,#59,"1,719,623","33,000",1061453,"In the distant future, humanity has been driven to near-extinction by giant beasts known as Klaxosaurs, forcing the surviving humans to take refuge in massive fortress cities called Plantations. Children raised here are trained to pilot giant mechas known as FranXX—the only weapons known to be effective against the Klaxosaurs—in boy-girl pairs. Bred for the sole purpose of piloting these machines, these children know nothing of the outside world and are only able to prove their existence by defending their race. Hiro, an aspiring FranXX pilot, has lost his motivation and self-confidence after failing an aptitude test. Skipping out on his class' graduation ceremony, Hiro retreats to a forest lake, where he encounters a mysterious girl with two horns growing out of her head. She introduces herself by her codename Zero Two, which is known to belong to an infamous FranXX pilot known as the ""Partner Killer."" Before Hiro can digest the encounter, the Plantation is rocked by a sudden Klaxosaur attack. Zero Two engages the creature in her FranXX, but it is heavily damaged in the skirmish and crashes near Hiro. Finding her partner dead, Zero Two invites Hiro to pilot the mecha with her, and the duo easily defeats the Klaxosaur in the ensuing fight. With a new partner by his side, Hiro has been given a chance at redemption for his past failures, but at what cost? [Written by MAL Rewrite]","['Adaptation (Manga) Darling in the FranXX', '']",Darling in the FranXX,Darling in the Franxx,Darling in The FranXX,"['Action', 'Drama', 'Romance', 'Sci-Fi']",['Mecha'],,,,,
2,七つの大罪 戒めの復活,The Seven Deadly Sins: Revival of the Commandments,['TV'],24,Finished Airing,"Jan 13, 2018 to Jun 30, 2018",['Winter 2018'],Saturdays at 06:30 (JST),"['Aniplex', 'Dentsu', 'Mainichi Broadcasting System', 'Kodansha', 'Movic']","None found,",['A-1 Pictures'],['Manga'],,24 min. per ep.,PG-13 - Teens 13 or older,7.55,#1779,#134,"1,164,100","3,724",724667,"The fierce battle between Meliodas, the captain of the Seven Deadly Sins, and the Great Holy Knight Hendrickson has devastating consequences. Armed with the fragments necessary for the revival of the Demon Clan, Hendrickson breaks the seal, allowing the Commandments to escape, all of whom are mighty warriors working directly under the Demon King himself. Through a mysterious connection, Meliodas instantly identifies them; likewise, the 10 Commandments, too, seem to sense his presence. As the demons leave a path of destruction in their wake, the Seven Deadly Sins must find a way to stop them before the Demon Clan drowns Britannia in blood and terror. [Written by MAL Rewrite]","['Prequel (TV) Nanatsu no Taizai: Seisen no Shirushi', 'Prequel (Special) Nanatsu no Taizai: Imashime no Fukkatsu Joshou', 'Sequel (TV) Nanatsu no Taizai: Kamigami no Gekirin', 'Adaptation (Manga) Nanatsu no Taizai']",Nanatsu no Taizai: Imashime no Fukkatsu,The Seven Deadly Sins,The Seven Deadly Sins: La Resurrección de los Diez Mandamientos,"['Action', 'Adventure', 'Fantasy']",,Seven Deadly Sins Season 2,The Seven Deadly Sins,['Shounen'],,
3,オーバーロードⅡ,Overlord II,['TV'],13,Finished Airing,"Jan 9, 2018 to Apr 3, 2018",['Winter 2018'],Tuesdays at 22:30 (JST),"['AT-X', 'Enterbrain', 'Grooove', 'Hakuhodo DY Music & Pictures', 'NTT Plala', 'Kadokawa']",['Funimation'],['Madhouse'],['Light novel'],,23 min. per ep.,R - 17+ (violence & profanity),7.75,#1152,#154,"1,076,587","4,607",665761,"Ainz Ooal Gown, the undead sorcerer formerly known as Momonga, has accepted his place in this new world. Though it bears similarities to his beloved virtual reality game Yggdrasil, it still holds many mysteries which he intends to uncover, by utilizing his power as ruler of the Great Tomb of Nazarick. However, ever since the disastrous brainwashing of one of his subordinates, Ainz has become wary of the impending dangers of the Slane Theocracy, as well as the possible existence of other former Yggdrasil players. Meanwhile, Albedo, Demiurge and the rest of Ainz's loyal guardians set out to prepare for the next step in their campaign: Nazarick's first war… Overlord II picks up immediately after its prequel, continuing the story of Ainz Ooal Gown, his eclectic army of human-hating guardians, and the many hapless humans affected by the Overlord's arrival. [Written by MAL Rewrite]","['Prequel (TV) Overlord', 'Sequel (TV) Overlord III', 'Adaptation (Manga) Overlord', 'Adaptation (Manga) Overlord: ""Shin"" Sekai-hen']",Overlord II,,,"['Action', 'Adventure', 'Fantasy']",['Isekai'],,,,,
4,斉木楠雄のΨ難 2,The Disastrous Life of Saiki K. 2,['TV'],24,Finished Airing,"Jan 17, 2018 to Jun 27, 2018",['Winter 2018'],Wednesdays at 01:35 (JST),"['TV Tokyo', 'Shogakukan-Shueisha Productions', 'Nippon Columbia', 'KlockWorx', 'Asmik Ace', 'Bandai Namco Entertainment', 'Shueisha', ""Toy's Factory"", 'Dear Stage inc.']","None found,","['J.C.Staff', 'Egg Firm']",['Manga'],['Comedy'],24 min. per ep.,PG-13 - Teens 13 or older,8.41,#194,#326,"676,899","4,322",405070,"The disastrous life of the gifted psychic Kusuo Saiki continues, despite his utmost effort to live an ordinary life. Although he has certainly grown accustomed to dealing with his troublesome friends—who are his biggest hurdle to achieving a peaceful life—he still has a long way to go. Also joining the usual oddballs are a few new faces whose shenanigans add to Saiki's misery, making his dreams of a hassle-free life a distant fantasy. [Written by MAL Rewrite]","['Prequel (TV) Saiki Kusuo no Ψ-nan', 'Sequel (TV Special) Saiki Kusuo no Ψ-nan: Kanketsu-hen', 'Adaptation (Manga) Saiki Kusuo no Ψ-nan', '']",Saiki Kusuo no Ψ-nan 2,,The Disastrous Life of Saiki K. Temporada 2,,,Saiki Kusuo no Psi Nan 2,,['Shounen'],"['Gag Humor', 'School', 'Super Power']",
5,からかい上手の高木さん,Teasing Master Takagi-san,['TV'],12,Finished Airing,"Jan 8, 2018 to Mar 26, 2018",['Winter 2018'],Mondays at 23:00 (JST),"['TMS Entertainment', 'Asatsu DK', 'Asmik Ace', 'TOHO animation', 'JR East Marketing & Communications']",['Funimation'],['Shin-Ei Animation'],['Manga'],,23 min. per ep.,PG-13 - Teens 13 or older,7.68,#1343,#378,"613,816","5,340",305794,"Having a friend that knows you inside out should be a good thing, but in Nishikata's case, the opposite is true. His classmate Takagi loves to tease him on a daily basis, and she uses her extensive knowledge of his behavior to predict exactly how he will react to her teasing, making it nearly impossible for Nishikata to ever make a successful comeback. Despite this, Nishikata vows to someday give Takagi a taste of her own medicine by making her blush out of embarrassment from his teasing. [Written by MAL Rewrite]","['Sequel (TV) Karakai Jouzu no Takagi-san 2', 'Adaptation (Manga) Karakai Jouzu no Takagi-san', 'Adaptation (Manga) Ashita wa Doyoubi', '']",Karakai Jouzu no Takagi-san,Karakai Jozu No Takagi-san,Takagi-san: Experta en Bromas pesadas,"['Comedy', 'Romance']",,Skilled Teaser Takagi-san,,['Shounen'],"['Love Status Quo', 'School']",
6,シトラス,Citrus,['TV'],12,Finished Airing,"Jan 6, 2018 to Mar 24, 2018",['Winter 2018'],Saturdays at 23:30 (JST),"['Sotsu', 'Lantis', 'AT-X', 'KlockWorx', 'Happinet Pictures', 'BS Fuji', 'Tokyo MX', 'Infinite', ""Children's Playground Entertainment"", 'Ichijinsha', 'Crunchyroll SC Anime Fund']",['Funimation'],['Passione'],['Manga'],,23 min. per ep.,PG-13 - Teens 13 or older,6.43,#7545,#440,"535,803","3,988",285232,"During the summer of her freshman year of high school, Yuzu Aihara's mother remarried, forcing her to transfer to a new school. To a fashionable socialite like Yuzu, this inconvenient event is just another opportunity to make new friends, fall in love, and finally experience a first kiss. Unfortunately, Yuzu's dreams and style do not conform with her new ultrastrict, all-girls school, filled with obedient shut-ins and overachieving grade-skippers. Her gaudy appearance manages to grab the attention of Mei Aihara, the beautiful and imposing student council president, who immediately proceeds to sensually caress Yuzu's body in an effort to confiscate her cellphone. Thoroughly exhausted from her first day, Yuzu arrives home and discovers a shocking truth—Mei is actually her new step-sister! Though Yuzu initially tries to be friendly with her, Mei's cold shoulder routine forces Yuzu to begin teasing her. But before Yuzu can finish her sentence, Mei forces her to the ground and kisses her, with Yuzu desperately trying to break free. Once done, Mei storms out of the room, leaving Yuzu to ponder the true nature of her first kiss, and the secrets behind the tortured expression in the eyes of her new sister. [Written by MAL Rewrite]","['Adaptation (Manga) Citrus', '']",Citrus,,,"['Drama', 'Girls Love']",['School'],,,,,
7,デスマーチからはじまる異世界狂想曲,Death March to the Parallel World Rhapsody,['TV'],12,Finished Airing,"Jan 11, 2018 to Mar 29, 2018",['Winter 2018'],Thursdays at 23:30 (JST),"['Sotsu', 'AT-X', 'DIVE II Entertainment', 'Tokyo MX', 'Avex Pictures', 'BS11', 'Kadokawa', 'KLab']",['Funimation'],"['SILVER LINK.', 'Connect']",['Light novel'],,23 min. per ep.,PG-13 - Teens 13 or older,6.44,#7457,#442,"533,637","1,870",301006,"Ichirou Suzuki, a programmer nearing his thirties, is drowning in work. Worn out, he eventually has a chance to catch up on sleep, only to wake up and discover himself in a fantasy RPG world, which is mashed together from the games he was debugging in reality. In this new place, he realizes that not only has his appearance changed to a younger version of himself, but his name has also changed to Satou, a nickname he used while running beta tests on games. However, before Satou can fully grasp his situation, an army of lizardmen launch an assault on him. Forced to cast a powerful spell in retaliation, Satou wipes them out completely and his level is boosted to 310, effectively maximizing his stats. Now, as a high-leveled adventurer armed with a plethora of skills and no way to return to reality, Satou sets out to explore this magical new world. [Written by MAL Rewrite]","['Adaptation (Manga) Death March kara Hajimaru Isekai Kyousoukyoku', 'Adaptation (Light Novel) Death March kara Hajimaru Isekai Kyousoukyoku']",Death March kara Hajimaru Isekai Kyousoukyoku,Death March to the Parallel World Rhapsody,Death March to the Parallel World Rhapsody,"['Adventure', 'Fantasy']",,,Death March to the Parallel World Rhapsody,,"['Harem', 'Isekai']",
8,宇宙よりも遠い場所,A Place Further Than The Universe,['TV'],13,Finished Airing,"Jan 2, 2018 to Mar 27, 2018",['Winter 2018'],Tuesdays at 20:30 (JST),"['Movic', 'AT-X', 'Sony Music Communications', 'Docomo Anime Store', 'Kadokawa Media House', 'Kadokawa', 'NewGin', 'Crunchyroll SC Anime Fund']",['Anime Limited'],['Madhouse'],Original,,23 min. per ep.,PG-13 - Teens 13 or older,8.51,#138,#447,"527,374","14,518",226229,"Filled with an overwhelming sense of wonder for the world around her, Mari Tamaki has always dreamt of what lies beyond the reaches of the universe. However, despite harboring such large aspirations on the inside, her fear of the unknown and anxiety over her own possible limitations have always held her back from chasing them. But now, in her second year of high school, Mari is more determined than ever to not let any more of her youth go to waste. Still, her fear continues to prevent her from taking that ambitious step forward—that is, until she has a chance encounter with a girl who has grand dreams of her own. Spurred by her mother's disappearance, Shirase Kobuchizawa has been working hard to fund her trip to Antarctica. Despite facing doubt and ridicule from virtually everyone, Shirase is determined to embark on this expedition to search for her mother in a place further than the universe itself. Inspired by Shirase's resolve, Mari jumps at the chance to join her. Soon, their efforts attract the attention of the bubbly Hinata Miyake, who is eager to stand out, and Yuzuki Shiraishi, a polite girl from a high class background. Together, the four spirited girls set sail toward the frozen south, all in search of something great. [Written by MAL Rewrite]","['Adaptation (Manga) Sora yori mo Tooi Basho', '']",Sora yori mo Tooi Basho,A Place Further Than the Universe,A Place Further than the Universe,"['Adventure', 'Comedy', 'Drama']",['CGDCT'],"Uchuu yori mo Tooi Basho, A Story That Leads to the Antarctica, Yorimoi",A Place Further Than The Universe,,,
9,ゆるキャン△,Laid-Back Camp,['TV'],12,Finished Airing,"Jan 4, 2018 to Mar 22, 2018",['Winter 2018'],Thursdays at 23:00 (JST),"['Sotsu', 'AT-X', 'Sony Music Communications', 'MAGES.', '81 Produce', 'BS11', 'FuRyu', 'Crunchyroll SC Anime Fund']","None found,",['C-Station'],['Manga'],['Slice of Life'],23 min. per ep.,PG-13 - Teens 13 or older,8.27,#313,#457,"516,611","11,602",228754,"While the perfect getaway for most girls her age might be a fancy vacation with their loved ones, Rin Shima's ideal way of spending her days off is camping alone at the base of Mount Fuji. From pitching her tent to gathering firewood, she has always done everything by herself, and has no plans of leaving her little solitary world. However, what starts off as one of Rin's usual camping sessions somehow ends up as a surprise get-together for two when the lost Nadeshiko Kagamihara is forced to take refuge at her campsite. Originally intending to see the picturesque view of Mount Fuji for herself, Nadeshiko's plans are disrupted when she ends up falling asleep partway to her destination. Alone and with no other choice, she seeks help from the only other person nearby. Despite their hasty introductions, the two girls nevertheless enjoy the chilly night together, eating ramen and conversing while the campfire keeps them warm. And even after Nadeshiko's sister finally picks her up later that night, both girls silently ponder the possibility of another camping trip together. [Written by MAL Rewrite]","['Sequel (TV) Yuru Camp△ Season 2', 'Adaptation (Manga) Yuru Camp△']",Yuru Camp△,Laid-Back Camp,Laid-Back Camp,,,Yurukyan,Laid-Back Camp - Au Grand Air,,"['CGDCT', 'Iyashikei']",
10,学園ベビーシッターズ,School Babysitters,['TV'],12,Finished Airing,"Jan 7, 2018 to Mar 25, 2018",['Winter 2018'],Sundays at 23:00 (JST),"['Bandai Visual', 'Lantis', 'Nihon Ad Systems', 'Hakusensha', 'Banpresto', 'Marui Group']","None found,","[""Brain's Base""]",['Manga'],['Slice of Life'],23 min. per ep.,PG-13 - Teens 13 or older,7.90,#834,#712,"358,231","3,323",180247,"After losing both parents in a fatal plane crash, teenager Ryuuichi Kashima must adjust to his new life as the guardian of his younger brother Kotarou. Although Ryuuichi is able to maintain a friendly and kindhearted demeanor, Kotarou is a reserved toddler still too young to understand the reality of the situation. At their parents' funeral, they are approached by Youko Morinomiya, the stern chairman of an elite academy, who decides to take them under her care. However, there is one condition Ryuuichi must fulfill in exchange for a roof over their heads and enrolment in the school—he must become the school's babysitter. In an effort to support the female teachers at the academy, a babysitter's club was established to look after their infant children; unfortunately, the club is severely short-staffed, so now not only is Ryuuichi responsible for his little brother, but also a handful of toddlers who possess dynamic personalities. [Written by MAL Rewrite]","['Sequel (Special) Gakuen Babysitters Special', 'Adaptation (Manga) Gakuen Babysitters']",Gakuen Babysitters,School Babysitters,School Babysitters (Gakuen Babysitters),,,,School Babysitters,['Shoujo'],"['Childcare', 'Iyashikei', 'School']",
11,グランクレスト戦記,Record of Grancrest War,['TV'],24,Finished Airing,"Jan 6, 2018 to Jun 23, 2018",['Winter 2018'],Saturdays at 00:00 (JST),"['Aniplex', 'Bandai Namco Entertainment', 'Good Smile Company', 'BS11', 'ABC Animation', 'Kinoshita Group Holdings', 'Kadokawa', 'Cromea', 'Sonilude']",['Aniplex of America'],['A-1 Pictures'],['Light novel'],,23 min. per ep.,R - 17+ (violence & profanity),7.22,#3260,#787,"327,806","1,363",138496,"The continent of Atlatan once again finds itself devoured by the flames of war after a horrific event known as the Great Hall Tragedy. What was supposed to be a joyful occasion that would establish peace between the Fantasia Union and the Factory Alliance, the marriage of Sir Alexis Douse and Lady Marrine Kreische, was instead a tragedy. As the bride and groom walked down the aisle, the ceremony was suddenly interrupted by a powerful convergence of ""Chaos,"" a dark energy from another dimension that corrupts the land and brings forth monsters and demons into the world. From within that energy appeared the Demon Lord of Diabolos, an evil being who instantly murdered the archdukes of both factions, shattering any hope for peace between them. Having failed to prevent this disaster, Siluca Meletes, an Alliance mage, is traveling through the Chaos-infested countryside to study under a master magician. When she is intercepted by a group of soldiers working with the Federation, Siluca is rescued by Theo Cornaro, a young warrior carrying a mysterious ""Crest,"" a magical symbol that gives its wielder the ability to banish Chaos. Bearing no allegiance to a specific domain, Theo hopes to attain the rank of Lord so that he can liberate his home town of Sistina from its tyrannical ruler and the Chaos spreading within it. Impressed by his noble goal, Siluca enters into a magical contract with Theo, and the two embark on a journey to restore balance to their war-torn land. [Written by MAL Rewrite]","['Adaptation (Manga) Grancrest Senki', 'Adaptation (Light Novel) Grancrest Senki']",Grancrest Senki,Record of Grancrest War,Record of Grancrest War,"['Action', 'Adventure', 'Drama', 'Fantasy', 'Romance']",['Military'],,Record of Grancrest War,,,
12,恋は雨上がりのように,After the Rain,['TV'],12,Finished Airing,"Jan 12, 2018 to Mar 30, 2018",['Winter 2018'],Fridays at 00:55 (JST),"['Aniplex', 'Dentsu', 'Fuji TV', 'DMM pictures']",['Sentai Filmworks'],['Wit Studio'],['Manga'],,22 min. per ep.,PG-13 - Teens 13 or older,7.47,#2072,#803,"321,005","1,671",129587,"Akira Tachibana, a reserved high school student and former track runner, has not been able to race the same as she used to since she experienced a severe foot injury. And although she is regarded as attractive by her classmates, she is not interested in the boys around school. While working part-time at the Garden Cafe, Akira begins to develop feelings for the manager—a 45-year-old man named Masami Kondou—despite the large age gap. Kondou shows genuine concern and kindness toward the customers of his restaurant, which, while viewed by others as soft or weak, draws Akira to him. Spending time together at the restaurant, they grow closer, which only strengthens her feelings. Weighed down by these uncertain emotions, Akira finally resolves to confess, but what will be the result? [Written by MAL Rewrite]","['Adaptation (Manga) Koi wa Ameagari no You ni', '']",Koi wa Ameagari no You ni,After the Rain,Después de la Lluvia,"['Drama', 'Romance']",['Workplace'],"Koi wa Amaagari no You ni, Love is Like after the Rain, KoiAme",Après la Pluie,['Seinen'],,
13,ポプテピピック,Pop Team Epic,['TV'],12,Finished Airing,"Jan 7, 2018 to Mar 25, 2018",['Winter 2018'],Sundays at 01:00 (JST),"['King Records', 'AC-Bu']","['Funimation', 'Sentai Filmworks']",['Kamikaze Douga'],['4-koma manga'],['Comedy'],11 min. per ep.,PG-13 - Teens 13 or older,7.29,#2876,#1135,"229,512","1,424",112280,"Poputepipikku turns absurdist comedy up to eleven with its pop culture references and surreal hilarity. With two bonafide high school girl protagonists—the short and exceptionally quick to anger Popuko, and the tall and unshakably calm Pipimi—they throw genres against the wall and don't wait to see what sticks. Parody is interlaced with drama, action, crudeness, and the show's overarching goal—to become a real anime. [Written by MAL Rewrite]","['Sequel (TV Special) Poputepipikku TV Special', 'Sequel (TV) Poputepipikku 2nd Season', 'Adaptation (Manga) Poputepipikku', '']",Poputepipikku,Pop Team Epic,Pop Team Epic,,,"PPTP, Poptepipic",Pop Team Epic,,"['Gag Humor', 'Parody']",
14,Fate/EXTRA Last Encore,Fate/Extra: Last Encore,['TV'],10,Finished Airing,"Jan 28, 2018 to Apr 1, 2018",['Winter 2018'],Sundays at 00:00 (JST),"['Aniplex', 'Marvelous Entertainment', 'Notes']","None found,",['Shaft'],Game,,24 min. per ep.,R - 17+ (violence & profanity),6.30,#8260,#1139,"228,498",485,103051,"A technological hell masquerading as paradise, Tsukimihara Academy is an artificial high school that serves as the setting for the next Holy Grail War. Created by the Moon Cell computer, the school is inhabited by Earth-projected souls who have even the slightest aptitude for being a ""Master."" Of these 256 souls, 128 will be chosen for the main tournament and granted a Servant. With all of the Masters selected, the Academy activates a purge, targeting the remaining lifeforms for elimination. Awakening in a pool of his own blood, Hakuno Kishinami refuses to die. Fueled by unknown feelings of hatred, he vows to fight for survival. As he struggles to escape from a relentless pursuer, he finds a crimson blade plunged into the ground; and by pulling it out, Hakuno summons his own Servant, Saber, who instantly destroys his pursuer in a flurry of rose petals. With his newfound power, Hakuno must now begin his journey to Moon Cell's core, the Angelica Cage. There, he will unveil the reason for this artificial world and the secrets of his own blood-soaked past. [Written by MAL Rewrite]","['Sequel (TV) Fate/Extra: Last Encore - Illustrias Tendousetsu', 'Adaptation (Manga) Fate/Extra']",Fate/Extra: Last Encore,,,"['Action', 'Fantasy']",,,,,,
15,銀魂. 銀ノ魂篇,Gintama. Silver Soul Arc,['TV'],12,Finished Airing,"Jan 8, 2018 to Mar 26, 2018",['Winter 2018'],Mondays at 01:35 (JST),"['TV Tokyo', 'Aniplex', 'Dentsu', 'Shueisha']","None found,",['Bandai Namco Pictures'],['Manga'],,24 min. per ep.,PG-13 - Teens 13 or older,8.81,#31,#1170,"222,762","1,191",109413,"After the fierce battle on Rakuyou, the untold past and true goal of the immortal Naraku leader, Utsuro, are finally revealed. By corrupting the Altana reserves of several planets, Utsuro has successfully triggered the intervention of the Tendoshuu’s greatest enemy: the Altana Liberation Army. With Earth as the main battleground in this interplanetary war, Utsuro's master plan to destroy the planet—and himself—is nearly complete. An attack on the O-Edo Central Terminal marks the beginning of the final battle to take back the land of the samurai. With the Yorozuya nowhere in sight, the bakufu all but collapsed, and the Shogun missing, the people are left completely helpless as the Liberation Army begins pillaging Edo in the name of freeing them from the Tendoshuu's rule. Caught in the crossfire between two equally imposing forces, can Gintoki, Kagura, Shinpachi, and the former students of Shouyou Yoshida put aside their differences and unite their allies to protect what they hold dear? [Written by MAL Rewrite]","['Prequel (TV) Gintama. Porori-hen', 'Sequel (TV) Gintama. Shirogane no Tamashii-hen - Kouhan-sen', 'Adaptation (Manga) Gintama', '']",Gintama. Shirogane no Tamashii-hen,,,"['Action', 'Comedy', 'Sci-Fi']",,,,['Shounen'],"['Gag Humor', 'Historical', 'Parody', 'Samurai']",
16,りゅうおうのおしごと！,The Ryuo's Work is Never Done!,['TV'],12,Finished Airing,"Jan 8, 2018 to Mar 26, 2018",['Winter 2018'],Mondays at 22:00 (JST),"['AT-X', 'Magic Capsule', 'Nippon Columbia', 'KlockWorx', 'BS Fuji', 'Tokyo MX', 'Hakuhodo DY Music & Pictures', 'Radio Osaka', 'Aquamarine', 'Dream Shift']","None found,",['Project No.9'],['Light novel'],['Comedy'],23 min. per ep.,PG-13 - Teens 13 or older,6.82,#5225,#1268,"201,659",354,86809,"Shogi, a Japanese game similar to chess, is one of the most popular board games in the country, played by everyone from children to the elderly. Some players are talented enough to take the game to a professional level. The title of Ryuuou, meaning ""the dragon king,"" is only awarded to the person who reaches the pinnacle of competitive shogi. Yaichi Kuzuryuu has just become the youngest Ryuuou after winning the grand championship. However, the shogi community is unwelcoming to his victory, some even calling him the worst Ryuuou in history. Moreover, he forgets about the agreement he made with Ai Hinatsuru, a little girl he promised to coach if he won. After she shows up at his doorstep, he reluctantly agrees to uphold his promise and makes Ai his disciple. Together, they aim to improve and exceed the limits of their shogi prowess: Ai, to unlock her hidden talents; Yaichi, to prove to the world that he deserves his accomplishments. [Written by MAL Rewrite]","['Adaptation (Manga) Ryuuou no Oshigoto!', 'Adaptation (Light Novel) Ryuuou no Oshigoto!']",Ryuuou no Oshigoto!,The Ryuo's Work is Never Done!,The Ryuo's Work Is Never Done!,,['Strategy Game'],,The Ryuo's Work is Never Done!,,,
17,キリングバイツ,Killing Bites,['TV'],12,Finished Airing,"Jan 13, 2018 to Mar 31, 2018",['Winter 2018'],Saturdays at 02:25 (JST),"['Sotsu', 'Mainichi Broadcasting System', 'NBCUniversal Entertainment Japan', 'Medicos Entertainment', 'Fields', 'KLab', 'Christmas Holly', 'C-one']",['Sentai Filmworks'],['LIDENFILMS'],['Manga'],,24 min. per ep.,R+ - Mild Nudity,6.55,#6746,#1289,"198,431",464,84475,"After unknowingly participating in a kidnapping, college student Yuuya Nomoto finds his friends brutally murdered by Hitomi Uzaki, the high school girl they attempted to abduct. Forced to drive her to an undisclosed location, he finds himself being wagered as the prize for a death match between two Therianthropes, superpowered human-animal hybrids created through advanced gene therapy. As one of these hybrids, Hitomi uses the speed and fearlessness she gained from her ratel genes to viciously dispatch her foe and save Yuuya from certain death. Waking up hours later hoping the whole event was only a nightmare, Yuuya realizes that he has become embroiled in a secret proxy war between four large Japanese business conglomerates, with the winner taking control of the economy. As her sole albeit unwilling investor, his life is now directly linked to Hitomi's ability to participate in underground bloodsport matches known only as Killing Bites. [Written by MAL Rewrite]","['Adaptation (Manga) Killing Bites', '']",Killing Bites,,Bocados Mortales,"['Action', 'Sci-Fi', 'Ecchi']",,,,['Seinen'],"['Anthropomorphic', 'Gore']",
18,刻刻,Kokkoku,['TV'],12,Finished Airing,"Jan 8, 2018 to Mar 26, 2018",['Winter 2018'],Mondays at 00:30 (JST),['Twin Engine'],['Sentai Filmworks'],['Geno Studio'],['Manga'],,23 min. per ep.,R - 17+ (violence & profanity),6.98,#4479,#1325,"193,085",351,74221,"After presumably failing 19 job interviews in one day, Juri Yukawa's dreams of moving out of her parents' home are utterly dashed. Stuck living with her working mother Nobuko, NEET brother Tsubasa, laid-off father Takafumi, and single-parent sister Sanae, the only hope for this family to raise a decent adult is her little nephew Makoto. However, this struggling family's life takes a turn for the worse when Makoto and Tsubasa are violently kidnapped by a mysterious organization and held for ransom. With only 30 minutes to deliver five million yen to the criminals, Juri's grandfather reveals a dangerously powerful secret to her and Takafumi. By offering blood to her grandfather's mystical stone, the three enter the world of ""Stasis,"" a version of their world where time stops for everyone but the users. Having arrived at their destination, their rescue efforts go awry when they are assailed by a surprising group of people who are somehow able to move around within Stasis. While all hope seems lost, a monstrous giant known as the Herald appears amidst the chaos, its intent and motivations as cryptic as the very nature of this timeless world. [Written by MAL Rewrite]","['Adaptation (Manga) Kokkoku', '']",Kokkoku,,,"['Drama', 'Fantasy', 'Mystery', 'Suspense']",,Kokkoku: Moment by Moment,,['Seinen'],"['Adult Cast', 'Psychological']",
19,伊藤潤二「コレクション」,Junji Ito Collection,['TV'],12,Finished Airing,"Jan 5, 2018 to Mar 23, 2018",['Winter 2018'],Fridays at 22:30 (JST),"['Nippon Columbia', 'Asahi Shimbun', 'Yomiuri TV Enterprise', 'Pony Canyon Enterprises', 'SMIRAL Animation', 'Crunchyroll SC Anime Fund', 'Muse Communication', 'Asahi Shinbun Shuppan']",['Funimation'],['Studio Deen'],['Manga'],,24 min. per ep.,R - 17+ (violence & profanity),6.55,#6743,#1336,"191,375","1,169",86590,"In the light of day and in the dead of night, mysterious horrors await in the darkest shadows of every corner. They are unexplainable, inescapable, and undefeatable. Be prepared, or you may become their next victim. Sit back in terror as traumatizing tales of unparalleled terror unfold. Tales, such as that of a cursed jade carving that opens holes all over its victims' bodies; deep nightmares that span decades; an attractive spirit at a misty crossroad that grants cursed advice; and a slug that grows inside a girl's mouth. Tread carefully, for the horrifying supernatural tales of the Itou Junji: Collection are not for the faint of heart. [Written by MAL Rewrite]","['Adaptation (Manga) Tomie', 'Adaptation (Manga) Itou Junji Kyoufu Manga Collection: Namekuji Shoujo', 'Adaptation (Manga) Itou Junji Kyoufu Manga Collection: Kao Dorobou', 'Adaptation (Manga) Itou Junji Kyoufu Manga Collection: Kubi Gensou']",Itou Junji: Collection,Junji Ito Collection,Junji Ito Collection,"['Drama', 'Horror', 'Mystery', 'Supernatural', 'Suspense']",['Psychological'],,Junji Ito Collection,,,
20,BEATLESS,Beatless,['TV'],20,Finished Airing,"Jan 13, 2018 to Jun 30, 2018",['Winter 2018'],Saturdays at 01:55 (JST),"['Kadokawa Shoten', 'Mainichi Broadcasting System', 'Sony Music Entertainment', 'Good Smile Company', 'Animatic']","None found,",['Diomedéa'],['Light novel'],,24 min. per ep.,PG-13 - Teens 13 or older,6.22,#8742,#1413,"178,087",494,55648,"With great advancements in technology, mankind has created hIEs, human-like robots that act as public and personal servants for society. Unlike many others, the kind-hearted high school student Arato Endou treats hIEs as equals, but his financial situation keeps him from ever owning one. However, his normal life is shattered when an ordinary run to the local grocery store goes horribly awry. Viciously assaulted by a hacked hIE, Arato is on the verge of death; but luckily, he is saved by an abnormal hIE carrying a weaponized coffin. Her name is Lacia, one of five highly advanced hIEs that recently escaped the clutches of the mysterious MemeFrame Corporation. Faced with a hacked car threatening to run them over, Lacia offers Arato a deal: in exchange for saving his life, he must register as her new owner, thus taking full responsibility for her actions. With little choice, he decides to trust this artificial girl and allows her to live in his home. Though Lacia begins to adapt to her new, peaceful lifestyle, she warns the entranced Arato of one thing—she does not have a soul. [Written by MAL Rewrite]","['Sequel (TV) Beatless Final Stage', 'Adaptation (Manga) Beatless: Dystopia', 'Adaptation (Light Novel) Beatless', '']",Beatless,,Sin Latidos,"['Action', 'Drama', 'Romance', 'Sci-Fi']",,,,,,
21,だがしかし2,Dagashi Kashi 2,['TV'],12,Finished Airing,"Jan 12, 2018 to Mar 30, 2018",['Winter 2018'],Fridays at 02:28 (JST),"['Pony Canyon', 'TBS', 'Shogakukan', 'Lawson', 'Pony Canyon Enterprises']",['Funimation'],['Tezuka Productions'],['Manga'],,12 min. per ep.,PG-13 - Teens 13 or older,6.82,#5253,#1431,"176,261",211,75366,Second season of Dagashi Kashi.,"['Prequel (TV) Dagashi Kashi', 'Adaptation (Manga) Dagashi Kashi']",Dagashi Kashi 2,Dagashi Kashi Staffel 2,Dagashi Kashi Temporada 2,"['Comedy', 'Gourmet']",,Dagashikashi 2,Dagashi Kashi Saison 2,['Shounen'],,
22,博多豚骨ラーメンズ,Hakata Tonkotsu Ramens,['TV'],12,Finished Airing,"Jan 12, 2018 to Mar 30, 2018",['Winter 2018'],Fridays at 22:30 (JST),"['Sotsu', 'AT-X', 'Warner Bros. Japan', 'KlockWorx', 'ASCII Media Works', 'Tokyo MX', 'BS11']",['Funimation'],['Satelight'],Novel,,23 min. per ep.,R - 17+ (violence & profanity),7.36,#2552,#1566,"160,654",676,63959,"Although the city of Fukuoka might look relatively peaceful at first glance, in actuality it houses a thriving mixture of dangerous individuals such as killers, detectives, and professional revenge seekers right beneath its surface. Among their number is Zenji Banba, a laidback and observant detective who is investigating the work of other hitmen companies in the area. However, Banba might not be the only one with a bone to pick with these organizations, as Xianming Lin, a crossdressing male hitman in the employ of one such company begins getting fed up with his lack of jobs and pay. One day, after Lin's current target commits suicide before the hitman could reach him, his company refuses to pay him even half the amount they were originally supposed to for the assassination. Frustrated, Lin requests another mission and is offered the job of taking out Banba, whom his organization believes has been interfering with their business. However, when Banba arrives at his home and finds the hitman inside, Lin surprisingly doesn't even attempt to kill him. Instead, he offers the detective another option: to join him and form a team. With the offer on the table, exactly how will Banba respond, and just what plans does Lin have in store for the underground world of Fukuoka? [Written by MAL Rewrite]","['Adaptation (Manga) Hakata Tonkotsu Ramens', 'Adaptation (Manga) Hakata Tonkotsu Ramens Dai-2-maku', 'Adaptation (Novel) Hakata Tonkotsu Ramens', '']",Hakata Tonkotsu Ramens,,,"['Action', 'Mystery']",,,,,"['Adult Cast', 'Crossdressing', 'Detective', 'Organized Crime']",
23,ミイラの飼い方,How to Keep a Mummy,['TV'],12,Finished Airing,"Jan 12, 2018 to Mar 30, 2018",['Winter 2018'],Fridays at 01:58 (JST),"['TBS', 'Grooove', 'Nichion', 'Exit Tunes', 'ONEMUSIC', 'Crunchyroll SC Anime Fund']","None found,",['8bit'],['Web manga'],,24 min. per ep.,PG-13 - Teens 13 or older,7.46,#2127,#1702,"143,228",759,56350,"High school student Sora Kashiwagi is accustomed to receiving bizarre presents from his father, who is on an expedition around the world. Unfortunately, these gifts have been nothing but nightmares. As a result, when his father sends him a huge package from Egypt, Sora prepares himself for the worst, only to be greeted by Mii-kun—a cute, pint-sized mummy! While initially wary, Sora soon learns that Mii-kun is harmless, a delicate creature yearning for attention. Throughout their amusing day-to-day lives, the unlikely pair meet other people with unique pets, while also strengthening their bond together. Although keeping a pet is a difficult task, Sora is set on caring for the lovable Mii-kun. [Written by MAL Rewrite]","['Adaptation (Manga) Miira no Kaikata', '']",Miira no Kaikata,How to Keep a Mummy,How to Keep a Mummy,"['Slice of Life', 'Supernatural']",,How to keep a mummy,How to Keep a Mummy,,"['Mythology', 'Pets', 'School']",
24,カードキャプターさくら クリアカード編,Cardcaptor Sakura: Clear Card,['TV'],22,Finished Airing,"Jan 7, 2018 to Jun 10, 2018",['Winter 2018'],Sundays at 07:30 (JST),"['NHK', 'Kodansha', 'NHK Enterprises']",['Funimation'],['Madhouse'],['Manga'],,25 min. per ep.,PG - Children,7.66,#1397,#1858,"128,187",694,48339,"With all of the Clow Cards recaptured and changed into her own Sakura Cards, Sakura Kinomoto now enters her first year at Tomoeda Middle School. After her initial day of classes, Sakura reunites with her love Shaoran Li, who informs her that he is permanently moving back to Tomoeda. Much to her surprise, it even turns out that Shaoran will attend the same school and it seems as if Sakura's life is heading in all the right directions. However, when Sakura goes to sleep, she encounters in her dream a mysterious cloaked figure and finds herself surrounded by transparent cards. Waking up in fear, Sakura is shocked to see her dream has come true, with the Sakura Cards having turned clear. Continued dreamlike encounters with the unknown enemy and her gaining a new magical key sets the stage for Cardcaptor Sakura's latest adventure! [Written by MAL Rewrite]","['Prequel (Movie) Cardcaptor Sakura Movie 2: Fuuin Sareta Card', 'Prequel (OVA) Cardcaptor Sakura: Clear Card-hen Prologue - Sakura to Futatsu no Kuma', 'Sequel (Unknown) Cardcaptor Sakura: Clear Card-hen (Zoku-hen)', 'Adaptation (Manga) Cardcaptor Sakura: Clear Card-hen']",Cardcaptor Sakura: Clear Card-hen,Cardcaptor Sakura Clear Card,Cardcaptor Sakura Clear Card,"['Adventure', 'Comedy', 'Romance']",['Mahou Shoujo'],Cardcaptor Sakura: Clear Card-hen,Cardcaptor Sakura: Clear Card,['Shoujo'],,
25,三ツ星カラーズ,Mitsuboshi Colors,['TV'],12,Finished Airing,"Jan 7, 2018 to Mar 25, 2018",['Winter 2018'],Sundays at 22:30 (JST),"['Frontier Works', 'Movic', 'AT-X', 'Grooove', 'Hakuhodo DY Music & Pictures', 'Kadokawa Media House', 'Kadokawa']",['Sentai Filmworks'],['SILVER LINK.'],['Manga'],['Slice of Life'],23 min. per ep.,PG-13 - Teens 13 or older,7.41,#2320,#2134,"105,693",354,36172,"Residing within Tokyo's district of Ueno are the Colors, three individuals who protect their city by performing good deeds and aiding their community. Or, at the very least, they pretend to be the city's defenders. In reality, the Colors are just three young girls: the shy Yui Akamatsu, the noisy Sacchan, and the video game-loving Kotoha, who spend their time playing make-believe and exploring the city. The Colors' activities are facilitated by the grandfatherly Daigorou ""Pops"" Kujiraoka, who uses his store's inventory of knick-knacks to entertain the rambunctious trio. Not everyone is a fan of the Colors though. The local policeman Saitou just wants to deal with his regular duties, but he often finds himself the target of the Colors' attention, having been made the villain in most of their fantasies. But despite his personal feelings, Saitou always finds the time to go along with the three girls' games. Even though the Colors do not actually defend Ueno, they definitely help brighten everyone's day. [Written by MAL Rewrite]","['Adaptation (Manga) Mitsuboshi Colors', '']",Mitsuboshi Colors,,,,,,,['Shounen'],"['CGDCT', 'Iyashikei']",
26,スロウスタート,Slow Start,['TV'],12,Finished Airing,"Jan 7, 2018 to Mar 25, 2018",['Winter 2018'],Sundays at 00:30 (JST),"['Aniplex', 'Houbunsha', 'Kansai Telecasting', 'Lawson', 'Kinoshita Group Holdings', 'Drecom']",['Aniplex of America'],['CloverWorks'],['4-koma manga'],['Comedy'],23 min. per ep.,PG-13 - Teens 13 or older,7.02,#4314,#2458,"85,125",178,30397,"Hana Ichinose, a 17-year-old high school student who is not only introverted, but also insecure and timid, has just moved and will be attending a new school. To make her situation more difficult, Hana is a ""slow start,"" which means that she missed a year and worries about attending a class where everyone is younger than her. During her introduction, the teacher reveals it is Hana's birthday, which gives her the jumping-off point to meet three of her classmates: Tamate Momochi, a charismatic and extroverted girl; Kanmuri Sengoku, who is shy and small; and the popular and pretty Eiko Tokura. Not wanting to lose the chance to make new friends, Hana's interactions with these three mark the beginning of some beautiful relationships that will change her life. [Written by MAL Rewrite]","['Adaptation (Manga) Slow Start', '']",Slow Start,,,,,,,,"['CGDCT', 'School']",
27,刀使ノ巫女,Katana Maidens: Toji no Miko,['TV'],24,Finished Airing,"Jan 5, 2018 to Jun 22, 2018",['Winter 2018'],Fridays at 21:30 (JST),"['Square Enix', 'Genco', 'Mainichi Broadcasting System', 'AT-X', 'Glovision', 'Crunchyroll', 'Kadokawa', 'My Theater D.D.']",['Funimation'],['Studio Gokumi'],Original,,23 min. per ep.,PG-13 - Teens 13 or older,6.79,#5387,#2501,"82,638",245,25090,"Throughout history, an elite group of shrine maidens known as ""Toji"" have saved the world from ""Aratama,"" strange and malevolent beings bent on destroying humanity. In modern times, these warriors have been assigned to a special police squad to exterminate Aratama. The government has also set up five elite schools across the country to provide young girls the necessary sword fighting skills to eradicate these monsters and eventually join their fellow Toji in protecting the world. A student of one of those five schools, Kanami Etou is chosen to represent Minoseki Academy in a sword fighting tournament, where she meets the mysterious Hiyori Juujou. Although Kanami and Hiyori rise to the top of the tournament, their battle takes an unexpected turn, throwing the world of the Toji into chaos. Likely that the Toji are facing betrayal from within, the two are forced to flee the tournament, clashing with former comrades on the way. [Written by MAL Rewrite]","['Sequel (OVA) Toji no Miko: Kizamishi Issen no Tomoshibi', 'Adaptation (Manga) Toji no Miko']",Toji no Miko,Katana Maidens: Toji No Miko,Katana Maidens: Toji no Miko,"['Action', 'Fantasy']",['Urban Fantasy'],"Sword User Shrine Maiden, The Shrine Maiden Swordwielders",Katana Maidens: Toji no Miko,,,
28,アイドリッシュセブン,IDOLiSH7,['TV'],17,Finished Airing,"Jan 7, 2018 to May 19, 2018",['Winter 2018'],Sundays at 22:30 (JST),"['Bandai Visual', 'Lantis', 'Bandai Namco Games']","None found,",['TROYCA'],Game,['Drama'],24 min. per ep.,PG-13 - Teens 13 or older,7.69,#1331,#2650,"75,057","1,477",25301,"On her first day of work at her father's small production agency, Tsumugi Takanashi was not expecting to be made the manager of the agency's new male idol group. Though shocked that her father is trusting her with such a major project so soon, Tsumugi vows to do everything she can to support the seven young boys. After seeing how well the boys work as a team, Tsumugi meets with her father and learns that her first job as manager will be to cut four boys from the group. This is because her father believes seven idols are too much to manage, and the current top group, TRIGGER, only has three members. After holding an impromptu audition, Tsumugi returns to her father and boldly declares that she refuses to cut anyone from the group, as each member has a unique allure which collectively enhances the group's appeal. She returns to the boys and they are thrilled that none of them will get to miss out on their dreams. Together they become IDOLiSH7, and prepare to take on the fiercely competitive world of idols. [Written by MAL Rewrite]","['Sequel (TV) IDOLiSH7 Second Beat!', 'Adaptation (Manga) IDOLiSH7']",IDOLiSH7,,,,,"Idolish Seven, Ainana",,,"['Idols (Male)', 'Music']",
29,ハクメイとミコチ,Hakumei and Mikochi,['TV'],12,Finished Airing,"Jan 12, 2018 to Mar 30, 2018",['Winter 2018'],Fridays at 21:00 (JST),"['Lantis', 'AT-X', 'Sony Music Communications', 'Kadokawa Media House', 'Kadokawa']",['Sentai Filmworks'],['Lerche'],['Manga'],,23 min. per ep.,PG-13 - Teens 13 or older,7.70,#1295,#2804,"68,531",429,19958,"In a world inhabited by people only a few inches tall, young women Hakumei and Mikochi live together in a house built into a tree. Hakumei is an energetic and tomboyish carpenter, while Mikochi is a feminine and calm tailor. Despite their differences, they get along well and spend their days having fun living their lives in the woods. The two of them spend their time working, going on sightseeing adventures, and taking shopping trips into Tsumiki Marketplace by the ocean. They make many friends along the way, be they sentient woodland creatures like Iwashi the Weasel or fellow miniature people such as the songstress Konju and the inventor Sen. Hakumei to Mikochi is a relaxing look into the day-to-day lives of its titular characters as they explore and interact with their tiny world which seems to be straight out of a fairy tale. [Written by MAL Rewrite]","['Adaptation (Manga) Hakumei to Mikochi', '']",Hakumei to Mikochi,,,"['Fantasy', 'Slice of Life']",,Tiny Little Life in the Woods,,['Seinen'],"['Anthropomorphic', 'Iyashikei']",
30,ラーメン大好き小泉さん,Ms. Koizumi Loves Ramen Noodles,['TV'],12,Finished Airing,"Jan 4, 2018 to Mar 22, 2018",['Winter 2018'],Thursdays at 20:00 (JST),"['Sotsu', 'KlockWorx', 'flying DOG', 'Grooove', 'Cygames', 'Crunchyroll SC Anime Fund']",['Discotek Media'],"['Studio Gokumi', 'AXsiZ']",['Manga'],,22 min. per ep.,PG-13 - Teens 13 or older,6.56,#6741,#2826,"67,271",89,25137,"From standing in the sun for hours to traveling miles away from home, gorgeous high school student Koizumi stops at nothing to fulfill her desire for ramen. But these previously solo trips soon change when Koizumi's classmate Yuu Oosawa develops an infatuation with her, and begins to join Koizumi uninvitedly on her adventures. As Yuu continues to be shocked by Koizumi's enormous appetite, she learns about the endless variety of ramen from, arguably, its greatest connoisseur ever! [Written by MAL Rewrite]","['Adaptation (Manga) Ramen Daisuki Koizumi-san', '']",Ramen Daisuki Koizumi-san,Ms. Koizumi Loves Ramen Noodles,Ms. Koizumi Loves Ramen Noodles (Ramen Daisuki Koizumi-san),"['Comedy', 'Gourmet']",['CGDCT'],,Ms. Koizumi Loves Ramen Noodles,,,
31,サンリオ男子,Sanrio Boys,['TV'],12,Finished Airing,"Jan 6, 2018 to Mar 24, 2018",['Winter 2018'],Saturdays at 22:00 (JST),"['Pony Canyon', 'Sanrio', 'Pierrot Plus', 'Akatsuki']",['Ponycan USA'],['Pierrot'],Mixed media,['Slice of Life'],24 min. per ep.,PG-13 - Teens 13 or older,6.69,#5984,#2901,"64,639",296,22201,"Kouta Hasegawa is a completely normal high school student who likes his Pompompurin stuffed animal, a Sanrio character modelled after a Golden Retriever, which his grandmother gave him when he was young. However, an incident in which other kids accused him of being girly for liking Sanrio characters made him ashamed of his attachment to Pompompurin. Through a series of unexpected events, Kouta ends up meeting others at school who also like Sanrio characters—Yuu Mizuno, a flashy boy who is popular with girls; Shunsuke Yoshino, a member of the soccer team; Ryou Nishimiya, an underclassman who is a library assistant; and Seiichirou Minamoto, the student council president. Through his new friends, Kouta learns that there is no need to be embarrassed for liking Sanrio characters; and together, they aim to create a play for the cultural festival in order to transform his normal school life into a sparkly one. [Written by MAL Rewrite]","['Adaptation (Manga) Sanrio Danshi', '']",Sanrio Danshi,Sanrio Boys,Sanrio Boys,,,,Sanrio Boys,,"['Otaku Culture', 'School']",
32,七つの美徳,The Seven Heavenly Virtues,['TV'],10,Finished Airing,"Jan 27, 2018 to Mar 31, 2018",['Winter 2018'],Saturdays at 00:25 (JST),['Hobby Japan'],['Sentai Filmworks'],['Bridge'],Mixed media,,4 min. per ep.,R+ - Mild Nudity,5.26,#12773,#2944,"62,613",128,18261,"Set in the same timeline as Sin: Nanatsu no Taizai, Nanatsu no Bitoku follows a group of angels sent from Heaven to look for a potential ""Savior"" to counter-attack the demonic influence being spread by Lucifer and the other emissaries of Hell. (Source: Tokyo Zerostar)",[],Nanatsu no Bitoku,,,"['Fantasy', 'Ecchi']",['Mythology'],,,,,
33,弱虫ペダル GLORY LINE,,['TV'],25,Finished Airing,"Jan 9, 2018 to Jun 26, 2018",['Winter 2018'],Tuesdays at 02:05 (JST),"['TV Tokyo', 'MediaNet', 'TOHO animation', 'Akita Shoten']","None found,",['TMS Entertainment'],['Manga'],['Sports'],23 min. per ep.,PG-13 - Teens 13 or older,7.58,#1642,#2950,"62,502",100,29597,Fourth season of the Yowamushi Pedal series.,"['Prequel (TV) Yowamushi Pedal: New Generation', 'Sequel (TV) Yowamushi Pedal: Limit Break', 'Adaptation (Manga) Yowamushi Pedal', '']",Yowamushi Pedal: Glory Line,,,,['Racing'],"Yowamushi Pedal 4th Season, Yowapeda 4th Season",,['Shounen'],,
34,銀の墓守りII,The Silver Guardian 2,['TV'],6,Finished Airing,"Jan 13, 2018 to Feb 17, 2018",['Winter 2018'],Saturdays at 21:00 (JST),['Haoliners Animation League'],['Funimation'],"['Emon', 'Blade']",['Web manga'],,24 min. per ep.,PG-13 - Teens 13 or older,6.49,#7164,#3002,"60,415",75,24861,"At Shinryou Private Academy—an expensive school for wealthy students—one would never expect to find the poverty-stricken Suigin Riku. When he is not working on one of his many part-time jobs to pay his tuition, he can often be found playing the RPG game Dungeon Century, where he has cultivated a relationship with an online friend. However, when Dungeon Century shuts down, he finds out that his crush, the kind-hearted Rei Riku, and his online friend are the same person. But in the aftermath of this revelation, Rei gets kidnapped and taken into Grave Buster, which is a new online game from the creators of Dungeon Century, forcing Suigin to enter the harsh new world of a pay-to-win game in order to save her. Gin no Guardian 2nd Season continues Suigin's quest to rescue Rei, while attempting to solve the mysteries of this strange game. [Written by MAL Rewrite]","['Prequel (TV) Gin no Guardian', '']",Gin no Guardian II,The Silver Guradian 2,The Silver Guardian 2,"['Adventure', 'Fantasy']",['Video Game'],"Shirogane no Guardian, The Silver Guardian,  Gin no Guardian 2nd Season",The Silver Guardian 2,,,
35,灵契 2,Spiritpact: Bond of the Underworld,['TV'],12,Finished Airing,"Feb 23, 2018 to May 11, 2018",['Winter 2018'],Saturdays at 21:00 (JST),['Tencent Animation & Comics'],"None found,",['Haoliners Animation League'],['Web manga'],,24 min. per ep.,PG-13 - Teens 13 or older,7.49,#2008,#3300,"50,616",231,20094,"In this new season, we will discover the backstory of Tanmoki and who will learn through his memories who was his ancestor Rakugetsu. (Source: ANN)","['Prequel (ONA) Ling Qi', '']",Ling Qi 2,Spiritpact: Bond of The Underworld,Spiritpact: Bond of the Underworld,"['Action', 'Boys Love', 'Comedy', 'Supernatural']",,"Spirit Pact: Yomi no Chigiri, Spirit Pact: Bond of the Underworld",Spiritpact: Bond of the Underworld,,,
36,たくのみ。,Takunomi,['TV'],12,Finished Airing,"Jan 12, 2018 to Mar 30, 2018",['Winter 2018'],Fridays at 02:43 (JST),"['Pony Canyon', 'TBS', 'Magic Capsule', 'Shogakukan', 'Lawson', 'RAY', 'U-NEXT', 'Nichion']",['Sentai Filmworks'],['Production IMS'],['Web manga'],,12 min. per ep.,PG-13 - Teens 13 or older,6.43,#7523,#3363,"48,696",49,15848,"20-year-old Michiru Amatsuki moved to Tokyo after a career change, and now finds herself living in a woman only share house, Stella House Haruno, with a few other women of varying age and occupation. Every night the girls settle down and have a drink or two (or more) as drama ensues.","['Adaptation (Manga) Takunomi.', '']",Takunomi.,,,"['Comedy', 'Gourmet']",,,,,"['Adult Cast', 'CGDCT']",
37,メルヘン・メドヘン,Maerchen Maedchen,['TV'],10,Finished Airing,"Jan 11, 2018 to Mar 29, 2018",['Winter 2018'],Thursdays at 21:00 (JST),"['Lantis', 'AT-X', 'NBCUniversal Entertainment Japan', 'Medicos Entertainment', 'Shueisha', 'Kanon Sound', 'DMM.com', 'NichiNare']","None found,",['Hoods Entertainment'],['Light novel'],['Fantasy'],23 min. per ep.,PG-13 - Teens 13 or older,5.41,#12373,#3636,"42,621",49,14746,"Hazuki Kagimura is a socially awkward girl with no friends; and having been recently adopted, she struggles to connect with her new family as well. Her only refuge from this painful reality is between the pages of stories where her vivid imagination allows her to live out her dreams of friendship and adventure. However, one day, an old and mysterious text appears in her book bag. On her way back to the library to return it, Hazuki sees a familiar girl who is seemingly invisible to everyone but her. Deciding to follow her, Hazuki is led a hidden library where a world she thought only existed in her dreams awaits her. Märchen Mädchen tells the story of Hazuki's meeting with Shizuka Tsuchimikado, her very first friend, and discovering she has been chosen by the original print of Cinderella to become a powerful mage known as an Origin Master. Hazuki enrolls at Kuzunoha Girl's Magic Academy where she learns to conquer her fears and believe in her ability to create her own amazing story. [Written by MAL Rewrite]","['Sequel (Special) Märchen Mädchen Specials', 'Adaptation (Manga) Märchen Mädchen', 'Adaptation (Light Novel) Märchen Mädchen', '']",Märchen Mädchen,Maerchen Maedchen,Maerchen Maedchen,,,Fairy Tale Girls,Maerchen Maedchen,,"['Isekai', 'School']",
38,バジリスク ～桜花忍法帖～,Basilisk: The Ouka Ninja Scrolls,['TV'],24,Finished Airing,"Jan 9, 2018 to Jun 19, 2018",['Winter 2018'],Tuesdays at 00:00 (JST),"['Kodansha', 'Glovision', 'King Records', 'Universal Entertainment']",['Funimation'],['Seven Arcs Pictures'],['Manga'],,23 min. per ep.,R - 17+ (violence & profanity),5.55,#11952,#3757,"40,067",41,11251,"It has been 10 years since the war between the Iga and Kouga ninja clans came to an end. The two groups have since made peace, supposedly dispelling the animosity that once existed between them. Hachirou Kouga and Hibiki Iga, the successors of their respective bloodlines, seem to have the perfect conditions for their love to bloom, but not everyone is satisfied with the results of the age-old battle. Different tales of the final showdown between Gennosuke Kouga and Oboro Iga have spread, leaving Tadanaga Tokugawa—whom the Kouga represented—dissatisfied. As tension between the two clans rises once again, the brewing political climate threatens to keep the two fated lovers apart, just as it had in the previous generation. [Written by MAL Rewrite]","['Prequel (TV) Basilisk: Kouga Ninpou Chou', 'Adaptation (Manga) Basilisk: Ouka Ninpouchou']",Basilisk: Ouka Ninpouchou,Basilisk: The Ouka Ninja Scrolls,Basilisk: The Ouka Ninja Scrolls,"['Action', 'Drama']",,,Basilisk: The Kôga Ninja Scrolls,['Seinen'],"['Historical', 'Martial Arts']",
39,続 刀剣乱舞-花丸-,Touken Ranbu - Hanamaru 2,['TV'],12,Finished Airing,"Jan 8, 2018 to Mar 26, 2018",['Winter 2018'],Mondays at 00:00 (JST),"['Marvelous Entertainment', 'Nitroplus', 'TOHO animation', 'Good Smile Company', 'DMM.com']",['Funimation'],['Doga Kobo'],Game,,24 min. per ep.,PG-13 - Teens 13 or older,7.29,#2899,#4220,"31,155",141,8749,Sequel of Touken Ranbu: Hanamaru.,"['Prequel (TV) Touken Ranbu: Hanamaru', 'Sequel (Movie) Toku: Touken Ranbu - Hanamaru - Setsugetsuka']",Zoku Touken Ranbu: Hanamaru,Touken Ranbu: Hanamaru 2,Touken Ranbu: Hanamaru Temporada 2,"['Action', 'Comedy', 'Fantasy']",,Touken Ranbu: Hanamaru Second Season,Touken Ranbu: Hanamaru 2,,"['Anthropomorphic', 'Historical']",
40,ダメプリ ANIME CARAVAN,Damepri Anime Caravan,['TV'],12,Finished Airing,"Jan 10, 2018 to Mar 28, 2018",['Winter 2018'],Wednesdays at 22:30 (JST),"['Pierrot', 'Movic', 'BS Fuji', 'Tokyo MX', 'AZ Creative', 'Kadokawa', 'Live Viewing Japan', 'Libre']",['Sentai Filmworks'],['Studio Flad'],Visual novel,,23 min. per ep.,PG-13 - Teens 13 or older,6.50,#7075,#4236,"30,952",87,9504,"Inako is a minor country, enclosed by two superior countries: the militaristic Milidonia, with its goal of conquering as much land as possible, and the monotheiestic Selenfalen, devoted to the deity Saint Philia. Ani Inako is the sole princess of her country, and in order to eliminate hostility between the three countries, she is sent as Inako's representative to a peace treaty signing in Selenfalen. However, Ani's hopes of a smooth ceremony are shattered when she meets the eccentric princes from her rival countries. With the treaty binding the three countries together, Ani and the princes must learn to overcome their differences. Together, they search for common ground on which to develop their friendship. [Written by MAL Rewrite]",[],Dame x Prince Anime Caravan,,,"['Adventure', 'Comedy', 'Fantasy']",,,,,"['Parody', 'Reverse Harem']",
41,覇穹 封神演義,Hakyu Hoshin Engi,['TV'],23,Finished Airing,"Jan 12, 2018 to Jun 29, 2018",['Winter 2018'],Fridays at 22:00 (JST),"['NBCUniversal Entertainment Japan', 'i0+']",['Funimation'],['C-Station'],['Manga'],,23 min. per ep.,PG-13 - Teens 13 or older,5.39,#12458,#4980,"21,580",22,5579,"When his clan is wiped out by a beautiful demon, young Taikobo finds himself in charge of the mysterious Houshin Project. Its mission: find all immortals living in the human world and seal them away forever. But who do you trust—and whose side are you really on—when you've been trained to hunt demons by a demon? (Source: VIZ Media)","['Sequel (Special) Hakyuu Houshin Engi: Kou-ke no Chi', 'Adaptation (Manga) Houshin Engi']",Hakyuu Houshin Engi,Hakyu Hoshin Engi,Hakyu Hoshin Engi,"['Action', 'Adventure', 'Fantasy']",['Mythology'],,Hakyu Hoshin Engi,['Shounen'],,
42,HuGっと！プリキュア,,['TV'],49,Finished Airing,"Feb 4, 2018 to Jan 27, 2019",['Winter 2018'],Sundays at 08:30 (JST),"['Asahi Broadcasting', 'ABC Animation', 'Echoes']","None found,",['Toei Animation'],Original,['Action'],24 min. per ep.,G - All Ages,7.82,#996,#5308,"18,477",276,6224,"It's her first day at a new school, and the cheerful Hana Nono is ready to make a fresh start, dreaming of becoming mature and reliable—a far cry from her usual childish self. Although she makes a disastrous first impression, Hana soon befriends two of her classmates: the gentle and studious class representative Saaya Yakushiji, and a cool and mysterious girl Homare Kagayaki. That night, a magical baby falls from the sky right onto Hana's balcony. She is immediately smitten with her and names her Hug-tan. Alongside Hug-tan is a snarky talking hamster, Hariham Harry, who mutters that Hana ""isn't the one"" before vanishing with the baby. The next day, Hana believes the encounter to be a dream, until people all over the city begin collapsing and a giant monster appears, feeding on their energy. As Hana escapes, she spots Hug-tan and Harry under attack. Making a stand to protect them, she and Hug-tan suddenly both glow with energy and a heart-shaped gem forms. With the crystal's power, Hana transforms into a hero called ""Cure Yell"" and defeats the monster. Surprised at Hana's power, Harry explains that he and Hug-tan came from a future frozen in time by the Criasu Corporation, the same organization that created the monster. Only the Future Crystals, manifestations of one's hopes and dreams, and the Precure they create have a chance at defeating Criasu and saving the future! [Written by MAL Rewrite]","['Adaptation (Manga) Hug tto! Precure', '']",Hug tto! Precure,,,,['Mahou Shoujo'],"Hugtto Precure, Hug! Pretty Cure",,,,
43,みっちりねこ,Mitchiri Neko,['TV'],39,Finished Airing,"Jan 4, 2018 to Mar 26, 2018",['Winter 2018'],Not scheduled once per week,['Frencel'],['Discotek Media'],['helo.inc'],['Web manga'],['Comedy'],1 min. per ep.,G - All Ages,6.82,#5220,#7065,"8,981",25,3678,"The cute and mysterious cat-like creatures called Mitchiri Neko that seem to gather around each other if you leave them alone now get their own anime with a glorious voice cast! The free and happy-go-lucky Mitchiri Neko's daily life is filled fluff and surreal laughs! Say it with me, ""Mitchiri! Mitchiri!"" (Source: Crunchyroll)","['Adaptation (Manga) Micchiri Neko', '']",Micchiri Neko,Mitchiri Neko,Mitchiri Neko,,,"MitchiriNeko, Micchiri Neko",,['Kids'],,
44,働くお兄さん!,Working Buddies!,['TV'],12,Finished Airing,"Jan 5, 2018 to Mar 23, 2018",['Winter 2018'],Fridays at 21:54 (JST),"['Lantis', 'Movic', 'Half H.P Studio', 'BS Fuji', 'Tokyo MX', 'Good Smile Company']","None found,",['Tomovies'],Original,['Comedy'],4 min. per ep.,G - All Ages,6.39,#7731,#7072,"8,958",22,3525,"The energetic Tapio Chatarozawa and the cool-headed Kuehiko Roshihara are two young cats trying out various part-time jobs. From delivering packages to washing windows on skyscrapers, the pair explore the opportunities that await them out on the recruiting field. As they struggle to learn the ropes, the duo endures the antics of their colorful customers and supervisors while bonding as working buddies. [Written by MAL Rewrite]","['Sequel (TV) Hataraku Oniisan! no 2!', 'Adaptation (Manga) Itsuka Hataraku Oniisan!']",Hataraku Oniisan!,Working Buddies!,Working Buddies!,,,,Working Buddies!,,"['Anthropomorphic', 'Workplace']",
45,怪獣娘～ウルトラ怪獣擬人化計画～ 第2期,,['TV'],12,Finished Airing,"Jan 9, 2018 to Mar 27, 2018",['Winter 2018'],Tuesdays at 21:54 (JST),"['Pony Canyon', 'Tsuburaya Productions', 'Docomo Anime Store', 'Medicrie']","None found,",['Studio PuYUKAI'],Original,,3 min. per ep.,G - All Ages,6.10,#9370,#8594,"5,553",5,2301,"Second Season of Kaijuu Girls: Ultra Kaijuu Gijinka Keikaku. It is receiving a TV broadcast, not just dTV streaming like the previous season.","['Prequel (ONA) Kaijuu Girls: Ultra Kaijuu Gijinka Keikaku', 'Sequel (Movie) Kaijuu Girls Kuro: Ultra Kaijuu Gijinka Keikaku']",Kaijuu Girls: Ultra Kaijuu Gijinka Keikaku 2nd Season,Kaijuu Girls Staffel 2,Kaijuu Girls Temporada 2,"['Comedy', 'Fantasy']",['Parody'],,Kaijuu Girls Saison 2,,,
46,新幹線変形ロボ シンカリオン THE ANIMATION,Bullet Train Transforming Robot Shinkalion The Animation,['TV'],76,Finished Airing,"Jan 6, 2018 to Jun 29, 2019",['Winter 2018'],Saturdays at 07:00 (JST),"['Ajia-do', 'TBS']","None found,",['OLM'],Other,,24 min. per ep.,PG - Children,6.79,#5383,#9088,"4,743",32,872,"Hayato Hayasugi (his last name is a pun on the words for ""too fast"") and other children will serve as conductors to pilot the Shinkalion. The Shinkalion robots are various models of real-life Japanese bullet trains (shinkansen) that transform into robots to fight an unknown evil to protect the safety and peace of Japan. The children must work together with the adults of the Shinkansen Ultra Evolution Institute (SUEI) to defeat a monster that looks like a jet black bullet train. (Source: TBS Global Business)","['Sequel (TV) Shinkansen Henkei Robo Shinkalion Z the Animation', '']",Shinkansen Henkei Robo Shinkalion The Animation,,,"['Action', 'Sci-Fi']",['Mecha'],Transformable Shinkansen Robot Shinkalion,,['Kids'],,
47,gdメン,gdgd men's Party,['TV'],12,Finished Airing,"Jan 9, 2018 to Mar 27, 2018",['Winter 2018'],Tuesdays at 01:10 (JST),"['Tokyo MX', 'Fan Company', 'Global Solutions']","None found,",['Strawberry Meets Pictures'],Original,,8 min. per ep.,PG - Children,5.83,#10796,#10298,"3,217",5,1095,"In the series, Light and Yomi are spending their daily lives happily playing video games. One night when everyone else is asleep, Light receives an invitation from Alpha, a messenger for someone named King. Light and Yomi are then sucked into another world, where they must undertake a quest to rescue Princess Melody from the demon lord. Light thinks this must be his destiny, while Yomi thinks it's kind of annoying. They form a party with Alpha to start their quest. Alpha as it turns out is an AI robot, and he has a program that allows them to raise their levels while slowly continuing their adventure. (Source: ANN)","['Prequel (TV) gdgd Fairies 2', '']",gdMen,gdgd Men's Party,gdgd men's Party,"['Comedy', 'Fantasy']",,Guda Men,gdgd Men's Party,,,
48,まめねこ,,['TV'],12,Finished Airing,"Jan 9, 2018 to Mar 27, 2018",['Winter 2018'],Tuesdays at 01:05 (JST),"['Studio A-CAT', 'On-Lead']","None found,",['Charaction'],['Manga'],['Slice of Life'],3 min. per ep.,PG - Children,6.06,#9618,#12370,"1,716",0,465,"The series follows the daily lives of a naughty female cat named Azuki and a quiet male cat named Daizu who live with their owner, a 30 year old office lady, and her extended family, including an otaku elder brother and an adopted shiba inu dog who thinks he's a cat. (Source: Crunchyroll)",[],Mameneko,,,,['Pets'],,,,,
49,イナズマデリバリー 同業者アタック編,,['TV'],10,Finished Airing,"Dec 8, 2017 to Mar 2, 2018",['Winter 2018'],Unknown,"None found,","None found,",['Kanaban Graphics'],Original,,2 min. per ep.,PG-13 - Teens 13 or older,6.31,#8243,#14407,959,2,345,No synopsis information has been added to this title. Help improve our database by adding a synopsis here.,"['Prequel (TV) Inazma Delivery', '']",Inazma Delivery: Dougyousha Attack-hen,,,"['Action', 'Comedy', 'Sci-Fi']",,,,,,
50,ポチっと発明 ピカちんキット,,['TV'],115,Finished Airing,"Jan 6, 2018 to Mar 28, 2020",['Winter 2018'],Saturdays at 09:30 (JST),['Bandai'],"None found,","['OLM', 'Shin-Ei Animation']",Original,,24 min. per ep.,PG - Children,[],#21029,#16264,588,1,,"A fifth-year elementary student named Eiji Toomatsu, and his ""inspiration"" buddy, a dog named Pochirou. One day Eiji finds a mysterious book called the ""Pikachin Research Book,"" and learns about the seven tools that make up the Pikachin Kit. Eiji presses a button inside the research book, and immediately a ""Future Amazon"" delivery arrives at his door with the kit. Eiji uses the blueprints included in the box to assemble the kit, but it seems as though 1% part of the kit is still missing. In the franchise, the word ""Pikachin"" means the flash of inspiration or insight one gets about a new project, similar to the visual of a lightbulb turning on above one's head when someone has an idea. The concept of the franchise is ""invention is 99% plastic models, 1% inspiration."" (Source: ANN)","['Prequel (ONA) Pochitto Hatsumei: Pikachin-Kit', '']",Pikachin-Kit,,,"['Comedy', 'Sci-Fi']",,Pochitto Hatsumei: Pikachin-Kit,,['Kids'],,
51,"戦隊ヒーロー スキヤキフォース -ぐんまの平和を願うシーズン え, また?-",,['TV'],24,Finished Airing,"Jan 15, 2018 to Jun 25, 2018",['Winter 2018'],Unknown,"None found,","None found,",['Studio 4°C'],Original,['Comedy'],2 min. per ep.,G - All Ages,[],#13993,#18329,396,0,,No synopsis information has been added to this title. Help improve our database by adding a synopsis here.,"['Prequel (TV) Sentai Hero Sukiyaki Force: Gunma no Heiwa wo Negau Season', '']","Sentai Hero Sukiyaki Force: Gunma no Heiwa wo Negau Season e, Mata?",,,,,,,,"['Parody', 'Super Power']",
52,띠띠뽀 띠띠뽀,Titipo,['TV'],26,Finished Airing,"Jan 1, 2018 to Mar 27, 2018",['Winter 2018'],Not scheduled once per week,['EBS'],"None found,","['Iconix Entertainment', 'Studio Gale']",Original,,11 min. per ep.,PG - Children,[],#14909,#18936,347,1,,"Say hi to Tayo's new friend - Titipo! Train Center's new born little train Titipo has just passed the driving examination and is prepared to work at the Train Village. Although Titipo dreams of becoming the best train in the world, his curious yet random personality catches him in unforeseen events and troubles everyday. Titipo expands his experience in the greater world and befriends Genie, Diesel, and other little trains. Will Titipo achieve his dream of becoming the best train? Come join the railroad journey and meet Titipo and the little train friends. (Source: Official YouTube channel)","['Sequel (TV) Titipo Titipo 2', '']",Titipo Titipo,,El Pequeño Titipo Titipo,,['Racing'],"Titipo and Friends, Titipo & Friends, Titipo-wa Chingudeul Titipo Titipo",,['Kids'],,
53,うちのウッチョパス,,['TV'],38,Finished Airing,"Jan 9, 2018 to Sep 25, 2018",['Winter 2018'],Tuesdays at 17:20 (JST),"['NHK', 'Echoes']","None found,","None found,",Picture book,,5 min. per ep.,G - All Ages,[],#15100,#19136,336,0,,"The main character is the mysterious lifeform Oochopus. In the series, the Oochopus appears at the house of five-year-old Kantarou and three-year-old An-chan. Kantarou and An-chan accept the cute but somewhat irresponsible Oochopus as family. (Source: ANN)",[],Uchi no Oochopus,,,,,,,['Kids'],,
54,에어로버: 스페이스 드론의 귀환,Aerover: Return of the Space Drone,['TV'],13,Finished Airing,"Jan 18, 2018 to May 3, 2018",['Winter 2018'],Unknown,"None found,","None found,","None found,",Unknown,,14 min. per ep.,G - All Ages,[],#16480,#19338,323,1,,"Tells about a future where drones are common. Drones have played an indispensable and important function in human life. One day, a large meteorite fell on earth, and scientists discovered that it had an infinite source of energy, the ""Cosmo Stone"", and applied it to a drone, what people call a ""space drone."" One day, drone wars around the world broke out, and space drones were active as a weapon of war. As the damage spreads, world leaders proposed a ceasefire and sought to turn drones into symbols of peace, not weapons of war anymore. The result is the ""Aerover Championship"".","['Sequel (TV) Aerover: Pinigseuui Buhwal', '']",Aerover: Seupeiseu Drone Gwihwan,,,"['Action', 'Comedy']",,,,,,
55,がん がん がんこちゃん 第2期,,['TV'],8,Finished Airing,"Feb 4, 2018 to Mar 25, 2018",['Winter 2018'],Sundays at 07:55 (JST),"None found,","None found,",['10Gauge'],Original,,5 min. per ep.,G - All Ages,[],#18092,#19731,300,0,,Second season of the Gan Gan Ganko-chan anime series.,"['Prequel (TV) Gan Gan Ganko-chan', '']",Gan Gan Ganko-chan 2nd Season,,,"['Comedy', 'Sci-Fi']",,,,['Kids'],,
56,开心超人联盟之神奇实验室,,['TV'],24,Finished Airing,"Jan 20, 2018 to Feb 21, 2018",['Winter 2018'],Unknown,"None found,","None found,","None found,",Original,,13 min. per ep.,PG - Children,[],#19225,#23215,129,0,,No synopsis information has been added to this title. Help improve our database by adding a synopsis here.,[],Kaixin Chaoren Lianmeng: Shenqi Shiyan Shi,,,"['Comedy', 'Sci-Fi']",,,,['Kids'],,
57,뱅글스쿨,Bangle School,['TV'],26,Finished Airing,"Dec 2, 2017 to Jun 30, 2018",['Winter 2018'],Unknown,"None found,","None found,","None found,",Original,,12 min. per ep.,PG - Children,[],#16809,#23376,125,0,,No synopsis information has been added to this title. Help improve our database by adding a synopsis here.,[],Bangle School,,,"['Comedy', 'Fantasy']",['School'],Baeng-geulseukul,,['Kids'],,
58,小鹿杏仁儿,Almond the Deer,['TV'],52,Finished Airing,"Jan 23, 2018 to Jan 15, 2019",['Winter 2018'],Unknown,"None found,","None found,","None found,",Original,['Fantasy'],7 min. per ep.,PG - Children,[],#15696,#24180,108,0,,No synopsis information has been added to this title. Help improve our database by adding a synopsis here.,"['Sequel (TV) Xiaolu Xingren Er 2nd Season', '']",Xiaolu Xingren Er,,,,,,,['Kids'],,
59,巫女っちゃけん。,,['TV'],10,Finished Airing,"Jan 15, 2018 to Feb 25, 2018",['Winter 2018'],Not scheduled once per week,"None found,","None found,","None found,",Other,['Comedy'],1 min. per ep.,PG-13 - Teens 13 or older,[],#20242,#24848,97,0,,An animated series to promote the film Mikocchaken.,[],Mikocchaken.,,,,,,,,,
60,ONE PIECE,One Piece,['TV'],Unknown,Currently Airing,"Oct 20, 1999 to ?",['Fall 1999'],Sundays at 09:30 (JST),"['Fuji TV', 'TAP', 'Shueisha']","['Funimation', '4Kids Entertainment']",['Toei Animation'],['Manga'],,24 min.,PG-13 - Teens 13 or older,8.73,#51,#17,"2,494,597","234,521",1418421,"Barely surviving in a barrel after passing through a terrible whirlpool at sea, carefree Monkey D. Luffy ends up aboard a ship under attack by fearsome pirates. Despite being a naive-looking teenager, he is not to be underestimated. Unmatched in battle, Luffy is a pirate himself who resolutely pursues the coveted One Piece treasure and the King of the Pirates title that comes with it. The late King of the Pirates, Gol D. Roger, stirred up the world before his death by disclosing the whereabouts of his hoard of riches and daring everyone to obtain it. Ever since then, countless powerful pirates have sailed dangerous seas for the prized One Piece only to never return. Although Luffy lacks a crew and a proper ship, he is endowed with a superhuman ability and an unbreakable spirit that make him not only a formidable adversary but also an inspiration to many. As he faces numerous challenges with a big smile on his face, Luffy gathers one-of-a-kind companions to join him in his ambitious endeavor, together embracing perils and wonders on their once-in-a-lifetime adventure. [Written by MAL Rewrite]","['Adaptation (Manga) One Piece', 'Adaptation (Light Novel) One Piece: Loguetown-hen']",One Piece,,,"['Action', 'Adventure', 'Fantasy']",,OP,,['Shounen'],,
61,ブラッククローバー,Black Clover,['TV'],170,Finished Airing,"Oct 3, 2017 to Mar 30, 2021",['Fall 2017'],Tuesdays at 18:25 (JST),"['TV Tokyo', 'Avex Pictures', 'Shueisha']","['Funimation', 'Crunchyroll']",['Pierrot'],['Manga'],,23 min. per ep.,PG-13 - Teens 13 or older,8.14,#474,#57,"1,770,648","48,437",909467,"Asta and Yuno were abandoned at the same church on the same day. Raised together as children, they came to know of the ""Wizard King""—a title given to the strongest mage in the kingdom—and promised that they would compete against each other for the position of the next Wizard King. However, as they grew up, the stark difference between them became evident. While Yuno is able to wield magic with amazing power and control, Asta cannot use magic at all and desperately tries to awaken his powers by training physically. When they reach the age of 15, Yuno is bestowed a spectacular Grimoire with a four-leaf clover, while Asta receives nothing. However, soon after, Yuno is attacked by a person named Lebuty, whose main purpose is to obtain Yuno's Grimoire. Asta tries to fight Lebuty, but he is outmatched. Though without hope and on the brink of defeat, he finds the strength to continue when he hears Yuno's voice. Unleashing his inner emotions in a rage, Asta receives a five-leaf clover Grimoire, a ""Black Clover"" giving him enough power to defeat Lebuty. A few days later, the two friends head out into the world, both seeking the same goal—to become the Wizard King! [Written by MAL Rewrite]","['Adaptation (Manga) Black Clover', '']",Black Clover,,,"['Action', 'Fantasy']",,,,['Shounen'],,
62,魔法使いの嫁,The Ancient Magus' Bride,['TV'],24,Finished Airing,"Oct 8, 2017 to Mar 25, 2018",['Fall 2017'],Sundays at 01:30 (JST),"['Production I.G', 'Shochiku', 'flying DOG', 'Mag Garden']",['Funimation'],['Wit Studio'],['Manga'],,24 min. per ep.,PG-13 - Teens 13 or older,8.05,#595,#179,"972,633","12,875",407823,"Chise Hatori, a 15-year-old Japanese girl, was sold for five million pounds at an auction to a tall masked gentleman. Abandoned at a young age and ridiculed by her peers for her unconventional behavior, she was ready to give herself to any buyer if it meant having a place to go home to. In chains and on her way to an unknown fate, she hears whispers from robed men along her path, gossiping and complaining that such a buyer got his hands on a rare Sleigh Beggy. Ignoring the murmurs, the mysterious man leads the girl to a study, where he reveals himself to be Elias Ainsworth—a magus. After a brief confrontation and a bit of teleportation magic, the two open their eyes to Elias' picturesque cottage in rural England. Greeted by fairies and surrounded by weird and wonderful beings upon her arrival, these events mark the beginning of Chise's story as the apprentice and supposed bride of the ancient magus. [Written by MAL Rewrite]","['Sequel (TV) Mahoutsukai no Yome Season 2', 'Adaptation (Manga) Mahoutsukai no Yome']",Mahoutsukai no Yome,The Ancient Magus' Bride,The Ancient Magus Bride,"['Drama', 'Fantasy', 'Romance']",,"The Magician's Bride, Mahoyome",The Ancient Magus' Bride,['Shounen'],"['Mythology', 'Urban Fantasy']",
63,BORUTO -NARUTO NEXT GENERATIONS-,Boruto: Naruto Next Generations,['TV'],293,Finished Airing,"Apr 5, 2017 to Mar 26, 2023",['Spring 2017'],Sundays at 17:30 (JST),"['TV Tokyo', 'Aniplex', 'Rakuonsha', 'Shueisha']",['VIZ Media'],['Pierrot'],['Manga'],,23 min. per ep.,PG-13 - Teens 13 or older,6.00,#9907,#208,"895,097","7,373",456857,"Following the successful end of the Fourth Shinobi World War, Konohagakure has been enjoying a period of peace, prosperity, and extraordinary technological advancement. This is all due to the efforts of the Allied Shinobi Forces and the village's Seventh Hokage, Naruto Uzumaki. Now resembling a modern metropolis, Konohagakure has changed, particularly the life of a shinobi. Under the watchful eye of Naruto and his old comrades, a new generation of shinobi has stepped up to learn the ways of the ninja. Boruto Uzumaki is often the center of attention as the son of the Seventh Hokage. Despite having inherited Naruto's boisterous and stubborn demeanor, Boruto is considered a prodigy and is able to unleash his potential with the help of supportive friends and family. Unfortunately, this has only worsened his arrogance and his desire to surpass Naruto which, along with his father's busy lifestyle, has strained their relationship. However, a sinister force brewing within the village may threaten Boruto's carefree life. New friends and familiar faces join Boruto as a new story begins. [Written by MAL Rewrite]","['Prequel (TV) Naruto: Shippuuden', 'Sequel (TV) Boruto: Naruto Next Generations Part 2', 'Adaptation (Manga) Naruto Gaiden: Nanadaime Hokage to Akairo no Hanatsuzuki', 'Adaptation (Manga) Boruto: Naruto Next Generations']",Boruto: Naruto Next Generations,,,"['Action', 'Adventure', 'Fantasy']",['Martial Arts'],,,['Shounen'],,
64,ドラゴンボール超（スーパー）,Dragon Ball Super,['TV'],131,Finished Airing,"Jul 5, 2015 to Mar 25, 2018",['Summer 2015'],Sundays at 09:00 (JST),"['Yomiko Advertising', 'Fuji TV']",['Funimation'],['Toei Animation'],['Manga'],,23 min. per ep.,PG-13 - Teens 13 or older,7.46,#2106,#218,"868,872","10,977",559123,"Seven years after the defeat of Majin Buu, Earth is at peace, and its people live free from any dangers lurking in the universe. However, this peace is short-lived; a sleeping threat awakens in the dark reaches of the galaxy: Beerus, the ruthless God of Destruction. Disturbed by a prophecy that he will be defeated by a ""Super Saiyan God,"" Beerus and his angelic attendant Whis search the universe for this mysterious being. Before long, they reach Earth and encounter Gokuu Son, one of the planet's mightiest warriors, and his powerful friends. [Written by MAL Rewrite]","['Sequel (Movie) Dragon Ball Super: Broly', 'Adaptation (Manga) Dragon Ball Super']",Dragon Ball Super,,,"['Action', 'Adventure', 'Comedy', 'Fantasy']",['Martial Arts'],"Dragon Ball Chou, DB Super, DBS",,['Shounen'],,
65,3月のライオン 第2シリーズ,March Comes In Like a Lion 2nd Season,['TV'],22,Finished Airing,"Oct 14, 2017 to Mar 31, 2018",['Fall 2017'],Saturdays at 23:00 (JST),"['Aniplex', 'Dentsu', 'NHK', 'Hakusensha', 'Asmik Ace', ""Toy's Factory""]",['Aniplex of America'],['Shaft'],['Manga'],['Drama'],25 min. per ep.,PG-13 - Teens 13 or older,8.91,#19,#590,"417,164","15,273",206238,"Now in his second year of high school, Rei Kiriyama continues pushing through his struggles in the professional shogi world as well as his personal life. Surrounded by vibrant personalities at the shogi hall, the school club, and in the local community, his solitary shell slowly begins to crack. Among them are the three Kawamoto sisters—Akari, Hinata, and Momo—who forge an affectionate and familial bond with Rei. Through these ties, he realizes that everyone is burdened by their own emotional hardships and begins learning how to rely on others while supporting them in return. Nonetheless, the life of a professional is not easy. Between tournaments, championships, and title matches, the pressure mounts as Rei advances through the ranks and encounters incredibly skilled opponents. As he manages his relationships with those who have grown close to him, the shogi player continues to search for the reason he plays the game that defines his career. [Written by MAL Rewrite]","['Prequel (TV) 3-gatsu no Lion', 'Adaptation (Manga) 3-gatsu no Lion']",3-gatsu no Lion 2nd Season,March Come in Like a Lion Staffel 2,March Comes in like a Lion Temporada 2,,,Sangatsu no Lion Second Season,March Comes in like a Lion Saison 2,['Seinen'],"['Childcare', 'Strategy Game']",
66,名探偵コナン,Case Closed,['TV'],Unknown,Currently Airing,"Jan 8, 1996 to ?",['Winter 1996'],Saturdays at 18:00 (JST),"['Yomiuri Telecasting', 'Shogakukan', 'Audio Planning U', 'Tokyo Movie', 'Polydor Records']","['Funimation', 'Crunchyroll']",['TMS Entertainment'],['Manga'],,24 min.,PG-13 - Teens 13 or older,8.17,#433,#704,"360,650","15,327",164260,"Shinichi Kudou, a high school student of astounding talent in detective work, is well known for having solved several challenging cases. One day, when Shinichi spots two suspicious men and decides to follow them, he inadvertently becomes witness to a disturbing illegal activity. Unfortunately, he is caught in the act, so the men dose him with an experimental drug formulated by their criminal organization, leaving him to his death. However, to his own astonishment, Shinichi lives to see another day, but now in the body of a seven-year-old child. Perfectly preserving his original intelligence, he hides his real identity from everyone, including his childhood friend Ran Mouri and her father, private detective Kogorou Mouri. To this end, he takes on the alias of Conan Edogawa, inspired by the mystery writers Arthur Conan Doyle and Ranpo Edogawa. Shinichi, as Conan, starts secretly solving the senior Mouri's cases from behind the scenes with his still exceptional sleuthing skills, while covertly investigating the organization responsible for his current state, hoping to reverse the drug's effects someday. [Written by MAL Rewrite]","['Adaptation (Manga) Meitantei Conan', '']",Meitantei Conan,Case Closed,,"['Adventure', 'Comedy', 'Mystery']",['Detective'],Detective Conan,,['Shounen'],,
67,ポケットモンスター サン＆ムーン,Pokémon the Series: Sun & Moon,['TV'],146,Finished Airing,"Nov 17, 2016 to Nov 3, 2019",['Fall 2016'],Sundays at 18:00 (JST),"['TV Tokyo', 'Shogakukan-Shueisha Productions']",['The Pokemon Company International'],['OLM'],Game,,24 min. per ep.,PG - Children,6.95,#4611,#1922,"122,069",595,65598,"After his mother wins a free trip to the islands, Pokémon trainer Satoshi and his partner Pikachu head for Melemele Island of the beautiful Alola region, which is filled with lots of new Pokémon and even variations of familiar faces. Eager to explore the island, Satoshi and Pikachu run wild with excitement, quickly losing their way while chasing after a Pokémon. The pair eventually stumbles upon the Pokémon School, an institution where students come to learn more about these fascinating creatures. At the school, when he and one of the students—the no-nonsense Kaki—have a run-in with the nefarious thugs of Team Skull, Satoshi discovers the overwhelming might of the Z-Moves, powerful attacks originating from the Alola region that require the trainer and Pokémon to be in sync. Later that night, he and Pikachu have an encounter with the guardian deity Pokémon of Melemele Island, the mysterious Kapu Kokeko. The Pokémon of legend bestows upon them a Z-Ring, a necessary tool in using the Z-Moves. Dazzled by their earlier battle and now in possession of a Z-Ring, Satoshi and Pikachu decide to stay behind in the Alola Region to learn and master the strength of these powerful new attacks. Enrolling in the Pokémon School, Satoshi is joined by classmates such as Lillie, who loves Pokémon but cannot bring herself to touch them, Kaki, and many others. Between attending classes, fending off the pesky Team Rocket—who themselves have arrived in Alola to pave the way for their organization's future plans—and taking on the Island Challenge that is necessary to master the Z-Moves, Satoshi and Pikachu are in for an exciting new adventure. [Written by MAL Rewrite]","['Prequel (TV) Pokemon XY&Z', 'Sequel (TV) Pokemon (2019)']",Pokemon Sun & Moon,Pokémon Die TV-Serie: Sonne und Mond Staffel 20,Pokémon Serie: Sol y Luna Temporada 20,"['Action', 'Fantasy']",,"Pocket Monsters Sun & Moon, Pokémon Sun & Moon",Pokémon La Serie: Soleil et Lune Saison 20,['Kids'],"['School', 'Strategy Game']",
68,アグレッシブ烈子,Aggretsuko,['TV'],100,Finished Airing,"Apr 2, 2016 to Mar 31, 2018",['Spring 2016'],Saturdays at 12:00 (JST),['Sanrio'],"None found,",['Fanworks'],Other,['Comedy'],1 min. per ep.,PG-13 - Teens 13 or older,7.62,#1489,#2075,"110,792",679,52931,"Whether it be facing misogynistic remarks from her boss or being pressured by condescending co-workers, stress is just another part of the job for 25-year-old red panda Retsuko. Despite being one of the most diligent workers at her office, her diminutiveness and modesty often lead her to be exploited by her colleagues. However, when her irritation hits the limit, Retsuko brings forth her unique brand of letting off steam: aggressive death metal karaoke bashing the idiocy and hypocrisy of her co-workers' actions and work life. Although this venting only takes place in her mind, it gives her an outlet to counter her frustration in a world where hierarchy and appearances reign supreme. [Written by MAL Rewrite]",[],Aggressive Retsuko,,,,,,,,"['Anthropomorphic', 'Music', 'Workplace']",
69,クレヨンしんちゃん,Shin Chan,['TV'],Unknown,Currently Airing,"Apr 13, 1992 to ?",['Spring 1992'],Fridays at 19:30 (JST),['TV Asahi'],['Funimation'],['Shin-Ei Animation'],['Manga'],,21 min.,G - All Ages,7.80,#1028,#2400,"88,019","1,330",42174,"There is no such thing as an uneventful day in the life of kindergartener Shinnosuke ""Shin-chan"" Nohara. The five-year-old is a cut above the most troublesome, perverted, and shameless kid one can imagine. Shin-chan is almost always engaged in questionable activities such as forgetting about a friend during hide and seek, sumo wrestling for love, performing various gags including the notorious ""elephant"" in public, and flirting with college girls. The exemplary troublemaker has done it all and has no plans to stop anytime soon. Crayon Shin-chan follows the daily shenanigans of Shin-chan with his group of friends, parading around as the self-proclaimed ""Kasukabe Defense Force."" The adults witnessing these shenanigans unfold can't help but adore Shin-chan, as he keeps them entertained while unintentionally solving their daily troubles through his mindless antics—leaving himself as the only problem they do not know what to do with. [Written by MAL Rewrite]","['Adaptation (Manga) Crayon Shin-chan', '']",Crayon Shin-chan,Shin Chan,Shin Chan,"['Comedy', 'Ecchi']",['School'],,,['Seinen'],,
70,牙狼〈GARO〉-VANISHING LINE-,GARO -VANISHING LINE-,['TV'],24,Finished Airing,"Oct 7, 2017 to Mar 31, 2018",['Fall 2017'],Saturdays at 01:23 (JST),['Tohokushinsha Film Corporation'],['Funimation'],['MAPPA'],Original,,24 min. per ep.,R - 17+ (violence & profanity),7.12,#3827,#2598,"77,444",135,24345,"Corruption looms over the prosperous Russell City, where manifestations of negative emotions called Horrors cause chaos and mayhem. The Makai Order is the last bastion of hope against these unholy creatures. Using several small businesses as fronts, they deploy powerful Makai Knights and magical Makai Alchemists to combat the Horror threat. Within this secretive order, the highest rank of Golden Knight has been bestowed upon a large, powerful man named Sword, granting him use of the Garo armor and blade. He alone knows of a plot that threatens the entire Makai Order, with his only hint being the phrase “El Dorado."" While fighting a Horror, he encounters Sophia ""Sophie"" Hennis, a teenage girl whose brother's disappearance years ago is also linked to the same phrase. The two agree to work together to uncover the truth behind ""El Dorado"" and the disappearance of Sophie's brother. [Written by MAL Rewrite]",[],Garo: Vanishing Line,,,"['Action', 'Fantasy']",,,,,"['Mythology', 'Urban Fantasy']",
71,おそ松さん 第2期,Mr. Osomatsu 2,['TV'],25,Finished Airing,"Oct 3, 2017 to Mar 27, 2018",['Fall 2017'],Tuesdays at 01:35 (JST),"['TV Tokyo', 'Dentsu', 'Rakuonsha', 'AT-X', 'Avex Pictures', 'Daiichi Shokai']",['VIZ Media'],['Pierrot'],['Manga'],['Comedy'],23 min. per ep.,R - 17+ (violence & profanity),7.61,#1563,#3114,"56,244",241,23249,Second season of Osomatsu-san.,"['Prequel (TV) Osomatsu-san', 'Sequel (TV) Osomatsu-san 3rd Season', 'Adaptation (Manga) Osomatsu-san', '']",Osomatsu-san 2nd Season,Mr. Osomatsu Staffel 2,Osomatsu-san Temporada 2,,,,Osomatsu-san Saison 2,,"['Gag Humor', 'Parody']",
72,遊戯王VRAINS,Yu-Gi-Oh! VRAINS,['TV'],120,Finished Airing,"May 10, 2017 to Sep 25, 2019",['Spring 2017'],Wednesdays at 18:25 (JST),"['TV Tokyo', 'Nihon Ad Systems']",['Konami Cross Media NY'],['Gallop'],Card game,,24 min. per ep.,PG-13 - Teens 13 or older,6.70,#5912,#3340,"49,406",267,20295,"The world of Duel Monsters is once again evolving with the development of a network called Link Vrains and a new summoning mechanic introduced as Link Summoning. By using this cyberspace, duelists can now create their own avatars and duel their way to glory within a virtual reality. However, much like the real world, the digital world is not free from war, conflict, and mysteries. Years ago, a hacker organization known as the Knights of Hanoi unleashed an attack on Link Vrains. Led by the anonymous Revolver, their aim was to annihilate the artificial intelligence program known as the Cyberse. After a failed attempt, one of their targets, Ignis, managed to escape and hide the Cyberse somewhere in the network. Five years later, high school student Yuusaku Fujiki encounters a strange artificial intelligence program while dueling in Link Vrains. Under the guise of his avatar named Playmaker, Yuusaku and his partner in crime, Shouichi Kusanagi, decide to join forces with the peculiar existence. As he seeks the truth behind a mysterious incident of the past, Yuusaku battles against the Knights of Hanoi and SOL Technologies in a race that might alter the fate of the world. [Written by MAL Rewrite]",[],Yu☆Gi☆Oh! VRAINS,Yu-Gi-Oh! Vrains,Yu-Gi-Oh! Vrains,"['Action', 'Fantasy', 'Sci-Fi']",['Strategy Game'],"Yuu Gi Ou!, Yugioh",Yu-Gi-Oh! Vrains,['Shounen'],,
73,ピングー in ザ・シティ,Pingu in the City,['TV'],26,Finished Airing,"Oct 7, 2017 to Mar 31, 2018",['Fall 2017'],Saturdays at 09:20 (JST),"['NHK', 'Polygon Pictures', 'NHK Enterprises', 'Mattel Creations']","None found,",['DandeLion Animation Studio'],Other,['Comedy'],7 min. per ep.,G - All Ages,6.51,#7020,#3640,"42,587",746,23860,"Pingu and his family move from their small village to the big city; in which there are many people with many different occupations. The ever-curious Pingu tries to join them at their jobs, but his mischievous side gets the better of him and he ends up messing things up. (Source: ANN)","['Sequel (TV) Pingu in the City (2018)', '']",Pingu in the City,Pingu in der Stadt,Pingu en la Ciudad,,['Anthropomorphic'],,,['Kids'],,
74,妖怪ウォッチ,Yo-kai Watch,['TV'],214,Finished Airing,"Jan 8, 2014 to Mar 30, 2018",['Winter 2014'],Fridays at 18:30 (JST),"['TV Tokyo', 'Dentsu']",['Dentsu Entertainment USA'],['OLM'],Game,,23 min. per ep.,G - All Ages,6.68,#6013,#3993,"35,140",270,16270,"Primary school student Keita Amano's curiosity is as innocent as any other child's his age. But when one day he decides to venture deeper into the forest, he encounters a small and mysterious capsule. Out from its depths comes Whisper. After 190 years of imprisonment, this ghost-like creature is glad that someone has been kind enough to set him free. He decides to reward Keita by becoming his guardian against supernatural forces. Whisper is one of many Youkai that exist in the world, and provides Keita with a special Youkai Watch, which enables him to see and interact with all the other Youkai. Youkai Watch follows Keita, Whisper and the cat spirit Jibanyan as they encounter Youkai, befriend them, fix all the trouble that they so often cause, and, with the help of the watch, use the powers of previously encountered Youkai to aid them. Young Keita may have been just an ordinary primary school student when he first encountered the Youkai, but the many adventures that follow his discovery provide him with invaluable experiences and precious life lessons that help him grow.","['Sequel (TV) Youkai Watch!', 'Adaptation (Manga) Youkai Watch']",Youkai Watch,Yo-Kai Watch,Yo-Kai Watch,"['Comedy', 'Supernatural']",['Mythology'],Yokai Watch,Yo-Kai Watch,['Kids'],,
75,アイカツスターズ！,,['TV'],100,Finished Airing,"Apr 7, 2016 to Mar 29, 2018",['Spring 2016'],Thursdays at 18:25 (JST),"['TV Tokyo', 'Echoes']","None found,",['Bandai Namco Pictures'],Original,['Slice of Life'],24 min. per ep.,PG - Children,7.62,#1490,#4998,"21,425",308,7315,"Yume Nijino has been accepted into Four Stars academy, home of the beautiful and talented S4 idol group. She and the other newcomers are determined to discover their talent, with a choice of specializing in beauty, singing, dancing, or drama. A tough road lies ahead of them, and they must rely on each other to overcome their weaknesses and develop their unique strengths. At the first-years' opening performances, Yume performs stellarly but faints and is unable to remember being on stage at all. Struggling to find her talent, she meets Rola ""Laura"" Sakuraba, and the two develop a friendly rivalry, working together to learn and improve. Though they have their differences, all the students share the same goal: to become the next S4 idol. But hard work and determination, along with teamwork, are needed if they want to join the elite S4. [Written by MAL Rewrite]",[],Aikatsu Stars!,,,,,,,,"['Idols (Female)', 'Music', 'School']",
76,ドラえもん (2005),,['TV'],Unknown,Currently Airing,"Apr 22, 2005 to ?",['Spring 2005'],Fridays at 19:00 (JST),['TV Asahi'],"None found,",['Shin-Ei Animation'],['Manga'],,25 min.,PG - Children,7.72,#1247,#5000,"21,405",239,9584,"Doraemon (2005) is the most recent anime series based on Fujiko Fujio's manga of the same name. It is the 2005 version of 1979 series, with certain changes in the animation and other things. Doraemon is a cat-like robot who appears in the present to steer Nobita/Noby, who is a dumb, naive and clumsy boy on the right path in order to secure his future. Nobita's love interest is Shizuka Minamoto/Sue, his frenemies are Takeshi Goda/Big G and Suneo/Sneech. (Source: Wikipedia)","['Prequel (TV) Doraemon (1979)', 'Adaptation (Manga) Doraemon']",Doraemon (2005),,,"['Comedy', 'Sci-Fi']",['Anthropomorphic'],,,,,"['Kids', 'Shounen']"
77,ベイブレードバースト 神〈ゴッド〉,Beyblade Burst Evolution,['TV'],51,Finished Airing,"Apr 3, 2017 to Mar 26, 2018",['Spring 2017'],Mondays at 17:55 (JST),"['TV Tokyo', 'd-rights']",['ADK Emotions NY Inc.'],['OLM'],['Manga'],,24 min. per ep.,PG - Children,7.14,#3667,#5053,"20,905",149,12300,"Valt Aoi, who participated in the Japanese Championship, was scouted for the prestigious Spanish team BC Sol and heads out to Spain. With their sights set on the world, Valt and his friends begin their challenge for the World League! However, in order to qualify for the World League, they must first win the European League. Will Valt be able to take BC Sol to the World League? And can he defeat the world's strongest Bladers? (Source: Beyblade Fandom Wiki)","['Prequel (TV) Beyblade Burst', 'Sequel (TV) Beyblade Burst Chouzetsu']",Beyblade Burst God,,,"['Action', 'Adventure', 'Sci-Fi']",,,Beyblade Burst Evolution,['Kids'],,
78,モンスターハンターストーリーズ RIDE ON,Monster Hunter Stories: Ride On,['TV'],75,Finished Airing,"Oct 2, 2016 to Apr 1, 2018",['Fall 2016'],Sundays at 08:30 (JST),"['Dentsu', 'Fuji TV', 'Capcom', 'Fuji Creative']",['Funimation'],['David Production'],Game,['Fantasy'],24 min. per ep.,PG-13 - Teens 13 or older,6.28,#8385,#5577,"16,104",49,3775,"This is a world where both men and monsters exist. Those who hunt the monsters are called Hunters. But in a small corner of the Hunter's world, there are those called Riders who bond with and coexist with monsters. With their Kizuna Ishi (Bonding Stones) that allow them to awaken the hidden power inside monsters, Riders live in secrecy together with their Otomon, the monsters they formed a connection with. Ryuto, a young boy living in the Rider village of Hakum, dreams of becoming the world's best Rider. Having just turned 12, he sets out to find his own Otomon for himself before the ceremony where he is given his own Kizuna Ishi. Together with his kind-hearted childhood friend Cheval, his inquisitive childhood friend Lilia, and his partner Naville, he sets out deep into the forest, and has a miraculous encounter with a Rathalos. (Source: ANN, edited)",[],Monster Hunter Stories: Ride On,Monster Hunter Stories Ride On,,,,,Monster Hunter Stories Ride On,,,
79,ぐでたま,The Lazy Egg,['TV'],1717,Finished Airing,"Mar 31, 2014 to Dec 24, 2023",['Spring 2014'],Not scheduled once per week,['Sanrio'],"None found,",['Gathering'],Original,,1 min. per ep.,G - All Ages,6.62,#6397,#5996,"13,397",60,2721,"Gudetama, an egg that is dead to the world and completely lacks motivation. No matter what cooking method you use, Gudetama remains unmoved. (Source: ANN)",[],Gudetama,,,"['Comedy', 'Gourmet']",,,,['Kids'],,
80,CARDFIGHT!! ヴァンガードG Z,,['TV'],24,Finished Airing,"Oct 8, 2017 to Apr 1, 2018",['Fall 2017'],Sundays at 10:00 (JST),"['Sotsu', 'Ace Crew Entertainment']","None found,",['OLM'],Card game,['Action'],24 min. per ep.,PG-13 - Teens 13 or older,6.57,#6622,#6944,"9,362",12,4147,Fourth season of Cardfight!! Vanguard G series.,"['Prequel (TV) Cardfight!! Vanguard G Next', '']",Cardfight!! Vanguard G Z,,Cardfight!! Vanguard G Z,,['Strategy Game'],,Cardfight!! Vanguard G Z,,,
81,パズドラクロス,Puzzle & Dragons X,['TV'],89,Finished Airing,"Jul 4, 2016 to Mar 26, 2018",['Summer 2016'],Mondays at 18:25 (JST),"['Audio Planning U', 'GungHo Online Entertainment']",['Funimation'],['Pierrot'],Game,,24 min. per ep.,PG-13 - Teens 13 or older,6.49,#7133,#7045,"9,035",20,2664,"Dorogoza Island is rich in ""Drop Energy"" that players can use on friendly monsters. Once strong enough, they can face enemies in puzzle wars. Winners reap rewards, but what happens to the losers? Only the brave can take on these monstrous challenges! (Source: FUNimation)",[],Puzzle & Dragons Cross,Puzzle & Dragons X,Puzzle & Dragons X,,['Strategy Game'],PazuDora Cross,Puzzle & Dragons X,['Kids'],,
82,サザエさん,Mrs. Sazae,['TV'],Unknown,Currently Airing,"Oct 5, 1969 to ?",['Fall 1969'],Sundays at 18:30 (JST),['Fuji TV'],"None found,",['Eiken'],['4-koma manga'],,24 min.,G - All Ages,6.14,#9128,#7128,"8,794",39,1934,"The main character is a mother named Sazae-san. She lives in a house with her husband, her kids and her parents. The show is the ultimate family program and tends to follow traditional themes. Think of this show as the Japanese equivalent to ""The Partridge Family"" and you'll get a good feel for this show's atmosphere. Don't expect to see things like violence, swearing, kung-fu action or magical girls. The plots are more like ""Today, Sazae-san goes to the new mall and gets lost"". Such ""boring"" plotlines and the simplistic art are often a turn-off to non-Japanese audiences, but most Japanese find the show incredibly good. As a result, it continues to be one of the top ratings grabbers on TV and is one of the few anime that is considered ""acceptable"" by adults. (Source: AniDB)","['Adaptation (Manga) Sazae-san', '']",Sazae-san,,,"['Comedy', 'Slice of Life']",,,,,,
83,忍たま乱太郎,,['TV'],Unknown,Currently Airing,"Apr 10, 1993 to ?",['Spring 1993'],Not scheduled once per week,"['NHK', 'Sogo Vision', 'NHK Enterprises']","None found,","['Ajia-do', 'Gakken']",['Manga'],['Comedy'],10 min.,G - All Ages,7.08,#4016,#7387,"8,012",77,2550,"Taking place in the Sengoku Period, Rantarou, Kirimaru and Shinbei are young students at Ninjutsu Academy, a school that teaches all kinds of youth how to become ninjas. Known as ""Nintamas"" (a contraction of ninja + tama [egg]), the main trio, and many other students at the school, must learn all sorts of unique skills to achieve their goal. Unfortunately, things aren't that simple, since our protagonists constantly find themselves failing their classes. With strict ninja teachers such as Doi-sensei and Yamada-sensei, the mischievous girls from the Kunoichi class, an entire crew of pirates and dozens more interesting characters, anything can happen in the crazy world of Nintama. The episodes are 7 minutes and thirty seconds long each, and each season (which there's currently 29 of) usually has a range of 60-90 episodes.","['Adaptation (Manga) Rakudai Ninja Rantarou', '']",Nintama Rantarou,,El Ninja Boy Rantaró,,,"Ninja Boy Rantaro, Rakudaii Nintama Rantarou",,['Kids'],,
84,アイドルタイムプリパラ,,['TV'],51,Finished Airing,"Apr 4, 2017 to Mar 27, 2018",['Spring 2017'],Tuesdays at 17:55 (JST),"['TV Tokyo', 'Nihon Ad Systems', 'Avex Pictures', 'Takara Tomy A.R.T.S', 'Shogakukan']","None found,","['Tatsunoko Production', 'Dongwoo A&E']",Game,,24 min. per ep.,PG - Children,7.29,#2866,#7459,"7,794",49,2478,"The story focuses on Yui, a girl who lives in the town of Paparajuku, and who dreams of being an idol, even if she realizes that being an idol is next to impossible for her. Her friends often remark on how much she dreams about it. But then, the PriPara idol theme park opens in her town, and that an idol named Laala is coming to town from Parajuku, which only makes Yui dream even bigger. The new PriPara theme park has been updated with new concepts. However, due to a system error, Laala is no longer able to PriPara Change. (Source: ANN)","['Prequel (TV) PriPara', '']",Idol Time PriPara,Idol Time Pripara,Idol Time Pripara,,,,,,"['Idols (Female)', 'Music', 'School']",
85,クラシカロイド 第2シリーズ,ClassicaLoid 2,['TV'],25,Finished Airing,"Oct 7, 2017 to Mar 24, 2018",['Fall 2017'],Saturdays at 17:35 (JST),"['NHK', 'Bandai Namco Pictures']",['Sentai Filmworks'],['Sunrise'],Original,['Comedy'],24 min. per ep.,PG-13 - Teens 13 or older,6.50,#7072,#7498,"7,688",16,2043,Second season of ClassicaLoid.,"['Prequel (TV) ClassicaLoid', '']",ClassicaLoid 2nd Season,ClassicaLoid 2,ClassicaLoid 2,,,,ClassicaLoid 2,,"['Anthropomorphic', 'Music']",
86,ちびまる子ちゃん,Little Miss Maruko,['TV'],Unknown,Currently Airing,"Jan 8, 1995 to ?",['Winter 1995'],Sundays at 18:00 (JST),"['Ajia-do', 'Fuji TV', 'Sakura Production']","None found,",['Nippon Animation'],['Manga'],['Comedy'],23 min.,G - All Ages,7.34,#2627,#7920,"6,761",62,2180,"Momoko Sakura is an elementary school student who likes popular idol Momoe Yamaguchi and mangas. She is often called ""Chibi Maruko-chan"" due to her young age and small size. She lives together with her parents, her grandparents and her elder sister in a little town. In school, she has many friends with whom she studies and plays together everyday, including her close pal, Tama-chan; the student committee members, Maruo-kun and Migiwa-san; and the B-class trio: 'little master' Hanawa-kun, Hamaji-Bu Taro and Sekiguchi-kun. This is a fun-loving and enjoyable anime that portrays the simple things in life. (Source: ANN)","['Prequel (TV) Chibi Maruko-chan', 'Adaptation (Manga) Chibi Maruko-chan']",Chibi Maruko-chan (1995),,Chibi Maruko-chan,,['School'],Maruko-chan,,['Shoujo'],,
87,フューチャーカード バディファイトX,Future Card Buddyfight X,['TV'],52,Finished Airing,"Apr 1, 2017 to Mar 31, 2018",['Spring 2017'],Saturdays at 08:00 (JST),"['Dentsu', 'Bushiroad', 'TV Aichi']","None found,","['Xebec', 'OLM']",Card game,,23 min. per ep.,PG - Children,6.61,#6458,#8811,"5,195",15,2513,The fourth season of Future Card Buddyfight.,"['Prequel (TV) Future Card Buddyfight Triple D', 'Sequel (TV) Future Card Buddyfight Battsu: All-Star Fight']",Future Card Buddyfight Battsu,Future Card Buddyfight X,Future Card Buddyfight X,,['Strategy Game'],,Future Card Buddyfight X,,,
88,それいけ！アンパンマン,,['TV'],Unknown,Currently Airing,"Oct 3, 1988 to ?",['Fall 1988'],Fridays at 16:20 (JST),"['Sotsu', 'Nippon Television Network']","None found,",['TMS Entertainment'],Picture book,,24 min.,PG - Children,6.58,#6588,#9187,"4,604",31,1736,"One night, a Star of Life falls down the chimney of a bakery nestled deep in the forest, causing the dough in the oven to come to life. The dough becomes Anpanman, a superhero made of anpan (a sweet roll with bean jam filling). Together with his friends, Anpanman fights his rival Baikinman and helps the malnourished. (Source: ANN)",[],Sore Ike! Anpanman,,,"['Comedy', 'Fantasy']",,"Soreike! Anpanman, Go! Anpanman, Anpanman TV",,['Kids'],,
89,かみさまみならい ヒミツのここたま,,['TV'],139,Finished Airing,"Oct 1, 2015 to Jun 28, 2018",['Fall 2015'],Thursdays at 17:55 (JST),"['TV Tokyo', 'Lantis']","None found,",['OLM'],Original,,24 min. per ep.,PG - Children,6.30,#8274,#9634,"3,969",16,1017,"Cocotama are tiny gods born from the thoughts and feelings of objects that people use with great care. The fact that Cocotama wear part of the egg they hatch out of as underwear is proof that they are still apprentices. The Cocotama use a mysterious magic, and they train hard to be of use to humans and to become full gods. They live inside human houses and stealthily move around to help humans find things they have lost, although they make many mistakes. (Source: ANN)","['Sequel (TV) Kirakira Happy★Hirake! Cocotama', '']",Kamisama Minarai: Himitsu no Cocotama,,,"['Fantasy', 'Slice of Life']",,Kamisama Minarai: Himitsu no Kokotama,,['Kids'],,
90,ぼのぼの,Bono Bono,['TV'],Unknown,Currently Airing,"Apr 2, 2016 to ?",['Spring 2016'],Saturdays at 04:52 (JST),"['Fuji TV', 'Glovision']","None found,",['Eiken'],['4-koma manga'],,5 min.,G - All Ages,6.37,#7886,#10237,"3,281",19,759,"Based on the original comic BONO BONO by Mikio Igarashi that has seen over 9,000,000 total copies printed, this is the definitive animated version of the emotionally soothing character-driven series that will make you ask yourself the philosophical question, ""What are living things?"" while laughing at heartwarming gags and being entertained by the interactions of amusing forest friends Bonobono the young sea otter, Chipmunk, Fishing Cat, and more. Enjoy the easygoing days and minor misadventures of Bonobono and his friends! (Source: Fuji Creative)","['Adaptation (Manga) Bonobono', 'Adaptation (Manga) Bono-chan']",Bonobono (TV 2016),Bono Bono,Bono Bono,"['Comedy', 'Slice of Life']",['Anthropomorphic'],,Bono Bono,,,
91,リルリルフェアリル ~魔法の鏡~,,['TV'],51,Finished Airing,"Apr 7, 2017 to Mar 30, 2018",['Spring 2017'],Fridays at 17:55 (JST),['Sotsu'],"None found,",['Studio Deen'],Original,,23 min. per ep.,G - All Ages,6.63,#6341,#11309,"2,394",5,538,Second Season of Rilu Rilu Fairilu: Yousei no Door.,"['Prequel (TV) Rilu Rilu Fairilu: Yousei no Door', 'Sequel (TV) Oshiete Mahou no Pendulum: Rilu Rilu Fairilu']",Rilu Rilu Fairilu: Mahou no Kagami,,,"['Fantasy', 'Slice of Life']",,,,,,
92,おじゃる丸,Prince Mackaroo,['TV'],Unknown,Currently Airing,"Oct 5, 1998 to ?",['Fall 1998'],Not scheduled once per week,['NHK'],['Enoki Films'],['Gallop'],Original,,10 min.,G - All Ages,6.39,#7751,#11554,"2,223",5,553,"In the Heian era, around 1000 years ago, a young boy of noble family named Ojarumaru is bored with his life of privilege. Meanwhile, three demons steal the power-stick of Enma, king of demons, and then lose it. Ojarumaru finds it, and uses it to transport himself to the present time. Here, he is befriended by a young boy named Kazuma, and becomes a member of his family. As time goes on, Ojarumaru makes many new friends, while dodging the comedic efforts of the three demons, Akane, Kisuke, and Aobee, as they try to recover the stick. (from ANN)","['Adaptation (Manga) Ojarumaru', '']",Ojarumaru,,,"['Adventure', 'Award Winning', 'Comedy', 'Fantasy']",,,,['Kids'],,
93,タイムボカン 逆襲の三悪人,Time Bokan: The Villains Strike Back,['TV'],24,Finished Airing,"Oct 7, 2017 to Mar 24, 2018",['Fall 2017'],Saturdays at 17:30 (JST),['Yomiuri Telecasting'],"None found,",['Tatsunoko Production'],Original,,23 min. per ep.,PG-13 - Teens 13 or older,5.90,#10429,#11647,"2,166",1,535,"Bimajo, Tsubuyakky, and Suzukky work at the History Paradise Company, which publishes text books in the 24th century, and they're also the evil trio, Akudama, that gets in the way of JKK's investigation of history! After their last battle in history with JKK officers Tokio and Calen, they were on a long yet short time off (unpaid, of course), when they finally received a new assignment from their mysterious boss. The assignment... was to collect the mystical Dynamonds from famous people throughout history. Akudama starts hopping through time, as they're ordered, and try to get the Dynamonds from the various famous historical figures. The evil trio's revenge mission through time was about to start once again!! (Source: Crunchyroll)","['Prequel (TV) Time Bokan 24', '']",Time Bokan: Gyakushuu no San Akunin,Time Bokan The Villains' Strike Back,Time Bokan: The Villains' Strike Back,"['Adventure', 'Comedy']",,Time Bokan 24 2nd Season,Time Bokan: The Villains Strike Back,,"['Historical', 'Mecha']",
94,俺たちゃ妖怪人間,,['TV'],25,Finished Airing,"Oct 4, 2017 to Mar 28, 2018",['Fall 2017'],Wednesdays at 23:30 (JST),['Nihon Ad Systems'],"None found,",['DLE'],Original,['Horror'],2 min. per ep.,PG-13 - Teens 13 or older,5.52,#12054,#11885,"2,013",1,185,No synopsis information has been added to this title. Help improve our database by adding a synopsis here.,"['Sequel (TV) Oretacha Youkai Ningen G', '']",Oretacha Youkai Ningen,,,,,,,,"['Mythology', 'Parody']",
95,デュエル・マスターズ (2017),,['TV'],51,Finished Airing,"Apr 2, 2017 to Mar 25, 2018",['Spring 2017'],Sundays at 08:30 (JST),"None found,","None found,",['Ascension'],Original,,24 min. per ep.,PG-13 - Teens 13 or older,5.62,#11734,#12042,"1,918",3,289,"In the new series' story, the balance of the Creature World is starting to crumble. A talking deck case named Decky comes to the human world to search for a Duel Master to preserve equilibrium. There he sees Joe's power to create creatures. (Source: ANN)","['Prequel (TV) Duel Masters VSRF', 'Sequel (TV) Duel Masters!', 'Adaptation (Manga) Duel Masters', '']",Duel Masters (2017),,,"['Action', 'Adventure', 'Comedy', 'Fantasy']",,,,['Kids'],,
96,ヨーデルの女,,['TV'],6,Finished Airing,"Sep 22, 2017 to Aug 14, 2019",['Fall 2017'],Unknown,"None found,","None found,",['DLE'],Original,['Comedy'],30 sec. per ep.,G - All Ages,5.26,#12786,#12784,"1,505",3,432,The sound of yodeling will appear when you least expect it.,[],Yodel no Onna,,,,['Music'],,,,,
97,猫のロブ,,['TV'],10,Finished Airing,"May 6, 2017 to Mar 16, 2018",['Spring 2017'],Saturdays at 06:30 (JST),"['Gakken', 'MMDGP', 'Anime Beans']","None found,",['Kachidoki Studio'],Original,,1 min. per ep.,G - All Ages,[],#20616,#13234,"1,323",0,,"The series stars a cat with a lack of energy who speaks while lying down, yet has a thorough personality. He thinks various things and has fun watching humans.",[],Neko no Robu,,,"['Comedy', 'Slice of Life']",,Neko no Rob,,,,
98,紙兎ロペ 〜笑う朝には福来たるってマジっすか!?,,['TV'],Unknown,Currently Airing,"Nov 16, 2012 to ?",['Fall 2012'],Not scheduled once per week,"None found,","None found,","None found,",Original,,2 min.,G - All Ages,[],#19286,#13297,"1,296",0,,"Fourth season of Kamiusagi Rope, events occur after the feature film. Airs on Mezamashi TV instead of the theaters.","['Prequel (Movie) Kamiusagi Rope tsuka, Natsuyasumi Rasuichi tte Maji ssuka!?', '']",Kamiusagi Rope: Warau Asa ni wa Fukuraitaru tte Maji ssuka!?,,,"['Comedy', 'Slice of Life']",,Kamiusagi Rope 4,,,,
99,샤이닝스타,Shining Star,['TV'],52,Finished Airing,"Oct 16, 2017 to Dec 3, 2018",['Fall 2017'],Unknown,"None found,","None found,",['Maro Studio'],Original,,21 min. per ep.,PG - Children,6.75,#5624,#13469,"1,239",5,310,"At the prestigious Shining Star School, every girl dreams of becoming the best idol, called ""Muse"". Nara, an ordinary girl, decides to attend the school in order to fulfill her dream. (Source: Shining Star Wiki)",[],Shining Star,,,,,Magic Idol,,,"['Idols (Female)', 'Music']",
100,やさ村やさしのやさしい世界,,['TV'],33,Finished Airing,"Sep 2, 2016 to Sep 30, 2018",['Fall 2016'],Mondays at Unknown,['Sony Music Entertainment'],"None found,",['DLE'],Original,['Comedy'],30 sec. per ep.,G - All Ages,[],#15997,#13592,"1,198",0,,The series follows a mysterious but gentle-hearted man named Yasashi Yasamura who spreads warmth and human kindness wherever he goes. (Source: Crunchyroll),[],Yasamura Yasashi no Yasashii Sekai,,,,,,,,,
101,少年アシベ GO！GO！ゴマちゃん,,['TV'],32,Finished Airing,"Apr 4, 2017 to Feb 13, 2018",['Spring 2017'],Unknown,"None found,","None found,","['Bridge', 'Husio Studio']",['4-koma manga'],,9 min. per ep.,G - All Ages,5.97,#10067,#13632,"1,186",2,380,Second season of Shounen Ashibe: Go! Go! Goma-chan.,"['Prequel (TV) Shounen Ashibe: Go! Go! Goma-chan', 'Sequel (TV) Shounen Ashibe: Go! Go! Goma-chan 3', 'Adaptation (Manga) Shounen Ashibe', 'Adaptation (Manga) Shounen Ashibe: Go! Go! Goma-chan']",Shounen Ashibe: Go! Go! Goma-chan 2,Shonen Ashibe GO! GO! Goma-chan,Shonen Ashibe GO! GO! Goma-chan Temporada 2,"['Comedy', 'Slice of Life']",['Pets'],Young Ashibe: Go! Go! Goma-chan 2,Shônen Ashibe Go! Go! Goma-chan,['Seinen'],,
102,ふるさとめぐり 日本の昔ばなし,,['TV'],50,Finished Airing,"Apr 2, 2017 to Mar 25, 2018",['Spring 2017'],Unknown,"None found,","None found,","None found,",Other,['Supernatural'],22 min. per ep.,G - All Ages,6.16,#9069,#13668,"1,174",1,249,Sequel series to Furusato Saisei: Nihon no Mukashibanashi.,"['Prequel (TV) Furusato Saisei: Nippon no Mukashibanashi', '']",Furusato Meguri: Nippon no Mukashibanashi,,,,['Historical'],Hometown Visiting: Folktales from Japan,,['Kids'],,
103,はなかっぱ,,['TV'],Unknown,Currently Airing,"Mar 29, 2010 to ?",['Spring 2010'],Not scheduled once per week,"['Group TAC', 'TOHO animation']","None found,","['Xebec', 'OLM']",Picture book,['Comedy'],10 min.,PG - Children,6.00,#9917,#14255,"1,003",0,171,Story about Kappa with flowers on their heads.,[],Hanakappa,,,,,Hana Kappa,,['Kids'],,
104,タマ&フレンズ うちのタマ知りませんか?,,['TV'],104,Finished Airing,"Oct 1, 2016 to Sep 27, 2018",['Fall 2016'],Saturdays at 07:00 (JST),['Sony Creative Products'],"None found,",['Kachidoki Studio'],Original,['Adventure'],1 min. per ep.,G - All Ages,6.06,#9640,#14274,999,2,227,A new series following the cat named Tama and his many friends.,[],Tama & Friends: Uchi no Tama Shirimasen ka?,,,,['Pets'],Tama and Friends,,['Kids'],,
105,しあわせ配達おみくじタネコ,,['TV'],Unknown,Currently Airing,"Mar 26, 2011 to ?",['Spring 2011'],Not scheduled once per week,"None found,","None found,",['Kachidoki Studio'],Original,['Comedy'],Unknown,None,[],#14196,#14341,980,4,,"The story centers around a cat who answers people's wishes and delivers happiness. (""Tane"" and ""neko"" are the Japanese words for ""seed"" and ""cat,"" respectively.) (Source: ANN)",[],Shiawase Haitatsu Taneko,,,,,,,,,
106,あはれ! 名作くん,Aware! Meisaku-kun,['TV'],230,Finished Airing,"Apr 8, 2016 to Mar 4, 2022",['Spring 2016'],Fridays at 18:20 (JST),"None found,","None found,",['Pie in the sky'],Original,['Comedy'],5 min. per ep.,G - All Ages,6.12,#9254,#14431,951,1,213,"A long, long time ago, there was a prestigious school called ""Ryuuguu Elementary School"" that produced many masterpiece characters. One day, an ordinary boy named Meisaku Matsuda enrolled at the school. Little did he know that the place for learning was filled with crazy characters like Sweets, the energetic idiot; Musubi, a rice ball who gets angry when called ""onigiri""; Nokio, a narcissistic self-proclaimed robot; and Bolt, who's clearly faster than a rabbit. Surrounded by such unique characters, will Meisaku be able to graduate as a splendid masterpiece character? (Source: Anime News Network)",[],Aware! Meisaku-kun,,,,,Ahare! Meisaku-kun,,['Kids'],"['Parody', 'School']",
107,ねこねこ日本史,Meow Meow Japanese History,['TV'],32,Finished Airing,"Apr 5, 2017 to Feb 28, 2018",['Spring 2017'],Wednesdays at 18:45 (JST),"['NHK', 'Neft Film']","None found,",['Joker Films'],['Web manga'],,9 min. per ep.,G - All Ages,6.18,#8945,#14556,924,1,263,Second season of Neko Neko Nihonshi.,"['Prequel (TV) Neko Neko Nihonshi', 'Sequel (TV) Neko Neko Nihonshi 3rd Season', 'Adaptation (Manga) Neko Neko Nihonshi', '']",Neko Neko Nihonshi 2nd Season,,,,,,,['Kids'],"['Anthropomorphic', 'Historical', 'Parody', 'Samurai']",
108,朝だよ！貝社員,,['TV'],744,Finished Airing,"Apr 4, 2016 to Mar 29, 2019",['Spring 2016'],Not scheduled once per week,"None found,","None found,",['DLE'],Original,['Comedy'],44 sec. per ep.,G - All Ages,5.59,#11848,#14705,888,2,159,The series follows a variety of employed shellfish who exhibit selfish or odd personality traits. (Source: LiveChart),[],Asa da yo! Kaishain,,,,['Workplace'],Clamployee,,,,
109,スナックワールド (TV),Snack World,['TV'],50,Finished Airing,"Apr 13, 2017 to Apr 19, 2018",['Spring 2017'],Thursdays at 19:25 (JST),"['TOHO animation', 'Level-5']","None found,","['OLM', 'OLM Digital']",Mixed media,,23 min. per ep.,G - All Ages,[],#14832,#14926,828,1,,"In ""a certain era"" on ""a certain continent,"" banal things are happening. The construction of ""Large-Scale Leisure Facilities"" has demanded that all the villages are to be evicted. When these demands are denied, the village and its residents are obliterated. A boy named Chap once lived in tranquility, but that happiness soon came crumbling down. He decides to embark on a journey of revenge, but soon falls madly in love with the king's daughter, Princess Melora. In order to fulfill her selfish wishes, he gathers his friends in order to overcome the impossible.","['Adaptation (Manga) The Snack World', '']",The Snack World (TV),,,"['Adventure', 'Comedy', 'Fantasy']",,,,['Kids'],,
110,신비아파트: 고스트볼X의 탄생,,['TV'],23,Finished Airing,"Nov 9, 2017 to Jan 24, 2019",['Fall 2017'],Unknown,['CJ ENM'],"None found,",['Studio BAZOOKA'],Unknown,['Supernatural'],20 min. per ep.,G - All Ages,6.27,#8469,#15427,715,2,199,"With help from a 102-year-old goblin dwelling beneath their haunted apartment building, two siblings deal with ghosts and take on spooky mysteries.","['Prequel (TV) Sinbi Apartment: Ghost Ball Bimil', 'Sequel (TV) Sinbi Apartment: Ghost Ball Double X']",Sinbi Apartment: Ghost Ball X-ui Tansaeng,,La Casa Embrujada: El Secreto de la Bola Fantasma Temporada 2,,,The Haunted House: The Secret of the Ghost Ball 2,,,,
111,ヒノマル!,Hinomaru!,['TV'],12,Finished Airing,"Jul 5, 2017 to Jun 2018",['Summer 2017'],Unknown,"None found,","None found,","None found,",['Manga'],,10 min. per ep.,G - All Ages,[],#18585,#15478,707,0,,No synopsis information has been added to this title. Help improve our database by adding a synopsis here.,[],Hinomaru!,,,"['Adventure', 'Comedy', 'Fantasy']",,,,,,
112,ね子とま太,,['TV'],88,Finished Airing,"Apr 21, 2017 to Sep 17, 2020",['Spring 2017'],Fridays at 01:25 (JST),"['Fuji TV', 'Creek & River']","None found,","None found,",Original,['Supernatural'],42 sec. per ep.,G - All Ages,[],#20618,#15542,697,0,,"The series centers around two cats: a younger sister named Neko, and an older brother named Mata. Neko is a nekomata (a mythical two-tailed cat), innocently selfish, and spoiled by her brother. Mata is a neighborhood cat with an eartipped mark as a sign of being neutered. They meet under a streetlight in the city at night to talk. (Source: ANN)",[],Neko to Mata,,,,,,,,,
113,しまじろうのわお!,,['TV'],Unknown,Currently Airing,"Apr 2, 2012 to ?",['Spring 2012'],Mondays at 07:30 (JST),"None found,","None found,",['The Answer Studio'],Other,,8 min.,G - All Ages,[],#14228,#15589,688,1,,Fourth season of the Shimajirou children's television series.,"['Prequel (TV) Shimajirou Hesoka', '']",Shimajirou no Wow!,,,"['Adventure', 'Comedy', 'Fantasy']",,,,['Kids'],,
114,Caribadix,Caribadix,['TV'],46,Finished Airing,"May 7, 2017 to Mar 25, 2018",['Spring 2017'],Sundays at 09:30 (JST),"['TV Osaka', 'Sanrio']","None found,","None found,",Original,['Comedy'],45 sec. per ep.,PG - Children,[],#17142,#16245,592,0,,Deeky is a wolf whose wild appearance belies his pure-hearted and slightly gossipy moe nature. Carina is a squirrel whose soft and cuddly appearance hides the black and beating heart of a hard rock monster. Together they form a band to compete in a rock music competition. (Source: Crunchyroll),"['Sequel (TV) Caribadix 2nd Season', '']",Caribadix,,,,['Music'],"Deeky & Carina, Deeky and Carina",,,,
115,ユラユラすいぞくかん,,['TV'],50,Finished Airing,"Jul 24, 2017 to Jul 8, 2018",['Summer 2017'],Unknown,['Asmik Ace'],"None found,",['Kachidoki Studio'],Original,['Comedy'],1 min. per ep.,PG - Children,[],#16192,#16390,573,0,,No synopsis information has been added to this title. Help improve our database by adding a synopsis here.,[],Yura Yura Suizokukan,,,,,Swaying Water Pipes,,,,
116,ごはんかいじゅうパップ,,['TV'],Unknown,Currently Airing,"Apr 25, 2011 to ?",['Spring 2011'],Not scheduled once per week,"None found,","None found,",['DLE'],Original,,30 sec.,G - All Ages,[],#18205,#16436,567,0,,"A series of short, 30-second segments featuring Gohan Kaijuu Pap and various ""side dish"" monsters to produce delicious meals.",[],Gohan Kaijuu Pap,,,"['Action', 'Comedy']",,Rice Monster Pap,,['Kids'],,
117,ぴったんこ!! ねこざかな,,['TV'],93,Finished Airing,"Oct 9, 2017 to Dec 23, 2019",['Fall 2017'],Unknown,"None found,","None found,","None found,",Unknown,,5 min. per ep.,G - All Ages,[],#21058,#16530,556,0,,No synopsis information has been added to this title. Help improve our database by adding a synopsis here.,"['Prequel (TV) Pittanko! Nekozakana', 'Sequel (TV) Pittanko!! Nekozakana (2020)']",Pittanko!! Nekozakana,,,,,,,,,
118,よわむしモンスターズ,,['TV'],Unknown,Currently Airing,"Dec 25, 2012 to ?",['Winter 2013'],Not scheduled once per week,['NHK'],"None found,","None found,",Original,,1 min.,PG - Children,[],#16128,#16778,527,0,,An NHK toddler's anime following cowardly creatures representing typical Halloween monsters like Dracula and a witch.,[],Yowamushi Monsters,,,,,Yowamon,,['Kids'],,
119,공룡메카드,Dino Mecard,['TV'],52,Finished Airing,"Nov 23, 2017 to Dec 27, 2018",['Fall 2017'],Thursdays at 13:50 (JST),"None found,","None found,","None found,",Original,['Adventure'],28 min. per ep.,PG - Children,[],#18224,#16911,512,0,,"Gonglyong Mecard is a spin-off-series of Mecard, based on the idea that dinosaurs didn't become extinct 65 million years ago, but transformed into mecanimals. Its characters don't have any relations to the cast from Turning Mecard, Turning Mecard W and Turning Mecard R. (Source: Gonglyong Mecard Wikia)",[],Gonglyong Mecard,,,,,Dinosaur Mecard,,['Kids'],"['Mecha', 'Racing', 'Strategy Game']",
120,クイズとき子さん,,['TV'],40,Finished Airing,"Jun 17, 2017 to Mar 31, 2018",['Summer 2017'],Unknown,['Anime Beans'],"None found,","None found,",Original,['Slice of Life'],2 min. per ep.,None,[],#21302,#17009,505,0,,"Tokiko-san got the job of making quizzes/brain-teasers/riddles for Chuukyou Television Broadcasting (a real TV station that airs the anime the fictional character works for). In particular: matchstick puzzles. The show focuses on her trying to make puzzles as well as her early life, family, personality that lead to her profession—particularly her compulsiveness for organization.",[],Quiz Tokiko-san,,,,['Strategy Game'],,,,,
121,えほん寄席,,['TV'],73,Finished Airing,"Apr 2006 to Nov 11, 2023",['Spring 2006'],Unknown,"['NHK', 'Pony Canyon']","None found,","None found,",Other,['Horror'],5 min. per ep.,PG - Children,[],#17863,#17183,487,0,,Anime rakugo of classic Japanese horror tales shown in a wide variety of art styles.,[],Ehon Yose,,,,,,,['Kids'],"['Historical', 'Performing Arts']",
122,ともだち8にん,,['TV'],398,Finished Airing,"Mar 28, 2011 to Jan 5, 2019",['Spring 2011'],Not scheduled once per week,"None found,","None found,",['Egg'],Original,['Comedy'],1 min. per ep.,G - All Ages,[],#14949,#17784,436,0,,"A series oriented to three-year-old children, showing the everydays of 9 characters, each of them having a distinct feature. Children will recognize characters and situations from their own life. Sometimes through conflicts, sometimes through encouragement, they will find everyone's place in the world. The story conveys messages such as ""Nobody's alone"", ""It's good to be different"" and the importance of being connected with others, in a fun way. (Source: Official site)",[],Tomodachi 8-nin,,,,,,,['Kids'],,
123,オトッペ,,['TV'],265,Finished Airing,"Apr 3, 2017 to Mar 31, 2023",['Spring 2017'],Mondays at 08:40 (JST),['NHK'],"None found,","None found,",Original,['Fantasy'],3 min. per ep.,G - All Ages,[],#20908,#17773,435,0,,"The series follows a young girl named Shina who hopes to become the world's best DJ, and is interested in new sounds. Shina explores a mysterious world filled with Otoppe, strange creatures capable of unique sounds.",[],Otoppe,,,,['Music'],,,['Kids'],,
124,드래곤에그,Dragon Egg,['TV'],52,Finished Airing,"Nov 6, 2017 to Apr 25, 2019",['Fall 2017'],Mondays at 17:00 (JST),"None found,","None found,","None found,",Original,,24 min. per ep.,G - All Ages,[],#17791,#17831,432,1,,"10 years ago, a mysterious stone which looks just like an egg was found. This egg turns out to be an ancient legendary Dragon Egg and it later transformed in to a dragon. People call this the ‘First Hatching’ and found out that they are able to use a dragon’s powerful energy only if they can speak the language of dragon. Soon after they found out this, an international society choose talented children to communicate with dragon and train them to carry out impossible missions. This group of children are called as Knights of Dragon. The Knights of Dragon carry out impossible missions successfully by finding dragons and their language hidden all around the world. Everything working out great only before they got attack from Defectors… (Source: Official YouTube channel)",[],Dragon Egg,,,"['Action', 'Sci-Fi']",,,,['Kids'],,
125,터닝메카드 R,Turning Mecard R,['TV'],26,Finished Airing,"Sep 14, 2017 to Apr 5, 2018",['Fall 2017'],Unknown,"None found,","None found,","None found,",Original,,11 min. per ep.,G - All Ages,[],#15074,#17927,423,1,,Turning Mecard R was announced as a CG-reboot of Turning Mecard. It features the same characters as Turning Mecard and Turning Mecard W. (Source: Wikia),[],Turning Mecard R,,,,,,,['Kids'],"['Mecha', 'Racing', 'Strategy Game']",
126,パッコロリン,Pakkororin,['TV'],Unknown,Currently Airing,"Mar 28, 2011 to ?",['Spring 2011'],Not scheduled once per week,['NHK'],"None found,",['Three-d'],Original,,1 min.,G - All Ages,[],#20936,#18315,397,0,,"A minute long children's anime that follows 3 siblings. Two brothers who are rectangular and circular shaped, and a sister who is triangluar shaped. They have unique personalities and foster growth and discovery through their play time.",[],Pakkororin,,,,,,,['Kids'],,
127,몬카트,MONKART,['TV'],52,Finished Airing,"Aug 28, 2017 to Aug 14, 2018",['Summer 2017'],Tuesdays at Unknown,"None found,","None found,",['SAMG Entertainment'],Original,,11 min. per ep.,PG - Children,6.43,#7507,#18313,396,4,119,"Carmon Kingdom is a medieval style fantasy world where humans and monsters live together. Monkart Race is the most popular sport in the kingdom, as the highest ranker can be selected as knight. 12 year-old Jin of Latona Village also dreams to be the winner someday. One day, Destro, commander of the knights, invades the kingdom and tries to marry princess Sena. The princess escapes and comes across Jin. Their encounter awakes a dragon monster named Draka, who has been sealed in Jin’s sword. Now Jin, Sena, and their monsters start the most exciting adventures to save the kingdom. (Source: SAMG Animation)",[],Monkateu,Monkart,Monkart,"['Action', 'Adventure', 'Fantasy']",,Monkart: Legend of Monster Kart,Monkart,['Kids'],,
128,스톤에이지: 전설의 펫을 찾아서,Stone Age: The Legendary Pet,['TV'],26,Finished Airing,"Jul 12, 2017 to May 2, 2018",['Summer 2017'],Unknown,"None found,","None found,",['Iconix Entertainment'],Game,['Fantasy'],10 min. per ep.,G - All Ages,[],#14592,#18727,363,0,,"An animated adaptation of the mobile game of the same name. Each episode is composed of two stories. The story is set in the future, after the destruction of machine civilization which leaves humans in a more primitive state. Dinosaurs, woolly mammoths, saber-tooth tigers, etc. roam free, as their species were brought back to life and modified to be friendlier thanks to cloning fossil samples during the machine civilization era. Children can become Stone Leaders by having one of these creatures as a ""pet"" which they can do friendly battles with against others.",[],Stone Age: Jeonseol-ui Pes-eul Chaj-aseo,,,,,,,['Kids'],,
129,猫のダヤン (2017),,['TV'],30,Finished Airing,"Oct 14, 2017 to May 3, 2018",['Fall 2017'],Unknown,"None found,","None found,","None found,",Picture book,,1 min. per ep.,G - All Ages,[],#20611,#19198,332,0,,Fourth season of Dayan the Cat.,"['Prequel (TV) Neko no Dayan: Fushigi Gekijou', '']",Neko no Dayan (2017),,,,,Dayan the Cat (2017),,['Kids'],,
130,런닝맨,,['TV'],48,Finished Airing,"Jul 29, 2017 to Oct 12, 2018",['Summer 2017'],Saturdays at 11:30 (JST),"None found,","None found,","None found,",Other,,10 min. per ep.,G - All Ages,[],#21443,#19913,290,6,,"The Soul Tree, the great source of our race. But for its ultimate power and by those whose minds were blinded by it, it also became the catastrophic cause that had brought never-ending wars between the tribes. Tortured by the agonies of the wars, the leaders of the tribes finally came to a peace agreement that they would instead open a competition. Players, equipped with special watches and shields, compete against each other as winner’s tribe would be awarded with Materion, the sacred fruit of the Soul Tree. These brave players, who throw themselves in this fierce fight, we call them the Runningman. (Source: Official YouTube Channel)",[],Running Man,,,"['Action', 'Adventure']",,Runningman The Animation,,['Kids'],,
131,アイスくりたろう,Ice Kuritaro,['TV'],49,Finished Airing,"Oct 12, 2017 to Sep 27, 2018",['Fall 2017'],Thursdays at 01:39 (JST),"['Kamio Japan', 'Anime Beans']","None found,","None found,",Original,,1 min. per ep.,G - All Ages,[],#18820,#19867,292,0,,"A short anime that airs within ""Enkame: That's Enka Tainment"" (and enka variety show) program on Asahi TV. It follows a cast of ice cream characters.",[],Ice Kuritarou,,,,,,,['Kids'],,
132,꿈의 왕국 소피 루비,Dream Kingdom SofyRuby,['TV'],52,Finished Airing,"Oct 21, 2017 to Nov 3, 2018",['Fall 2017'],Unknown,"None found,","None found,","None found,",Unknown,['Comedy'],12 min. per ep.,G - All Ages,[],#19477,#21619,196,0,,No synopsis information has been added to this title. Help improve our database by adding a synopsis here.,"['Prequel (TV) SofyRuby', '']",Kkum-ui Wang-gug SofyRuby,,,,,"Sophie Ruby Season 2, SofyRuby Season 2",,['Kids'],,
133,타오르지마 버스터,,['TV'],44,Finished Airing,"Jan 7, 2017 to Apr 11, 2019",['Winter 2017'],Unknown,['Studio Goindol'],"None found,","None found,",Original,['Comedy'],15 min. per ep.,PG - Children,[],#14749,#21985,176,0,,No synopsis information has been added to this title. Help improve our database by adding a synopsis here.,[],Taoleujima Beoseuteo,,,,['Mecha'],,,['Kids'],,
134,지오메카 캡틴다이노,,['TV'],26,Finished Airing,"Aug 21, 2017 to Feb 12, 2018",['Summer 2017'],Unknown,"None found,","None found,","None found,",Original,,10 min. per ep.,PG - Children,[],#18164,#22037,174,0,,No synopsis information has been added to this title. Help improve our database by adding a synopsis here.,"['Prequel (TV) Geo Mecha: Beast Guardian', '']",Geo Mecha: Captain Dino,,,"['Action', 'Sci-Fi']",['Mecha'],,,['Kids'],,
135,헬로 카봇 시즌5,,['TV'],52,Finished Airing,"Feb 18, 2017 to Mar 31, 2018",['Winter 2017'],Unknown,"None found,","None found,","None found,",Original,['Action'],11 min. per ep.,PG - Children,[],#18506,#23502,123,0,,No synopsis information has been added to this title. Help improve our database by adding a synopsis here.,"['Prequel (TV) Hello Carbot Season 4', 'Sequel (TV) Hello Carbot Season 6']",Hello Carbot Season 5,,,,,,,['Kids'],"['Mecha', 'Racing']",
136,좀비덤 2,ZombieDumb 2,['TV'],22,Finished Airing,"Oct 21, 2017 to Feb 9, 2019",['Fall 2017'],Not scheduled once per week,"None found,","None found,",['ANYZAC'],Original,,13 min. per ep.,PG - Children,[],#16402,#24397,104,0,,The second season of Zombie Dumb.,"['Prequel (TV) Zombie Dumb', 'Sequel (TV) Zombie Dumb 3']",Zombie Dumb 2,,,"['Comedy', 'Supernatural']",,,,['Kids'],,
137,DEVILMAN crybaby,Devilman: Crybaby,['ONA'],10,Finished Airing,"Jan 5, 2018",,,"['Aniplex', 'Dynamic Planning', 'Netflix']",['Anime Limited'],['Science SARU'],['Manga'],,24 min. per ep.,R+ - Mild Nudity,7.74,#1177,#124,"1,208,437","25,054",728277,"Devils cannot take form without a living host. However, if the will of an individual is strong enough, they can overcome the demon and make its power their own, becoming a Devilman. Weak and unassuming, Akira Fudou has always had a bleeding heart. So when his childhood friend Ryou Asuka asks for his help in uncovering devils, Akira accepts without hesitation. However, to Akira's surprise, the place they go to is Sabbath: an immoral party of debauchery and degeneracy. Amidst bloodshed and death, demons possess the partiers, turning their bodies into grotesque monsters, and begin wreaking havoc. In a reckless attempt to save his best friend, Akira unwittingly merges with the devil Amon and becomes a Devilman, gaining the power to defeat the remaining demons. Though it grants him great power, this new partnership awakens an insatiable and primeval part of Akira. Having the body of a devil but the same crybaby heart, Akira works alongside Ryou, destroying those that harm humanity and his loved ones. [Written by MAL Rewrite]","['Adaptation (Manga) Devilman', '']",Devilman: Crybaby,DEVILMAN: Crybaby,DEVILMAN: Crybaby,"['Action', 'Avant Garde', 'Horror', 'Supernatural']",,,DEVILMAN: Crybaby,['Shounen'],"['Gore', 'Mythology']",
138,B: The Beginning,B: The Beginning,['ONA'],12,Finished Airing,"Mar 2, 2018",,,['Netflix'],['Anime Limited'],['Production I.G'],Original,,25 min. per ep.,R - 17+ (violence & profanity),7.15,#3638,#710,"358,788","1,426",180814,"On the islands of Cremona, a vigilante runs amok. Celebrated by some and hunted by others, the notorious ""Killer B"" takes justice into his own hands, armed with a sharp blade and superhuman abilities. Unable to apprehend this renegade, the Royal Investigation Service (RIS) calls upon the expertise of Keith Flick, a seasoned, yet eccentric detective who was relegated to the Archives Department following a personal loss. As crimes in Cremona begin to escalate, from stealthy executions of wrongdoers to sophisticated strikes on public figures, it soon becomes clear that there is more than one person responsible. With the help of his impulsive sidekick Lily Hoshina, and unexpected aid from the elusive Killer B himself, Keith begins to unravel plots involving secret organizations, domestic terrorism, and human experiments. When the involvement of the RIS extends beyond the scope of justice, the extent of the government's corruption—as well as the trustworthiness of close allies—are thrown into question. [Written by MAL Rewrite]","['Sequel (ONA) B: The Beginning Succession', '']",B: The Beginning,,,"['Action', 'Mystery', 'Suspense']",,,,,"['Detective', 'Psychological', 'Super Power']",
139,衛宮さんちの今日のごはん,Today's Menu for the Emiya Family,['ONA'],13,Finished Airing,"Jan 25, 2018 to Jan 1, 2019",,,"['Aniplex', 'Kadokawa']",['Aniplex of America'],['ufotable'],['Web manga'],,13 min. per ep.,PG-13 - Teens 13 or older,7.79,#1062,#1747,"137,927",764,61456,"With the threat of the Holy Grail War no longer looming over Fuyuki City, its inhabitants can finally enjoy a time of peace. Now that all of the Masters and Servants have adjusted to their new mundane lives, Shirou has taken it upon himself to cook for his household and show Saber the wonders of modern cuisine. Every day, he ventures into the marketplace to see what kind of different meals he can cook up with unique ingredients and a limited budget. However, his legendary skills often attract uninvited guests from all over the city, so there is never a dull moment at dinner with the Emiya family. As his guests entertain themselves in the living room, Shirou walks through the step-by-step process of creating some of his favorite meals. With delicacies such as his savory New Year soba with shrimp tempura, steamy foil-baked salmon, and cheesy bamboo shoot gratin, everything is up for grabs on his menu. Itadakimasu! [Written by MAL Rewrite]","['Adaptation (Manga) Emiya-san Chi no Kyou no Gohan', '']",Emiya-san Chi no Kyou no Gohan,Today's Menu for The Emiya Family,Today's Menu for the Emiya Family,"['Gourmet', 'Slice of Life']",['Iyashikei'],,Today's Menu for The Emiya Family,,,
140,A.I.C.O. -Incarnation-,,['ONA'],12,Finished Airing,"Mar 9, 2018",,,"['Bandai Visual', 'Lantis', 'Hakuhodo DY Music & Pictures', 'Yamasa', 'Studio Easter']","None found,",['Bones'],Original,,24 min. per ep.,R - 17+ (violence & profanity),6.53,#6872,#1951,"119,603",259,56936,"In 2035, an incident known as “The Burst” occurs at a Japanese research facility, giving birth to the rapidly expanding, consuming, and self-replicating ""Matter."" Snaking its way through the remains of dams and military facilities in the Kurobe Gorge, the hostile Matter is besieged by task forces trying to prevent it from reaching the ocean and mercenaries seeking the truth behind its existence. Aiko Tachibana lives under constant medical surveillance after being rescued from the Matter. She spends her days waiting out her recovery by making paper planes. Soon, her daily life at school is disturbed by the arrival of transfer student Yuuya Kanzaki, who proceeds to point out a number of inconsistencies regarding her body. Why is she never injured, and why does she suddenly no longer need her wheelchair? He claims that there is more to her existence than she has been led to believe, and that she alone holds the key to ending The Burst. With many factions now interested in Aiko, she and Yuuya must gather allies and embark on a dangerous pilgrimage into the heart of the infested gorge before the net can close around them. To escape the conspiracy moving against them, the pair must face off against the Matter—an enemy that flows like water. [Written by MAL Rewrite]","['Adaptation (Manga) A.I.C.O.: Incarnation', '']",A.I.C.O. Incarnation,A.I.C.O. Incarnation,,"['Action', 'Sci-Fi']",,AICO,A.I.C.O. Incarnation,,,
141,ソードガイ The Animation,,['ONA'],12,Finished Airing,"Mar 23, 2018",,,['Production I.G'],"None found,","['DLE', 'LandQ studios']",['Manga'],,22 min. per ep.,R - 17+ (violence & profanity),5.74,#11194,#2672,"74,100",46,33838,"When the gods would not answer in humanity's desperate hour of need, it turned to a demon instead. The supposed savior came wielding the sword Zsoltgewinn, but its uncontrollable lust for blood led it to kill those who summoned it too. Although the sword was sealed away long ago, it has been uncovered by the Shoshidai, an organization that collects such cursed artifacts. However, Zsoltgewinn proves to be too strong to be tamed by humans when its corruptive power influences the administrator, Takuma Miura, to flee with it in his grasp. At the same time, Gai Ogata's family is torn apart due to the possession of another demonic sword, Shiryu, leading his father to be murdered and his mother to hang herself shortly after giving birth to him. Abandoned in the forest clutching the blade, he is discovered by the blacksmith Amon. Unnaturally transfixed by the sword, Gai works tirelessly for years to hone his smithing skills. However, when an accident costs him his arm, he gains a new one—in the form of a reforged Shiryu. Now having a cursed sword for an arm, Gai must learn to control its violent urges. All the while, Zsoltgewinn continues its rampage, leaving a path of blood in its wake. [Written by MAL Rewrite]","['Sequel (ONA) Sword Gai The Animation Part II', 'Adaptation (Manga) Sword Gai']",Sword Gai The Animation,,,"['Action', 'Supernatural']",,,,['Seinen'],,
142,オーバーロード　ぷれぷれぷれあです2,,['ONA'],13,Finished Airing,"Jan 9, 2018 to Apr 3, 2018",,,"None found,","None found,",['Studio PuYUKAI'],['Light novel'],,1 min. per ep.,PG-13 - Teens 13 or older,6.82,#5222,#3630,"42,751",28,20878,Super deformed parody shorts of Overlord II streamed on Kadokawa's official YouTube channel.,"['Prequel (Special) Overlord: Ple Ple Pleiades', 'Sequel (ONA) Overlord: Ple Ple Pleiades 3']",Overlord: Ple Ple Pleiades 2,,,"['Action', 'Comedy', 'Fantasy']",['Isekai'],,,,,
143,25歳の女子高生,"25-Year-Old High School Girl, I Wouldn’t Do This with a Kid",['ONA'],12,Finished Airing,"Jan 8, 2018 to Mar 26, 2018",,,"['Cosmic Ray', 'Picante Circus', 'Suiseisha', 'Tavac']","None found,",['Lyrics'],['Web manga'],['Hentai'],5 min. per ep.,Rx - Hentai,5.60,N/A,#3735,"40,498",133,14873,"Once most students are done with high school, they leave and never come back. However, at 25 years old, Hana Natori finds herself in the role of a student once more at her aunt's request. Since Hana's cousin, Kaho Miyoshi, refuses to go to school, her aunt begs Hana to take Kaho's place, since the two of them are practically identical. But as luck would have it, she is recognized by Okito Kanie—an old classmate from her days in high school—who is now a teacher! With her cover blown, Hana assumes Kanie will expose her secret. But when he suddenly kisses her, she soon learns he has other ideas. [Written by MAL Rewrite]","['Adaptation (Manga) 25-sai no Joshikousei: Kodomo ni wa Oshierarenai Koto Shiteyaru yo', '']",25-sai no Joshikousei,,,,['School'],25-Year-Old High School Girl,,['Josei'],,
144,斗罗大陆,Soul Land,['ONA'],26,Finished Airing,"Jan 20, 2018 to Jul 14, 2018",,,['Tencent Penguin Pictures'],"None found,",['Sparkly Key Animation Studio'],Novel,,20 min. per ep.,PG-13 - Teens 13 or older,7.93,#773,#4209,"31,333",598,12579,"Tang San is one of Tang Sect martial art clan's most prestigious disciples and peerless in the use of hidden weapons. With high expectations, the sect's elders believe his future will be bright; yet Tang chooses to forsake this life at the cost of obtaining the sect's forbidden lore—an action punishable by death. Tang, now content with his ascension of knowledge, sees no reason to keep on living and jumps from Hell's Peak, but little did he know that that would not be the end of his existence. In Douluo Continent, the strong prevail and the weak perish. Each person possesses an innate spirit, some of which can be cultivated and strengthened, bestowing its user with various benefits. Those who were born with such spirits can become Spirit Masters, a profession regarded as one of the continent's most noble. Tang, reincarnated into this strange world, knows only the life of a blacksmith's son. At the age of six, he takes part in the Spirit Master ceremony, and discovers his spirit is Blue Silver Grass—supposedly the world's most useless spirit. In contrast, however, he possesses strong spirit power. Now, aided by the memories of his previous life as well, Tang's future as a Spirit Master is in no way bleak. [Written by MAL Rewrite]","['Sequel (ONA) Douluo Dalu 2nd Season', 'Adaptation (Manhua) Douluo Dalu']",Douluo Dalu,,,"['Action', 'Adventure', 'Fantasy', 'Romance']",,Combat Continent,,,"['Historical', 'Martial Arts', 'Reincarnation']",
145,연애하루전,A Day Before Us,['ONA'],10,Finished Airing,"Jan 12, 2018 to Feb 23, 2018",,,"None found,","None found,","['LICO', 'Red Dog Culture House']",Original,,2 min. per ep.,PG-13 - Teens 13 or older,7.23,#3227,#4391,"28,825",63,11028,"When Ha Eun takes shelter from a sudden downpour, she runs into someone she recognizes as her classmate. She greets him but is met by a cold shoulder, his curt replies shutting down her other attempts at conversing with him. When the awning above Ha Eun tears apart, she takes cover under the boy's umbrella and accidentally hugs him. Abashed and still annoyed, Ha Eun apologizes as the boy boards his bus. As luck may have it, the two meet again when Ha Eun's university friend, Yeo Reum, invites both of them for dinner. The classmate is introduced as Yeon Woo and turns out to be Yeo Reum's childhood friend. After several drinks, another friend of Yeo Reum escorts him back home, leaving Ha Eun and Yeon Woo alone. The two share an intimate moment devoid of words. Will this be the first of many? [Written by MAL Rewrite]","['Prequel (ONA) Yeon-ae Halujeon Zero', 'Sequel (ONA) Yeon-ae Halujeon 2']",Yeon-ae Halujeon,,,"['Romance', 'Slice of Life']",,,,,,
146,迷域行者,Uncharted Walker,['ONA'],12,Finished Airing,"Feb 3, 2018 to Apr 21, 2018",,,"['bilibili', 'Jay Zone Comic']","None found,",['Thundray'],['Web manga'],,26 min. per ep.,R - 17+ (violence & profanity),7.30,#2815,#4926,"22,046",88,6141,"After narrowly escaping a deathtrap, a dazed Ning Yuan finds himself confined by a menacing gangster, He Zhiyang, alongside hysterical doctor, Su Jin. However, this proves to be the least of his concerns as he comes to terms with the group's newfound desperate situation: they are trapped on an isolated island that harbors malignant viruses, horrid mutations, and hostile tribes. Meanwhile, another group of individuals in the same vicinity happen to face the same predicament. Forced to put aside their differences and come together to fight their way to freedom, the two groups of stranded victims must resist their personal motivations which threaten to get the better of them. [Written by MAL Rewrite]",[],Mi Yu Xingzhe,,,"['Mystery', 'Suspense']",,Mi Yu Xing Zhe,,,"['High Stakes Game', 'Psychological', 'Survival']",
147,연애하루전2,A Day Before Us 2,['ONA'],15,Finished Airing,"Mar 30, 2018 to Jul 6, 2018",,,"None found,","None found,","['LICO', 'Red Dog Culture House']",Original,,2 min. per ep.,PG-13 - Teens 13 or older,7.39,#2415,#5392,"17,622",27,8748,Second season of A Day Before Us.,"['Prequel (ONA) Yeon-ae Halujeon', '']",Yeon-ae Halujeon 2,,,"['Romance', 'Slice of Life']",,,,,,
148,Sword Art Online Fatal Bullet -The Third Episode- ＜パイロット版＞,Sword Art Online Fatal Bullet: The Third Episode - Pilot,['ONA'],1,Finished Airing,"Feb 8, 2018",,,['Bandai Namco Entertainment'],"None found,","None found,",Game,,3 min.,PG-13 - Teens 13 or older,5.93,#10264,#5498,"16,739",42,4861,A special movie said to be inspired by the Sword Art Online Fatal Bullet video game. The story takes place during the Gun Gale Online arc. Bandai Namco uploaded the short to their official YouTube channel saying it was a pilot version. They are also having an open audition for the female's voice via Twitter. Users can vote for the girls by retweeting their videos (which can either be through Twitter or a link to YouTube). February 8-19 will be the first selection where the top 3 accounts retweeted are chosen. And February 21-22 will be the final selection of girls where the previous 3 accounts along with 1 account chosen by the producer are judged.,[],Sword Art Online Fatal Bullet: The Third Episode - Pilot-ban,,,,['Video Game'],,,,,
149,アイドリッシュセブン Vibrato,,['ONA'],8,Finished Airing,"Feb 17, 2018 to Mar 7, 2019",,,"None found,","None found,",['TROYCA'],Game,['Drama'],14 min. per ep.,PG-13 - Teens 13 or older,7.97,#708,#5512,"16,621",102,6464,"On a cold night, idol group TRIGGER reunite at a bar to celebrate the anniversary of the day they started working together. Two years prior, Ryuunosuke Tsunashi leaves his Okinawan home and heads to Tokyo, hoping to become an idol and pay off his father's debt. While waiting for the manager, he is instead picked up by Gaku Yaotome—son of Yaotome Productions' CEO and Ryuunosuke's future co-worker—and they go to meet the mysterious Ten Kujou, the last member of the group. Gaku wants to confront Ten, as he is dubious of Ten's position as the center of the group. Fortunately, with Ryuunosuke's help, the three of them are able to hit it off, and thus TRIGGER is born. However, there still remain obstacles they have to overcome before their rise to fame. In the present day, their rivals IDOLiSH7 also have their own set of problems. From planning what to do on their free days to resolving a long-lasting dispute, they are ready to work together and face these problems head-on. [Written by MAL Rewrite]","['Adaptation (Manga) IDOLiSH7: Trigger - Before the Radiant Glory', '']",IDOLiSH7 Vibrato,,,,,"Idolish Seven, IDOLiSH7: YouTube Originals",,,"['Idols (Male)', 'Music']",
150,「DEVILMAN crybaby」ダイジェスト映像,Devilman: Crybaby - Digest Video,['ONA'],1,Finished Airing,"Mar 24, 2018",,,"['Aniplex', 'Dynamic Planning']","None found,",['Science SARU'],['Manga'],,3 min.,PG-13 - Teens 13 or older,6.22,#8748,#6338,"11,604",24,3231,"A short web recap of the Devilman: Crybaby series, posted on Aniplex's official YouTube channel.",[],Devilman: Crybaby - Digest Eizou,,,"['Action', 'Horror', 'Supernatural']",['Mythology'],Devilman: Crybaby Recap,,['Shounen'],,
151,斗破苍穹 第二季,Fights Break Sphere 2nd Season,['ONA'],12,Finished Airing,"Mar 3, 2018 to May 13, 2018",,,"['Tencent Penguin Pictures', 'China Literature Limited', 'Bytehoo']","None found,",['Motion Magic'],Novel,,19 min. per ep.,PG-13 - Teens 13 or older,7.66,#1398,#6519,"10,891",43,5669,"Xiao Yan, the best Xiao family fighter ever. At the age of 4, he began his training, at 10 he already owned the ninth level of strength, and at 11 - the tenth, so he became the youngest fighter in the history of his family. But at the age of 12, something unpredictable happened: he lost almost all of his strength. For the next three years, neighbors mocked him and even broke off his engagement. It would seem that nothing will help him, but then a spirit appeared from his ring, which showed him the way to power. Xiao Yan again became a favorite of the family and the crowd, but this could not satisfy his ambition. To avenge the failed wedding, he goes to the mountains and, with the help of an old herbalist, becomes stronger and stronger.","['Prequel (ONA) Doupo Cangqiong', 'Sequel (ONA) Doupo Cangqiong 3rd Season', 'Adaptation (Manhua) Doupo Cangqiong', 'Adaptation (Novel) Doupo Cangqiong']",Doupo Cangqiong 2nd Season,,,"['Action', 'Adventure', 'Fantasy', 'Romance']",,Battle Through the Heavens 2nd Season,,,"['Historical', 'Martial Arts', 'Mythology']",
152,妖神记 第2季,,['ONA'],40,Finished Airing,"Jan 6, 2018 to May 23, 2018",,,['Tencent Penguin Pictures'],"None found,",['Ruo Hong Culture'],Novel,,7 min. per ep.,PG-13 - Teens 13 or older,7.30,#2838,#6808,"9,835",23,4926,Second season of Yao Shen Ji.,"['Prequel (ONA) Yao Shen Ji', 'Sequel (ONA) Yao Shen Ji 3rd Season']",Yao Shen Ji 2nd Season,,,"['Action', 'Adventure', 'Fantasy', 'Romance']",,"Demon Gods 2nd Season, Tales of Demons and Gods 2nd Season",,,"['Martial Arts', 'Mythology']",
153,ガンダムビルドダイバーズ プロローグ,,['ONA'],1,Finished Airing,"Feb 2, 2018",,,"None found,","None found,",['Sunrise'],Original,,14 min.,G - All Ages,6.46,#7364,#7346,"8,176",3,4079,"The Gunpla Force Battle Tournament is a big event held in GBN once per year. Competing in the final round are Avalon, led by the champion Kyoya Kujo, and the elite 7th Panzer Division led by the cunning Rommel. Starting with Kyoya's Gundam AGE II Magnum, a variety of Gunpla take to the field to determine which is the strongest force! (Source: Official site)","['Prequel (TV Special) Gundam Build Fighters Try: Island Wars', 'Sequel (TV) Gundam Build Divers']",Gundam Build Divers Prologue,Gundam Build Divers: Prolog,Gundam Build Divers: Prólogo,"['Action', 'Sci-Fi']",['Mecha'],,Gundam Build Divers: Prologue,,,
154,あの日の彼女たち,The Diary of Our Days,['ONA'],8,Finished Airing,"Mar 24, 2018 to Nov 12, 2018",,,['Half H.P Studio'],"None found,",['CloverWorks'],Original,['Slice of Life'],1 min. per ep.,G - All Ages,6.60,#6469,#8031,"6,503",20,1875,Web shorts focusing on each of the 22/7 idols in normal everyday life.,[],Ano Hi no Kanojo-tachi,,,,['Idols (Female)'],"22/7, Nanabun no Nijuuni",,,,
155,让我们烧吧,Fire X Fire,['ONA'],2,Finished Airing,"Feb 13, 2018 to Mar 22, 2018",,,['TrioPen Studio'],"None found,",['Studio KeepFire'],Original,['Comedy'],6 min. per ep.,PG-13 - Teens 13 or older,5.73,#11252,#8759,"5,276",6,1469,"Lovelorn Xiao Yong entered high school in despair. In order to get out of the haze of lovelorn, he joined a school club, FFF. Later he learned that the FFF Club was a heresy inquisition organized by a group of magicians. In the group test, Xiao Yong awakened his own destruction fire magic. From then on, he began his brilliant high school life. (Source: Guodong Subs)",[],Rang Wo Men Shao Ba,,,,,"Rang Women Shao Ba, Let Us Burn",,,"['Parody', 'School']",
156,万界仙踪,The Wonderland of Ten Thousands,['ONA'],40,Finished Airing,"Mar 21, 2018 to Jul 28, 2018",,,['bilibili'],"None found,",['Ruo Hong Culture'],['Web manga'],,7 min. per ep.,PG-13 - Teens 13 or older,7.28,#2909,#8831,"5,168",34,2003,"Ye Xingyu'’s master Yu Huanxian went and left a giant Tianyuan Shenzong. Ye Xingyun became the new leader of the Tianyuan Shenzong. At the same time, the civet cat exchanged Prince Edward’s method and became a child of a small family, hidden in it, waiting for revenge. Opportunity. Ye Xingyun embarked on a very dangerous road, but with his own strategy, and Tianyuan Shenzong masters of all the help of experts, vertical and horizontal tactics, strategizing, against the huge Grand Dynasty. (Sorce: Anilist)","['Sequel (ONA) Wan Jie Xian Zong 2nd Season', '']",Wan Jie Xian Zong,,,"['Action', 'Adventure', 'Fantasy', 'Romance']",,"Wanjie Xianzong, Wonderland",,,"['Historical', 'Martial Arts', 'Mythology']",
157,フェ～レンザイ,Non-Human,['ONA'],48,Finished Airing,"Mar 29, 2018 to Jun 27, 2019",,,['Tencent Penguin Pictures'],"None found,",['Fenz'],['Manga'],,5 min. per ep.,PG-13 - Teens 13 or older,7.14,#3678,#8927,"5,015",24,1093,"Jiu Yue is a nine-tailed fox spirit who is more than two centuries old. She faces her hardest challenge yet: trying to adapt to the modern world. Knowing she needs money to survive, she starts working at a company—only to realize her coworkers are just as mythical as her! As Jiu Yue and her new friends attempt to fit in, their non-human sides make even the most trivial situations take a ridiculous turn. [Written by MAL Rewrite]","['Sequel (ONA) Fei Ren Zai Part 2', 'Adaptation (Manhua) Fei Ren Zai']",Fei Ren Zai,,,"['Comedy', 'Supernatural']",['Mythology'],"Fe-Renzai: Kamisama no Nichijou, Shenme Gui, 神么鬼, 非人哉",,,,
158,GOD EATER RESONANT OPS,God Eater Resonant Ops,['ONA'],1,Finished Airing,"Mar 24, 2018",,,"None found,","None found,",['ufotable'],Game,,1 min.,PG-13 - Teens 13 or older,6.10,#9420,#9395,"4,288",4,1056,"The opening movie to God Eater Resonant Ops, the iOS/Android game. The animation was streamed on Bandai Namco's official YouTube channel and was promoting the game's release slated for the following month. A second version of the video was posted on April 4, 2018 but contains no change in animation. Only the watermark and the still image at the end were changed.",[],God Eater Resonant Ops,,,"['Fantasy', 'Sci-Fi']",,,,,"['Military', 'Music', 'Video Game']",
159,悪魔のメムメムちゃん,,['ONA'],1,Finished Airing,"Jan 23, 2018",,,"None found,","None found,",['Shaft'],['Manga'],,5 min.,PG-13 - Teens 13 or older,5.58,#11861,#9426,"4,249",3,1989,"The gag manga depicts the everyday life of the demon Memumemu-chan, who appears before the high school student Hyouta one day. She's come to seduce men and steal their souls, however, has neither the motivation nor the ability to carry out her duty. The story revolves around Memumemu, Hyouta, who is often misunderstood as a lolicon due to Memumemu, and the super sexy mother-daughter duo who manages the apartment Hyouta resides in. (Source: MAL News)","['Adaptation (Manga) Akuma no Memumemu-chan', '']",Akuma no Memumemu-chan,,,"['Comedy', 'Ecchi']",['Mythology'],,,['Shounen'],,
160,『スロウスタート』Web予告ムービー,,['ONA'],11,Finished Airing,"Jan 12, 2018 to Mar 23, 2018",,,"None found,","None found,",['A-1 Pictures'],['4-koma manga'],['Slice of Life'],38 sec. per ep.,PG-13 - Teens 13 or older,6.01,#9875,#10349,"3,169",1,624,Web-exclusive next episode previews for Slow Start. These contain unique chibi animations and are released on Slow Start's official Twitter page as well as Aniplex's official YouTube channel. They are released about a day prior the full episode airing.,[],Slow Start: Web Yokoku Movie,,,,['CGDCT'],,,,,
161,万古仙穹 Ⅱ,,['ONA'],12,Finished Airing,"Mar 15, 2018 to May 31, 2018",,,['iQIYI'],"None found,","['Haoliners Animation League', 'ASK Animation Studio']",Novel,,15 min. per ep.,PG-13 - Teens 13 or older,6.71,#5822,#10750,"2,823",4,762,Second season of Wangu Xian Qiong.,"['Prequel (ONA) Wangu Xian Qiong', 'Sequel (ONA) Wangu Xian Qiong III: Eren Gu Pian']",Wangu Xian Qiong II,,,"['Adventure', 'Comedy', 'Fantasy']",,"Everlasting Immortal Firmament 2nd Season, Ancient Celestial Firmament 2nd Season, Ancient Divine Pinnacle 2nd Season, Wangu Xian Qiong 2nd Season, 万古仙穹 第二季",,,,
162,ちちぶでぶちち,,['ONA'],1,Finished Airing,"Mar 30, 2018",,,"['TMS Music', '8PAN']","None found,",['TMS Entertainment'],Original,['Slice of Life'],25 min.,PG-13 - Teens 13 or older,5.78,#11030,#11456,"2,290",0,886,"Kaoruko is set to meet a marriage partner... but there's a person she can't forget. Someone she met in Chichibu when she was a girl. A young boy whose name she doesn't even know. Treasured memories of walking with him through Chichibu Shrine. Taking in the carpets of pink flowers at Hitsujiyama Park, the mountain stream at Nagatoro, the sea of clouds from Mitsumine Shrine. These are priceless moments she yearns to relive. Maybe... just maybe... if she heads to Chichibu she might see him again. Clinging to her faint hope and distant memories, Kaoruko resolves to find out. (Source: Official site)",[],Chichibu de Buchichi,,,,,,,,,
163,남의 BL만화’ 애니메이션,Someone Else's BL Cartoon,['ONA'],12,Finished Airing,"Jan 11, 2018 to Jun 14, 2018",,,"None found,","None found,","None found,",['Web manga'],,3 min. per ep.,PG-13 - Teens 13 or older,5.27,#12766,#11448,"2,294",7,525,"Seunghee may seem like a regular high school boy, but he's got a few secrets: he loves to cross-dress and read BL comics. He's looking for a match that will accept him, but it's classmate Seungtaek who spies him on a date gone bad. Now that someone at school knows he's gay, can Seunghee's life remain ordinary the way he likes it? (Source: TappyToon) Namui BL Manhwa Animation is a Korean web adaptation of bbobariee's Manhwa made by BOOKCUBE Studio.",[],Namui BL Manhwa Animation,,,"['Boys Love', 'Comedy', 'Drama', 'Slice of Life']",['School'],"Nam-ui BL Manhwa, NBM, Someone Else's BL Comic Animation",,,,
164,d松さん,,['ONA'],12,Finished Airing,"Jan 9, 2018 to Mar 27, 2018",,,"None found,","None found,",['Pierrot'],['Manga'],['Comedy'],1 min. per ep.,PG-13 - Teens 13 or older,6.14,#9160,#11710,"2,130",3,293,"The short series will be divided into two arcs. The ""Totoko x Muttsugo"" (Totoko x Sextuplets) arc will feature the six brothers having conversations with Totoko, who will be depicted as ""a certain princess."" This story will have six ""versions,"" one for each brother. The ""Iyami x Muttsugo"" (Iyami x Sextuplets) arc will feature the six brothers and their everyday life with Iyami. It will also have six ""versions,"" one for each brother. (Source: ANN)",[],dMatsu-san,,,,,"Mr. dMatsu, Osomatsu-san 2nd Season Side Stories",,,"['Gag Humor', 'Parody']",
165,へんたつ,,['ONA'],9,Finished Airing,"Jan 31, 2018 to Sep 13, 2019",,,"None found,","None found,","None found,",Original,['Comedy'],1 min. per ep.,G - All Ages,5.33,#12606,#11905,"2,001",1,821,No synopsis information has been added to this title. Help improve our database by adding a synopsis here.,"['Sequel (TV) Hentatsu (TV)', '']",Hentatsu,,,,,,,,,
166,ニートがVチューバーデビューしてみた,,['ONA'],4,Finished Airing,"Mar 27, 2018 to Mar 29, 2018",,,"None found,","None found,","None found,",['Web manga'],['Slice of Life'],3 min. per ep.,G - All Ages,5.43,#12332,#13191,"1,336",1,245,"In honor of Neeko wa Tsurai yo receiving it's 1st tankoubon release, Kadokawa commissioned a virtual Youtube idol-style anime shorts of Neeko. Niito Nemuko, nicknamed Neeko, is 23 years old and still unable to find a job. This is her everyday life as she struggles with the fact that she's basically just a NEET. (Source: Batoto)","['Adaptation (Manga) Neeko wa Tsurai yo', '']",Neeko ga Vtuber shitemita,,,,,Neeko wa Tsurai yo,,,,
167,1分でわかる映画「曇天に笑う」　解説予告,,['ONA'],1,Finished Airing,"Feb 9, 2018",,,"None found,","None found,","None found,",Other,,1 min.,G - All Ages,4.82,#13405,#13476,"1,238",1,345,"A special collaboration with Eagle Talon and Donten ni Warau. The latter is having a live-action movie release on March 21, 2018. In the special, the Chancellor and Yoshida introduce the movie and make comments on the story.",[],"Ippun de Wakaru Eiga ""Donten ni Warau"" Kaisetsu Yokoku",,,,,"Eagle Talon, Himitsukessha Taka no Tsume, The Frogman Show, Cloudy Laugh, Laughing Under the Clouds, 1-ban de Wakaru Eiga ""Donten ni Warau"" Kaisetsu Yokoku",,,"['Historical', 'Parody']",
168,えーん,WAAAH,['ONA'],1,Finished Airing,"Feb 12, 2018",,,"None found,","None found,","None found,",Original,['Avant Garde'],1 min.,R+ - Mild Nudity,4.22,#13729,#13976,"1,080",0,615,"Crying is an act often associated with infancy, but that does not mean adults do not share the urge to mewl. Whether it be for love, sadness, excitement, fear, relief, or disgust, everyone has an inner-infant that wants to let out their emotions once in a while. [Written by MAL Rewrite]",[],Een,,,,,,,,,
169,ポケモン モンコレストーリ,Pokémon Kids TV: Moncolle Story,['ONA'],8,Finished Airing,"Mar 30, 2018 to Jun 15, 2018",,,"None found,","None found,","None found,",Game,['Comedy'],1 min. per ep.,PG - Children,5.43,#12338,#14315,988,1,347,"The Pokémon Company has unveiled a new series of adorable stop motion videos to promote the ultra popular Pokémon Moncolle figures. Each video is brief and depicts a story consisting of events in which little versions of recognizable Pokémon take part in, featuring Pikachu, Poipole, Mimikyu, Rowlet, Zeraora, Buzzwole, Charizard, Litten, Popplio, Groudon, Garchomp, Rockruff, Rayquaza and more. (Source: pokemonblog.com)",[],Pokemon Moncolle Story,,,,,Pokemon stop motion animation,,['Kids'],,
170,星と翼のパラドクス,Starwing Paradox,['ONA'],2,Finished Airing,"Feb 7, 2018 to Nov 7, 2018",,,"['Square Enix', 'Q-Tec', 'dugout']","None found,",['Sunrise'],Game,,3 min. per ep.,PG-13 - Teens 13 or older,5.70,#11377,#14470,945,0,201,No synopsis information has been added to this title. Help improve our database by adding a synopsis here.,"['Prequel (Movie) As One', '']",Hoshi to Tsubasa no Paradox,,,"['Action', 'Sci-Fi']",['Mecha'],,,,,
171,『DCスーパーヒーローズ vs 鷹の爪団』プロモーション映像,,['ONA'],1,Finished Airing,"Feb 2, 2018",,,"None found,","None found,",['DLE'],Original,['Comedy'],2 min.,G - All Ages,4.70,#13516,#14889,838,1,285,"A collaboration episode promoting the BD/DVD release of DC Super Heroes vs Taka no Tsumedan and the Japanese BD/DVD release of Justice League both going on sale March 3, 2018 with the special goods that come with them. The characters all break the 4th wall to self-promote their material and get into a scuffle about whose release would sell better.",[],DC Super Heroes vs Taka no Tsumedan Promotion Eizou,,,,,,,,"['Parody', 'Super Power']",
172,タヌキとキツネ,,['ONA'],18,Finished Airing,"Feb 9, 2018 to Mar 19, 2018",,,"None found,","None found,","['Gathering', 'Lesprit']",['Web manga'],['Comedy'],35 sec. per ep.,G - All Ages,6.15,#9121,#15036,806,2,113,"The manga's story centers on the daily lives of a raccoon dog who is not quite with it and a mischievous fox who likes to tease the raccoon dog. The two are close friends who live together on a mountain. Their other friends include a wolf, a bear, a rabbit, and birds. (Source: ANN)","['Sequel (Special) Tanuki to Kitsune Specials', 'Adaptation (Manga) Tanuki to Kitsune']",Tanuki to Kitsune,,,,,,,,,
173,カタリベ　人工知能がつぶやく呪いの予言,,['ONA'],1,Finished Airing,"Feb 2, 2018",,,"None found,","None found,","None found,",['Manga'],,1 min.,PG-13 - Teens 13 or older,4.52,#13637,#15104,788,0,320,"An animated promotion steamed on Kadokawa's official YouTube channel for Kataribe Jinkou Chinou ga Tsubuyaku Noroi no Yogen, in honor of its first tankoubon volume going on sale the very same day.",[],Kataribe Jinkou Chinou ga Tsubuyaku Noroi no Yogen,,,"['Horror', 'Suspense']",,,,['Seinen'],,
174,アルファード×鷹の爪,,['ONA'],3,Finished Airing,"Jan 19, 2018",,,"None found,","None found,",['DLE'],Original,,3 min. per ep.,G - All Ages,4.96,#13255,#15757,660,3,229,"A collaboration between Taka no Tsume and Toyopet's Alphard car store launching in Ibaraki, Saitama, and Okayama. Collaborative goods will be sold on January 20+21 for at the stores as well.",[],Alphard x Taka no Tsume,,,,,"Ibaraki Toyopet, Saitama Toyopet, Okayama Toyopet, Eagle Talon, Himitsukessha Taka no Tsume, The Frogman Show",,,"['Parody', 'Racing']",
175,SNSポリス,,['ONA'],24,Finished Airing,"Mar 24, 2018 to May 21, 2018",,,"None found,","None found,","None found,",['Web manga'],['Comedy'],5 min. per ep.,G - All Ages,[],#14445,#16117,609,1,,"The story centers around the titular SNS Police (Social Network Service Police), who protect the peace in social media sites like Twitter and Facebook and deal harsh justice to those who violate it. (Source: ANN)",[],SNS Police,,,,,,,,,
176,画江湖之侠岚,,['ONA'],40,Finished Airing,"Jan 26, 2018 to Oct 26, 2018",,,"None found,","None found,",['Rocen'],Original,,21 min. per ep.,PG-13 - Teens 13 or older,[],#18702,#16382,573,3,,"In the story of The Legend of Xia Lan, Chou Mei is an orphan whose origin is a mystery. After being involved in a tragedy for no reason, she can only follow a man named ""Mo Ming"" to wander around the world... (Source: Douban)","['Prequel (TV) Xia Lan', '']",Hua Jianghu: Xia Lan,,,"['Adventure', 'Drama', 'Fantasy']",,,,,"['Historical', 'Martial Arts']",
177,トミカハイパーレスキュー ドライブヘッド 機動救急警察 (2018),,['ONA'],7,Finished Airing,"Jan 20, 2018 to Jul 21, 2018",,,['TBS'],"None found,",['OLM'],Other,,15 min. per ep.,PG - Children,6.02,#9807,#16387,573,2,117,"Several months after the incident at the Tower of Babel, the world is at peace, but still rebuilding from the destruction caused. The bend in the earth's axis has shifted the poles 300km, leading to some unusual weather patterns. The Mobile Rescue Police have begun a Mk-III plan, to upgrade the Drive Heads. (Source: Tomica Wiki)","['Prequel (TV) Tomica Hyper Rescue Drive Head: Kidou Kyuukyuu Keisatsu', 'Sequel (Movie) Tomica Hyper Rescue Drive Head: Kidou Kyuukyuu Keisatsu Movie']",Tomica Hyper Rescue Drive Head: Kidou Kyuukyuu Keisatsu (ONA),,,"['Adventure', 'Sci-Fi']",,Mobile Emergency Police,,,"['Detective', 'Mecha']",
178,おいピータン!!,,['ONA'],1,Finished Airing,"Mar 13, 2018",,,"None found,","None found,","None found,",['Manga'],,38 sec.,G - All Ages,4.57,#13609,#16363,575,0,257,"A stop-motion promotional video for Oi Pii-tan!! posted on Kodansha's official YouTube channel in honor of the manga's final (17th) tankoubon going on sale March 13, 2018. The series had been running for 20 years.",[],Oi Pii-tan!!,,,,,Hey Pitan!,,['Josei'],,
179,食べちゃったっていいのにな!,You Can Enjoy!,['ONA'],8,Finished Airing,"Mar 19, 2018 to Mar 21, 2019",,,"None found,","None found,",['Gaina'],Original,,5 min. per ep.,G - All Ages,5.81,#10874,#16993,507,1,158,"""You Can Enjoy!"" is a surreal and easy-going comedy cartoon created to introduce Fukushima prefecture’s wonderful agricultural and marine products to the whole world. The story is set in Farm Academy on Happy Island where the products are studying hard preparing for shipment. (Source: Official Website)",[],Tabechatta tte Ii no ni na!,,,"['Comedy', 'Slice of Life']",,,,,,
180,健やか親子21×鷹の爪団,,['ONA'],5,Finished Airing,"Mar 30, 2018",,,"None found,","None found,",['DLE'],Original,['Drama'],3 min. per ep.,G - All Ages,5.40,#12434,#17192,486,0,118,"A collaboration between Eagle Talon and Japan's Ministry of Health, Labor and Welfare Sukoyaka Oyako 21 program. The 1st episode talks about the dangers of smoking and 2nd hand smoke while pregnant. The 2nd episode talks about the dangers of tobacco transference to babies either by skin-to-skin contact or a parents' breath right after coming inside the home after smoking outside. The 3rd episode talks about postpartum depression. The 4th episode talks about preventing child abuse. And the 5th episode talks about thoughts of suicide during puberty.",[],Sukoyaka Oyako 21 x Taka no Tsumedan,,,,['Parody'],"Eagle Talon, Himitsukessha Taka no Tsume, The Frogman Show",,,,
181,怖すぎます。,,['ONA'],1,Finished Airing,"Mar 20, 2018",,,"None found,","None found,","None found,",Original,,28 sec.,G - All Ages,4.91,#13314,#17528,456,0,237,A bizarre short animation by Takashi Taniguchi.,[],Kowasugimasu.,,,"['Comedy', 'Horror']",['Music'],,,,,
182,駅メモ！,Ekimemo,['ONA'],3,Finished Airing,"Jan 31, 2018 to Feb 14, 2018",,,"None found,","None found,","None found,",Game,,3 min. per ep.,G - All Ages,5.71,#11348,#17802,434,1,115,"The game centers around players traveling to different train stations in Japan and collecting the anthropomorphized representations of different stations and railway lines. The anime is set in Yokote City in Akita Prefecture, and will center around the characters Miroku, Mero, and Runa. (Source: ANN)",[],Ekimemo!,,,,['Video Game'],"Station Memories!, Station Memo!, Eki Memo",,,,
183,エリエール×紙兎ロペ,,['ONA'],Unknown,Currently Airing,"Jan 3, 2018 to ?",,,"None found,","None found,","None found,",Original,,1 min.,G - All Ages,[],#17873,#17777,435,0,,A collaboration between the facial tissue company Elleair and the comedy anime franchise Kamiusagi Rope.,[],Elleair x Kamiusagi Rope,,,"['Comedy', 'Slice of Life']",,,,,,
184,プロメディカス,,['ONA'],4,Finished Airing,"Jan 26, 2018 to Feb 10, 2018",,,"None found,","None found,",['Zero-G'],Original,,15 sec. per ep.,G - All Ages,5.54,#12004,#18163,408,0,140,"Animated commercials for Promedicus, a cram school that specializes in Middle and High school students (as well as rounin) looking to get into med school.",[],Promedicus,,,,['School'],,,,,
185,モリモリ島のモーグとペロル,Mogu&Perol,['ONA'],1,Finished Airing,"Jan 19, 2018",,,"None found,","None found,",['dwarf'],Original,,8 min.,G - All Ages,5.90,#10468,#18459,385,0,153,Mogu is always making tasty dishes but Perol is taking far more than his share. One day Moog is looking to collect some berries (to make into a cake) but Perol eats some off the bush raw. They taste sour and Perol thinks Moog tricked him and claims they aren't friends anymore. Perol stops visiting but he becomes quite zombie-like and Moog misses his company too.,[],Morimori Shima no Mogu to Perol,,,,,Morimori Shima no Mougu to Peroru,,['Kids'],,
186,オイさんと40の物語,,['ONA'],41,Finished Airing,"Mar 26, 2018 to Sep 19, 2018",,,"None found,","None found,",['Marui Group'],Original,['Slice of Life'],6 sec. per ep.,G - All Ages,5.59,#11831,#18674,369,1,126,"Fourty shorts featuring a delightfully chubby cat named Oi-san. This entry also includes the unnumbered ""はじまり"" (Hajimari) episode that was released the same day as the numbered episode 1.",[],Oi-san to 40 no Monogatari,,,,,,,,,
187,ニクいよっ！カルビくん～煙が目にしみる～,,['ONA'],5,Finished Airing,"Jan 19, 2018 to May 17, 2018",,,"None found,","None found,",['dwarf'],Original,['Comedy'],2 min. per ep.,G - All Ages,[],#20667,#19533,311,0,,A short gag anime about yakiniku meat on a grill. It primarily focuses on Galbi-kun (beef short rib) who admires a higher cut of meat and tries to change his demeanor to be more refined.,[],Nikuiyo! Galbi-kun: Kemuri ga Me ni Shimiru,,,,,,,,,
188,妖精てぃんてぃん,,['ONA'],20,Finished Airing,"Mar 27, 2018 to Jun 1, 2018",,,['Anime Beans'],"None found,","None found,",Original,,1 min. per ep.,PG-13 - Teens 13 or older,[],#16119,#20101,280,0,,No synopsis information has been added to this title. Help improve our database by adding a synopsis here.,[],Yousei Tin Tin,,,"['Comedy', 'Fantasy', 'Slice of Life']",,,,,,
189,猪猪侠番外 环球日记,GG Bond: Adventure to the World,['ONA'],26,Finished Airing,"Mar 30, 2018 to May 4, 2018",,,"None found,","None found,","None found,",Original,,15 min. per ep.,G - All Ages,[],#16362,#20268,271,0,,"Teaming up as an agent squad, GG Bond and his pals travel around the world to help people solve their problems. Although their journeys are full of danger and unknown, these brave agents are highly committed to their missions and never step back. On their way of the global adventure, they can also learn about local cultures and customs, which are accompanied with funny stuff and interesting stories. You never know what they will run into in their next mission... (Source: Official YouTube channel)","['Prequel (ONA) Zhu Zhu Xia: Fan Wai - Pin Zhuang Tegong Dui', '']",Zhu Zhu Xia: Fan Wai - Zhi Huanqiu Riji,,,"['Adventure', 'Sci-Fi']",['Super Power'],GG Bond: Global Diary,,['Kids'],,
190,斗破苍穹 第2季 小剧场,Fights Break Sphere: Q Version Small Theater 2nd Season,['ONA'],12,Finished Airing,"Mar 11, 2018 to May 13, 2018",,,"None found,","None found,","None found,",Novel,['Comedy'],6 min. per ep.,PG-13 - Teens 13 or older,[],#17783,#20192,275,0,,No synopsis information has been added to this title. Help improve our database by adding a synopsis here.,"['Prequel (ONA) Doupo Cangqiong: Q Ban Xiao Juchang', '']",Doupo Cangqiong: Q Ban Xiao Juchang 2nd Season,,,,,Battle Through the Heavens: Q Version Small Theater 2nd Season,,,,
191,おしえて♡なみえ先生！,,['ONA'],2,Finished Airing,"Feb 5, 2018",,,"None found,","None found,","None found,",Original,,4 min. per ep.,G - All Ages,[],#20877,#20343,266,0,,"In order to promote industry that was lost in the Fukushima disaster, the prefecture is improving the robotics test field with the aim of obtaining the next generation of workers in a ""robot related industry."" These two episodes are aimed at elementary schoolers and talk about drones as well as the robotics campus.",[],Oshiete♡Namie-sensei!,,,,['School'],,,,,
192,爆裂飞车3兽神合体,Screechers Wild! 3rd Season,['ONA'],52,Finished Airing,"Mar 12, 2018 to ?",,,"None found,","None found,",['Alpha Animation'],Original,,23 min. per ep.,PG - Children,[],#16849,#20948,232,0,,Third season of Baolie Feiche.,"['Prequel (ONA) Baolie Feiche II: Xing Neng Juexing', 'Sequel (ONA) Baolie Feiche 4: Shou Shen Chuji']",Baolie Feiche 3: Shou Shen Heti,,,"['Action', 'Adventure']",['Racing'],"Burst Speed 3, Opti-Morphs, Ji Jia Shou Shen Zhi Baolie Feiche 3rd Season",,,,
193,智趣羊学堂之羊羊来寻宝,Pleasant Goat Fun Class: Finding Treasures,['ONA'],26,Finished Airing,"Feb 22, 2018 to 2018",,,"None found,","None found,","None found,",Unknown,,8 min. per ep.,PG - Children,[],#16304,#21896,180,0,,No synopsis information has been added to this title. Help improve our database by adding a synopsis here.,"['Prequel (ONA) Zhiqu Yang Xuetang: Qihuan Chengyu Shu', 'Sequel (ONA) Xi Yangyang Yu Hui Tailang: Yangyang Qu Maoxian']",Zhiqu Yang Xuetang: Yangyang Lai Yunbao,,,"['Adventure', 'Comedy']",,,,['Kids'],,
194,王者歪传,,['ONA'],12,Finished Airing,"Jan 12, 2018 to Mar 28, 2018",,,"None found,","None found,","None found,",Unknown,['Comedy'],7 min. per ep.,None,[],#15224,#21994,175,0,,No synopsis information has been added to this title. Help improve our database by adding a synopsis here.,"['Sequel (ONA) Xuan Xuan Yingxiong Chuan', '']",Wang Zhe Wai Chuan,,,,,Wangzhe Wai Chuan,,,,
195,智趣羊学堂之奇幻成语书,,['ONA'],26,Finished Airing,"Feb 15, 2018 to Feb 21, 2018",,,"None found,","None found,","None found,",Unknown,,8 min. per ep.,PG - Children,[],#16303,#22221,166,0,,No synopsis information has been added to this title. Help improve our database by adding a synopsis here.,"['Prequel (ONA) Zhiqu Yang Xuetang: Yangyang You Shijie', 'Sequel (ONA) Zhiqu Yang Xuetang: Yangyang Lai Yunbao']",Zhiqu Yang Xuetang: Qihuan Chengyu Shu,,,"['Adventure', 'Comedy']",,,,['Kids'],,
196,うどんとホタル,,['ONA'],1,Finished Airing,"Jan 31, 2018",,,"None found,","None found,","None found,",['Manga'],['Slice of Life'],2 min.,G - All Ages,[],#15114,#22684,147,0,,"A short adaptation of Ooya-san to Boku, narrated by Tarou Yabe.","['Adaptation (Manga) Ooyasan to Boku', '']",Udon to Hotaru,,,,,,,,,
197,ぼくと、はなそう。,Let's Talk!,['ONA'],1,Finished Airing,"Jan 5, 2018",,,"None found,","None found,","None found,",Original,['Avant Garde'],54 sec.,G - All Ages,[],#17005,#22810,142,0,,An experimental short by Takahiro Shibata.,[],"Boku to, Hanasou.",,,,,,,,,
198,香肠派对,,['ONA'],Unknown,Currently Airing,"Mar 15, 2018 to ?",,,"None found,","None found,","None found,",Game,['Comedy'],5 min.,G - All Ages,[],#15482,#23412,124,0,,No synopsis information has been added to this title. Help improve our database by adding a synopsis here.,[],Xiangchang Paidui,,,,,,,,,
199,食神魂 第二季,,['ONA'],12,Finished Airing,"Mar 14, 2018 to May 30, 2018",,,"None found,","None found,","None found,",Original,,14 min. per ep.,G - All Ages,[],#14178,#23544,121,0,,No synopsis information has been added to this title. Help improve our database by adding a synopsis here.,"['Prequel (ONA) Shi Shenhun', '']",Shi Shenhun 2nd Season,,,"['Adventure', 'Fantasy', 'Gourmet']",,,,,,
200,别惹流氓兔马修,Mashimaro,['ONA'],70,Finished Airing,"Mar 2, 2018 to Oct 19, 2018",,,"None found,","None found,","None found,",Original,,3 min. per ep.,PG - Children,[],#16937,#23681,118,0,,No synopsis information has been added to this title. Help improve our database by adding a synopsis here.,"['Sequel (ONA) Bie Re Liumang Tu Ma Xiu 2', '']",Bie Re Liumang Tu Ma Xiu,,,"['Comedy', 'Fantasy']",['Anthropomorphic'],,,['Kids'],,
201,宿舍不日常 第三季,Girls Dorm Season 3,['ONA'],6,Finished Airing,"Jan 23, 2018 to Mar 6, 2018",,,"None found,","None found,",['Yudubai Animation'],Original,['Comedy'],12 min. per ep.,G - All Ages,[],#14630,#23954,112,0,,Third season of Nusheng Sushe Richang.,"['Prequel (ONA) Nusheng Sushe Richang 2nd Season', '']",Sushe Bu Richang,,,,,"Nusheng Sushe Richang 3, Girls' Dormitory Life 3, Su She Bu Ri Chang, Nu Sheng Su She Ri Chang 3rd Season, 女生宿舍日常 第3季",,,,
202,王者？别闹！番外,,['ONA'],2,Finished Airing,"Mar 2, 2018 to Feb 3, 2019",,,"None found,","None found,","None found,",Game,,4 min. per ep.,PG-13 - Teens 13 or older,[],#15233,#23936,113,0,,No synopsis information has been added to this title. Help improve our database by adding a synopsis here.,[],Wangzhe? Bie Nao! Fanwai,,,"['Comedy', 'Fantasy']",['Parody'],Wangzhe? Bie Nao! Extra,,,,
203,茶啊二中 第四季,,['ONA'],14,Finished Airing,"Mar 27, 2018 to Aug 1, 2019",,,"None found,","None found,","None found,",Original,['Comedy'],16 min. per ep.,G - All Ages,[],#17155,#24199,107,0,,No synopsis information has been added to this title. Help improve our database by adding a synopsis here.,"['Prequel (ONA) Cha A Er Zhong 3rd Season', 'Sequel (ONA) Cha A Er Zhong 5th Season']",Cha A Er Zhong 4th Season,,,,['School'],,,['Kids'],,
204,深夜渔堂,,['ONA'],24,Finished Airing,"Jan 2, 2018 to Jun 6, 2018",,,"None found,","None found,","None found,",Original,,4 min. per ep.,G - All Ages,[],#14159,#24251,106,0,,No synopsis information has been added to this title. Help improve our database by adding a synopsis here.,[],Shenye Yu Tang,,,"['Comedy', 'Fantasy']",['Anthropomorphic'],,,,,
205,峡谷重案组 第二季,,['ONA'],21,Finished Airing,"Feb 16, 2018 to ?",,,"None found,","None found,","None found,",Game,,10 min. per ep.,PG-13 - Teens 13 or older,[],#15468,#24996,95,0,,No synopsis information has been added to this title. Help improve our database by adding a synopsis here.,"['Prequel (ONA) Xia Gu Zhong An Zu', '']",Xiagu Zhong An Zu 2nd Season,,,"['Adventure', 'Fantasy']",,,,,,
206,三只兔子 第2季,,['ONA'],26,Finished Airing,"Feb 26, 2018 to Mar 10, 2018",,,"None found,","None found,","None found,",Original,['Comedy'],1 min. per ep.,PG - Children,[],#13886,#24975,95,0,,No synopsis information has been added to this title. Help improve our database by adding a synopsis here.,"['Prequel (ONA) San Zhi Tuzi', '']",San Zhi Tuzi 2nd Season,,,,['Anthropomorphic'],,,['Kids'],,
207,郑在讲故事之十二生肖,,['ONA'],26,Finished Airing,"Jan 1, 2018 to ?",,,"None found,","None found,","None found,",Picture book,,3 min. per ep.,PG - Children,[],#16274,#25004,95,0,,No synopsis information has been added to this title. Help improve our database by adding a synopsis here.,[],Zheng Zai Jiang Gush: Shi Er Shengxiao,,,,['Anthropomorphic'],,,['Kids'],,
208,跳跃战士,,['ONA'],26,Finished Airing,"Mar 26, 2018 to ?",,,"None found,","None found,","None found,",Unknown,,15 min. per ep.,PG - Children,[],#14886,#25538,87,0,,No synopsis information has been added to this title. Help improve our database by adding a synopsis here.,"['Sequel (TV) Tiaoyue Zhanshi 2', '']",Tiaoyue Zhanshi,,,,,,,['Kids'],,
209,小兵杨来西,,['ONA'],52,Finished Airing,"Mar 9, 2018 to Apr 28, 2018",,,"None found,","None found,","None found,",Other,,9 min. per ep.,PG - Children,[],#15677,#25551,87,0,,No synopsis information has been added to this title. Help improve our database by adding a synopsis here.,[],Xiaobing Yang Lai Xi,,,,['Historical'],,,['Kids'],,
210,新妹魔王の契約者 DEPARTURES,The Testament of Sister New Devil Departures,['OVA'],1,Finished Airing,"Mar 28, 2018",,,"['AT-X', 'Nippon Columbia', 'KlockWorx', 'Toranoana', 'Glovision', 'Sony PCL', 'Kadokawa Media House', 'Sun TV', 'Kadokawa']","None found,",['Production IMS'],['Light novel'],,59 min.,R+ - Mild Nudity,6.90,#4844,#2223,"99,627",163,44639,No synopsis information has been added to this title. Help improve our database by adding a synopsis here.,"['Prequel (OVA) Shinmai Maou no Testament Burst: Toujou Basara no Shigoku Heiwa na Nichijou', 'Adaptation (Manga) Shinmai Maou no Testament', 'Adaptation (Manga) Shinmai Maou no Testament: Arashi!', 'Adaptation (Light Novel) Shinmai Maou no Testament']",Shinmai Maou no Testament Departures,The Testament of Sister New Devil Departures,The Testament of Sister New Devil OVA: Departures,"['Action', 'Fantasy', 'Romance', 'Ecchi']",,,The Testament of Sister New Devil Departures,,"['Harem', 'Mythology']",
211,僕の彼女がマジメ過ぎるしょびっちな件 OVA,My Girlfriend is Shobitch OVA,['OVA'],1,Finished Airing,"Mar 26, 2018",,,"None found,",['Sentai Filmworks'],"['Diomedéa', 'Studio Blanc.']",['Web manga'],,23 min.,R+ - Mild Nudity,6.33,#8074,#3388,"47,988",35,20596,Bundled with the limited edition sixth manga volume.,"['Adaptation (Manga) Boku no Kanojo ga Majimesugiru Shojo Bitch na Ken', '']",Boku no Kanojo ga Majimesugiru Sho-bitch na Ken OVA,,,"['Comedy', 'Romance', 'Ecchi']",['School'],"My Girlfriend is a Faithful Virgin Bitch, Boku no Kanojo ga Majimesugiru Shojo Bitch na Ken, My Girlfriend is Shobitch OVA",,,,
212,小女ラムネ,,['OVA'],Unknown,Currently Airing,"Oct 7, 2016 to ?",,,['Mary Jane'],"None found,",['New Generation'],Visual novel,['Hentai'],19 min.,Rx - Hentai,6.75,N/A,#3796,"39,187",605,19918,"Kiyoshi Tachikawa runs a candy store located in a small town on the outskirts of Tokyo. He had quit his previous job to get away from the commotion of a major city and now enjoys his days surrounded by little girls. Kiyoshi's shop is regularly visited by three girls in particular: Chie Sayama, Tenka Adachi, and Komako Semenovich. Due to his friendly and easygoing demeanor, the not-so-innocent girls quickly take to Kiyoshi, seeking his attention and help with their problems. They soon develop romantic feelings toward him and gladly leave their bodies in his care, passing time in his house by indulging in sexual pleasures. [Written by MAL Rewrite]",[],Shoujo Ramune,,,,,,,,,
213,OVAようこそ！スケベエルフの森へ,,['OVA'],4,Finished Airing,"Feb 2, 2018 to Aug 7, 2020",,,['Lune-Pictures'],"None found,",['T-Rex'],Visual novel,,16 min. per ep.,Rx - Hentai,7.60,N/A,#4352,"29,391",405,13046,"Alfheim, a world of elves where women only exist. The world Shrine, the source of all the elves' magical power, has started to fade and the race was in danger of extinction. Then there is a prophecy that a man from another world is destined to be the savior of the elven race. And it was not too long the hero is now brought to the world of Elves... The elves ruled they must survive by child-making with the hero. But many of the other elves refused this vulgar decision and so the elves divided into groups: Those who disdain child-making with a man and those who choose to accept the fact. But those who accepted have discovered something: It turns out if they have sex with the hero and acquire semen into their bodies, their magic powers increases. So they proceed to milk him dry... (Source: DLsite)","['Adaptation (Light Novel) Youkoso! Sukebe Elf no Mori e', '']",Youkoso! Sukebe Elf no Mori e,,,"['Fantasy', 'Hentai']",['Harem'],Welcome! To The Forest of Lewd Elves,,,,
214,DAYS東院学園戦！,,['OVA'],3,Finished Airing,"Mar 16, 2018 to Jul 17, 2018",,,"None found,","None found,",['MAPPA'],['Manga'],['Sports'],26 min. per ep.,PG-13 - Teens 13 or older,7.44,#2186,#4692,"24,842",47,7644,Sequel to DAYS. The final match against Touyin Gakuin for National High School Soccer Tournament Tokyo Preliminary. (Source: MAL News),"['Prequel (TV) Days', 'Adaptation (Manga) Days']",Days: Touin Gakuen-sen!,,,,,,,['Shounen'],"['School', 'Team Sports']",
215,リアルエロゲシチュエーション! THE ANIMATION,Real Erogame Situation!,['OVA'],2,Finished Airing,"Jan 26, 2018 to Aug 31, 2018",,,['Pink Pineapple'],"None found,",['Seven'],Visual novel,['Hentai'],27 min. per ep.,Rx - Hentai,7.21,N/A,#5656,"15,491",96,5905,No synopsis information has been added to this title. Help improve our database by adding a synopsis here.,"['Sequel (OVA) Real Eroge Situation! 2 The Animation', '']",Real Eroge Situation! The Animation,,,,,,,,,
216,レジデンス,,['OVA'],3,Finished Airing,"May 12, 2017 to Jan 12, 2018",,,"['EDGE', 'Cloud22']","None found,","[""Ryuu M's""]",['Manga'],,18 min. per ep.,Rx - Hentai,6.83,N/A,#6431,"11,213",98,4619,"The series takes place at a special mansion that transforms all who enter into beautiful women. After hearing rumors of a treasure within its walls, a man enters...","['Adaptation (Manga) Residence: Yuganda Negai de Shoujo ni Kawaru', '']",Residence,,,"['Supernatural', 'Hentai']",,,,,,
217,Cherry＆GAL’s↑↑,,['OVA'],2,Finished Airing,"Feb 9, 2018 to Mar 9, 2018",,,['EDGE'],"None found,",['BreakBottle'],['Manga'],['Hentai'],16 min. per ep.,Rx - Hentai,6.41,N/A,#6515,"10,910",41,4888,"A story about a girl that can't socialize with her group because they only talk about sex. After seeing how she feels, her friend tries to help her by letting her have sex with her younger brother, so that she knows what the experience is like and can participate in the conversations of the group. [Written by manodoshentais]","[""Adaptation (Manga) Cherry & Gal's↑↑"", '']",Cherry & Gal's↑↑,,,,,,,,,
218,ねぇ、…しよ♥,,['OVA'],2,Finished Airing,"Feb 2, 2018 to Apr 6, 2018",,,"['Queen Bee', 'Mediabank']","None found,","None found,",['Manga'],['Hentai'],20 min. per ep.,Rx - Hentai,6.62,N/A,#6724,"10,125",43,4196,No synopsis information has been added to this title. Help improve our database by adding a synopsis here.,"['Adaptation (Manga) Nee, ...Shiyo♥', '']","Nee, ...Shiyo♥",,,,,"Hey, ... Let's do it♥",,,,
219,なりゆき→パパ活GIRLS!! THE ANIMATION,,['OVA'],2,Finished Airing,"Feb 23, 2018 to Jun 29, 2018",,,['Pink Pineapple'],"None found,",['T-Rex'],Visual novel,['Hentai'],23 min. per ep.,Rx - Hentai,6.80,N/A,#7362,"8,094",28,2975,"Two high school girls, Chihiro and Eri, were chatting at a hamburger shop after school. As they were talking, Chihiro slowly changed the topic. ""Actually, I want to ask you something... no, I want you to listen to my troubles."" Chihiro told Eri that sex with her boyfriend is no good, and asked if there is a way to make it better. The experienced prostitute Eri then started talking about her sex experiences and how good it is. ""Right, the customer I had last time was a huge jackpot! I can't even remember how many times he made me cum! So, would you like to go and watch us?"" At first, Chihiro refused the idea, but since she was definitely curious, she finally gave in and said she would just watch them. (Source: VNDB)",[],Nariyuki→Papakatsu Girls!! The Animation,,,,,,,,,
220,エンコ―J●ビッチギャル オジサンとなまパコ性活,,['OVA'],2,Finished Airing,"Feb 9, 2018 to Mar 9, 2018",,,['EDGE'],"None found,",['T-Rex'],Visual novel,['Hentai'],15 min. per ep.,Rx - Hentai,6.85,N/A,#7373,"8,048",15,3053,"An ordinary salary man lives a high paid but empty life, so he uses his money to fulfill his needs with some school girls at Bitch Gals. (Source: AniDB, edited)","['Adaptation (Light Novel) Enkou JK Bitch Gal: Ojisan to Namapako Seikatsu', '']",Enkou JK Bitch Gal: Ojisan to Namapako Seikatsu,,,,,Enkou JK Bitch Gyaru: Oji-san to Nama Pako Seikatsu,,,,
221,Jewelry THE ANIMATION,Jewelry The Animation,['OVA'],1,Finished Airing,"Jan 5, 2018",,,"['MS Pictures', 'BOOTLEG']",['Kitty Media'],['Studio 1st'],['Manga'],['Hentai'],16 min.,Rx - Hentai,6.63,N/A,#7573,"7,513",21,3548,Based on the adult doujinshi manga of the same name.,"['Adaptation (Doujinshi) Jewelry', '']",Jewelry The Animation,,,,,,,,,
222,ドSなマイナ会長サマがMノートに支配されました。,,['OVA'],4,Finished Airing,"Jan 26, 2018 to Sep 28, 2018",,,"None found,","None found,",['PoRO'],['Light novel'],['Hentai'],22 min. per ep.,Rx - Hentai,6.48,N/A,#7763,"7,076",17,2351,No synopsis information has been added to this title. Help improve our database by adding a synopsis here.,"['Adaptation (Light Novel) Do S na Seitokaichou-sama ga M Note ni Shihai Saremashita.', '']",Do S na Seitokaichou-sama ga M Note ni Shihai Saremashita.,,,,['School'],Do S na Maina Kaichou-sama ga M Note ni Shihai Saremashita,,,,
223,フリフレ2,,['OVA'],4,Finished Airing,"Feb 23, 2018 to Sep 28, 2018",,,"None found,","None found,",['PoRO'],Visual novel,['Hentai'],24 min. per ep.,Rx - Hentai,6.51,N/A,#8106,"6,358",7,2054,"When her mother passes away suddenly, Shinozaki Sumire finds herself alone and without a means to support herself. Out of desperation she turns to the message board Free Friends to earn some money. She develops a relationship with her first partner, Kaito, without realizing that they're much more than strangers... Kaito, the newest student teacher at Minatohashi Higashi Academy, has a vice. Unable and unwilling to form meaningful, intimate relationships with other people, he instead satiates his need for intimacy through compensated dating. In order to feed this habit, he uses a message board known as Free Friends. Through its services, he can make the necessary arrangements and appointments with the various girls who also use the site, mainly students running away from home or simply in need of extra income. His troubles trace back to a deeply seated complex: a hollow, yearning feeling brought on by the thought and sight of violets. Violets, or ""Sumire"", remind him of the sister he'd been separated from during their childhood when their parents had divorced. Only by losing himself in a woman's body can he rid himself of those clinging, nostalgic feelings. Right before the school year begins, the mere reminder of the academy's famed violet flowerbeds (despite them not even being in bloom at the time) is enough to drive Kaito to Free Friends. A seemingly routine exchange leaves him completely unprepared for the girl waiting for him: an absolutely stunning beauty by the pseudonym of ""Sumi"". A few days later, he discovers that ""Sumi"" is not only a student at the exact same school he teaches at, but that her classmates call her ""Sumire"". Incredulous, Kaito checks the school rosters. Surely it's not the same Sumire he knows; surely it's just another girl with the same given name? But as if setting him up for the universe's biggest punchline, the only Sumire at the school is none other than his very own Shinozaki Sumire, the sister his mother had taken away from him. Kaito's dreams of one day reuniting with his sister have in fact already been realized... just not in a way that he ever could have imagined. (Source: VNDB)","['Prequel (OVA) Furifure The Animation', 'Adaptation (Light Novel) Furifure: Chakushin Ari - Ecchi Tokidoki Koi.']",Furifure 2,,,,,,,,,
224,催眠☆学園,,['OVA'],4,Finished Airing,"Mar 30, 2018 to Oct 26, 2018",,,"None found,","None found,",['PoRO'],['Light novel'],['Hentai'],24 min. per ep.,Rx - Hentai,6.22,N/A,#8212,"6,156",14,1954,No synopsis information has been added to this title. Help improve our database by adding a synopsis here.,"['Adaptation (Light Novel) Saimin☆Gakuen', '']",Saimin☆Gakuen,,,,,Saimin Gakuen (2018),,,,
225,妻ネトリ 凌辱輪廻,Wife Stealing: Endless Indecency,['OVA'],1,Finished Airing,"Mar 16, 2018",,,['ZIZ Entertainment (ZIZ)'],"None found,",['Teatro Nishi Tokyo Studio'],Visual novel,['Hentai'],29 min.,Rx - Hentai,6.49,N/A,#8291,"6,035",56,2446,"A high school P.E. teacher catches the eye of a man with unique tastes. Once he finds a way to control her, what will she do to protect her family?","['Sequel (OVA) Tsuma Netori: Ikumi to Shizuka', '']",Tsuma Netori: Ryoujoku Rinne,,,,,,,,,
226,ぷちます! -PETIT IDOLM@STER-,,['OVA'],2,Finished Airing,"Mar 26, 2018 to Nov 26, 2018",,,"None found,","None found,","None found,",['4-koma manga'],,11 min. per ep.,G - All Ages,6.10,#9392,#13379,"1,267",0,239,An OVAs bundled with the 10 & 11th limited edition volumes of the manga.,"['Adaptation (Manga) Puchimas!: Petit iDOLM@STER', '']",Puchimas!: Petit iDOLM@STER (OVA),,,"['Comedy', 'Slice of Life']",,,,['Seinen'],"['Idols (Female)', 'Music', 'Parody']",
227,地球との約束,,['OVA'],1,Finished Airing,"Mar 14, 2018",,,"None found,","None found,",['Tezuka Productions'],Original,,Unknown,G - All Ages,[],#17298,#20407,263,0,,"An educational anime part of the ""Save our mother earth"" project made to raise the awareness about global warming.",[],Chikyuu to no Yakusoku,,,,,,,['Kids'],,
228,さよならの朝に約束の花をかざろう,Maquia: When the Promised Flower Blooms,['Movie'],1,Finished Airing,"Feb 24, 2018",,,"['Bandai Visual', 'Lantis', 'Rakuonsha', 'Showgate', 'Hakuhodo DY Music & Pictures', 'Cygames']",['Eleven Arts'],['P.A. Works'],Original,,1 hr. 54 min.,PG-13 - Teens 13 or older,8.39,#204,#521,"461,149","8,095",202972,"Maquia is a member of a special race called the Iorph—mystical beings who can live for hundreds of years and remain separate from the lives and daily troubles of mankind. However, Maquia has always felt lonely despite being surrounded by her people, as she was orphaned from a young age. She daydreams about the outside world, but dares not travel from her home due to the warnings of the clan's chief. One day however, the outside world finds her, as the power-hungry kingdom of Mezarte invades her homeland. They already have what is left of the giant dragons, the Renato, under their control, and now their king wishes to add the immortality of the Iorph to his bloodline. The humans and their Renato ravage the Iorph homeland and kill most of its inhabitants. Caught in the midst of the attack, Maquia is carried off by one of the Renato that has gone berserk. It soon dies, and she is left deserted in a forest far from home, now truly alone save for the cries of a single baby off in the distance. Maquia finds the baby in a destroyed village and decides to raise him as her own, naming him Ariel. Although she knows nothing of the human world, how to raise a child that ages much faster than her, or how to live with the smoldering loneliness inside, she is determined to make it all work somehow. [Written by MAL Rewrite]","['Adaptation (Manga) Sayonara no Asa ni Yakusoku no Hana wo Kazarou', '']",Sayonara no Asa ni Yakusoku no Hana wo Kazarou,Maquia: Eine Unsterbliche Liebesgeschichte,Maquia: Una Historia de Amor Inmortal,"['Drama', 'Fantasy']",,"Let's Decorate the Promised Flowers in the Morning of Farewells, SayoAsa",Maquia: When the Promised Flower Blooms,,,
229,文豪ストレイドッグス DEAD APPLE,Bungo Stray Dogs: Dead Apple,['Movie'],1,Finished Airing,"Mar 3, 2018",,,"['WOWOW', 'Lantis', 'Movic', 'KlockWorx', 'Bandai Namco Live Creative', 'Sony Music Communications', 'Glovision', 'Kadokawa Media House', 'Kadokawa', 'Bandai Namco Arts']",['Crunchyroll'],['Bones'],['Manga'],,1 hr. 30 min.,R - 17+ (violence & profanity),7.91,#798,#883,"297,220","1,917",168251,"A large-scale catastrophe is occurring across the planet. Ability users are discovered after the appearance of a mysterious fog, apparently having committed suicide, so the Armed Detective Agency sets out to investigate these mysterious deaths. The case seems to involve an unknown ability user referred to as ""Collector,"" a man who could be the mastermind behind the incident. Trust and courage are put to the test in order to save the city of Yokohama and ability users across the world from the grip of Collector where the Armed Detective Agency forms an unlikely partnership with the dangerous Port Mafia. [Written by MAL Rewrite]","['Adaptation (Manga) Bungou Stray Dogs: Dead Apple', '']",Bungou Stray Dogs: Dead Apple,Bungo Stray Dogs: Dead Apple,,"['Action', 'Mystery']",,,,['Seinen'],"['Adult Cast', 'Detective', 'Organized Crime', 'Super Power']",
230,映画 中二病でも恋がしたい！-Take On Me-,"Love, Chunibyo & Other Delusions!: Take On Me",['Movie'],1,Finished Airing,"Jan 6, 2018",,,"['Lantis', 'Pony Canyon', 'TBS']",['Sentai Filmworks'],['Kyoto Animation'],['Light novel'],,1 hr. 33 min.,PG-13 - Teens 13 or older,8.10,#520,#904,"285,669","1,651",153827,"Although already a third-year high school student, Rikka Takanashi remains a chuunibyou—a ""disease"" that causes people to fantasize about themselves and their surroundings. Her relationship with Yuuta Togashi has also gone unchanged for the past six months, and with entrance exams right around the corner, both of them strive to enroll at the same college. However, Tooka—Rikka's elder sister—decides to take Rikka to Italy as she has found a stable job there. This unforeseen turn of events causes a commotion between the couple as neither of them want to be separated from each other. Desperate for ideas, they seek assistance from their friends, and after a brief conversation, they come up with a plan—to elope. Chuunibyou demo Koi ga Shitai! Movie: Take On Me is a sensational drama featuring the couple—Yuuta and Rikka—as they journey across Japan. The two attempt to prevent Rikka from being taken to Italy, but will they be able to succeed in doing so? [Written by MAL Rewrite]","['Prequel (TV) Chuunibyou demo Koi ga Shitai! Ren', '']",Chuunibyou demo Koi ga Shitai! Movie: Take On Me,"Love, Chunibyo & Other Delusions! Take On Me",,"['Comedy', 'Drama', 'Romance']",['School'],Eiga Chuunibyou demo Koi ga Shitai! Take On Me,,,,
231,コードギアス 反逆のルルーシュⅡ 叛道,Code Geass: Lelouch of the Rebellion II - Transgression,['Movie'],1,Finished Airing,"Feb 10, 2018",,,"None found,",['Funimation'],['Sunrise'],Original,,2 hr. 12 min.,R - 17+ (violence & profanity),7.65,#1413,#2564,"79,245",115,30560,"Having achieved miraculous victories in a series of battles against the Britannian Army, Lelouch Lamperouge has brought the Black Knights, his paramilitary organization, to a more powerful state than ever before. Nothing seems impossible for him when he utilizes his military strength, intellect, and Geass power of absolute obedience. However, obstacles in the face of the uprising never cease, putting Lelouch in a difficult predicament. Most worryingly, Suzaku Kururugi's combat prowess and the appearance of a mysterious child named V.V. threaten to put an end to Lelouch's great rebellion. [Written by MAL Rewrite]","['Prequel (Movie) Code Geass: Hangyaku no Lelouch I - Koudou', 'Sequel (Movie) Code Geass: Hangyaku no Lelouch III - Oudou']",Code Geass: Hangyaku no Lelouch II - Handou,,,"['Action', 'Sci-Fi']",,Code Geass: Lelouch of the Rebellion - Rebellion,,,"['Mecha', 'Military', 'School', 'Super Power']",
232,劇場版 進撃の巨人 Season2〜覚醒の咆哮〜,Attack on Titan: The Roar of Awakening,['Movie'],1,Finished Airing,"Jan 13, 2018",,,"['Production I.G', 'Dentsu', 'Mainichi Broadcasting System', 'Pony Canyon', 'Kodansha', 'Pony Canyon Enterprises']",['Funimation'],['Wit Studio'],['Manga'],,2 hr.,R - 17+ (violence & profanity),7.92,#788,#2611,"77,053",96,24964,"Eren Yeager and others of the 104th Training Corps have just begun to become full members of the Survey Corps. As they ready themselves to face the Titans once again, their preparations are interrupted by the invasion of Wall Rose—but all is not as it seems as more mysteries are unraveled. As the Survey Corps races to save the wall, they uncover more about the invading Titans and the dark secrets of their own members. [Written by MAL Rewrite]","['Prequel (Movie) Shingeki no Kyojin Movie 2: Jiyuu no Tsubasa', '']",Shingeki no Kyojin Season 2 Movie: Kakusei no Houkou,Attack on Titan Film Teil 3: Gebrüll des Erwachens,Ataque a los Titanes Temporada 2. La Película: El Rugido del Despertar,"['Action', 'Drama', 'Suspense']",,Attack on Titan Season 2 Movie: The Roar of Awakening,L'Attaque des Titans Saison 2 - Film 3: Le Rugissement de l'Éveil,['Shounen'],"['Gore', 'Survival']",
233,映画 中二病でも恋がしたい! -Take On Me-週替わりショートムービー「こたつ DE フォトセッション」,"Love, Chunibyou and Other Delusions!: Take On Me Weekly Short Movies",['Movie'],3,Finished Airing,"Jan 6, 2018",,,"None found,","None found,",['Kyoto Animation'],['Light novel'],['Comedy'],5 min. per ep.,G - All Ages,6.62,#6384,#5524,"16,546",18,5979,Short theater manners shown before Chuunibyou demo Koi ga Shitai! Movie: Take On Me.,[],"Chuunibyou demo Koi ga Shitai! Movie: Take On Me - Weekly Short Movie ""Kotatsu DE Photo Session""",,,,,,,,,
234,劇場版マクロスΔ 激情のワルキューレ,Macross Delta the Movie: Passionate Walkure,['Movie'],1,Finished Airing,"Feb 9, 2018",,,['Big West'],"None found,",['Satelight'],Original,,1 hr. 59 min.,PG-13 - Teens 13 or older,6.77,#5505,#6502,"10,950",34,3441,The movie recompiles scenes from the Macross Δ television anime with new scenes to tell a different story. (Source: AniDB),"['Sequel (Movie) Macross Δ Movie 2: Zettai Live!!!', '']",Macross Δ Movie: Gekijou no Walküre,,,"['Action', 'Sci-Fi']",,Macross Delta Movie,,,"['Mecha', 'Military', 'Music', 'Space']",
235,劇場版 マジンガーZ ／INFINITY,,['Movie'],1,Finished Airing,"Jan 13, 2018",,,"['Dynamic Planning', 'Warner Music Japan']","['VIZ Media', 'NYAV Post']",['Toei Animation'],['Manga'],,1 hr. 34 min.,PG-13 - Teens 13 or older,6.91,#4764,#6882,"9,543",29,4306,"Ten years ago, the villainous scientist Dr. Hell led his wicked followers, known as the Underground Empire, in a struggle to destroy all of humanity. It was against these forces that the young hero Kouji Kabuto fought, piloting the legendary super robot ""Mazinger Z."" Kouji's victory stopped Dr. Hell's evil plan and returned peace to the Earth. Now Kouji has left the pilot seat behind and become a scientist in his own right, following in his father's and grandfather's footsteps. Yet an unexpected encounter deep under Mt. Fuji triggers an even greater threat to mankind than ever before and alters Kouji's destiny forever. With humanity's fate in their hands, Kouji and Mazinger Z face a choice between good... and evil. (Source: VIZ Media)","['Prequel (TV) Great Mazinger', 'Adaptation (Manga) Mazinger Z']",Mazinger Z Movie: Infinity,Mazinger Z: Infinity,Mazinger Z Infinity,"['Action', 'Comedy', 'Sci-Fi']",,Gekijouban Mazinger Z: Infinity,Mazinger Z: Infinity,['Shounen'],"['Mecha', 'Super Power']",
236,フルメタル・パニック！イントゥ・ザ・ブルー,,['Movie'],1,Finished Airing,"Jan 20, 2018",,,"None found,","None found,",['Gonzo'],['Light novel'],,2 hr.,R - 17+ (violence & profanity),7.04,#4197,#7366,"8,076",6,1560,"Shikidouji, the illustrator of Shoji Gatoh's Full Metal Panic! light novel series, revealed that production has been green-lit on a ""director's cut"" version of the first Full Metal Panic!! television anime series from 2002. The director's cut will consist of three films. The announcement does not state if the film trilogy will add new footage. (Source: ANN)","['Prequel (Movie) Full Metal Panic! Movie 2: One Night Stand', 'Adaptation (Manga) Full Metal Panic!', 'Adaptation (Manga) Full Metal Panic! Sigma', 'Adaptation (Light Novel) Full Metal Panic! Tanpenshuu']",Full Metal Panic! Movie 3: Into the Blue,,,"['Action', 'Comedy', 'Sci-Fi']",,FMP,,,"['Mecha', 'Military']",
237,フルメタル・パニック！ワン・ナイト・スタンド,,['Movie'],1,Finished Airing,"Jan 13, 2018",,,"None found,","None found,",['Gonzo'],['Light novel'],,1 hr. 25 min.,R - 17+ (violence & profanity),7.01,#4355,#7369,"8,062",6,1597,"Shikidouji, the illustrator of Shoji Gatoh's Full Metal Panic! light novel series, revealed that production has been green-lit on a ""director's cut"" version of the first Full Metal Panic!! television anime series from 2002. The director's cut will consist of three films. The announcement does not state if the film trilogy will add new footage. (Source: ANN)","['Prequel (Movie) Full Metal Panic! Movie 1: Boy Meets Girl', 'Sequel (Movie) Full Metal Panic! Movie 3: Into the Blue', 'Adaptation (Manga) Full Metal Panic!', 'Adaptation (Manga) Full Metal Panic! Sigma']",Full Metal Panic! Movie 2: One Night Stand,,,"['Action', 'Comedy', 'Sci-Fi']",,FMP,,,"['Mecha', 'Military']",
238,映画 ドラえもん のび太の宝島,Doraemon the Movie 2018: Nobita's Treasure Island,['Movie'],1,Finished Airing,"Mar 3, 2018",,,"['TV Asahi', 'Shogakukan-Shueisha Productions', 'Asatsu DK', 'TOHO', 'Fujiko F. Fujio Pro', 'Shogakukan']","None found,",['Shin-Ei Animation'],['Manga'],,1 hr. 49 min.,PG - Children,7.36,#2545,#7697,"7,232",9,4183,"Doraemon: Nobita no Takarajima takes the well-known characters to the Caribbean Sea; Nobita is the captain of a ship and fights against his enemies. Shizuka is kidnapped and a storm prevents her persecution. When the adventurers finally find the mysterious Treasure Island, where they have taken Shizuka, they discover that it is something more than a common island. (Source: Official Website)",[],Doraemon Movie 38: Nobita no Takarajima,,,"['Adventure', 'Fantasy']",,,,['Kids'],,
239,Midnight Crazy Trail,,['Movie'],1,Finished Airing,"Mar 10, 2018",,,"None found,","None found,",['Picona'],Original,,23 min.,PG-13 - Teens 13 or older,5.30,#12703,#8474,"5,754",3,275,"Shout and Crunchy are ""trash throw away-ers"" who work in the dead of night. Makina is a 16-year-old witch who has come to the world of humans and to London to study for one year about how to become a proper bride. But Makina searches for Shout and Crunchy, and begs them to throw away her ""Witch's Book."" Truthfully, Makina wants to quit being a witch and become a normal girl, and the book is just a hindrance. But the book is not something one can simply just throw away. (Source: ANN)",[],Midnight Crazy Trail,,,,,"Wakate Animator Ikusei Project, 2018 Young Animator Training Project, Anime Tamago",,,,
240,映画プリキュアスーパースターズ!,,['Movie'],1,Finished Airing,"Mar 17, 2018",,,"None found,","None found,",['Toei Animation'],Original,['Action'],1 hr. 10 min.,G - All Ages,6.90,#4840,#9567,"4,053",6,1461,No synopsis information has been added to this title. Help improve our database by adding a synopsis here.,[],Precure Super Stars! Movie,,,,['Mahou Shoujo'],Eiga Precure Super Stars!,,,,
241,毛虫のボロ,Boro the Caterpillar,['Movie'],1,Finished Airing,"Mar 21, 2018",,,"None found,","None found,",['Studio Ghibli'],Original,,14 min.,G - All Ages,6.65,#6204,#9620,"3,993",3,738,"To humans, Boro the caterpillar's world is small; but as he takes his first steps in life, the trials he comes to face are enormous. From hungry predators to unforgiving weather, he must overcome these obstacles by himself on his great journey through the untamed wilderness of suburban Japan. [Written by MAL Rewrite]",[],Kemushi no Boro,,,,,Caterpillar of Rags,,['Kids'],,
242,スターシップ・トゥルーパーズ レッドプラネット,Starship Troopers: Traitor of Mars,['Movie'],1,Finished Airing,"Feb 10, 2018",,,"['Lucent Pictures Entertainment', 'Kadokawa', 'Sony Pictures Worldwide Acquisitions']","None found,",['Sola Digital Arts'],Original,,1 hr. 40 min.,R - 17+ (violence & profanity),6.49,#7139,#10271,"3,241",2,1566,"After the events of Invasion, Johnny Rico has been demoted to the rank of colonel and relocated to a Martian satellite to train a new batch of troopers. Unfortunately, these troopers are some of the worst low-performing Rico has ever trained as they're Martians and don't take the war seriously. Mars overall has low support for the war as they see their planet unaffected by the bug conflict and even suggested pulling out from the war. Because of their laid back attitude, the denizens of Mars wasn't ready when the bugs attacked. Unknown to everyone, Sky Marshall Amy Snapp executes her plans for power. (Source: Wikipedia)","['Prequel (Movie) Starship Troopers: Invasion', '']",Starship Troopers: Red Planet,Starship Troopers: Traitor of Mars,,"['Action', 'Sci-Fi']",['Military'],Starship Troopers: Kasei no Uragirimono,Starship Troopers: Traitor of Mars,,,
243,劇場版 Infini-T Force/ガッチャマン さらば友よ,"Infini-T Force: Farewell, Friend",['Movie'],1,Finished Airing,"Feb 24, 2018",,,"['Yomiuri Telecasting', 'Shochiku', 'HoriPro', 'Pony Canyon', 'Digital Frontier', 'Bushiroad', 'Nippon Television Network', 'bilibili', 'Nippon Television Music', 'Hulu', 'Kadokawa', 'Sapporo Television Broadcasting', 'Miyagi Television Broadcasting', 'Shizuoka Daiichi Television', 'Chukyo TV Broadcasting', 'Hiroshima Television', 'Fukuoka Broadcasting System']",['VIZ Media'],['Tatsunoko Production'],['Manga'],,1 hr. 30 min.,None,6.21,#8778,#11591,"2,202",1,366,"The ultimate spacetime travelers are back and facing down an unthinkable danger! In an eerily parallel Shibuya, Gatchaman stares down his own death and encounters his former mentor, Dr. Nambu. Luckily he has some backup from the legendary Joe the Condor. (Source: Amazon)",[],Infini-T Force Movie: Gatchaman - Saraba Tomo yo,,,"['Action', 'Sci-Fi']",['Super Power'],"Gekijouban Infini-T Force, Infini-T Force: Farewell Gatchaman My Friend",,['Seinen'],,
244,劇場版ときめきレストラン☆☆☆ MIRACLE６,,['Movie'],1,Finished Airing,"Feb 10, 2018",,,"None found,","None found,",['Production I.G'],Visual novel,['Romance'],56 min.,PG-13 - Teens 13 or older,5.41,#12389,#11756,"2,092",5,153,No synopsis information has been added to this title. Help improve our database by adding a synopsis here.,[],Tokimeki Restaurant☆☆☆  MIRACLE6 Movie,,,,,Gekijouban Tokimeki Restaurant ☆☆☆ MIRACLE6,,,"['Idols (Male)', 'Music']",
245,劇場版 ひらがな男子 ～序～,,['Movie'],1,Finished Airing,"Mar 16, 2018",,,"None found,","None found,","None found,",Mixed media,,57 min.,PG-13 - Teens 13 or older,[],#18586,#11927,"1,986",1,,"Hiragana Danshi are in the mission to try to find their comrades in the world where Japanese languages have been disappeared. This is a movie adaptation of the Hiragana Danshi multimedia project which is one of the projects that started from a monthly variety show on Nihon TV titled ""Ichara,"" which gets ideas for 2D characters from the audience.",[],Hiragana Danshi,,,,['Music'],Gekijouban Hiragana Danshi: Jo,,,,
246,TIME DRIVER 僕らが描いた未来,,['Movie'],1,Finished Airing,"Mar 10, 2018",,,"None found,","None found,","['Robot Communications', 'Imagica Imageworks']",Original,,23 min.,G - All Ages,5.99,#9963,#12999,"1,408",0,246,Part of Anime Tamago 2018.,[],Time Driver: Bokura ga Kaita Mirai,,,,,"Wakate Animator Ikusei Project, 2018 Young Animator Training Project, Anime Tamago",,,,
247,大世界,Have a Nice Day,['Movie'],1,Finished Airing,"Jan 12, 2018",,,"['Beijing Enlight Pictures', 'Horgos Coloroom Pictures Co., Ltd.']","None found,",['Le-joy Animation Studio'],Original,['Suspense'],1 hr. 17 min.,R - 17+ (violence & profanity),5.97,#10040,#14068,"1,058",0,229,"A hard rain is about to fall on a small town in Southern China. In a desperate attempt to find money to save his fiancée’s failed plastic surgery, Xiao Zhang, a mere driver, steals a bag containing 1 million from his boss. News of the robbery spreads fast within the town and, over the course of one night, everyone starts looking for Xiao Zhang and his money. (Source: Metacritic)",[],Da Shi Jie,Have a Nice Day,Have a Nice Day,,['Psychological'],"Da Shijie, Dashijie, Hao Ji Le, Haojile, 好极了",Have a Nice Day,,,
248,えんぎもん,,['Movie'],1,Finished Airing,"Mar 10, 2018",,,['Half H.P Studio'],"None found,","['Usagi Ou', 'Studio Nanahoshi']",Original,,24 min.,G - All Ages,5.74,#11215,#15087,793,1,191,"The Engimon who live in the Amanogawa family house, are always watching over Yamato and Himi. One day, Himi chases after a beckoning cat that appeared from somewhere else, and disappears from the house. Yamato is surprised by Haruo and the others who suddenly start to move and together they head to rescue Himi! With the Engimon's profit, will Himi be found? Part of Anime Tamago 2018.",[],Engimon,,,,,"Wakate Animator Ikusei Project, 2018 Young Animator Training Project, Anime Tamago",,,,
249,ドラえもん 宇宙ふしぎ大探検 プラネタリウム 3 〜地球のふしぎ〜,,['Movie'],1,Finished Airing,"Mar 3, 2018",,,"None found,","None found,","None found,",['Manga'],,40 min.,PG - Children,[],#17729,#16122,608,0,,No synopsis information has been added to this title. Help improve our database by adding a synopsis here.,"['Prequel (Movie) Doraemon: Uchuu Fushigi Daitanken Planetarium 2 - Taiyoukei no Himitsu', '']",Doraemon: Uchuu Fushigi Daitanken Planetarium 3 - Ukyuu no Fushigi,,,"['Adventure', 'Comedy', 'Sci-Fi']",['Space'],,,['Kids'],,
250,ミルキーパニック twelve,,['Movie'],1,Finished Airing,"Mar 10, 2018",,,"None found,","None found,",['Tomason'],Original,,30 min.,None,[],#20245,#16744,531,1,,Part of Anime Tamago 2018.,[],Milky Panic: Twelve,,,,,"Wakate Animator Ikusei Project, 2018 Young Animator Training Project, Anime Tamago",,,,
251,モフモフィクション,Fluffiction,['Movie'],1,Finished Airing,"Mar 2, 2018",,,['Geidai Animation'],"None found,","None found,",Original,['Avant Garde'],6 min.,G - All Ages,5.79,#10994,#16878,517,1,241,"A cavalcade of heretofore unheard-of critters, great and small, cute and hirsute. (Source: Fantasia Festival)",[],Mofumofuiction,,,,['Music'],,,,,
252,DREAMLAND,,['Movie'],1,Finished Airing,"Jan 1, 2018",,,"None found,","None found,",['Mirai Film'],Original,['Avant Garde'],5 min.,G - All Ages,5.81,#10891,#17795,434,0,210,"Short animation from Mirai Mizue. Simple rectilinear figures assemble into surprisingly complex ""cities"" that pulse along to Scarlatti Goes Electro's hyperkinetic score. (Source: JAPAN CUTS: Festival of New Japanese Film)",[],Dreamland,,,,['Music'],,,,,
253,반도에 살어리랏다,I'll Just Live In Bando,['Movie'],1,Finished Airing,"Jan 25, 2018",,,"None found,","None found,","None found,",Unknown,['Comedy'],1 hr. 25 min.,G - All Ages,[],#16798,#18064,415,0,,"46-year-old Oh Jun-koo is a downtrodden thespian who hasn't worked in ages. The closest he gets to treading the boards nowadays is teaching drama part-time to unappreciative college students. His home life isn't much better. Wife Mig-yeong is a socially ambitious nagger who's always working late, and son Hyeon-jun is in trouble with police after setting off fireworks on the roof of an apartment block. Just as Mig-yeong starts making noises about moving to a more upmarket neighborhood and sending daughter Hyeon-seo to an expensive school, Oh receives a lucrative acting offer. At virtually the same time Oh is told he's in pole position for a permanent teaching post. Only catch with the latter is it means giving up acting for good. No sooner has Oh sacrificed what he loves for greater financial security than a serious spanner is thrown in the works. He witnesses what appears to be Professor Cho sexually assaulting student Kim Ki-pum. (Source: Variety.com)",[],Bandoe Sareoriratda,,,,['Performing Arts'],,,,,
254,幸福路上,On Happiness Road,['Movie'],1,Finished Airing,"Jan 5, 2018",,,"None found,","None found,","None found,",Original,,1 hr. 50 min.,PG-13 - Teens 13 or older,[],#15817,#17949,424,2,,"Chi earned her American dream after persevering with her studies in Taiwan. Following her grandmothers' death, Chi returns to her family on Happiness Road, where she begins to feel nostalgic about her childhood and starts to contemplate the meaning of ""life"" and ""home"". What is happiness? Will Chi find her own happiness? (Source: Official Site)",[],Xingfu Lushang,,,"['Award Winning', 'Drama']",,,,,,
255,터닝메카드 W 반다인의 비밀 특별판,Turning Mecard W: The Secret of Vandyne - Special Edition,['Movie'],1,Finished Airing,"Feb 8, 2018",,,"None found,","None found,","None found,",Original,['Adventure'],1 hr. 30 min.,PG - Children,[],#15076,#18655,370,0,,"The birth of a powerful mechanic! The Battle of destiny begins again! During peaceful days and friends, Dr. Franklin calls call on Isobel. They must train the new mechanic and take charge of a mission. The mechanics are back and joined by a new, powerful mechanic and are challenged by Vandyne to a sudden battle. (Source: Hancinema)",[],Turning Mecard W: Vandyne-ui Bimil - Teugbyeolpan,,,,,Turning Mecards W: Secret of Vandyne,,['Kids'],"['Mecha', 'Racing', 'Strategy Game']",
256,映画しまじろう まほうのしまの だいぼうけん,,['Movie'],1,Finished Airing,"Mar 9, 2018",,,"None found,","None found,",['The Answer Studio'],Original,,52 min.,G - All Ages,[],#14236,#19122,337,0,,No synopsis information has been added to this title. Help improve our database by adding a synopsis here.,[],Shimajirou no Wow! Movie 6: Mahou no Shima no Daibouken,,,,,,,['Kids'],,
257,クレヨンしんちゃん プラネタリウム版 星空と学校の七不思議だゾ！,,['Movie'],1,Finished Airing,"Jan 16, 2018",,,"None found,","None found,",['D & D Pictures'],['Manga'],,25 min.,G - All Ages,[],#17435,#19345,322,0,,No synopsis information has been added to this title. Help improve our database by adding a synopsis here.,[],Crayon Shin-chan Planetarium-ban: Hoshizora to Gakkou no Nana Fushigi da zo!,,,"['Comedy', 'Horror', 'Sci-Fi']",,,,,"['School', 'Space']",
258,ゴーちゃん. ~モコと氷の上の約束~,Go-chan and Moko Forever Friends on Ice,['Movie'],1,Finished Airing,"Mar 18, 2018",,,['TV Asahi'],"None found,","['SynergySP', 'Shin-Ei Animation']",Original,['Adventure'],51 min.,G - All Ages,[],#18202,#19599,307,0,,No synopsis information has been added to this title. Help improve our database by adding a synopsis here.,"['Prequel (Movie) Gou-chan.: Moko to Chinjuu no Mori no Nakama-tachi', '']",Go-chan.: Moko to Koori no Ue no Yakusoku,,,,,,,['Kids'],,
259,熊出没·变形记,Boonie Bears: The Big Shrink,['Movie'],1,Finished Airing,"Feb 16, 2018",,,"['Horgos Coloroom Pictures Co., Ltd.', 'Fantawild Animation']","None found,","None found,",Original,,1 hr. 30 min.,PG - Children,[],#15864,#20293,269,0,,"Briar and Bramble, the two bear brothers always getting in Vick’s way, are in for a rude awakening. Vick heads out to shrink them out of his life. In the tussle the device is tossed and all three of them are caught in the beam and find themselves looking up at the rest of the world. The tiny team have to get back to the device to reverse the effects but their efforts are intercepted by Vick’s dad. He comes back to apologize to Vick but leaves with the machine when he can’t find him. The three now go on a wild chase through a magnificent world just underneath our feet to not only restore their size, but to restore family. (Source: Official Site)",[],Xiong Chumo: Bian Xing Ji,,,"['Adventure', 'Comedy']",,Bonnie Bears Movie 5,,,,
260,不忠之愛,Infidelity,['Movie'],1,Finished Airing,"Mar 5, 2018",,,"None found,","None found,","None found,",Original,['Drama'],6 min.,PG-13 - Teens 13 or older,5.94,#10207,#20949,232,1,105,"When a man gets himself wives and concubines, it is infidelity to his wife. When a woman runs away with a man, it is infidelity to her husband. When a lover betrays his love, it is infidelity still. What remains is the love of domination. (Source: Goldenhorse)",[],Bu Zhongzhi Ai,,,,,,,,,
261,金龟子,The Ladybug,['Movie'],1,Finished Airing,"Feb 2, 2018",,,"None found,","None found,","None found,",Unknown,['Adventure'],1 hr. 15 min.,PG - Children,[],#19053,#22823,142,2,,"On a quest for insect paradise, a courageous ladybug scales new heights for bug-kind, riding on a jet plane, and descaling a giant lizard. (Source: Letterboxd)",[],Jinguizi,,,,,,,['Kids'],,
262,妈妈咪鸭,Duck Duck Goose,['Movie'],1,Finished Airing,"Mar 9, 2018",,,"None found,","None found,",['Original Force'],Original,,1 hr. 30 min.,G - All Ages,[],#19978,#23715,117,0,,No synopsis information has been added to this title. Help improve our database by adding a synopsis here.,[],Mama Mi Ya,,,"['Adventure', 'Fantasy']",,Mommy Duck,,['Kids'],,
263,拂晓传奇,Aurora,['Movie'],1,Finished Airing,"Jan 4, 2018",,,"None found,","None found,","None found,",Original,,1 hr. 8 min.,PG-13 - Teens 13 or older,[],#18019,#23980,112,0,,No synopsis information has been added to this title. Help improve our database by adding a synopsis here.,[],Fuaxiao Chuanqi,,,"['Mystery', 'Sci-Fi']",,,,,,
264,勇者闯魔城,Brave City,['Movie'],1,Finished Airing,"Mar 16, 2018",,,"None found,","None found,","None found,",Original,,1 hr. 20 min.,G - All Ages,[],#16086,#24781,98,0,,No synopsis information has been added to this title. Help improve our database by adding a synopsis here.,[],Yongzhe Chuang Mo Cheng,,,"['Adventure', 'Comedy', 'Fantasy']",,,,,,
265,雏菊,Daisy,['Movie'],1,Finished Airing,"Mar 18, 2018",,,"None found,","None found,","None found,",Original,['Drama'],9 min.,G - All Ages,[],#17359,#25257,91,1,,"The search for loved ones never ends, even when they are no longer there. (Source: Vimeo)",[],Chuju,,,,,,,['Kids'],,
266,ReLIFE 完結編,ReLIFE: Final Arc,['Special'],4,Finished Airing,"Mar 21, 2018",,,"['comico', 'TMS Music']",['Funimation'],['TMS Entertainment'],['Web manga'],,23 min. per ep.,PG-13 - Teens 13 or older,8.20,#390,#584,"419,606","1,999",249898,"After reliving the life of a high school student through the ReLIFE experiment, 27-year-old Arata Kaizaki cannot believe how quickly it has changed him. He has begun to see the world through a different perspective that he had completely forgotten as an adult. He has made friends and formed deep relationships with each one of them. However his support, Ryou Yoake, reminds him that the experiment is all an illusion; after his experiment ends, he will be forgotten by all of them. The experiment of another ReLIFE subject is also coming to an end. After spending two years with ReLIFE, Chizuru Hishiro has developed into a more open, more thoughtful person than she could have ever imagined. She has met people who have changed her life, her perspective, and ultimately her. However, now that their ReLIFE is coming to an end, will they be able to let go of the memories they have made? [Written by MAL Rewrite]","['Prequel (TV) ReLIFE', 'Adaptation (Manga) ReLIFE']",ReLIFE: Kanketsu-hen,ReLIFE OVAs,ReLIFE OVAS,"['Drama', 'Romance']",['School'],,ReLIFE OVAs,,,
267,モブサイコ100 REIGEN ～知られざる奇跡の霊能力者～,Mob Psycho 100 Reigen: The Miraculous Unknown Psychic,['Special'],1,Finished Airing,"Mar 18, 2018",,,"None found,","['Funimation', 'Crunchyroll']",['Bones'],['Web manga'],,1 hr.,PG-13 - Teens 13 or older,7.39,#2401,#2094,"109,042",161,51602,A summary episode of Mob Psycho 100 which features commentary from Reigen Arataka.,[],Mob Psycho 100: Reigen - Shirarezaru Kiseki no Reinouryokusha,Mob Psycho 100 Reigen: The Miraculous Unknown Psychic,Mob Psycho 100 Reigen Ova: The Miraculous Unknown Psychic,"['Action', 'Comedy', 'Supernatural']",,Mob Psycho 100: Reigen - The Miracle Psychic that Nobody Knows,Mob Psycho 100 Reigen: Le Médium prodige de l’ombre,,,
268,七つの大罪 戒めの復活 -序章-,The Seven Deadly Sins: Revival of The Commandments - Prologue,['Special'],1,Finished Airing,"Jan 6, 2018",,,"None found,","None found,",['A-1 Pictures'],['Manga'],,24 min.,PG-13 - Teens 13 or older,7.22,#3282,#2780,"69,477",114,28282,"An episode recapping Nanatsu no Taizai with additional scenes, aired before the new season in January 2018.","['Sequel (TV) Nanatsu no Taizai: Imashime no Fukkatsu', 'Sequel (TV) Nanatsu no Taizai: Kamigami no Gekirin']",Nanatsu no Taizai: Imashime no Fukkatsu Joshou,,,"['Action', 'Adventure', 'Fantasy']",,Nanatsu no Taizai: Imashime no Fukkatsu 00,,['Shounen'],,
269,ゆるキャン△ スペシャル,Laid-Back Camp Specials,['Special'],3,Finished Airing,"Mar 28, 2018 to Jul 25, 2018",,,"None found,","None found,",['C-Station'],['Manga'],['Slice of Life'],8 min. per ep.,PG-13 - Teens 13 or older,7.57,#1683,#3048,"58,737",91,28212,"When Chiaki Oogaki and Aoi Inuyama start the Outdoor Activities Club at their school, it is only the two of them and an array of ambitious plans. Things do not change much even after a new member—Nadeshiko Kagamihara—joins. And yet, the cheerful, cozy atmosphere seems to bring many curious visitors to their small headquarters. As the three girls set out on a camping trip to Australia alongside their friends Rin Shima and Ena Saitou, an unexpected incident turns the relaxing event into quite an adventure. [Written by MAL Rewrite]",[],Yuru Camp△ Specials,,,,,"Laid-Back Camp, Yurukyan, Yuru Camp△: Heya Camp Episode 0",,,"['CGDCT', 'Iyashikei']",
270,社外秘 リライフ研究所 サポート課,,['Special'],2,Finished Airing,"Mar 21, 2018",,,"None found,","None found,",['TMS Entertainment'],['Web manga'],['Slice of Life'],2 min. per ep.,PG-13 - Teens 13 or older,6.92,#4758,#4593,"26,239",26,10391,Two specials of ReLIFE: Kanketsu-hen released on mobile and later included on Blu-ray/DVD volume.,[],ReLIFE: Kanketsu-hen Specials,,,,,"Shagaihi ReLIFE Kenkyuusho Support-ka, ReLIFE Kanketsu-hen Special Smartphone Anime, Confidential Relife Institute Support Department",,,,
271,劇場版 Fate/kaleid liner プリズマ☆イリヤ 雪下の誓い 黒桜の部屋,Fate/Kaleid Liner Prisma Illya: Vow in the Snow - Dark Sakura's Room,['Special'],1,Finished Airing,"Jan 31, 2018",,,['Kadokawa Shoten'],"None found,",['SILVER LINK.'],['Manga'],['Comedy'],6 min.,PG-13 - Teens 13 or older,6.70,#5923,#4878,"22,626",7,7856,Included with the limited edition BD of Fate/kaleid liner Prisma☆Illya Movie: Sekka no Chikai.,[],Fate/kaleid liner Prisma☆Illya Movie: Sekka no Chikai - Kuro Sakura no Heya,,,,,Fate/kaleid liner Prisma☆Illya Movie: Oath Under Snow Special,,,,
272,ソードアート・オンライン　フェイタル・バレット -The Third Episode-,Sword Art Online Fatal Bullet: The Third Episode,['TV Special'],1,Finished Airing,"Mar 20, 2018",,,['Bandai Namco Entertainment'],"None found,","None found,",Game,,3 min.,PG-13 - Teens 13 or older,6.28,#8399,#5194,"19,495",52,6000,"The short follows a boy looking for a girl he met in the Gun Gale Online game. The boy believes they have a connection, but to the girl their connection is part of a fantasy. The time to test whether their bond is real or fantasy will come. (Source: ANN)",[],Sword Art Online Fatal Bullet: The Third Episode,,,,['Video Game'],,,,,
273,新妹魔王の契約者 DEPARTURES 万理亜の秘蔵映像,The Testament of Sister New Devil Departures: Maria's Secret Video,['Special'],1,Finished Airing,"Mar 28, 2018",,,"None found,","None found,","None found,",['Light novel'],,6 min.,R+ - Mild Nudity,6.75,#5626,#5242,"19,022",17,6120,A special included on the Blu-ray/DVD volume. Super deformed versions of Mio and Maria narrate Basara's various erotic encounters.,"['Prequel (Special) Shinmai Maou no Testament Burst Specials', 'Adaptation (Manga) Shinmai Maou no Testament', 'Adaptation (Manga) Shinmai Maou no Testament: Arashi!', 'Adaptation (Light Novel) Shinmai Maou no Testament']",Shinmai Maou no Testament Departures: Maria no Hizou Eizou,,,"['Fantasy', 'Ecchi']",['Harem'],,,,,
274,妹さえいればいい。,,['Special'],2,Finished Airing,"Jan 26, 2018 to Mar 23, 2018",,,"None found,","None found,",['SILVER LINK.'],['Light novel'],['Comedy'],2 min. per ep.,PG-13 - Teens 13 or older,6.50,#7088,#5764,"14,849",10,4580,Two additional episodes of Imouto sae Ireba Ii. (ONA) released exclusively on the BD/DVD volumes.,"['Prequel (ONA) Imouto sae Ireba Ii. (ONA)', '']",Imouto sae Ireba Ii. (ONA) Specials,,,,,,,,,
275,BEATLESS Intermission,,['TV Special'],4,Finished Airing,"Feb 17, 2018 to Jun 2, 2018",,,"None found,","None found,",['Diomedéa'],Novel,,24 min. per ep.,PG-13 - Teens 13 or older,5.66,#11557,#6084,"12,847",17,4978,Recap episodes of Beatless.,[],Beatless Intermission,Beatless: Pause 001 - Pause 004,"Sin Latidos: Intermedio 001, intermedio 002, intermedio 003, intermedio 004","['Action', 'Drama', 'Romance', 'Sci-Fi']",,"Beatless Recap, Beatless Episode 5.5, Beatless Episode 9.5, Beatless Episode 14.5, Beatless Episode 16.5",Beatless: Entracte 001 - Entracte 004,,,
276,グランクレスト戦記 追想,Record of Grancrest War Reminiscence,['TV Special'],1,Finished Airing,"Mar 24, 2018",,,"['Aniplex', 'Bandai Namco Entertainment', 'Good Smile Company', 'BS11', 'ABC Animation', 'Kinoshita Group Holdings', 'Kadokawa', 'Cromea', 'Sonilude']",['Aniplex of America'],['A-1 Pictures'],['Light novel'],,23 min.,R - 17+ (violence & profanity),6.57,#6636,#6160,"12,482",9,4733,A recap of major events and notable characters from the first 11 episode of Grancrest Senki.,[],Grancrest Senki: Tsuisou,,,"['Action', 'Drama', 'Fantasy', 'Gourmet']",['Military'],"Grancrest Senki Episode 11.5, Grancrest Senki Recap",,,,
277,クジラの子らは砂上に学ぶ!,,['Special'],2,Finished Airing,"Jan 26, 2018 to Mar 23, 2018",,,"None found,","None found,",['J.C.Staff'],['Manga'],,10 min. per ep.,PG-13 - Teens 13 or older,6.62,#6407,#6587,"10,596",3,1948,Two special episodes set in a school setting. Included with the Blu-ray/DVD volumes of Kujira no Kora wa Sajou ni Utau.,"['Adaptation (Manga) Kujira no Kora wa Sajou ni Manabu!', '']",Kujira no Kora wa Sajou ni Manabu!,,,"['Comedy', 'Drama', 'Fantasy', 'Mystery']",['School'],Kujira no Kora wa Sajou ni Utau Specials,,['Shoujo'],,
278,プリンセス・プリンシパル ピクチャードラマ,,['Special'],6,Finished Airing,"Sep 27, 2017 to Feb 23, 2018",,,"['Bandai Visual', 'Lantis', 'Movic', 'Medicos Entertainment']",['Sentai Filmworks'],"['Actas', 'Studio 3Hz']",Original,['Slice of Life'],3 min. per ep.,PG-13 - Teens 13 or older,6.36,#7939,#7171,"8,649",4,2906,Picture dramas bundled with the Blu-ray and DVD volumes.,[],Princess Principal Picture Drama,,,,,,,,,
279,イナズマイレブン リローデッド ～サッカーの変革へんかく～,,['Special'],1,Finished Airing,"Jan 21, 2018",,,"None found,","None found,",['OLM'],Game,['Sports'],24 min.,G - All Ages,6.99,#4421,#7524,"7,634",7,3667,"Special prologue episode of the Inazuma Eleven: Ares no Tenbin series. It is a remake of the original Inazuma Eleven episode 27. After defeating Zeus and becoming the Football Frontier champions, the members of Raimon return to the soccer club. Unlike episode 27, the club is not invaded by aliens. Instead, everyone congratulates the team members for their remarkable achievements. Kidou Yuuto and Gouenji Shuuya then propose to take on the world. Hibiki Seigou comes in and, incidentially, proposes a match between Raimon and the Spanish youth league champion, Barcelona Orb. (Source: Inazuma Eleven Wiki)","['Sequel (TV) Inazuma Eleven: Ares no Tenbin', 'Adaptation (One-shot) Inazuma Eleven: Reloaded']",Inazuma Eleven: Reloaded - Soccer no Henkaku,,,,,Inazuma Eleven: Reloaded - Reformation of Soccer,,,"['Super Power', 'Team Sports']",
280,プチット・クローバー あどばんす,,['Special'],15,Finished Airing,"Feb 23, 2018 to Jun 25, 2021",,,"None found,","None found,","None found,",['Manga'],['Comedy'],6 min. per ep.,PG-13 - Teens 13 or older,6.53,#6912,#7740,"7,134",16,2113,Petit Clover Specials included in the Black Clover Blu-Ray Volumes.,[],Petit Clover Advance,,,,,"Black Clover Specials, Clover Clips: Supersized",,,,
281,羅天大醮篇 放送直前スペシャル,,['TV Special'],1,Finished Airing,"Jan 10, 2018",,,"None found,","None found,",['Haoliners Animation League'],['Web manga'],,24 min.,R - 17+ (violence & profanity),6.35,#7967,#7814,"6,961",9,2144,Recap of the first season of Yi Ren Zhi Xia that aired a week prior to Japanese broadcast of the second season.,"['Prequel (TV) Yi Ren Zhi Xia', 'Sequel (ONA) Yi Ren Zhi Xia 2']",Yi Ren Zhi Xia Recap,,,"['Action', 'Supernatural']",['Super Power'],"Hitori no Shita: The Outcast Recap, Raten Taishou Hen: Housou Chokuzen Special, Hitori No Shita: Raten Taishou Arc Pre-Broadcast Special",,,,
282,GOD EATER レゾなんとか劇場 #00.「投げられた食パン」,,['Special'],1,Finished Airing,"Mar 24, 2018",,,"['Bandai Namco Entertainment', 'DMM.futureworks', 'Aoni Production']","None found,","['Passione', 'Creators in Pack']",Game,,7 min.,G - All Ages,5.69,#11430,#8310,"5,994",2,1033,"Short anime inspired by the iOS and Android mobile game God Eater Resonant Ops. Introduces the characters through their first day of school. Resonant Ops continues the story of God Eater 2 Rage Burst, which in turn is a sequel to God Eater Burst, and is set 4 years after the latter's story, moving the setting ""at long last"" toward the Fenrir Headquarters in the year 2078.","['Sequel (ONA) God Eater Reso Nantoka Gekijou', '']",God Eater Reso Nantoka Gekijou: Nagerareta Shokupan,,,"['Fantasy', 'Sci-Fi']",,God Eater Reso Nantoka Gekijou: Episode 00,,,"['Military', 'Parody']",
283,大正メビウスライン ちっちゃいさん,,['Special'],1,Finished Airing,"Feb 28, 2018",,,"None found,","None found,",['Studio A-CAT'],Visual novel,['Boys Love'],4 min.,PG-13 - Teens 13 or older,4.84,#13384,#9821,"3,760",2,1195,Special episode of Taishou Mebiusline: Chicchai-san.,"['Prequel (TV) Taishou Mebiusline: Chicchai-san', '']",Taishou Mebiusline: Chicchai-san - You and I,,,,['Historical'],,,,,
284,胎動編 ダイジェスト,,['TV Special'],1,Finished Airing,"Mar 30, 2018",,,"['Square Enix', 'Genco', 'Mainichi Broadcasting System', 'AT-X', 'Glovision', 'Crunchyroll', 'Kadokawa', 'My Theater D.D.']","None found,",['Studio Gokumi'],Original,,23 min.,PG-13 - Teens 13 or older,6.27,#8472,#9872,"3,688",4,1450,A summary of the first 12 episodes of Toji no Miko.,[],Toji no Miko Recap,,,"['Action', 'Fantasy']",['Urban Fantasy'],"Toji no Miko: Taidou-hen Digest, Toji no Miko: Short Version Digest, Toji no Miko Episode 12.5",,,,
285,ガールズ＆パンツァー 最終章 第1話 不肖・秋山優花里の戦車講座,,['Special'],1,Finished Airing,"Mar 23, 2018",,,"None found,","None found,",['Actas'],Original,,15 min.,G - All Ages,6.85,#5112,#10086,"3,442",4,852,"Akiyama Yukari's Tank Course special ""Sensha no Tanjou-hen"" (The Birth of Tanks) included on the DVD/BD releases of the Girls & Panzer: Saishuushou Part 1.",[],Girls & Panzer: Saishuushou Part 1 - Fushou Akiyama Yukari no Sensha Kouza,,,,,Girls und Panzer: Saishuushou Part 1 - Fushou Akiyama Yukari no Sensha Kouza,,,"['CGDCT', 'Educational', 'Military', 'School']",
286,ポプテピピック 【映像特典】,,['Special'],3,Finished Airing,"Feb 28, 2018 to Mar 28, 2018",,,"None found,","None found,",['Kamikaze Douga'],['4-koma manga'],['Comedy'],1 min. per ep.,PG-13 - Teens 13 or older,5.96,#10133,#10885,"2,712",0,800,Specials included in the Blu-ray and DVD releases of Poputepipikku.,[],Poputepipikku Specials,,,,['Parody'],"Pop Team Epic Specials, Poputepipikku Eizou Tokuten",,,,
287,おそ松さん ショートフィルムシリーズ 第2期,,['Special'],4,Finished Airing,"Jan 26, 2018 to Jul 27, 2018",,,['Avex Pictures'],"None found,","None found,",['Manga'],['Comedy'],5 min. per ep.,PG-13 - Teens 13 or older,5.94,#10235,#11276,"2,422",4,380,Shorts included in the Osomatsu-san 2nd Season BD & DVD releases.,"['Prequel (Special) Osomatsu-san Short Film Series', '']",Osomatsu-san Short Film Series 2nd Season,,,,,Mr. Osomatsu Short Film Series 2nd Season,,,"['Gag Humor', 'Parody']",
288,ドラえもん (2005) Specials,,['TV Special'],Unknown,Currently Airing,"Apr 15, 2005 to ?",,,"None found,","None found,",['Shin-Ei Animation'],Unknown,['Comedy'],45 min.,PG - Children,6.80,#5331,#12789,"1,502",5,470,"59 Doraemon (2005) TV Specials exist as of January 24, 2018.",[],Doraemon (2005) Specials,,,,,Doraemon Crayon Shin-chan Haru da! Eiga da! 3-Jikan Anime Matsuri 2,,['Seinen'],,
289,ロボットガールズＺ「復活の地下帝国！？ロボットガールズＺ ｖｓ なぞの三大主役ロボ！」,,['Special'],1,Finished Airing,"Jan 10, 2018",,,"None found,","None found,",['Directions'],Original,['Comedy'],11 min.,PG-13 - Teens 13 or older,5.81,#10924,#13546,"1,216",0,264,Petit animation included with the Robot Girls Z Full Complete Blu-ray.,[],Robot Girls Z: Fukkatsu no Chika Teikoku!? Robot Girls Z vs. Nazo no Sandai Shuyaku Robo!,,,,,,,,"['Anthropomorphic', 'Parody']",
290,まほよめ,,['Special'],6,Finished Airing,"Mar 24, 2018",,,"None found,","None found,","['W-Toon Studio', 'DMM.futureworks']",['Manga'],,45 sec. per ep.,G - All Ages,6.11,#9350,#13903,"1,098",0,343,Extra episodes of MahoYome included on the DVD bundled with ninth volume of Mahoutsukai no Yome manga.,[],MahoYome Specials,,,,['Parody'],Maho Yome Extra Episodes,,,,
291,サクラノチカイ～まろに☆え～る 東の飛鳥下野市をえーる！～,,['TV Special'],1,Finished Airing,"Jan 10, 2018",,,['Tochigi TV'],"None found,",['Production IMS'],Other,['Supernatural'],14 min.,G - All Ages,5.48,#12194,#14333,982,0,205,"Based on Tochigi TV's original idol group ""Marronni ☆ Yell.""",[],Sakura no Chikai: Marronni☆Yell - Higashi no Hichou Shimotsuke-shi wo Yell!,,,,,,,,"['Idols (Female)', 'Music']",
292,クレヨンしんちゃん Specials,,['Special'],Unknown,Currently Airing,"Dec 28, 1992 to ?",,,"None found,","None found,",['Shin-Ei Animation'],['Manga'],,48 min.,G - All Ages,[],#17436,#15450,710,2,,"87 Crayon Shin-chan TV Specials exist as of August 6, 2022.",[],Crayon Shin-chan Specials,,,"['Comedy', 'Ecchi']",['School'],,,['Seinen'],,
293,さわって！ぐでたま 〜3どめのしょうじき〜,,['Special'],6,Finished Airing,"Mar 26, 2018 to Jul 2, 2018",,,['Sanrio'],"None found,","None found,",Original,['Comedy'],41 sec. per ep.,PG - Children,5.59,#11837,#16043,619,1,162,Advertisements for the Gudetama tap app Sawatte! Gudetama: 3-dome no Shoujiki. The videos are aired on television and streamed on Sanrio's official YouTube channel and typically have a gaming theme.,[],Sawatte! Gudetama: 3-dome no Shoujiki,,,,,,,,"['Parody', 'Strategy Game']",
294,リヴ＆ベル,Liv & Bell,['TV Special'],Unknown,Currently Airing,"Feb 15, 2013 to ?",,,['NHK'],"None found,","None found,",Unknown,['Adventure'],5 min.,G - All Ages,[],#19841,#17865,428,0,,"A stop-motion animation about Liv, a curious little girl and Bell, a gluttonous hedgehog. Together they go on an adventure in a picture book.",[],Liv & Bell,,,,,Liv and Bell,,['Kids'],,
295,【Dies irae】「いらっしゃい雑念寺」,,['Special'],3,Finished Airing,"Jan 31, 2018",,,"None found,","None found,",['A.C.G.T.'],Visual novel,['Comedy'],5 min. per ep.,PG-13 - Teens 13 or older,[],#17632,#18125,410,0,,Three unaired episodes of Dies Irae: Irasshai Zonnenji that were included on the DVD release.,"['Prequel (ONA) Dies Irae: Irasshai Zonnenji', '']",Dies Irae: Irasshai Zonnenji Specials,,,,['Parody'],,,,,
296,ビーズの森のらびぃ,,['TV Special'],4,Finished Airing,"Mar 20, 2015 to Dec 19, 2019",,,['NHK'],"None found,","None found,",Original,,5 min. per ep.,G - All Ages,[],#16886,#18410,388,0,,A stop-motion anime using beaded characters. Here a magician rabbits solve problems by using magic.,[],Beads no Mori no Rabi,,,,,"Beads no Mori no Rabbi, Beads no Mori no Rabyi",,['Kids'],,
297,ワーキングボーシーズ,,['TV Special'],Unknown,Currently Airing,"Feb 15, 2018 to ?",,,['NHK'],"None found,","None found,",Original,,5 min.,G - All Ages,[],#15359,#19606,306,0,,Cappy (an anthropomorphic baseball cap) and Knitty (an anthropomorphic knitted hat) help residents of their town with small tasks and acts of kindness.,[],Working Boys,,,,,,,['Kids'],,
298,棉花糖和云朵妈妈·超级小米花,,['Special'],1,Finished Airing,"Feb 14, 2018",,,"None found,","None found,","None found,",Original,['Comedy'],43 min.,G - All Ages,[],#20211,#24137,109,0,,No synopsis information has been added to this title. Help improve our database by adding a synopsis here.,[],Mianhua Tang He Yunduo Mama: Chaoji Xiao Mihua,,,,,,,['Kids'],,
