,Synonyms,Japanese,English,German,Spanish,French,Type,Episodes,Status,Aired,Premiered,Broadcast,Producers,Licensors,Studios,Source,Genre,Themes,Demographic,Duration,Rating,Score,Ranked,Popularity,Members,Favorites,Scorers,Synopsis,Related_Entries,Title,Genres,Theme,Demographics
0,"Haikyuu!! Third Season, Haikyuu!! Karasuno High VS Shiratorizawa Academy",ハイキュー!! 烏野高校 VS 白鳥沢学園高校,Haikyu!! 3rd Season,Haikyuu!!Staffel 3 Karasuno vs. Shiratorizawa,Haikyu!! Los Ases del Vóley Temporada 3,Haikyuu!! Saison 3,['TV'],10,Finished Airing,"Oct 8, 2016 to Dec 10, 2016",['Fall 2016'],Saturdays at 01:55 (JST),"['Dentsu', 'Mainichi Broadcasting System', 'Movic', 'Sony Music Entertainment', 'TOHO animation', 'Shueisha']",['Sentai Filmworks'],['Production I.G'],['Manga'],['Sports'],"['School', 'Team Sports']",['Shounen'],24 min. per ep.,PG-13 - Teens 13 or older,8.77,#38,#116,"1,259,649","15,740",833136,"After the victory against Aoba Jousai High, Karasuno High School, once called “a fallen powerhouse, a crow that can’t fly,” has finally reached the climax of the heated Spring tournament. Now, to advance to nationals, the Karasuno team has to defeat the powerhouse Shiratorizawa Academy. Karasuno’s greatest hurdle is their adversary’s ace, Wakatoshi Ushijima, the number one player in the Miyagi Prefecture, and one of the country’s top three aces. Only the strongest team will make it to the national tournament. Since this match is the third-year players’ last chance to qualify for nationals, Karasuno has to use everything they learned during the training camp and prior matches to attain victory. Filled with restlessness and excitement, both teams are determined to come out on top in the third season of Haikyuu!!. [Written by MAL Rewrite]","['Prequel (TV) Haikyuu!! Second Season', 'Sequel (OVA) Haikyuu!! Riku vs. Kuu', 'Adaptation (Manga) Haikyuu!!', '']",Haikyuu!! Karasuno Koukou vs. Shiratorizawa Gakuen Koukou,,,
1,,ユーリ!!! on ICE,Yuri!!! On Ice,,,,['TV'],12,Finished Airing,"Oct 6, 2016 to Dec 22, 2016",['Fall 2016'],Thursdays at 02:21 (JST),"['Dentsu', 'TV Asahi', 'Movic', 'Avex Pictures', 'CIC', 'Cygames']","['Funimation', 'Crunchyroll']",['MAPPA'],Original,,,,23 min. per ep.,PG-13 - Teens 13 or older,7.90,#825,#200,"916,874","21,038",548779,"Reeling from his crushing defeat at the Grand Prix Finale, Yuuri Katsuki, once Japan's most promising figure skater, returns to his family home to assess his options for the future. At age 23, Yuuri's window for success in skating is closing rapidly, and his love of pork cutlets and aptitude for gaining weight are not helping either. However, Yuuri finds himself in the spotlight when a video of him performing a routine previously executed by five-time world champion, Victor Nikiforov, suddenly goes viral. In fact, Victor himself abruptly appears at Yuuri's house and offers to be his mentor. As one of his biggest fans, Yuuri eagerly accepts, kicking off his journey to make it back onto the world stage. But the competition is fierce, as the rising star from Russia, Yuri Plisetsky, is relentlessly determined to defeat Yuuri and win back Victor's tutelage. [Written by MAL Rewrite]",[],Yuri!!! on Ice,"['Award Winning', 'Sports']",['Performing Arts'],
2,,文豪ストレイドッグス,Bungo Stray Dogs 2,Bungo Stray Dogs Staffel 2,Bungo Stray Dogs 2,Bungo Stray Dogs Saison 2,['TV'],12,Finished Airing,"Oct 6, 2016 to Dec 16, 2016",['Fall 2016'],Fridays at 22:30 (JST),"['Lantis', 'Movic', 'KlockWorx', 'Bandai Namco Live Creative', 'Glovision', 'Lawson HMV Entertainment', 'Sony PCL', 'Kadokawa']","['Funimation', 'Crunchyroll']",['Bones'],['Manga'],,"['Adult Cast', 'Detective', 'Organized Crime', 'Super Power']",['Seinen'],23 min. per ep.,R - 17+ (violence & profanity),8.17,#439,#206,"898,648","6,827",519887,"Despite their differences in position, three men—the youngest senior executive of the Port Mafia, Osamu Dazai; the lowest ranking member, Sakunosuke Oda; and the intelligence agent, Ango Sakaguchi—gather at the Lupin Bar at the end of the day to relax and take delight in the company of friends. However, one night, Ango disappears. A photograph taken at the bar is all that is left of the three together. Fast forward to the present, and Dazai is now a member of the Armed Detective Agency. The Guild, an American gifted organization, has entered the fray and is intent on taking the Agency's work permit. They must now divide their attention between the two groups, the Guild and the Port Mafia, who oppose their very existence. [Written by MAL Rewrite]","['Prequel (TV) Bungou Stray Dogs', 'Sequel (TV) Bungou Stray Dogs 3rd Season', 'Adaptation (Manga) Bungou Stray Dogs: Dead Apple', 'Adaptation (Novel) Anime Bungou Stray Dogs Shousetsuban']",Bungou Stray Dogs 2nd Season,"['Action', 'Mystery']",,
3,Sangatsu no Lion,3月のライオン,March Comes In Like a Lion,March Comes in Like a Lion,March Comes in Like a Lion,March Comes in Like a Lion,['TV'],22,Finished Airing,"Oct 8, 2016 to Mar 18, 2017",['Fall 2016'],Saturdays at 23:00 (JST),"['Aniplex', 'Dentsu', 'NHK', 'Hakusensha', 'Asmik Ace', ""Toy's Factory""]",['Aniplex of America'],['Shaft'],['Manga'],['Drama'],"['Childcare', 'Strategy Game']",['Seinen'],25 min. per ep.,PG-13 - Teens 13 or older,8.37,#216,#311,"702,961","15,990",290239,"Having reached professional status in middle school, Rei Kiriyama is one of the few elite in the world of shogi. Due to this, he faces an enormous amount of pressure, both from the shogi community and his adoptive family. Seeking independence from his tense home life, he moves into an apartment in Tokyo. As a 17-year-old living on his own, Rei tends to take poor care of himself, and his reclusive personality ostracizes him from his peers in school and at the shogi hall. However, not long after his arrival in Tokyo, Rei meets Akari, Hinata, and Momo Kawamoto, a trio of sisters living with their grandfather who owns a traditional wagashi shop. Akari, the oldest of the three girls, is determined to combat Rei's loneliness and poorly sustained lifestyle with motherly hospitality. The Kawamoto sisters, coping with past tragedies, also share with Rei a unique familial bond that he has lacked for most of his life. As he struggles to maintain himself physically and mentally through his shogi career, Rei must learn how to interact with others and understand his own complex emotions. [Written by MAL Rewrite]","['Sequel (TV) 3-gatsu no Lion 2nd Season', 'Adaptation (Manga) 3-gatsu no Lion']",3-gatsu no Lion,,,
4,Drifters: Battle in a Brand-new World War,DRIFTERS,Drifters,,Drifters: Battle in a Brand-new World War,,['TV'],12,Finished Airing,"Oct 7, 2016 to Dec 23, 2016",['Fall 2016'],Fridays at 23:00 (JST),"['Rakuonsha', 'NBCUniversal Entertainment Japan', 'Shounen Gahousha']",['Funimation'],['Hoods Entertainment'],['Manga'],,"['Adult Cast', 'Gore', 'Historical', 'Isekai', 'Military', 'Samurai']",['Seinen'],24 min. per ep.,R - 17+ (violence & profanity),7.88,#865,#391,"593,086","4,148",282336,"At the Battle of Sekigahara in 1600, Toyohisa Shimazu is the rearguard for his retreating troops, and is critically wounded when he suddenly finds himself in a modern, gleaming white hallway. Faced with only a stoic man named Murasaki and hundreds of doors on both sides, Toyohisa is pulled into the nearest door and into a world completely unlike his own. The strange land is populated by all manner of fantastical creatures, as well as warriors from different eras of Toyohisa's world who were thought to be dead. Quickly befriending the infamous warlord Nobunaga Oda and the ancient archer Yoichi Suketaka Nasu, Toyohisa learns of the political unrest tearing through the continent. Furthermore, they have been summoned as ""Drifters"" to fight against the ""Ends,"" people who are responsible for the creation of the Orte Empire and are trying to annihilate the Drifters. As the Ends grow more powerful, so does the Empire's persecution of elves and other demihumans. It is up to Toyohisa and his group of unconventional heroes to battle in a brand-new world war to help the Empire's subjects, while challenging the Ends protecting the land to claim it for themselves. [Written by MAL Rewrite]","['Sequel (OVA) Drifters (OVA)', 'Adaptation (Manga) Drifters']",Drifters,"['Action', 'Adventure', 'Comedy', 'Fantasy']",,
5,,私がモテてどうすんだ,"Kiss Him, Not Me!","Küss Ihn, Nicht Mich!","Kiss Him, Not Me","Kiss Him, Not Me",['TV'],12,Finished Airing,"Oct 7, 2016 to Dec 23, 2016",['Fall 2016'],Fridays at 01:58 (JST),"['TBS', 'Kodansha', 'DAX Production', 'Nippon Columbia', 'RAY']","['Funimation', 'Crunchyroll']","[""Brain's Base""]",['Manga'],,"['Otaku Culture', 'Reverse Harem', 'School']",['Shoujo'],23 min. per ep.,PG-13 - Teens 13 or older,6.93,#4706,#507,"472,406","1,941",235949,"Kae Serinuma is a very kind second-year high school student and a devoted otaku. A little known fact about her, though, is that she's obsessed with BL, or Boy's Love. Serinuma can't help but to fantasize about her male classmates falling for each other and enjoys imagining them together. A more known fact about Serinuma, however, is that she’s noticeably overweight. While watching her favorite show one day, Serinuma witnesses the death of her most beloved character. Utterly depressed, she can't muster up the energy to eat her meals, let alone attend school. After an entire week, she finally recovers. But now there's something unusual about her—during the time she refused to leave her room, she ended up losing a large amount of weight and has somehow become strikingly beautiful! Now catching the eye of everyone who sees her, she finds herself at the center of attention of four boys she has always known at her school. Though they all wish to spend time with her, Serinuma would much rather they spend time falling in love with one another. How will Serinuma deal with the four boys pursuing her BL-obsessed self? [Written by MAL Rewrite]","['Adaptation (Manga) Watashi ga Motete Dousunda', '']",Watashi ga Motete Dousunda,"['Comedy', 'Romance']",,
6,,競女!!!!!!!!,Keijo!!!!!!!!,,,,['TV'],12,Finished Airing,"Oct 6, 2016 to Dec 22, 2016",['Fall 2016'],Thursdays at 23:30 (JST),"['Sotsu', 'Lantis', 'Warner Bros. Japan', 'KlockWorx', 'Medicos Entertainment', 'Shogakukan', 'NichiNare', 'Radio Osaka']",['Funimation'],['Xebec'],['Manga'],,,['Shounen'],23 min. per ep.,PG-13 - Teens 13 or older,6.90,#4826,#598,"413,809","1,444",200876,"Japan's latest competitive sport, keijo, is dictated by a simple set of rules: female-only participants must stand on circular platforms floating in a pool—referred to as ""lands""—with the goal being to knocking off opponents using only their breasts and butts. Despite this outlandish premise, the sport attracts millions of viewers across the country and boasts a lavish prize pool. Many aspiring athletes take up the challenge in hopes of becoming the next national champion. After graduating from high school, the lively 17-year-old Nozomi Kaminashi enters the world of keijo, hoping to bring home a fortune to her poor family. As a gifted gymnast, Nozomi quickly proves herself a tough competitor after stealing the spotlight in her debut tournament. Meeting new friends and rivals as she climbs the ranks, Nozomi discovers that the path to stardom as a keijo player is filled with intense competition that will challenge not only her body, but also her soul. [Written by MAL Rewrite]","['Adaptation (Manga) Keijo!!!!!!!!', '']",Keijo!!!!!!!!,"['Sports', 'Ecchi']",['Combat Sports'],
7,"Nambaka, Numbaka, The Numbers",ナンバカ,Nanbaka,,,,['TV'],13,Finished Airing,"Oct 5, 2016 to Dec 28, 2016",['Fall 2016'],Wednesdays at 03:00 (JST),"['Nihon Ad Systems', 'DAX Production', 'Sony Music Communications', 'Crunchyroll', 'comico', 'Tokuma Japan Communications', 'Nelke Planning']",['Funimation'],['Satelight'],['Web manga'],,,,23 min. per ep.,PG-13 - Teens 13 or older,7.33,#2667,#730,"347,457","2,318",150143,"Nanba is the world's most formidable prison, built to incarcerate criminals who are too slippery to stay in ordinary confinement. The four inmates who occupy Cell 13 are particularly cunning on that behalf, having escaped every other prison with a perfect success rate. There is Juugo, a specialist in locks who has spent the majority of his life in prison; Uno, a gambler with great intuition; Nico, an otaku whose body reacts strangely to drugs; and Rock, a bruiser with a love for food. The daily shenanigans of the four prisoners always cause trouble for the building supervisor, Hajime Sugoroku, who desperately tries to prevent them from breaking out of Nanba. Nanbaka follows the comedic, sparkle-filled exploits of these prisoners and their guards. From three square meals a day to sports festivals, prison life in Nanba isn't actually that bad—and it is the closest these four have to a home. [Written by MAL Rewrite]","['Sequel (ONA) Nanbaka 2', 'Adaptation (Manga) Nanbaka']",Nanbaka,"['Action', 'Comedy', 'Drama']",,
8,"Ajin 2nd Season,",亜人 第2クール,Ajin: Demi-Human 2nd Season,Ajin Demi-Human Staffel 2,Ajin: Semihumano Temporada 2,Ajin: Demi-Human Saison 2,['TV'],13,Finished Airing,"Oct 8, 2016 to Dec 24, 2016",['Fall 2016'],Saturdays at 02:25 (JST),"['TOHO animation', 'King Records']",['Sentai Filmworks'],['Polygon Pictures'],['Manga'],,,['Seinen'],24 min. per ep.,R - 17+ (violence & profanity),7.56,#1705,#861,"304,383",514,176028,"After escaping certain death, Kei Nagai and his new companion Kou Nakano plot revenge on Satou, their fellow Ajin who is hellbent on world domination. As Satou embarks on a string of public executions, the human race rushes to come up with a solution to stop the immortal villain. Kei discovers unlikely allies in the form of two former adversaries: high-ranking government official Yuu Tosaki, whose extensive research on Ajin gives him a tactical advantage in the fight against Satou, and Tosaki's Ajin assistant Izumi Shimomura. As his faction continues to gather allies, Kei races against time to put a stop to Satou's crusade before it brings about an end to civilization as he knows it. [Written by MAL Rewrite]","['Prequel (TV) Ajin', 'Adaptation (Manga) Ajin']",Ajin Part 2,"['Action', 'Horror', 'Mystery', 'Supernatural']",['Gore'],
9,Hibike! Euphonium Second Season,響け！ユーフォニアム2,Sound! Euphonium 2,Sound! Euphonium 2,Sound! Euphonium 2,Sound! Euphonium 2,['TV'],13,Finished Airing,"Oct 6, 2016 to Dec 29, 2016",['Fall 2016'],Thursdays at 00:00 (JST),"['Lantis', 'Pony Canyon', 'Rakuonsha']",['Ponycan USA'],['Kyoto Animation'],Novel,['Drama'],"['Music', 'Performing Arts', 'School']",,23 min. per ep.,PG-13 - Teens 13 or older,8.33,#251,#1060,"244,298","3,743",129247,"Following their success in the qualifying round for the Kansai regional competition, the members of the Kitauji High School concert band set their sights on the next upcoming performance. Utilizing their summer break to the utmost, the band participates in a camp where they are instructed by their band advisor Noboru Taki and his friends who make their living as professional musicians. Kumiko Oumae and her friends remain determined to attain gold at the Kansai competition, but trouble arises when a student who once quit the band shows interest in rejoining and sparks unpleasant memories for the second-year members. Kumiko also learns about her teacher's surprising past and the motivation behind his desire to lead the band to victory. Reaching nationals will require hard work, and the adamant conviction in each student's commitment to the band will be put to the test. [Written by MAL Rewrite]","['Prequel (TV) Hibike! Euphonium', 'Sequel (Movie) Hibike! Euphonium Movie 3: Chikai no Finale', 'Adaptation (Manga) Hibike! Euphonium: Kitauji Koukou Suisougaku-bu e Youkoso', 'Adaptation (Manga) Hibike! Euphonium: Kitauji Koukou Suisougaku-bu no Ichiban Atsui Natsu']",Hibike! Euphonium 2,,,
10,"Occultic9, Occultic Nine",Occultic;Nine －オカルティック・ナイン－,Occultic;Nine,,,,['TV'],12,Finished Airing,"Oct 9, 2016 to Dec 25, 2016",['Fall 2016'],Sundays at 00:00 (JST),"['Aniplex', 'MAGES.', 'Hakuhodo DY Music & Pictures', 'Lawson', 'ABC Animation', 'Contents Seed', 'Christmas Holly', 'C-one']",['Aniplex of America'],['A-1 Pictures'],['Light novel'],,,,24 min. per ep.,PG-13 - Teens 13 or older,6.89,#4898,#1281,"199,472",468,71956,"A blog disproving the supernatural, co-run by NEET teenager Yuuta Gamon and his enthusiastic best friend Ryouka Narusawa, becomes the catalyst that would bring together a group of people who supposedly have nothing to do with each other. These individuals include high school fortune teller Miyuu Aikawa, who joins Yuuta to work on the blog; realist Sarai Hashigami, who is stunned when tragedy strikes his family; doujin artist Ririka Nishizono, who has an uncanny ability to predict the future with her art; black magic practitioner and local curse expert Aria Kurenaino and her ghostly friend; Shun Moritsuka, a seemingly childish otaku detective; and reporter Touko Sumikaze. As this unlikely group, bound only by the strings of fate, find their way to each other, they are confronted with murder and other events that are shrouded by the presence of the supernatural. They must band together to solve the mysteries interlacing the city and their lives. [Written by MAL Rewrite]","['Adaptation (Manga) Occultic;Nine', 'Adaptation (Light Novel) Occultic;Nine']",Occultic;Nine,"['Mystery', 'Sci-Fi']",,
11,,フリップフラッパーズ,Flip Flappers,,,,['TV'],13,Finished Airing,"Oct 6, 2016 to Dec 29, 2016",['Fall 2016'],Thursdays at 21:00 (JST),"['Sotsu', 'Lantis', 'AT-X', 'GAGA', 'Happinet Pictures', 'BS Fuji', 'Tokyo MX', 'Hakuhodo DY Music & Pictures', 'Medicos Entertainment', 'Infinite', 'RAY']",['Sentai Filmworks'],['Studio 3Hz'],Original,,,,23 min. per ep.,PG-13 - Teens 13 or older,7.62,#1497,#1298,"197,279","2,193",74074,"Cocona is an average middle schooler living with her grandmother. And she who has yet to decide a goal to strive for, soon met a strange girl named Papika who invites her to an organization called Flip Flap. Dragged along by the energetic stranger, Cocona finds herself in the world of Pure Illusion—a bizarre alternate dimension—helping Papika look for crystal shards. Upon completing their mission, Papika and Cocona are sent to yet another world in Pure Illusion. As a dangerous creature besets them, the girls use their crystals to transform into magical girls: Cocona into Pure Blade, and Papika into Pure Barrier. But as they try to defeat the creature before them, three others with powers from a rival organization enter the fray and slay the creature, taking with them a fragment left behind from its body. Afterward, the girls realize that to stand a chance against their rivals and the creatures in Pure Illusion, they must learn to work together and synchronize their feelings in order to transform more effectively. [Written by MAL Rewrite]",[],Flip Flappers,"['Adventure', 'Comedy', 'Fantasy', 'Sci-Fi']",,
12,"Natsume Yuujinchou Season 5, Natsume's Book of Friends Five",夏目友人帳 伍,Natsume's Book of Friends Season 5,Natsume Yujin-cho 5,Natsume Yujin-cho 5,Natsume Yujin-cho 5,['TV'],11,Finished Airing,"Oct 5, 2016 to Dec 21, 2016",['Fall 2016'],Wednesdays at 01:35 (JST),"['TV Tokyo', 'Aniplex', 'Nihon Ad Systems', 'Hakusensha']","None found,",['Shuka'],['Manga'],,"['Iyashikei', 'Mythology']",['Shoujo'],23 min. per ep.,PG-13 - Teens 13 or older,8.56,#115,#1308,"195,682",873,79495,"Blessed with eyes that are able to perceive the otherwise invisible youkai, Takashi Natsume hides his ability from his newfound family and friends to protect everyone's peaceful daily life. Nonetheless, Natsume never fails to show the same kindness to the benevolent youkai and happily returns their names by using the infamous Book of Friends he inherited from his late grandmother, Reiko. Meanwhile, the exorcist clan Matoba still wishes for Natsume to join their ranks due to his overwhelming gift. However, Natsume firmly rejects the clan's invitation since not all exorcists are as reasonable as his friend Shuuichi Natori, and many improperly and indiscriminately seal away every youkai in their way. Unsatisfied with Natsume's answer, Seiji Matoba blackmails Natsume into attending a grand gathering of powerful exorcist families. Natsume soon finds himself in the company of dangerous people and youkai alike. But even then, he continues to defy the exorcists' hard-handed methods and believes that peace between both worlds is possible. [Written by MAL Rewrite]","['Prequel (TV) Natsume Yuujinchou Shi', 'Sequel (TV) Natsume Yuujinchou Roku', 'Adaptation (Manga) Natsume Yuujinchou', '']",Natsume Yuujinchou Go,"['Slice of Life', 'Supernatural']",,
13,"Izetta, Die Letzte Hexe",終末のイゼッタ,Izetta: The Last Witch,Izetta: The Last Witch,Izetta: The Last Witch,Izetta: The Last Witch,['TV'],12,Finished Airing,"Oct 1, 2016 to Dec 17, 2016",['Fall 2016'],Saturdays at 23:00 (JST),"['Shochiku', 'AT-X', 'Asahi Production', 'flying DOG', 'Tokyo MX', 'i0+', 'Wargaming Japan', 'JTB Entertainment', 'RAY']","['Funimation', 'Crunchyroll']",['Ajia-do'],Original,,"['Historical', 'Military', 'Urban Fantasy']",,25 min. per ep.,R - 17+ (violence & profanity),6.76,#5538,#1388,"183,639",367,71219,"After Germania invaded a neighboring country in 1939, Europe spiraled into a devastating war. During the war, Germania set its sights on the weak alpine country of Elystadt. Boasting a far superior military and having achieved profuse success earlier in the war, it was expected that Germania would conquer Elystadt with ease. Matters are only made worse for the small country when Germanian soldiers capture their princess, Ortfiné ""Finé"" Fredericka von Eylstadt, as she is heading to a crucial meeting with Britannia. Yet, when a concurrent Germanian transport mission goes awry, Izetta, the last witch alive, escapes. When she recognizes Princess Finé from her childhood, Izetta rescues her from the Germanian soldiers by making use of her magical abilities. Now reunited with the princess, Izetta pledges to protect Elystadt from Germania, and with the last surviving witch on their arsenal, Elystadt hopes to turn the tides against the imperialist war giant. [Written by MAL Rewrite]",[],Shuumatsu no Izetta,"['Action', 'Fantasy']",,
14,"My Wife is the Student Council President 2nd Season, Oku-sama ga Seito Kaichou! 2nd Season, Okusama ga Seitokaichou! Plus",おくさまが生徒会長!＋!,My Wife is the Student Council President!+,My Wife is the Student Council President+!,Okusama ga Seitokaichou!+,,['TV'],12,Finished Airing,"Oct 2, 2016 to Dec 18, 2016",['Fall 2016'],Sundays at 22:30 (JST),"['DAX Production', 'Dream Creation', 'Studio CHANT']","None found,",['Seven'],['Manga'],,,['Shounen'],8 min. per ep.,R+ - Mild Nudity,6.56,#6733,#1420,"177,022",135,93496,"The story begins with Izumi Hayato running to be student council president. But when a beautiful girl swings in promising the liberalization of love while flinging condoms into the audience, he ends up losing to her and becoming the vice president. At the student council meeting, the newly-elected president invites herself over to Izumi's house, where she promptly announces she is to become Izumi's wife thanks to an agreement—facilitated by alcohol—made between their parents when they were only 3. (Source: MAL Scanlations)","['Prequel (TV) Okusama ga Seitokaichou!', 'Prequel (OVA) Okusama ga Seitokaichou! Seitokaichou to Ofuro Asobi', 'Adaptation (Manga) Okusama ga Seitokaichou!', '']",Okusama ga Seitokaichou!+!,"['Comedy', 'Romance', 'Ecchi']",['School'],
15,MahouIku,魔法少女育成計画,Magical Girl Raising Project,Magical Girl Raising Project,Magical Girl Raising Project,Magical Girl Raising Project,['TV'],12,Finished Airing,"Oct 2, 2016 to Dec 18, 2016",['Fall 2016'],Sundays at 00:00 (JST),"['Genco', 'AT-X', 'Magic Capsule', 'flying DOG', 'Cospa', 'Toranoana', 'Medicos Entertainment', 'Animatic', 'Highlights Entertainment']",['Funimation'],['Lerche'],['Light novel'],,"['Gore', 'High Stakes Game', 'Mahou Shoujo', 'Survival']",,24 min. per ep.,R - 17+ (violence & profanity),6.94,#4617,#1506,"167,589",762,69814,"For many girls in N-City, playing the popular social role-playing game Magical Girl Raising Project is as close as they could come to being a real magical girl. However, for some rare players, that dream can become a reality. One such girl is Koyuki Himekawa, who receives a notification one night that she has been selected to become a magical girl, her in-game avatar Snow White. As Koyuki and other chosen players in the city begin helping those in need, they all receive yet another notification: the admins have decided that they want to reduce the number of magical girls. Whoever collects the least amount of Magical Candies—which are awarded for their magical girl activities—in their competition each week will lose their powers. But when a real-world tragedy happens to the first player that drops out, they are shown the repercussions of losing their abilities. As more participants inevitably lose the competition and more twisted rules are added, the girls soon realize that their ""contest"" is actually a desperate fight for survival. [Written by MAL Rewrite]","['Sequel (TV) Mahou Shoujo Ikusei Keikaku: Restart', 'Adaptation (Manga) Mahou Shoujo Ikusei Keikaku', 'Adaptation (Manga) Mahou Shoujo Ikusei Keikaku: Restart', 'Adaptation (Light Novel) Mahou Shoujo Ikusei Keikaku']",Mahou Shoujo Ikusei Keikaku,"['Action', 'Suspense']",,
16,,WWW.WORKING!!,WWW.WAGNARIA!!,WWW.Wagnaria!!,WWW.Wagnaria!!,WWW.Wagnaria!!,['TV'],13,Finished Airing,"Oct 1, 2016 to Dec 24, 2016",['Fall 2016'],Saturdays at 23:30 (JST),"['Aniplex', 'Yomiuri Telecasting', 'Lawson']",['Aniplex of America'],['A-1 Pictures'],['Web manga'],['Comedy'],,,23 min. per ep.,PG-13 - Teens 13 or older,7.41,#2340,#1552,"161,922",289,77808,"Daisuke Higashida is a serious first-year student at Higashizaka High School. He lives a peaceful everyday life even though he is not satisfied with the family who doesn't laugh at all and makes him tired. However, his father's company goes bankrupt one day, and he can no longer afford allowances, cellphone bills, and commuter tickets. When his father orders him to take up a part-time job, Daisuke decides to work at a nearby family restaurant in order to avoid traveling 15 kilometers to school by bicycle.","['Adaptation (Manga) Working!! Web-ban', '']",WWW.Working!!,,['Workplace'],
17,G-Tekketsu 2nd Season,機動戦士ガンダム 鉄血のオルフェンズ 第2期,Mobile Suit Gundam: Iron-Blooded Orphans 2nd Season,Mobile Suit Gundam: Iron-Blooded Orphans Staffel 2,Mobile Suit Gundam: Iron-Blooded Orphans Temporada 2,Mobile Suit Gundam: Iron-Blooded Orphans Saison 2,['TV'],25,Finished Airing,"Oct 2, 2016 to Apr 2, 2017",['Fall 2016'],Sundays at 17:00 (JST),"['Sotsu', 'Asatsu DK', 'Mainichi Broadcasting System']",['Funimation'],['Sunrise'],Original,,"['Mecha', 'Space']",,24 min. per ep.,R - 17+ (violence & profanity),8.23,#353,#1636,"151,577","1,686",85245,"Tekkadan has now become a direct affiliate of Teiwaz after procuring a new trade agreement with Arbrau. With its newfound funds and prestige, Tekkadan finds both its list of allies and enemies growing. Meanwhile, the flames of the Gjallarhorn power struggle continue to rage in full force. As a part of her efforts to make Mars financially independent from Earth, Kudelia Aina Bernstein founds the Admoss Company and enlists Tekkadan as her business partner. The stakes are getting higher as the Tekkadan family continues to grow. Will Orga, Mikazuki, and the rest of the Tekkadan faction be able to keep up, or will Kudelia's dream of Martian independence die out? [Written by MAL Rewrite]","['Prequel (TV) Kidou Senshi Gundam: Tekketsu no Orphans', 'Prequel (ONA) Kidou Senshi Gundam: Tekketsu no Orphans - Urdr Hunt', 'Adaptation (Manga) Kidou Senshi Gundam: Tekketsu no Orphans 2', '']",Kidou Senshi Gundam: Tekketsu no Orphans 2nd Season,"['Action', 'Drama', 'Sci-Fi']",,
18,Gaogao-chan to Aoi Sora,うどんの国の金色毛鞠,Poco's Udon World,Poco's Udon World,Pocok's Udon World,Poco's Udon World,['TV'],12,Finished Airing,"Oct 9, 2016 to Dec 25, 2016",['Fall 2016'],Sundays at 01:55 (JST),"['VAP', 'Nippon Television Network', 'Nippon Television Music', 'Nishinippon Broadcasting', 'Dai Nippon Printing', 'Shinchosha']",['Discotek Media'],['LIDENFILMS'],['Manga'],,"['Anthropomorphic', 'Childcare', 'Iyashikei']",['Seinen'],22 min. per ep.,PG-13 - Teens 13 or older,7.74,#1200,#1736,"139,782",672,55251,"Taking a break from the hustle and bustle of Tokyo, Souta Tawara returns to his hometown in Kagawa. Though his parents are no longer around, his former home and family-owned udon restaurant reminds him of the times his family was still together. Reminiscing about his childhood, Souta enters the udon restaurant and discovers a grimy young boy sleeping. At first, Souta thinks nothing of the chance encounter and provides the boy with food and clothing. However, to his surprise, the boy suddenly sprouts a furry pair of ears and a tail! Souta soon learns that the nameless boy is actually the rumored shapeshifting tanuki that has been inhabiting Kagawa for many years. Thinking that the boy has been living a lonely life, he decides to take him in and name him Poko. Udon no Kuni no Kiniro Kemari follows the heartwarming relationship between Souta and Poko, and through the time they spend together, Souta recalls his own past, the place he left behind for the city, and the relationship he had with his father. [Written by MAL Rewrite]","['Adaptation (Manga) Udon no Kuni no Kiniro Kemari', '']",Udon no Kuni no Kiniro Kemari,"['Slice of Life', 'Supernatural']",,
19,,舟を編む,The Great Passage,The Great Passage,The Great Passage,Fune wo amu,['TV'],11,Finished Airing,"Oct 14, 2016 to Dec 23, 2016",['Fall 2016'],Fridays at 00:55 (JST),"['Aniplex', 'Dentsu', 'Fuji TV', 'Kyoraku Industrial Holdings', 'Kansai Telecasting', 'Kobunsha']",['Discotek Media'],['Zexcs'],Novel,,"['Adult Cast', 'Workplace']",,22 min. per ep.,PG-13 - Teens 13 or older,7.61,#1544,#1852,"128,471",519,44123,"Kouhei Araki, a veteran editor of the dictionary editorial division at Genbu Publishing, plans to retire in order to better care for his ailing wife. However, before retiring, he must find a replacement to complete his latest project: a new dictionary called The Great Passage. But no matter where he looks, he cannot find anyone suitable, as making a dictionary requires a wealth of patience, time, and dedication. Mitsuya Majime works in Genbu Publishing's sales division, yet he has poor social skills and an inability to read the mood in most situations. In spite of this, he excels at having an enthusiasm for words thanks to his love of reading and careful personality. It is these skills that draw Araki to him and prompt him to offer Majime a position in the dictionary editorial department. As Majime accepts his new position, he finds himself unsure of his abilities and questioning whether he will fit in with his new co-workers. Yet amid the vast sea of words, The Great Passage will bring them together. [Written by MAL Rewrite]","['Adaptation (Manga) Fune wo Amu', '']",Fune wo Amu,"['Award Winning', 'Drama', 'Romance']",,
20,"Pocket Monsters Sun & Moon, Pokémon Sun & Moon",ポケットモンスター サン＆ムーン,Pokémon the Series: Sun & Moon,Pokémon Die TV-Serie: Sonne und Mond Staffel 20,Pokémon Serie: Sol y Luna Temporada 20,Pokémon La Serie: Soleil et Lune Saison 20,['TV'],146,Finished Airing,"Nov 17, 2016 to Nov 3, 2019",['Fall 2016'],Sundays at 18:00 (JST),"['TV Tokyo', 'Shogakukan-Shueisha Productions']",['The Pokemon Company International'],['OLM'],Game,,"['School', 'Strategy Game']",['Kids'],24 min. per ep.,PG - Children,6.95,#4610,#1922,"122,069",595,65598,"After his mother wins a free trip to the islands, Pokémon trainer Satoshi and his partner Pikachu head for Melemele Island of the beautiful Alola region, which is filled with lots of new Pokémon and even variations of familiar faces. Eager to explore the island, Satoshi and Pikachu run wild with excitement, quickly losing their way while chasing after a Pokémon. The pair eventually stumbles upon the Pokémon School, an institution where students come to learn more about these fascinating creatures. At the school, when he and one of the students—the no-nonsense Kaki—have a run-in with the nefarious thugs of Team Skull, Satoshi discovers the overwhelming might of the Z-Moves, powerful attacks originating from the Alola region that require the trainer and Pokémon to be in sync. Later that night, he and Pikachu have an encounter with the guardian deity Pokémon of Melemele Island, the mysterious Kapu Kokeko. The Pokémon of legend bestows upon them a Z-Ring, a necessary tool in using the Z-Moves. Dazzled by their earlier battle and now in possession of a Z-Ring, Satoshi and Pikachu decide to stay behind in the Alola Region to learn and master the strength of these powerful new attacks. Enrolling in the Pokémon School, Satoshi is joined by classmates such as Lillie, who loves Pokémon but cannot bring herself to touch them, Kaki, and many others. Between attending classes, fending off the pesky Team Rocket—who themselves have arrived in Alola to pave the way for their organization's future plans—and taking on the Island Challenge that is necessary to master the Z-Moves, Satoshi and Pikachu are in for an exciting new adventure. [Written by MAL Rewrite]","['Prequel (TV) Pokemon XY&Z', 'Sequel (TV) Pokemon (2019)']",Pokemon Sun & Moon,"['Action', 'Fantasy']",,
21,,TRICKSTER -江戸川乱歩「少年探偵団」より-,Trickster,Trickster,Trickster,Trickster,['TV'],24,Finished Airing,"Oct 4, 2016 to Mar 28, 2017",['Fall 2016'],Tuesdays at 01:05 (JST),"['Bandai Visual', 'Yomiuri Telecasting', 'Lantis', 'Asmik Ace', 'JR East Marketing & Communications', 'Sumitomo', 'Akatsuki']",['Funimation'],"['TMS Entertainment', 'Shin-Ei Animation']",Original,,"['Detective', 'Psychological']",,23 min. per ep.,PG-13 - Teens 13 or older,6.25,#8566,#1963,"118,812",255,37795,"Kogorou Akechi is the founder of a private investigation firm known as the Boy Detectives' Club. Together, this group takes on cases both great and small. One of their junior members, Kensuke Hanasaki, is out solving a case one day when he happens upon Yoshio Kobayashi, a mysterious amnesiac boy with an inability to die. After seeing his abilities in action, Kensuke offers Yoshio a deal: join the Boy Detectives' Club and help them solve cases, and in exchange he will find a way to help Yoshio die. The apathetic Yoshio accepts this deal begrudgingly, unaware of how different his life will become. Although he does not have much use for people, he gradually begins to acknowledge the group as he spends more time with them while solving cases. Trickster: Edogawa Ranpo ""Shounen Tanteidan"" yori follows Akechi and the rest of the Boy Detectives' Club as they solve the various cases they are given, all while combating a hidden threat from the shadows—""The Fiend with Twenty Faces."" [Written by MAL Rewrite]","['Prequel (OVA) Trickster: Edogawa Ranpo ""Shounen Tanteidan"" yori OVA', 'Adaptation (Manga) Trickster']","Trickster: Edogawa Ranpo ""Shounen Tanteidan"" yori","['Drama', 'Mystery', 'Sci-Fi']",,
22,,オールアウト!!,All Out!!,,,,['TV'],25,Finished Airing,"Oct 7, 2016 to Mar 31, 2017",['Fall 2016'],Fridays at 00:00 (JST),"['Telecom Animation Film', 'Mainichi Broadcasting System', 'Kodansha', 'Asmik Ace', 'Sony Music Entertainment', 'TMS Music']","['Funimation', 'Crunchyroll']","['Madhouse', 'TMS Entertainment']",['Manga'],['Sports'],"['School', 'Team Sports']",['Seinen'],24 min. per ep.,PG-13 - Teens 13 or older,7.04,#4184,#1999,"116,445",392,51646,"Rugby is a sport where anybody can be a star when they hold the ball. The rules are simple: one player has to carry the ball past the goalposts across the field while avoiding the other team, who are allowed to use all their force to knock the enemy down. However, the player can pass to a teammate behind them or kick the ball before they are tackled. Unlike other sports, the game continues even when the person holding the ball is taken down. Kenji Gion is a short but feisty high school freshman at Kanagawa High School. Right after the school's opening ceremony, he meets the tall and timid Sumiaki Iwashimizu, and the two of them get an invitation to observe the rugby club. When Gion watches the match, he realizes that even though big and tall guys have an advantage, there are positions for people of all shapes and sizes. Immediately convinced that he has found a sport he can excel at despite his short stature, he signs up, though Iwashimizu declines. Gion is unable to accept Iwashimizu's excuses and drags him back into the sport. Their training becomes intense as they aim to become the champions of Hanazono, the national high school rugby championships. [Written by MAL Rewrite]","['Adaptation (Manga) All Out!!', '']",All Out!!,,,
23,"Shikong Shitu, Space Time Prisoner",BLOODIVORES,Bloodivores,,,,['TV'],12,Finished Airing,"Oct 1, 2016 to Dec 17, 2016",['Fall 2016'],Saturdays at 21:00 (JST),"['Emon', 'Namu Animation', 'Cloud22']","None found,",['Creators in Pack'],['Web manga'],,,,24 min. per ep.,R - 17+ (violence & profanity),5.47,#12212,#2049,"112,750",133,43624,"60 years ago, a strange case of insomnia struck the population, forcing them to stay awake for more than a full week. The victims, completely sleep deprived, all went mad. To cure this illness, a new medicine was produced, but the side effects turned the patients into vampires. Humanity went to war against this new species and triumphed, but some of the vampires managed to survive. Born from a Human and a Vampire, the main character Mi Liu, ""The Child of Hope,"" is to represent the new hope that will connect the two species. Ringleader of a bank robbery, Mi Liu is arrested and transferred to a special prison of the National Defense Agency that monitors Vampires. Trying to break free with Anji, Mi Liu is attacked by strange monsters and he finds out that the prison location corresponds to the birthplace of Vampires, the old capital ""Blue Town."" Why are Vampires trapped in Blue Town? What are those strange monsters attacking them? Our heroes must fight to solve those mysteries. (Source: Emon via ANN)",[],Bloodivores,"['Action', 'Mystery', 'Supernatural']",['Vampire'],
24,,ガーリッシュ ナンバー,Girlish Number,Girlish Number,Girlish Number,Girlish Number,['TV'],12,Finished Airing,"Oct 7, 2016 to Dec 23, 2016",['Fall 2016'],Fridays at 02:28 (JST),"['Frontier Works', 'TBS', 'DAX Production', 'ASCII Media Works', 'NBCUniversal Entertainment Japan', 'i0+', 'Medicos Entertainment', 'NichiNare']",['Sentai Filmworks'],['Diomedéa'],Mixed media,['Slice of Life'],"['Adult Cast', 'Showbiz']",,24 min. per ep.,PG-13 - Teens 13 or older,6.81,#5271,#2165,"103,677",157,36980,"College student Chitose Karasuma is determined not to do boring things as she enters the adult world. To this end, this bad-mannered beauty barges into a facility that trains would-be voice actors and actresses, somehow landing a job at ""Number One Produce,"" a seiyuu agency managed by her older brother, Gojou. In Chitose's mind, she's poised for greatness, but finds herself at a loss when she continues to only get minor roles. As she clashes with other girls in the agency, including a cunning airhead and a girl with a Kansai accent, Chitose is about to learn that there's more to succeeding in this competitive industry than she imagined. (Source: ANN)","['Adaptation (Light Novel) Gi(a)rlish Number', '']",Gi(a)rlish Number,,,
25,,ViVid Strike!,,,,,['TV'],12,Finished Airing,"Oct 2, 2016 to Dec 18, 2016",['Fall 2016'],Sundays at 00:30 (JST),"['KlockWorx', 'Sony Music Communications', 'Glovision', 'King Records']",['Discotek Media'],['Seven Arcs Pictures'],Original,,,,24 min. per ep.,PG-13 - Teens 13 or older,6.97,#4517,#2349,"91,385",206,24968,"The aggressive Fuuka Reventon often finds herself in fights as she struggles to make a living. One day, she gets into an altercation with gangsters that leaves her with injuries; luckily, martial arts champion Einhald Stratos finds Fuuka and brings her to a hospital. Seeing potential in Fuuka's skills, Einhald encourages the girl to become a martial arts athlete and offers her a job at Nakajima Gym, where Einhald trains. Despite the kind gesture, Fuuka initially declines the proposal due to the bad memories it brings. She was once childhood friends with the now prominent martial arts athlete Rinne Berlinetta, but the personality of her fellow orphan shifted from kind and gentle to cold and cruel after being adopted by a prosperous family and starting martial arts. Nonetheless, Fuuka soon accepts Einhald's offer and begins training under her—not only out of necessity but also out of the desire to defeat Rinne and make her realize how hurtful her behavior has become. Despite Fuuka's inexperience, Einhald and the other members of the gym have faith in her talent and efforts. [Written by MAL Rewrite]",[],ViVid Strike!,"['Action', 'Drama']",['Martial Arts'],
26,,刀剣乱舞-花丸-,Touken Ranbu - Hanamaru,Touken Ranbu - Hanamaru,,Touken Ranbu - Hanamaru,['TV'],12,Finished Airing,"Oct 3, 2016 to Dec 19, 2016",['Fall 2016'],Mondays at 00:00 (JST),"['Marvelous Entertainment', 'Nitroplus', 'Delfi Sound', 'TOHO animation', 'Good Smile Company', 'DMM.com']",['Funimation'],['Doga Kobo'],Game,,"['Anthropomorphic', 'Historical']",,24 min. per ep.,PG-13 - Teens 13 or older,6.81,#5306,#2391,"88,442",481,21471,"In the year 2205, a special sage known as Saniwa has the ability to breathe life into inanimate objects. At the same time, dark forces have initiated a plot to travel back in time and change the course of history—and the only ones capable of stopping them are the Saniwa and their strongest animations: historical Japanese swords, in the form of handsome young men. Touken Ranbu: Hanamaru opens on the life of Yamatonokami Yasusada, Souji Okita's beloved uchigatana, as he begins his first day at the Saniwa's citadel. Soon reuniting with his old friend, Kashuu Kiyomitsu, the two are caught up in the daily antics of their fellow sword warriors. They never miss an opportunity to have fun, whether it be through wild snowball fights or introducing their newest comrades to the citadel. Of course, when the government calls, the swords are always ready to fulfill their mission of protecting history. [Written by MAL Rewrite]","['Sequel (TV) Zoku Touken Ranbu: Hanamaru', 'Adaptation (Manga) Touken Ranbu: Hanamaru']",Touken Ranbu: Hanamaru,"['Action', 'Comedy', 'Fantasy']",,
27,Zuobi Yishu,チーティングクラフト,Cheating Craft,,,,['TV'],12,Finished Airing,"Oct 5, 2016 to Dec 21, 2016",['Fall 2016'],Wednesdays at 18:30 (JST),"['Haoliners Animation League', 'Emon']","None found,",['Blade'],Novel,,,,12 min. per ep.,PG-13 - Teens 13 or older,5.38,#12498,#2730,"72,220",50,25401,"In a world where academic success decides your entire future, the exam room becomes a ruthless battlefield. Passing the exams guarantees a successful future. Failing dooms you to live a cruel life, tormented by suffering and despair. Only the most intelligent—or cunning—students make it out alive. These are the two strategies of combat: spend your entire life studying for the test, or perfect your cheating strategy. The students who dedicate themselves to studying are called “Learning Type” students, and they are forced to collaborate with a “Cheating Type” student in order to battle their rivals for the top grades. The cheater Zhuge Mu Ming and studious academic Qiao Yi Huang decide to team up against the exams. However, the allies are soon divided, becoming bitter rivals. Will they be able to make it on their own? And if so, who will survive the challenge and emerge victorious? [Written by MAL Rewrite]",[],Cheating Craft,"['Action', 'Comedy']",['School'],
28,"Tu Bian Ying Xiong Baba, 凸变英雄 BABA",TO BE HERO,To Be Hero,,,,['TV'],12,Finished Airing,"Oct 5, 2016 to Dec 21, 2016",['Fall 2016'],Wednesdays at 18:45 (JST),"['Emon', 'LAN Studio']",['Discotek Media'],['Haoliners Animation League'],Original,['Comedy'],,,11 min. per ep.,PG-13 - Teens 13 or older,6.94,#4634,#2860,"66,170",170,29183,"For Uncle, a lecherous but handsome toilet designer, it is just an ordinary day of neglecting his duties as a single parent to hit on women and talk about his ""superpower"": his ability to tell a lady's hip size at a glance. But when he is sucked down into a toilet, the Space Peace Republic Alliance Hero Committee gives him real superpowers, and he becomes the hero of Earth. There is only one problem—he has become an ugly, unrecognizable fatty who is unable to reveal his real identity. Uncle's beloved daughter Min-chan does not believe that such a vulgar fatty could be her father, and casts him out of his own home. Distraught and homeless, he joins up with his perverted neighbor Yamada-san, a small man with a fondness for streaking, and sets out to convince Min-chan that he is her father. Full of sexual innuendo and slapstick humor, To Be Hero follows Uncle as he befriends bizarre allies and combats even more bizarre foes, fighting for the future of earth against aliens and—more importantly—his future with his daughter. [Written by MAL Rewrite]","['Sequel (ONA) Tu Bian Ying Xiong Leaf', '']",To Be Hero,,,
29,,第502統合戦闘航空団 ブレイブウィッチーズ,Brave Witches,,,,['TV'],12,Finished Airing,"Oct 6, 2016 to Dec 29, 2016",['Fall 2016'],Thursdays at 01:35 (JST),"['Nippon Columbia', 'KlockWorx', 'Glovision', 'Sony PCL', 'Kadokawa Media House', 'Sanyo Bussan', 'Kadokawa']","['Funimation', 'Crunchyroll']",['SILVER LINK.'],Original,,,,23 min. per ep.,R+ - Mild Nudity,6.78,#5420,#2952,"62,462",123,22064,"As humanity's war with the Neuroi—a mysterious, hostile alien race possessing weapons of unparalleled power—continues being fought across Europe and Africa, a new fighter squadron is formed. The 502nd Joint Fighter Wing, also known as the Brave Witches, operates on the eastern front, scouring the icy vastness of Orussia in search of alien invaders. However, one of the Brave Witches' members suffers severe injuries on her way to the squadron's headquarters, rendering her unable to participate in any operations. As a result, her sister, Hikari Karibuchi, volunteers to take her place. Though not possessing any special abilities or significant magical powers, she is determined to live up to the expectations of her new comrades and prove herself worthy of the name of a Witch. [Written by MAL Rewrite]","['Prequel (TV) Strike Witches', 'Sequel (TV) Strike Witches 2', 'Adaptation (Light Novel) Brave Witches Prequel', '']",Brave Witches,"['Action', 'Sci-Fi', 'Ecchi']",['Military'],
30,,Lostorage incited WIXOSS,Lostorage incited WIXOSS,Lostorage incited WIXOSS,,Lostorage incited WIXOSS,['TV'],12,Finished Airing,"Oct 8, 2016 to Dec 24, 2016",['Fall 2016'],Saturdays at 00:30 (JST),['Warner Bros. Japan'],['Crunchyroll'],['J.C.Staff'],Card game,['Suspense'],"['High Stakes Game', 'Psychological', 'Strategy Game']",,23 min. per ep.,R - 17+ (violence & profanity),6.68,#6042,#3034,"59,333",112,22387,"Having moved away due to family circumstances, Suzuko Homura returns to her hometown, nostalgic about the cheerful childhood she shared with Chinatsu Morikawa. Forever sealed with a promise of friendship, those days remain a bright memory to Suzuko, yet she has lost contact with Chinatsu during their time apart. Ready to start anew, Suzuko endeavors to put the past behind her and make new friends at school, but she struggles to do so. Meanwhile, Chinatsu is working multiple shifts to support her family as she continues her studies, and the mounting pressure to meet high expectations soon becomes overwhelming. Amid their respective situations, both girls begin playing the popular card game WIXOSS and discover that they have been chosen as Selectors—players whose memories are now represented by gold coins and must battle other Selectors to earn five of them. Guided by their LRIG avatar cards, which are created from the user's memories, the two learn that inconsistently partaking in duels or losing all their coins will result in a grim outcome. Resolved to protect what they hold dear, Suzuko and Chinatsu prepare for the battles ahead and fight for the chance to reclaim themselves. [Written by MAL Rewrite]","['Prequel (TV) Selector Spread WIXOSS', 'Sequel (OVA) Lostorage Conflated WIXOSS: Missing Link', 'Sequel (TV) Lostorage Conflated WIXOSS', '']",Lostorage Incited WIXOSS,,,
31,Maji-Kyun! Renaissance,マジきゅんっ！ルネッサンス,Magic-Kyun! Renaissance,Magic-kyun! Renaissance,,,['TV'],13,Finished Airing,"Oct 2, 2016 to Dec 25, 2016",['Fall 2016'],Sundays at 22:30 (JST),"['Broccoli', 'Pony Canyon', 'Bandai Namco Live Creative', 'Sunrise Music', 'Bandai Namco Rights Marketing']",['Ponycan USA'],['Sunrise'],Mixed media,,"['Music', 'Reverse Harem', 'School', 'Visual Arts']",,23 min. per ep.,PG-13 - Teens 13 or older,7.00,#4384,#3029,"59,480",225,22643,"A world where art becomes magic. In this world, people who can inspire passion with their Magic Arts are called Artistas, and are employed in show business. In Hoshinomori Private Magical Arts High School, where Artistas are taught, a strange new student named Kohana Aigasaki transfers into the school. Kohana is placed on the planning committee for the school's yearly Hoshinomori Summer Festa cultural festival. She spends her romantic school life with six other boys who aim to become entertainers in the future. Each of the boys specializes in his own Arts, and aims to make Hoshi Fes a success. In addition, the boys also aim to be chosen alongside Kohana as the school's Artista Prince and Princess, only chosen once a year. (Source: Official site)","['Adaptation (Manga) Magic-kyun! Renaissance', '']",Magic-Kyun! Renaissance,"['Fantasy', 'Romance']",,
32,,灼熱の卓球娘,Scorching Ping Pong Girls,Scorching Ping Pong Girls,Scorching Ping Pong Girls (Shakunetsu no Takkyuu Musume),Scorching Ping Pong Girls,['TV'],12,Finished Airing,"Oct 4, 2016 to Dec 20, 2016",['Fall 2016'],Tuesdays at 01:35 (JST),"['TV Tokyo', 'Sotsu', 'AT-X', 'KlockWorx', 'Memory-Tech', 'Studio Mausu', 'DIVE II Entertainment', 'Avex Pictures', ""Children's Playground Entertainment"", 'BS TV Tokyo', 'FuRyu']","None found,",['Kinema Citrus'],['Web manga'],['Sports'],,,24 min. per ep.,PG-13 - Teens 13 or older,7.05,#4154,#3451,"46,593",143,19635,"In the world of Japanese ping pong, a mighty king has fallen. An underdog team suddenly breaks the indomitable Oudou Academy's nine year winning streak, creating a power vacuum as players everywhere are given hope that they too can reach the national tournament. Suzumegahara Middle School is home to a small-time team: Hanabi Tenka, who has a rapid attack style; Hokuto Itsumo, who can predict the ball's most likely path; Agari Kamiya, famous for her signature backhand smash; vice-captain Mune Oomune, who has an aggressive playstyle; and team captain Kiruka Ushirode, who possesses an impenetrable defense. Despite their skill at ping pong, the team has never made it further than the local city tournaments. But everything changes when transfer student Koyori Tsumujikaze arrives in town. Filled with an intense love of the game, she quickly makes a name for herself as another top player on the team. Koyori's positive attitude towards ping pong lights a fire in each of the girls' competitive hearts, and together they embark on a mission to win the national tournament. [Written by MAL Rewrite]","['Adaptation (Manga) Shakunetsu no Takkyuu Musume', '']",Shakunetsu no Takkyuu Musume,,,
33,,学園ハンサム,Gakuen Handsome,,,,['TV'],12,Finished Airing,"Oct 4, 2016 to Dec 20, 2016",['Fall 2016'],Tuesdays at 01:00 (JST),"None found,","None found,",['Team YokkyuFuman'],Game,,"['Parody', 'School']",,3 min. per ep.,PG-13 - Teens 13 or older,6.75,#5591,#3507,"45,408",325,23006,"High school student Yoshiki Maeda is starting a new year in the all-boys Baraman High School. On the first day, Yoshiki reconnects with his childhood friend, Takuya Saotome, and meets his odd and dramatic homeroom teacher, Teruhiko Saionji. Yoshiki's younger sister, Yuu, is aware of many of these handsome boys and seems to take pleasure in teasing her big brother about them. Yoshiki soon discovers a number of stereotypical romance characters and has no choice but to deal with their outright ludicrous and nonsensical boys' love antics. [Written by MAL Rewrite]","['Sequel (Special) Gakuen Handsome Special', '']",Gakuen Handsome,"['Boys Love', 'Comedy']",,
34,"Uta no☆Prince-sama♪ Maji Love Fourth Season, UtaPri 4",うたの☆プリンスさまっ♪マジLOVE レジェンドスター,Uta no Prince Sama Legend Star,Uta no☆Prince-sama♪: Legend Star,Uta no☆Prince-sama♪: Legend Star,Uta no☆Prince-sama♪: Legend Star,['TV'],13,Finished Airing,"Oct 2, 2016 to Dec 25, 2016",['Fall 2016'],Sundays at 01:00 (JST),"['Broccoli', 'Movic', 'MAGES.', 'Hakuhodo DY Music & Pictures', 'King Records']",['Sentai Filmworks'],['A-1 Pictures'],Visual novel,,"['Idols (Male)', 'Music', 'Reverse Harem']",['Josei'],24 min. per ep.,PG-13 - Teens 13 or older,7.14,#3718,#3592,"43,451",218,15837,"The anime's story will start where the third season left off, at the competition for who will open the Triple S international sporting event. Raging Entertainment's HE★VENS idol group had hijacked the competition between QUARTET NIGHT and ST☆RISH, causing chaos. However, after the QUARTET NIGHT members suggest a certain idea, the three groups aim toward a new stage, with HE★VENS swearing to get their revenge on the other two groups. (Source: ANN)","['Prequel (TV) Uta no☆Prince-sama♪ Maji Love Revolutions', 'Sequel (Movie) Uta no☆Prince-sama♪ Movie: Maji Love Kingdom']",Uta no☆Prince-sama♪ Maji Love Legend Star,"['Comedy', 'Romance']",,
35,,ステラのまほう,Magic of Stella,Magic of Stella,Magic of Stella,Magic of Stella,['TV'],12,Finished Airing,"Oct 3, 2016 to Dec 19, 2016",['Fall 2016'],Mondays at 22:30 (JST),"['Kadokawa Shoten', 'AT-X', 'flying DOG', 'Houbunsha', 'Hakuhodo DY Music & Pictures']",['Sentai Filmworks'],['SILVER LINK.'],['4-koma manga'],['Comedy'],"['CGDCT', 'School', 'Video Game']",,23 min. per ep.,PG-13 - Teens 13 or older,6.85,#5087,#3698,"41,381",62,14536,"Upon enrolling in high school, Tamaki Honda joins a club for making doujin games known as the SNS Club. Joined by programmer Shiina, writer Ayame, and composer Kayo, Tamaki begins working as an illustrator for the club's next game. (Source: Wikipedia)","['Adaptation (Manga) Stella no Mahou', '']",Stella no Mahou,,,
36,,SHOW BY ROCK!! ＃,Show By Rock!! 2,,,,['TV'],12,Finished Airing,"Oct 2, 2016 to Dec 18, 2016",['Fall 2016'],Sundays at 22:00 (JST),"['Shochiku', 'Pony Canyon', 'Sanrio', 'Studio GOONEYS']",['Funimation'],['Bones'],Game,,"['Isekai', 'Music']",,23 min. per ep.,PG-13 - Teens 13 or older,7.05,#4156,#4132,"32,984",74,11849,"Metropolis of music, MIDICITY. A kitty girl wearing gothic lolita clothing named Cyan is scouted by Maple Arisugawa, the president of a music agency. From there, she meets Chuchu (a pun off of the sound that rabbits make) the honor student rabbit girl, a net geek dog girl named Retoree (from ""Retriever""), and an alien sheep (?) girl named Moa. Together, they form the band named ""Plasmagica,"" and aim for the top of the world. However, the path there is long and tough, and keeping in high spirits is important. By battling against other strange bands, Plasmagica slowly grows toward a top-grade band. In the end, they'll be a band that becomes the driving force of MIDICITY's music industry... Maybe? Gonna be a music millionaire! (Source: Sanrio)","['Prequel (TV) Show By Rock!!', '']",Show By Rock!! #,"['Comedy', 'Fantasy']",,
37,Young Kiitarou and His Youkai Picture Diary,奇異太郎少年の妖怪絵日記,Kiitaro's yokai picture diary,Kiitaro's Yokai Picture Diary,El Diario Fotográfico Yokai de Kiitaro,Kiitarô Shônen no Yôkai Enikki,['TV'],12,Finished Airing,"Oct 5, 2016 to Dec 21, 2016",['Fall 2016'],Wednesdays at 22:33 (JST),['Cloud22'],"None found,",['Creators in Pack'],['Web manga'],,,,4 min. per ep.,PG-13 - Teens 13 or older,6.44,#7467,#4191,"31,705",43,10701,"This is the visual diary of Kiitarou's experience with youkai. He's a boy with a very strong spirit sense, but when he entered a forbidden storehouse, he was kicked out of his home. He soon found a new place to live, where he met a zashiki warashi (house spirit) named Suzu. He and Suzu soon began to attract all kinds of spirit creatures, starting with a nurikabe (appears as a wall that impedes travelers) and mokumokuren (appears as eyes in a torn paper wall). What kind of folkloric creature will he meet next? (Source: MangaHelpers)","['Sequel (Special) Kiitarou Shounen no Youkai Enikki: Jonan no Saijitsu', 'Adaptation (Manga) Kiitarou Shounen no Youkai Enikki']",Kiitarou Shounen no Youkai Enikki,"['Comedy', 'Supernatural']",,
38,Longriders!,ろんぐらいだぁす！,Long Riders!,,,,['TV'],12,Finished Airing,"Oct 8, 2016 to Feb 5, 2017",['Fall 2016'],Saturdays at 21:00 (JST),"['Lantis', 'DAX Production', 'NBCUniversal Entertainment Japan', 'Hakuhodo DY Music & Pictures', 'Ichijinsha', 'Bandai Channel']",['Sentai Filmworks'],['Actas'],['Manga'],,,['Shounen'],23 min. per ep.,PG-13 - Teens 13 or older,6.71,#5858,#4344,"29,460",62,10730,"Falling in love at first sight with a collapsible bicycle outside the station, Ami Kurata, first-year university student empties her account without a second thought and buys the bicycle. Now she enjoys weekend cycling trips with Aoi, her childhood friend, and Hinako, a senior at her university. ""Owning a road bike may change your view of the world completely."" Prompted by the comment, Ami purchased a road bike, and she is really impressed with the traveling performance. As soon as she places her feet on the pedals and presses down, everything about riding a road bicycle—the lightness of the pedal, the speed, the acceleration—is nothing like she has ever experienced. Ami's cycle life gets going with the new road cycle as her partner! (Source: Showgate, edited)","['Adaptation (Manga) Long Riders!', '']",Long Riders!,"['Comedy', 'Sports']",['CGDCT'],
39,,装神少女まとい,Matoi the Sacred Slayer,Matoi the Sacred Slayer,Matoi the Sacred Slayer,Matoi the Sacred Slayer,['TV'],12,Finished Airing,"Oct 4, 2016 to Dec 20, 2016",['Fall 2016'],Tuesdays at 23:00 (JST),"['Bandai Visual', 'Lantis', 'Nihon Ad Systems', 'Movic', 'Half H.P Studio', 'Q-Tec', 'Medicos Entertainment', 'Infinite', 'Kyoto Broadcasting System']",['Sentai Filmworks'],['White Fox'],Original,['Supernatural'],,,24 min. per ep.,PG-13 - Teens 13 or older,6.71,#5809,#4345,"29,459",33,9126,"Matoi Sumeragi wishes for nothing more than to lead a normal life away from the spotlight. She is quite satisfied alternating between school and her part-time job at her best friend Yuma Kusanagi's family shrine. But this routine life is permanently disturbed when a Night—an evil extra-dimensional entity—attacks the shrine. Matoi is able to drive it off after unwittingly calling upon the powers of a god, the natural enemies of the Nights. Matoi and Yuma are soon joined by Claris Tonitolus, an experienced exorcist from the Vatican, and agent Haruka Luciela, who works for the secretive Night defense organization IATO. Despite not knowing the perpetrator behind these attacks nor their motive, Matoi must come to master this newfound power in order to protect both the people around her and the once normal life she holds so dear. [Written by MAL Rewrite]","['Sequel (Special) Soushin Shoujo Matoi: Kabushiki Gaisha Knight Busters', '']",Soushin Shoujo Matoi,,,
40,,信長の忍び,Ninja Girl & Samurai Master,Ninja Girl & Samurai Master,,Ninja Girl & Samurai Master,['TV'],26,Finished Airing,"Oct 4, 2016 to Mar 28, 2017",['Fall 2016'],Tuesdays at 21:55 (JST),"None found,","None found,",['TMS Entertainment'],['4-koma manga'],['Comedy'],,,3 min. per ep.,PG-13 - Teens 13 or older,7.11,#3866,#4421,"28,440",37,10536,"Rescued from nearly drowning in a river, a young Chidori yearns to pay back her savior's kindness. Though her cute and innocent appearance might not show it, she is actually a highly skilled ninja, so years later, Chidori and her friend Sukezou come to serve under the man who saved her—the ambitious warlord, Nobunaga Oda. As Nobunaga fights off invading forces and sets his sights upon neighboring lands, Chidori is assigned vital tasks to assure victory, such as gathering information or assassinating key figures. Between taking on these important missions and dealing with the colorful cast of Nobunaga's family and servants, the young ninja is always ready to do her best to lead her master toward greatness. [Written by MAL Rewrite]","['Prequel (Special) Nobunaga no Shinobi: Nobunaga to Minarai Shinobi', 'Sequel (TV) Nobunaga no Shinobi: Ise Kanegasaki-hen', 'Adaptation (Manga) Nobunaga no Shinobi', '']",Nobunaga no Shinobi,,['Historical'],
41,,クラシカロイド,ClassicaLoid,,,,['TV'],25,Finished Airing,"Oct 8, 2016 to Apr 1, 2017",['Fall 2016'],Saturdays at 17:30 (JST),"['NHK', 'Bandai Namco Pictures']",['Sentai Filmworks'],['Sunrise'],Original,['Comedy'],"['Anthropomorphic', 'Music']",,24 min. per ep.,PG-13 - Teens 13 or older,6.41,#7637,#4524,"27,108",88,7071,"Ever since her father used up the last of the family fortune and skipped town, Kanae Otowa has lived in her family's ancestral mansion, Otowakan. With no way to pay off her father's debts, Otowakan is being foreclosed and Kanae must oust the remaining residents—her friend Sousuke Kagura, and two strange people who claim to be her father's acquaintances, Wolfgang Amadeus Mozart and Ludwig van Beethoven. After somehow being resurrected, Mozart and Beethoven have started going by ""Motes"" and ""Beethes"" respectively, and begun to indulge in a variety of idiotic, non-musical pursuits. While stubbornly refusing to leave Otowakan, Beethes unlocks the hidden power of Musik, saving Otowakan from demolition and delaying his eviction. With this discovery, other Musik users are drawn to Otowakan, including Frédéric Chopin, Franz Liszt, and Franz Schubert. However, not all Musik users have innocent desires. Across the city, the enigmatic Johann Sebastian Bach sits atop a tall building, plotting how to use his Musik. [Written by MAL Rewrite]","['Sequel (TV) ClassicaLoid 2nd Season', '']",ClassicaLoid,,,
42,"Bubuki Buranki 2nd Season, Bubuki Buranki: Star of the Giants",ブブキ・ブランキ 星の巨人,BBK/BRNK: The Gentle Giants of the Galaxy,BBK/BRNK: The Gentle Giants of the Galaxy,BBK/BRNK: The Gentle Giants of the Galaxy,BBK/BRNK: The Gentle Giants of the Galaxy,['TV'],12,Finished Airing,"Oct 1, 2016 to Dec 17, 2016",['Fall 2016'],Saturdays at 21:30 (JST),"['Dentsu', 'AT-X', 'Ultra Super Pictures', 'Sony Music Communications', 'Bushiroad', 'Sammy', 'Kadokawa Media (Taiwan)', 'Tose', 'Kadokawa']","None found,",['SANZIGEN'],Original,,,,23 min. per ep.,PG-13 - Teens 13 or older,6.74,#5668,#4548,"26,880",23,11613,Sequel of Bubuki Buranki.,"['Prequel (TV) Bubuki Buranki', '']",Bubuki Buranki: Hoshi no Kyojin,"['Action', 'Drama', 'Sci-Fi']",['Mecha'],
43,,バーナード嬢曰く。,Miss Bernard said.,Miss Bernard Said.,Miss Bernard Said.,Miss Bernard said.,['TV'],12,Finished Airing,"Oct 7, 2016 to Dec 23, 2016",['Fall 2016'],Fridays at 01:00 (JST),"['DAX Production', 'Dream Creation', ""Gen'ei""]","None found,",['Creators in Pack'],['Manga'],['Comedy'],,,3 min. per ep.,PG-13 - Teens 13 or older,5.96,#10095,#4810,"23,416",27,10320,"​Sawako Machida—or ""Miss Bernard,"" as she prefers to be called—can frequently be found in the school library with a book in hand. Whether or not she has read it, however, is another matter entirely. In her own words, Sawako finds it too much work to actually read, and would rather just make others believe she spends a lot of time reading. But in the same library where she constantly hangs out, there are other students who love books and are quite upset with her disdainful approach to reading their favorite titles. As she pretends to read and discuss great literary works amid eccentric book lovers, Sawako finds herself learning something after all, as well as making new friends along the way. [Written by MAL Rewrite]","['Sequel (Special) Bernard-jou Iwaku.: Ofuro Dokusho', 'Adaptation (Manga) Bernard-jou Iwaku.']",Bernard-jou Iwaku.,,['School'],
44,,タイガーマスクW,Tiger Mask W,,,,['TV'],38,Finished Airing,"Oct 2, 2016 to Jul 2, 2017",['Fall 2016'],Sundays at 02:30 (JST),['TV Asahi'],"None found,",['Toei Animation'],['Manga'],,,['Shounen'],23 min. per ep.,PG-13 - Teens 13 or older,6.93,#4703,#4867,"22,796",76,8674,"Two young wrestlers face each other in a recently revived underground wrestling organization, the Tiger's Lair, which destroyed the wrestling dojo they grew up in. One took over the training facilities of Naoto Date at the foot of Mount Fuji, as well as the mask he left behind. The other dared to enter the Tiger's Lair and won a fierce competition, receiving a jet-black tiger mask. One tiger walks the path of light, while the other walks the path of shadows. Neither one knows the other's face. On the ring, they are natural enemies, but they have the same purpose—destroy the Tiger's Lair! (Source: MAL News)","['Prequel (TV) Tiger Mask Nisei', '']",Tiger Mask W,"['Drama', 'Sports']",['Combat Sports'],
45,,あおおに ～じ・あにめぇしょん～,Aooni The Blue Monster,Aooni The Blue Monster,Aooni The Blue Monster,Aooni The Blue Monster,['TV'],13,Finished Airing,"Oct 3, 2016 to Jan 9, 2017",['Fall 2016'],Mondays at 02:05 (JST),['DAX Production'],"None found,",['Studio Deen'],Game,,,,3 min. per ep.,R - 17+ (violence & profanity),5.11,#13079,#4923,"22,072",34,11416,"In most ordinary high schools, many stories and rumors float around—some scandalous, some happy and some...more macabre. One such example is of monsters lurking in an abandoned mansion outside of town. Such tales, however, prove too tempting to resist for Hiroshi and his friends Mika, Takeshi, and Takurou. They decide to brave the rumored dangers in order to investigate the manor and complete a test of courage. Each of them approaches the mansion with an overwhelming sense of dread. And when they enter, they come upon a blue monster named Ao Oni who attacks them. As Hiroshi and his friends try to solve the various puzzles in the mansion and escape their new blue nemesis, they find themselves meeting several horrible endings as they fail miserably. [Written by MAL Rewrite]",[],Ao Oni The Animation,"['Comedy', 'Horror']",['Gore'],
46,Shi Ling Yanwu,侍霊演武[ソウルバスター],Soul Buster,,,,['TV'],12,Finished Airing,"Oct 4, 2016 to Dec 11, 2016",['Fall 2016'],Tuesdays at 18:30 (JST),['MAGES.'],"None found,",['Pierrot'],['Web manga'],['Action'],,,13 min. per ep.,PG-13 - Teens 13 or older,5.73,#11256,#4943,"21,942",14,7360,"Keishuu, China. The history books say that in the era of the Three Kingdoms, this land was a place of never-ending war. A young high school boy, Sonshin, who hates his city's history, is troubled by a certain dream. When he wakes up from the dream, strange things begin to happen one after another, and without understanding what's going on, he suddenly finds himself facing Gien, one of the generals from the Romance of the Three Kingdoms, who's trying to kill him! Just before Gien's blade strikes home, a mysterious beautiful woman appears in front of Sonshin. What trials await Sonshin, as he witnesses this terrible battle between two generals of the Three Kingdoms? (Source: Crunchyroll)",[],Soul Buster,,['Samurai'],
47,"Age 12., Juuni-sai.",12歳。～ちっちゃなムネのトキメキ～,,,,,['TV'],12,Finished Airing,"Oct 3, 2016 to Dec 19, 2016",['Fall 2016'],Mondays at 19:30 (JST),"['Shogakukan-Shueisha Productions', 'AT-X', 'Nippon Columbia', 'Warner Bros. Japan', 'Shogakukan', 'JR East Marketing & Communications', 'Sun TV']","None found,",['OLM'],['Manga'],['Romance'],,['Shoujo'],24 min. per ep.,PG - Children,6.58,#6601,#5293,"18,584",18,8655,"The story begins with Hanabi, a sixth-grade girl who is neither an adult nor a child. She deals with issues such as accidentally witnessing her homeroom teacher kissing, and worrying about experiencing physiological changes before her friends. The series depicts a 12-year-old girl's innocent worries and first love. (Source: ANN)","['Prequel (TV) 12-sai.: Chicchana Mune no Tokimeki', 'Adaptation (Manga) 12-sai.']",12-sai.: Chicchana Mune no Tokimeki 2nd Season,,['School'],
48,Appmon,デジモンユニバース アプリモンスターズ,Digimon Universe App Monsters,Digimon Universe App Monsters,Digimon Universe App Monsters,Digimon Universe App Monsters,['TV'],52,Finished Airing,"Oct 1, 2016 to Sep 30, 2017",['Fall 2016'],Saturdays at 09:30 (JST),['Dentsu'],"None found,",['Toei Animation'],Original,,,['Kids'],24 min. per ep.,PG - Children,6.61,#6454,#5558,"16,295",88,6442,"Everyone in the world uses smartphone apps. But inside them lurks unknown creatures called ""Appli Monsters,"" or ""Appmon."" The Appmon are AI lifeforms with the ability to think and act, and exist in the boundary between the human world and digital space. In the vast sea of the internet, the ""last boss AI"" Leviathan takes control of the Appmon with a virus and begins hacking every system, thus starting to control the human world from the world of the net. Haru Shinkai is led to acquire the Appli Drive, and uses it to materialize Gatchmon, a search app monster. (Source: ANN)","['Adaptation (Manga) Digimon Universe: Appli Monsters', '']",Digimon Universe: Appli Monsters,"['Action', 'Adventure', 'Comedy', 'Fantasy', 'Sci-Fi']",,
49,,モンスターハンターストーリーズ RIDE ON,Monster Hunter Stories: Ride On,Monster Hunter Stories Ride On,,Monster Hunter Stories Ride On,['TV'],75,Finished Airing,"Oct 2, 2016 to Apr 1, 2018",['Fall 2016'],Sundays at 08:30 (JST),"['Dentsu', 'Fuji TV', 'Capcom', 'Fuji Creative']",['Funimation'],['David Production'],Game,['Fantasy'],,,24 min. per ep.,PG-13 - Teens 13 or older,6.28,#8385,#5577,"16,104",49,3775,"This is a world where both men and monsters exist. Those who hunt the monsters are called Hunters. But in a small corner of the Hunter's world, there are those called Riders who bond with and coexist with monsters. With their Kizuna Ishi (Bonding Stones) that allow them to awaken the hidden power inside monsters, Riders live in secrecy together with their Otomon, the monsters they formed a connection with. Ryuto, a young boy living in the Rider village of Hakum, dreams of becoming the world's best Rider. Having just turned 12, he sets out to find his own Otomon for himself before the ceremony where he is given his own Kizuna Ishi. Together with his kind-hearted childhood friend Cheval, his inquisitive childhood friend Lilia, and his partner Naville, he sets out deep into the forest, and has a miraculous encounter with a Rathalos. (Source: ANN, edited)",[],Monster Hunter Stories: Ride On,,,
50,,てーきゅう 8期,Teekyu 8,Teekyu 8,Teekyu 8,Teekyu 8,['TV'],12,Finished Airing,"Oct 5, 2016 to Dec 21, 2016",['Fall 2016'],Wednesdays at 22:30 (JST),"['DAX Production', 'SMIRAL Animation']","None found,",['Millepensee'],['Manga'],['Comedy'],,['Shounen'],2 min. per ep.,PG-13 - Teens 13 or older,6.62,#6369,#5579,"16,103",13,8487,Eighth season of the Teekyuu anime series.,"['Prequel (TV) Teekyuu 7', 'Sequel (TV) Teekyuu 9', 'Adaptation (Manga) Teekyuu', '']",Teekyuu 8,,,
51,Ani Tore! XX,あにトレ! XX~ひとつ屋根の下で~,Anime de Training! Xx,Anime De Training! XX,Anime de Training! Xx,Anime De Training! XX,['TV'],12,Finished Airing,"Oct 5, 2016 to Dec 21, 2016",['Fall 2016'],Wednesdays at 22:43 (JST),"['F.M.F', 'SMIRAL Animation']","None found,",['Rising Force'],Original,['Sports'],,,4 min. per ep.,PG-13 - Teens 13 or older,5.58,#11862,#5603,"15,947",10,6475,"Sequel of Anitore! EX. New member Sakura Izumi joins the five idol candidates of the previous season. A second year middle schooler, she often wears a big smile on her face. (Source: ANN)","['Prequel (TV) Anitore! EX', '']",Anitore! XX: Hitotsu Yane no Shita de,,,
52,Mahou Shoujo Nante Mouiidesukara.,魔法少女なんてもういいですから。 セカンドシーズン,Mahou Shoujo Nante Mouiidesukara Second Season,Mahou Shoujo Nante Mouiidesukara Zweite Staffel,Mahou Shojo Nante Mouiidesukara Temporada 2,Mahô Shôjo Nante Môiidesukara Saison 2,['TV'],12,Finished Airing,"Oct 5, 2016 to Dec 21, 2016",['Fall 2016'],Wednesdays at 22:38 (JST),"['F.M.F', 'SMIRAL Animation']","None found,",['PINE JAM'],['Web manga'],['Comedy'],,,4 min. per ep.,PG-13 - Teens 13 or older,6.07,#9532,#5867,"14,137",5,7205,Second season of Mahou Shoujo Nante Mou Ii Desu kara.,"['Prequel (TV) Mahou Shoujo Nante Mou Ii desu kara.', 'Adaptation (Manga) Mahou Shoujo nante Mou Ii desukara.']",Mahou Shoujo Nante Mou Ii desu kara. Second Season,,['Mahou Shoujo'],
53,,ナゾトキネ,Nazotokine,,,,['TV'],12,Finished Airing,"Oct 5, 2016 to Dec 21, 2016",['Fall 2016'],Wednesdays at 22:20 (JST),['Pony Canyon Enterprises'],"None found,",['Tengu Kobo'],Original,,,,7 min. per ep.,PG-13 - Teens 13 or older,4.82,#13399,#5984,"13,472",4,4648,"Tokine Amino is the young and overburdened secretary of the CEO at a talent agency. One day while cleaning, she is suddenly transported to a strange alternate dimension ruled by a floating piglike creature. The creature, Hacchin, explains that this dimension is called ""Quizun,"" and transforms her outfit before stating that she cannot leave unless she solves a puzzle within five minutes. While Tokine manages to keep a mostly calm composure and solve the puzzle, Hacchin recognizes her talent and decides that the two will meet again. Now Tokine runs the risk of suddenly being transported to Quizun at any time, along with anyone who may be within her vicinity. [Written by MAL Rewrite]","['Sequel (TV) Kaito x Ansa', '']",Nazotokine,,['Strategy Game'],
54,,CARDFIGHT!! ヴァンガードG NEXT,,Cardfight!! Vanguard G: NEXT,Cardfight!! Vanguard G: NEXT,Cardfight!! Vanguard G: NEXT,['TV'],52,Finished Airing,"Oct 2, 2016 to Oct 1, 2017",['Fall 2016'],Sundays at 10:00 (JST),"['Sotsu', 'Ace Crew Entertainment']","None found,",['OLM'],Card game,['Action'],,,24 min. per ep.,PG-13 - Teens 13 or older,6.68,#6025,#6267,"11,926",18,5245,Third season of Cardfight!! Vanguard G series.,"['Prequel (TV) Cardfight!! Vanguard G: Stride Gate-hen', 'Sequel (TV) Cardfight!! Vanguard G Z']",Cardfight!! Vanguard G Next,,['Strategy Game'],
55,,アイドルメモリーズ,,,,,['TV'],12,Finished Airing,"Oct 3, 2016 to Dec 19, 2016",['Fall 2016'],Mondays at 00:30 (JST),['Glovision'],"None found,",['Seven Arcs Pictures'],Original,,"['Idols (Female)', 'Music']",,12 min. per ep.,PG-13 - Teens 13 or older,5.39,#12463,#6948,"9,343",12,2188,"The story of Idol Memories is set in the near future, where live idol music performances in virtual reality have become commonplace. Against this backdrop, a pair of rival idol groups compete for the coveted ""tiara,"" which represents the number one spot in the ""Idol League."" (Source: Crunchyroll)",[],Idol Memories,,,
56,Chi's Sweet Home (2016),こねこのチー ポンポンらー大冒険,Chi's Sweet Adventure,,,Chi: Mon Chaton Saison 1,['TV'],51,Finished Airing,"Oct 2, 2016 to Sep 24, 2017",['Fall 2016'],Sundays at 07:00 (JST),['Half H.P Studio'],"None found,",['Marza Animation Planet'],['Manga'],['Slice of Life'],,,12 min. per ep.,G - All Ages,6.84,#5140,#7529,"7,614",22,2132,"The combined 22nd and 23rd issue of Kodansha's Morning magazine, which will go on sale on April 28, has announced a new 3D CG anime of Kanata Konami's slice-of-life manga Chi's Sweet Home.","[""Prequel (TV) Chi's Sweet Home: Atarashii Ouchi"", 'Sequel (TV) Koneko no Chi: Ponponra Dairyokou', ""Adaptation (Manga) Chi's Sweet Home"", 'Adaptation (Manga) Kyou no Koneko no Chi']",Koneko no Chi: Ponponra Daibouken,,['Pets'],
57,Ame-iro Cocoa 3,雨色ココア in Hawaii,Rainy Cocoa in Hawaii,,,,['TV'],12,Finished Airing,"Oct 2, 2016 to Dec 18, 2016",['Fall 2016'],Sundays at 22:25 (JST),['DAX Production'],"None found,",['EMT Squared'],['Web manga'],,,,2 min. per ep.,PG-13 - Teens 13 or older,4.77,#13447,#7722,"7,174",4,2350,"Ame-iro Cocoa: Rainy Cocoa Goes to Hawaii!! Nozomu Tokura, who is Aoi's older brother, is appointed as the manager of the Hawaii store. With more new characters, will he be able to open up the store there successfully?","['Prequel (TV) Ame-iro Cocoa: Rainy Color e Youkoso!', 'Sequel (TV) Ame-iro Cocoa Series: Ame-con!!']",Ame-iro Cocoa in Hawaii,"['Comedy', 'Slice of Life']",['Workplace'],
58,,にゃんぼー!,Nyanbo!,,,,['TV'],26,Finished Airing,"Sep 27, 2016 to Mar 28, 2017",['Fall 2016'],Tuesdays at 06:40 (JST),"['KlockWorx', 'Asmik Ace', 'bilibili', 'FuRyu', 'Kadokawa', 'Crunchyroll SC Anime Fund', 'NHK Enterprises']",['Discotek Media'],['Shirogumi'],['Manga'],['Comedy'],,,5 min. per ep.,PG - Children,6.36,#7935,#7915,"6,768",8,2472,"The ""Nyanbo"" are creatures with square bodies with ears and tails that came to Earth from outer space. There's Tora, who dreams of repairing their broken UFO and returning to space, as well as his sister Kotora, the precocious Shiro, the mischievous Mike, the mysterious Kuro, and many more. All of these Nyanbos are now happily living much like cats, free-spirited and sometimes getting into trouble, in places that humans don't know about. (Source: Crunchyroll)",[],Nyanbo!,,,
59,Sengoku Wildlife Caricatures,戦国鳥獣戯画~甲~,SENGOKUCHOJYUGIGA,Sengokuchojyugiga,Sengokuchojyugiga,Sengoku Chôjû Giga,['TV'],13,Finished Airing,"Oct 9, 2016 to Jan 8, 2017",['Fall 2016'],Sundays at 01:42 (JST),['King Records'],"None found,",['ILCA'],Original,['Supernatural'],"['Historical', 'Mythology', 'Samurai']",,3 min. per ep.,PG-13 - Teens 13 or older,5.85,#10694,#8034,"6,501",6,2541,"The history, either daily life or life stories of Sengoku warriors, is described using animals. We invite popular young actors and unique casts to voice out those Sengoku warriors while joking about them. An anime that teases Japan's history and Sengoku warriors; that's ""Sengoku Choujuu Giga."" (Source: MAL News)","['Sequel (TV) Sengoku Choujuu Giga: Otsu', '']",Sengoku Choujuu Giga: Kou,,,
60,,はがねオーケストラ,Hagane Orchestra,,,,['TV'],12,Finished Airing,"Oct 10, 2016 to Dec 26, 2016",['Fall 2016'],Mondays at 01:00 (JST),"None found,","None found,",['Fanworks'],Game,,"['Parody', 'Strategy Game']",,4 min. per ep.,PG-13 - Teens 13 or older,5.51,#12083,#8645,"5,463",3,1691,A group of young girls make a living by running an armored vehicle customization workshop in a desert town. They discuss different ways of promoting their business every day. (Source: ANN),[],Hagane Orchestra,"['Adventure', 'Comedy']",,
61,,タイムボカン24,Time Bokan 24,,,,['TV'],24,Finished Airing,"Oct 1, 2016 to Mar 18, 2017",['Fall 2016'],Saturdays at 17:30 (JST),"['Yomiuri Telecasting', 'Level-5']","None found,",['Tatsunoko Production'],Original,,,,23 min. per ep.,PG-13 - Teens 13 or older,5.85,#10701,#8855,"5,121",2,1374,"Tokio is a junior high student living in the present time who is recruited to be a member of the 24th century's Space-Time Administration Bureau. Together with his partner Calen, their mission is to uncover the ""True History"", the part of history that the textbooks doesn't tell. But in their way is the Akudama Trio that intends to prevent the True History from being revealed for their own personal gains. (Source: Wikipedia)","['Sequel (TV) Time Bokan: Gyakushuu no San Akunin', '']",Time Bokan 24,"['Adventure', 'Comedy']",['Mecha'],
62,Mysterious Joker 4,怪盗ジョーカー シーズン,JOKER 4th Season,,,,['TV'],13,Finished Airing,"Oct 3, 2016 to Dec 26, 2016",['Fall 2016'],Mondays at 19:00 (JST),"['Shogakukan-Shueisha Productions', 'Vega Entertainment', 'Asatsu DK', 'Kids Station', 'd-rights', 'Tokyo MX']","None found,",['Shin-Ei Animation'],['Manga'],,,['Kids'],24 min. per ep.,PG - Children,7.38,#2457,#8959,"4,969",30,2271,"Fourth season in the Kaitou Joker anime series. The thief Mysterious Joker doesn't just steal things. An audacious and elusive miracle-maker, he travels the world searching for treasure with his partner and cook Hachi. As they circle the globe, they must avoid traps set by the police and compete in various competitions to reach their final goal, the Timeslip Treasure. (Source: ANN)","['Prequel (TV) Kaitou Joker 3rd Season', 'Adaptation (Manga) Kaitou Joker']",Kaitou Joker 4th Season,"['Adventure', 'Comedy', 'Mystery']",,
63,Bishoujo Yuugi Unit Crane Gale: Crane Game Girls 2,美少女遊戯ユニット クレーンゲールギャラクシー,Crane Game Girls Galaxy,Crane Game Girls Galaxy,Carne Game Girls Galaxy,Crane Game Girls Galaxy,['TV'],12,Finished Airing,"Oct 5, 2016 to Dec 21, 2016",['Fall 2016'],Wednesdays at 22:00 (JST),['Pony Canyon Enterprises'],"None found,",['Kyotoma'],Original,,"['Space', 'Strategy Game']",,13 min. per ep.,PG - Children,4.73,#13490,#9901,"3,662",1,1539,"After utilizing the power of crane games to protect Earth from certain destruction by asteroids, the Crane Game Girls successfully become the planet's most popular idol group. However, their success is bittersweet when their manager, Saya, disappears on the day of their fateful final mission. One day, an Earth Invasion Idol group known as Dark Cherry interrupts a live show and challenges the Crane Game Girls to a battle. To make matters worse, Saya has reappeared as Dark Cherry's manager! As the group prepares to face off against their new foes, they begin to unravel the secrets of Saya's betrayal and the reasons behind the sudden invasion from planet Dark Gorilla. [Written by MAL Rewrite]","['Prequel (TV) Bishoujo Yuugi Unit Crane Game Girls', '']",Bishoujo Yuugi Unit Crane Game Girls Galaxy,"['Comedy', 'Sci-Fi']",,
64,,ヘボット!,HEYBOT!,,,,['TV'],50,Finished Airing,"Sep 18, 2016 to Sep 24, 2017",['Fall 2016'],Sundays at 07:00 (JST),['Bandai'],"None found,",['Bandai Namco Pictures'],Original,,,['Kids'],23 min. per ep.,PG - Children,6.08,#9516,#10618,"2,937",22,1041,"The anime takes place on the screw-shaped island country of Nejigajima and follows the two ""Bokyabots"" Hebot and the Yurui Prince Nejiru as they collect different ""Bokya Neji"" screws. When the Bokyabots wear the Bokya Neji screws on their heads, they're able to compete in ""Bokya Battles,"" battles for who can think up and tell the best jokes. (Source: ANN)",[],Heybot!,"['Comedy', 'Sci-Fi']",['Parody'],
65,,３ねんＤぐみガラスの仮面,The Glass Mask Year 3 Class D,The Glass Mask Year 3 Class D,La Máscara de Cristal 3D,The Glass Mask Year 3 Class D,['TV'],13,Finished Airing,"Oct 3, 2016 to Dec 26, 2016",['Fall 2016'],Mondays at 21:55 (JST),"None found,","None found,",['DLE'],['Manga'],['Comedy'],"['Parody', 'School']",['Shoujo'],4 min. per ep.,PG - Children,4.69,#13528,#10921,"2,681",3,1115,The series re-imagines the Glass Mask manga and its characters in a school gag comedy focused on satirizing modern society. (Source: ANN),"['Adaptation (Manga) Glass no Kamen', '']",3-nen D-gumi Glass no Kamen,,,
66,Kamigaminoki,神々の記,Kamigami no Ki,,,,['TV'],16,Finished Airing,"Nov 25, 2016 to Apr 28, 2017",['Fall 2016'],Fridays at 01:25 (JST),"None found,","None found,",['Sotsu'],Original,,,,2 min. per ep.,PG - Children,5.92,#10315,#13357,"1,278",3,311,"Set during 3000 BCE in the Nile region of Egypt, Kamigami no Ki (""Chronicles of the Gods"") will depict the comical misadventures of Bastet, Anubis, Ra, and the mysterious ghost Medjedo as well as their caretakers, Iabi and Ahkeu. (Source: Crunchyroll)",[],Kamigami no Ki,"['Comedy', 'Supernatural']",['Historical'],
67,,やさ村やさしのやさしい世界,,,,,['TV'],33,Finished Airing,"Sep 2, 2016 to Sep 30, 2018",['Fall 2016'],Mondays at Unknown,['Sony Music Entertainment'],"None found,",['DLE'],Original,['Comedy'],,,30 sec. per ep.,G - All Ages,[],#15997,#13592,"1,198",0,,The series follows a mysterious but gentle-hearted man named Yasashi Yasamura who spreads warmth and human kindness wherever he goes. (Source: Crunchyroll),[],Yasamura Yasashi no Yasashii Sekai,,,
68,"Balala the Fairies: Flying Over Fort Crescent, Balala, Little Magic Fairy: Over the Rainbow, Balala the Fairies Season 4",巴啦啦小魔仙之飞越彩灵堡,Balala the Faries: Over the Rainbow,,,,['TV'],26,Finished Airing,"Nov 13, 2016 to Dec 8, 2016",['Fall 2016'],Sundays at 20:00 (JST),"['B.CMAY PICTURES', 'Alpha Group']","None found,",['Qianqi Animation'],Original,,,,22 min. per ep.,PG - Children,6.04,#9727,#13743,"1,147",2,219,"Not far from the Magical World of Fairy Castle, there is another Magical Kingdom called Colorful Castle. Which is a place full of color, joy and humor, just like a peaceful, carefree paradise... Until one day, at the edge of the Kingdom, There a dark gray island, where the owner of it, The Lord of black curse just woke up from sleep. In order to make his island to become more powerful, he decide to steal the ""Color Magic Energy"" of Colorful Castle for himself. The Lord sent his men, the Black Bean Soldiers, sneak into the colorful Kingdom, to steal the energy. Witnessing her own people been bullied, the princess of the Colorful Kingdom found herself had no strategy left to try, as herself had been cursed by the mysterious curse, and turn into a little pixie. But she would never thought, there will be three girl from the human world, to be on her side, together, they will dealing with the Lord of the black curse. Also, the peaceful and joyful atmosphere of the kingdom, is going to be changed along with the girls break in. (Source: Mahou Shoujo Wikia)","['Prequel (TV) Balala Xiao Mo Xian: Meng Huan Xuan Lu', 'Sequel (TV) Balala Xiao Mo Xian: Feiyue Cai Ling Bao 2nd Season']",Balala Xiao Mo Xian Zhi: Feiyue Cai Ling Bao,"['Comedy', 'Fantasy']",['Mahou Shoujo'],
69,Tama and Friends,タマ&フレンズ うちのタマ知りませんか?,,,,,['TV'],104,Finished Airing,"Oct 1, 2016 to Sep 27, 2018",['Fall 2016'],Saturdays at 07:00 (JST),['Sony Creative Products'],"None found,",['Kachidoki Studio'],Original,['Adventure'],,['Kids'],1 min. per ep.,G - All Ages,6.06,#9640,#14274,999,2,227,A new series following the cat named Tama and his many friends.,[],Tama & Friends: Uchi no Tama Shirimasen ka?,,['Pets'],
70,,ペペペペン議員,,,,,['TV'],13,Finished Airing,"Oct 2, 2016 to Dec 25, 2016",['Fall 2016'],Sundays at 22:48 (JST),"['TV Osaka', 'Sanrio', 'Being']","None found,",['DLE'],Original,['Comedy'],,,2 min. per ep.,PG - Children,5.43,#12336,#15590,689,2,144,No synopsis information has been added to this title. Help improve our database by adding a synopsis here.,[],PePePePengiin,,,
71,,きもしば,,,,,['TV'],13,Finished Airing,"Oct 2, 2016 to Dec 25, 2016",['Fall 2016'],Sundays at 07:14 (JST),"None found,","None found,","['TMS Entertainment', 'Jinnis Animation Studios']",Original,,,['Kids'],1 min. per ep.,G - All Ages,[],#19427,#17688,443,0,,"Kimoshiba is a weird type of life form with the shape of an oversize shiba inu, loves eating curry (particularly curry breads), and works at a funeral home. Similar life forms include yamishiba and onishiba. (Source: ANN)","['Sequel (TV) Kimoshiba 2', '']",Kimoshiba,"['Comedy', 'Horror', 'Supernatural']",,
72,Dayan the Cat: Wonder Theater,猫のダヤン ふしぎ劇場,,,,,['TV'],30,Finished Airing,"Oct 1, 2016 to Apr 20, 2017",['Fall 2016'],Saturdays at 07:00 (JST),"None found,","None found,",['Kachidoki Studio'],Picture book,,,['Kids'],1 min. per ep.,G - All Ages,[],#20612,#17866,429,0,,"Third season of Dayan the Cat. The shorts will be ""theatrical-style,"" with a curtain opening on the everyday adventures of Dayan and his friends.","['Prequel (TV) Neko no Dayan: Nihon e Iku', 'Sequel (TV) Neko no Dayan (2017)']",Neko no Dayan: Fushigi Gekijou,,,
73,Perfect! Nekozakana,ぴったんこ! ねこざかな,,,,,['TV'],50,Finished Airing,"Oct 2, 2016 to Sep 17, 2017",['Fall 2016'],Unknown,['TMS Music'],"None found,","['TMS Entertainment', 'Studio Comet']",Original,['Comedy'],,['Kids'],5 min. per ep.,G - All Ages,[],#21056,#18602,375,0,,"On a distant southern island, a fish (sakana) opened its mouth for a cat (neko), thus ""nekozakana"" (cat-fish) is born. (Source: ANN)","['Sequel (TV) Pittanko!! Nekozakana', '']",Pittanko! Nekozakana,,,
74,,おはよう! コケッコーさん,,,,,['TV'],50,Finished Airing,"Oct 2, 2016 to Sep 17, 2016",['Fall 2016'],Unknown,['TMS Music'],"None found,","['TMS Entertainment', 'TOCSIS']",Original,['Comedy'],,['Kids'],3 min. per ep.,G - All Ages,[],#20784,#19192,333,0,,Kokekkou-san is a mother hen in a big chicken family. Keeping everyone and everything right is not an easy job for her. (Source: ANN),[],Ohayou! Kokekkou-san,,,
75,,ラララ ララちゃん~パタパタだいせんそう~,,,,,['TV'],12,Finished Airing,"Oct 21, 2016 to Jan 13, 2017",['Fall 2016'],Unknown,"None found,","None found,",['Usagi Ou'],Original,,,['Kids'],4 min. per ep.,G - All Ages,[],#19715,#19217,331,0,,The 2nd season of Lalala Lala-chan. A prince from another country washes ashore and asks for help from the group. His kingdom is overrun by an evil monster that has laid the land to waste.,"['Prequel (ONA) Lalala Lala-chan', 'Sequel (TV) Lalala Lala-chan ★Uchuu ni Muchuu★']",Lalala Lala-chan: Patapata Daisensou,"['Adventure', 'Fantasy']",,
76,,どちゃもん じゅにあ 2,,,,,['TV'],16,Finished Airing,"Oct 10, 2016 to Feb 27, 2017",['Fall 2016'],Unknown,"None found,","None found,",['Calf Studio'],Original,['Comedy'],,['Kids'],9 min. per ep.,G - All Ages,[],#17665,#19318,324,0,,The second season of Dochamon Junior.,"['Prequel (TV) Dochamon Junior', '']",Dochamon Junior 2,,,
77,GG Bond 12,猪猪侠 梦想守卫者,GG Bond Season 12: Dream Guardians,,,,['TV'],52,Finished Airing,"Oct 28, 2016 to Dec 29, 2016",['Fall 2016'],Unknown,"None found,","None found,","None found,",Original,['Sci-Fi'],,['Kids'],15 min. per ep.,G - All Ages,[],#16370,#19312,322,0,,G.G. Bonds enters the realm of dreams to stop evil's power from growing. They must get the citizens of Crystal City to remember their dreams so that the 5 element powers can recharge.,"['Prequel (TV) Zhu Zhu Xia: Guang Ming Shou Wei Zhe', 'Sequel (TV) Zhu Zhu Xia: Chao Xing Meng Chong']",Zhu Zhu Xia: Meng Xiang Shou Wei Zhe,,['Super Power'],
78,,매직 어드벤처-더 크리스탈 오브 다크,Magic Adventures: The Crystal of Dark,,,,['TV'],52,Finished Airing,"Sep 24, 2016 to Oct 14, 2017",['Fall 2016'],Unknown,"None found,","None found,","None found,",Unknown,['Adventure'],,['Kids'],Unknown,PG - Children,[],#19939,#22294,163,0,,No synopsis information has been added to this title. Help improve our database by adding a synopsis here.,[],Magic Adventures: The Crystal of Dark,,,
79,Athlon Tobot 2nd Season,애슬론 또봇 2기,Athlon Tobot 2,,,,['TV'],13,Finished Airing,"Sep 7, 2016 to Jan 11, 2017",['Fall 2016'],Unknown,"None found,","None found,","None found,",Unknown,,,['Kids'],20 min. per ep.,PG - Children,[],#16658,#22768,143,0,,"Team Typhoon, led by the talented but headstrong Taren Swift (something of a legacy in the Robot Dodgeball League due to his grandfather, Mr. Swift, being a founder of the sport), pairs up with Team Athlon in their search for a mysterious villain within the members of the Robot Dodgeball League. It's not easy, but the two young pilots learn to work together and combine their respective strengths, and so do their Athlons! Dr. Hughes introduces integration technology to Alpha, Beta and Theta, who combine to form the impressive Champion. What's more, Dr. Hughes outdoes herself and designs a six-part integration involving Kyle and Taren's Athlons. Together, they form the massive and powerful Magma 6! (Source: Tobos Wiki)","['Prequel (TV) Athlon Tobot', 'Sequel (TV) Athlon Tobot 3']",Athlon Tobot 2,"['Sci-Fi', 'Sports']",,
80,Battle Claw,兽王争锋,BattleClaw,,,,['TV'],26,Finished Airing,"Nov 25, 2016 to Dec 2016",['Fall 2016'],Unknown,"None found,","None found,","None found,",Original,['Sci-Fi'],,['Kids'],22 min. per ep.,PG - Children,[],#14323,#23475,123,0,,No synopsis information has been added to this title. Help improve our database by adding a synopsis here.,"['Sequel (TV) Shouwang Zhengfeng: Yuanshi Zhi Li', '']",Shouwang Zhengfeng,,,
81,,森巴幸福岛,Senba Happy Island,,,,['TV'],52,Finished Airing,"Nov 21, 2016 to Dec 22, 2016",['Fall 2016'],Unknown,"None found,","None found,","None found,",Original,['Fantasy'],,['Kids'],13 min. per ep.,PG - Children,[],#13973,#24559,101,0,,No synopsis information has been added to this title. Help improve our database by adding a synopsis here.,[],Senba Xingfu Dao,,['Anthropomorphic'],
82,,바이클론즈 5기,,,,,['TV'],14,Finished Airing,"Sep 23, 2016 to Nov 10, 2016",['Fall 2016'],Unknown,"None found,","None found,","None found,",Original,,,['Kids'],10 min. per ep.,PG - Children,[],#16952,#27809,57,0,,No synopsis information has been added to this title. Help improve our database by adding a synopsis here.,"['Prequel (TV) Biklonz 4th Season', 'Sequel (TV Special) Biklonz: Barbarian King Special']",Biklonz 5th Season,"['Action', 'Sci-Fi']",,
83,Naruto Hurricane Chronicles,-ナルト- 疾風伝,Naruto Shippuden,Naruto Shippuden,Naruto Shippuden,Naruto Shippuden,['TV'],500,Finished Airing,"Feb 15, 2007 to Mar 23, 2017",['Winter 2007'],Thursdays at 19:30 (JST),"['TV Tokyo', 'Aniplex', 'KSS', 'Rakuonsha', 'TV Tokyo Music', 'Shueisha']",['VIZ Media'],['Pierrot'],['Manga'],,,['Shounen'],23 min. per ep.,PG-13 - Teens 13 or older,8.28,#303,#16,"2,596,462","115,576",1727657,"It has been two and a half years since Naruto Uzumaki left Konohagakure, the Hidden Leaf Village, for intense training following events which fueled his desire to be stronger. Now Akatsuki, the mysterious organization of elite rogue ninja, is closing in on their grand plan which may threaten the safety of the entire shinobi world. Although Naruto is older and sinister events loom on the horizon, he has changed little in personality—still rambunctious and childish—though he is now far more confident and possesses an even greater determination to protect his friends and home. Come whatever may, Naruto will carry on with the fight for what is important to him, even at the expense of his own body, in the continuation of the saga about the boy who wishes to become Hokage. [Written by MAL Rewrite]","['Prequel (TV) Naruto', 'Sequel (Movie) Boruto: Naruto the Movie', 'Sequel (TV) Boruto: Naruto Next Generations', 'Adaptation (Manga) Naruto']",Naruto: Shippuuden,"['Action', 'Adventure', 'Fantasy']",['Martial Arts'],
84,OP,ONE PIECE,One Piece,,,,['TV'],Unknown,Currently Airing,"Oct 20, 1999 to ?",['Fall 1999'],Sundays at 09:30 (JST),"['Fuji TV', 'TAP', 'Shueisha']","['Funimation', '4Kids Entertainment']",['Toei Animation'],['Manga'],,,['Shounen'],24 min.,PG-13 - Teens 13 or older,8.73,#51,#17,"2,494,626","234,524",1418445,"Barely surviving in a barrel after passing through a terrible whirlpool at sea, carefree Monkey D. Luffy ends up aboard a ship under attack by fearsome pirates. Despite being a naive-looking teenager, he is not to be underestimated. Unmatched in battle, Luffy is a pirate himself who resolutely pursues the coveted One Piece treasure and the King of the Pirates title that comes with it. The late King of the Pirates, Gol D. Roger, stirred up the world before his death by disclosing the whereabouts of his hoard of riches and daring everyone to obtain it. Ever since then, countless powerful pirates have sailed dangerous seas for the prized One Piece only to never return. Although Luffy lacks a crew and a proper ship, he is endowed with a superhuman ability and an unbreakable spirit that make him not only a formidable adversary but also an inspiration to many. As he faces numerous challenges with a big smile on his face, Luffy gathers one-of-a-kind companions to join him in his ambitious endeavor, together embracing perils and wonders on their once-in-a-lifetime adventure. [Written by MAL Rewrite]","['Adaptation (Manga) One Piece', 'Adaptation (Light Novel) One Piece: Loguetown-hen']",One Piece,"['Action', 'Adventure', 'Fantasy']",,
85,"JoJo no Kimyou na Bouken Part 4: Diamond wa Kudakenai, Diamond is not Crash",ジョジョの奇妙な冒険 ダイヤモンドは砕けない,JoJo's Bizarre Adventure: Diamond Is Unbreakable,,Jojo's Bizarre Adventure: Diamond Is Unbreakable Temporada 3,JoJo's Bizarre Adventure: Diamond is Unbreakable,['TV'],39,Finished Airing,"Apr 2, 2016 to Dec 24, 2016",['Spring 2016'],Saturdays at 00:30 (JST),['Warner Bros. Japan'],['VIZ Media'],['David Production'],['Manga'],,,['Shounen'],23 min. per ep.,R - 17+ (violence & profanity),8.50,#141,#128,"1,182,295","41,128",816210,"The year is 1999. Morioh, a normally quiet and peaceful town, has recently become a hotbed of strange activity. Joutarou Kuujou, now a marine biologist, heads to the mysterious town to meet Jousuke Higashikata. While the two may seem like strangers at first, Jousuke is actually the illegitimate child of Joutarou's grandfather, Joseph Joestar. When they meet, Joutarou realizes that he may have more in common with Jousuke than just a blood relation. Along with the mild-mannered Kouichi Hirose and the boisterous Okuyasu Nijimura, the group dedicates themselves to investigating recent disappearances and other suspicious occurrences within Morioh. Aided by the power of Stands, the four men will encounter danger at every street corner, as it is up to them to unravel the town's secrets, before another occurs. [Written by MAL Rewrite]","['Prequel (TV) JoJo no Kimyou na Bouken Part 3: Stardust Crusaders - Egypt-hen', 'Sequel (TV) JoJo no Kimyou na Bouken Part 5: Ougon no Kaze', 'Adaptation (Manga) JoJo no Kimyou na Bouken Part 4: Diamond wa Kudakenai', '']",JoJo no Kimyou na Bouken Part 4: Diamond wa Kudakenai,"['Action', 'Adventure']",['Super Power'],
86,"Saiki Kusuo no Psi Nan, Saiki Kusuo no Sainan",斉木楠雄のΨ難,The Disastrous Life of Saiki K.,The Disastrous Life of Saiki K.,The Disastrous Life of Saiki K.,The Disastrous Life of Saiki K.,['TV'],120,Finished Airing,"Jul 4, 2016 to Dec 26, 2016",['Summer 2016'],Not scheduled once per week,"['TV Tokyo', 'Shogakukan-Shueisha Productions', 'Pony Canyon', 'Nippon Columbia', 'KlockWorx', 'Asmik Ace', 'Bandai Namco Entertainment', 'Shueisha', ""Toy's Factory"", 'Dear Stage inc.']",['Funimation'],"['J.C.Staff', 'Egg Firm']",['Manga'],['Comedy'],"['Gag Humor', 'School', 'Super Power']",['Shounen'],5 min. per ep.,PG-13 - Teens 13 or older,8.41,#193,#132,"1,169,040","31,508",653098,"To the average person, psychic abilities might seem a blessing; for Kusuo Saiki, however, this could not be further from the truth. Gifted with a wide assortment of supernatural abilities ranging from telepathy to x-ray vision, he finds this so-called blessing to be nothing but a curse. As all the inconveniences his powers cause constantly pile up, all Kusuo aims for is an ordinary, hassle-free life—a life where ignorance is bliss. Unfortunately, the life of a psychic is far from quiet. Though Kusuo tries to stay out of the spotlight by keeping his powers a secret from his classmates, he ends up inadvertently attracting the attention of many odd characters, such as the empty-headed Riki Nendou and the delusional Shun Kaidou. Forced to deal with the craziness of the people around him, Kusuo comes to learn that the ordinary life he has been striving for is a lot more difficult to achieve than expected. [Written by MAL Rewrite]","['Sequel (TV) Saiki Kusuo no Ψ-nan 2', 'Adaptation (Manga) Saiki Kusuo no Ψ-nan']",Saiki Kusuo no Ψ-nan,,,
87,"Dragon Ball Chou, DB Super, DBS",ドラゴンボール超（スーパー）,Dragon Ball Super,,,,['TV'],131,Finished Airing,"Jul 5, 2015 to Mar 25, 2018",['Summer 2015'],Sundays at 09:00 (JST),"['Yomiko Advertising', 'Fuji TV']",['Funimation'],['Toei Animation'],['Manga'],,,['Shounen'],23 min. per ep.,PG-13 - Teens 13 or older,7.46,#2106,#218,"868,872","10,978",559123,"Seven years after the defeat of Majin Buu, Earth is at peace, and its people live free from any dangers lurking in the universe. However, this peace is short-lived; a sleeping threat awakens in the dark reaches of the galaxy: Beerus, the ruthless God of Destruction. Disturbed by a prophecy that he will be defeated by a ""Super Saiyan God,"" Beerus and his angelic attendant Whis search the universe for this mysterious being. Before long, they reach Earth and encounter Gokuu Son, one of the planet's mightiest warriors, and his powerful friends. [Written by MAL Rewrite]","['Sequel (Movie) Dragon Ball Super: Broly', 'Adaptation (Manga) Dragon Ball Super']",Dragon Ball Super,"['Action', 'Adventure', 'Comedy', 'Fantasy']",['Martial Arts'],
88,,双星の陰陽師,Twin Star Exorcists,Twin Star Exorcists,Twin Star Exorcists,Twin Star Exorcists,['TV'],50,Finished Airing,"Apr 6, 2016 to Mar 29, 2017",['Spring 2016'],Wednesdays at 18:25 (JST),"['TV Tokyo', 'Nihon Ad Systems', 'TV Tokyo Music', 'Avex Pictures', 'Shueisha']",['Crunchyroll'],['Pierrot'],['Manga'],,"['Mythology', 'Urban Fantasy']",['Shounen'],24 min. per ep.,PG-13 - Teens 13 or older,7.29,#2890,#444,"533,134","3,080",222054,"Magano, a parallel realm filled with monsters known as ""Kegare,"" is a place where exorcists deal with all impurities. Benio Adashino is a prodigy exorcist who is recognized for her strength and is summoned to Tokyo by the Exorcist Union. On her way, she plummets into the arms of Rokuro Enmadou, a young exorcist with a troubled past. But the impurities of Magano do not rest. When these two exorcists witness a couple of children stolen by a Kegare, Benio rushes to save them, dragging Rokuro along with her into Magano. Engaged in a fight she is on the verge of being defeated in, Benio is saved by Rokuro, revealing himself capable of being her rival in talent. Sousei no Onmyouji tells the story of two talented exorcists who are destined to become the ""Twin Star Exorcists"" and the prophesised parents of the Miko—the reincarnation of Abe no Seimei—who will cleanse the world of all impurities. [Written by MAL Rewrite]","['Adaptation (Manga) Sousei no Onmyouji', '']",Sousei no Onmyouji,"['Action', 'Fantasy', 'Romance']",,
89,Detective Conan,名探偵コナン,Case Closed,Case Closed,,,['TV'],Unknown,Currently Airing,"Jan 8, 1996 to ?",['Winter 1996'],Saturdays at 18:00 (JST),"['Yomiuri Telecasting', 'Shogakukan', 'Audio Planning U', 'Tokyo Movie', 'Polydor Records']","['Funimation', 'Crunchyroll']",['TMS Entertainment'],['Manga'],,,['Shounen'],24 min.,PG-13 - Teens 13 or older,8.17,#433,#704,"360,650","15,327",164261,"Shinichi Kudou, a high school student of astounding talent in detective work, is well known for having solved several challenging cases. One day, when Shinichi spots two suspicious men and decides to follow them, he inadvertently becomes witness to a disturbing illegal activity. Unfortunately, he is caught in the act, so the men dose him with an experimental drug formulated by their criminal organization, leaving him to his death. However, to his own astonishment, Shinichi lives to see another day, but now in the body of a seven-year-old child. Perfectly preserving his original intelligence, he hides his real identity from everyone, including his childhood friend Ran Mouri and her father, private detective Kogorou Mouri. To this end, he takes on the alias of Conan Edogawa, inspired by the mystery writers Arthur Conan Doyle and Ranpo Edogawa. Shinichi, as Conan, starts secretly solving the senior Mouri's cases from behind the scenes with his still exceptional sleuthing skills, while covertly investigating the organization responsible for his current state, hoping to reverse the drug's effects someday. [Written by MAL Rewrite]","['Adaptation (Manga) Meitantei Conan', '']",Meitantei Conan,"['Adventure', 'Comedy', 'Mystery']",['Detective'],
90,,DAYS,Days,,,,['TV'],24,Finished Airing,"Jul 3, 2016 to Dec 18, 2016",['Summer 2016'],Sundays at 02:58 (JST),"['Dentsu', 'Animax', 'Mainichi Broadcasting System', 'Pony Canyon', 'Kodansha', 'Tokyo MX', 'Lawson HMV Entertainment', 'BS11', 'Animatic', 'Techno Sound']",['Ponycan USA'],['MAPPA'],['Manga'],['Sports'],"['School', 'Team Sports']",['Shounen'],24 min. per ep.,PG-13 - Teens 13 or older,7.16,#3583,#1662,"148,076",502,69208,"The series is about two boys named Tsukushi and Jin. Tsukushi is a boy with no special talent or traits while Jin is considered a soccer genius. On one stormy night, Jin meets Tsukushi, and they get dragged into the world of soccer. (Source: MAL News)","['Sequel (OVA) Days: Touin Gakuen-sen!', 'Adaptation (Manga) Days']",Days,,,
91,,アグレッシブ烈子,Aggretsuko,,,,['TV'],100,Finished Airing,"Apr 2, 2016 to Mar 31, 2018",['Spring 2016'],Saturdays at 12:00 (JST),['Sanrio'],"None found,",['Fanworks'],Other,['Comedy'],"['Anthropomorphic', 'Music', 'Workplace']",,1 min. per ep.,PG-13 - Teens 13 or older,7.62,#1489,#2075,"110,792",679,52931,"Whether it be facing misogynistic remarks from her boss or being pressured by condescending co-workers, stress is just another part of the job for 25-year-old red panda Retsuko. Despite being one of the most diligent workers at her office, her diminutiveness and modesty often lead her to be exploited by her colleagues. However, when her irritation hits the limit, Retsuko brings forth her unique brand of letting off steam: aggressive death metal karaoke bashing the idiocy and hypocrisy of her co-workers' actions and work life. Although this venting only takes place in her mind, it gives her an outlet to counter her frustration in a world where hierarchy and appearances reign supreme. [Written by MAL Rewrite]",[],Aggressive Retsuko,,,
92,,クレヨンしんちゃん,Shin Chan,Shin Chan,Shin Chan,,['TV'],Unknown,Currently Airing,"Apr 13, 1992 to ?",['Spring 1992'],Fridays at 19:30 (JST),['TV Asahi'],['Funimation'],['Shin-Ei Animation'],['Manga'],,,['Seinen'],21 min.,G - All Ages,7.80,#1028,#2400,"88,019","1,330",42174,"There is no such thing as an uneventful day in the life of kindergartener Shinnosuke ""Shin-chan"" Nohara. The five-year-old is a cut above the most troublesome, perverted, and shameless kid one can imagine. Shin-chan is almost always engaged in questionable activities such as forgetting about a friend during hide and seek, sumo wrestling for love, performing various gags including the notorious ""elephant"" in public, and flirting with college girls. The exemplary troublemaker has done it all and has no plans to stop anytime soon. Crayon Shin-chan follows the daily shenanigans of Shin-chan with his group of friends, parading around as the self-proclaimed ""Kasukabe Defense Force."" The adults witnessing these shenanigans unfold can't help but adore Shin-chan, as he keeps them entertained while unintentionally solving their daily troubles through his mindless antics—leaving himself as the only problem they do not know what to do with. [Written by MAL Rewrite]","['Adaptation (Manga) Crayon Shin-chan', '']",Crayon Shin-chan,"['Comedy', 'Ecchi']",['School'],
93,"Yugioh, Yuu Gi Ou! Arc-V, Yu-Gi-Oh! Arc Five, Yu-Gi-Oh! Arc-V",遊☆戯☆王　アーク・ファイブ ARC-V,Yu-Gi-Oh! Arc-V,Yu-Gi-Oh! Arc-V,Yu-Gi-Oh! Arc-V,Yu-Gi-Oh! Arc-V,['TV'],148,Finished Airing,"Apr 6, 2014 to Mar 26, 2017",['Spring 2014'],Sundays at 17:30 (JST),"['TV Tokyo', 'Nihon Ad Systems', 'Marvelous AQL', 'Konami Cross Media NY']","None found,",['Gallop'],['Manga'],,,['Shounen'],24 min. per ep.,PG-13 - Teens 13 or older,6.72,#5805,#2813,"68,026",502,35675,"Action Duels, which allow duelists to soar and swing alongside their Duel Monsters, are taking the world by storm. Due to an evolutionary breakthrough, the ""Solid Vision"" system is now able to provide Duel Monsters with mass. Yuuya Sakaki is Yuusho Sakaki's son, the latter being the founder of You Show Duel School in Miami City. Yuusho insists that duels are not a tool of war, but rather are to bring smiles to people and thus introduced the concept of Entertainment Dueling. However, at the height of his fame, Yuusho disappears and fails to attend his duel with Strong Ishijima, the Action Duel champion. Although scarred by this sudden leave, Yuuya vows to become an Entertainment Duelist like his father. Several years later, in the midst of a battle with Strong Ishijima, Yuuya's desperation to win brings forth a miracle. His pendant begins glowing, turning his cards into Pendulum Cards, which enables him to perform a Pendulum Summon—a summoning method unknown to the world and himself—gaining him fame overnight. As a result, Reiji Akaba, CEO of Leo Corporation and founder of the elite Leo Duel School, starts producing new Pendulum Cards to incorporate Pendulum Summoning into the system. Thus, the mysteries that surround Pendulum Summoning and Yuuya's father start to unravel, and Yuuya learns bit by bit what it takes to become an Entertainment Duelist. [Written by MAL Rewrite]","['Adaptation (One-shot) Yu☆Gi☆Oh! Arc-V', 'Adaptation (Manga) Yu☆Gi☆Oh! Arc-V']",Yu☆Gi☆Oh! Arc-V,"['Action', 'Fantasy']",['Strategy Game'],
94,,ベイブレードバースト,,,,,['TV'],51,Finished Airing,"Apr 4, 2016 to Mar 27, 2017",['Spring 2016'],Mondays at 17:55 (JST),"['TV Tokyo', 'd-rights']",['ADK Emotions NY Inc.'],['OLM'],['Manga'],,,['Kids'],24 min. per ep.,PG - Children,6.64,#6264,#3988,"35,181",207,21099,"The story revolves around Valt Aoi and Shu Kurenai as well as their teammates, Rantaro Kiyama, Daina Kurogami and Wakiya Komurasaki at the Beigoma Academy school in Japan. When not studying, the close friends are obsessed with their Beyblade, creating a school bey club later in the season and challenging each other to battles at their Bey Stadium. The friends eventually become friendly rivals as they compete against each other in a competition to claim the title of Japan’s top Blader. (Source: Beyblade Wiki)","['Sequel (TV) Beyblade Burst God', 'Adaptation (Manga) Beyblade Burst']",Beyblade Burst,"['Adventure', 'Sci-Fi', 'Sports']",,
95,Yokai Watch,妖怪ウォッチ,Yo-kai Watch,Yo-Kai Watch,Yo-Kai Watch,Yo-Kai Watch,['TV'],214,Finished Airing,"Jan 8, 2014 to Mar 30, 2018",['Winter 2014'],Fridays at 18:30 (JST),"['TV Tokyo', 'Dentsu']",['Dentsu Entertainment USA'],['OLM'],Game,,,['Kids'],23 min. per ep.,G - All Ages,6.68,#6013,#3993,"35,140",270,16270,"Primary school student Keita Amano's curiosity is as innocent as any other child's his age. But when one day he decides to venture deeper into the forest, he encounters a small and mysterious capsule. Out from its depths comes Whisper. After 190 years of imprisonment, this ghost-like creature is glad that someone has been kind enough to set him free. He decides to reward Keita by becoming his guardian against supernatural forces. Whisper is one of many Youkai that exist in the world, and provides Keita with a special Youkai Watch, which enables him to see and interact with all the other Youkai. Youkai Watch follows Keita, Whisper and the cat spirit Jibanyan as they encounter Youkai, befriend them, fix all the trouble that they so often cause, and, with the help of the watch, use the powers of previously encountered Youkai to aid them. Young Keita may have been just an ordinary primary school student when he first encountered the Youkai, but the many adventures that follow his discovery provide him with invaluable experiences and precious life lessons that help him grow.","['Sequel (TV) Youkai Watch!', 'Adaptation (Manga) Youkai Watch']",Youkai Watch,"['Comedy', 'Supernatural']",['Mythology'],
96,,レガリア The Three Sacred Stars,Regalia: The Three Sacred Stars,,,,['TV'],13,Finished Airing,"Jul 7, 2016 to Nov 24, 2016",['Summer 2016'],Thursdays at 22:00 (JST),"['Sotsu', 'Lantis', 'Movic', 'AT-X', 'Memory-Tech', 'Happinet Pictures', 'BS Fuji', 'Good Smile Company', 'Hakuhodo DY Music & Pictures', 'Infinite']",['Funimation'],['Actas'],Original,,,,24 min. per ep.,PG-13 - Teens 13 or older,5.97,#10061,#4261,"30,590",32,8242,"In the kingdom of Rimgarde, two mysterious giant robots begin a duel that erases nearly all human life before they disappear. Twelve years later, the young empress of Enastoria, Yuinshiel Asteria, works tirelessly to maintain both her authority and the support of her citizens. But the peace of Enastoria is threatened when survivors of Rimgarde arrive. Armed with giant robots called Regalia Gear, they look for Yuinshiel's adopted sister, Rena. The latter is forced to reveal herself as not just a Regalia Gear wielder, but a real ""Regalia""—a human capable of transforming into a giant robot—and the culprit behind the fall of Rimgarde. Suddenly caught up in an international dispute, Yuinshiel must preserve the security of her country while also protecting Rena from those who wish to abuse her powers. However, by fighting for her sister, Yuinshiel risks triggering the same calamity that once destroyed Rimgarde. Amid such a precarious situation, the two girls push their bond to its limits as they fight not only for themselves but for the world's safety as well. [Written by MAL Rewrite]",[],Regalia: The Three Sacred Stars,"['Action', 'Sci-Fi']",['Mecha'],
97,"Puri Para, Pri Para, PuriPara, Prism Paradise",プリパラ,,,,,['TV'],140,Finished Airing,"Jul 5, 2014 to Mar 28, 2017",['Summer 2014'],Tuesdays at 17:55 (JST),['TV Tokyo'],"None found,","['Tatsunoko Production', 'Dongwoo A&E']",Game,['Slice of Life'],"['Idols (Female)', 'Music', 'School']",,23 min. per ep.,PG - Children,7.52,#1902,#4812,"23,383",461,6947,"Every little girl waits for the day she'll get her special ticket, one that will grant her entry into the world of PriPara (Prism Paradise). PriPara is a world of music, fashion, and daily auditions for a chance to become a pop idol. Laala Manaka's friends and classmates aspire to become idols, but her school forbids elementary school students from participating in the idol competitions. Luckily, Laala is only interested in watching the idol shows. Yet somehow despite all this, she manages to bumble her way into the PriPara world, and debut as a fresh new talent. After being told all her life that she's too loud, Laala has finally found a place where she can be as loud as she wants and sing from her heart. And not only that, but there's a possibility that she might be the legendary Prism Voice. Adventure, fashion, and music awaits as Laala climbs her way to the top, on her way to become the cutest and most beloved pop idol in the world of PriPara!","['Sequel (TV) Idol Time PriPara', '']",PriPara,,,
98,,アイカツスターズ！,,,,,['TV'],100,Finished Airing,"Apr 7, 2016 to Mar 29, 2018",['Spring 2016'],Thursdays at 18:25 (JST),"['TV Tokyo', 'Echoes']","None found,",['Bandai Namco Pictures'],Original,['Slice of Life'],"['Idols (Female)', 'Music', 'School']",,24 min. per ep.,PG - Children,7.62,#1490,#4998,"21,425",308,7315,"Yume Nijino has been accepted into Four Stars academy, home of the beautiful and talented S4 idol group. She and the other newcomers are determined to discover their talent, with a choice of specializing in beauty, singing, dancing, or drama. A tough road lies ahead of them, and they must rely on each other to overcome their weaknesses and develop their unique strengths. At the first-years' opening performances, Yume performs stellarly but faints and is unable to remember being on stage at all. Struggling to find her talent, she meets Rola ""Laura"" Sakuraba, and the two develop a friendly rivalry, working together to learn and improve. Though they have their differences, all the students share the same goal: to become the next S4 idol. But hard work and determination, along with teamwork, are needed if they want to join the elite S4. [Written by MAL Rewrite]",[],Aikatsu Stars!,,,
99,,ドラえもん (2005),,,,,['TV'],Unknown,Currently Airing,"Apr 22, 2005 to ?",['Spring 2005'],Fridays at 19:00 (JST),['TV Asahi'],"None found,",['Shin-Ei Animation'],['Manga'],,,,25 min.,PG - Children,7.72,#1247,#5000,"21,406",239,9584,"Doraemon (2005) is the most recent anime series based on Fujiko Fujio's manga of the same name. It is the 2005 version of 1979 series, with certain changes in the animation and other things. Doraemon is a cat-like robot who appears in the present to steer Nobita/Noby, who is a dumb, naive and clumsy boy on the right path in order to secure his future. Nobita's love interest is Shizuka Minamoto/Sue, his frenemies are Takeshi Goda/Big G and Suneo/Sneech. (Source: Wikipedia)","['Prequel (TV) Doraemon (1979)', 'Adaptation (Manga) Doraemon']",Doraemon (2005),"['Comedy', 'Sci-Fi']",['Anthropomorphic'],"['Kids', 'Shounen']"
100,Maho Girls Precure!,魔法つかいプリキュア！,Witchy Pretty Cure!,,,,['TV'],50,Finished Airing,"Feb 7, 2016 to Jan 29, 2017",['Winter 2016'],Sundays at 08:30 (JST),['ABC Animation'],"None found,",['Toei Animation'],Original,['Action'],,,24 min. per ep.,G - All Ages,7.29,#2871,#5601,"15,948",135,5493,"In the human realm, witches and wizards seem to be mere creations of fantasy. Ever the adventurous teenager, Mirai Asahina sets out to disprove this notion by following the tracks of a peculiar shooting star that had fallen the night before. Sure enough, Mirai soon has a chance encounter with Liko—a clumsy witch apprentice who hails from the Magic World, a colorful realm inhabited by magicians. As if by fate, the appearance of strange villains forces Mirai and Liko to join hands. In doing so, they unleash their strength as a pair of legendary magicians—the ""Maho Girls Precure!"" Now gifted with unbelievable power, the unlikely duo embarks on an adventure filled with magical spells and powerful gemstones. Along the way, the two girls discover the hidden marvels that tie their individual worlds together. [Written by MAL Rewrite]","['Sequel (TV) Mahoutsukai Precure!! Mirai Days', 'Adaptation (Manga) Mahoutsukai Precure!']",Mahoutsukai Precure!,,['Mahou Shoujo'],
101,,ぐでたま,The Lazy Egg,,,,['TV'],1717,Finished Airing,"Mar 31, 2014 to Dec 24, 2023",['Spring 2014'],Not scheduled once per week,['Sanrio'],"None found,",['Gathering'],Original,,,['Kids'],1 min. per ep.,G - All Ages,6.61,#6397,#5996,"13,397",60,2721,"Gudetama, an egg that is dead to the world and completely lacks motivation. No matter what cooking method you use, Gudetama remains unmoved. (Source: ANN)",[],Gudetama,"['Comedy', 'Gourmet']",,
102,Hometown Rebuilding: Folktales from Japan,ふるさと再生 日本の昔ばなし,Folktales from Japan,Folktales from Japan,Historias Tradicionales Japonesas para la Reconstrucción de los Pueblos,Folktales from Japan,['TV'],258,Finished Airing,"Apr 1, 2012 to Mar 26, 2017",['Spring 2012'],Sundays at 09:00 (JST),"['TV Tokyo', 'Sony Music Entertainment', 'Peter Pan Creation']","None found,",['Tomason'],Other,['Supernatural'],,['Kids'],24 min. per ep.,G - All Ages,6.93,#4666,#6444,"11,151",26,2789,"Like in any culture, Japanese kids grow up listening to the stories repeatedly told by their parents and grandparents. The boy born from a peach; the princess from the moon who is discovered inside a bamboo; the old man who can make a dead cherry tree blossom, etc. These short stories that teach kids to see both the dark and bright sides of life have passed traditional moral values from generation to generation. Each half-hour episode of Folktales from Japan consists of three self-contained stories, well-known and unknown, with a special focus on heartwarming stories that originate from Tohoku, the northern region heavily touched by the earthquake of 2011. May this program help cheer up earthquake victims and cast a light of hope for them? (Source: Crunchyroll)","['Sequel (TV) Furusato Meguri: Nippon no Mukashibanashi', '']",Furusato Saisei: Nippon no Mukashibanashi,,['Historical'],
103,PazuDora Cross,パズドラクロス,Puzzle & Dragons X,Puzzle & Dragons X,Puzzle & Dragons X,Puzzle & Dragons X,['TV'],89,Finished Airing,"Jul 4, 2016 to Mar 26, 2018",['Summer 2016'],Mondays at 18:25 (JST),"['Audio Planning U', 'GungHo Online Entertainment']",['Funimation'],['Pierrot'],Game,,,['Kids'],24 min. per ep.,PG-13 - Teens 13 or older,6.49,#7133,#7045,"9,035",20,2664,"Dorogoza Island is rich in ""Drop Energy"" that players can use on friendly monsters. Once strong enough, they can face enemies in puzzle wars. Winners reap rewards, but what happens to the losers? Only the brave can take on these monstrous challenges! (Source: FUNimation)",[],Puzzle & Dragons Cross,,['Strategy Game'],
104,,サザエさん,Mrs. Sazae,,,,['TV'],Unknown,Currently Airing,"Oct 5, 1969 to ?",['Fall 1969'],Sundays at 18:30 (JST),['Fuji TV'],"None found,",['Eiken'],['4-koma manga'],,,,24 min.,G - All Ages,6.14,#9127,#7128,"8,794",39,1934,"The main character is a mother named Sazae-san. She lives in a house with her husband, her kids and her parents. The show is the ultimate family program and tends to follow traditional themes. Think of this show as the Japanese equivalent to ""The Partridge Family"" and you'll get a good feel for this show's atmosphere. Don't expect to see things like violence, swearing, kung-fu action or magical girls. The plots are more like ""Today, Sazae-san goes to the new mall and gets lost"". Such ""boring"" plotlines and the simplistic art are often a turn-off to non-Japanese audiences, but most Japanese find the show incredibly good. As a result, it continues to be one of the top ratings grabbers on TV and is one of the few anime that is considered ""acceptable"" by adults. (Source: AniDB)","['Adaptation (Manga) Sazae-san', '']",Sazae-san,"['Comedy', 'Slice of Life']",,
105,"Ninja Boy Rantaro, Rakudaii Nintama Rantarou",忍たま乱太郎,,,El Ninja Boy Rantaró,,['TV'],Unknown,Currently Airing,"Apr 10, 1993 to ?",['Spring 1993'],Not scheduled once per week,"['NHK', 'Sogo Vision', 'NHK Enterprises']","None found,","['Ajia-do', 'Gakken']",['Manga'],['Comedy'],,['Kids'],10 min.,G - All Ages,7.08,#4016,#7387,"8,012",77,2550,"Taking place in the Sengoku Period, Rantarou, Kirimaru and Shinbei are young students at Ninjutsu Academy, a school that teaches all kinds of youth how to become ninjas. Known as ""Nintamas"" (a contraction of ninja + tama [egg]), the main trio, and many other students at the school, must learn all sorts of unique skills to achieve their goal. Unfortunately, things aren't that simple, since our protagonists constantly find themselves failing their classes. With strict ninja teachers such as Doi-sensei and Yamada-sensei, the mischievous girls from the Kunoichi class, an entire crew of pirates and dozens more interesting characters, anything can happen in the crazy world of Nintama. The episodes are 7 minutes and thirty seconds long each, and each season (which there's currently 29 of) usually has a range of 60-90 episodes.","['Adaptation (Manga) Rakudai Ninja Rantarou', '']",Nintama Rantarou,,,
106,Maruko-chan,ちびまる子ちゃん,Little Miss Maruko,,Chibi Maruko-chan,,['TV'],Unknown,Currently Airing,"Jan 8, 1995 to ?",['Winter 1995'],Sundays at 18:00 (JST),"['Ajia-do', 'Fuji TV', 'Sakura Production']","None found,",['Nippon Animation'],['Manga'],['Comedy'],,['Shoujo'],23 min.,G - All Ages,7.34,#2626,#7920,"6,761",62,2180,"Momoko Sakura is an elementary school student who likes popular idol Momoe Yamaguchi and mangas. She is often called ""Chibi Maruko-chan"" due to her young age and small size. She lives together with her parents, her grandparents and her elder sister in a little town. In school, she has many friends with whom she studies and plays together everyday, including her close pal, Tama-chan; the student committee members, Maruo-kun and Migiwa-san; and the B-class trio: 'little master' Hanawa-kun, Hamaji-Bu Taro and Sekiguchi-kun. This is a fun-loving and enjoyable anime that portrays the simple things in life. (Source: ANN)","['Prequel (TV) Chibi Maruko-chan', 'Adaptation (Manga) Chibi Maruko-chan']",Chibi Maruko-chan (1995),,['School'],
107,,フューチャーカード バディファイトDDD,Future Card Buddyfight Triple D,,,,['TV'],51,Finished Airing,"Apr 2, 2016 to Mar 25, 2017",['Spring 2016'],Saturdays at 08:00 (JST),['Bushiroad'],"None found,","['Xebec', 'OLM']",Card game,,,,23 min. per ep.,PG - Children,6.59,#6530,#8817,"5,184",10,2555,Third season of Future Card Buddyfight.,"['Prequel (TV) Future Card Buddyfight Hundred', 'Sequel (TV) Future Card Buddyfight Battsu']",Future Card Buddyfight Triple D,,['Strategy Game'],
108,"Soreike! Anpanman, Go! Anpanman, Anpanman TV",それいけ！アンパンマン,,,,,['TV'],Unknown,Currently Airing,"Oct 3, 1988 to ?",['Fall 1988'],Fridays at 16:20 (JST),"['Sotsu', 'Nippon Television Network']","None found,",['TMS Entertainment'],Picture book,,,['Kids'],24 min.,PG - Children,6.58,#6587,#9186,"4,604",31,1736,"One night, a Star of Life falls down the chimney of a bakery nestled deep in the forest, causing the dough in the oven to come to life. The dough becomes Anpanman, a superhero made of anpan (a sweet roll with bean jam filling). Together with his friends, Anpanman fights his rival Baikinman and helps the malnourished. (Source: ANN)",[],Sore Ike! Anpanman,"['Comedy', 'Fantasy']",,
109,Kamisama Minarai: Himitsu no Kokotama,かみさまみならい ヒミツのここたま,,,,,['TV'],139,Finished Airing,"Oct 1, 2015 to Jun 28, 2018",['Fall 2015'],Thursdays at 17:55 (JST),"['TV Tokyo', 'Lantis']","None found,",['OLM'],Original,,,['Kids'],24 min. per ep.,PG - Children,6.30,#8271,#9634,"3,969",16,1017,"Cocotama are tiny gods born from the thoughts and feelings of objects that people use with great care. The fact that Cocotama wear part of the egg they hatch out of as underwear is proof that they are still apprentices. The Cocotama use a mysterious magic, and they train hard to be of use to humans and to become full gods. They live inside human houses and stealthily move around to help humans find things they have lost, although they make many mistakes. (Source: ANN)","['Sequel (TV) Kirakira Happy★Hirake! Cocotama', '']",Kamisama Minarai: Himitsu no Cocotama,"['Fantasy', 'Slice of Life']",,
110,,ねこねこ日本史,Meow Meow Japanese History,Meow Meow Japanese History,Historia Gatuna Japonesa (Neko Neko Nihonshi),Meow Meow Japanese History,['TV'],32,Finished Airing,"Apr 6, 2016 to Feb 22, 2017",['Spring 2016'],Wednesdays at 18:45 (JST),"None found,","None found,",['Joker Films'],['Web manga'],,"['Anthropomorphic', 'Historical', 'Parody', 'Samurai']",['Kids'],9 min. per ep.,G - All Ages,6.23,#8700,#10023,"3,514",8,663,"The story imagines if Japanese historical figures such as Queen Himiko, the warlord Oda Nobunaga, and samurai Sakamoto Ryouma were cats. (Source: ANN)","['Sequel (TV) Neko Neko Nihonshi 2nd Season', 'Adaptation (Manga) Neko Neko Nihonshi']",Neko Neko Nihonshi,,,
111,,リルリルフェアリル～妖精のドア～,,,,,['TV'],59,Finished Airing,"Feb 6, 2016 to Mar 25, 2017",['Winter 2016'],Saturdays at 07:00 (JST),['Sotsu'],"None found,",['Studio Deen'],Original,,,,24 min. per ep.,G - All Ages,6.67,#6071,#10226,"3,296",8,768,"""Fairilu"" are fairies of flowers, insects, mermaids, or other entities that are born from ""Farilu Seeds."" All Fairilu are born with their own key, and they must search to find and open the door that fits only their key. Once the Fairilu pass through the doors, they mature. The doors are also related to the human world. (Source: ANN)","['Sequel (TV) Rilu Rilu Fairilu: Mahou no Kagami', '']",Rilu Rilu Fairilu: Yousei no Door,"['Fantasy', 'Slice of Life']",,
112,,ぼのぼの,Bono Bono,Bono Bono,Bono Bono,Bono Bono,['TV'],Unknown,Currently Airing,"Apr 2, 2016 to ?",['Spring 2016'],Saturdays at 04:52 (JST),"['Fuji TV', 'Glovision']","None found,",['Eiken'],['4-koma manga'],,,,5 min.,G - All Ages,6.37,#7885,#10237,"3,281",19,759,"Based on the original comic BONO BONO by Mikio Igarashi that has seen over 9,000,000 total copies printed, this is the definitive animated version of the emotionally soothing character-driven series that will make you ask yourself the philosophical question, ""What are living things?"" while laughing at heartwarming gags and being entertained by the interactions of amusing forest friends Bonobono the young sea otter, Chipmunk, Fishing Cat, and more. Enjoy the easygoing days and minor misadventures of Bonobono and his friends! (Source: Fuji Creative)","['Adaptation (Manga) Bonobono', 'Adaptation (Manga) Bono-chan']",Bonobono (TV 2016),"['Comedy', 'Slice of Life']",['Anthropomorphic'],
113,Young Ashibe: Go! Go! Goma-chan,少年アシベ GO！GO！ゴマちゃん,,Shonen Ashibe Go! Go! Goma-chan,Shonen Ashibe Go! Go! Goma-chan,Shônen Ashibe Go! Go! Goma-chan,['TV'],32,Finished Airing,"Apr 5, 2016 to Feb 21, 2017",['Spring 2016'],Tuesdays at 18:45 (JST),"None found,","None found,","['Bridge', 'Husio Studio']",['4-koma manga'],,,['Seinen'],9 min. per ep.,G - All Ages,6.14,#9130,#10490,"3,053",8,987,Shounen Ashibe follows the daily life of first-grader Ashibe Ashiya and his spotted seal pet Goma-chan. (Source: MAL News),"['Sequel (TV) Shounen Ashibe: Go! Go! Goma-chan 2', 'Adaptation (Manga) Shounen Ashibe', 'Adaptation (Manga) Shounen Ashibe: Go! Go! Goma-chan', '']",Shounen Ashibe: Go! Go! Goma-chan,"['Comedy', 'Slice of Life']",['Pets'],
114,,おじゃる丸,Prince Mackaroo,,,,['TV'],Unknown,Currently Airing,"Oct 5, 1998 to ?",['Fall 1998'],Not scheduled once per week,['NHK'],['Enoki Films'],['Gallop'],Original,,,['Kids'],10 min.,G - All Ages,6.39,#7750,#11554,"2,224",5,553,"In the Heian era, around 1000 years ago, a young boy of noble family named Ojarumaru is bored with his life of privilege. Meanwhile, three demons steal the power-stick of Enma, king of demons, and then lose it. Ojarumaru finds it, and uses it to transport himself to the present time. Here, he is befriended by a young boy named Kazuma, and becomes a member of his family. As time goes on, Ojarumaru makes many new friends, while dodging the comedic efforts of the three demons, Akane, Kisuke, and Aobee, as they try to recover the stick. (from ANN)","['Adaptation (Manga) Ojarumaru', '']",Ojarumaru,"['Adventure', 'Award Winning', 'Comedy', 'Fantasy']",,
115,,신비아파트 : 고스트볼의 비밀,The Haunted House: The Secret of the Ghost Ball,,La Casa Embrujada: El Secreto de la Bola Fantasma,,['TV'],24,Finished Airing,"Jul 20, 2016 to Jan 18, 2017",['Summer 2016'],Unknown,['CJ ENM'],"None found,",['Studio BAZOOKA'],Original,,,['Kids'],24 min. per ep.,G - All Ages,6.82,#5230,#11911,"1,995",19,951,"With help from a 102-year-old goblin dwelling beneath their haunted apartment building, two siblings deal with ghosts and take on spooky mysteries. (Source: Netflix)","['Prequel (TV Special) Sinbi Apartment 444ho', 'Sequel (TV) Sinbi Apartment: Ghost Ball X-ui Tansaeng']",Sinbi Apartment: Ghost Ball Bimil,"['Mystery', 'Supernatural']",,
116,,デュエル・マスターズVSRF,Duel Masters Versus Revolution Final,,,,['TV'],51,Finished Airing,"Apr 3, 2016 to Mar 26, 2017",['Spring 2016'],Sundays at 08:30 (JST),"['TV Tokyo', 'Shogakukan-Shueisha Productions', 'Studio Hibari']","None found,",['Ascension'],Original,,,['Kids'],24 min. per ep.,PG-13 - Teens 13 or older,5.56,#11945,#12142,"1,861",5,430,"It is the sequel of Versus Revolution, continuing the chain of events after the battle between the Invaders and Revolutionary. It is also the last season and conclusion of the Versus saga in the anime The 'V' mark that was once on Katta Kirifuda's forehead hides a mysterious force. However, the power was sealed off. Even though the impact of removing the seal does not do much, but Hamukatsu starts to talk! Plus more hamsters that are like Hamukatsu starts to appear! They were then told about a secret organization, the ""Rare Killers"", with the members being transfer students of the school! What is the mystery of the hamsters like Hamukatsu and who exactly are the Rare Killers? The final battle is about to start! (Source: Duel Masters Wikia)","['Prequel (TV) Duel Masters VSR', 'Sequel (TV) Duel Masters (2017)']",Duel Masters VSRF,"['Action', 'Adventure', 'Comedy', 'Fantasy']",,
117,Battle Spirits Season 9,バトルスピリッツ ダブルドライブ,,,,,['TV'],51,Finished Airing,"Apr 6, 2016 to Mar 29, 2017",['Spring 2016'],Wednesdays at 17:55 (JST),"None found,","None found,",['Bandai Namco Pictures'],Card game,['Fantasy'],,,24 min. per ep.,PG - Children,5.72,#11283,#12224,"1,801",3,395,"Shunta Mogami loves the Battle Spirits game. One day he is transported by a light from a Battle Spirits card to Spirits World, the origin of all Battle Spirits. He meets a girl named Eto, who claims to have summoned him to Spirits World in order to prevent its destruction at the hands of the revived Evil God-King, who once plotted the destruction of Spirits World before being defeated and sealed away. Together with the confident, green-deck-wielding Yoku Albatrosa, who also came from another world, Shunta sets out to find the twelve God-Kings whose power originally sealed the Evil God-King. (Source: ANN)",[],Battle Spirits: Double Drive,,['Strategy Game'],
118,Kamiusagi Rope 4,紙兎ロペ 〜笑う朝には福来たるってマジっすか!?,,,,,['TV'],Unknown,Currently Airing,"Nov 16, 2012 to ?",['Fall 2012'],Not scheduled once per week,"None found,","None found,","None found,",Original,,,,2 min.,G - All Ages,[],#19286,#13297,"1,296",0,,"Fourth season of Kamiusagi Rope, events occur after the feature film. Airs on Mezamashi TV instead of the theaters.","['Prequel (Movie) Kamiusagi Rope tsuka, Natsuyasumi Rasuichi tte Maji ssuka!?', '']",Kamiusagi Rope: Warau Asa ni wa Fukuraitaru tte Maji ssuka!?,"['Comedy', 'Slice of Life']",,
119,Hana Kappa,はなかっぱ,,,,,['TV'],Unknown,Currently Airing,"Mar 29, 2010 to ?",['Spring 2010'],Not scheduled once per week,"['Group TAC', 'TOHO animation']","None found,","['Xebec', 'OLM']",Picture book,['Comedy'],,['Kids'],10 min.,PG - Children,6.00,#9916,#14255,"1,003",0,171,Story about Kappa with flowers on their heads.,[],Hanakappa,,,
120,,しあわせ配達おみくじタネコ,,,,,['TV'],Unknown,Currently Airing,"Mar 26, 2011 to ?",['Spring 2011'],Not scheduled once per week,"None found,","None found,",['Kachidoki Studio'],Original,['Comedy'],,,Unknown,None,[],#14196,#14341,980,4,,"The story centers around a cat who answers people's wishes and delivers happiness. (""Tane"" and ""neko"" are the Japanese words for ""seed"" and ""cat,"" respectively.) (Source: ANN)",[],Shiawase Haitatsu Taneko,,,
121,Ahare! Meisaku-kun,あはれ! 名作くん,Aware! Meisaku-kun,,,,['TV'],230,Finished Airing,"Apr 8, 2016 to Mar 4, 2022",['Spring 2016'],Fridays at 18:20 (JST),"None found,","None found,",['Pie in the sky'],Original,['Comedy'],"['Parody', 'School']",['Kids'],5 min. per ep.,G - All Ages,6.11,#9319,#14431,951,1,213,"A long, long time ago, there was a prestigious school called ""Ryuuguu Elementary School"" that produced many masterpiece characters. One day, an ordinary boy named Meisaku Matsuda enrolled at the school. Little did he know that the place for learning was filled with crazy characters like Sweets, the energetic idiot; Musubi, a rice ball who gets angry when called ""onigiri""; Nokio, a narcissistic self-proclaimed robot; and Bolt, who's clearly faster than a rabbit. Surrounded by such unique characters, will Meisaku be able to graduate as a splendid masterpiece character? (Source: Anime News Network)",[],Aware! Meisaku-kun,,,
122,Clamployee,朝だよ！貝社員,,,,,['TV'],744,Finished Airing,"Apr 4, 2016 to Mar 29, 2019",['Spring 2016'],Not scheduled once per week,"None found,","None found,",['DLE'],Original,['Comedy'],,,44 sec. per ep.,G - All Ages,5.59,#11848,#14705,888,2,159,The series follows a variety of employed shellfish who exhibit selfish or odd personality traits. (Source: LiveChart),[],Asa da yo! Kaishain,,['Workplace'],
123,,CoCO & NiCO,,,,,['TV'],39,Finished Airing,"Apr 8, 2016 to Feb 3, 2017",['Spring 2016'],Fridays at Unknown,"['Sony Music Entertainment', 'MMDGP', 'Tokyo MX']","None found,",['Kachidoki Studio'],Original,['Comedy'],,['Kids'],1 min. per ep.,G - All Ages,[],#17392,#14939,826,2,,"CoCO and her sister NiCO are under training to become graceful and elegant cat princesses. They are watched over and trained by the strict but caring Lady Oppenheimer. CoCO and NiCO keeps Lady Oppenheimer quite busy as they try their best to learn the ways of a princess, and have fun with a little mischief along the way. (Source: Japan International Broadcasting)",[],CoCO & NiCO,,,
124,,カミワザ・ワンダ,,,,,['TV'],47,Finished Airing,"Apr 23, 2016 to Mar 25, 2017",['Spring 2016'],Saturdays at 07:00 (JST),['TBS'],"None found,",['TMS Entertainment'],Original,['Sci-Fi'],,['Kids'],24 min. per ep.,PG - Children,[],#19287,#15444,713,0,,"The story is set in a world where every event has been turned into programs, and mysterious monsters known as ""Promin"" maintain the world. However, many Promin who have turned into bugs known as ""Bugmin"" are responsible for many of the world's real-life bugs. Left alone, they may eventually turn into a big problem. The boy Yuuto encounters the space dog Wanda, and the pair use a camera-like device and key items to capture Bugmin. Promin themselves are able to do things like ""accelerate objects,"" ""spew fire,"" or ""create objects,"" through an ability known as ""Kamiwaza"" (miracle), and are able to fend off Bugmin with it. At first, the Bugmin only cause small, bothersome things, but it will soon elevate into a global scale threat. Can one boy and one dog save the world? (Source: ANN)",[],Kamiwaza Wanda,,,
125,,しまじろうのわお!,,,,,['TV'],Unknown,Currently Airing,"Apr 2, 2012 to ?",['Spring 2012'],Mondays at 07:30 (JST),"None found,","None found,",['The Answer Studio'],Other,,,['Kids'],8 min.,G - All Ages,[],#14228,#15589,688,1,,Fourth season of the Shimajirou children's television series.,"['Prequel (TV) Shimajirou Hesoka', '']",Shimajirou no Wow!,"['Adventure', 'Comedy', 'Fantasy']",,
126,"Turning Mecard Wing, 터닝메카드 Wing",터닝메카드 W,Turning Mecard W,,,,['TV'],26,Finished Airing,"May 19, 2016 to Nov 17, 2016",['Spring 2016'],Thursdays at 17:30 (JST),"None found,","None found,","None found,",Unknown,['Adventure'],"['Mecha', 'Racing', 'Strategy Game']",['Kids'],28 min. per ep.,PG - Children,6.14,#9135,#15809,653,2,199,No synopsis information has been added to this title. Help improve our database by adding a synopsis here.,"['Prequel (TV) Turning Mecard', 'Sequel (TV) Turning Mecard W Season 2']",Turning Mecard W,,,
127,,なめこ～せかいのともだち～,,,,,['TV'],26,Finished Airing,"Apr 10, 2016 to Feb 12, 2017",['Spring 2016'],Sundays at 17:00 (JST),"['Zexcs', 'BeeWorks']","None found,",['Studio Deen'],Game,['Comedy'],,['Kids'],3 min. per ep.,G - All Ages,[],#20544,#15929,635,1,,Nameko Forest gathers nameko from all over the world. They form the Nameko Universal Ranger (NUR) to convey the charm of the forest. It's an everyday life of inviting new nameko with unique personalities to the forests. What incident will happen today?,[],Nameko: Sekai no Tomodachi,,,
128,,ふりぃきぃ～はいすく～る,Freaky Highschool,,,,['TV'],69,Finished Airing,"Jun 10, 2016 to Sep 29, 2017",['Summer 2016'],Fridays at 02:05 (JST),"None found,","None found,","None found,",Original,['Horror'],,,Unknown,PG - Children,[],#18006,#16421,569,0,,A cutesy horror anime. Everyone in town is monster but they're living their lives like normal while attending high school.,[],Freaky Highschool,,['School'],
129,Rice Monster Pap,ごはんかいじゅうパップ,,,,,['TV'],Unknown,Currently Airing,"Apr 25, 2011 to ?",['Spring 2011'],Not scheduled once per week,"None found,","None found,",['DLE'],Original,,,['Kids'],30 sec.,G - All Ages,[],#18205,#16436,567,0,,"A series of short, 30-second segments featuring Gohan Kaijuu Pap and various ""side dish"" monsters to produce delicious meals.",[],Gohan Kaijuu Pap,"['Action', 'Comedy']",,
130,PJ Berry no Mogu Mogu Munya Munya,PJベリーのもぐもぐむにゃむにゃ,,,,,['TV'],20,Finished Airing,"Aug 19, 2016 to Mar 9, 2017",['Summer 2016'],Unknown,['Fuji TV'],"None found,",['Doga Kobo'],Game,['Comedy'],,,1 min. per ep.,G - All Ages,[],#21061,#16552,553,0,,"Fuji TV announced that it will air a new series of anime shorts based on the Parappa the Rapper video game franchise. The new anime will center on the P.J. Berri character. Each episode is about 96 seconds long. The anime celebrates both the 20th anniversary of the game and the 15th anniversary of the anime series. (Source: US Anime Direct, edited)","['Sequel (TV) PJ Berri no Mogumogu Munyamunya Season 2', '']",PJ Berri no Mogumogu Munyamunya,,,
131,Yowamon,よわむしモンスターズ,,,,,['TV'],Unknown,Currently Airing,"Dec 25, 2012 to ?",['Winter 2013'],Not scheduled once per week,['NHK'],"None found,","None found,",Original,,,['Kids'],1 min.,PG - Children,[],#16128,#16778,527,0,,An NHK toddler's anime following cowardly creatures representing typical Halloween monsters like Dracula and a witch.,[],Yowamushi Monsters,,,
132,,텔레몬스터,Telemonster,,,,['TV'],52,Finished Airing,"Feb 28, 2016 to Jul 9, 2017",['Winter 2016'],Unknown,"None found,","None found,",['Studio Gale'],Original,['Adventure'],,,2 min. per ep.,PG - Children,[],#14791,#17022,504,0,,"Korean Animation about the monsters Eerie, Rock-G, Popo, and Yossi and the adventures they go on each day!",[],Telemonster,,,
133,,えほん寄席,,,,,['TV'],73,Finished Airing,"Apr 2006 to Nov 11, 2023",['Spring 2006'],Unknown,"['NHK', 'Pony Canyon']","None found,","None found,",Other,['Horror'],"['Historical', 'Performing Arts']",['Kids'],5 min. per ep.,PG - Children,[],#17863,#17183,487,0,,Anime rakugo of classic Japanese horror tales shown in a wide variety of art styles.,[],Ehon Yose,,,
134,"GuraP & Rodeo 2nd Season, GraP & RodeO 2nd Season",ぐらP&ろで夫II,,,,,['TV'],27,Finished Airing,"Jul 1, 2016 to Dec 30, 2016",['Summer 2016'],Fridays at 21:55 (JST),['Lantis'],"None found,",['Pie in the sky'],Original,['Comedy'],,,2 min. per ep.,PG-13 - Teens 13 or older,[],#18242,#17385,467,2,,2nd Season of Gra-P & Rodeo.,"['Prequel (TV) Gra-P & Rodeo', '']",Gra-P & Rodeo II,,['Music'],
135,,ミカンせいじん現わる,,,,,['TV'],58,Finished Airing,"Aug 26, 2016 to Sep 29, 2017",['Summer 2016'],Fridays at 01:25 (JST),"None found,","None found,","None found,",Other,['Comedy'],,,20 sec. per ep.,G - All Ages,[],#20239,#17428,464,2,,"The story centers on the titular Mikan Seijin (Orange Alien), who appears from Local 3 (an orange planet in a higher dimension) with plans of invading the Earth. (Source: ANN)",[],Mikan Seijin Arawaru,,,
136,,オトナの一休さん,,,,,['TV'],13,Finished Airing,"Jun 6, 2016 to Dec 28, 2016",['Summer 2016'],Wednesdays at 20:45 (JST),['NHK'],"None found,","None found,",Unknown,['Comedy'],,,5 min. per ep.,PG-13 - Teens 13 or older,[],#20906,#17684,444,2,,"An adult comedy series following the life of Ikkyuu, a monk.","['Sequel (TV) Otona no Ikkyuu-san 2nd Season', '']",Otona no Ikkyuu-san,,['Historical'],
137,,ともだち8にん,,,,,['TV'],398,Finished Airing,"Mar 28, 2011 to Jan 5, 2019",['Spring 2011'],Not scheduled once per week,"None found,","None found,",['Egg'],Original,['Comedy'],,['Kids'],1 min. per ep.,G - All Ages,[],#14949,#17784,436,0,,"A series oriented to three-year-old children, showing the everydays of 9 characters, each of them having a distinct feature. Children will recognize characters and situations from their own life. Sometimes through conflicts, sometimes through encouragement, they will find everyone's place in the world. The story conveys messages such as ""Nobody's alone"", ""It's good to be different"" and the importance of being connected with others, in a fun way. (Source: Official site)",[],Tomodachi 8-nin,,,
138,"Kobito Zukan, Chobitto Dukan",ちょびっとづかん,,,,,['TV'],52,Finished Airing,"Jul 7, 2016 to Jun 29, 2017",['Summer 2016'],Sundays at 20:55 (JST),"None found,","None found,",['Kachidoki Studio'],Picture book,['Fantasy'],,['Kids'],4 min. per ep.,PG - Children,[],#17310,#18039,417,0,,Based on a picture book series launched in 2006 about creatures that are neither insects nor plants. (Source: ANN),[],Chobitto Zukan,,,
139,,パッコロリン,Pakkororin,,,,['TV'],Unknown,Currently Airing,"Mar 28, 2011 to ?",['Spring 2011'],Not scheduled once per week,['NHK'],"None found,",['Three-d'],Original,,,['Kids'],1 min.,G - All Ages,[],#20936,#18315,397,0,,"A minute long children's anime that follows 3 siblings. Two brothers who are rectangular and circular shaped, and a sister who is triangluar shaped. They have unique personalities and foster growth and discovery through their play time.",[],Pakkororin,,,
140,,꼬마버스 타요 4,Tayo the Little Bus Season 4,Tayo Der Kleine Bus Staffel 4,Tayo El Pequeño Autobús 4,,['TV'],26,Finished Airing,"Aug 31, 2016 to Nov 24, 2016",['Summer 2016'],Not scheduled once per week,"None found,","None found,","['Iconix Entertainment', 'Studio Gale']",Original,,,['Kids'],11 min. per ep.,PG - Children,5.61,#11751,#18685,366,0,138,The fourth season of Kkoma Bus Tayo.,"['Prequel (TV) Kkoma Bus Tayo 3', 'Sequel (TV) Kkoma Bus Tayo 5']",Kkoma Bus Tayo 4,,['Racing'],
141,,파워배틀 와치카 시즌 2,Power Battle Watch Car,,Watchcar Temporada 2,,['TV'],13,Finished Airing,"Aug 23, 2016 to Nov 15, 2016",['Summer 2016'],Unknown,"None found,","None found,",['SAMG Entertainment'],Original,,,['Kids'],26 min. per ep.,G - All Ages,5.91,#10404,#19005,344,0,122,The second season of Power Battle Watch Car.,"['Prequel (TV) Power Battle Watch Car', 'Sequel (Movie) Power Battle Watch Car: Watch Gamyeon-ui Yeogseub']",Power Battle Watch Car Season 2,,['Racing'],
142,Mzmz18,ムズムズエイティーン,,,,,['TV'],20,Finished Airing,"May 3, 2016 to Jan 14, 2017",['Spring 2016'],Unknown,"None found,","None found,","None found,",Original,['Slice of Life'],,,2 min. per ep.,G - All Ages,[],#20497,#19188,333,0,,No synopsis information has been added to this title. Help improve our database by adding a synopsis here.,[],Muzumuzu Eighteen,,,
143,Dan Dan Xiaozi,캡슐보이,Capsule Hero,,,,['TV'],26,Finished Airing,"May 15, 2016 to Dec 2, 2016",['Spring 2016'],Fridays at 14:30 (JST),"None found,","None found,","None found,",Original,['Sci-Fi'],,['Kids'],24 min. per ep.,G - All Ages,[],#17139,#19777,295,0,,6.5-centimeter tall Degirdians fall to Earth in their spacecraft while chasing fugitives. Their spaceship transforms into a capsule toy stand near a toy store and a human boy accidentally takes home one of the aliens thinking it's a capsule toy. They befriend a human boy and try to figure out a way to get home all while fighting off the evil alien.,"['Sequel (TV) Capsule Boy 2: Ujuleul Jikyeola', '']",Capsule Boy,,,
144,The Sound of Heart: Season 1,마음의 소리 시즌 1,The Sound of Your Heart,,,,['TV'],26,Finished Airing,"Jul 19, 2016 to Dec 27, 2016",['Summer 2016'],Sundays at Unknown,"None found,","None found,","None found,",['Web manga'],,,,Unknown,PG-13 - Teens 13 or older,[],#19912,#20462,260,1,,"While it may seem like a mere depiction of everyday life, The Sound of Your Heart is a comedy filled to the brim with wit, sarcasm, and parody. It gives no regard for the probable or realistic- it is a series of absurd situations that is sure to get a laugh out of every reader willing to suspend their sense of reality. (Source: LINE Webtoon)","['Sequel (TV) Ma-eum-uisoli Season 2', 'Adaptation (Manhwa) The Sound of Your Heart']",Ma-eum-uisoli,"['Comedy', 'Slice of Life']",,
145,,깨미탐험대,Kemy Expedition,,,,['TV'],26,Finished Airing,"Jun 13, 2016 to Dec 12, 2016",['Summer 2016'],Unknown,"None found,","None found,","None found,",Original,['Adventure'],,['Kids'],23 min. per ep.,G - All Ages,[],#19369,#20770,242,0,,"A season of Kemy, where the gang goes on expeditions to explore nature. This season is similar to the original Kemy Lang Buka Chaka where some of the footage is live action nature. Still, Buka and Chaka do not reprise their roles in this season either.","['Prequel (TV) Kemy', '']",Kemy Tamheomdae,,,
146,"Sophie Ruby, Sopilubi",소피루비,,,,,['TV'],52,Finished Airing,"Aug 30, 2016 to Aug 20, 2017",['Summer 2016'],Unknown,"None found,","None found,","None found,",Unknown,['Comedy'],,['Kids'],12 min. per ep.,G - All Ages,[],#14453,#21443,206,1,,No synopsis information has been added to this title. Help improve our database by adding a synopsis here.,"['Sequel (TV) Kkum-ui Wang-gug SofyRuby', '']",SofyRuby,,,
147,,新葫蘆兄弟,Calabash Brothers Ⅱ,,,,['TV'],52,Finished Airing,"Jul 6, 2016 to Jul 11, 2017",['Summer 2016'],Unknown,"None found,","None found,",['Shanghai Animation Film Studio'],Original,,,['Kids'],11 min. per ep.,PG - Children,[],#15748,#22176,168,0,,No synopsis information has been added to this title. Help improve our database by adding a synopsis here.,"['Prequel (TV) Hulu Xiongdi', '']",Xin Hulu Xiongdi,,,
148,"Huoxian Zhan Jing, 火线战警",강철소방대 파이어로보,Steel Fire Brigade Fire Robo,,,,['TV'],26,Finished Airing,"Aug 29, 2016 to Feb 20, 2017",['Summer 2016'],Unknown,"None found,","None found,",['Studio Button'],Original,,,['Kids'],24 min. per ep.,PG - Children,[],#14591,#22131,170,0,,No synopsis information has been added to this title. Help improve our database by adding a synopsis here.,[],Steel Fire Brigade Fire Robo,"['Action', 'Sci-Fi']",['Mecha'],
149,,翻开这一页,Story in the Book,,,,['TV'],49,Finished Airing,"Oct 3, 2014 to Sep 13, 2017",['Fall 2014'],Unknown,"None found,","None found,","None found,",Original,,"['Historical', 'School']",['Kids'],13 min. per ep.,G - All Ages,[],#17911,#22260,165,0,,No synopsis information has been added to this title. Help improve our database by adding a synopsis here.,[],Fan Kai Zhe Yi Ye,,,
150,,다이노코어,DinoCore,,,,['TV'],13,Finished Airing,"Aug 26, 2016 to Nov 18, 2016",['Summer 2016'],Unknown,"None found,","None found,","None found,",Unknown,['Action'],,['Kids'],11 min. per ep.,PG - Children,[],#17643,#22494,152,0,,No synopsis information has been added to this title. Help improve our database by adding a synopsis here.,"['Sequel (TV) DinoCore Season 2', '']",DinoCore,,['Mecha'],
151,,헬로 카봇 시즌4,,,,,['TV'],26,Finished Airing,"Jul 16, 2016 to Feb 11, 2017",['Summer 2016'],Unknown,"None found,","None found,","None found,",Original,['Action'],"['Mecha', 'Racing']",['Kids'],12 min. per ep.,PG - Children,[],#18505,#23501,123,0,,No synopsis information has been added to this title. Help improve our database by adding a synopsis here.,"['Prequel (TV) Hello Carbot Season 3', 'Sequel (TV) Hello Carbot Season 5']",Hello Carbot Season 4,,,
152,Tawawa on Monday,月曜日のたわわ,Tawawa on Monday,,,,['ONA'],12,Finished Airing,"Oct 10, 2016 to Dec 26, 2016",,,"['NBCUniversal Entertainment Japan', 'i0+']","None found,",['PINE JAM'],['Web manga'],,,,4 min. per ep.,PG-13 - Teens 13 or older,6.40,#7715,#1545,"162,963",348,59758,"Oniisan, a typical salaryman, has the weekly duty of protecting high school student Ai-chan from gropers by escorting her during their Monday morning train commutes. Despite the short time Oniisan and Ai-chan spend together, they manage to bond and learn more about each other's lives. To help Oniisan get through his Monday blues, Ai-chan gives him small presents as motivation. Ai-chan and many other girls—who all share a certain attractive trait—lighten up the Mondays of their male friends and colleagues for the long week ahead. [Written by MAL Rewrite]","['Sequel (ONA) Getsuyoubi no Tawawa 2', 'Adaptation (Manga) Getsuyoubi no Tawawa']",Getsuyoubi no Tawawa,"['Slice of Life', 'Ecchi']",,
153,Pocket Monsters Generations,ポケモンジェネレーションズ,Pokémon Generations,,Pokémon Generaciones,,['ONA'],18,Finished Airing,"Dec 9, 2016 to Feb 2, 2017",,,"None found,",['The Pokemon Company International'],['OLM'],Game,,,['Kids'],4 min. per ep.,PG - Children,7.48,#2025,#2974,"61,684",91,36601,"Pokémon Generations revisits each generation of the Pokémon video game series to shed new light on some timeless moments. From the earliest days in the Kanto region to the splendor of the Kalos region, go behind the scenes and witness Pokémon history with new eyes! (Source: Official site)",[],Pokemon Generations,"['Action', 'Adventure', 'Fantasy']",['Strategy Game'],
154,Koro Teacher Quest 2016,殺せんせーQ[クエスト]!,Koro Sensei Quest!,Assassination Classroom: Koro Sensei Quest,Koro Sensei Quest!,Koro Sensei Quest!,['ONA'],12,Finished Airing,"Dec 23, 2016 to Mar 10, 2017",,,"None found,",['Funimation'],['Lerche'],['Manga'],['Comedy'],,['Shounen'],10 min. per ep.,PG-13 - Teens 13 or older,7.02,#4304,#3155,"54,718",51,26910,"One day, class 3-E of Kunugigaoka Magic School receives a special mission: to kill their homeroom teacher, the Demon King Koro-sensei. To increase their chances of succeeding, the class searches for the three most powerful warriors—Karma Akabane, Itona Horibe, and Ritsu—who later join their company. Even with their help, accomplishing the mission becomes an insurmountable task as they are not the only ones after the Demon King's life. Koro-sensei Quest! tells the comedic adventures of Nagisa Shiota and class 3-E as chibi magical students. Trained by none other than their very target, the students encounter challenging, yet hilarious situations all through the perilous mission of defeating the Demon King. [Written by MAL Rewrite]","['Adaptation (Manga) Koro-sensei Q!', '']",Koro-sensei Quest!,,,
155,,【神撃のバハムート GENESIS】 Short story,Rage of Bahamut: Genesis - Short Story,,,,['ONA'],2,Finished Airing,"Dec 28, 2016 to Feb 20, 2017",,,['Cygames'],"None found,",['MAPPA'],Game,,,,9 min. per ep.,PG-13 - Teens 13 or older,7.12,#3808,#4377,"29,037",12,11135,"The first short story focuses on Favaro and Kaiser between the events of the first and second series as they visit Favaro's home village. The second short story shows Kaiser as a knight commander sparring with Jeanne, and sharing the reasons they remained as Orleans Knights in the aftermath of the final battle against Bahamut.","['Prequel (TV) Shingeki no Bahamut: Genesis', 'Sequel (TV) Shingeki no Bahamut: Virgin Soul']",Shingeki no Bahamut: Genesis - Short Story,"['Action', 'Adventure', 'Fantasy']",,
156,Elsword: El Lady,엘소드 엘의 여인,,,,,['ONA'],12,Finished Airing,"Dec 10, 2016 to Jan 5, 2018",,,"None found,","None found,",['DR Movie'],Game,,,,13 min. per ep.,PG-13 - Teens 13 or older,5.93,#10284,#4785,"23,808",82,5694,Nexon recently announced an anime called Elsword: El Lady and will be done by DR Movie and written by NZ. Nothing else has been announced.,[],Elsword: El-ui Yeoin,"['Action', 'Fantasy']",,
157,"How to Steal 55 Kisses,  Bringing Back Home Mr. Perfect, Taking Everybody's Husband Home",国民老公带回家,,,,,['ONA'],12,Finished Airing,"Oct 3, 2016 to Dec 12, 2016",,,"['bilibili', 'Tencent Penguin Pictures', 'China Literature Limited']","None found,",['B.CMAY PICTURES'],Novel,,,,11 min. per ep.,PG-13 - Teens 13 or older,5.99,#9976,#4888,"22,496",78,5161,"Lu Jin Nian and Qiao An Hao are a newly married couple—unfortunately, neither of them are willing participants. Now husband and wife, Qiao An Hao establishes a few ground rules: no one can know that they are married, their cohabitation is top-secret information, and under no circumstances is Lu Jin Nian permitted to touch her. As a result, their marriage remains strictly superficial. Behind their broken union, however, there is a long and complicated history. A chance encounter while seeking shelter from the rain led to the lives of Lu Jin Nian and Qiao An Hao getting intertwined. But as fate would have it, the date also marked the moment Qiao An Hao's sister fell madly in love with the stoic and mysterious Lu Jin Nian. With emotional stakes flying high, the years leading up to this marriage have been long and complicated—but never boring. And even now, despite their long-standing friendship, the newlyweds are no closer to understanding each other. [Written by MAL Rewrite]","['Sequel (ONA) Guomin Laogong Dai Huijia 2nd season', 'Adaptation (Manhua) Guomin Laogong: Touwen 55-ci']",Guomin Laogong Dai Huijia,"['Drama', 'Romance']",['School'],
158,,ルガーコード 1951,,,,,['ONA'],1,Finished Airing,"Oct 15, 2016",,,['Aniplex'],"None found,",['Studio Deen'],['Manga'],,,['Shounen'],25 min.,R - 17+ (violence & profanity),6.41,#7656,#4965,"21,728",30,8328,"The story follows a young genius university professor who is able to learn any language. He is asked to decipher a code used in wireless communication: the Luger Code, developed by werewolves, enemies to mankind. Startled to find that he cannot decipher the code and desperate to study it, the professor embarks on a journey to capture a living werewolf to aid him. (Source: LiveChart)","['Adaptation (Manga) Luger Code 1951', '']",Luger Code 1951,"['Action', 'Fantasy']",,
159,,클로저스 : SIDE BLACKLAMBS,Closers: Side Blacklambs,,,,['ONA'],6,Finished Airing,"Dec 23, 2016 to Jan 11, 2019",,,"None found,","None found,",['Studio Animal'],Game,['Fantasy'],,,16 min. per ep.,PG-13 - Teens 13 or older,6.15,#9084,#5187,"19,561",67,2049,"After the invading dimensional monsters were beaten back, Seoul was rebuilt. This is the story of Closers in New Seoul. Mysterious dimensional gates opened all over the planet and unleashed a worldwide invasion of dimensional monsters. No monsters and tactics had any effect on the waves of dimensional monsters pouring out of the dimensional gates. City after city was mercilessly destroyed. But the opening of the dimensional gates did not only cause damage and destruction. The psychokinetic power that it awoke also enabled a tiny minority of humans to gain extraordinary psychic powers. With these psychic warriors, governments around the world were able to turn the tide of the war with these monsters. After unspeakable losses, the people of earth at least succeeded in closing the gates. Since they had closed the gates, these psychics began to be called ""CLOSERS,"" and the invasion of the dimensional monsters was named the First Dimensional War. With the dimensional monsters vanquished, peace returned to the world, and the cities were rebuilt. Through dedicated research into the dimensional gates and psychokinetic power, humans learned that the gates open when there is a singularity in this mysterious power. However, their understanding of the gates was still incomplete. The CLOSERS who survived the First Dimensional War became part of an organization called UNION. Together, they researched the psychokinetic power in all over the world, working to prevent another dimensional war. And that's when the dimensional gates all over the world started shaking again - as ever stronger outbreed creatures renewed the attack on earth. (Source: Wikipedia)",[],Closers: Side Blacklambs,,['Strategy Game'],
160,"Huyao Xiao Hongniang: Yue Hong II, Little Foxspirit Matchmaker Season 4, Enmusubi no Youko-chan",狐妖小红娘 北山妖帝,Fox Spirit Matchmaker 4th Season,,,,['ONA'],8,Finished Airing,"Nov 18, 2016 to Jan 6, 2017",,,['Tencent Animation & Comics'],"None found,",['Haoliners Animation League'],['Manga'],,,,14 min. per ep.,PG-13 - Teens 13 or older,7.42,#2296,#7090,"8,908",6,3616,The 4th season of Huyao Xiao Hongniang.,"['Prequel (ONA) Huyao Xiao Hongniang: Yue Hong', 'Sequel (ONA) Huyao Xiao Hongniang: Qian Yan', 'Adaptation (Manhua) Xiangsishu Xia', '']",Huyao Xiao Hongniang: Beishan Yaodi,"['Comedy', 'Romance', 'Supernatural']",['Historical'],
161,,イナズマイレブン アウターコード,,,,,['ONA'],6,Finished Airing,"Nov 4, 2016 to Aug 19, 2017",,,"['OLM', 'Level-5']","None found,","None found,",Game,['Sports'],,,5 min. per ep.,G - All Ages,6.81,#5278,#7142,"8,732",8,3874,"A spin-off of the Inazuma Eleven soccer anime franchise. The first episode features the Fubuki brothers, and the second features the Ohisama En.",[],Inazuma Eleven: Outer Code,,['Team Sports'],
162,Bangable Girl,ヤれる子!電車エッチ,,,,,['ONA'],2,Finished Airing,"Oct 28, 2016 to Nov 18, 2016",,,"['Top Marshal', 'SELFISH']","None found,",['Office TakeOut'],Visual novel,['Hentai'],,,16 min. per ep.,Rx - Hentai,6.68,N/A,#7200,"8,583",50,3694,"It is rumored that girls are particularly vulnerable while riding trains. In such a situation, can one not help but indulge in their ultimate fantasy?",[],Yareruko! Densha Ecchi,,,
163,CMFU Academy: King of Billiards,CMFU学院：王子碰碰球,,,,,['ONA'],24,Finished Airing,"Nov 3, 2016 to Apr 6, 2017",,,"['Tencent Penguin Pictures', 'China Literature Limited']","None found,",['Foch Film'],Novel,,,,11 min. per ep.,PG-13 - Teens 13 or older,6.11,#9325,#8301,"6,016",19,882,"Qin Xiaolu is a problematic girl. Her parents divorced. She was raised by her grandmother. She went to work at a young ageand later she started playing billiards. Now she is playing gambling and kidnapping becoming a superb female gangster. One day, Qin Xiaolu touching the porcelain, escapes from gangsters and it the end she blackmail a BMW owner. She didn't expect that the owner to be the prince of the CMFU Academy. (Source: baidu)",[],CMFU Xueyuan: Wangzi Peng Peng Qiu,"['Romance', 'Sports']",['School'],
164,,政宗ダテニクル,,,,,['ONA'],6,Finished Airing,"May 2, 2016 to Mar 30, 2018",,,['JTB Entertainment'],"None found,","['Gainax', 'Gaina']",Original,['Action'],"['Historical', 'Samurai', 'Super Power']",,14 min. per ep.,PG-13 - Teens 13 or older,5.67,#11529,#9482,"4,165",4,488,"The coming-of-age battle story will center on the famous 17th-century Japanese warlord Date Masamune when he was young. The Date clan took its name from the Date region of the former Mutsu province, which comprises part of the modern-day city of Date. The anime will be the first in the city's ""Kirari na Wonder Project"" (Twinkling Wonder Project), which aims to highlight tourist attractions and the appeal of the region. Gainax's newly founded Fukushima studio will work on the anime, and will complete it at the end of March. The anime will have a private screening in April and will also screen in anime events and be posted online. (Source: ANN)",[],Masamune Datenicle,,,
165,Girlfriend (Onpu),ガールフレンド(♪),Girl Friend Note,,,,['ONA'],3,Finished Airing,"Oct 22, 2016 to Nov 5, 2016",,,"None found,","None found,",['Encourage Films'],Game,,"['Music', 'School']",,11 min. per ep.,G - All Ages,6.02,#9828,#9577,"4,040",0,800,"One day, after the ending of World Dance Battle Royale, it has been unexpectedly decided that the nonet will work together with ""Ootori"" members from Ootoriutain High School to create a drama. The drama is an original story based on Cinderella with an arrangement. It has been decided that Momoko Asahina will play Cinderella and Miyabi Kunishiro the prince. Also, an unexpected role has been decided for Kokomi Shiina. A drama between a slightly different nonet and Ootori members has begun. (Sourc: MAL News)",[],Girlfriend (Note),,,
166,,アカシックリコード,Akashic Re:cords,,,,['ONA'],1,Finished Airing,"Oct 18, 2016",,,"None found,","None found,","None found,",Game,['Fantasy'],,,1 min.,G - All Ages,6.46,#7340,#9875,"3,686",10,1141,"The animated opening for Square Enix and Kadokawa Game’s Akashic Re:cords RPG mobile game which launched for Android and iOS on November 10, 2016. The game had a short lived run and was terminated on August 31, 2017.",[],Akashic Re:cords,,['Strategy Game'],
167,,雾山五行,Fog Hill of Five Elements,,,,['ONA'],1,Finished Airing,"Dec 31, 2016",,,"None found,","None found,",['Samsara Animation Studio'],Original,,,,5 min.,PG-13 - Teens 13 or older,7.17,#3553,#9917,"3,643",12,749,"A legend tells that a long time ago, monsters could give the ability to certain elected officials to master the five elements. But for wha, you have to go through the dangerous foggy mountains. Follows the adventures of one of these elected officials. (Source: IMDB)",[],Wu Shan Wu Xing,"['Action', 'Fantasy']",,
168,An Encore and Continuance,パンドラの箱   - 新たな世界のはじまり——!? -,An Encore and Continuance: Pandora's Box  - A strange phenomenon is overtaking the world?! -,,,,['ONA'],1,Finished Airing,"Dec 31, 2016",,,['XFLAG'],"None found,","['Studio Hibari', 'Ultra Super Pictures']",Game,,,,8 min.,PG-13 - Teens 13 or older,6.28,#8385,#10229,"3,295",1,886,"After defeating the War Gods, Ren and his friends are living the dream. It seems like they've finally managed to regain their normal lives. However, a mysterious girl by the name of Pandora appears, bringing with her a box that must never be opened. An unfortunate incident results in the box opening (of course), setting the world up for some big changes... (Source: YouTube, edited)","['Prequel (ONA) Monster Strike', 'Sequel (ONA) Monster Strike: Katsubou no Hate no Risoukyou']",Monster Strike: Zoku Saishuu-banashi - Pandora no Hako,"['Action', 'Fantasy']",['Video Game'],
169,,[엘소드] 아인의 기억 애니메이션,,,,,['ONA'],1,Finished Airing,"Dec 12, 2016",,,"None found,","None found,",['DR Movie'],Game,,,,4 min.,PG-13 - Teens 13 or older,6.06,#9599,#10343,"3,172",2,956,"This was the Secret Video that was shown in Anime premiere event. It tells the story of, Ain, a secretive timekeeper during the events of Elsword: El-ui Yeoin's first episode. (Source: 2nafish)",[],Elsword: Ain-ui Gieog Animation,"['Action', 'Fantasy']",,
170,Monster Strike Winter Special,映画公開スペシャル「レイン・オブ・メモリーズ」,Monster Strike: Rain of Memories,,,,['ONA'],1,Finished Airing,"Dec 3, 2016",,,"None found,","None found,","['Ultra Super Pictures', 'Connect']",Game,,,,46 min.,PG-13 - Teens 13 or older,6.41,#7660,#10431,"3,103",1,851,"- They deserve better. Someone better than me... - The stage is set one year before Ren arrives in Kaminohara. Akira has moved to Kaminohara from Sendai, all for the sake of revenge. The wounds that his sister suffered in an MS battle fuel his vengeance. A lost Haruma is given directions by Akira, revealing a caring side to the usually cold and calculating teen. Haruma observes Akira's violent MS battles, and realizes that Akira fights while reading his enemies' attacks. Haruma proposes the idea of recruiting Akira to his teammates, Aoi and Minami. Surprised and naturally reluctant, Aoi and Minami decide to trust Haruma. For Haruma has resisted recruiting the fourth member of their team, saving the spot for the right person... (Source: AniDB)",[],Monster Strike: Rain of Memories,"['Action', 'Fantasy']",['Video Game'],
171,Dongguo Xiaojie: Karma,东郭小节,,,,,['ONA'],15,Finished Airing,"Dec 26, 2016 to Apr 10, 2017",,,['Tencent Animation & Comics'],"None found,",['Haoliners Animation League'],['Manga'],,"['Historical', 'Mythology']",,16 min. per ep.,PG-13 - Teens 13 or older,5.92,#10358,#10658,"2,908",7,647,"Dongguo Xiaojie, a young girl, has lived together with her mother ever since she was little. On the year she turned sixteen, her mother suddenly contracted a ""Grave Illness"". To save her mother, Dongguo Xiaojie set foot into the unknown on a dangerous journey. Accompanying her on this journey is her sworn elder brother Mo Zixuan and the mysterious youth, Life's Hardship. However, danger arises again and again as they are continuously attacked by people they meet on their journey. Just what conspiracy is hidden behind this journey? (Source: You Tube)",[],Dongguo Xiaojie,"['Adventure', 'Supernatural']",,
172,"Cinderella Girls Gekijou: 5th Anniversary Short, The iDOLM@STER Cinderella Girls Cinderella Girls Gekijou: 5 Shuunen Kinen Short Anime, Cinderella Girls Gekijou: Go Shuunen Kinen Short Anime",シンデレラガールズ劇場 5周年記念ショートアニメ,,,,,['ONA'],1,Finished Airing,"Nov 28, 2016",,,"None found,","None found,",['Gathering'],Game,['Comedy'],,,3 min.,PG-13 - Teens 13 or older,5.96,#10099,#11603,"2,193",0,646,This short commemorates the 5th anniversary of The iDOLM@STER Cinderella Girls game featuring the cast as they will be shown in the Cinderella Girls Gekijou anime coming out in 2017. The girls contemplate half a decade passing and worry about aging and their progress as idols.,[],Cinderella Girls Gekijou: 5-shuunen Kinen Short Anime,,,
173,,KINGSGLAIVE FFXV ファン感謝特別ムービー,,,,,['ONA'],1,Finished Airing,"Dec 31, 2016",,,['Square Enix'],"None found,","None found,",Game,['Action'],,,1 min.,G - All Ages,5.85,#10682,#11735,"2,104",1,889,"A fan appreciation special movie release on Square Enix's official youtube channel which indicated that Jan 1, 2017 will be the start of a collaboration with Final Fantasy: Brave Exvius, a mobile mmorpg launched in Japan over a year prior. We see the popular cartoon character Malboro-kun as he hilariously runs away from a monster, when Yama-chan appears and makes short work of the tentacled threat. Yama-chan is the owner of a bar in the immigrant district in Insomnia, where the Kingsglaive members often go to dine, as we can see in a scene of the film itself. He's known for his dish Malbo Smul, and this time around we get to see how he procures his meat. Incidentally, Yama-chan's fighting style definitely looks like that of a Glaive, so apparently there is more to him than meets the eye. (Source: dualshockers.com)",[],Kingsglaive: FFXV Fan Kansha Tokubetsu Movie,,,
174,,クレヨンしんちゃん外伝 おもちゃウォーズ,,,,,['ONA'],13,Finished Airing,"Nov 9, 2016 to Feb 1, 2017",,,['Imagine'],"None found,",['Shin-Ei Animation'],['Manga'],,,['Seinen'],7 min. per ep.,G - All Ages,6.69,#5946,#11765,"2,087",2,821,"The anime's plot is taken from the 41st volume of the original manga's ""Figure Wars"" story. The story begins when toys of Oban, a character from a tokusatsu (special effects) television show, becomes popular, but also loses popualrity quickly. Many unsold Oban toys are thrown away. A bolt of lightning strikes one of these toys one day, and gives it life. Alongside other toys thrown away by people, Oban swears revenge on humans, and attacks. At the same time, Oban's sworn enemy Chūkōnen Kamen is also given life. Chūkōnen Kamen, normally a middle-aged, overweight, and depressed man, powers up by eating cup noodles. Alongside Shinnosuke, he will fight to reclaim peace for the world.","['Prequel (ONA) Crayon Shin-chan Gaiden: Alien vs. Shinnosuke', 'Sequel (ONA) Crayon Shin-chan Gaiden: Kazokuzure Ookami', 'Adaptation (Manga) Crayon Shin-chan', '']",Crayon Shin-chan Gaiden: Omocha Wars,"['Action', 'Comedy', 'Ecchi']",,
175,"Spiritual Domain Fourth Season, Spiritual Field 4",灵域 第四季,,,,,['ONA'],12,Finished Airing,"Dec 8, 2016 to Feb 23, 2017",,,['iQIYI'],"None found,",['Haoliners Animation League'],Novel,['Fantasy'],,,14 min. per ep.,PG-13 - Teens 13 or older,6.64,#6221,#12067,"1,908",1,633,No synopsis information has been added to this title. Help improve our database by adding a synopsis here.,"['Prequel (ONA) Ling Yu 3rd Season', 'Sequel (ONA) Ling Yu 5th Season']",Ling Yu 4th Season,,,
176,Fune wo Amu next episode previews,「舟を編む」予告,,,,,['ONA'],10,Finished Airing,"Oct 13, 2016 to Dec 18, 2016",,,"None found,","None found,",['Zexcs'],Novel,['Comedy'],,,41 sec. per ep.,G - All Ages,5.50,#12121,#12808,"1,496",1,365,Chibi-style next episode previews for Fune wo Amu that were originally posted on the official Fune wo Amu Twitter page and the noitaminA YouTube channel. They were later included on the DVD and Blu-ray releases as part of the episodes.,[],Fune wo Amu Yokoku,,['Adult Cast'],
177,,画江湖之杯莫停,A Portrait of Jianghu: Mourning Toast,,,,['ONA'],40,Finished Airing,"Dec 7, 2016 to Sep 6, 2017",,,"None found,","None found,",['Rocen'],Original,,,,23 min. per ep.,R - 17+ (violence & profanity),6.32,#8159,#13446,"1,243",5,267,"Years ago, Zong Shuai from the Middle State, Wanyan Zang from the Northern Land, and Wen Taiji from the Southern Territory suffered great loss during their fight for the hegemony of the world. As a result, a 20-year truce was established. Now, with the deal coming to an end, conflicts are brewing in the ostensible peace. In hatred and suspicion, the three families set up their respective Blood Orders, listing the names of the most important people of the hostile families and swearing to hunt them down. A breathtaking war is about to commence.",[],Hua Jianghu: Bei Mo Ting,"['Adventure', 'Fantasy', 'Romance']",['Martial Arts'],
178,,擬人化でまなぼ!,,,,,['ONA'],1,Finished Airing,"Nov 29, 2016",,,"None found,","None found,",['Yokohama Animation Laboratory'],Other,,,,3 min.,PG - Children,5.31,#12657,#13724,"1,156",1,429,The anime illustrates how the three protocols/standards handle a request (an online video purchase) from the user by handing off packets of data between them. (Source: ANN),[],Gijinka de Manabo!,"['Comedy', 'Sci-Fi']",,
179,"Star Ocean: Anamnesis - Twin Eclipse, Star Ocean: Anamnesis - The Leash Code",スターオーシャン：アナムネシス,Star Ocean: Anamnesis,,,,['ONA'],17,Finished Airing,"Nov 28, 2016 to Apr 4, 2020",,,"None found,","None found,","None found,",Game,,,,1 min. per ep.,PG-13 - Teens 13 or older,[],#14589,#13953,"1,084",0,,"Fully animated trailers for Square Enix's Star Ocean: Anamnesis RPG mobile game franchise which launched for Android and iOS on December 5th, 2016.",[],Star Ocean: Anamnesis,"['Action', 'Fantasy']",,
180,,彼岸島X,,,,,['ONA'],12,Finished Airing,"Oct 15, 2016 to Mar 25, 2017",,,"None found,","None found,","None found,",['Manga'],,"['Gore', 'Vampire']",['Seinen'],3 min. per ep.,R - 17+ (violence & profanity),5.60,#11799,#14010,"1,072",1,195,Akira is in the midst of the final battle between the human race and vampires. He only has 47 days until Japan is turned into an island of vampires. (Source: ANN),"['Adaptation (Manga) Higanjima', '']",Higanjima X,"['Fantasy', 'Horror']",,
181,"Ragnarök Mobile, Ragnarök Online Dream",仙境传说RO：守护永恒的爱,,,,,['ONA'],1,Finished Airing,"Dec 9, 2016",,,"None found,","None found,","None found,",Game,,,,2 min.,G - All Ages,5.96,#10086,#14212,"1,017",0,288,"The official OP of the Ragnarök mobile game in China. The game itself launched January 19, 2017 for ioS. March 1, 2017 is the planned release on all platforms. This OP was animated in Japan and features a composition by dAice, Japanese lyrics by Yuki Kawamura, and sung by Chinese idol group ATF.",[],Xianjing Chuanshuo RO: Shouhu Yongheng de Ai,"['Action', 'Fantasy']",,
182,Gelee,逃猫ジュレ,Runnin' Away Gelée,,,,['ONA'],1,Finished Airing,"Oct 25, 2016",,,"None found,","None found,",['DLE'],Original,,,,6 min.,PG-13 - Teens 13 or older,5.13,#13041,#14644,902,2,351,"An animation staring Gelée, an anthropomorphic cat character created by DLE.",[],Nineko Gelée,"['Avant Garde', 'Fantasy', 'Horror']",['Music'],
183,,君临臣下,The Man From; The Arrival of the Monarch,,,,['ONA'],13,Finished Airing,"Nov 5, 2016 to Dec 29, 2016",,,"['Tencent Animation & Comics', 'Pb Animation Co. Ltd.']","None found,",['Haoliners Animation League'],['Web manga'],,,,15 min. per ep.,PG-13 - Teens 13 or older,[],#19143,#14907,833,3,,"In a day like any other, Cao Xiao Man's brother, Xiao Bei, is stabbed by a man after defending a mysterious girl. Due to the incident, and to buy medicine for his brother, Cao Xiao Man decides to earn money in a rather strange way: cross-dressing as a girl and seducing men. When he arrives to his client's house everything seems to go as planned, but the client soon discovers that Cao Xiao Man is, in fact, a boy. He decides to put Cao Xiao Man in a game where he is turned into a girl. In order for Cao Xiao Man to go back to being a boy he needs to complete the game and find the 7 Loyalties located all over the country. (Source: YouTube)",[],Junlin Chengxia,"['Comedy', 'Fantasy']",,
184,Used Video Shop's Female Shop Clerk X,中古ビデオ屋の女店員 Ｘ,,,,,['ONA'],1,Finished Airing,"Nov 21, 2016",,,"None found,","None found,","None found,",['Manga'],['Comedy'],,['Shounen'],6 min.,PG-13 - Teens 13 or older,5.25,#12797,#14903,835,0,365,"The story centers on a 19-year-old female video shop clerk named Chiaki Sakata and Inari, a elementary school boy who keeps sneaking into the adult section. (Source: ANN)","['Adaptation (One-shot) Chuuko Video-ya no Onna Tenin X', '']",Chuuko Video-ya no Onna Tenin X,,['Workplace'],
185,Chain Chronicle Girls,くろにくるがーるず,,,,,['ONA'],3,Finished Airing,"Dec 16, 2016 to Feb 23, 2017",,,"None found,","None found,",['Studio PuYUKAI'],Game,['Comedy'],"['Parody', 'School']",,3 min. per ep.,G - All Ages,5.34,#12576,#15059,800,1,134,"The digital sale/airing of the Chain Chronicle: Haecceitas no Hikari movies includes its own unique version of the Chain Chronicle chibi shorts, different from the chibi shorts shown with the theater airing. Their focus is on the female cast.",[],Kuro-Nikuru Girls,,,
186,,100%パスカル先生,,100% Teacher Pascal,100% Teacher Pascal,100% Teacher Pascal,['ONA'],6,Finished Airing,"Oct 15, 2016 to Mar 15, 2017",,,"None found,","None found,","None found,",['Manga'],['Comedy'],,['Kids'],4 min. per ep.,G - All Ages,5.34,#12568,#15103,787,0,276,The story centers around a mole elementary school teacher called Pascal who is so dumb that he cannot even write his own name correctly. Pascal is whimsical and he does whatever he wants in his classroom. (Source: Wikipedia),"['Adaptation (Manga) 100% Pascal-sensei', '']",100% Pascal-sensei,,,
187,,「マスターオブトルク」エピローグ,Master of Torque: Epilogue,,,,['ONA'],1,Finished Airing,"Dec 25, 2016",,,"None found,","None found,",['Shimogumi'],Original,,,,9 min.,G - All Ages,4.88,#13345,#15308,737,0,315,An epilogue of Master of Torque shows what the series' characters are up to one year after the events of Season 3 at the foot of Mt. Fuji. (Source: Official Email),"['Prequel (ONA) Master of Torque 3', '']",Master of Torque: Epilogue,,['Racing'],
188,Silver Girl,ギンガール,Gingirl,,,,['ONA'],1,Finished Airing,"Oct 28, 2016",,,"None found,","None found,","None found,",Original,,,,54 sec.,G - All Ages,4.82,#13403,#16096,612,0,309,An independent production by Rabbit MACHINE. A school girl with galaxy hair flies through space.,[],Gingirl,,['Space'],
189,,母のサポーター,Mother's Supporter,,,,['ONA'],1,Finished Airing,"Dec 13, 2016",,,"None found,","None found,","None found,",Original,['Drama'],,,4 min.,G - All Ages,6.20,#8845,#16347,578,1,286,"A Tsutaetai, Kokoro no Tegami (wedding, elderly aid, and funeral company) commissioned work from Tekken showing a son recounting the love of his mother as she supported his ailing father.",[],Haha no Supporter,,,
190,Kamigami no Ki: Christmas Special,神々の記 Xmas特別編,,,,,['ONA'],1,Finished Airing,"Dec 22, 2016",,,"None found,","None found,",['Sotsu'],Original,,,,2 min.,PG - Children,5.76,#11111,#17935,424,0,154,"A Christmas special of Kamigami no Ki ""aired"" between episode 4 and 5. It was a web only release.",[],Kamigami no Ki: Xmas Special,"['Comedy', 'Supernatural']",['Historical'],
191,"Komaneko Short Movie 2021, Komaneko's Season's Greetings 2021, dwarf Greeting Movie 2022: Mogu & Perol",Season's Greetings from dwarf,,,,,['ONA'],4,Finished Airing,"Dec 20, 2016 to Dec 24, 2022",,,"None found,","None found,",['dwarf'],Original,,,['Kids'],51 sec. per ep.,G - All Ages,5.65,#11603,#17990,420,0,166,"Shorts celebrating the new 2017, 2019, 2021, and 2022 year and holidays, released by the animation studio dwarf.",[],Season's Greetings from dwarf,,,
192,"Nice to meAt you☆, Midori-chan Side Story, Project Midori",みどりちゃん,,,,,['ONA'],6,Finished Airing,"Dec 29, 2016 to Apr 2, 2018",,,"None found,","None found,","None found,",Game,,"['Music', 'Strategy Game']",,6 min. per ep.,G - All Ages,[],#20230,#18010,419,0,,"Various animated videos for Midori-chan, the mascot of Sammy Co.'s pachislot and pachinko games. The videos are web-exclusive releases on Sammy Co.'s official YouTube channel. Midori-chan was launched in 2016 debuting in her ""Nice to meAt you☆"" video. A 'full' version was released the following year but contains very little recycled footage, essentially giving her two significantly different debut videos. The main purpose of Midori-chan is to promote the Myslot (マイスロ) app which allows people to register their gaming through their mobile device which uses QR Codes to let players see and archive their gaming statistics. It also allows users to win prizes, be ranked against others, play minigames (in the app), collect trophies, and find fellow pachinko friends. Midori-chan has also gone on to have her own digital 4-koma manga (2 different ones), LINE stickers, a book, and apparel line.",[],Midori-chan,,,
193,"Girls' Dormitory Life, Nu Sheng Su She Ri Chang",女生宿舍日常,Girls Dorm,,,,['ONA'],12,Finished Airing,"Nov 30, 2016 to Feb 22, 2017",,,"None found,","None found,",['Yudubai Animation'],Original,['Comedy'],,,12 min. per ep.,PG-13 - Teens 13 or older,[],#20753,#18014,418,0,,"""Girls' Dorm Daily"" takes place in a unique college dorm and revolves around four girls from different family backgrounds and with different understandings and pursuits of college life. It is a story full of joy and youth. (Source: Academy of Arts & Design, Tsinghua University)","['Sequel (ONA) Nusheng Sushe Richang 2nd Season', '']",Nusheng Sushe Richang,,['School'],
194,,阿莉塔的试炼,Alita's Trail,,,,['ONA'],1,Finished Airing,"Oct 27, 2016",,,"None found,","None found,",['Studio Tumble'],Original,,,,5 min.,PG-13 - Teens 13 or older,6.37,#7876,#17328,472,0,167,"A fight in a field. The dragon slayer shades the sun. The giant, whispering in an ancient voice, guides Alita to the signification of the fire. (Source: Studio Tumble)",[],Alita De Shi Lian,"['Action', 'Fantasy']",,
195,,GJ8マン,GJ8man,,,,['ONA'],73,Finished Airing,"Oct 8, 2016 to Aug 8, 2021",,,"None found,","None found,",['LIGHTAIR Inc.'],Original,['Comedy'],,,5 min. per ep.,G - All Ages,[],#18194,#18450,385,0,,"Gorou Joe is a boy who lives a carefree life in the small historical town of Gujo Hachiman in Gifu prefecture. One day an old self-professed ""water fairy"" appears in front of Joe, and tells him to help people, and grants Joe the power to turn into ""GJ8 Man"" (a pun on Gujo Hachiman, as the number 8 is pronounced ""hachi"" in Japanese, and the ""hachi"" in ""Hachiman"" uses the kanji for the number 8). (Source: ANN)",[],GJ8man,,['Super Power'],
196,,ルヴァンカップ×紙兎ロペ,,,,,['ONA'],7,Finished Airing,"Oct 10, 2016 to Nov 2, 2017",,,"None found,","None found,","None found,",Original,,,,1 min. per ep.,G - All Ages,[],#19786,#18650,370,0,,A collaboration between Kamiusagi Rope and J-League's Levain Cup soccer tournament.,[],Levain Cup x Kamiusagi Rope,"['Comedy', 'Slice of Life']",,
197,,紙兎ロペ × ワコール,,,,,['ONA'],6,Finished Airing,"Oct 5, 2016 to Sep 6, 2017",,,"None found,","None found,","None found,",Original,,,,1 min. per ep.,G - All Ages,[],#19285,#18857,354,0,,Collaboration episodes between the undergarment brand Wacoal and the comedy anime franchise Kamiusagi Rope.,[],Kamiusagi Rope x Wacoal,"['Comedy', 'Slice of Life']",,
198,,アッカァくんのACCA講座,Acca-kun's ACCA Course,,,,['ONA'],10,Finished Airing,"Nov 11, 2016 to Dec 21, 2016",,,"None found,","None found,","None found,",['Manga'],['Comedy'],,,1 min. per ep.,PG-13 - Teens 13 or older,5.54,#11982,#19390,320,0,125,"Short videos explaining the world of ACCA, posted on the ACCA Twitter account in late 2016",[],Acca-kun no ACCA Kouza,,,
199,"Daily Life with a Daughter, He Nu Er De Richang",和女儿的日常,Grow Up with My Daughter,,,,['ONA'],18,Finished Airing,"Oct 14, 2016 to 2016",,,"None found,","None found,",['TrioPen Studio'],['Manga'],,,['Kids'],2 min. per ep.,G - All Ages,[],#18463,#20027,283,0,,"A father with lots of love is often tormented endlessly by his daughter in everyday life. But this father would often look on all the troubles created by this child with a warm and loving heart. This is the super healing and cute series about the daily life of this father and daughter, it’s warm loving and interesting too. (Source: GFearJ)","[""Sequel (ONA) He Nü'er De Richang 2nd Season"", '']",He Nü'er De Richang,"['Comedy', 'Slice of Life']",,
200,,猪猪侠 番外篇 拼装特工队,,,,,['ONA'],26,Finished Airing,"Dec 29, 2016 to Jan 4, 2017",,,"None found,","None found,","None found,",Original,,,['Kids'],13 min. per ep.,G - All Ages,[],#16361,#20296,270,0,,"The first web-season of G.G. Bond, episodes were later televised on a select few TV channels. This season is meant to be more educational than the main series line. Each episode focuses on 1 country as the cast travels the world solving riddles while learning about the culture. And of course, fighting crime while at it.","['Sequel (ONA) Zhu Zhu Xia: Fan Wai - Zhi Huanqiu Riji', '']",Zhu Zhu Xia: Fan Wai - Pin Zhuang Tegong Dui,"['Adventure', 'Sci-Fi']",['Super Power'],
201,,もーれつ50音太郎,,,,,['ONA'],6,Finished Airing,"Dec 20, 2016 to Feb 9, 2017",,,"None found,","None found,","None found,",['Manga'],['Comedy'],,,1 min. per ep.,PG-13 - Teens 13 or older,[],#20436,#20508,257,0,,A short web series to celebrate the 50th anniversary of Akatsuka Fujio's gag manga Mouretsu Atarou. The episodes were posted to the official Akatsuka Fujio website and Twitter account.,"['Adaptation (Manga) Mouretsu Atarou', '']",Mouretsu 50 Ototarou,,['Parody'],
202,,ファンタスティックワールド,Fantastic World,,,,['ONA'],2,Finished Airing,"Oct 31, 2016 to Aug 31, 2018",,,"None found,","None found,","None found,",['Manga'],,,,1 min. per ep.,G - All Ages,[],#17917,#20838,238,0,,Animated commercials made by Ryo Hirano to promote his manga Fantastic World getting physical releases.,"['Adaptation (Manga) Fantastic World', '']",Fantastic World,"['Adventure', 'Fantasy']",['Music'],
203,"The Young Imperial Guards Prologue, The Young Imperial Guards Episode 0",少年锦衣卫 序章,,,,,['ONA'],1,Finished Airing,"Dec 29, 2016",,,['Youku'],"None found,",['Boyan Pictures'],Original,,"['Historical', 'Martial Arts']",,6 min.,PG-13 - Teens 13 or older,[],#14053,#20841,238,0,,Prologue of Shaonian Jinyiwei.,"['Sequel (ONA) Shaonian Jinyiwei', '']",Shaonian Jinyiwei Xuzhang,"['Action', 'Adventure']",,
204,"Little Monk, Little Monk Yichan",一禅小和尚,,,,,['ONA'],Unknown,Currently Airing,"Dec 15, 2016 to ?",,,"None found,","None found,","None found,",Original,['Slice of Life'],,['Kids'],2 min.,G - All Ages,[],#16041,#20982,230,0,,No synopsis information has been added to this title. Help improve our database by adding a synopsis here.,[],Yichan Xiao Heshang,,['Historical'],
205,,ハルの虹の葬式,,,,,['ONA'],1,Finished Airing,"Dec 27, 2016",,,"None found,","None found,","None found,",Original,['Supernatural'],,,7 min.,PG-13 - Teens 13 or older,[],#18444,#21497,203,0,,Independent animation by Tomotaka Hoshi.,[],Haru no Niji no Soushiki,,,
206,,生死回放,,,,,['ONA'],20,Finished Airing,"Oct 19, 2016 to Mar 8, 2017",,,['Tencent Animation & Comics'],"None found,",['CG Year'],['Manga'],,,,16 min. per ep.,PG-13 - Teens 13 or older,[],#14120,#22311,161,2,,"Young man Wei Sisi worked hard to support himself after losing all his memories. One day in an accident, he somehow obtained an ability with which he could see the memories of the dead. A series of events coming right after it made him aware that he had been involved into a well-designed conspiracy. His past was also gradually uncovered... (Source: Tencent Animation)",[],Shengsi Huifang,"['Mystery', 'Supernatural']",,
207,,那年那兔那些事儿 第三季,,,,,['ONA'],12,Finished Airing,"Oct 8, 2016 to Mar 8, 2017",,,"None found,","None found,","None found,",Other,['Comedy'],"['Anthropomorphic', 'Military']",,8 min. per ep.,PG-13 - Teens 13 or older,[],#20507,#23334,126,0,,No synopsis information has been added to this title. Help improve our database by adding a synopsis here.,"['Prequel (ONA) Na Nian Na Tu Naxie Shi Er 2nd Season', 'Sequel (ONA) Na Nian Na Tu Naxie Shi Er 4th Season']",Na Nian Na Tu Naxie Shi Er 3rd Season,,,
208,,枪灵计划,,,,,['ONA'],12,Finished Airing,"Dec 20, 2016 to Mar 14, 2017",,,"None found,","None found,","None found,",Original,,,,12 min. per ep.,PG-13 - Teens 13 or older,[],#21224,#24082,110,0,,No synopsis information has been added to this title. Help improve our database by adding a synopsis here.,[],Qiang Ling Jihua,"['Action', 'Comedy']",,
209,,사랑은 오늘도 맑음,,,,,['ONA'],1,Finished Airing,"Oct 28, 2016",,,"None found,","None found,",['Studio Animal'],Other,['Romance'],,,4 min.,G - All Ages,[],#13855,#23947,112,0,,No synopsis information has been added to this title. Help improve our database by adding a synopsis here.,[],Salangeun Oneuldo Malgeum,,,
210,,机变英盟,,,,,['ONA'],40,Finished Airing,"Nov 11, 2016 to Jan 6, 2018",,,"None found,","None found,","None found,",Original,,,,12 min. per ep.,PG - Children,[],#18983,#24211,107,0,,No synopsis information has been added to this title. Help improve our database by adding a synopsis here.,[],Jibian Ying Meng,"['Action', 'Sci-Fi']",['Mecha'],
211,,阿狸布塔故事集,,,,,['ONA'],13,Finished Airing,"Nov 24, 2016 to ?",,,"None found,","None found,","None found,",Picture book,['Fantasy'],,['Kids'],3 min. per ep.,PG - Children,[],#16534,#24493,102,0,,No synopsis information has been added to this title. Help improve our database by adding a synopsis here.,[],Ali Bu Ta Gushi Ji,,,
212,,카페 윙클,,,,,['ONA'],5,Finished Airing,"Oct 25, 2016 to Jul 7, 2017",,,"None found,","None found,",['Comma Studio'],Original,,,,3 min. per ep.,G - All Ages,[],#17100,#24612,100,0,,Every little thing's exciting at Cafe Wingcle! Wingcle's friends come in everyday to visit Wingcle. Don't you want to find out who his friends are? Wingcle's dream is to make Cafe Wingcle a cozy place where anyone can swing by and relax. (Source: YouTube),[],Cafe Wingcle,"['Gourmet', 'Slice of Life']",['Anthropomorphic'],
213,,能力有限公司,,,,,['ONA'],12,Finished Airing,"Dec 28, 2016 to Mar 15, 2017",,,"None found,","None found,","None found,",Original,['Comedy'],,,10 min. per ep.,PG-13 - Teens 13 or older,[],#20629,#25322,90,0,,No synopsis information has been added to this title. Help improve our database by adding a synopsis here.,[],Nengli Youxian Gongsi,,,
214,,スパイシーボーイZ,,,,,['ONA'],1,Finished Airing,"Nov 1, 2016",,,"None found,","None found,",['Kate Arrow'],Original,['Comedy'],,,1 min.,PG-13 - Teens 13 or older,[],#14571,#25208,92,0,,No synopsis information has been added to this title. Help improve our database by adding a synopsis here.,[],Spicy Boy Z,,,
215,"Hu Duoduo, 虎多多",i老虎you,,,,,['ONA'],15,Finished Airing,"Dec 3, 2016 to ?",,,"None found,","None found,","None found,",Original,['Fantasy'],,['Kids'],5 min. per ep.,PG - Children,[],#18813,#25278,91,0,,No synopsis information has been added to this title. Help improve our database by adding a synopsis here.,[],I Laohu You,,['Anthropomorphic'],
216,,天才联盟,Brilliant Leagues,,,,['ONA'],12,Finished Airing,"Nov 9, 2016 to Jan 25, 2017",,,"None found,","None found,","None found,",Original,,,,10 min. per ep.,R - 17+ (violence & profanity),[],#14864,#25421,89,0,,No synopsis information has been added to this title. Help improve our database by adding a synopsis here.,[],Tiancai Lianmeng,"['Comedy', 'Fantasy']",['Anthropomorphic'],
217,,菊叔5岁画,,,,,['ONA'],41,Finished Airing,"Dec 29, 2016 to Nov 30, 2017",,,"None found,","None found,","None found,",['Manga'],['Comedy'],,,3 min. per ep.,PG-13 - Teens 13 or older,[],#19129,#25507,87,0,,No synopsis information has been added to this title. Help improve our database by adding a synopsis here.,[],Ju Shu 5 Sui Hua,,['Gag Humor'],
218,"Oregairu 2 OVA, Yahari Ore no Seishun Love Comedy wa Machigatteiru. Zoku: Kitto, Onnanoko wa Osatou to Spice to Suteki na Nanika de Dekiteiru","やはり俺の青春ラブコメはまちがっている. 続 きっと, 女の子はお砂糖とスパイスと素敵な何かでできている。",My Teen Romantic Comedy SNAFU TOO! OVA,,,,['OVA'],1,Finished Airing,"Oct 27, 2016",,,"['Marvelous Entertainment', 'TBS', 'Movic', 'NBCUniversal Entertainment Japan']","None found,",['feel.'],['Light novel'],,"['Love Polygon', 'School']",,23 min.,PG-13 - Teens 13 or older,8.02,#641,#997,"261,580",481,153397,"After accepting a weekend invitation, Hachiman Hikigaya accompanies Isshiki Iroha around the Chiba Prefecture to brainstorm ideas suitable for an ideal date with Hayato Hayama. As the duo wanders from place to place without a plan, they seemingly enjoy each other's company. Yet, through these straightforward and sincere interactions, the meaning behind what it means to be genuine continues to intrigue Hachiman and his outlook for the future of the Volunteer Service Club and its members. [Written by MAL Rewrite]","['Adaptation (Manga) Yahari Ore no Seishun Love Comedy wa Machigatteiru.: Monologue', 'Adaptation (Manga) Yahari Ore no Seishun Love Comedy wa Machigatteiru. @comic', 'Adaptation (Light Novel) Yahari Ore no Seishun Love Comedy wa Machigatteiru.', '']",Yahari Ore no Seishun Love Comedy wa Machigatteiru. Zoku OVA,"['Comedy', 'Romance']",,
219,,ストライク・ザ・ブラッドⅡ,Strike the Blood Second,,Strike The Blood Second,Strike the Blood Second,['OVA'],8,Finished Airing,"Nov 23, 2016 to May 24, 2017",,,"['Movic', 'Warner Bros. Japan', 'KlockWorx', 'ASCII Media Works', 'Hakuhodo DY Music & Pictures']","None found,","['SILVER LINK.', 'Connect']",['Light novel'],,"['Harem', 'School', 'Urban Fantasy', 'Vampire']",,25 min. per ep.,R+ - Mild Nudity,6.95,#4578,#1264,"203,218",231,91323,"The second season of Strike the Blood which adapts three arcs from the 9th, 11th, and 12th light novel volumes.","['Prequel (TV) Strike the Blood', 'Sequel (OVA) Strike the Blood III', 'Adaptation (Manga) Strike the Blood', 'Adaptation (Light Novel) Strike the Blood']",Strike the Blood II,"['Action', 'Fantasy', 'Ecchi']",,
220,"DanMachi OVA, Is It Wrong to Try to Pick Up Girls in a Dungeon? OVA, Dungeon ni Deai wo Motomeru no wa Machigatteiru Darou ka: Dungeon ni Onsen wo Motomeru no wa Machigatteiru Darou ka",ダンジョンに出会いを求めるのは間違っているだろうか OVA「ダンジョンに温泉を求めるのは 間違っているだろうか」,Is It Wrong to Try to Pick Up Girls in a Dungeon?: Is It Wrong to Expect a Hot Spring in a Dungeon?,,,,['OVA'],1,Finished Airing,"Dec 7, 2016",,,"['Genco', 'Movic', 'Warner Bros. Japan', 'KlockWorx', 'SoftBank Creative', 'MAGES.', 'Hakuhodo DY Music & Pictures', 'FuRyu']",['Sentai Filmworks'],['J.C.Staff'],['Light novel'],,,,24 min.,PG-13 - Teens 13 or older,7.04,#4194,#1384,"184,483",146,97854,"Following the crisis on the dungeon's 18th floor, Bell Cranel and his allies head back to the surface. However, their journey is delayed midway when the group stumbles across uncharted territory that hides a pleasant surprise—a hot spring! The group takes a respite from all the hardships they have endured. Unfortunately, as everyone relaxes in the bath, they discover that the hot spring may hide an evil secret. [Written by MAL Rewrite]","['Prequel (TV) Dungeon ni Deai wo Motomeru no wa Machigatteiru Darou ka', 'Sequel (Movie) Dungeon ni Deai wo Motomeru no wa Machigatteiru Darou ka Movie: Orion no Ya']",Dungeon ni Deai wo Motomeru no wa Machigatteiru Darou ka OVA,"['Adventure', 'Comedy', 'Fantasy', 'Ecchi']",,
221,"Yona: The girl standing in the blush of dawn, Akatsuki no Yona: Sono Se ni wa, Akatsuki no Yona: Zeno-hen",暁のヨナ,Yona of the Dawn OVA,,,,['OVA'],3,Finished Airing,"Sep 18, 2015 to Dec 20, 2016",,,"['Hakusensha', 'Age Global Networks']","None found,",['Pierrot'],['Manga'],,,['Shoujo'],23 min. per ep.,PG-13 - Teens 13 or older,8.10,#519,#1726,"140,300",406,73070,"At a remote hot springs lodge, Yona and the team rest. The boys are taking a bath with the exception of Ki-ja, who looks troubled. Jae-ha takes this chance to tease him, unwittingly finding a mark linked to the previous White Dragon—whom coincidentally is also Ki-ja's father—prompting Ki-ja to recall their complicated relationship. In another time and place, Son Hak and the dragons banter as they hold a drinking contest. As they start to doze off one-by-one, Zeno dreams of his past, where his abilities and experiences, both as a person and as the Yellow Dragon, are revealed. [Written by MAL Rewrite]","['Prequel (TV) Akatsuki no Yona', 'Adaptation (Manga) Akatsuki no Yona']",Akatsuki no Yona OVA,"['Adventure', 'Fantasy']",,
222,MonMusu OVA,モンスター娘のいる日常 OVA,Monster Musume: Everyday Life with Monster Girls OVA,,,,['OVA'],2,Finished Airing,"Nov 12, 2016 to Apr 13, 2017",,,"None found,",['Sentai Filmworks'],['Lerche'],['Manga'],,"['Anthropomorphic', 'Harem', 'Urban Fantasy']",['Seinen'],24 min. per ep.,R+ - Mild Nudity,7.11,#3864,#2017,"115,141",127,58765,"During a physical exam, Miia, Centorea, and Mero discover that they have gained too much weight due to Kimihito Kurusu's delicious cooking. To remedy this, Polt offers them first use of her new pool and gym facility before its grand opening. However, it's not all fun and games, as the three girls' competitive spirits start to flare up! Meanwhile, when Rachnera Arachnera receives a letter from her previous host family, she finds out that they would like to meet with her and apologize for the events that caused her transfer. But, as it turns out, not only do they want to apologize, they want her back as well! When the family's daughter, Ren Kunanzuki, shows up at the front door, the gang must convince her to let Rachnera stay at Kimihito's house. [Written by MAL Rewrite]","['Adaptation (Manga) Monster Musume no Iru Nichijou', '']",Monster Musume no Iru Nichijou OVA,"['Comedy', 'Fantasy', 'Romance', 'Ecchi']",,
223,"Zaregoto Series, The Headless Cycle, The Beheading Cycle: The Blue Savant and the Nonsense Bearer",クビキリサイクル 青色サヴァンと戯言遣い,The Kubikiri Cycle,,,,['OVA'],8,Finished Airing,"Oct 26, 2016 to Sep 27, 2017",,,"['Aniplex', 'Kodansha']","None found,",['Shaft'],['Light novel'],,,,29 min. per ep.,R - 17+ (violence & profanity),7.75,#1145,#2095,"109,021",889,34759,"Due to a mysterious disease, the genius Iria Akagami has been forced by her family to stay in a mansion on the isolated Wet Crow's Feather Island with only a handful of maids. To keep herself entertained, Iria invites a variety of fellow geniuses to stay as guests in her home, including computer savant Tomo Kunagisa and her unnamed assistant, skilled fortune-teller Maki Himena, famous artist Kanami Ibuki, academic scholar Akane Sonoyama, and renowned cook Yayoi Sashirono. These visits progress as normal until one of the guests is found gruesomely murdered in the night without a single clue as to the identity of the killer or a possible motive. Tensions rise between those on the island as the killer remains at large, and Tomo's assistant takes it upon himself to uncover the culprit's identity before the murderous events progress any further. [Written by MAL Rewrite]","['Adaptation (Light Novel) Zaregoto Series', '']",Kubikiri Cycle: Aoiro Savant to Zaregotozukai,"['Drama', 'Mystery', 'Supernatural']",['Adult Cast'],
224,Gintama° OVA,銀魂　愛染香篇,Gintama: Love Incense Arc,,,,['OVA'],2,Finished Airing,"Aug 4, 2016 to Nov 4, 2016",,,"['TV Tokyo', 'Dentsu']","None found,",['Bandai Namco Pictures'],['Manga'],['Comedy'],"['Gag Humor', 'Parody']",['Shounen'],25 min. per ep.,PG-13 - Teens 13 or older,8.38,#214,#2388,"88,829",141,47054,"The red-light district, Yoshiwara, is suddenly taken over by ""Aizen Kou,"" an incense that has the ability to make anyone fall in love with the first person they see. Having been outlawed for its strong potency, the love drug was thought to have disappeared from the red-light district for good; however, it seems to have found its way back inside Yoshiwara's walls and now has the entire district under its influence. Of those affected is the cold-hearted Hyakka captain, Tsukuyo, and the first person she sees after inhaling the smoke is none other than the brazen Yorozuya leader, Gintoki Sakata. Unbeknownst to everyone else though, she was already attracted to Gintoki. With those hidden feelings now intensified, Tsukuyo must overcome her afflictions and work with the Yorozuya to return everyone back to normal. [Written by MAL Rewrite]","['Adaptation (Manga) Gintama', '']",Gintama°: Aizome Kaori-hen,,,
225,"Fairies' Penalty Game, Natsu vs. Mavis, Fairies' Christmas",フェアリーテイル OVA第2期,Fairy Tail Series 2 OVA,,,,['OVA'],3,Finished Airing,"May 17, 2016 to Dec 16, 2016",,,['Kodansha'],"None found,",['A-1 Pictures'],['Manga'],,,['Shounen'],27 min. per ep.,PG-13 - Teens 13 or older,7.22,#3253,#2428,"86,676",194,41650,"Yousei-tachi no Batsu Game (Fairies' Penalty Game) Following the Grand Magic Games' undecided outcome, Fairy Tail master Makarov Dreyar finds another way to settle the winner: Team A and Team B will play rock-paper-scissors. The victors can order whatever they want the losers to do. Under these conditions, Laxus Dreyar sends Natsu Dragneel and his team on an impossible mission to retrieve a lost stone. Natsu vs. Mavis As the Fairy Tail girls soak in the hot water together with their first master, Mavis Vermillion, they notice that despite the pleasant atmosphere in the bathhouse, Mavis is gloomy. When Warrod Sequen unexpectedly appears, he shares a century-old story about Mavis burying a secret treasure. While Natsu and his team set out to find the treasure to remind Mavis of the good old days, a dispute between Fairy Tail's original members comes to light. Yousei-tachi no Christmas (Fairies' Christmas) Fairy Tail members help their beloved city of Magnolia get into the holiday spirit. After a long day of hard work, Natsu and his friends gather to celebrate Christmas with alcohol and games, which soon escalates in real Fairy Tail fashion. [Written by MAL Rewrite]",[],Fairy Tail OVA (2016),"['Comedy', 'Fantasy', 'Ecchi']",,
226,"Seitokai Yakuindomo 2 OVA, Seitokai Yakuindomo* OAD, Seitokai Yakuindomo 2 OAD, SYD* OVA, SYD 2 OVA",生徒会役員共＊ OAD,,,,,['OVA'],10,Finished Airing,"May 16, 2014 to Sep 17, 2020",,,['Starchild Records'],"None found,",['GoHands'],['4-koma manga'],['Comedy'],"['Gag Humor', 'School']",['Shounen'],25 min. per ep.,R - 17+ (violence & profanity),7.84,#948,#2503,"82,534",97,34139,OVAs of Seitokai Yakuindomo* which were either bundled with the limited editions of the manga volumes or as standalone OVAs.,"['Prequel (TV) Seitokai Yakuindomo*', 'Adaptation (Manga) Seitokai Yakuindomo']",Seitokai Yakuindomo* OVA,,,
227,,機動戦士ガンダムTHE ORIGIN,Mobile Suit Gundam: The Origin,,,,['OVA'],6,Finished Airing,"Feb 28, 2015 to May 5, 2018",,,['Sotsu'],"['Nozomi Entertainment', 'NYAV Post']",['Sunrise'],['Manga'],,"['Mecha', 'Military', 'Space']",['Shounen'],1 hr. 11 min. per ep.,R+ - Mild Nudity,8.33,#252,#2584,"78,228",915,33425,"In the year 0068 of the Universal Century, Casval Rem Deikun's life is thrown into chaotic disarray after the assassination of his father, a prolific figure in the crusade towards civil rights for people who live away from the Earth's surface. Casval and his sister Artesia receive aid from soldiers who were loyal to their father, and the siblings are whisked away from their home, separated, and thrown into a twisted fate that sees them come into their own as soldiers and adults. Years before stealing the name Char Aznable or his ""Red Comet"" moniker, Casval must contend with the rise of a militarized version of his father's ideology and his own vengeful nature as intergalactic war molds him into a legendary mobile suit pilot. [Written by MAL Rewrite]","['Adaptation (Manga) Kidou Senshi Gundam: The Origin', '']",Kidou Senshi Gundam: The Origin,"['Action', 'Sci-Fi']",,
228,,神様はじめました「神様、幸せになる」,,,,,['OVA'],1,Finished Airing,"Dec 20, 2016",,,"None found,","None found,",['TMS Entertainment'],['Manga'],,,['Shoujo'],12 min.,PG-13 - Teens 13 or older,8.16,#450,#2794,"68,987",196,34758,"Nanami Momozono, current land god of Mikage Shrine, and her fox familiar Tomoe have faced many obstacles during their time together, but none so challenging as the one posed by the wealth god Ookuninushi—if Tomoe's wish to be human is granted, he must learn to live as one, and Nanami will have to return to being a human. As the couple look to the future and reflect on their former adventures, Nanami tries to figure out their new living situation as her high school graduation approaches. But no matter the path they choose to walk, Tomoe and Nanami's love will endure. [Written by MAL Rewrite]","['Prequel (OVA) Kamisama Hajimemashita: Kako-hen', 'Adaptation (Manga) Kamisama Hajimemashita']","Kamisama Hajimemashita: Kamisama, Shiawase ni Naru","['Comedy', 'Fantasy', 'Romance']",['Mythology'],
229,,亜人,,,,,['OVA'],2,Finished Airing,"May 6, 2016 to Oct 7, 2016",,,"None found,",['Sentai Filmworks'],['Polygon Pictures'],['Manga'],,,['Seinen'],21 min. per ep.,R - 17+ (violence & profanity),7.16,#3573,#3454,"46,587",28,18849,New episodes bundled with the limited edition eighth and ninth manga volumes.,"['Adaptation (Manga) Ajin', '']",Ajin OVA,"['Action', 'Horror', 'Mystery', 'Supernatural']",,
230,,ブラッククローバー,,,,,['OVA'],1,Finished Airing,"Nov 27, 2016",,,['Shueisha'],"None found,",['Xebec'],['Manga'],,,['Shounen'],27 min.,PG-13 - Teens 13 or older,6.76,#5552,#3534,"44,855",128,20564,An OVA episode bundled with the 11th manga volume.,"['Adaptation (Manga) Black Clover', '']",Black Clover: Jump Festa 2016 Special,"['Action', 'Comedy', 'Fantasy']",,
231,,小女ラムネ,,,,,['OVA'],Unknown,Currently Airing,"Oct 7, 2016 to ?",,,['Mary Jane'],"None found,",['New Generation'],Visual novel,['Hentai'],,,19 min.,Rx - Hentai,6.75,N/A,#3796,"39,187",605,19917,"Kiyoshi Tachikawa runs a candy store located in a small town on the outskirts of Tokyo. He had quit his previous job to get away from the commotion of a major city and now enjoys his days surrounded by little girls. Kiyoshi's shop is regularly visited by three girls in particular: Chie Sayama, Tenka Adachi, and Komako Semenovich. Due to his friendly and easygoing demeanor, the not-so-innocent girls quickly take to Kiyoshi, seeking his attention and help with their problems. They soon develop romantic feelings toward him and gladly leave their bodies in his care, passing time in his house by indulging in sexual pleasures. [Written by MAL Rewrite]",[],Shoujo Ramune,,,
232,Urban Legend Series,都市伝説シリーズ,,,,,['OVA'],6,Finished Airing,"Jan 22, 2016 to Sep 7, 2018",,,['Mary Jane'],"None found,",['New Generation'],['Manga'],['Hentai'],,,19 min. per ep.,Rx - Hentai,7.35,N/A,#4034,"34,433",303,14256,"Urban legends told throughout Japan are meant to frighten the population, mainly those of school age, through stories involving abnormal entities or supernatural occurrences. But what happens when this folklore turns into pleasurable encounters with paranormal ladies? The stories of Hanako Hasegawa, a trapped girl with a tragic past; Sadako, a woman who can only appear virtually; Hachishaku-sama, a god who has been forgotten; and Mary, a thrown away doll, join together in a truly climactic narrative. [Written by MAL Rewrite]","['Adaptation (Manga) Toshi Densetsu Bitch: Joshikai', '']",Toshi Densetsu Series,,,
233,Baki OVA,バキ 最凶死刑囚編SP(スペシャル)アニメ,,,,,['OVA'],1,Finished Airing,"Dec 6, 2016",,,"['TMS Entertainment', 'TMS Music']","None found,",['Telecom Animation Film'],['Manga'],['Sports'],"['Combat Sports', 'Gore']",['Shounen'],15 min.,R - 17+ (violence & profanity),6.63,#6290,#4876,"22,641",28,9491,"As if bound by fate, five of the world’s most dangerous convicts escape from their respective prisons and converge at Mitsunari Tokugawa’s coliseum, where they seek but one thing: the taste of defeat. It is then Mitsunari who presents them with what they all desire—17-year-old Baki Hanma, the winner of the ""most historic tournament ever,"" along with four other hand-selected opponents. On the spot, it is decided that a five-versus-five battle will ensue between the fighters. The combat can take place anytime, anywhere, and without any restrictions. With each contender hellbent on gauging their strength against a worthy adversary, a unique no-holds-barred, out-of-the-ring tournament erupts in the heart of Tokyo. [Written by MAL Rewrite]","['Adaptation (Manga) Baki: New Grappler Baki', '']",Baki: Most Evil Death Row Convicts Special Anime,,,
234,"Bikini Warriors Episodes 14, 15, 16, 17, 18 and 19",ビキニ・ウォリアーズ,,,,,['OVA'],6,Finished Airing,"Dec 7, 2016 to May 17, 2021",,,['Hobby Japan'],"None found,","['feel.', 'PRA']",Other,,,,4 min. per ep.,R+ - Mild Nudity,5.54,#11984,#5317,"18,424",24,8187,"New OVAs slated for release in Fall 2016. The OVAs will include two new characters, Cleric and Kunoichi. (Source: MAL News)","['Prequel (Special) Bikini Warriors Special', '']",Bikini Warriors OVA,"['Comedy', 'Fantasy', 'Ecchi']",['Parody'],
235,,アマカノ,,,,,['OVA'],4,Finished Airing,"Feb 5, 2016 to Jan 6, 2017",,,['Mary Jane'],"None found,",['MoMo Production'],Visual novel,['Hentai'],,,14 min. per ep.,Rx - Hentai,6.87,N/A,#5527,"16,523",87,6364,"It's only the end of November and the hot springs town Yomase-machi was already a winter wonderland, having been dyed white from the falling snow. Yuuki moved to this snowy town to help his grandparents shovel snow at their home, the former boarding house Yamanouchi-sou. He met many warm-hearted people, including the shrine maiden Sayuki who worries about her inability to properly greet strangers, his mysterious but playful housemate and senpai Mizuki, and the local café's cheerful and energetic kouhai mascot Koharu. Even though he was still feeling lost, he tried to get used to living in this snowy land. During that time, his grandfather suggested that he find love while he is still young and lead a new life in earnest. Now's the time for him to take the first step and fall in love. (Source: VNDB)",[],Amakano,,,
236,Anoko to Iikoto,アノコトイイコト,,,,,['OVA'],2,Finished Airing,"Oct 2, 2015 to Dec 25, 2015",,,['Mary Jane'],"None found,",['Studio 1st'],['Manga'],['Hentai'],,,19 min. per ep.,Rx - Hentai,6.81,N/A,#5722,"15,141",49,6632,"Konna Mune demo Aisaretai!! (These Breasts Want to be Loved, Too!) High school student Ookoshi discovers the secret of his well-endowed classmate, Takita—it turns out that Takita does not have the breasts that everyone around her believes her to have. Fearing that Ookoshi may expose her secret, Takita ""gives"" him something irresistible as an incentive. Souda Imouto to Renshuu shiyou. (That's Right! I'll Practice with my Sister!) After arranging a meetup with a girl online and thinking that it may escalate into something lustful, Ami's older brother decides to practice having sex with Ami. Of course, she is not willing to let her brother have his way with her, unless he completes a certain ""challenge."" [Written by MAL Rewrite]","['Adaptation (Manga) Ano Ko to Ii Koto', '']",Ano Ko to Ii Koto,,,
237,,フェラハメりっぷす,,,,,['OVA'],2,Finished Airing,"Oct 14, 2016 to Dec 23, 2016",,,['EDGE'],"None found,",['BreakBottle'],['Manga'],['Hentai'],,,16 min. per ep.,Rx - Hentai,7.19,N/A,#5781,"14,756",83,6161,Based on the manga by Fue.,"['Adaptation (Manga) Fella Hame Lips', '']",Fella Hame Lips,,,
238,"Otokonoko Delivery, OtoDeli",オトコのコ♂デリバリー,,,,,['OVA'],1,Finished Airing,"Dec 31, 2016",,,['Studio Zealot'],"None found,",['Studio 9 Maiami'],Original,,,,18 min.,Rx - Hentai,5.78,N/A,#5803,"14,612",106,6637,Shuuji finds out his classmate takes on a job as a crossdresser and gets interested in joining him.,[],Otokonoko ♂ Delivery,"['Boys Love', 'Hentai']",,
239,,ダイヤのA[エース]～Second Season OAD～,Ace of Diamond: Second Season OVA,,,,['OVA'],2,Finished Airing,"Aug 15, 2016 to Oct 17, 2016",,,['Kodansha'],"None found,","['Production I.G', 'Madhouse']",['Manga'],['Sports'],"['School', 'Team Sports']",['Shounen'],24 min. per ep.,PG-13 - Teens 13 or older,7.62,#1495,#6243,"12,056",15,5177,OVAs bundled with 4th and 5th manga volumes of Diamond no Ace Act II. An epilogue of the Diamond no Ace series.,"['Adaptation (Manga) Diamond no Ace', '']",Diamond no Ace: Second Season OVA,,,
240,Hachishaku Hachiwa Keraku Meguri,八尺八話快樂巡り 異形怪奇譚 The Animation,,,,,['OVA'],3,Finished Airing,"Nov 25, 2016 to Dec 22, 2017",,,['Pink Pineapple'],"None found,",['Seven'],['Manga'],,,,15 min. per ep.,Rx - Hentai,6.35,N/A,#6294,"11,815",71,5347,"Based on the manga by Jyoka. A young man caught hitchhiking tells a woman a horrific story. In it, we find a very young boy who, one afternoon, crossed the path of a woman of unreal greatness. Panicked, he went home and told his grandparents what he had seen. But this woman was not unknown to them... (Source: Nautiljon)","['Adaptation (Manga) 8-shaku 8-wa Kerakumeguri: Igyou Kaikitan', '']",8-shaku 8-wa Kerakumeguri: Igyou Kaikitan The Animation,"['Supernatural', 'Hentai']",,
241,,おいでよ！私立ヤリま×り学園,,,,,['OVA'],4,Finished Airing,"Oct 28, 2016 to Dec 29, 2017",,,"None found,","None found,",['PoRO'],['Light novel'],['Hentai'],,,21 min. per ep.,Rx - Hentai,6.87,N/A,#6436,"11,171",45,3966,No synopsis information has been added to this title. Help improve our database by adding a synopsis here.,"['Adaptation (Light Novel) Oide yo! Shiritsu Yarimakuri Gakuen', '']",Oide yo! Shiritsu Yarimakuri Gakuen,,,
242,,妹とその友人がエロすぎて俺の股間がヤバイ,,,,,['OVA'],2,Finished Airing,"Oct 28, 2016 to Dec 29, 2016",,,"None found,","None found,",['Collaboration Works'],Visual novel,['Hentai'],,,29 min. per ep.,Rx - Hentai,6.79,N/A,#6636,"10,422",27,3787,"After becoming a tutor for his sister Miu and her friend Riko, Kanata quickly discovers that he is much more popular than he makes himself out to be. (Source: VNDB)","['Adaptation (Light Novel) Imouto to Sono Yuujin ga Ero Sugite Ore no Kokan ga Yabai', '']",Imouto to Sono Yuujin ga Ero Sugite Ore no Kokan ga Yabai,,,
243,,コワレモノ:璃沙 PLUS THE ANIMATION,,,,,['OVA'],1,Finished Airing,"Oct 7, 2016",,,"['MS Pictures', 'BOOTLEG']",['Kitty Media'],['Studio 1st'],['Manga'],['Hentai'],,,17 min.,Rx - Hentai,6.71,N/A,#6625,"10,449",35,4459,Based on the manga by Yoshiron.,"['Prequel (OVA) Kowaremono: Risa The Animation', 'Adaptation (Doujinshi) Kowaremono:Risa']",Kowaremono: Risa Plus The Animation,,,
244,,飯塚先輩×ブレザー -姉キュン！より- THE ANIMATION,,,,,['OVA'],1,Finished Airing,"Nov 4, 2016",,,"['MS Pictures', 'BOOTLEG']",['Kitty Media'],['T-Rex'],['Manga'],['Hentai'],,,15 min.,Rx - Hentai,6.95,N/A,#6913,"9,466",42,4147,No synopsis information has been added to this title. Help improve our database by adding a synopsis here.,"['Adaptation (Manga) Ane Kyun!', '']",Iizuka-senpai x Blazer: Ane Kyun! yori The Animation,,,
245,Tenchi Muyo! Ryo-Ohki 4th Season,天地無用！魎皇鬼 第四期,,Tenchi Muyo! Ryo-Ohki Staffel 4,Tenchi Muyo! Ryo-Ohki Temporada 4,Tenchi Muyo! Ryo-Ohki Saison 4,['OVA'],4,Finished Airing,"Nov 30, 2016 to Sep 13, 2017",,,"['Pony Canyon Enterprises', 'AIC RIGHTS', 'Youku']","None found,","['AIC', 'C2C']",Original,,"['Harem', 'Space']",,29 min. per ep.,PG-13 - Teens 13 or older,6.54,#6849,#7049,"9,019",17,2973,"The entire Jurai and Masaki family is in a celebratory mood as Nobuyuki and Rea are finally tying the knot! In the days leading up to his father's wedding, Tenchi reunites with those he met throughout his journey as well as gets acquainted with some new family members. Though this is a blissful time where everyone is finally together, there is one major bump in the road: Rea holds a major secret that will change the fate of her future child and disturb the balance of the Masaki family. [Written by MAL Rewrite]","['Prequel (OVA) Tenchi Muyou! Ryououki 3rd Season: Tenchi Seirou naredo Namitakashi?', 'Sequel (OVA) Tenchi Muyou! Ryououki 5th Season']",Tenchi Muyou! Ryououki 4th Season,"['Action', 'Comedy', 'Sci-Fi']",,
246,,PRETTY×CATION 2 THE ANIMATION,,,,,['OVA'],2,Finished Airing,"Nov 25, 2016 to Jan 27, 2017",,,['Pink Pineapple'],"None found,",['T-Rex'],Visual novel,['Hentai'],,,27 min. per ep.,Rx - Hentai,7.15,N/A,#7074,"8,944",23,3270,No synopsis information has been added to this title. Help improve our database by adding a synopsis here.,[],Pretty x Cation 2 The Animation,,,
247,,僕らのセックス,,,,,['OVA'],2,Finished Airing,"Nov 25, 2016 to Jan 27, 2017",,,"['Queen Bee', 'Mediabank']","None found,","None found,",['Manga'],['Hentai'],,,21 min. per ep.,Rx - Hentai,6.52,N/A,#7211,"8,551",26,3302,No synopsis information has been added to this title. Help improve our database by adding a synopsis here.,"['Adaptation (Manga) Bokura no Sex', '']",Bokura no Sex,,,
248,"Saimin Class: Joshi Zen'in, Shiranai Uchi ni Ninshin Shitemashita",催眠クラス,,,,,['OVA'],2,Finished Airing,"Dec 23, 2016 to Feb 10, 2017",,,"['OLE-M', 'EDGE']","None found,",['BreakBottle'],Visual novel,['Hentai'],,,18 min. per ep.,Rx - Hentai,6.35,N/A,#7297,"8,288",21,2975,No synopsis information has been added to this title. Help improve our database by adding a synopsis here.,"['Adaptation (Light Novel) Saimin Class: Joshi Zenin, Shiranai Uchi ni Ninshin Shitemashita', 'Adaptation (Light Novel) Saimin Class: Joshi Zenin, Shiranai Uchi ni Ninshin Shitemashita - Iinchou no Tokubetsu Jugyou-hen', 'Adaptation (Light Novel) Saimin Class Wonderful: Joshi Zenin, Shiranai Uchi ni Mata Ninshin Shitemashita', '']",Saimin Class,,,
249,,対魔忍アサギ3,,,,,['OVA'],2,Finished Airing,"Dec 23, 2016 to Feb 24, 2017",,,['ZIZ Entertainment (ZIZ)'],"None found,",['Studio Eromatick'],Visual novel,,,,20 min. per ep.,Rx - Hentai,6.52,N/A,#7363,"8,092",43,3166,"A story about sexy hunters who decided to live a normal life at least a little. All the girls were left with psychological trauma from the amount of violence they had to endure. As a result, they began to realize that they were missing something to calm down and, as it turned out, it was sex. The cute girls had been craving him madly since the last hunt.","['Prequel (OVA) Taimanin Asagi 2', 'Adaptation (Manga) Taimanin Asagi 3 the Comic', 'Adaptation (Light Novel) Taimanin Asagi 3: Koutetsu no Shinigami - Kokawa Asuka-hen', 'Adaptation (Light Novel) Taimanin Asagi 3: Saikyou no Taimanin - Igawa Asagi-hen']",Taimanin Asagi 3,"['Supernatural', 'Hentai']",['Mythology'],
250,,トリック・オア・アリス,,,,,['OVA'],1,Finished Airing,"Dec 22, 2016",,,"None found,","None found,",['An DerCen'],Visual novel,['Fantasy'],,,27 min.,R+ - Mild Nudity,4.91,#13308,#7375,"8,043",12,482,"After a late-night conversation with her beloved brother, high school girl Arisa Minase wakes up the next day in a strange new land. She is greeted as ""Alice"" by twins known as Light and Shadow, who express their relief at Alice's return home. Arisa is insistent that she is not the Alice they speak of, but the strange characters of this world are adamant that she is. Upon meeting the kind and mysterious Black Rabbit, she learns that she is trapped in a place called Wonderland with no apparent escape. As she adjusts to her new reality, Arisa comes to find a whole host of peculiar creatures, such as the affectionate Cheshire Cat and the lazy dormouse Round. But there is more to Wonderland than meets the eye. Each of the wild personalities she now shares a home with resembles someone she knew in her other life, yet not a single one of them recognizes their old name or relationships. Even stranger is the fact that time in Wonderland seems to never change, as every day is the same as the last. There appears to be no end to this cycle—beyond whatever secrets the Black Rabbit is keeping. [Written by MAL Rewrite]",[],Trick or Alice,,,
251,Trickster Episode 00,TRICKSTER -江戸川乱歩「少年探偵団」より-  OVA,,,,,['OVA'],2,Finished Airing,"Dec 22, 2016",,,"None found,","None found,","['TMS Entertainment', 'Shin-Ei Animation']",Original,['Mystery'],,,25 min. per ep.,PG-13 - Teens 13 or older,6.26,#8486,#7687,"7,252",9,997,"The first episode will focus on the past between Kogorou Akechi and the Fiend With Twenty Faces, while the second will focus on the Boy Detectives Club before Kobayashi and Hanazaki met.","['Sequel (TV) Trickster: Edogawa Ranpo ""Shounen Tanteidan"" yori', '']","Trickster: Edogawa Ranpo ""Shounen Tanteidan"" yori OVA",,,
252,,君の魔名はリナ・ウィッチ,Your Magical Name is Rina Witch,,,,['OVA'],1,Finished Airing,"Nov 25, 2016",,,['ZIZ Entertainment (ZIZ)'],"None found,",['T-Rex'],Visual novel,['Hentai'],,,28 min.,Rx - Hentai,6.72,N/A,#7728,"7,167",15,2387,No synopsis information has been added to this title. Help improve our database by adding a synopsis here.,[],Kimi no Mana wa Rina Witch,,,
253,,えっちな身体測定 Anime Edition,,,,,['OVA'],1,Finished Airing,"Dec 2, 2016",,,"['MS Pictures', 'Chippai']","None found,",['Studio 9 Maiami'],['Manga'],['Hentai'],,,14 min.,Rx - Hentai,6.30,N/A,#7842,"6,910",45,2932,"A teacher lucks out when he gets to supervise the body measuring sessions of his female fifth-grade students. While enjoying the wonders before his eyes, he notices that a particular student, Kanae Kouda, is absent. When she comes to school the next day, the teacher does his duty to get her measurement—albeit in quite an eccentric manner. [Written by MAL Rewrite]","['Adaptation (Manga) Chiisai Ko Ii yo ne...', '']",Ecchi na Shintai Sokutei Anime Edition,,,
254,,せいかつ指導!! Anime Edition,,,,,['OVA'],2,Finished Airing,"Oct 7, 2016 to Nov 4, 2016",,,"['MS Pictures', 'Chippai']","None found,",['Studio 9 Maiami'],['Manga'],['Hentai'],,,14 min. per ep.,Rx - Hentai,6.19,N/A,#8042,"6,492",17,2712,Based on the Doujinshi by Uran.,"['Adaptation (Doujinshi) Seikatsu Shidou!!', '']",Seikatsu Shidou!! Anime Edition,,,
255,Ima kara Atashi...,今からアタシ……,,,,,['OVA'],2,Finished Airing,"Sep 30, 2016 to Dec 2, 2016",,,['Mary Jane'],"None found,",['BreakBottle'],['Manga'],['Hentai'],,,19 min. per ep.,Rx - Hentai,6.24,N/A,#8146,"6,292",21,2611,Based on the doujinshi by Kaisei Kishi.,"['Adaptation (Doujinshi) y', '']",Imakara Atashi......,,,
256,,働くオトナの恋愛事情 THE ANIMATION,,,,,['OVA'],1,Finished Airing,"Dec 22, 2016",,,['Pink Pineapple'],"None found,",['Office No. 8'],Visual novel,['Hentai'],,,26 min.,Rx - Hentai,6.48,N/A,#8224,"6,132",9,2216,"Oga Itsuki, an office worker, is an ordinary adult salaryman. He wakes up in the morning, goes to work, works, occasionally works overtime, goes home, eats, takes a bath, sleeps, and goes back to work... Every day is filled with work, but he doesn't get much out of it. It's a repetitive, ordinary life that most working people probably lead. His boss leisurely tells him, ""Just change. From now on, even if just a little."" If he does that, he might see his days differently than before. Learning things he didn't know, meeting people he didn't know - Itsuki wants to change his daily life, so he starts taking action to do so... but that very night, he ends up having a physical relationship with a woman he's met for the first time. It's a development that would never have happened before. The daily life of a working adult changes little by little with many encounters. (Source: Pink Pineapple)",[],Hataraku Otona no Renai Jijou The Animation,,,
257,"""Heroes"" Dismissed",「英雄」解体,Eiyu Kaitai,,,,['OVA'],1,Finished Airing,"Nov 23, 2016",,,"None found,","None found,",['Zexcs'],['Light novel'],,,,27 min.,PG-13 - Teens 13 or older,5.90,#10432,#8610,"5,525",2,2351,"Uro Yamada works as part of the ""Hero Retirement and Return to Everyday Life Assistance Agency,"" which takes heroes from another world back to Earth and helps them reintegrate into everyday life. (Source: ANN)","['Adaptation (Light Novel) ""Eiyuu"" Kaitai', '']","""Eiyuu"" Kaitai","['Comedy', 'Drama']",['Isekai'],
258,Gravity Rush,GRAVITY DAZE The Animation ~Ouverture~,,,,,['OVA'],1,Finished Airing,"Dec 26, 2016",,,"None found,","None found,",['Khara'],Game,,,,19 min.,PG-13 - Teens 13 or older,6.43,#7552,#8632,"5,482",13,2850,"The 20-minute animation that bridges the gap between the original Gravity Rush and Gravity Rush 2. Featuring Kat ""Gravity Queen"" and her friends Raven and Syd. Can they find more clues about the fearsome enemy threatening to unravel the fabric of the universe?",[],Gravity Daze The Animation: Ouverture,"['Action', 'Fantasy', 'Sci-Fi']",,
259,"Himitsu no Pompom-chan,Himitsu no Pomupomu-chan",ひみつのポムポムちゃん,,,,,['OVA'],3,Finished Airing,"Dec 12, 2016 to Dec 12, 2018",,,"None found,","None found,","None found,",['Manga'],['Fantasy'],"['Mahou Shoujo', 'Showbiz']",['Kids'],7 min. per ep.,G - All Ages,[],#18574,#21201,217,0,,"The story of a fashionable teen model, Pommepomme-chan. The popular model, Pommepomme-chan, is a magical transformation of a 5th grade girl named Akino Apple! (Source: Official Site)",[],Himitsu no Pommepomme-chan,,,
260,To All the Corners of the World,この世界の片隅に,In This Corner of the World,In this Corner of the World,En este Rincón del Mundo,Dans Un Recoin de Ce Monde,['Movie'],1,Finished Airing,"Nov 12, 2016",,,"['Genco', 'Animatsu Entertainment']",['Shout! Factory'],['MAPPA'],['Manga'],,,['Seinen'],2 hr. 48 min.,PG-13 - Teens 13 or older,8.22,#367,#1297,"197,298","1,614",80884,"Suzu Urano is a pure and kindhearted girl who loves to draw and keep her head in the clouds. Growing up in the outskirts of Hiroshima with her family, she is more than happy to help with her grandmother's nori business. However, when she becomes of age, Suzu leaves her beloved home to marry Shuusaku Houjou, a man she barely knows. As she integrates into her new husband's household, the homesick bride struggles to adjust to the unfamiliar environment as the war effort extends far beyond its point of no return. When the war reaches Suzu's own backyard and peace gives way to brutality, how will she support herself and those she comes to love along the way? Kono Sekai no Katasumi ni paints a colorful yet haunting depiction of everyday life in the years before and after World War II, showcasing the perseverance and fortitude of ordinary Japanese during one of the darkest periods of modern history. [Written by MAL Rewrite]","['Adaptation (Manga) Kono Sekai no Katasumi ni', '']",Kono Sekai no Katasumi ni,"['Award Winning', 'Drama']",['Historical'],
261,,orange －未来－,,,,,['Movie'],1,Finished Airing,"Nov 18, 2016",,,['TMS Entertainment'],"None found,",['Telecom Animation Film'],['Manga'],,"['School', 'Time Travel']",['Shoujo'],1 hr. 2 min.,PG-13 - Teens 13 or older,7.46,#2133,#1713,"141,898",211,53818,"Twenty-six-year-old Hiroto Suwa; his wife, Naho; and their old high school classmates—Takako Chino, Azusa Murasaka, and Saku Hagita—visit Mt. Koubou to view the cherry blossoms together. While watching the setting sun, they reminisce about Kakeru Naruse, their friend who died 10 years ago. Mourning for him, they decide to visit Kakeru's old home, where they learn the secret of his death from his grandmother. Filled with regret, Suwa and his friends decide to write letters to their 16-year-old past selves to set their hearts at rest. With the knowledge contained in the letter from his future self, 16-year-old Suwa has the chance to rewrite the future. What choices will he make? What will happen in this new future? [Written by MAL Rewrite]","['Prequel (TV) Orange', 'Adaptation (Manga) Orange']",Orange: Mirai,"['Drama', 'Romance', 'Sci-Fi']",,
262,,劇場版 暗殺教室 365日の時間,Assassination Classroom The Movie: 365 Days' Time,Assassination Classroom 365 Days,,Assassination Classroom Le Film : J-365,['Movie'],1,Finished Airing,"Nov 19, 2016",,,"None found,",['Funimation'],['Lerche'],['Manga'],,,['Shounen'],1 hr. 32 min.,PG-13 - Teens 13 or older,7.36,#2540,#1850,"128,632",201,54464,"A year can change a person's life forever. The 365 days Class 3-E of Kunugigaoka Junior High spent with their eccentric teacher, Koro-sensei, certainly did. Carrying the memories of that year close to their hearts, alumni Nagisa Shiota and Karma Akabane return to their former classroom to recall the events of that momentous time of their lives. Nagisa and Karma are reminded by the familiar rooms, desks, chalkboard, and the class album of the events that shaped them into ""assassins"" and prepared them for the real world. That is the legacy of their octopus-like teacher—who had introduced himself by threatening to destroy the world if they didn't kill him by the end of the school year—and the time spent in the bizarre yet exceptional ""Assassination Classroom."" [Written by MAL Rewrite]","['Adaptation (Manga) Ansatsu Kyoushitsu', '']",Ansatsu Kyoushitsu: 365-nichi no Jikan,"['Action', 'Comedy']",['School'],
263,HoneyWorks: Kokuhaku Jikkou Iinkai,好きになるその瞬間を。～告白実行委員会～,The Moment You Fall in Love,The Moment You Fall in Love,El Momento en que te Enamoras,The Moment You Fall in Love,['Movie'],1,Finished Airing,"Dec 17, 2016",,,"['Aniplex', 'Dentsu', 'Kadokawa Shoten', 'Movic', 'Fuji TV', 'Milestone Music Publishing', 'Lawson', 'MusicRay’n']",['Aniplex of America'],['Qualia Animation'],Music,,,,1 hr. 3 min.,PG-13 - Teens 13 or older,7.04,#4172,#1917,"122,573",258,49853,"Following Natsuki Enomoto's confession rehearsals with Yuu Setoguchi, their younger siblings Kotarou and Hina struggle to confess their own love. Despite a disastrous first meeting in middle school with her upperclassman Koyuki Ayase, Hina’s heart is captured by his warm smile. Initially confused by these newfound feelings, Hina soon realizes that she has fallen in love for the very first time. Chasing after her brother Yuu and her crush Koyuki, Hina also enrolls in Sakuragaoka High School; but the threads of love are far-reaching, and they entangle Hina and her friends. Boisterous but sensitive, Hina hopes to confess her feelings to the tender-hearted Koyuki. Meanwhile, Kotarou, oblivious to his own feelings for her, is determined to always keep Hina smiling. Suki ni Naru Sono Shunkan wo.: Kokuhaku Jikkou linkai follows Hina, Kotarou, and Koyuki in high school. Their youthful love forges new relationships, but also threatens to break others. [Written by MAL Rewrite]","['Prequel (Movie) Zutto Mae kara Suki deshita. Kokuhaku Jikkou Iinkai', 'Adaptation (Light Novel) Kokuhaku Yokou Renshuu Series']",Suki ni Naru Sono Shunkan wo. Kokuhaku Jikkou Iinkai,"['Comedy', 'Drama', 'Romance']",['School'],
264,Gantz Movie,GANTZ:O,,,,,['Movie'],1,Finished Airing,"Oct 14, 2016",,,"['Dentsu', 'TOHO', 'Lawson HMV Entertainment', 'King Records', 'Fields', 'Kyoraku Industrial Holdings', 'Jinnan Studio']","None found,",['Digital Frontier'],['Manga'],,"['Gore', 'High Stakes Game', 'Psychological', 'Survival']",['Seinen'],1 hr. 35 min.,R+ - Mild Nudity,7.40,#2365,#2166,"103,598",366,62697,"Death does not have to be the end; one can live again, but only through beating the game posed by the black ball called Gantz. On his way home to celebrate his younger brother's birthday, brave and kind-hearted student named Masaru Katou is stabbed to death. He awakes in a small room with a cityscape view in the heart of Tokyo—and he is not alone. To his surprise, it is not the afterlife, but the waiting room for a high stakes game with their lives on the line. Before he has the chance to process the situation, Masaru is handed a gun and teleported into the center of Osaka to carry out one simple task: eliminate any alien on sight. Accompanied by the aged Yoshikazu Suzuki, the stunning idol Reika Shimohira, and the cold but experienced Jouichirou Nishi, Masaru must overcome his fears in order to survive the game and return home to his waiting brother. [Written by MAL Rewrite]","['Adaptation (Manga) Gantz', '']",Gantz:O,"['Action', 'Drama', 'Horror', 'Sci-Fi', 'Suspense']",,
265,Kabaneri of the Iron Fortress Recap 1: Gathering Light,甲鉄城のカバネリ 総集編｛前編｝集う光,Kabaneri of the Iron Fortress: Light That Gathers,Kabaneri of The Iron Fortress Compilation Flim: Gebündeltes Licht,Kabaneri of The Iron Fortress Compilation Movie: Light That Gathers,Kabaneri of The Iron Fortress Compilation Flim: Espoirs fédérés,['Movie'],1,Finished Airing,"Dec 31, 2016",,,"None found,","None found,",['Wit Studio'],Original,,"['Gore', 'Historical', 'Survival']",,1 hr. 47 min.,R - 17+ (violence & profanity),7.57,#1665,#3095,"56,981",51,19222,"During an era of rapid industrial growth, humanity is beset by the emergence of a mysterious virus, capable of turning humans into mindless creatures called ""Kabane."" With a desire for nothing but human flesh, these undead beings can only be killed by destroying their hearts—which are encased in a cage of unyielding iron. Faced with such a dire situation, the surviving population has retreated into fortified cities known as ""Stations."" Isolated from the surroundings by massive moats and towering walls, the only contact with the outside world and other Stations is via a drawbridge for armored ""Hayajiro"" trains. At Aragane Station, Ikoma works as a steamsmith to maintain the city's active transportation. Despite his role, he is angered by mankind's cowardice and inability to repel the Kabane. Utilizing his free time and knowledge as an engineer, Ikoma has created a new weapon to ward off the horde. An opportunity to test it presents itself when the Kabane invade Aragane Station, yet this encounter will prove to be much more than just a trial run for Ikoma. [Written by MAL Rewrite]","['Sequel (Movie) Koutetsujou no Kabaneri Movie 2: Moeru Inochi', '']",Koutetsujou no Kabaneri Movie 1: Tsudou Hikari,"['Action', 'Fantasy', 'Horror', 'Suspense']",,
266,Kuroko's Basketball Movie 3: Winter Cup Highlights - Crossing the Door,劇場版「黒子のバスケ」ウインターカップ総集編～扉の向こう～,Winter Cup Highlights Episode 3 – Winter Cup Highlights -Crossing the Door-,,,Kuroko's Basket Film 3 - Winter Cup Highlights Partie 3 : Franchir le Pas,['Movie'],1,Finished Airing,"Dec 3, 2016",,,"None found,","None found,",['Production I.G'],['Manga'],,,['Shounen'],1 hr. 28 min.,PG-13 - Teens 13 or older,7.82,#1000,#3499,"45,652",38,17264,"The Winter Cup finals have arrived, and the Seirin High School basketball team braces itself for the game against its indomitable opponent, Rakuzan High School. With the former Generation of Miracles leader Seijuurou Akashi as their captain, Rakuzan has established itself as the unyielding emperor of the court. Akashi's innate ability, known as the Emperor Eye, allows him to predict his enemies' next move and meticulously dismantle each play, further cementing his absolute authority over the court. Seirin's ""light and shadow"" duo, Taiga Kagami and Tetsuya Kuroko, now find themselves given the ultimate test of teamwork in which they must play with the strongest synergy possible to break through Akashi's omniscience. [Written by MAL Rewrite]","['Prequel (Movie) Kuroko no Basket Movie 2: Winter Cup - Namida no Saki e', 'Sequel (Movie) Kuroko no Basket Movie 4: Last Game']",Kuroko no Basket Movie 3: Winter Cup - Tobira no Mukou,"['Comedy', 'Sports']",['Team Sports'],
267,"Kankore Movie, Gekijouban Kantai Collection, Fleet Girls Collection KanColle Movie Sequence",劇場版 艦これ,KanColle Movie,,,,['Movie'],1,Finished Airing,"Nov 26, 2016",,,"None found,","None found,",['Diomedéa'],Game,,"['Anthropomorphic', 'Military']",,1 hr. 32 min.,PG-13 - Teens 13 or older,7.47,#2071,#3649,"42,259",181,17782,"The alien Abyssal Fleet continues to threaten humanity, and the Kanmusu—girls endowed with the spirits of Japanese warships—are mankind's last hope. With their ongoing struggles, the Kanmusu are almost certain to sink below the waves into their demise. The Mutsuki-class destroyer Kisaragi is one of the unfortunate ships to meet such a fate. However, following a successful night raid, the Eighth Fleet's Kanmusu spot Kisaragi alive but unconscious, floating to the sea surface. But the anomalous situation and Kisaragi's strange behavior leave Kanmusu cautious of her. Furthermore, the other ships start to hear mysterious voices and come across crimson waters that damage their equipment. Strangely, Fubuki, the lead ship of the Fubuki-class destroyers, appears unaffected. As Fubuki and the other Kanmusu tackle the unusual occurrences around them, the harsh reality of their existence and the Abyssal Fleet begins to unravel. Even so, the girls must keep facing forward to liberate the sea and protect those they cherish the most. [Written by MAL Rewrite]","['Prequel (TV) Kantai Collection: KanColle', '']",KanColle Movie,"['Action', 'Drama', 'Sci-Fi']",,
268,Kuroko's Basketball Movie 2: Winter Cup Highlights - Beyond the Tears,劇場版「黒子のバスケ」ウインターカップ総集編～涙の先へ～,Winter Cup Highlights Episode 2 – Winter Cup Highlights -Beyond the Tears-,,,Kuroko's Basket Film 2 - Winter Cup Highlights Partie 2 : Au-delà des Larmes,['Movie'],1,Finished Airing,"Oct 8, 2016",,,"None found,","None found,",['Production I.G'],['Manga'],['Sports'],"['School', 'Team Sports']",['Shounen'],1 hr. 27 min.,PG-13 - Teens 13 or older,7.76,#1136,#3749,"40,230",30,15319,"Seirin High School's quarterfinal opponent in the Winter Cup is the highly defensive Yousen High School. Much of their ""Shield of Aegis"" defense is thanks to Atsushi Murasakibara, one of Tetsuya Kuroko's former ""Generation of Miracles"" teammates, and Tatsuya Himuro, a skilled player who has a history with Taiga Kagami. Unable to settle their previous score, Kagami and Himuro resolve to use this high-stakes match to determine the superior player. At the same time, Kuroko's past gripes with his former teammate make the atmosphere on the court even more intense. If they manage to make it past Yousen, Seirin's old rivals at Kaijou High await them in the semifinals, including another of Kuroko's former teammates, Ryouta Kise. Figuring out how to dismantle Kise's ""Perfect Copy"" will be the key to Seirin's victory, but this may be a tall order when they realize that Kaijou's star has learned to copy the other Miracles' playstyles. [Written by MAL Rewrite]","['Prequel (Movie) Kuroko no Basket Movie 1: Winter Cup - Kage to Hikari', 'Sequel (Movie) Kuroko no Basket Movie 3: Winter Cup - Tobira no Mukou']",Kuroko no Basket Movie 2: Winter Cup - Namida no Saki e,,,
269,Hello!! Kiniro Mosaic Special,きんいろモザイク Pretty Days,,,,,['Movie'],1,Finished Airing,"Nov 12, 2016",,,"['Genco', 'Showgate']",['Sentai Filmworks'],"['Studio Gokumi', 'AXsiZ']",['4-koma manga'],['Slice of Life'],"['CGDCT', 'School']",['Seinen'],50 min.,PG-13 - Teens 13 or older,7.51,#1909,#4576,"26,464",39,11385,The episode is set during a school festival where Shinobu is assigned to write a script and make outfits for her class play. Youko and Alice notice that Shinobu is sleepy every morning and are worried that she might be getting tired of all the work. Will Shinobu be able to successfully complete all her tasks in time? (Source: MAL News),"['Prequel (TV) Hello!! Kiniro Mosaic', 'Sequel (Movie) Kiniro Mosaic: Thank You!!', 'Adaptation (Manga) Kiniro Mosaic', '']",Kiniro Mosaic: Pretty Days,,,
270,,チェインクロニクル〜ヘクセイタスの閃（ひかり）〜 第１章,Chain Chronicle: The Light of Haecceitas Part 1,Chain Chronicle: The Light of Haecceitas Film 1,Chain Chronicle: The Light of Haecceitas Parte 1,Chain Chronicle: The Light of Haecceitas Film 1,['Movie'],1,Finished Airing,"Dec 3, 2016",,,"['Sotsu', 'flying DOG', 'Slow Curve', 'Showgate', 'Sound Team Don Juan', 'Pazzy Entertainment']","None found,","['Telecom Animation Film', 'Graphinica']",Game,,,,1 hr. 26 min.,PG-13 - Teens 13 or older,6.98,#4461,#4674,"25,080",21,7659,"Set in the land of Yuguto, the people thought that the land they live is the size of the world, but it’s actually divided into several areas, each with a respective king. Even though there were small wars among areas, the kings had roundtable meetings to maintain peace and balance. It was until a dark group of dark monsters appeared... (Source: MAL News)","['Sequel (Movie) Chain Chronicle: Haecceitas no Hikari Part 2', '']",Chain Chronicle: Haecceitas no Hikari Part 1,"['Action', 'Adventure', 'Fantasy']",,
271,,カゲロウデイズ-in a day's-,,,,,['Movie'],1,Finished Airing,"Nov 4, 2016",,,"['Aniplex', '1st PLACE', 'KDDI']","None found,",['Jumonji'],Mixed media,,,,23 min.,PG-13 - Teens 13 or older,6.14,#9172,#5434,"17,274",24,3280,"Shintarou Kisaragi—a NEET who shut himself inside his room for 2 years—has been living his life normally until he met a cyber girl named Ene, who appeared in his computer screen when someone anonymously sent him a mysterious e-mail one year ago. One day, Ene had been messing with Shintaro's PC, which causes him have to go to the outside world for first time in two years. (Source: Official site)","['Adaptation (Manga) Kagerou Daze', 'Adaptation (Light Novel) Kagerou Daze']",Kagerou Daze: In a Day's,"['Comedy', 'Romance', 'Sci-Fi', 'Slice of Life', 'Supernatural']",,
272,"Poppin Q, file(N):project PQ",ポッピンQ,,,,,['Movie'],1,Finished Airing,"Dec 23, 2016",,,"None found,","None found,",['Toei Animation'],Original,['Fantasy'],"['Isekai', 'Music']",,1 hr. 36 min.,PG - Children,6.18,#8949,#6139,"12,587",15,2609,"The story begins the day before the graduation ceremony. Five middle school girls each are preoccupied with their real everyday lives. These girls meet each other in a fantasy world after being sent there through a sudden occurrence. There, they learn about the impending crisis that this world is facing. The way to avert this crisis is for the five to collaborate and bring their five hearts together as one through dance. However, the five cannot come to love the world, and cannot tell their true feelings to one another, so their hearts are unable to unite. The time limit is fast approaching. Can the dance of the five girls save the world? And will they be able to graduate? (Source: ANN)","['Adaptation (Manga) Pop in Q Reverse', '']",Pop in Q,,,
273,"The Great Tongari Island Treasure Hunting Adventure, Treasure Hunting: Tongari Shima no Daibouken",東京ワンピースタワー トンガリ島の大秘宝,Tokyo One Piece Tower: The Great Treasure of Tongari Island,,,,['Movie'],1,Finished Airing,"Nov 1, 2016",,,"None found,","None found,","None found,",['Manga'],,,['Shounen'],10 min.,G - All Ages,6.56,#6687,#7333,"8,194",8,2095,"A Tokyo One Piece Tower exclusive film. It's a tie-in to a real treasure hunting event in collaboration with Takarush Corp. for a limited time called Treasure Hunting: Tongari Shima no Daibouken. During this you’ll decipher the mysteries of ancient documents found by Luffy, Usopp, and Chopper, and then set out to find the nest of the mysterious animal known as Tongari Ton! The film itself begins at the end of your treasure hunting adventure at the Tokyo One Piece Tower, where the Straw Hat Crew are tricked into opening a chest in a cave thinking it's where the Tongari Island treasure is. (Source: Otakumode)",[],Tokyo One Piece Tower: Tongari Shima no Dai Hihou,"['Action', 'Adventure']",,
274,Gekijouban Ginga Kikoutai Majestic Prince,劇場版 銀河機攻隊 マジェスティックプリンス 覚醒の遺伝子,Majestic Prince The Movie: Genetic Awakening,,,,['Movie'],1,Finished Airing,"Nov 4, 2016",,,['Sotsu'],['Sentai Filmworks'],"['Orange', 'Seven Arcs Pictures']",['Manga'],,"['Mecha', 'School', 'Space']",['Seinen'],1 hr. 17 min.,PG-13 - Teens 13 or older,7.12,#3827,#7661,"7,307",5,2603,"The alien Wulgaru's last assault against humanity was foiled by the heroic actions of the genetically enhanced humans known as the Evolved Children in their advanced AHSMB battle armor, but now a new attack has been launched against Earth under an even deadlier champion, Diorna, created from the fusion of DNA from two Wulgaru Royals. Unfortunately, Izuru Hitachi, the leader of Team Rabbits who defeated the Wulgaru Royal Jiart, is still out of action and recovering, so the task of marshalling the Majestic Princes and stopping Diorna falls upon the unready shoulders of Toshikazu Asagi. Together with the remaining members of Team Rabbits and the recently created Team Fawn, it’s up to Asagi to hold the line against the most ruthless adversary yet. (Source: Anilist)","['Prequel (Special) Ginga Kikoutai Majestic Prince: Mirai e no Tsubasa', '']",Ginga Kikoutai Majestic Prince Movie: Kakusei no Idenshi,"['Action', 'Sci-Fi']",,
275,"Kidou Keisatsu Patlabor Reboot, Mobile Police Patlabor Reboot",機動警察パトレイバーREBOOT,Mobile Police Patlabor: Reboot,,,,['Movie'],1,Finished Airing,"Oct 15, 2016",,,"None found,","None found,",['Khara'],Original,,"['Adult Cast', 'Mecha', 'Workplace']",,7 min.,PG-13 - Teens 13 or older,6.51,#7003,#7866,"6,862",4,2243,No synopsis information has been added to this title. Help improve our database by adding a synopsis here.,[],Kidou Keisatsu Patlabor: Reboot,"['Action', 'Comedy', 'Sci-Fi']",,
276,,CYBORG009 CALL OF JUSTICE 第1章,,,,,['Movie'],1,Finished Airing,"Nov 25, 2016",,,"['Production I.G', 'Ishimori Pro']","None found,","['OLM Digital', 'Signal.MD']",['Manga'],,,['Shounen'],2 hr.,PG-13 - Teens 13 or older,6.21,#8764,#8019,"6,522",4,2394,"The story will depict Joe Shimamura and the other cyborgs' struggle with the Bresudo, a group of people who possess superhuman powers and intellect, and have manipulated human history since ancient times. Their goals are unknown, and they cast a dark shadow over the world. Though few people believe in the Bresdo's existence, one American journalist named Lucie Davenport heads to Texas to contact a certain family, and she meets the cyborgs. The cyborgs themselves have been freed from their duty of protecting humanity ever since the establishment of the UN Guardian troops, and they now live quiet lives of peace.","['Prequel (Movie) 009 Re:Cyborg', 'Sequel (Movie) Cyborg 009: Call of Justice 2', 'Adaptation (Manga) Cyborg 009', 'Adaptation (Manga) Cyborg 009: Call of Justice']",Cyborg 009: Call of Justice 1,"['Action', 'Adventure', 'Sci-Fi']",,
277,Monster Strike The Movie: Beginnings,モンスターストライク THE MOVIE はじまりの場所へ,Monster Strike The Movie: To The Place of Beginnings,,,,['Movie'],1,Finished Airing,"Dec 10, 2016",,,"['Warner Bros. Japan', 'XFLAG', 'XFLAG Pictures']","None found,","['Ultra Super Pictures', 'LIDENFILMS']",Game,,,,1 hr. 44 min.,PG-13 - Teens 13 or older,6.72,#5779,#9026,"4,841",1,1004,The Monster Strike film will feature a character named Lucifer.,"['Sequel (ONA) Monster Strike', '']",Monster Strike The Movie: Hajimari no Basho e,"['Action', 'Fantasy']",['Video Game'],
278,CYBORG009 CALL OF JUSTICE 3,,,,,,['Movie'],1,Finished Airing,"Dec 9, 2016",,,"['Production I.G', 'Ishimori Pro']","None found,","['OLM Digital', 'Signal.MD']",['Manga'],,,['Shounen'],2 hr.,PG-13 - Teens 13 or older,6.34,#8044,#9073,"4,759",3,1941,"The story will depict Joe Shimamura and the other cyborgs' struggle with the Bresudo, a group of people who possess superhuman powers and intellect, and have manipulated human history since ancient times. Their goals are unknown, and they cast a dark shadow over the world. Though few people believe in the Bresdo's existence, one American journalist named Lucie Davenport heads to Texas to contact a certain family, and she meets the cyborgs. The cyborgs themselves have been freed from their duty of protecting humanity ever since the establishment of the UN Guardian troops, and they now live quiet lives of peace.","['Prequel (Movie) Cyborg 009: Call of Justice 2', 'Adaptation (Manga) Cyborg 009', 'Adaptation (Manga) Cyborg 009: Call of Justice', '']",Cyborg 009: Call of Justice 3,"['Action', 'Adventure', 'Sci-Fi']",,
279,Maho Girls PreCure! the Movie: The Miraculous Transformation! Cure Mofurun!,映画魔法つかいプリキュア！奇跡の変身！キュアモフルン！,,,,,['Movie'],1,Finished Airing,"Oct 29, 2016",,,"['ABC Animation', 'Kinoshita Group Holdings']","None found,",['Toei Animation'],Original,,"['Mahou Shoujo', 'School']",,1 hr. 4 min.,G - All Ages,7.46,#2126,#9221,"4,552",3,1931,Toei Animation has announced that a movie for Mahoutsukai! Precure will premiere in October 2016.,[],Mahoutsukai Precure! Movie: Kiseki no Henshin! Cure Mofurun!,"['Action', 'Slice of Life']",,
280,CYBORG009 CALL OF JUSTICE 2,,,,,,['Movie'],1,Finished Airing,"Dec 2, 2016",,,"['Production I.G', 'Ishimori Pro']","None found,","['OLM Digital', 'Signal.MD']",['Manga'],,,['Shounen'],2 hr.,PG-13 - Teens 13 or older,6.34,#8043,#9238,"4,526",0,1845,"The story will depict Joe Shimamura and the other cyborgs' struggle with the Bresudo, a group of people who possess superhuman powers and intellect, and have manipulated human history since ancient times. Their goals are unknown, and they cast a dark shadow over the world. Though few people believe in the Bresdo's existence, one American journalist named Lucie Davenport heads to Texas to contact a certain family, and she meets the cyborgs. The cyborgs themselves have been freed from their duty of protecting humanity ever since the establishment of the UN Guardian troops, and they now live quiet lives of peace.","['Prequel (Movie) Cyborg 009: Call of Justice 1', 'Sequel (Movie) Cyborg 009: Call of Justice 3', 'Adaptation (Manga) Cyborg 009', 'Adaptation (Manga) Cyborg 009: Call of Justice']",Cyborg 009: Call of Justice 2,"['Action', 'Adventure', 'Sci-Fi']",,
281,Zegapain Adaptation,ゼーガペイン ADP,,,,,['Movie'],1,Finished Airing,"Oct 15, 2016",,,"None found,","None found,",['Sunrise'],Original,,,,1 hr. 57 min.,PG-13 - Teens 13 or older,5.80,#10954,#10018,"3,522",1,383,Animation studio Sunrise has announced at AnimeJapan 2016 that its 2006 mecha anime series Zegapain will be re-edited into a movie titled Zegapain ADP. The movie will also include new scenes not present in the TV anime. (Source: MAL News),[],Zegapain ADP,"['Action', 'Romance', 'Sci-Fi']",['Mecha'],
282,Senior Class,졸업반,The Senior Class,,,,['Movie'],1,Finished Airing,"Dec 29, 2016",,,"None found,","None found,",['Studio Dadashow'],Unknown,,"['Adult Cast', 'Visual Arts']",,1 hr. 21 min.,R+ - Mild Nudity,5.65,#11592,#11793,"2,061",3,409,"Joo-hee, a perfect student and the hottest girl in school, is majoring in pure arts and dreams of going to France. She's a role model for everyone as she is beautiful and talented. Jeong-woo, her fellow schoolmate and a web-toon writer wannabe, and has a crush on Joo-hee but he doesn't dare approach her. One day, Jeong-woo finds out that Joo-hee is a student by day, but a ""ten-pro"" call girl at night. They become close now that they share a secret. Materially and emotionally, Jeong-woo helps Joo-hee as she wants to graduate with lots of money and with high grades. However, Jeong-woo's first girlfriend, Dong-hwa, also finds out about Joo-hee's secret, leading to all sorts of rumors and X-files about Joo-hee spreading. (Source: AniDB)",[],Joleobban,"['Drama', 'Romance']",,
283,Jump Festa 2016 Theater Manners,,,,,,['Movie'],1,Finished Airing,"Nov 27, 2016",,,"None found,","None found,","None found,",['Manga'],['Comedy'],,,2 min.,PG-13 - Teens 13 or older,6.73,#5706,#11721,"2,119",6,702,Short animation for Jump Festa 2016 regarding theater etiquette.,[],Saiki Kusuo no Ψ-nan Manner Movie,,['Educational'],
284,"Eiga Youkai Watch 3, Youkai Watch: the Movie: The Flying Whale and the Grand Adventure of the Double Worlds, Meow!",映画 妖怪ウォッチ 空飛ぶクジラとダブル世界の大冒険だニャン！,,,,,['Movie'],1,Finished Airing,"Dec 17, 2016",,,"None found,","None found,",['OLM'],Game,,,['Kids'],1 hr. 30 min.,G - All Ages,6.31,#8217,#11993,"1,950",3,708,When a giant flying whale suddenly appears over Sakura New Town and its sound is heard the Yo-Kai undergo a transformation. The characters soon realize that as a result they have become corporeal and exist in a material world. This is the third film in the Yok-Kai Watch series based on the hit game. (Source: IMDb),"['Prequel (Movie) Youkai Watch Movie 2: Enma Daiou to Itsutsu no Monogatari da Nyan!', 'Sequel (Movie) Youkai Watch Movie 4: Shadow Side - Oni-ou no Fukkatsu']",Youkai Watch Movie 3: Soratobu Kujira to Double Sekai no Daibouken da Nyan!,"['Comedy', 'Supernatural']",,
285,,キュアミラクルとモフルンの魔法レッスン,Cure Miracle and Cure Mofurun's Magic Lesson,,,,['Movie'],1,Finished Airing,"Oct 29, 2016",,,['Kinoshita Group Holdings'],"None found,","None found,",Original,,,,6 min.,G - All Ages,5.90,#10443,#12756,"1,517",0,628,Short screened alongside the Mahoutsukai Precure! Movie.,[],Cure Miracle to Mofurun no Mahou Lesson,"['Action', 'Fantasy', 'Slice of Life']",['School'],
286,,よい子のれきしアニメ おおきなカブ(株),,,,,['Movie'],1,Finished Airing,"Nov 23, 2016",,,['Sound Team Don Juan'],"None found,",['Khara'],['Manga'],['Comedy'],,,8 min.,G - All Ages,5.91,#10420,#14613,910,0,389,No synopsis information has been added to this title. Help improve our database by adding a synopsis here.,"['Adaptation (One-shot) Yoiko no Rekishi Ehon: Ookina Kabu (Kabu)', '']",Yoiko no Rekishi Anime: Ookina Kabu (Kabu),,['Parody'],
287,Chain Chronicle Gakuen,ちぇんくろ学園,,,,,['Movie'],3,Finished Airing,"Dec 3, 2016 to Feb 11, 2017",,,"None found,","None found,",['Studio PuYUKAI'],Game,['Comedy'],"['Parody', 'School']",,3 min. per ep.,G - All Ages,5.45,#12259,#14792,865,0,161,"Each of the three Chain Chronicle: Haecceitas no Hikari films will run with a ""Chen-Kuro Gakuen"" (Chen-Kuro Academy) short. ""Chen-Kuro"" is a diminutive way of shortening Chain Chronicle in Japanese. (Source: ANN)",[],Chen-Kuro Gakuen,,,
288,Chain Chronicle CMs,キネパス劇場,,,,,['Movie'],3,Finished Airing,"Nov 26, 2016 to 2016",,,"None found,","None found,",['Studio PuYUKAI'],Game,['Comedy'],,,46 sec. per ep.,G - All Ages,5.56,#11926,#15511,703,0,118,"The T-Joy theater chain will also screen three ""Kine-Pass Gekijou"" (Kine-Pass Theater) commercials to promote its Kine-Pass ticket sales app using the chibified Chen-Kuro Gakuen characters. (Source: ANN)",[],Kine-Pass Gekijou,,['Parody'],
289,,我是哪吒,I Am Nezha,,,,['Movie'],1,Finished Airing,"Oct 1, 2016",,,"None found,","None found,","None found,",Unknown,['Fantasy'],,['Kids'],1 hr. 22 min.,PG-13 - Teens 13 or older,6.31,#8214,#16099,612,0,137,No synopsis information has been added to this title. Help improve our database by adding a synopsis here.,"['Sequel (Movie) Wo Shi Na Zha 2: Yingxiong Guilai', '']",Wo Shi Na Zha,,,
290,,怪物学抄,Notes on Monstropedia,,,,['Movie'],1,Finished Airing,Nov 2016,,,"None found,","None found,","['Yamamura Animation, Inc.']",Original,['Avant Garde'],,,6 min.,G - All Ages,5.71,#11306,#16303,584,0,219,"An animated archive of imaginary monsters written by a fictitious monsterologist in Medieval Europe. This work depicts the habits of monsters using movement inspired by short phrases such as “Taste of Tears”, “Tamed Wildness”, etc. (Source: Yamamura Animation)",[],Kaibutsu Gakushou,,,
291,,こんぷれっくす×コンプレックス,Complex x Complex,,,,['Movie'],1,Finished Airing,"Oct 8, 2016",,,"None found,","None found,","None found,",Original,['Award Winning'],,,24 min.,PG-13 - Teens 13 or older,[],#17413,#17089,495,0,,"The story follows the protagonist girl Yui Kotani, a second-year junior high school student who is obsessed with men's underarm hair, and the relationship with her male classmate Masato Takeo who has the thickest underarm hair in the class. (Source: Crunchyroll)",[],Complex x Complex,,['School'],
292,The Snack World Short Movie 2,The SNACK WORLD 人嫌いのレニー,Snack World: Lenny the Misanthrope,,,,['Movie'],1,Finished Airing,"Dec 17, 2016",,,['Level-5'],"None found,","['OLM', 'OLM Digital']",Mixed media,,,['Kids'],10 min.,G - All Ages,[],#14833,#18246,401,0,,The Snack World follows a ragtag group of friends who embark on an adventure together. They live in a land similar to traditional fantasy settings but with certain modern twists like cell phones and convenience stores.,[],The Snack World: Hitogirai no Renny,"['Adventure', 'Comedy', 'Fantasy']",,
293,Arithmetic Girl,算法少女,,,,,['Movie'],1,Finished Airing,"Dec 24, 2016",,,"None found,","None found,","None found,",Novel,,,['Kids'],1 hr. 37 min.,G - All Ages,[],#13901,#20311,268,1,,"An adaptation of a children's novel of the same name published in 1973. Endo Hiroko is the author, who was inspired to write the story from a tale her father told her as a child. It follows a 13 year old girl named Aki. During a pilgrimage to Sensou-ji (a Buddhist temple located in Asakusa, Tokyo), she found a mistake in the sangaku. News spread quickly of her intellect and eventually landed upon Arima Yoriyuki, the lord of the Kurume Domain (he himself was famous for finding the rational approximation of pi). He hired Aki to become an arithmetic teacher for the region's princess, but hired others as well. In a math competition, Aki fought against other geniuses and prodigies, all for the hopes of earning a wage so that she may one day open a school for poor children so that she can teach them arithmetic as well.",[],Sanpou Shoujo,,['Historical'],
294,PochiHana,ぽちはな,,,,,['Movie'],1,Finished Airing,"Dec 2, 2016",,,['Kobe Design University'],"None found,","None found,",Original,['Slice of Life'],,,3 min.,G - All Ages,6.13,#9211,#20537,255,0,111,A story about a young girl named Hana and her dog Pochi. Ayaka Miyamoto made it as her graduation project while a student in the Department of Image Arts at Kobe Design University. (Source: AniList),[],Pochi Hana,,,
295,,白色隧道,White Tunnel,,,,['Movie'],1,Finished Airing,"Nov 7, 2016",,,"None found,","None found,","None found,",Original,['Drama'],,,22 min.,PG-13 - Teens 13 or older,[],#16764,#22469,155,0,,"There is an April day with inconsistent weather. A taxi driver, four passengers, sisters and brother are going to visit their mother. As strangers. Chaos is in silence, in their minds, on the road... (Source: IMDB)",[],Baise Suidao,,['Adult Cast'],
296,,巴特,Bart,,,,['Movie'],1,Finished Airing,"Nov 7, 2016",,,"None found,","None found,","None found,",Original,['Drama'],,,17 min.,PG-13 - Teens 13 or older,[],#16875,#23756,116,0,,"Bart is deserted when people escape from the cruel mayor. She recycles trans and makes a wish to bring her dolls made of trash to life. Upon discovering this, the mayor decides to burn Bart and her dolls. Her brother is lost in the struggle and Bart, too, becomes a refugee. (Source: IMDB)",[],Bate,,,
297,"Kungfu Heroes, Gongfu Si Xia",功夫四侠,Four Warriors,,,,['Movie'],1,Finished Airing,"Dec 17, 2016",,,"None found,","None found,","None found,",Original,,"['Anthropomorphic', 'Martial Arts']",['Kids'],1 hr. 30 min.,PG - Children,[],#19664,#24289,106,1,,No synopsis information has been added to this title. Help improve our database by adding a synopsis here.,"['Sequel (Movie) Kung Fu Si Xia: Yong Chuang Digong', '']",Kung Fu Si Xia,"['Adventure', 'Fantasy']",,
298,,新东方神娃,,,,,['Movie'],1,Finished Airing,"Oct 4, 2016",,,"None found,","None found,","None found,",Other,['Adventure'],,['Kids'],1 hr. 20 min.,G - All Ages,[],#15776,#24592,100,0,,No synopsis information has been added to this title. Help improve our database by adding a synopsis here.,[],Xindongfang Shen Wa (Movie),,['Mythology'],
299,,疯狂丑小鸭,The Ugly Duckling,,,,['Movie'],1,Finished Airing,"Oct 3, 2016",,,"None found,","None found,","None found,",Original,,,['Kids'],1 hr. 24 min.,PG - Children,[],#17963,#24728,98,0,,No synopsis information has been added to this title. Help improve our database by adding a synopsis here.,[],Fengkuang Chou Xiao Ya,"['Adventure', 'Fantasy']",,
300,,超级幼儿园,Super Kindergarten,,,,['Movie'],1,Finished Airing,"Dec 31, 2016",,,"None found,","None found,","None found,",Original,,,['Kids'],1 hr. 15 min.,PG - Children,[],#17225,#25140,93,0,,No synopsis information has been added to this title. Help improve our database by adding a synopsis here.,[],Chaoji Youeryuan,,,
301,,PlayHouse,,,,,['Movie'],1,Finished Airing,"Dec 10, 2016",,,"None found,","None found,","None found,",Original,['Drama'],,,2 min.,PG-13 - Teens 13 or older,[],#21070,#24967,95,0,,"The whole family is waiting for the father to come home for dinner. Yet when the father finally gets home, he focuses on nothing else but the screen he holds, until he sees another family's picture... (Source: Vimeo)",[],Play House,,,
302,Lei Feng Man,热血雷锋侠之激情营救,,,,,['Movie'],1,Finished Airing,"Oct 21, 2016",,,"None found,","None found,","None found,",Unknown,['Fantasy'],,,1 hr. 24 min.,PG-13 - Teens 13 or older,[],#21355,#25502,88,0,,No synopsis information has been added to this title. Help improve our database by adding a synopsis here.,[],Rexue Lei Feng Xia: Jiqing Yingjiu,,['Super Power'],
303,Crossing Chishui He for Four Times,四渡赤水,,,,,['Movie'],1,Finished Airing,"Oct 14, 2016",,,"None found,","None found,","None found,",Unknown,,"['Historical', 'Military']",,1 hr. 25 min.,G - All Ages,[],#14398,#25633,86,0,,No synopsis information has been added to this title. Help improve our database by adding a synopsis here.,[],Si Du Chishui,,,
304,,Jungle Taxi,,,,,['Movie'],1,Finished Airing,"Nov 4, 2016",,,"None found,","None found,",['STUDIO 8 DOGS'],Original,,,,7 min.,PG-13 - Teens 13 or older,[],#19142,#27744,61,0,,"The taxi driver picks up an unwelcome fare in the jungle. He does as he's told and takes his customer to fetch the man close to death on the beach. Arrived at the destination, the cabbie reaches inside his jacket for a gun. (Source: YouTube)",[],Jungle Taxi,"['Avant Garde', 'Drama']",,
305,,Fate/Grand Order -First Order-,Fate/Grand Order -First Order-,Fate/Grand Order -First Order-,Fate/Grand Order -First Order-,Fate/Grand Order -First Order-,['TV Special'],1,Finished Airing,"Dec 31, 2016",,,"['Aniplex', 'Notes']",['Aniplex of America'],['Lay-duce'],Game,,,,1 hr. 12 min.,PG-13 - Teens 13 or older,6.73,#5736,#1130,"230,670",349,133727,"In 2015, the Chaldea Security Organization draws on experts of both the magical and mundane fields to observe the future of mankind for possible extinction events. Humanity's survival seems assured for the next century—until the verdict suddenly changes, and now eradication of the species awaits at the end of 2016. The cause is unknown, but appears to be linked with the Japanese town of Fuyuki and the events of 2004 during the Fifth Holy Grail War. In response, Chaldea harnesses an experimental means of time travel, the Rayshift technology. With it, Ritsuka Fujimaru, a young man newly recruited to the organization, and the mysterious girl Mash Kyrielight, can travel back to 2004 and discover how to save humanity. A grand order to fight fate has been declared—an order to change the past and restore the future. [Written by MAL Rewrite]",[],Fate/Grand Order: First Order,"['Action', 'Fantasy']",['Time Travel'],
306,,無彩限のファントム・ワールド 水玉の奇跡,Myriad Colors Phantom World Special,,,,['Special'],1,Finished Airing,"Oct 5, 2016",,,"['Lantis', 'Pony Canyon']",['Funimation'],['Kyoto Animation'],['Light novel'],,"['School', 'Urban Fantasy']",,23 min.,PG-13 - Teens 13 or older,6.80,#5357,#2920,"63,477",46,28873,A special unaired episode of Musaigen no Phantom World bundled with the series' seventh DVD/BD volume.,"['Prequel (TV) Musaigen no Phantom World', '']",Musaigen no Phantom World: Mizutama no Kiseki,"['Action', 'Comedy', 'Fantasy', 'Ecchi']",,
307,,月曜日のたわわ 特典,Tawawa on Monday Specials,,,,['Special'],2,Finished Airing,"Dec 29, 2016",,,"['NBCUniversal Entertainment Japan', 'i0+']","None found,",['PINE JAM'],Other,,,,5 min. per ep.,PG-13 - Teens 13 or older,6.56,#6711,#3490,"45,791",36,23675,Two special episodes of Getsuyoubi no Tawawa included on Blu-ray. 1. Ukkarimono daga Aisare Jouzu no Kawaii Kouhai 2. Ai-chan to Private Film,[],Getsuyoubi no Tawawa Specials,"['Slice of Life', 'Ecchi']",,
308,Masou Gakuen Hybrid x Heart Specials,魔装学園H×H,Hybrid x Heart Magias Academy Ataraxia Specials,,,,['Special'],6,Finished Airing,"Sep 30, 2016 to Feb 24, 2017",,,"['DAX Production', 'flying DOG']","None found,",['Production IMS'],['Light novel'],['Ecchi'],,,4 min. per ep.,R+ - Mild Nudity,6.54,#6833,#3763,"39,931",62,15686,Masou Gakuen HxH specials included with the volumes of the DVD/BD.,[],Masou Gakuen HxH Specials,,['Harem'],
309,,田中くんはいつもけだるげ特典,Tanaka-kun is Always Listless Specials,,,,['Special'],7,Finished Airing,"Jun 24, 2016 to Dec 22, 2016",,,"None found,",['Sentai Filmworks'],['SILVER LINK.'],['Web manga'],['Slice of Life'],"['Iyashikei', 'School']",,4 min. per ep.,PG-13 - Teens 13 or older,7.41,#2335,#3879,"37,485",34,14581,Bundled with the Blu-ray and DVD releases of Tanaka-kun wa Itsumo Kedaruge.,"['Adaptation (Manga) Tanaka-kun wa Itsumo Kedaruge', '']",Tanaka-kun wa Itsumo Kedaruge Specials,,,
310,,名探偵コナン エピソードONE 小さくなった名探偵,Detective Conan: Episode One - The Great Detective Turned Small,Detektiv Conan: Episode - ONE,"Detective Conan: Episodio 1, el Detective que encogió",Detective Conan Épisode 01: Les Origines,['TV Special'],1,Finished Airing,"Dec 9, 2016",,,['YTV'],['Discotek Media'],['TMS Entertainment'],['Manga'],,,['Shounen'],1 hr. 33 min.,PG-13 - Teens 13 or older,8.24,#349,#4153,"32,552",64,15710,"The ""real"" episode 1 of Meitantei Conan written by the Mangaka Gosho Aoyama.",[],Meitantei Conan: Episode One - Chiisaku Natta Meitantei,"['Adventure', 'Comedy', 'Mystery']",['Detective'],
311,"Danganronpa 3 Picture Drama, Danganronpa 3 Future Zap/Mirai Bashi~tsu",ダンガンロンパ3 モノクマ劇場,,,,,['Special'],3,Finished Airing,"Oct 27, 2016 to Dec 21, 2016",,,"None found,","None found,",['Lerche'],Visual novel,['Comedy'],,,3 min. per ep.,PG-13 - Teens 13 or older,6.93,#4663,#4212,"31,273",77,10319,Danganronpa 3 skits included in the Blu-ray Box Sets.,[],Danganronpa 3: Monokuma Gekijou,,['Parody'],
312,,競女!!!!!!!!,,,,,['Special'],6,Finished Airing,"Nov 23, 2016 to May 31, 2017",,,"['Sotsu', 'Lantis', 'Warner Bros. Japan', 'Shogakukan']",['Funimation'],['Xebec'],['Manga'],,,['Shounen'],3 min. per ep.,PG-13 - Teens 13 or older,6.46,#7307,#4509,"27,312",15,9594,Specials bundled with the DVD/BD release of the main series.,[],Keijo!!!!!!!! Specials,"['Comedy', 'Ecchi']",,
313,"I've Always Liked You Picture Drama Special, HoneyWorks: Kinyoubi no Ohayou",ずっと前から好きでした。～告白実行委員会～ 「金曜日のおはよう」,I've Always Liked You: A Friday's Good Morning,,,,['Special'],1,Finished Airing,"Oct 26, 2016",,,['Aniplex'],"None found,",['Qualia Animation'],Music,['Romance'],,,3 min.,PG - Children,7.17,#3557,#4569,"26,600",32,9745,A picture drama special bundled with the BD/DVD release of the main film. It focuses on the relationship between Sena and Midori.,[],Zutto Mae kara Suki deshita. Kokuhaku Jikkou Iinkai: Kinyoubi no Ohayou,,['School'],
314,,響け！ユーフォニアム2,Sound! Euphonium 2 Specials,,,,['Special'],7,Finished Airing,"Dec 21, 2016 to Jun 21, 2017",,,"None found,","None found,",['Kyoto Animation'],Original,['Comedy'],"['Music', 'Performing Arts', 'School']",,3 min. per ep.,PG-13 - Teens 13 or older,6.80,#5339,#4714,"24,574",25,9925,Short specials included in the Blu-ray/DVD releases.,[],Hibike! Euphonium 2 Specials,,,
315,,SERVAMP-サーヴァンプ- オリジナルビデオアニメーション「Sleepy Life of SERVAMP」,,,,,['Special'],4,Finished Airing,"Nov 25, 2016 to Feb 24, 2017",,,"None found,",['Funimation'],['Platinum Vision'],['Manga'],,,['Josei'],5 min. per ep.,PG-13 - Teens 13 or older,6.91,#4774,#5183,"19,573",22,4380,"Sleepy Life of SERVAMP When they are not busy battling supernatural threats, servamps and their Eves enjoy carefree day-to-day affairs and lighthearted quarrels. Naturally, while other servamps and Eves work through their own troubles, Kuro plays video games and dozes off—not much of a change from his usual sleepy self. Hai ni Mamireta Shoukei: All the world's a stage During a fight, Hyde recalls the time he used his charm as a hedgehog to trick Licht Jekylland Todoroki—piano prodigy and self-proclaimed angel—into forming a blood bond and becoming his Eve. [Written by MAL Rewrite]",[],Servamp Specials,"['Comedy', 'Fantasy']",['Vampire'],
316,"3-gatsu no Lion Episode 11.5, March Comes in Like a Lion Episode 11.5",3月のライオン総集編,March Comes in Like a Lion: Omnibus Special Episode,March comes in Like a Lion Special,March Comes in like a Lion: Episodio 11.5 – Capítulo Recopilatorio,March comes in Like a Lion Special,['TV Special'],1,Finished Airing,"Dec 29, 2016",,,"['Aniplex', 'Dentsu', 'NHK', 'Hakusensha', 'Asmik Ace', ""Toy's Factory""]","None found,",['Shaft'],['Manga'],['Drama'],"['Childcare', 'Strategy Game']",['Seinen'],25 min.,PG-13 - Teens 13 or older,6.71,#5825,#5466,"17,044",14,8260,Recap of the first 11 episodes of 3-gatsu no Lion.,"['Adaptation (Manga) 3-gatsu no Lion', '']",3-gatsu no Lion Recap,,,
317,,BORUTOジャンプフェスタ 2016,,,,,['Special'],1,Finished Airing,"Nov 27, 2016",,,"None found,","None found,",['Pierrot'],['Manga'],,,['Shounen'],11 min.,PG-13 - Teens 13 or older,6.11,#9321,#5543,"16,393",18,7217,The special anime adaptation of Boruto will be screening at Shueisha’s by-invitation anime event Jump Special Anime Festa 2016!,[],Boruto: Jump Festa 2016 Special,"['Action', 'Adventure', 'Fantasy']",['Martial Arts'],
318,,ポケットモンスターXY&Z,,,,,['Special'],2,Finished Airing,"Nov 3, 2016 to Nov 10, 2016",,,"None found,",['The Pokemon Company International'],['OLM'],Game,,,['Kids'],23 min. per ep.,PG - Children,7.10,#3923,#6093,"12,793",4,6307,"Professor Sycamore and Alexa explore some ruins, where they discover a stone statue of a woman named Aila, and a legend emerges. A collection of Kalos records reveals that Aila's true love, Jan, attempted to vanquish the Destruction Pokémon Yveltal. When he failed, the land was drained of all life as Yveltal became a cocoon and turned Aila to stone. Jan continued his quest, seeking out the Life Pokémon Xerneas to replenish the barren land—although it couldn't save Aila. When Kalos seemed hopelessly out of balance, the Order Pokémon Zygarde appeared to restore it, and Jan remained at Aila’s side as the cycle of life and destruction continued. (Source: Builbapedia)",[],Pokemon XY&Z Specials,"['Action', 'Adventure', 'Comedy', 'Fantasy']",,
319,,おそ松さん おうまでこばなし,,,,,['TV Special'],1,Finished Airing,"Dec 13, 2016",,,['Avex Pictures'],"None found,",['Pierrot'],['Manga'],,"['Gag Humor', 'Parody']",,24 min.,R - 17+ (violence & profanity),7.23,#3213,#7170,"8,651",6,4282,"Special episode of Osomatsu-san, released as a collaboration with the Japan Racing Association (JRA). The episode consists of multiple short skits surrounding horse racing.",[],Osomatsu-san: Ouma de Kobanashi,"['Comedy', 'Sports']",,
320,Arslan Senki ONA,企業戦士アルスラーン,Corporate Warrior Arslan,,,,['Special'],6,Finished Airing,"Oct 5, 2016",,,"None found,","None found,",['W-Toon Studio'],['Manga'],['Comedy'],,,4 min. per ep.,PG - Children,6.50,#7094,#7762,"7,076",3,1767,"Short anime of Arslan Senki (TV) characters working in an office environment. The first 3 episodes were released via NBCUniversal Anime/Music, and the remaining 3 episodes were released on October 5, 2016 when all 6 episodes were bundled in Volume 2 BD & DVD of Arslan Senki (TV): Fuujin Ranbu.",[],Kigyou Senshi Arslan,,['Parody'],
321,"6♥Princess, 6 Princess",6HP(シックスハートプリンセス),,,,,['TV Special'],Unknown,Currently Airing,"Dec 30, 2016 to ?",,,"None found,","None found,",['Poncotan'],Original,['Fantasy'],,,24 min.,PG-13 - Teens 13 or older,6.10,#9410,#7986,"6,617",12,615,No synopsis information has been added to this title. Help improve our database by adding a synopsis here.,[],6HP (Six Hearts Princess),,['Mahou Shoujo'],
322,Fudanshi Koukou Seikatsu Episode 13,腐男子高校生活　スポーツの秋煩悩の秋,The Highschool Life of a Fudanshi Special,,,,['Special'],1,Finished Airing,"Oct 14, 2016",,,['DAX Production'],"None found,",['EMT Squared'],['4-koma manga'],['Comedy'],"['Otaku Culture', 'School']",['Josei'],4 min.,PG-13 - Teens 13 or older,6.26,#8504,#8340,"5,942",3,1745,A bonus episode bundled with the DVD and Blu-ray releases taking place at a sports day.,"['Prequel (TV) Fudanshi Koukou Seikatsu', 'Adaptation (Manga) Fudanshi Koukou Seikatsu']","Fudanshi Koukou Seikatsu: Sports no Aki, Bonnou no Aki",,,
323,,91 Daze,,,,,['Special'],7,Finished Airing,"Nov 30, 2016 to Jul 5, 2017",,,"None found,","None found,",['Shuka'],Original,['Comedy'],"['Historical', 'Organized Crime']",,2 min. per ep.,PG-13 - Teens 13 or older,5.69,#11415,#8415,"5,842",6,2436,"91 Daze is a series of shorts included in various disk packages. They focus around Angelo, Nero, and sometimes Corteo in various comedic situations. (Source: 91-days.wikia)",[],91 Daze,,,
324,Drifters: The Black King Show,黒王様御乱心,,,,,['Special'],1,Finished Airing,"Dec 30, 2016",,,['Rakuonsha'],"None found,",['Hoods Entertainment'],['Manga'],['Comedy'],,,8 min.,PG-13 - Teens 13 or older,5.60,#11788,#8500,"5,718",0,1377,Short parody special released with Blu-ray BOX.,"['Sequel (Special) Drifters (OVA): Kokuou-sama Goranshin', '']",Drifters: Kokuou-sama Goranshin,,['Parody'],
325,"Amanchu! Specials, Upyo Upyo! Dive Tsukkome! Umi no Sekai!",あまんちゅ！うぴょぴょ ダ～イブツッコめ！海の世界！,,,,,['Special'],6,Finished Airing,"Oct 26, 2016 to Mar 29, 2017",,,"None found,","None found,",['J.C.Staff'],['Manga'],['Comedy'],,,7 min. per ep.,PG-13 - Teens 13 or older,6.33,#8065,#10238,"3,282",3,653,Special shorts included on the Blu-ray volumes 2-7 of Amanchu!.,[],Amanchu!: Upyopyo Dive Tsukkome! Umi no Sekai!,,,
326,"Oha-Suta, Ribon x Oha Suta Specials, Ribbon x Oha Suta Specials",バディゴ!,,,,,['Special'],4,Finished Airing,"Oct 4, 2016 to Oct 25, 2016",,,"None found,","None found,","None found,",['Manga'],,,['Shoujo'],1 min. per ep.,PG - Children,6.09,#9431,#10263,"3,250",7,1397,2nd Broadcast of Buddy Go! of Oha Suta!,"['Prequel (Special) Buddy Go!', 'Adaptation (Manga) Buddy Go!']",Buddy Go! 2,"['Comedy', 'Romance']",['Crossdressing'],
327,Gakuen Handsome 12.5,学園ハンサム,,,,,['Special'],1,Finished Airing,"Dec 20, 2016",,,"None found,","None found,",['Team YokkyuFuman'],Game,,"['Parody', 'School']",,3 min.,PG-13 - Teens 13 or older,5.66,#11564,#10669,"2,899",3,732,Unaired episode 12.5 included with the Blu-ray Disc/DVD release.,"['Prequel (TV) Gakuen Handsome', '']",Gakuen Handsome Special,"['Boys Love', 'Comedy']",,
328,,チア男子!!,,,,,['Special'],2,Finished Airing,"Dec 22, 2016",,,"None found,",['Funimation'],"[""Brain's Base""]",Novel,['Sports'],"['Performing Arts', 'School']",,13 min. per ep.,PG-13 - Teens 13 or older,5.85,#10667,#10717,"2,852",2,426,Specials included with the fourth volume of the DVD and Blu-ray disc.,[],Cheer Danshi!! Specials,,,
329,"Yuma the Sacred Slayer (Plus Her Merry Friends), Soushin Shoujo Matoi Special",「装神少女まとい」特別編「ゆまちん、まとめました～何も着てなくて…夏～」,,,,,['Special'],1,Finished Airing,"Dec 27, 2016",,,"['Bandai Visual', 'Lantis']","None found,",['White Fox'],Original,['Supernatural'],,,22 min.,PG-13 - Teens 13 or older,5.81,#10869,#10775,"2,810",2,1014,A special recap episode of Soushin Shoujo Matoi.,[],"Soushin Shoujo Matoi: Yuma-chin, Matomemashita - Nanimo Kitenakute... Natsu",,,
330,,探偵オペラミルキィホームズファンファンパーリーナイト♪～ケンとジャネットの贈り物～,,,,,['TV Special'],1,Finished Airing,"Dec 31, 2016",,,"None found,","None found,",['J.C.Staff'],Original,,,,23 min.,PG-13 - Teens 13 or older,6.64,#6250,#11005,"2,615",3,819,No synopsis information has been added to this title. Help improve our database by adding a synopsis here.,[],Tantei Opera Milky Holmes: Fun Fun Party Night♪ - Ken to Janet no Okurimono,"['Comedy', 'Mystery']",['Super Power'],
331,"Fate/Grand Order Farewell to 2016 - Guda Guda Order, Fate/Grand Order Toshiwasure Guda Guda Order 2016",年忘れぐだぐだオーダー2016,Farewell to 2016 Guda Guda Order,,,,['Special'],1,Finished Airing,"Dec 31, 2016",,,['Studio Mausu'],"None found,",['TROYCA'],Game,['Comedy'],,,6 min.,PG-13 - Teens 13 or older,6.06,#9644,#11312,"2,393",4,1016,"Oda Nobunaga will join the fight for ""GUDAGUDA Honnouji"" that suddenly appears at Chaldea! This event features an original story written by none other than the one with a super confusing pen name, Keikenti-san! Of course, the scenario was (basically not) supervised by Kinoko Nasu! (Source: Fate/Grand Order Wiki)",[],Toshiwasure Guda Guda Order 2016,,,
332,,オズマフィア 13,,,,,['Special'],1,Finished Airing,"Oct 28, 2016",,,"None found,","None found,",['Creators in Pack'],Visual novel,,"['Historical', 'School']",['Shoujo'],4 min.,PG-13 - Teens 13 or older,5.44,#12284,#11731,"2,110",2,499,Ozmafia!! special included with the 1st volume of the DVD/BD.,[],Ozmafia!! Special,,,
333,Long Riders! Episode 4.5,ろんぐらいだぁす! 特別編｢わたしのサイクルアルバム｣,,,,,['TV Special'],1,Finished Airing,"Nov 12, 2016",,,"None found,","None found,",['Actas'],['Manga'],,,['Shounen'],23 min.,PG-13 - Teens 13 or older,5.90,#10460,#12311,"1,748",0,570,Recap of the first four episodes of the Long Riders series.,[],Long Riders! Recap,"['Comedy', 'Sports']",['CGDCT'],
334,Doraemon Crayon Shin-chan Haru da! Eiga da! 3-Jikan Anime Matsuri 2,ドラえもん (2005) Specials,,,,,['TV Special'],Unknown,Currently Airing,"Apr 15, 2005 to ?",,,"None found,","None found,",['Shin-Ei Animation'],Unknown,['Comedy'],,['Seinen'],45 min.,PG - Children,6.79,#5403,#12789,"1,502",5,470,"59 Doraemon (2005) TV Specials exist as of January 24, 2018.",[],Doraemon (2005) Specials,,,
335,"Sega Hard Girls OVA, SeHa Girls Episode 14, Dai-54-Kai Hanpa Jano! Zenryoku de Guu! Yūshō Suru no wa Only You! Subete no Gakkou Gyouji o Kako ni Suru! SeHaGaga Gakuen Taiikusai",第54回 ハンパじゃノー！全力でグー！優勝するのはオンリーユー！すべての学校行事を過去にする！セハガガ学園体育祭,,,,,['Special'],1,Finished Airing,"Nov 3, 2016",,,['Sega'],"None found,",['TMS Entertainment'],Other,,"['School', 'Video Game']",,14 min.,PG-13 - Teens 13 or older,6.17,#9011,#13741,"1,149",1,277,The special episode was bundled with the complete series DVD set and focuses on a school sports festival.,[],Hi☆sCoool! SeHa Girls Special,"['Comedy', 'Sports']",,
336,,あいたたぼっち,"Ouch, Chou Chou",,,,['Special'],1,Finished Airing,Nov 2016,,,"None found,","None found,","None found,",Original,,,,11 min.,PG-13 - Teens 13 or older,5.50,#12116,#16175,601,0,240,Old friends Cabbage and Pea reunite under awkward circumstances.,[],Aitata Bocchi,"['Avant Garde', 'Drama']",,
337,,美味しんぼパイロット,,,,,['Special'],1,Finished Airing,"Dec 21, 2016",,,"None found,","None found,",['Shin-Ei Animation'],['Manga'],['Slice of Life'],,['Seinen'],9 min.,PG-13 - Teens 13 or older,[],#20790,#19407,319,2,,"The unaired pilot of Oishinbo, included with the first Blu-ray Box. It tells a similar story to that of episode two of the main series.",[],Oishinbo Pilot,,,
338,,シャーミィとかげぼうや,,,,,['TV Special'],Unknown,Currently Airing,"Oct 20, 2016 to ?",,,['NHK'],"None found,","None found,",Original,,,['Kids'],5 min.,G - All Ages,5.65,#11605,#19634,305,0,109,Shammy gets into a fight with a shadow boy.,[],Shammy to Kage Boy,,,
339,,それいけ! アンパンマン ポッポちゃんのきらきらクリスマス,,,,,['TV Special'],1,Finished Airing,"Dec 23, 2016",,,"None found,","None found,",['TMS Entertainment'],Picture book,,"['Anthropomorphic', 'Super Power']",['Kids'],24 min.,PG - Children,[],#14534,#27922,50,0,,"Poppo finds a ""star"" in the snow! She meets Anpanman and his friends, who are preparing for Christmas, and together they head off to help Santa. But then Baikinman, disguised as Steam Locomotive Man, arrives, steals the presents, and starts wreaking havoc in the town...! Meanwhile, Poppo, who has fallen asleep after drinking milk, notices the mysterious power of the ""star""... (Source: Amazon, translated)",[],Sore Ike! Anpanman: Poppo-chan no Kirakira Christmas,"['Comedy', 'Fantasy']",,
