,Japanese,English,German,Spanish,French,Type,Episodes,Status,Aired,Premiered,Broadcast,Producers,Licensors,Studios,Source,Genre,Themes,Demographic,Duration,Rating,Score,Ranked,Popularity,Members,Favorites,Scorers,Synopsis,Related_Entries,Title,Synonyms,Genres,Theme,Demographics
0,僕のヒーローアカデミア,My Hero Academia Season 3,My Hero Academia 3. Staffel,My Hero Academia Temporada 3,My Hero Academia Saison 3,['TV'],25,Finished Airing,"Apr 7, 2018 to Sep 29, 2018",['Spring 2018'],Saturdays at 17:30 (JST),"['Dentsu', 'Yomiuri Telecasting', 'Movic', 'Sony Music Entertainment', 'TOHO animation', 'Shueisha']",['Funimation'],['Bones'],['Manga'],['Action'],"['School', 'Super Power']",['Shounen'],23 min. per ep.,PG-13 - Teens 13 or older,7.99,#682,#26,"2,270,798","12,471",1490718,"As summer arrives for the students at UA Academy, each of these superheroes-in-training puts in their best efforts to become renowned heroes. They head off to a forest training camp run by UA's pro heroes, where the students face one another in battle and go through dangerous tests, improving their abilities and pushing past their limits. However, their school trip is suddenly turned upside down when the League of Villains arrives, invading the camp with a mission to capture one of the students. Boku no Hero Academia 3rd Season follows Izuku ""Deku"" Midoriya, an ambitious student training to achieve his dream of becoming a hero similar to his role model—All Might. Being one of the students caught up amidst the chaos of the villain attack, Deku must take a stand with his classmates and fight for their survival. [Written by MAL Rewrite]","['Prequel (TV) Boku no Hero Academia 2nd Season', 'Sequel (TV) Boku no Hero Academia 4th Season', 'Adaptation (Manga) Boku no Hero Academia', '']",Boku no Hero Academia 3rd Season,,,,
1,東京喰種トーキョーグール：re,Tokyo Ghoul:re,Tokyo Ghoul: re,Tokyo Ghoul: re,,['TV'],12,Finished Airing,"Apr 3, 2018 to Jun 19, 2018",['Spring 2018'],Tuesdays at 23:00 (JST),"['Marvelous Entertainment', 'Pierrot Plus', 'TC Entertainment']",['Funimation'],['Pierrot'],['Manga'],,"['Gore', 'Psychological', 'Urban Fantasy']",['Seinen'],24 min. per ep.,R - 17+ (violence & profanity),6.37,#7870,#119,"1,237,959","3,963",735393,"Two years have passed since the CCG's raid on Anteiku. Although the atmosphere in Tokyo has changed drastically due to the increased influence of the CCG, ghouls continue to pose a problem as they have begun taking caution, especially the terrorist organization Aogiri Tree, who acknowledge the CCG's growing threat to their existence. The creation of a special team, known as the Quinx Squad, may provide the CCG with the push they need to exterminate Tokyo's unwanted residents. As humans who have undergone surgery in order to make use of the special abilities of ghouls, they participate in operations to eradicate the dangerous creatures. The leader of this group, Haise Sasaki, is a half-ghoul, half-human who has been trained by famed special class investigator, Kishou Arima. However, there's more to this young man than meets the eye, as unknown memories claw at his mind, slowly reminding him of the person he used to be. [Written by MAL Rewrite]","['Prequel (TV) Tokyo Ghoul √A', 'Sequel (TV) Tokyo Ghoul:re 2nd Season', 'Adaptation (Manga) Tokyo Ghoul:re', '']",Tokyo Ghoul:re,"Tokyo Kushu:re, Toukyou Kuushu:re","['Action', 'Fantasy', 'Horror', 'Suspense']",,
2,ヲタクに恋は難しい,Wotakoi: Love is Hard for Otaku,,,,['TV'],11,Finished Airing,"Apr 13, 2018 to Jun 22, 2018",['Spring 2018'],Fridays at 00:55 (JST),"['Aniplex', 'Dentsu', 'Fuji TV', 'Half H.P Studio', 'Ichijinsha', 'Kanetsu Investment', 'Christmas Holly']","None found,",['A-1 Pictures'],['Web manga'],,"['Adult Cast', 'Otaku Culture', 'Workplace']",,22 min. per ep.,PG-13 - Teens 13 or older,7.92,#792,#159,"1,039,844","12,098",552725,"Having slept through all four of her alarms, the energetic Narumi Momose finds herself running late for her first day of work at a new office. As she races to catch her train, she makes a promise to herself that none of her coworkers will find out about her dark secret: that she is an otaku and a fujoshi. Her plan goes instantly awry, though, when she runs into Hirotaka Nifuji, an old friend from middle school. Although she tries to keep her secret by inviting him out for drinks after work, her cover is blown when he casually asks her whether or not she will be attending the upcoming Summer Comiket. Luckily for her, the only witnesses—Hanako Koyanagi and Tarou Kabakura—are otaku as well. Later that night, the pair go out for drinks so that they can catch up after all the years apart. After Narumi complains about her previous boyfriend breaking up with her because he refused to date a fujoshi, Hirotaka suggests that she try dating a fellow otaku, specifically himself. He makes a solemn promise to always be there for her, to support her, and to help her farm for rare drops in Monster Hunter. Blown away by the proposal, Narumi agrees immediately. Thus the two otaku start dating, and their adorably awkward romance begins. [Written by MAL Rewrite]","['Sequel (OVA) Wotaku ni Koi wa Muzukashii OVA', 'Adaptation (Manga) Wotaku ni Koi wa Muzukashii']",Wotaku ni Koi wa Muzukashii,It's Difficult to Love an Otaku,"['Comedy', 'Romance']",,
3,シュタインズ・ゲート ゼロ,Steins;Gate 0,,,,['TV'],23,Finished Airing,"Apr 12, 2018 to Sep 27, 2018",['Spring 2018'],Thursdays at 01:35 (JST),"['Frontier Works', 'Movic', 'Kadokawa']",['Funimation'],['White Fox'],Visual novel,,,,23 min. per ep.,PG-13 - Teens 13 or older,8.54,#125,#203,"907,758","12,221",447258,"The eccentric, self-proclaimed mad scientist Rintarou Okabe has become a shell of his former self. Depressed and traumatized after failing to rescue his friend Makise Kurisu, he has decided to forsake his mad scientist alter ego and live as an ordinary college student. Surrounded by friends who know little of his time travel experiences, Okabe spends his days trying to forget the horrors of his adventures alone. While working as a receptionist at a college technology forum, Okabe meets the short, spunky Maho Hiyajo, who later turns out to be the interpreter at the forum's presentation, conducted by Professor Alexis Leskinen. In front of a stunned crowd, Alexis and Maho unveil Amadeus—a revolutionary AI capable of storing a person's memories and creating a perfect simulation of that person complete with their personality and quirks. Meeting with Maho and Alexis after the presentation, Okabe learns that the two were Kurisu's colleagues in university, and that they have simulated her in Amadeus. Hired by Alexis to research the simulation's behavior, Okabe is given the chance to interact with the shadow of a long-lost dear friend. Dangerously tangled in the past, Okabe must face the harsh reality and carefully maneuver around the disastrous consequences that come with disturbing the natural flow of time. [Written by MAL Rewrite]","['Prequel (TV Special) Steins;Gate: Kyoukaimenjou no Missing Link - Divide By Zero', 'Adaptation (Manga) Steins;Gate 0']",Steins;Gate 0,"Steins,Gate Zero","['Drama', 'Sci-Fi', 'Suspense']",['Time Travel'],
4,食戟のソーマ 餐ノ皿 遠月列車篇,Food Wars! The Third Plate: Totsuki Train Arc,Food Wars! The Third Plate Teil 2,Food Wars (Shokugeki no Soma): The Third Plate Parte 2,Food Wars! The Third Plate Partie 2,['TV'],12,Finished Airing,"Apr 9, 2018 to Jun 25, 2018",['Spring 2018'],Mondays at 00:30 (JST),"['Lantis', 'Warner Bros. Japan', 'KlockWorx', 'Shueisha']",['Sentai Filmworks'],['J.C.Staff'],['Manga'],,,['Shounen'],24 min. per ep.,PG-13 - Teens 13 or older,7.94,#743,#288,"746,818","1,425",444496,"A dark age of cooking befalls Tootsuki Culinary Academy. With the Elite Ten's devastating coup d'état, Azami Nakiri is now the director of the prestigious school. Students must now conform to Azami's ideology of ""true gourmet food"" and are forbidden to express creativity, or else face expulsion. However, Souma Yukihira and the members of the Polar Star Dormitory refuse to accept these changes. Aided by other rebellious first-years, including the tenth seat, Erina Nakiri, Souma and his allies band together to fight off supporters of Azami's regime. But corrupt instructors and the menacing Central organization stand in their way, and so they must work together, harder than ever before, to survive every underhanded plot designed to banish them from the school. [Written by MAL Rewrite]","['Prequel (TV) Shokugeki no Souma: San no Sara', 'Sequel (TV) Shokugeki no Souma: Shin no Sara', 'Adaptation (Manga) Shokugeki no Souma', '']",Shokugeki no Souma: San no Sara - Tootsuki Ressha-hen,"Shokugeki no Soma 4th Season, Food Wars! The Third Plate 2nd cour, Shokugeki no Souma: San no Sara (2018)","['Gourmet', 'Ecchi']",['School'],
5,ソードアート・オンライン オルタナティブ ガンゲイル・オンライン,,,,,['TV'],12,Finished Airing,"Apr 8, 2018 to Jul 1, 2018",['Spring 2018'],Sundays at 00:00 (JST),"['Aniplex', 'Genco', 'ASCII Media Works', 'Bandai Namco Entertainment', 'Egg Firm', 'Straight Edge', 'Kadokawa']",['Aniplex of America'],['Studio 3Hz'],['Light novel'],['Action'],"['Military', 'Video Game']",,23 min. per ep.,PG-13 - Teens 13 or older,7.01,#4329,#353,"649,492","1,616",363349,"Clad in desert pink and the size of a mere child, the infamous ""Pink Devil"" mercilessly hunts down other players in the firearm-centered world of the virtual reality game Gun Gale Online. But in real life, this feared player killer is not quite who anyone would expect. A shy university student in Tokyo, Karen Kohiruimaki stands in stark contrast to her in-game avatar—in fact, she happens to stand above everyone else too, much to her dismay. Towering above all the people around her, Karen's insecurities over her height reach the point where she turns to the virtual world for an escape. Starting game after game in hopes of manifesting as a cute, short character, she finally obtains her ideal self in the world of Gun Gale Online. Overjoyed by her new persona, she pours her time into the game as LLENN, garnering her reputation as the legendary player killer. However, when one of LLENN's targets gets the best of her, she ends up meeting Pitohui, a skilled yet eccentric woman. Quickly becoming friends with Karen, Pitohui insists that LLENN participates in Squad Jam, a battle royale that pits teams against one another, fighting until only one remains. Thrust into the heated competition, LLENN must fight with all her wit and will if she hopes to shoot her way to the top. [Written by MAL Rewrite]","['Sequel (TV) Sword Art Online Alternative: Gun Gale Online II', 'Adaptation (Manga) Sword Art Online Alternative: Gun Gale Online', 'Adaptation (Light Novel) Sword Art Online Alternative: Gun Gale Online', '']",Sword Art Online Alternative: Gun Gale Online,SAO Alternative Gun Gale Online,,,
6,ヒナまつり,Hinamatsuri,Hinamatsuri,Hinamatsuri,Hinamatsuri,['TV'],12,Finished Airing,"Apr 6, 2018 to Jun 22, 2018",['Spring 2018'],Fridays at 21:00 (JST),"['AT-X', 'Magic Capsule', 'Nippon Columbia', 'Kadokawa Media House', 'NTT Plala', 'Kadokawa', 'Akatsuki']",['Funimation'],['feel.'],['Manga'],['Comedy'],"['Childcare', 'Organized Crime', 'Super Power']",['Seinen'],23 min. per ep.,PG-13 - Teens 13 or older,8.12,#497,#443,"533,226","4,610",260588,"While reveling in the successful clinching of a prized vase for his collection, Yoshifumi Nitta, a yakuza member, is rudely interrupted when a large, peculiar capsule suddenly materializes and falls on his head. He opens the capsule to reveal a young, blue-haired girl, who doesn't divulge anything about herself but her name—Hina—and the fact that she possesses immense powers. As if things couldn't get any worse, she loses control and unleashes an explosion if her powers remain unused. Faced with no other choice, Nitta finds himself becoming her caregiver. To let her use her powers freely, Nitta asks Hina to help out with a construction deal, which goes smoothly. But while this is happening, a rival yakuza group covertly attacks his boss. To Nitta's shock, his colleagues later pin the blame on him! Tasked with attacking the rival group in retaliation, Nitta steels himself and arrives at their hideout. But suddenly, Hina unexpectedly steps in and helps him wipe out the entire group. As it turns out, Hina might just become a valuable asset to Nitta and his yakuza business, provided she does not use her powers on him first! And so the strange life of this unusual duo begins. [Written by MAL Rewrite]","['Adaptation (Manga) Hinamatsuri', '']",Hinamatsuri,Hina Festival,,,
7,ハイスクールDxD HERO,High School DxD Hero,High School DXD: Hero,,,['TV'],12,Finished Airing,"Apr 17, 2018 to Jul 3, 2018",['Spring 2018'],Tuesdays at 23:00 (JST),"['Genco', 'Movic', 'AT-X', 'Memory-Tech', 'Hakuhodo DY Music & Pictures', 'Kadokawa', 'Bandai Namco Arts']",['Funimation'],['Passione'],['Light novel'],,"['Harem', 'Mythology', 'School']",,23 min. per ep.,R+ - Mild Nudity,7.23,#3192,#445,"533,080","2,685",291618,"After rescuing his master, Rias Gremory, from the Dimensional Gap, Red Dragon Emperor and aspiring Harem King Issei Hyoudou can finally return to his high school activities alongside fellow members of the Occult Research Club: Yuuto Kiba, Asia Argento, Xenovia Quarta, and Irina Shidou. The group soon embarks on a school trip to Kyoto. While peacefully visiting a temple thanks to Rias' spell, an attacking group of local youkai breaks the calm atmosphere. Once the altercation ends, the club learns that the mythical nine-tailed fox that protected the city was abducted and that someone has framed them for the act. Issei and his friends will now have to fight to protect the city and save their school trip from a planned disaster! In the meantime, Rias, who had to stay in Tokyo with Akeno Himejima and Koneko Toujou, grows increasingly restless to have left the perverted Issei alone with the other girls of the Occult Research Club. Beyond this vague anxiety, what is the exact nature of the feelings Rias has been struggling with for the past few months? [Written by MAL Rewrite]","['Prequel (TV Special) High School DxD Hero: Taiikukan-ura no Holy', 'Adaptation (Manga) High School DxD', 'Adaptation (Manga) High School DxD: Akuma no Oshigoto', 'Adaptation (Light Novel) High School DxD']",High School DxD Hero,High School DxD Season 4,"['Action', 'Comedy', 'Romance', 'Supernatural', 'Ecchi']",,
8,メガロボクス,Megalobox,Megalobox,Megalobox,,['TV'],13,Finished Airing,"Apr 6, 2018 to Jun 29, 2018",['Spring 2018'],Fridays at 01:28 (JST),"['TBS', 'Kodansha', 'Bandai Namco Arts', 'TMS Music']",['VIZ Media'],['TMS Entertainment'],Original,,"['Adult Cast', 'Combat Sports']",,24 min. per ep.,R - 17+ (violence & profanity),7.88,#873,#448,"526,339","3,696",279081,"""To be quiet and do as you're told, that's the cowardly choice."" These are the words of Junk Dog, an underground fighter of Megalo Box, an evolution of boxing that utilizes mechanical limbs known as Gear to enhance the speed and power of its users. Despite the young man's brimming potential as a boxer, the illegal nature of his participation forces him to make a living off of throwing matches as dictated by his boss Gansaku Nanbu. However, this all changes when the Megalo Box champion Yuuri enters his shabby ring under the guise of just another challenger. Taken out in a single round, Junk Dog is left with a challenge: ""If you're serious about fighting me again, then fight your way up to me and my ring."" Filled with overwhelming excitement and backed by the criminal syndicate responsible for his thrown matches, Junk Dog enters Megalonia: a world-spanning tournament that will decide the strongest Megalo Boxer of them all. Having no name of his own, he takes on the moniker of ""Joe"" as he begins his climb from the very bottom of the ranked list of fighters. With only three months left to qualify, Joe must face off against opponents the likes of which he has never fought in order to meet the challenge of his rival. [Written by MAL Rewrite]","['Sequel (TV) Nomad: Megalo Box 2', 'Adaptation (Manga) Megalo Box: Shukumei no Souken']",Megalo Box,,"['Sci-Fi', 'Sports']",,
9,ゴールデンカムイ,Golden Kamuy,,,Golden Kamui,['TV'],12,Finished Airing,"Apr 9, 2018 to Jun 25, 2018",['Spring 2018'],Mondays at 23:00 (JST),"['Magic Capsule', 'NBCUniversal Entertainment Japan', 'Tokyo MX', 'Good Smile Company', 'Sammy', 'Shueisha', 'JR East Marketing & Communications', 'Twin Engine']",['Funimation'],['Geno Studio'],['Manga'],,"['Adult Cast', 'Historical', 'Military']",['Seinen'],23 min. per ep.,R - 17+ (violence & profanity),7.88,#869,#586,"419,354","4,727",173669,"In early 1900s Hokkaido after the Russo-Japanese war, Saichi Sugimoto tirelessly pans for gold. Nicknamed ""Sugimoto the Immortal"" for his death-defying acts in battle, the ex-soldier seeks fortune in order to fulfill a promise made to his best friend before he was killed in action: to support his family, especially his widow who needs treatment overseas for her deteriorating eyesight. One day, a drunken companion tells Sugimoto the tale of a man who murdered a group of Ainu and stole a fortune in gold. Before his arrest by the police, he hid the gold somewhere in Hokkaido. The only clue to its location is the coded map he tattooed on the bodies of his cellmates in exchange for a share of the treasure, should they manage to escape and find it. Sugimoto does not think much of the tale until he discovers the drunken man's corpse bearing the same tattoos described in the story. But before he can collect his thoughts, a grizzly bear—the cause of the man's demise—approaches Sugimoto, intent on finishing her meal. He is saved by a young Ainu girl named Asirpa, whose father happened to be one of the murdered Ainu. With Asirpa's hunting skills and Sugimoto's survival instincts, the pair agree to join forces and find the hidden treasure—one to get back what was rightfully her people's, and the other to fulfill his friend's dying wish. [Written by MAL Rewrite]","['Sequel (TV) Golden Kamuy 2nd Season', 'Adaptation (Manga) Golden Kamuy']",Golden Kamuy,,"['Action', 'Adventure']",,
10,3D彼女 リアルガール,Real Girl,,,,['TV'],12,Finished Airing,"Apr 4, 2018 to Jun 20, 2018",['Spring 2018'],Wednesdays at 01:59 (JST),"['VAP', 'Nippon Television Network', 'DeNA']",['Sentai Filmworks'],['Hoods Entertainment'],['Manga'],['Romance'],"['Otaku Culture', 'School']",['Shoujo'],22 min. per ep.,PG-13 - Teens 13 or older,6.86,#5025,#713,"357,479","1,644",176517,"For Hikari Tsutsui, life within the two-dimensional realm is much simpler. Socially inept and awkward, he immerses himself in video games and anime, only to be relentlessly ridiculed and ostracized by his classmates. Sharing his misery is Yuuto Itou, his only friend, who wears cat ears and is equally obsessed with the world of games. After being forced to clean the pool as punishment for arriving late, Tsutsui meets Iroha Igarashi, but he attempts to steer clear of her, as her notoriety precedes her. Brazenly blunt, loathed by female classmates, and infamous for messing around with boys, Tsutsui believes that getting involved with her would cause nothing but problems. 3D Kanojo: Real Girl is a story revolving around these two outcasts—a boy full of emotions he has never experienced before, struggling to lay them bare, and a girl who strives to break him out of his shell. [Written by MAL Rewrite]","['Sequel (TV) 3D Kanojo: Real Girl 2nd Season', 'Adaptation (Manga) Real Girl']",3D Kanojo: Real Girl,3D Girlfriend,,,
11,多田くんは恋をしない,Tada Never Falls in Love,,,,['TV'],13,Finished Airing,"Apr 5, 2018 to Jun 28, 2018",['Spring 2018'],Thursdays at 21:00 (JST),"['AT-X', 'Docomo Anime Store', 'BS11', 'Kadokawa']",['Sentai Filmworks'],['Doga Kobo'],Original,,"['School', 'Visual Arts']",,23 min. per ep.,PG-13 - Teens 13 or older,7.57,#1677,#833,"311,904","1,405",135734,"Love has never really been a concern for Mitsuyoshi Tada, and as the aspiring photographer enters his second year of high school, it truthfully could not be further from his mind. However, things just might change after he meets a bright and bubbly foreigner named Teresa Wagner while he was taking pictures of a cherry blossom tree. Nevertheless, after she asks him to photograph her, the two soon separate, only to meet each other again twice more that same day. Finding Teresa just as she is caught in a sudden downpour, Tada invites her to his family's coffee shop to dry off. There, she explains that she was separated from her traveling companion, a no-nonsense redhead named Alexandra ""Alec"" Magritte. When Alec reunites with Teresa shortly after, they say their goodbyes, expecting to part ways for good—but the two unexpectedly show up as transfer students in his class the next day. Teresa and Alec quickly get used to their lives at Koinohoshi High School and decide to join Tada in the photography club, along with his narcissistic friend Kaoru Ijuuin, the idol-obsessed Hajime Sugimoto, the serious class rep Hinako Hasegawa, and the dog-like Kentarou Yamashita. With these two peculiar additions to his equally eccentric group of friends, Tada's second year of high school is about to get even livelier, and he might need to start rethinking his approach to love. [Written by MAL Rewrite]",[],Tada-kun wa Koi wo Shinai,"Tada Doesn't Fall in Love, TadaKoi","['Comedy', 'Romance']",,
12,デビルズライン,Devils' Line,Devils' Line,,Devils' Line,['TV'],12,Finished Airing,"Apr 7, 2018 to Jun 23, 2018",['Spring 2018'],Saturdays at 23:30 (JST),"['Kodansha', 'King Records']",['Sentai Filmworks'],['Platinum Vision'],['Manga'],,"['Adult Cast', 'Vampire']",['Seinen'],23 min. per ep.,R - 17+ (violence & profanity),6.83,#5183,#918,"281,269","1,734",118378,"Vampires walk among society, existing as part of its underbelly. They do not require blood to survive, but extreme emotions can immensely increase their bloodlust, turning them into uncontrollable monsters. Tsukasa Taira, a 22-year-old university student, learns of the existence of vampires when her longtime friend reveals himself to be one of them after a tense confrontation with Yuuki Anzai—a human and vampire hybrid. Her friend is arrested, and Tsukasa soon finds herself drawn to Anzai, who reluctantly reciprocates her feelings. However, this unconventional romance may prove too difficult to maintain, as Anzai struggles to contain the part of him that wishes to devour Tsukasa. [Written by MAL Rewrite]","['Sequel (OVA) Devils Line: Anytime Anywhere', 'Adaptation (Manga) Devils Line']",Devils Line,,"['Action', 'Drama', 'Romance', 'Supernatural']",,
13,TVアニメ「ペルソナ５」,Persona 5 the Animation,Persona 5 The Animation,Persona 5 The Animation,Persona 5 The Animation,['TV'],26,Finished Airing,"Apr 8, 2018 to Sep 30, 2018",['Spring 2018'],Sundays at 00:30 (JST),"['Aniplex', 'A-1 Pictures', 'Movic', 'Atlus', 'Sammy', 'Sonilude']",['Aniplex of America'],['CloverWorks'],Game,['Action'],"['School', 'Super Power']",,24 min. per ep.,R - 17+ (violence & profanity),6.44,#7483,#968,"267,891",985,103060,"Ren Amamiya, a new transfer student at Shujin Academy, is sent to Tokyo to live with his family friend Sojiro Sakura after wrongly being put on probation for defending a woman from sexual assault. While on the way to attend his first day at his new school, Ren notices a strange app has appeared on his phone, transferring him to a world known as the Metaverse, which contains people's ""shadows"": distorted depictions of their true selves. In the Metaverse, he awakens his Persona, a power from deep within that gives him the strength to fight the shadows. With the help of similarly troubled students, he forms the Phantom Thieves of Hearts, attempting to save people from their sinful desires by ""taking their heart,"" making evildoers regret their actions and turn over a new leaf. The group's reputation continues to grow explosively, bringing along fame both positive and negative. However, during the peak of their popularity, Ren gets captured and taken into custody. Here, he wakes up to a harsh interrogation, but this is cut short by the arrival of Sae Niijima—a prosecutor seeking answers. Just how will she react to his story, and what will become of the Phantom Thieves? [Written by MAL Rewrite]","['Sequel (TV Special) Persona 5 the Animation TV Specials', 'Adaptation (Manga) Persona 5']",Persona 5 the Animation,"P5A, Persona 5 the Anime",,,
14,魔法少女サイト,Magical Girl Site,Magical Girl Site,Magical Girl Site,Magical Girl Site,['TV'],12,Finished Airing,"Apr 7, 2018 to Jun 23, 2018",['Spring 2018'],Saturdays at 01:55 (JST),"['Sotsu', 'Avex Pictures']",['Sentai Filmworks'],['production doA'],['Manga'],,"['Gore', 'Mahou Shoujo', 'Psychological']",,24 min. per ep.,R - 17+ (violence & profanity),6.52,#6930,#1033,"249,638","1,360",102346,"Every day, Aya Asagiri thinks about killing herself. She is bullied relentlessly at school, and at home, her older brother Kaname physically abuses her to relieve the academic stress put on him by their father. One night, as she lies awake wishing for death, a mysterious website called Magical Girl Site appears on her laptop, promising to give her magical powers. At first, she dismisses it as a creepy prank, but when she finds a magical gun in her shoe locker the next day, she doesn't know what to believe. Deciding to take it with her, she soon runs into her bullies once again. But this time, desperate for anything to save her, she uses the gun—and her assailants are transported to a nearby railroad crossing, where they are run over. Aya's conscience is unable to handle the fact that she murdered two of her classmates with magic, and she desperately tries to understand the situation. However, when she finds herself in trouble again, she is saved by Tsuyuno Yatsumura, a classmate who can use magic to stop time. This duo has a lot to do: not only do they have to fight alongside and against other magical girls, but they also need to uncover the truth behind the website and the apocalyptic event known as ""The Tempest"" that is soon to occur. [Written by MAL Rewrite]","['Adaptation (Manga) Mahou Shoujo Site', '']",Mahou Shoujo Site,,"['Action', 'Drama', 'Horror', 'Suspense']",,
15,あっくんとカノジョ,My Sweet Tyrant,My Sweet Tyrant,My Sweet Tyrant,My Sweet Tyrant,['TV'],25,Finished Airing,"Apr 6, 2018 to Sep 21, 2018",['Spring 2018'],Fridays at 22:30 (JST),"None found,","None found,",['Yumeta Company'],['Manga'],,,['Josei'],3 min. per ep.,PG-13 - Teens 13 or older,6.82,#5241,#1355,"189,108",319,81639,"Despite his incredible bashfulness, Atsuhiro ""Akkun"" Kagari has landed the girl of his dreams: the sweet and loveable Non Katagiri. However, his embarrassment for affectionate acts—from giving compliments to exchanging a kiss—causes him to act harsh and downright mean to Katagiri in their day-to-day lives. But Akkun is still very much a boy in love; he shows his admiration for Katagiri in his own way. From tailing her in order to take her picture to eavesdropping in on her conversations, he ends up stalking his own girlfriend. Luckily enough, Katagiri finds Akkun's actions cute and endearing, and knows he doesn't really mean any of his insults. Even if their close friend, Masago Matsuo, finds their dynamic a little odd, Katagiri loves her sweet tyrant just the way he is. [Written by MAL Rewrite]","['Adaptation (Manga) Akkun to Kanojo', '']",Akkun to Kanojo,Akkun and His Girlfriend,"['Comedy', 'Romance']",['School'],
16,かくりよの宿飯,Kakuriyo: Bed and Breakfast for Spirits,Kakuriyo: Bed & Breakfast for Spirits,Kakuriyo: Bed and Breakfast for Spirits,Kakuriyo: Bed and Breakfast for Spirits,['TV'],26,Finished Airing,"Apr 2, 2018 to Sep 24, 2018",['Spring 2018'],Mondays at 22:30 (JST),"['DLE', 'flying DOG', 'Studio Mausu', 'BS Fuji', 'Tokyo MX', 'NADA Holdings', 'Kadokawa', 'Happinet']",['Funimation'],['Gonzo'],['Light novel'],,"['Adult Cast', 'Isekai', 'Mythology']",,23 min. per ep.,PG-13 - Teens 13 or older,7.54,#1792,#1394,"182,536","1,500",66996,"Abandoned as a child by her mother, Aoi Tsubaki has always had the ability to see ""ayakashi""—spirits from the Hidden Realm. Shirou Tsubaki, her grandfather who shared the same ability, took her under his wing and taught her how to live with the ayakashi in peace. When her grandfather abruptly passes away, the independent Aoi must continue her college career, armed with only her knowledge in cooking as a means of protection against the human-eating spirits. In hopes that the ayakashi will not turn to her or other unknowing humans as a tasty meal, she takes it upon herself to feed the hungry creatures that cross her path. After giving a mysterious ayakashi her lunch, Aoi is transported to the Hidden Realm, where the ayakashi reveals himself to be an ogre-god known as Oodanna, the ""Master Innkeeper."" There, she learns that she was used as collateral for her grandfather's debt of one hundred million yen, and that she must pay the price for her grandfather's careless decision by marrying Oodanna. Aoi valiantly refuses and decides to settle things on her own terms: she will pay off the debt herself by opening an eatery at Oodanna's inn. Kakuriyo no Yadomeshi follows the journey of Aoi as she proceeds to change and touch the lives of the ayakashi through the one weapon she has against them—her delicious cooking. [Written by MAL Rewrite]","['Sequel (TV) Kakuriyo no Yadomeshi 2nd Season', 'Adaptation (Manga) Kakuriyo no Yadomeshi: Ayakashi Oyado ni Yomeiri shimasu.', 'Adaptation (Manga) Kakuriyo no Yadomeshi: Ayakashi Oyado ni Yomeiri shimasu.', 'Adaptation (Novel) Kakuriyo no Yadomeshi']",Kakuriyo no Yadomeshi,,"['Drama', 'Fantasy', 'Gourmet', 'Romance']",,
17,ウマ娘 プリティーダービー,Umamusume: Pretty Derby,Umamusume: Pretty Derby,Umamusume: Pretty Derby,Umamusume: Pretty Derby,['TV'],13,Finished Airing,"Apr 2, 2018 to Jun 18, 2018",['Spring 2018'],Mondays at 00:00 (JST),"['Lantis', 'TOHO animation', 'Kansai Telecasting', 'Cygames']","None found,",['P.A. Works'],Game,['Sports'],"['Anthropomorphic', 'Racing']",,23 min. per ep.,PG-13 - Teens 13 or older,7.30,#2836,#1605,"155,205",648,58327,"Famous racehorses that have left behind worthy legacies, unique as they can be, are reincarnated as horse girls in a parallel world. In this life, they start their journey anew as they continue to race and perhaps relive the success they once lived through. Aspiring to become the best racehorse in Japan, a horse girl named Special Week moves to Tokyo to enroll in the Tracen Academy—an institution that nurtures horse girls like her to become better racers. There, Special Week witnesses the sophisticated running style of Silence Suzuka and is inspired to become a racer like her. Shortly after, Special Week finds herself recruited into Silence Suzuka's team, Spica. From there, she begins her path to the top—one lap at a time. [Written by MAL Rewrite]","['Sequel (TV) Uma Musume: Pretty Derby Season 2', 'Adaptation (Manga) Starting Gate!: Uma Musume Pretty Derby']",Uma Musume: Pretty Derby,,,,
18,こみっくがーるず,,,,,['TV'],12,Finished Airing,"Apr 5, 2018 to Jun 21, 2018",['Spring 2018'],Thursdays at 23:00 (JST),"['Sony Pictures Entertainment', 'Frontier Works', 'Sotsu', 'Houbunsha', 'Chugai Mining', 'Kansai Telecasting', 'BS11', 'My Theater D.D.', 'Good Smile Film']","None found,",['Nexus'],['4-koma manga'],['Slice of Life'],"['CGDCT', 'Otaku Culture']",,23 min. per ep.,PG-13 - Teens 13 or older,7.36,#2543,#1669,"147,549",722,61644,"Kaoruko ""Chaos"" Moeta is a young manga artist who is down on her luck. She wants to draw manga about high school girls, but her storyboards are bland, her art uninspired, and her premises weak. Her concerned, exasperated editor comes up with an idea: push Chaos to be more social. So, by her recommendation, Chaos moves into a dormitory for female manga artists. She soon meets the other residents: Tsubasa Katsuki, a shounen manga artist; Ruki Irokawa, who draws erotic manga popular with women; and Koyume Koizuka, a shoujo artist who, like Chaos, has yet to be serialized. Quickly striking up a friendship with these girls, Chaos finds new inspiration for her manga and continues to grow her creativity. Comic Girls is a showcase of the daily lives of these manga artists. Will Chaos finally be able to make her debut and become serialized? None of the girls know, but they will all do their best to help each other become the best artists they can be. [Written by MAL Rewrite]","['Adaptation (Manga) Comic Girls', '']",Comic Girls,,,,
19,ピアノの森,Forest of Piano,The Piano Forest,El Bosque del Piano,Piano Forest,['TV'],12,Finished Airing,"Apr 9, 2018 to Jul 2, 2018",['Spring 2018'],Mondays at 00:10 (JST),['NHK'],"None found,",['Gaina'],['Manga'],['Drama'],"['Music', 'School']",['Seinen'],25 min. per ep.,PG-13 - Teens 13 or older,7.31,#2802,#1807,"133,009",465,57319,"A tranquil tale about two boys from very different upbringings. On one hand you have Kai, born as the son of a prostitute, who's been playing the abandoned piano in the forest near his home ever since he was young. And on the other you have Syuhei, practically breast-fed by the piano as the son of a family of prestigious pianists. Yet it is their common bond with the piano that eventually intertwines their paths in life. (Source: KEFI)","['Sequel (TV) Piano no Mori (TV) 2nd Season', 'Adaptation (Manga) Piano no Mori']",Piano no Mori (TV),"Piano Forest, The Perfect World of Kai",,,
20,フルメタル・パニック！Invisible Victory,Full Metal Panic! Invisible Victory,,,,['TV'],12,Finished Airing,"Apr 13, 2018 to Jul 18, 2018",['Spring 2018'],Fridays at 20:30 (JST),"['Kadokawa Shoten', 'AT-X', 'KlockWorx', 'Memory-Tech', 'Tokyo MX', 'Bandai Namco Entertainment', 'Hakuhodo', 'Bandai Namco Arts']",['Funimation'],['Xebec'],['Light novel'],['Action'],"['Mecha', 'Military']",,24 min. per ep.,R - 17+ (violence & profanity),7.57,#1698,#2182,"102,767",281,39972,"The boisterous student Kaname Chidori and soldier Sousuke Sagara are enjoying a blissful high school life. However, their peaceful days are disrupted by the threatening terrorist organization Amalgam. Leonard Testarossa, a member of the organization who possesses ""Whispered,"" seeks to procure Kaname and her knowledge. Kaname and Sousuke's battle against Amalgam starts right in their own neighborhood, which eventually takes them on a hunt around the world. From the exotic lands of Laos to the barren Mexican coast, Sousuke must gather intelligence to bring down Amalgam. Meanwhile, Kaname's abilities grow, but so does her frustration as her resolve withers. Caught up in an intense game of hide and seek, as well as strategic plots, the pair try to connect and push beyond their own limits. [Written by MAL Rewrite]","['Prequel (TV) Full Metal Panic! The Second Raid', 'Adaptation (Manga) Full Metal Panic!', 'Adaptation (Manga) Full Metal Panic! Sigma', 'Adaptation (Light Novel) Full Metal Panic!']",Full Metal Panic! Invisible Victory,Full Metal Panic! IV,,,
21,銀河英雄伝説 Die Neue These 邂逅,Legend of the Galactic Heroes: Die Neue These,Legend of the Galactic Heroes: Die Neue These,La Leyenda de los Héroes de la Galaxia: La Nueva Tésis,Les Héros de la Galaxie: Die Neue These,['TV'],12,Finished Airing,"Apr 3, 2018 to Jun 26, 2018",['Spring 2018'],Tuesdays at 21:00 (JST),['Shochiku'],['Funimation'],['Production I.G'],Novel,,"['Adult Cast', 'Military', 'Space']",,25 min. per ep.,R - 17+ (violence & profanity),7.79,#1064,#2371,"89,900",648,36345,"For over a century and a half, two interstellar states have wrested for control of the Milky Way. The Galactic Empire, an absolute monarchy ruled by Kaiser Friedrich IV and an entrenched nobility, seeks to suppress the rebels daring to oppose the inviolable crown. The Free Planets Alliance, a representative democracy led by a corrupt High Council, degenerates as its elected leaders⁠ use war and conflict as a way to win popular support. But this long-standing stalemate between the Empire and the Alliance ends with the rise of two opposing military geniuses. Reinhard von Lohengramm, a minor noble and High Admiral of the Empire through his strategic brilliance and his sister's position as the favored concubine of the Kaiser, dreams of conquering the galaxy and uniting mankind under his iron fist. Meanwhile, Yang Wen-li of the Alliance, an avid historian and reluctant commodore hailed as the Hero of El Facil, uses his tactical prowess to navigate around his leaders' incompetence—and to carve the path to lasting peace. As the war rages on, Reinhard and Yang each strive for their ideals and to secure their place among the stars as the leaders of a new era of galactic heroes. [Written by MAL Rewrite]","['Sequel (Movie) Ginga Eiyuu Densetsu: Die Neue These - Seiran 1', 'Adaptation (Manga) Ginga Eiyuu Densetsu', 'Adaptation (Manga) Ginga Eiyuu Densetsu', 'Adaptation (Novel) Ginga Eiyuu Densetsu']",Ginga Eiyuu Densetsu: Die Neue These - Kaikou,"The Legend of the Galactic Heroes: The New Thesis - Encounter, LotGH","['Drama', 'Sci-Fi']",,
22,ひそねとまそたん,Dragon Pilot: Hisone and Masotan,Drachenflieger,Hisone y Masotan: A Lomos del Dragón,Pilote Dragon: Hisone et Masotan,['TV'],12,Finished Airing,"Apr 13, 2018 to Jun 29, 2018",['Spring 2018'],Fridays at 00:00 (JST),"['Warner Bros. Japan', 'KlockWorx', 'BS Fuji', 'Hakuhodo DY Music & Pictures']","None found,",['Bones'],Original,,,,24 min. per ep.,PG-13 - Teens 13 or older,7.29,#2864,#2427,"86,767",330,38727,"Seeking to find purpose in her life, Hisone Amakasu enlists in the Japan Air Self-Defense Force (JASDF) and is stationed at Gifu Airbase. During a visit to a part of the base she did not know existed, she stumbles upon the JASDF's largest secret: the Organic Transformed Flyer (OTF), a dragon that has the ability to camouflage itself as an aircraft. After being swallowed up and spit out by the OTF, her commanding officers inform her that this encounter means that she has been chosen to be the next in a long line of Dragon Pilots. Together with her fellow pilot cadets and ""Maso-tan,"" her own OTF, Hisone must overcome her insecurities in order to discover her true potential as a Dragon Pilot and unravel the secrets behind the OTFs. [Written by MAL Rewrite]","['Adaptation (Manga) Hisone to Maso-tan: Nao no Sora', '']",Hisone to Maso-tan,"Hisone & Masotan, Hisone and Maso-tan, HisoMaso","['Award Winning', 'Comedy', 'Drama', 'Fantasy']",['Military'],
23,魔法少女 俺,Magical Girl Ore,Magical Girl Ore,Magical Girl Ore,Magical Girl Boy,['TV'],12,Finished Airing,"Apr 2, 2018 to Jun 18, 2018",['Spring 2018'],Mondays at 22:00 (JST),"['Genco', 'AT-X', 'KlockWorx', 'Crunchyroll', 'My Theater D.D.', 'Fusion Product']",['Discotek Media'],['Pierrot Plus'],['Web manga'],['Comedy'],"['Idols (Female)', 'Magical Sex Shift', 'Mahou Shoujo', 'Parody']",,23 min. per ep.,PG-13 - Teens 13 or older,6.64,#6223,#2429,"86,648",154,27186,"Saki Uno is an average 15-year-old girl with a side hustle as a member of the exceptionally unpopular idol duo Magical Twins. Despite this, she absolutely loves the time she spends with her best friend Sakuyo Mikage as she strives to become closer with her childhood crush, Sakuyo's brother Mohiro. Her peaceful life, however, unravels when she finds a yakuza-looking thug trying to enter her house. Forced to invite him inside, Saki learns that her mother used to be a demon fighting Magical Girl, and that her brutish guest is actually a mascot named Kokoro-chan looking to recruit a replacement. Dumbfounded and skeptical, Saki is hesitant accept the request until Kokoro-chan reveals that Mohiro is a target of some cute, squirrel-tailed demons. Rushing to his side, Saki's overwhelming desire to save Mohiro activates her Love Power, and a daring confession awakens her as a Magical Girl. However, because her body is not suitable for combat, Saki's transformation turns her into a muscle-bound man clad in a pretty dress. Now, as a fully-fledged Magical Girl, Saki must team up with Sakuyo to protect the love of her life from the fluffy, demonic menaces that run rampant in her world. [Written by MAL Rewrite]","['Adaptation (Manga) Mahou Shoujo Ore', '']",Mahou Shoujo Ore,Magical Girl Me,,,
24,キャプテン翼,,Captain Tsubasa,,Captain Tsubasa,['TV'],52,Finished Airing,"Apr 3, 2018 to Apr 2, 2019",['Spring 2018'],Tuesdays at 01:35 (JST),"['TV Tokyo', 'Nihon Ad Systems', 'Warner Bros. Japan', 'Shueisha']",['VIZ Media'],['David Production'],['Manga'],['Sports'],,['Shounen'],22 min. per ep.,G - All Ages,7.42,#2284,#2566,"79,124",385,35528,"Captain Tsubasa is the passionate story of an elementary school student whose thoughts and dreams revolve almost entirely around the love of soccer. 11-year-old Tsubasa Oozora started playing football at a very young age, and while it was mostly just a recreational sport for his friends, for him, it developed into something of an obsession. In order to pursue his dream to the best of his elementary school abilities, Tsubasa moves with his mother to Nankatsu city, which is well-known for its excellent elementary school soccer teams. But although he was easily the best in his old town, Nankatsu has a lot more competition, and he will need all of his skill and talent in order to stand out from this new crowd. He encounters not only rivals, but also new friends like the pretty girl Sanae Nakazawa and the talented goalkeeper, Genzo Wakabayashi, who shares the same passion as Tsubasa, and will prove to be a treasured friend in helping him push towards his dreams. Representing Japan in the FIFA World Cup is Tsubasa’s ultimate dream, but it will take a lot more than talent to reach it.","['Sequel (TV) Captain Tsubasa Season 2: Junior Youth-hen', 'Adaptation (Manga) Captain Tsubasa']",Captain Tsubasa (2018),,,['Team Sports'],
25,カリギュラ,Caligula,Caligula,Caligula,Caligula,['TV'],12,Finished Airing,"Apr 8, 2018 to Jun 24, 2018",['Spring 2018'],Sundays at 23:30 (JST),"['Pony Canyon', 'FuRyu']","['Discotek Media', 'Ponycan USA']",['Satelight'],Game,,,,23 min. per ep.,PG-13 - Teens 13 or older,5.98,#10024,#2583,"78,235",109,27045,"What is happiness? Ever the fan of psychology, questions such as this are ones that high school student Ritsu Shikishima likes to ponder as he spends his peaceful days with his friends. His perfect world, however, begins to unravel when he hears a strange voice obscured by static, pleading for help. This voice belongs to μ, a beloved pop idol, whose singing begins to have an adverse effect on the world. Before Ritsu's very eyes, the faces of his friends and family become distorted by glitches as the sound of μ's voice transforms them into Digiheads: berserk monsters bent on the extermination of all those who begin to awaken to the true nature of their existence. Realizing that he is trapped in a virtual world created by μ called Mobius, Ritsu must now gather everyone else who has managed to realize the truth before they are all eliminated. Together, they will use their newfound powers and weapons granted by their emotions—known as the Catharsis Effect—to fight off the mysterious group known as The Ostinato Musicians as they struggle to escape. [Written by MAL Rewrite]",[],Caligula,The Caligula Effect,"['Action', 'Sci-Fi']",,
26,立花館To Lieあんぐる,Love To-LIE-Angle,Love To-LIE-Angle,Love To-LIE-Angle,Love To-LIE-Angle,['TV'],12,Finished Airing,"Apr 4, 2018 to Jun 20, 2018",['Spring 2018'],Wednesdays at 01:00 (JST),"['Ichijinsha', 'Cloud22']","None found,","['Creators in Pack', 'Studio Lings']",['Manga'],,,,3 min. per ep.,R+ - Mild Nudity,5.62,#11726,#2708,"72,932",87,28385,"As Hanabi Natsuno returns home after six years in Tokyo, memories flood into her. As she prepares to start high school, she moves to Tachibanakan, the local dormitory for female students. Upon her arrival, Hanabi stumbles upon a bare naked beauty, and instantly falls head over heels for her. She also reencounters Konomi Fujiwara, her childhood friend who she barely remembers. Hanabi is introduced to the other residence of the dorm and quickly becomes the center of attention. As the girls instantly take to the newcomer and begin shooting for her affection—subtly or obtrusively—Hanabi realizes that it is certainly going to be an interesting school year. [Written by MAL Rewrite]","['Adaptation (Manga) Tachibanakan Triangle', '']",Tachibanakan Triangle,Tachibanakan To Lie Angle,"['Comedy', 'Girls Love', 'Ecchi']",,
27,奴隷区 The Animation,,Doreiku: 23 Slaves,,,['TV'],12,Finished Airing,"Apr 13, 2018 to Jun 29, 2018",['Spring 2018'],Fridays at 01:00 (JST),"['Hakuhodo DY Music & Pictures', 'Futabasha', 'Hakuhodo', 'Kakao Japan', 'Spacey Music Entertainment', 'A-Craft', 'Tohan Corporation']",['Sentai Filmworks'],"['TNK', 'Zero-G']",['Web manga'],,"['Adult Cast', 'High Stakes Game', 'Psychological']",,24 min. per ep.,R - 17+ (violence & profanity),5.93,#10285,#2894,"64,787",80,24454,"Eager to know why her best friend’s boyfriend dumped her for a man, the headstrong Eiya Arakawa suggests a meeting with them. Gathered together at a café, Yuuga Oota agrees to answer Eiya’s questions only if she can correctly ascertain the relationship of a couple sitting across from them, which she does on her first attempt. Amazed by her astounding intellect and intuition, he invites her to a private meeting where he introduces her to the concept of Slave Control Method, or SCM, a retainer-like device that has the ability to turn people into slaves. When two SCM users enter a duel, the devices exert a powerful influence on their brains. Once the duel is over, the SCM amplifies the loser’s sense of obligation and forces them to bend to the will of the winner. Wanting desperately to test his own abilities, Yuuga asks Eiya to act as his insurance in the event that he himself becomes a slave. Granted access to 10 million yen, Eiya’s job is to convince Yuuga’s would-be master to free him from his servitude. Though hesitant at first, Yuuga’s words resonate with her personal yearning for something more from her life, and she agrees to his request. However, when a mysterious organization begins rapidly accruing slaves, Eiya becomes entangled in a game far more dangerous than she ever could have imagined. [Written by MAL Rewrite]","['Adaptation (Manga) Dorei-ku: Boku to 23-nin no Dorei', '']",Dorei-ku The Animation,"Doreiku: Boku to Nijuusannin no Dorei, Dorei-ku: Boku to 23-nin no Dorei, 23 Slaves and Me","['Drama', 'Suspense']",,
28,されど罪人は竜と踊る,Dances with the Dragons,Dances with the Dragons,Dances with the Dragons,Dances with the Dragons,['TV'],12,Finished Airing,"Apr 6, 2018 to Jun 22, 2018",['Spring 2018'],Fridays at 01:58 (JST),"['TBS', 'NBCUniversal Entertainment Japan']",['Funimation'],['Seven Arcs Pictures'],['Light novel'],,,,23 min. per ep.,R - 17+ (violence & profanity),5.78,#11012,#3115,"56,203",49,14928,"It is a world replete with dragons and Jushiki sorcerers. Jushiki is a devastatingly powerful formula that can alter the laws of physics, capable of creating enormous TNT explosives or poisonous gas through plasma and nuclear fusion. A down-on-his-luck sorcerer named Gayus joins forces with the beautiful but cruel Jushiki practitioner, Gigina, as bounty hunters pursuing dragons. Then one day, they are presented with an odd request: to serve as security guards for a grand festival put on by Mouldeen, the ruler of their kingdom. It is then that a mysterious serial killing of Jushiki sorcerers begins. (Source: TBS Global Business)","['Adaptation (Manga) Saredo Tsumibito wa Ryuu to Odoru: Rinbu', 'Adaptation (Light Novel) Saredo Tsumibito wa Ryuu to Odoru: Dances with the Dragons']",Saredo Tsumibito wa Ryuu to Odoru,,"['Action', 'Drama', 'Fantasy', 'Sci-Fi']",,
29,ゲゲゲの鬼太郎 (2018),GeGeGe no Kitaro,GeGeGe no Kitaro,GeGeGe no Kitaro (2018),GeGeGe no Kitaro,['TV'],97,Finished Airing,"Apr 1, 2018 to Mar 29, 2020",['Spring 2018'],Sundays at 09:00 (JST),"['Yomiko Advertising', 'Fuji TV']","None found,",['Toei Animation'],['Manga'],,,['Shounen'],23 min. per ep.,PG-13 - Teens 13 or older,7.22,#3258,#3193,"53,594",158,12187,"Nearly twenty years into the 21st century, people have forgotten the existence of youkai. When a number of unexplainable phenomena plague adults of the human world with confusion and chaos, thirteen-year-old Mana writes a letter to the Youkai Post in search of answers, only to be greeted by Gegege no Kitarou... (Source: Crunchyroll)","['Adaptation (Manga) GeGeGe no Kitarou', '']",Gegege no Kitarou (2018),Spooky Kitaro,"['Comedy', 'Horror', 'Supernatural']",['Mythology'],
30,LOST SONG,,Lost Song: Das Lied der Wunder,La Canción Perdida,,['TV'],12,Finished Airing,"Apr 8, 2018 to Jun 16, 2018",['Spring 2018'],Sundays at 01:30 (JST),"['Ultra Super Pictures', 'MAGES.']","None found,",['LIDENFILMS'],Original,,,,23 min. per ep.,PG-13 - Teens 13 or older,6.91,#4764,#3282,"50,992",199,23827,"Lost Song tells the stories of the cheerful Rin and the reserved Finis, two songstresses who are capable of performing magical songs. Rin grew up in a remote village with her family and was taught to keep her power secret, while Finis lives and performs in the royal palace. Rin's happy and peaceful life is shattered after she saves an injured knight named Henry Leobort with her song of healing. She was seen by soldiers who proceeded to attack her village in hopes of capturing her. With nowhere else to go, she and her inventor brother Al begin a journey to the capital. Finis finds herself falling in love with Henry and, knowing that the greedy and spiteful Prince Lood Bernstein IV desires her, must hide their relationship. She wants to help people with her songs, but with war on the horizon, she worries that Lood will order her to cast her magic in the battlefield. Only time will tell how her destiny and Rin's will intersect, as the two of them struggle to find their paths. [Written by MAL Rewrite]",[],Lost Song,,"['Drama', 'Fantasy']",,
31,ルパン三世 PART5,Lupin the Third Part 5,Lupin the Third Part 5,Lupin the Third: Part 5,Lupin the Third Part 5,['TV'],24,Finished Airing,"Apr 4, 2018 to Sep 19, 2018",['Spring 2018'],Wednesdays at 01:29 (JST),"['Nippon Television Network', 'TMS Music']",['Discotek Media'],['Telecom Animation Film'],['Manga'],,,['Seinen'],22 min. per ep.,PG-13 - Teens 13 or older,8.13,#484,#3471,"46,276",413,17518,"Genius thief Arsene Lupin III—along with the usual crew of Goemon Ishikawa XIII, Fujiko Mine, and Daisuke Jigen—finds himself in modern-day France, where he encounters both new and old adversaries, with Inspector Kouichi Zenigata still hot on his trail. As they steal from darker, more sinister entities, they will also have to find a way to deal with the newest technology in their escapades, as well as face the ghosts of their pasts. However, this time, Lupin's choices begin to catch up with him as his pursuers use every tool at their disposal to take him down once and for all. [Written by MAL Rewrite]","['Prequel (TV) Lupin III (2015)', 'Sequel (TV Special) Lupin III: Part 6 - Jidai', 'Sequel (TV) Lupin III: Part 6', '']",Lupin III: Part 5,"Lupin III: Part V, Lupin Sansei Part V, Lupin Sansei: Adventure in France","['Action', 'Adventure', 'Comedy', 'Mystery']",['Adult Cast'],
32,踏切時間,Crossing Time,Crossing Time,Crossing Time,Crossing Time,['TV'],12,Finished Airing,"Apr 10, 2018 to Jun 26, 2018",['Spring 2018'],Tuesdays at 01:15 (JST),"None found,","None found,",['EKACHI EPILKA'],['Manga'],,,,3 min. per ep.,PG-13 - Teens 13 or older,6.36,#7918,#3551,"44,491",26,20091,"Every day, all kinds of different people stop at railroad crossings on their way to work or school, resulting in all sorts of different conversations. Friends, enemies, acquaintances, and complete strangers—there's always a new encounter to be had. Fumikiri Jikan documents the discussions that take place at these locations. Whether these are funny or depressing, expected or completely unexpected, they certainly have the potential to be quite interesting. [Written by MAL Rewrite]","['Adaptation (Manga) Fumikiri Jikan', '']",Fumikiri Jikan,,"['Comedy', 'Slice of Life']",,
33,イナズマイレブン アレスの天秤,Inazuma Eleven: Ares,,,,['TV'],26,Finished Airing,"Apr 6, 2018 to Sep 28, 2018",['Spring 2018'],Fridays at 17:55 (JST),"['TV Tokyo', 'Dentsu']","None found,",['OLM'],Game,['Sports'],"['Super Power', 'Team Sports']",,23 min. per ep.,G - All Ages,6.69,#5962,#3563,"44,125",116,22226,"Taking place in an alternate timeline after Raimon Junior High wins the Football Frontier, a group of boys is playing soccer on a remote island off the coast of Japan. However, one day the students witness the demolition of the only soccer field on the island as they fight desperately to prevent its destruction, to no avail. The only way to regain their soccer club is to become champions of the Football Frontier. Asuto Inamori and his classmates take up the offer, moving to mainland Japan and attending Raimon Junior High. Leaving behind their families and entering metropolitan Tokyo, they embark on a journey that will test their resolve to be the best in all of Japan. Inazuma Eleven: Ares no Tenbin tells the tale of a group of friends whose desire for soccer burns brighter by the day. Through their encounters with several titans of the soccer landscape, including the mysterious coach Zhao Jinyun—they rush headlong into the Football Frontier to face the greatest teams Japan has to offer! [Written by MAL Rewrite]","['Prequel (Special) Inazuma Eleven: Reloaded - Soccer no Henkaku', 'Sequel (TV) Inazuma Eleven: Orion no Kokuin', 'Adaptation (Manga) Inazuma Eleven: Ares no Tenbin', '']",Inazuma Eleven: Ares no Tenbin,Inazuma Eleven: Balance of Ares,,,
34,ニル・アドミラリの天秤,Libra of Nil Admirari,Libra of Nil Admirari,Libra of Nil Admirari,Libra of Nil Admirari,['TV'],12,Finished Airing,"Apr 8, 2018 to Jun 24, 2018",['Spring 2018'],Sundays at 22:00 (JST),['Pony Canyon'],"None found,",['Zero-G'],Visual novel,,"['Historical', 'Reverse Harem']",['Josei'],23 min. per ep.,PG-13 - Teens 13 or older,6.66,#6139,#3641,"42,585",132,12350,"The Taishou era didn't end in 15 years, but went on for another 25. In order to protect her waning family, a girl resolves to marry a man she doesn't even know the name of. However, just before the marriage was to take place, the girl's younger brother mysteriously committed suicide by self-immolation and was found holding an old book in his hands. Appearing before the bewildered young girl was the ""Imperial Library Intelligence Asset Management Bureau,"" more commonly referred to as ""Fukurou."" According to these men, there exists ""Maremono,"" which are books that greatly affect their readers. On top of that, ever since the incident involving the girl's younger brother, she unwittingly gains the ability to see ""Auras"" (the sentiments of the Maremono which manifest as bright lights and are usually invisible to humans). It was as though fate were trying to drag the young girl in its flames. And then, even though apprehensive, the girl chooses to venture outside her bird cage. Jealousy, hatred, scorn, compassion, and love. What awaited the girl was the darkness of betrayal that had already begun to bewitchingly inlay the imperial capital. Toyed by and swayed within that darkness, will the young girl finally reach the truth after her struggles, or...? (Source: MAL News)","['Adaptation (Manga) Nil Admirari no Tenbin: Teito Genwaku Kitan', '']",Nil Admirari no Tenbin,The Scales of Nil Admirari ~The Mysterious Story of Teito~,"['Romance', 'Supernatural']",,
35,重神機パンドーラ,Last Hope,,Last Hope,,['TV'],26,Finished Airing,"Mar 29, 2018 to Sep 20, 2018",['Spring 2018'],Wednesdays at 23:30 (JST),"None found,","None found,",['Satelight'],Original,['Sci-Fi'],,,23 min. per ep.,PG-13 - Teens 13 or older,6.32,#8168,#3721,"40,816",44,12896,"The series is set in a near-future world where the boundary between human being and AI is vague. A rapid biological evolution, similar to ""Cambrian Explosion,"" is caused by one incident. This incident turns into the genesis of a new jostle for supremacy, and the influence of the evolution goes beyond biological framework and spreads to various kinds of materials and technologies. The era of massive evolution involving diverse existences, such as human, machines, and biotechnologies, is coming. Characters fight an existential war in such a world. (Source: ANN)",[],Juushinki Pandora,Unit Pandora,,['Mecha'],
36,ラストピリオド -終わりなき螺旋の物語-,Last Period: The Journey to the End of the Despair,Last Period: The Journey to the End of the Despair,Last Period: The Journey to The End of The Despair,Last Period: The Journey to the End of the Despair,['TV'],12,Finished Airing,"Apr 12, 2018 to Jun 28, 2018",['Spring 2018'],Thursdays at 00:00 (JST),"['Asmik Ace', 'NBCUniversal Entertainment Japan', 'Egg Firm', 'Hakuhodo DY Media Partners', 'Kadokawa', 'Happy Elements']","None found,",['J.C.Staff'],Game,,,,23 min. per ep.,PG-13 - Teens 13 or older,6.36,#7934,#3727,"40,696",33,11811,"""Period"" is how magic users called who beat ""Spiral""—monsters that were summoned from isolation. Due to the rise of these beings, 14-year-old apprentice Period Haru, who is a part of the Eighth Arc-end Division, is called to break the cycle and cast himself into the endless battle. However, a mysterious thievery occurred and sank the division into bankruptcy, forcing Haru and his other comrades have to leave their headquarters. To rebuild a branch, they have to overcome quest after quest. (Source: MAL News)",[],Last Period: Owarinaki Rasen no Monogatari,,"['Action', 'Adventure', 'Comedy', 'Fantasy']",,
37,ありすorありす,,,,,['TV'],12,Finished Airing,"Apr 4, 2018 to Jun 20, 2018",['Spring 2018'],Wednesdays at 22:25 (JST),"None found,",['Sentai Filmworks'],['EMT Squared'],['4-koma manga'],['Slice of Life'],,,3 min. per ep.,PG-13 - Teens 13 or older,5.35,#12561,#3843,"38,267",47,15250,"This story gives a look at the daily life of a pair of Alice twins and their older brother who has a sister complex. Them eating meals, getting into fights, playing with friends... Would you like to peek at the heart-full daily life of the cute Alices? (Source: MAL News)","['Adaptation (Manga) Alice or Alice: Siscon Niisan to Futago no Imouto', '']",Alice or Alice,Alice or Alice: Siscon Niisan to Futago no Imouto,,['CGDCT'],
38,鹿楓堂よついろ日和,Yotsuiro Biyori,Yotsuiro Biyori,Yotsuiro Biyori,Yotsuiro Biyori,['TV'],12,Finished Airing,"Apr 11, 2018 to Jun 27, 2018",['Spring 2018'],Wednesdays at 00:30 (JST),"None found,","None found,",['Zexcs'],['Manga'],,"['Adult Cast', 'Iyashikei', 'Workplace']",['Seinen'],23 min. per ep.,PG-13 - Teens 13 or older,7.64,#1464,#3965,"35,601",216,12974,"Kyousui ""Sui"" Tougoku inherits a traditional Japanese-style cafe called Rokuhoudou from his grandfather, which he manages alongside Gregorio ""Gure"" Valentino, Tokitaka Nagae, and Tsubaki Nakao. Their hospitality par excellence undoubtedly turns any one-time visitor into a regular. Having gone through their own share of trials and tribulations, the staff at this modest cafe do their best to serve their customers—whether it be through tea, sweets, or even helping with the various troubles one may have. Although most days pass pleasantly, the small world of Sui and his friends takes an unexpected path when their reputation as a cafe flourishes overnight. [Written by MAL Rewrite]","['Adaptation (Manga) Rokuhou-dou Yotsuirobiyori', '']",Rokuhou-dou Yotsuiro Biyori,,"['Gourmet', 'Slice of Life']",,
39,メジャーセカンド,,Major 2nd,Major 2nd,Major 2nd,['TV'],25,Finished Airing,"Apr 7, 2018 to Sep 22, 2018",['Spring 2018'],Saturdays at 17:35 (JST),"['Shogakukan-Shueisha Productions', 'NHK', 'NHK Enterprises']","None found,",['OLM'],['Manga'],['Sports'],,['Shounen'],24 min. per ep.,PG-13 - Teens 13 or older,7.38,#2460,#3981,"35,353",75,16351,"Daigo, the son of renowned baseball player Gorou Shigeno, believes he has to live up to his father's name by becoming an all-star player himself. With great dreams, as soon as he reaches fourth-grade, he promptly joins the same little league baseball team his dad played on, the Mifune Dolphins. However, things don't go as planned. After only the first couple of practices, Daigo's lack of talent and inherent baseball sense shows, and his confidence is crushed. Unable to bear the pressure of living up to his father, a baseball prodigy, he quits the team in less than a year. Two years later, now in sixth-grade, a transfer student joins Daigo's class. This student turns out to be Hikaru, the son of Gorou's lifelong friend and fellow baseball star, Toshiya Satou. One day, Daigo's mother receives a call from the Dolphins requesting players for a game, so she forces Daigo to attend. To Daigo's surprise, he finds Hikaru there. Even more shocking is that despite his father's occupation, Hikaru has never played baseball before! Unlike Daigo, though, Hikaru immediately picks up the game demonstrating excellent performance. Needless to say, Daigo and Hikaru are polar opposites of each other. But this friction will inevitably thrust both of these inexperienced children into the world their fathers cherish—the world of baseball. [Written by MAL Rewrite]","['Prequel (OVA) Major: Message', 'Sequel (TV) Major 2nd 2nd Season', 'Adaptation (Manga) Major 2nd', '']",Major 2nd,,,['Team Sports'],
40,あまんちゅ！～あどばんす～,,,,,['TV'],12,Finished Airing,"Apr 7, 2018 to Jun 23, 2018",['Spring 2018'],Saturdays at 23:00 (JST),"['Production I.G', 'Frontier Works', 'Shochiku', 'AT-X', 'flying DOG', 'Tokyo MX', 'Mag Garden']","None found,",['J.C.Staff'],['Manga'],['Slice of Life'],"['Iyashikei', 'School']",['Shounen'],23 min. per ep.,PG-13 - Teens 13 or older,7.11,#3838,#4117,"33,237",37,12875,Second season of Amanchu!.,"['Prequel (TV) Amanchu!', 'Prequel (OVA) Amanchu!: Yakusoku no Natsu to Atarashii Omoide no Koto', 'Adaptation (Manga) Amanchu!', '']",Amanchu! Advance,Amanchu! 2,,,
41,ガンダムビルドダイバーズ,Gundam Build Divers,,,,['TV'],25,Finished Airing,"Apr 3, 2018 to Sep 25, 2018",['Spring 2018'],Tuesdays at 17:55 (JST),"['TV Tokyo', 'Sotsu']","None found,",['Sunrise'],Original,,,,24 min. per ep.,G - All Ages,6.31,#8238,#4125,"33,121",52,14482,"Gunpla Battle Nexus Online (GBN) is a new network game that lets people enjoy a variety of missions using Gunpla in a virtual cyberspace dimension. Middle-school students Riku Mikami and Yukio Hidaka recruit their classmate Momoka Yashiro and dive together into this vast world. Becoming ""Divers,"" or inhabitants of GBN, they meet a mysterious girl named Sarah who has an amazing sensitivity to Gunpla. They begin playing alongside her, but... There are many other famous Divers, starting with Kyoya Kujo, the champion whom Riku admires. Multiple Divers can join to form a team called a ""force."" Meanwhile, the game is disrupted by Mass-Divers who use unofficial tools called break decals. Through many encounters and experiences, Riku and his friends will build not only Gunpla, but their own adventures as well! (Source: Official Website)","['Prequel (ONA) Gundam Build Divers Prologue', 'Sequel (ONA) Gundam Build Divers Re:Rise']",Gundam Build Divers,,"['Action', 'Sci-Fi']",['Mecha'],
42,Lostorage conflated WIXOSS,,,,,['TV'],12,Finished Airing,"Apr 7, 2018 to Jun 23, 2018",['Spring 2018'],Saturdays at 00:30 (JST),"None found,","None found,",['J.C.Staff'],Card game,['Suspense'],"['High Stakes Game', 'Psychological', 'Strategy Game']",,23 min. per ep.,R - 17+ (violence & profanity),7.08,#4006,#4165,"32,345",79,11104,"Tensions from the Selector battles have seemingly vanished, and the remaining participants have quickly put the entire ordeal behind them. However, Kiyoi Mizushima feels that the conflict has yet to end. Despite Kou Satomi's defeat, his supporters are already attempting to revive his plans in the background. It does not take long for Mizushima's suspicions to be confirmed true. Not only does the Selector battle system reemerge, but also a new mechanic has been implemented. Players receive a special key card that will unlock with gold coins, releasing a hidden power. Aware of the formidable foes that lie ahead, Mizushima begins to seek out skilled allies in her endeavor to finally break the cycle of darkness. [Written by MAL Rewrite]","['Prequel (TV) Lostorage Incited WIXOSS', 'Prequel (OVA) Lostorage Conflated WIXOSS: Missing Link']",Lostorage Conflated WIXOSS,,,,
43,鬼灯の冷徹 第弐期その弐,Hozuki's Coolheadedness 2: Part 2,Hozuki's Coolheadedness 2,Hozuki's Coolheadedness 2,Hozuki's Coolheadedness 2,['TV'],13,Finished Airing,"Apr 8, 2018 to Jul 1, 2018",['Spring 2018'],Sundays at 01:00 (JST),"None found,",['Sentai Filmworks'],['Studio Deen'],['Manga'],,,['Seinen'],23 min. per ep.,PG-13 - Teens 13 or older,7.85,#930,#4265,"30,516",54,12623,The second cour of Hoozuki no Reitetsu season 2.,"['Prequel (TV) Hoozuki no Reitetsu 2nd Season', 'Adaptation (Manga) Hoozuki no Reitetsu']",Hoozuki no Reitetsu 2nd Season: Sono Ni,Hoozuki no Reitetsu 2nd Season: Second Cour,"['Comedy', 'Fantasy']",['Mythology'],
44,宇宙戦艦ティラミス,Space Battleship Tiramisu,Space Battleship Tiramisu,Space BattleShip Tiramisu,Space Battleship Tiramisu,['TV'],13,Finished Airing,"Apr 3, 2018 to Jun 26, 2018",['Spring 2018'],Tuesdays at 01:00 (JST),"['Frontier Works', 'Nippon Columbia', 'Studio Mausu', 'Tokyo MX', 'Adores', 'Shinchosha', 'FuRyu', 'Exa International', 'NTT Plala', 'JY Animation']",['Funimation'],['Gonzo'],['Web manga'],,"['Mecha', 'Parody', 'Space']",,7 min. per ep.,PG-13 - Teens 13 or older,6.36,#7949,#4347,"29,446",32,10817,"Subaru Ichinose loves his cockpit as, to him, it's like being in his mother's womb. Whenever he struggles to converse with his fellow pilots, his cockpit is the one place he can be alone. As the ace pilot aboard the Tiramisu, Earth Union's most important battleship, it is his job to defend Mother Earth from the threats that emerge from humanity's extended dominion spreading throughout the vast reaches of the universe. Armed with his personal mecha Durandal, Subaru must fend off encroaching foreign colonies as he struggles to protect his personal sanctuary from rogue fried pork skewers, suffocating backwards shirts, and unsolicited redecorations. In the year Space Age 0156, the fate of humanity rests entirely in his hands. [Written by MAL Rewrite]","['Sequel (TV) Uchuu Senkan Tiramisù II', 'Adaptation (Manga) Uchuu Senkan Tiramisù']",Uchuu Senkan Tiramisù,,"['Action', 'Comedy', 'Sci-Fi']",,
45,Butlers~千年百年物語~,Butlers x Battlers,,,,['TV'],12,Finished Airing,"Apr 12, 2018 to Jun 28, 2018",['Spring 2018'],Thursdays at 01:05 (JST),"['Lantis', 'Kadokawa']","None found,",['SILVER LINK.'],Original,,"['School', 'Time Travel']",,23 min. per ep.,PG-13 - Teens 13 or older,5.66,#11559,#4657,"25,274",43,6341,"Butlers: They are guardians that hold a thousand-year history and a certain fate. Jay lived in peace with his little sister Tenna and a fellow Butler named Hayakawa. However, those peaceful days came to a sudden end. Tenna was swallowed up into the void and Jay was sent a hundred years into the future. Jay finds there is now an academy called Koyomi Academy standing in the place where his mansion once stood. Jay took up the name Jinguji Koma and became the student council president of the school as he looks for clues about the past. Jay will eventually find out the truth behind this world. (Source: Crunchyroll)","['Adaptation (Manga) Butlers: Chitose Momotose Monogatari', '']",Butlers: Chitose Momotose Monogatari,,"['Drama', 'Supernatural']",,
46,キューティーハニー ユニバース,,,,,['TV'],12,Finished Airing,"Apr 8, 2018 to Jun 24, 2018",['Spring 2018'],Sundays at 21:00 (JST),"['Pony Canyon', 'AT-X', 'Memory-Tech', 'Dynamic Planning', 'Bandai Namco Entertainment', 'Pony Canyon Enterprises']","['Sentai Filmworks', 'Ponycan USA']",['Production Reed'],['Manga'],,,['Shounen'],23 min. per ep.,R - 17+ (violence & profanity),5.44,#12306,#5093,"20,446",20,5673,"The forces of evil are on the rise. When the evil mastermind Sister Jill transforms one of her girls into the bestial Breast Claw and sends her minions out on a mission involving the group Panther Claw and a jewelry store heist, Honey Kisaragi departs from her Catholic girls' school to confront the threat as Cutie Honey. But that's exactly what Sister Jill wants, as she desires Honey's Airborne Element Fixing Device, which allows her to transform into Honey's seven different forms. Meanwhile, Sister Jill is also on the scene in disguise as Inspector Genet, trying to worm her way into Honey's confidence from a different angle. (Source: ANN)","['Adaptation (Manga) Cutie Honey', '']",Cutie Honey Universe,Cutey Honey Universe,"['Action', 'Comedy', 'Romance', 'Sci-Fi', 'Ecchi']",,
47,レイトン ミステリー探偵社~カトリーのナゾトキファイル~,,,,,['TV'],50,Finished Airing,"Apr 8, 2018 to Mar 31, 2019",['Spring 2018'],Sundays at 08:30 (JST),['Level-5'],"None found,",['LIDENFILMS'],Game,,,['Kids'],23 min. per ep.,PG - Children,7.23,#3201,#5342,"18,098",62,4224,"The Layton Detective Agency, a business that helps its clients solve unusual mysteries, is run by Katrielle Layton—daughter of the world-renowned archaeology professor Hershel Layton. Together with her assistant Noah Montoir and talking dog Sherl, Katrielle finds herself unraveling cases involving a newly purchased cursed house, a dress imbued with a ""demon's curse,"" and the zombie of a client's deceased spouse, just to name a few. Aside from her more quirky cases, Katrielle has been working on another unsolved problem: the disappearance of her father. Founding the agency was only the first step in her attempt to uncover the truth behind his vanishing. As she continues to take on client after client, each with wackier and stranger issues to tackle, Katrielle steadily closes in on the answer to the biggest mystery of her life. [Written by MAL Rewrite]","['Adaptation (Manga) Layton Mystery Tanteisha: Katri no Nazotoki File', '']",Layton Mystery Tanteisha: Katri no Nazotoki File,"LMDA, Layton Mystery Detective Agency: Kat's Mystery-Solving Files","['Comedy', 'Mystery']",,
48,ベイブレードバースト 超ゼツ,Beyblade Burst Turbo,,Beyblade Burst Turbo,Beyblade Burst Turbo,['TV'],51,Finished Airing,"Apr 2, 2018 to Mar 25, 2019",['Spring 2018'],Mondays at 17:55 (JST),"['TV Tokyo', 'd-rights']",['ADK Emotions NY Inc.'],['OLM'],['Manga'],,,['Kids'],24 min. per ep.,PG - Children,6.65,#6182,#5373,"17,778",106,10323,"Two years after the God Blader's Cup, Valt Aoi battles Aiga Akaba, a ""wild child"" that grew up in nature. After battling, he became inspired to become the No.1 Blader in the world, along with his Beyblade, Z Achilles. He aims to fight strong opponents in an effort to become stronger himself. To defeat Valt Aoi and become the World Champion, Aiga begins his journey.","['Prequel (TV) Beyblade Burst God', 'Sequel (TV) Beyblade Burst Gachi', 'Adaptation (Manga) Beyblade Burst', '']",Beyblade Burst Chouzetsu,Beyblade Burst Super Z,"['Action', 'Adventure', 'Sci-Fi']",,
49,カードファイト!! ヴァンガード (2018),,Cardfight!! Vanguard,Cardfight!! Vanguard,Cardfight!! Vanguard,['TV'],52,Finished Airing,"May 5, 2018 to May 4, 2019",['Spring 2018'],Saturdays at 22:30 (JST),['Ace Crew Entertainment'],"None found,",['OLM'],Original,['Action'],,,23 min. per ep.,PG-13 - Teens 13 or older,6.74,#5673,#5799,"14,629",50,6303,"The main protagonist Sendou Aichi, is a timid and mundane third-year middle school boy. The thing that supported Aichi's heart, was the ""Blaster Blade"" card that he received as a child. It's an important rare card from ""Vanguard"", a card game with the imaginary world of ""Planet Cray"" as its stage. From the day he reunited with the person who gave him that card ""Toshiki Kai"", Aichi's everyday life began to change. (Source: Crunchyroll)","['Sequel (TV) Cardfight!! Vanguard: Zoku Koukousei-hen', 'Adaptation (Manga) Cardfight!! Vanguard']",Cardfight!! Vanguard (2018),,,['Strategy Game'],
50,お前はまだグンマを知らない,You Don't Know Gunma Yet,You Don't Know Gunma Yet,You Don't Know Gunma Yet,You Don't Know Gunma Yet,['TV'],12,Finished Airing,"Apr 2, 2018 to Jun 18, 2018",['Spring 2018'],Mondays at 20:55 (JST),['TOHO animation'],"None found,",['Asahi Production'],['Web manga'],['Comedy'],,,3 min. per ep.,PG-13 - Teens 13 or older,5.26,#12774,#5812,"14,555",3,5503,"Nori Kamitsuki has recently moved to the Gunma prefecture from Chiba, following after Otoya Todoroki, a former friend who moved there in elementary school. While on the way there, he receives an ominous text message from Todoroki telling him to turn back and that once someone enters Gunma, they never return. Ignoring the message, As Kamitsuki goes about his school life and makes new friends. These people make it their mission to prove any negative stereotypes surrounding Gunma wrong and show Kamitsuki all the ways Gunma is different from the rest of Japan—from its local foods and landmarks, the changes to its daily school life, and even the attitude of the people who live there. Gunma is widely regarded as the least popular prefecture in Japan, but they clearly don't know Gunma yet! [Written by MAL Rewrite]","['Adaptation (Manga) Omae wa Mada Gunma wo Shiranai', '']",Omae wa Mada Gunma wo Shiranai,,,['School'],
51,美男高校地球防衛部HAPPY KISS!,Cute High Earth Defense Club HAPPY KISS!,Cute High Earth Defense Club Happy Kiss!,Cute High Earth Defense Club: Happy Kiss!,Cute High Earth Defense Club Happy Kiss!,['TV'],12,Finished Airing,"Apr 9, 2018 to Jul 2, 2018",['Spring 2018'],Mondays at 01:35 (JST),['Sotsu'],['Ponycan USA'],['Studio Comet'],Original,['Comedy'],"['Parody', 'School']",,24 min. per ep.,PG-13 - Teens 13 or older,6.47,#7259,#6026,"13,229",38,3915,"In the northern Kanto area in Japan, there is Binan City… At Binan High School, as per usual, the “Earth Defense Club (lol)” was a club that did nothing. The club members Kyoutarou Shuzenji, Ryouma Kirishima, Nanao Wakura, Taishi Manza, and Ichiro Dogou nonchalantly enjoyed tea while having pointless conversations that amount to nothing. All of them have now gathered at Kurotama Bath after school. When Ryouma pulls Kyoutarou Shuzenji by his arm out of water that he claims feels too good, together with his towel comes a pretty boy in strange clothing. These five boys are then dragged into a battle for the heir of the magical kingdom, Honila Land... (Source: KA)","['Prequel (OVA) Binan Koukou Chikyuu Bouei-bu LOVE! LOVE! LOVE!', 'Sequel (Movie) Binan Koukou Chikyuu Bouei-bu Eternal Love!']",Binan Koukou Chikyuu Bouei-bu Happy Kiss!,,,,
52,アイカツフレンズ！,,,,,['TV'],50,Finished Airing,"Apr 5, 2018 to Mar 28, 2019",['Spring 2018'],Thursdays at 18:25 (JST),"['TV Tokyo', 'Dentsu', 'Echoes']","None found,",['Bandai Namco Pictures'],Game,['Slice of Life'],"['Idols (Female)', 'Music', 'School']",,24 min. per ep.,PG - Children,7.18,#3484,#6061,"12,993",72,4153,"Aine Yuuki, who is a regular student at Star Harmony Academy's normal division, meets Mio Minato from the idol division, who invites her to join Aikatsu to fulfill Aine's goal to make friends. She also befriends Maika Chōno and Ema Hinata who are also idols. Aine and Mio form a pair to become best friends to become the bright ""Diamond Friends"". Karen Kamishiro and Mirai Asuku are categorized as ""Diamond Friends"" and are in the Diamond Class! (Source: Wikipedia)","['Sequel (TV) Aikatsu Friends!: Kagayaki no Jewel', '']",Aikatsu Friends!,,,,
53,グラゼニ,Gurazeni: Money Pitch,Gurazeni: Money Pitch,Gurazeni: Money Pitch,Gurazeni: Money Pitch,['TV'],12,Finished Airing,"Apr 6, 2018 to Jun 22, 2018",['Spring 2018'],Fridays at 22:30 (JST),"['Kodansha', 'Ai Addiction', 'SKY PerfecTV!']","None found,",['Studio Deen'],['Manga'],['Sports'],"['Adult Cast', 'Team Sports']",['Seinen'],23 min. per ep.,PG-13 - Teens 13 or older,6.39,#7729,#6212,"12,249",15,5111,"This is the story of Natsunosuke Honda, a pro baseball player—a relief pitcher who has been playing pro in a team called Spiders for 8 years. The team operates as a highly-stratified society, where the player's performance determines his annual salary. Natsunosuke is one of the highest paid players in the game. He measures how good players are by how much money they make, and he intends to be on top and stay there, and as such is always looking for players to challenge and does everything to insure that he is better than they are. (Source: MAL News)","['Sequel (TV) Gurazeni Season 2', 'Adaptation (Manga) Gurazeni']",Gurazeni,,,,
54,蒼天の拳 REGENESIS,Fist of the Blue Sky: Regenesis,Fist of the Blue Sky: Regenesis,Fist of the Blue Sky: Regenesis,Souten no Ken,['TV'],12,Finished Airing,"Apr 10, 2018 to Jun 26, 2018",['Spring 2018'],Tuesdays at 00:30 (JST),['Souten no Ken'],['Ponycan USA'],['Polygon Pictures'],['Manga'],['Action'],"['Historical', 'Martial Arts']",['Seinen'],22 min. per ep.,R - 17+ (violence & profanity),5.67,#11540,#6316,"11,699",19,3553,"Long before Kenshiro said, ""You're already dead,"" a different Kenshiro walked the violent streets of Shanghai. The city is in constant crisis as two mafia families battle one another for supremacy. In the crossfire, a little girl named Erika is orphaned and soon taken under the wing of martial artist Liu Fei-Yan. Sorrow seems to follow the girl, as every time Fei-Yan attempts to hand her off, her new guardians end up dead. Fei-Yan decides to bring the girl to a man named Guise but instead crosses paths with powerful Kenshiro Kasumi. (Source: ANN)","['Prequel (TV) Souten no Ken', 'Sequel (TV) Souten no Ken: Regenesis 2nd Season', 'Adaptation (Manga) Souten no Ken: Regenesis', '']",Souten no Ken: Regenesis,"Souten no Ken 2, Fist of the Blue Sky: Regenesis",,,
55,信長の忍び~姉川・石山篇~,Ninja Girl & Samurai Master: Anegawa and Ishiyama Arc,Ninja Girl & Samurai Master Staffel 3,Nobunaga no Shinobi Temporada 3,Nobunaga no Shinobi Saison 3,['TV'],26,Finished Airing,"Apr 7, 2018 to Sep 29, 2018",['Spring 2018'],Saturdays at 01:35 (JST),"None found,","None found,",['TMS Entertainment'],['4-koma manga'],['Comedy'],,,3 min. per ep.,PG-13 - Teens 13 or older,7.10,#3920,#6870,"9,600",4,3861,Third season of the Nobunaga no Shinobi series.,"['Prequel (TV) Nobunaga no Shinobi: Ise Kanegasaki-hen', 'Adaptation (Manga) Nobunaga no Shinobi']",Nobunaga no Shinobi: Anegawa Ishiyama-hen,Ninja Girl & Samurai Master 3rd,,['Historical'],
56,若おかみは小学生！,Okko's Inn,,,,['TV'],24,Finished Airing,"Apr 8, 2018 to Sep 23, 2018",['Spring 2018'],Sundays at 07:14 (JST),"['TV Tokyo', 'Nihon Ad Systems', 'Kodansha', 'AT-X', 'GAGA', 'Techno Sound', 'NADA Holdings', 'Aeon Entertainment']","None found,","['Madhouse', 'DLE']",Novel,,,,12 min. per ep.,G - All Ages,6.64,#6256,#7374,"8,045",6,2128,"12-year-old Oriko Seki, who lost her parents in a car accident, ended up living in her grandmother's Onsen Ryokan ""Haru no Ya."" With the ghost ""Uribou"" cohabitating with her and all the other odds, she ended up training to be a young female innkeeper. At first, she didn't like the training, but gradually felt her admiration for her title and began to train seriously. Thus, the growth of the young warrior Oriko begins. (Source: MAL News)",[],Wakaokami wa Shougakusei!,,"['Comedy', 'Slice of Life', 'Supernatural']",,
57,キラッとプリ☆チャン,,,,,['TV'],51,Finished Airing,"Apr 8, 2018 to Mar 31, 2019",['Spring 2018'],Sundays at 10:00 (JST),['TV Tokyo'],['Crunchyroll'],"['Tatsunoko Production', 'Dongwoo A&E']",Game,['Slice of Life'],"['Idols (Female)', 'Music']",,24 min. per ep.,PG - Children,7.14,#3687,#7933,"6,744",47,1721,"First-year middle school girls Mirai Momoyama and Emo Moegi are two aspiring idols who decide to use the ""Pri☆Chan System,"" a system used by famous people and companies to broadcast content. Like many girls starting their own channels and uploading content, the pair decide to become their own producers, starting their own channel in an attempt to become Pri☆Chan idols. (Source: ANN)","['Sequel (TV) Kiratto Pri☆chan Season 2', '']",Kiratto Pri☆chan,Kiratto Pri-chan,,,
58,ぱすてるらいふ,,,,,['TV'],6,Finished Airing,"May 17, 2018 to Jun 21, 2018",['Spring 2018'],Unknown,"None found,","None found,",['Studio A-CAT'],Mixed media,['Slice of Life'],,,3 min. per ep.,PG-13 - Teens 13 or older,6.55,#6759,#8027,"6,509",10,3321,"A Nico Live broadcast of BanG Dream! franchise on Monday has announced a spin-off anime featuring one of the units in the franchise, Pastel*Palettes. Titled Pastel Life, the slice-of-life series is yet to announce its type and broadcast details. (Source: MAL News)",[],Pastel Life,,,['Music'],
59,レディスポ,,,,,['TV'],12,Finished Airing,"Apr 10, 2018 to Jun 26, 2018",['Spring 2018'],Tuesdays at 01:20 (JST),"['DAX Production', 'Quatre Stella', 'RME']","None found,",['Brio Animation'],Original,,,,4 min. per ep.,PG-13 - Teens 13 or older,3.00,#13840,#9058,"4,779",4,1375,"A science-fiction comedy where various pro sports bounty hunters fight each other in sporting events. The story centers on Arigetti, Korupi, and Sabina, three women in a team who participate in various sports.",[],Ladyspo,Lady Sports,"['Comedy', 'Sci-Fi', 'Sports']",['Team Sports'],
60,フューチャーカード バディファイト バッツ オールスターファイト,,,,,['TV'],8,Finished Airing,"Apr 7, 2018 to May 26, 2018",['Spring 2018'],Saturdays at 08:00 (JST),['Bushiroad'],"None found,","['Xebec', 'OLM']",Card game,,,,24 min. per ep.,PG - Children,6.79,#5414,#10477,"3,065",5,1452,The fifth season of Future Card Buddyfight.,"['Prequel (TV) Future Card Buddyfight Battsu', 'Sequel (TV) Future Card Shin Buddyfight']",Future Card Buddyfight Battsu: All-Star Fight,Future Card Buddyfight X: All-Star Fight,,['Strategy Game'],
61,妖怪ウォッチ シャドウサイド,,,,,['TV'],49,Finished Airing,"Apr 13, 2018 to Mar 29, 2019",['Spring 2018'],Fridays at 18:25 (JST),['TV Tokyo'],"None found,",['OLM'],Game,,,['Kids'],24 min. per ep.,G - All Ages,6.78,#5457,#10530,"3,013",19,885,"Taking place after the events of the fourth film, the series centers on 11 yr old Keisuke Amano, Natsume's younger brother (both of whom are the children of Keita Amano and Fumika Kodama of the original Youkai Watch anime) who doesn't believe in any supernatural phenomenon around him. But as he notices his sister is frequently comes back home late, he decided to stalk her, only to find out she is doing her duties exorcising evil Youkai alongside her friends Touma and Akinori, and running a Yo-Kai detective agency. With their secret revealed to him, Natsume decided to let him tag along in her activities as they investigate Youkai crimes and take on evil Youkai to maintain peace all over the city. (Source: Wiki)","['Prequel (Movie) Youkai Watch Movie 4: Shadow Side - Oni-ou no Fukkatsu', 'Sequel (TV) Youkai Watch!']",Youkai Watch: Shadow Side,Yo-kai Watch: Shadowside,"['Comedy', 'Supernatural']",['Mythology'],
62,こねこのチー ポンポンらー大旅行,,Kleine Katze Chi Staffel 2,La Dulce Aventura de Chi Temporada 2,Chi: Mon Chaton Saison 2,['TV'],25,Finished Airing,"Apr 8, 2018 to Sep 30, 2018",['Spring 2018'],Sundays at 07:00 (JST),"None found,","None found,",['Marza Animation Planet'],Original,['Slice of Life'],,,12 min. per ep.,G - All Ages,6.45,#7399,#10828,"2,760",1,803,"The second season of Koneko no Chii: Ponponra Daibouken is an original story written by mangaka Kanata Konami with ""travel"" as theme.","['Prequel (TV) Koneko no Chi: Ponponra Daibouken', 'Sequel (ONA) Koneko no Chi: Ponponraa Natsuyasumi']",Koneko no Chi: Ponponra Dairyokou,,,['Pets'],
63,テレビ野郎 ナナーナ,Wacky TV Na Na Na,Wacky TV Na Na Na,Wacky TV Nanana,Wacky TV Na Na Na,['TV'],24,Finished Airing,"Apr 6, 2018 to Sep 14, 2018",['Spring 2018'],Fridays at 21:54 (JST),"None found,","None found,",['Studio Crocodile'],Original,,,,3 min. per ep.,PG-13 - Teens 13 or older,6.39,#7764,#11692,"2,139",8,890,"After the administrative board at TV Nanaana cancels the network's most popular show for ""indecency,'' the station's film crew—team leader Nanaoka, cameraman Nanamori, and audio specialist Nanayama—boldly take on the daunting task of documenting the rare animal known as the Kiina to save the company from bankruptcy. However, they are not the only ones on the hunt; the rival film crew at Bubble TV and their deep-pocketed producer Zakibana have their sights set on obtaining the once-in-a-lifetime story as well. Braving the remote South American jungle of Ecuana, Nanaoka, Nanamori, and Nanayama must travel far and wide to film a nature documentary on the elusive animal before their competition can—because their very jobs depend on it! [Written by MAL Rewrite]","['Sequel (TV) TV Yarou Nanaana: Wakuwaku Doukutsu Land', '']",TV Yarou Nanaana,"Televi Yarou Nanana, TV Yarou Nana-na","['Adventure', 'Comedy']",['Workplace'],
64,パズドラ,Puzzle & Dragon,,,,['TV'],Unknown,Currently Airing,"Apr 2, 2018 to ?",['Spring 2018'],Mondays at 18:25 (JST),['Akatsuki'],"None found,",['Pierrot'],Game,,,['Kids'],24 min.,PG - Children,5.83,#10774,#12388,"1,702",6,147,"The story is set in modern day Japan following the growth of the protagonist Taiga Akashi, an elementary school kid who wants to be a professional gamer someday. (Source: Crunchyroll)",[],Puzzle & Dragon,PazuDora,,['Strategy Game'],
65,デュエル・マスターズ!,,,,,['TV'],51,Finished Airing,"Apr 1, 2018 to Mar 31, 2019",['Spring 2018'],Sundays at 08:30 (JST),"None found,","None found,",['Ascension'],Original,,,['Kids'],24 min. per ep.,G - All Ages,5.84,#10739,#12557,"1,617",4,321,No synopsis information has been added to this title. Help improve our database by adding a synopsis here.,"['Prequel (TV) Duel Masters (2017)', 'Sequel (TV) Duel Masters!!', 'Adaptation (Manga) Duel Masters', '']",Duel Masters!,,"['Action', 'Adventure', 'Comedy', 'Fantasy']",,
66,おしりたんてい,,,,,['TV'],10,Finished Airing,"May 3, 2018 to Aug 25, 2018",['Spring 2018'],Saturdays at 09:00 (JST),['NHK'],"None found,",['Toei Animation'],Picture book,,,['Kids'],19 min. per ep.,PG - Children,[],#20877,#14026,"1,068",1,,"A polite and meticulous super sleuth known as the Butt Detective solves a myriad of baffling mysteries, blowing raspberries in the face of crime. (Source: Netflix)","['Sequel (TV) Oshiri Tantei 2nd Season', '']",Oshiri Tantei,Butt Detective,"['Comedy', 'Fantasy', 'Mystery']",,
67,少年アシベ GO! GO! ゴマちゃん 3,,Shonen Ashibe: Go! Go! Goma-chan Staffel 3,Shounen Ashibe: Go! Go! Goma-chan Temporada 3,Shonen Ashibe: Go! Go! Goma-chan Saison 3,['TV'],32,Finished Airing,"Apr 3, 2018 to Feb 26, 2019",['Spring 2018'],Tuesdays at 18:45 (JST),"None found,","None found,","['Bridge', 'Husio Studio', 'Studio Palette']",['4-koma manga'],,,['Seinen'],9 min. per ep.,G - All Ages,5.76,#11130,#14712,887,2,258,Third season of Shounen Ashibe: Go! Go! Goma-chan.,"['Prequel (TV) Shounen Ashibe: Go! Go! Goma-chan 2', 'Sequel (TV) Shounen Ashibe: Go! Go! Goma-chan 4', 'Adaptation (Manga) Shounen Ashibe', 'Adaptation (Manga) Shounen Ashibe: Go! Go! Goma-chan']",Shounen Ashibe: Go! Go! Goma-chan 3,Young Ashibe: Go! Go! Goma-chan 3,"['Comedy', 'Slice of Life']",['Pets'],
68,ねこねこ日本史 第3期,Meow Meow Japanese History,Meow Meow Japanese History Staffel 3,Historia Gatuna Japonesa (Neko Neko Nihonshi) Temporada 3,Meow Meow Japanese History Saison 3,['TV'],32,Finished Airing,"Apr 4, 2018 to Feb 27, 2019",['Spring 2018'],Unknown,['NHK'],"None found,",['Joker Films'],['Web manga'],,"['Anthropomorphic', 'Historical', 'Parody', 'Samurai']",['Kids'],9 min. per ep.,G - All Ages,6.25,#8549,#15058,800,1,200,Third season of Neko Neko Nihonshi.,"['Prequel (TV) Neko Neko Nihonshi 2nd Season', 'Sequel (TV) Neko Neko Nihonshi 4th Season', 'Adaptation (Manga) Neko Neko Nihonshi', '']",Neko Neko Nihonshi 3rd Season,,,,
69,うさぎのマシュー,Matthew the Rabbit,,,,['TV'],52,Finished Airing,"Apr 5, 2018 to Apr 4, 2019",['Spring 2018'],Thursdays at 21:54 (JST),"None found,","None found,",['Kachidoki Studio'],['Manga'],['Slice of Life'],,,1 min. per ep.,G - All Ages,[],#15159,#15088,794,1,,"The story centers on Matthew, a daydreaming worrywart of a rabbit. Matthew also has two friends: Keron, a pessimistic frog who is fond of good-luck charms; and Ham, a hamster of few words and who moves through life at his own pace. The story follows the three animals' everyday lives within a mysterious forest. (Source: ANN)",[],Usagi no Matthew,,,,
70,俺たちゃ妖怪人間G,,,,,['TV'],26,Finished Airing,"Apr 5, 2018 to Sep 27, 2018",['Spring 2018'],Thursdays at 02:05 (JST),"None found,","None found,",['DLE'],Original,['Horror'],"['Mythology', 'Parody']",,2 min. per ep.,PG-13 - Teens 13 or older,5.60,#11817,#15256,750,2,130,No synopsis information has been added to this title. Help improve our database by adding a synopsis here.,"['Prequel (TV) Oretacha Youkai Ningen', '']",Oretacha Youkai Ningen G,,,,
71,黒猫モンロヲ,,,,,['TV'],23,Finished Airing,"Apr 17, 2018 to Sep 25, 2018",['Spring 2018'],Tuesdays at 02:46 (JST),"None found,","None found,","None found,",['Manga'],['Comedy'],,,4 min. per ep.,G - All Ages,[],#19678,#15416,717,2,,"The series follows the black cat Monroe and the human Yoppy and their ""normal and special everyday lives."" (Source: ANN)",[],Kuroneko Monroe,Black Cat Monroe,,['Pets'],
72,超智能足球2 世界大赛篇,AI Football GGO 2,,,,['TV'],52,Finished Airing,"Mar 15, 2018 to Jun 21, 2018",['Spring 2018'],Unknown,"None found,","None found,","None found,",Original,['Sports'],,,24 min. per ep.,G - All Ages,6.72,#5757,#16370,575,3,272,No synopsis information has been added to this title. Help improve our database by adding a synopsis here.,"['Prequel (TV) Chao Zhi Neng Zu Qiu', '']",Chao Zhi Neng Zu Qiu 2: Shijie Dasai Pian,,,['Team Sports'],
73,ケッケロケー,,,,,['TV'],13,Finished Airing,"Apr 5, 2018 to Jun 28, 2018",['Spring 2018'],Unknown,"['Production I.G', 'Anime Beans']","None found,",['Kachidoki Studio'],Original,['Comedy'],,,1 min. per ep.,G - All Ages,[],#19362,#17160,489,0,,The anime follows the frogs Kekkero and Ke who try to find their 998 other siblings. (Source: ANN),[],Kekkero Ke,Kekkeroke,,,
74,ディッキー&カリーナ 2ndシーズン,Caribadix 2nd Season,,,,['TV'],39,Finished Airing,"Apr 1, 2018 to Jan 6, 2019",['Spring 2018'],Sundays at Unknown,"None found,","None found,","None found,",Original,['Comedy'],,,45 sec. per ep.,PG - Children,[],#17143,#18376,391,0,,No synopsis information has been added to this title. Help improve our database by adding a synopsis here.,"['Prequel (TV) Caribadix', '']",Caribadix 2nd Season,"Deeky and Carina 2nd Season, Deeky & Carina 2nd Season",,['Music'],
75,キャラとおたまじゃくし島,,,,,['TV'],40,Finished Airing,"Apr 2, 2018 to Jan 28, 2019",['Spring 2018'],Mondays at 10:15 (JST),"['Dentsu', 'NHK']","None found,",['33 Collective'],Original,,,['Kids'],5 min. per ep.,G - All Ages,[],#17229,#18701,366,0,,"The anime is set on the titular Musical Note Island, where the god of music is said to reside. The island is home to ""instrument animals,"" who are born from music energy, and have parts of their body composed of a musical instrument. One day, a witch arrives at the island. The warrior girl Cara must go on a journey to defeat the witch and win back the peace on the island. (Source: ANN)",[],Chara to Otamajakushi Shima,,"['Adventure', 'Fantasy']",,
76,猪猪侠 竞球小英雄,GG Bond Season 14: Dodgeball Legend,,,,['TV'],104,Finished Airing,"May 18, 2018 to Mar 28, 2019",['Spring 2018'],Unknown,"None found,","None found,","None found,",Original,,,['Kids'],15 min. per ep.,G - All Ages,[],#16365,#18768,360,0,,"In honor of the 2018 World Cup, this season of GG Bond focuses on sports team competition, team spirit, and personal growth as they compete in the Meteor League.","['Prequel (TV) Zhu Zhu Xia: Chao Xing Meng Chong', 'Sequel (TV) Zhu Zhu Xia: Konglong Riji', 'Sequel (TV) Zhu Zhu Xia: Shenhai Xiao Yingxiong', '']",Zhu Zhu Xia: Jing Qiu Xiao Yingxiong,GG Bond 14,"['Sci-Fi', 'Sports']",['Super Power'],
77,わしも-wasimo-(第6シリーズ),,,,,['TV'],42,Finished Airing,"Apr 2, 2018 to Jan 7, 2019",['Spring 2018'],Unknown,"None found,","None found,","None found,",Picture book,,,['Kids'],10 min. per ep.,G - All Ages,[],#15261,#19932,289,0,,Sixth season of the Washimo series.,"['Prequel (TV) Washimo 5th Season', 'Sequel (TV) Washimo 7th Season']",Washimo 6th Season,Wasimo 6,"['Comedy', 'Sci-Fi', 'Slice of Life']",['School'],
78,聪明的顺溜 第二季,Eagle Boy 2,,,,['TV'],52,Finished Airing,"May 25, 2018 to Jul 15, 2018",['Spring 2018'],Unknown,"None found,","None found,","None found,",Original,,,,13 min. per ep.,PG-13 - Teens 13 or older,[],#17423,#23482,123,0,,No synopsis information has been added to this title. Help improve our database by adding a synopsis here.,"['Prequel (ONA) Congming De Shunliu', '']",Congming De Shunliu 2nd Season,,"['Action', 'Adventure', 'Sci-Fi']",['Military'],
79,미니특공대 X,,,,,['TV'],26,Finished Airing,"May 30, 2018 to Aug 23, 2018",['Spring 2018'],Unknown,"None found,","None found,",['SAMG Entertainment'],Original,['Action'],"['Anthropomorphic', 'Mecha']",['Kids'],11 min. per ep.,PG - Children,[],#20277,#23636,119,0,,No synopsis information has been added to this title. Help improve our database by adding a synopsis here.,"['Sequel (TV) Miniforce X Part 2', '']",Miniforce X,,,,
80,少年师爷之神秘大盗,,,,,['TV'],26,Finished Airing,"Apr 24, 2018 to May 14, 2018",['Spring 2018'],Unknown,"None found,","None found,","None found,",Original,,,['Kids'],14 min. per ep.,PG - Children,[],#14062,#23915,113,0,,No synopsis information has been added to this title. Help improve our database by adding a synopsis here.,"['Prequel (TV) Shaonian Shiye: Ji Yu Shengdian', 'Sequel (TV) Shaonian Shiye: Duanan Chuanqi']",Shaonian Shiye: Shenmi Dadao,,,['Historical'],
81,헬로 카봇 시즌6,,,,,['TV'],26,Finished Airing,"Apr 7, 2018 to Oct 13, 2018",['Spring 2018'],Unknown,"None found,","None found,","None found,",Original,['Action'],"['Mecha', 'Racing']",['Kids'],11 min. per ep.,PG - Children,[],#18507,#23733,117,0,,No synopsis information has been added to this title. Help improve our database by adding a synopsis here.,"['Prequel (TV) Hello Carbot Season 5', 'Sequel (TV) Hello Carbot Season 7']",Hello Carbot Season 6,,,,
82,少年师爷之断案传奇,,,,,['TV'],26,Finished Airing,"May 15, 2018 to May 31, 2018",['Spring 2018'],Unknown,"None found,","None found,","None found,",Original,,,['Kids'],14 min. per ep.,PG - Children,[],#14057,#24005,111,0,,No synopsis information has been added to this title. Help improve our database by adding a synopsis here.,"['Prequel (TV) Shaonian Shiye: Shenmi Dadao', 'Sequel (TV) Shaonian Shiye: Zhihui Si Lu']",Shaonian Shiye: Duanan Chuanqi,,,['Historical'],
83,다이노코어 에볼루션,,,,,['TV'],13,Finished Airing,"Mar 17, 2018 to Jun 16, 2018",['Spring 2018'],Unknown,"None found,","None found,","None found,",Other,['Action'],,['Kids'],11 min. per ep.,PG - Children,[],#17643,#24025,110,0,,No synopsis information has been added to this title. Help improve our database by adding a synopsis here.,"['Prequel (TV) DinoCore Season 3', 'Sequel (TV) DinoCore Evolution Part 2']",DinoCore Evolution,,,['Mecha'],
84,쥬라기 캅스,Jurassic Cops,,,,['TV'],30,Finished Airing,"May 5, 2018 to Feb 9, 2019",['Spring 2018'],Unknown,"None found,","None found,","None found,",Original,['Action'],,['Kids'],11 min. per ep.,PG - Children,[],#19149,#27303,67,0,,No synopsis information has been added to this title. Help improve our database by adding a synopsis here.,"['Sequel (TV) Jyulagi Cops: Jura King', '']",Jyulagi Cops,,,['Mecha'],
85,토이캅 시즌 2,,,,,['TV'],26,Finished Airing,"Apr 12, 2018 to Jul 5, 2018",['Spring 2018'],Unknown,"None found,","None found,","None found,",Original,,,['Kids'],5 min. per ep.,PG - Children,[],#14995,#27761,60,0,,No synopsis information has been added to this title. Help improve our database by adding a synopsis here.,"['Prequel (TV) Toy Cop', '']",Toy Cop Season 2,,"['Adventure', 'Fantasy']",,
86,ONE PIECE,One Piece,,,,['TV'],Unknown,Currently Airing,"Oct 20, 1999 to ?",['Fall 1999'],Sundays at 09:30 (JST),"['Fuji TV', 'TAP', 'Shueisha']","['Funimation', '4Kids Entertainment']",['Toei Animation'],['Manga'],,,['Shounen'],24 min.,PG-13 - Teens 13 or older,8.73,#51,#17,"2,494,583","234,514",1418403,"Barely surviving in a barrel after passing through a terrible whirlpool at sea, carefree Monkey D. Luffy ends up aboard a ship under attack by fearsome pirates. Despite being a naive-looking teenager, he is not to be underestimated. Unmatched in battle, Luffy is a pirate himself who resolutely pursues the coveted One Piece treasure and the King of the Pirates title that comes with it. The late King of the Pirates, Gol D. Roger, stirred up the world before his death by disclosing the whereabouts of his hoard of riches and daring everyone to obtain it. Ever since then, countless powerful pirates have sailed dangerous seas for the prized One Piece only to never return. Although Luffy lacks a crew and a proper ship, he is endowed with a superhuman ability and an unbreakable spirit that make him not only a formidable adversary but also an inspiration to many. As he faces numerous challenges with a big smile on his face, Luffy gathers one-of-a-kind companions to join him in his ambitious endeavor, together embracing perils and wonders on their once-in-a-lifetime adventure. [Written by MAL Rewrite]","['Adaptation (Manga) One Piece', 'Adaptation (Light Novel) One Piece: Loguetown-hen']",One Piece,OP,"['Action', 'Adventure', 'Fantasy']",,
87,ブラッククローバー,Black Clover,,,,['TV'],170,Finished Airing,"Oct 3, 2017 to Mar 30, 2021",['Fall 2017'],Tuesdays at 18:25 (JST),"['TV Tokyo', 'Avex Pictures', 'Shueisha']","['Funimation', 'Crunchyroll']",['Pierrot'],['Manga'],,,['Shounen'],23 min. per ep.,PG-13 - Teens 13 or older,8.14,#474,#57,"1,770,648","48,440",909467,"Asta and Yuno were abandoned at the same church on the same day. Raised together as children, they came to know of the ""Wizard King""—a title given to the strongest mage in the kingdom—and promised that they would compete against each other for the position of the next Wizard King. However, as they grew up, the stark difference between them became evident. While Yuno is able to wield magic with amazing power and control, Asta cannot use magic at all and desperately tries to awaken his powers by training physically. When they reach the age of 15, Yuno is bestowed a spectacular Grimoire with a four-leaf clover, while Asta receives nothing. However, soon after, Yuno is attacked by a person named Lebuty, whose main purpose is to obtain Yuno's Grimoire. Asta tries to fight Lebuty, but he is outmatched. Though without hope and on the brink of defeat, he finds the strength to continue when he hears Yuno's voice. Unleashing his inner emotions in a rage, Asta receives a five-leaf clover Grimoire, a ""Black Clover"" giving him enough power to defeat Lebuty. A few days later, the two friends head out into the world, both seeking the same goal—to become the Wizard King! [Written by MAL Rewrite]","['Adaptation (Manga) Black Clover', '']",Black Clover,,"['Action', 'Fantasy']",,
88,ダーリン・イン・ザ・フランキス,DARLING in the FRANXX,Darling in the Franxx,Darling in The FranXX,,['TV'],24,Finished Airing,"Jan 13, 2018 to Jul 7, 2018",['Winter 2018'],Saturdays at 23:30 (JST),"['Aniplex', 'Khara', 'Movic', 'Half H.P Studio', 'Ultra Super Pictures', 'Lucent Pictures Entertainment', 'Tokyo MX', 'Nagoya Broadcasting Network', 'Asahi Broadcasting', 'BS11', 'Lawson', 'ABC Animation', 'Rialto Entertainment']",['Funimation'],"['A-1 Pictures', 'Trigger', 'CloverWorks']",Original,,,,24 min. per ep.,PG-13 - Teens 13 or older,7.19,#3416,#59,"1,719,623","33,000",1061453,"In the distant future, humanity has been driven to near-extinction by giant beasts known as Klaxosaurs, forcing the surviving humans to take refuge in massive fortress cities called Plantations. Children raised here are trained to pilot giant mechas known as FranXX—the only weapons known to be effective against the Klaxosaurs—in boy-girl pairs. Bred for the sole purpose of piloting these machines, these children know nothing of the outside world and are only able to prove their existence by defending their race. Hiro, an aspiring FranXX pilot, has lost his motivation and self-confidence after failing an aptitude test. Skipping out on his class' graduation ceremony, Hiro retreats to a forest lake, where he encounters a mysterious girl with two horns growing out of her head. She introduces herself by her codename Zero Two, which is known to belong to an infamous FranXX pilot known as the ""Partner Killer."" Before Hiro can digest the encounter, the Plantation is rocked by a sudden Klaxosaur attack. Zero Two engages the creature in her FranXX, but it is heavily damaged in the skirmish and crashes near Hiro. Finding her partner dead, Zero Two invites Hiro to pilot the mecha with her, and the duo easily defeats the Klaxosaur in the ensuing fight. With a new partner by his side, Hiro has been given a chance at redemption for his past failures, but at what cost? [Written by MAL Rewrite]","['Adaptation (Manga) Darling in the FranXX', '']",Darling in the FranXX,,"['Action', 'Drama', 'Romance', 'Sci-Fi']",['Mecha'],
89,七つの大罪 戒めの復活,The Seven Deadly Sins: Revival of the Commandments,The Seven Deadly Sins,The Seven Deadly Sins: La Resurrección de los Diez Mandamientos,The Seven Deadly Sins,['TV'],24,Finished Airing,"Jan 13, 2018 to Jun 30, 2018",['Winter 2018'],Saturdays at 06:30 (JST),"['Aniplex', 'Dentsu', 'Mainichi Broadcasting System', 'Kodansha', 'Movic']","None found,",['A-1 Pictures'],['Manga'],,,['Shounen'],24 min. per ep.,PG-13 - Teens 13 or older,7.55,#1779,#134,"1,164,100","3,724",724667,"The fierce battle between Meliodas, the captain of the Seven Deadly Sins, and the Great Holy Knight Hendrickson has devastating consequences. Armed with the fragments necessary for the revival of the Demon Clan, Hendrickson breaks the seal, allowing the Commandments to escape, all of whom are mighty warriors working directly under the Demon King himself. Through a mysterious connection, Meliodas instantly identifies them; likewise, the 10 Commandments, too, seem to sense his presence. As the demons leave a path of destruction in their wake, the Seven Deadly Sins must find a way to stop them before the Demon Clan drowns Britannia in blood and terror. [Written by MAL Rewrite]","['Prequel (TV) Nanatsu no Taizai: Seisen no Shirushi', 'Prequel (Special) Nanatsu no Taizai: Imashime no Fukkatsu Joshou', 'Sequel (TV) Nanatsu no Taizai: Kamigami no Gekirin', 'Adaptation (Manga) Nanatsu no Taizai']",Nanatsu no Taizai: Imashime no Fukkatsu,Seven Deadly Sins Season 2,"['Action', 'Adventure', 'Fantasy']",,
90,BORUTO -NARUTO NEXT GENERATIONS-,Boruto: Naruto Next Generations,,,,['TV'],293,Finished Airing,"Apr 5, 2017 to Mar 26, 2023",['Spring 2017'],Sundays at 17:30 (JST),"['TV Tokyo', 'Aniplex', 'Rakuonsha', 'Shueisha']",['VIZ Media'],['Pierrot'],['Manga'],,,['Shounen'],23 min. per ep.,PG-13 - Teens 13 or older,6.00,#9908,#208,"895,097","7,372",456857,"Following the successful end of the Fourth Shinobi World War, Konohagakure has been enjoying a period of peace, prosperity, and extraordinary technological advancement. This is all due to the efforts of the Allied Shinobi Forces and the village's Seventh Hokage, Naruto Uzumaki. Now resembling a modern metropolis, Konohagakure has changed, particularly the life of a shinobi. Under the watchful eye of Naruto and his old comrades, a new generation of shinobi has stepped up to learn the ways of the ninja. Boruto Uzumaki is often the center of attention as the son of the Seventh Hokage. Despite having inherited Naruto's boisterous and stubborn demeanor, Boruto is considered a prodigy and is able to unleash his potential with the help of supportive friends and family. Unfortunately, this has only worsened his arrogance and his desire to surpass Naruto which, along with his father's busy lifestyle, has strained their relationship. However, a sinister force brewing within the village may threaten Boruto's carefree life. New friends and familiar faces join Boruto as a new story begins. [Written by MAL Rewrite]","['Prequel (TV) Naruto: Shippuuden', 'Sequel (TV) Boruto: Naruto Next Generations Part 2', 'Adaptation (Manga) Naruto Gaiden: Nanadaime Hokage to Akairo no Hanatsuzuki', 'Adaptation (Manga) Boruto: Naruto Next Generations']",Boruto: Naruto Next Generations,,"['Action', 'Adventure', 'Fantasy']",['Martial Arts'],
91,斉木楠雄のΨ難 2,The Disastrous Life of Saiki K. 2,,The Disastrous Life of Saiki K. Temporada 2,,['TV'],24,Finished Airing,"Jan 17, 2018 to Jun 27, 2018",['Winter 2018'],Wednesdays at 01:35 (JST),"['TV Tokyo', 'Shogakukan-Shueisha Productions', 'Nippon Columbia', 'KlockWorx', 'Asmik Ace', 'Bandai Namco Entertainment', 'Shueisha', ""Toy's Factory"", 'Dear Stage inc.']","None found,","['J.C.Staff', 'Egg Firm']",['Manga'],['Comedy'],"['Gag Humor', 'School', 'Super Power']",['Shounen'],24 min. per ep.,PG-13 - Teens 13 or older,8.41,#194,#326,"676,899","4,322",405070,"The disastrous life of the gifted psychic Kusuo Saiki continues, despite his utmost effort to live an ordinary life. Although he has certainly grown accustomed to dealing with his troublesome friends—who are his biggest hurdle to achieving a peaceful life—he still has a long way to go. Also joining the usual oddballs are a few new faces whose shenanigans add to Saiki's misery, making his dreams of a hassle-free life a distant fantasy. [Written by MAL Rewrite]","['Prequel (TV) Saiki Kusuo no Ψ-nan', 'Sequel (TV Special) Saiki Kusuo no Ψ-nan: Kanketsu-hen', 'Adaptation (Manga) Saiki Kusuo no Ψ-nan', '']",Saiki Kusuo no Ψ-nan 2,Saiki Kusuo no Psi Nan 2,,,
92,名探偵コナン,Case Closed,Case Closed,,,['TV'],Unknown,Currently Airing,"Jan 8, 1996 to ?",['Winter 1996'],Saturdays at 18:00 (JST),"['Yomiuri Telecasting', 'Shogakukan', 'Audio Planning U', 'Tokyo Movie', 'Polydor Records']","['Funimation', 'Crunchyroll']",['TMS Entertainment'],['Manga'],,,['Shounen'],24 min.,PG-13 - Teens 13 or older,8.17,#433,#704,"360,644","15,327",164257,"Shinichi Kudou, a high school student of astounding talent in detective work, is well known for having solved several challenging cases. One day, when Shinichi spots two suspicious men and decides to follow them, he inadvertently becomes witness to a disturbing illegal activity. Unfortunately, he is caught in the act, so the men dose him with an experimental drug formulated by their criminal organization, leaving him to his death. However, to his own astonishment, Shinichi lives to see another day, but now in the body of a seven-year-old child. Perfectly preserving his original intelligence, he hides his real identity from everyone, including his childhood friend Ran Mouri and her father, private detective Kogorou Mouri. To this end, he takes on the alias of Conan Edogawa, inspired by the mystery writers Arthur Conan Doyle and Ranpo Edogawa. Shinichi, as Conan, starts secretly solving the senior Mouri's cases from behind the scenes with his still exceptional sleuthing skills, while covertly investigating the organization responsible for his current state, hoping to reverse the drug's effects someday. [Written by MAL Rewrite]","['Adaptation (Manga) Meitantei Conan', '']",Meitantei Conan,Detective Conan,"['Adventure', 'Comedy', 'Mystery']",['Detective'],
93,グランクレスト戦記,Record of Grancrest War,Record of Grancrest War,Record of Grancrest War,Record of Grancrest War,['TV'],24,Finished Airing,"Jan 6, 2018 to Jun 23, 2018",['Winter 2018'],Saturdays at 00:00 (JST),"['Aniplex', 'Bandai Namco Entertainment', 'Good Smile Company', 'BS11', 'ABC Animation', 'Kinoshita Group Holdings', 'Kadokawa', 'Cromea', 'Sonilude']",['Aniplex of America'],['A-1 Pictures'],['Light novel'],,,,23 min. per ep.,R - 17+ (violence & profanity),7.22,#3260,#787,"327,806","1,363",138496,"The continent of Atlatan once again finds itself devoured by the flames of war after a horrific event known as the Great Hall Tragedy. What was supposed to be a joyful occasion that would establish peace between the Fantasia Union and the Factory Alliance, the marriage of Sir Alexis Douse and Lady Marrine Kreische, was instead a tragedy. As the bride and groom walked down the aisle, the ceremony was suddenly interrupted by a powerful convergence of ""Chaos,"" a dark energy from another dimension that corrupts the land and brings forth monsters and demons into the world. From within that energy appeared the Demon Lord of Diabolos, an evil being who instantly murdered the archdukes of both factions, shattering any hope for peace between them. Having failed to prevent this disaster, Siluca Meletes, an Alliance mage, is traveling through the Chaos-infested countryside to study under a master magician. When she is intercepted by a group of soldiers working with the Federation, Siluca is rescued by Theo Cornaro, a young warrior carrying a mysterious ""Crest,"" a magical symbol that gives its wielder the ability to banish Chaos. Bearing no allegiance to a specific domain, Theo hopes to attain the rank of Lord so that he can liberate his home town of Sistina from its tyrannical ruler and the Chaos spreading within it. Impressed by his noble goal, Siluca enters into a magical contract with Theo, and the two embark on a journey to restore balance to their war-torn land. [Written by MAL Rewrite]","['Adaptation (Manga) Grancrest Senki', 'Adaptation (Light Novel) Grancrest Senki']",Grancrest Senki,,"['Action', 'Adventure', 'Drama', 'Fantasy', 'Romance']",['Military'],
94,BEATLESS,Beatless,,Sin Latidos,,['TV'],20,Finished Airing,"Jan 13, 2018 to Jun 30, 2018",['Winter 2018'],Saturdays at 01:55 (JST),"['Kadokawa Shoten', 'Mainichi Broadcasting System', 'Sony Music Entertainment', 'Good Smile Company', 'Animatic']","None found,",['Diomedéa'],['Light novel'],,,,24 min. per ep.,PG-13 - Teens 13 or older,6.22,#8742,#1413,"178,087",494,55648,"With great advancements in technology, mankind has created hIEs, human-like robots that act as public and personal servants for society. Unlike many others, the kind-hearted high school student Arato Endou treats hIEs as equals, but his financial situation keeps him from ever owning one. However, his normal life is shattered when an ordinary run to the local grocery store goes horribly awry. Viciously assaulted by a hacked hIE, Arato is on the verge of death; but luckily, he is saved by an abnormal hIE carrying a weaponized coffin. Her name is Lacia, one of five highly advanced hIEs that recently escaped the clutches of the mysterious MemeFrame Corporation. Faced with a hacked car threatening to run them over, Lacia offers Arato a deal: in exchange for saving his life, he must register as her new owner, thus taking full responsibility for her actions. With little choice, he decides to trust this artificial girl and allows her to live in his home. Though Lacia begins to adapt to her new, peaceful lifestyle, she warns the entranced Arato of one thing—she does not have a soul. [Written by MAL Rewrite]","['Sequel (TV) Beatless Final Stage', 'Adaptation (Manga) Beatless: Dystopia', 'Adaptation (Light Novel) Beatless', '']",Beatless,,"['Action', 'Drama', 'Romance', 'Sci-Fi']",,
95,カードキャプターさくら クリアカード編,Cardcaptor Sakura: Clear Card,Cardcaptor Sakura Clear Card,Cardcaptor Sakura Clear Card,Cardcaptor Sakura: Clear Card,['TV'],22,Finished Airing,"Jan 7, 2018 to Jun 10, 2018",['Winter 2018'],Sundays at 07:30 (JST),"['NHK', 'Kodansha', 'NHK Enterprises']",['Funimation'],['Madhouse'],['Manga'],,,['Shoujo'],25 min. per ep.,PG - Children,7.66,#1397,#1858,"128,187",694,48339,"With all of the Clow Cards recaptured and changed into her own Sakura Cards, Sakura Kinomoto now enters her first year at Tomoeda Middle School. After her initial day of classes, Sakura reunites with her love Shaoran Li, who informs her that he is permanently moving back to Tomoeda. Much to her surprise, it even turns out that Shaoran will attend the same school and it seems as if Sakura's life is heading in all the right directions. However, when Sakura goes to sleep, she encounters in her dream a mysterious cloaked figure and finds herself surrounded by transparent cards. Waking up in fear, Sakura is shocked to see her dream has come true, with the Sakura Cards having turned clear. Continued dreamlike encounters with the unknown enemy and her gaining a new magical key sets the stage for Cardcaptor Sakura's latest adventure! [Written by MAL Rewrite]","['Prequel (Movie) Cardcaptor Sakura Movie 2: Fuuin Sareta Card', 'Prequel (OVA) Cardcaptor Sakura: Clear Card-hen Prologue - Sakura to Futatsu no Kuma', 'Sequel (Unknown) Cardcaptor Sakura: Clear Card-hen (Zoku-hen)', 'Adaptation (Manga) Cardcaptor Sakura: Clear Card-hen']",Cardcaptor Sakura: Clear Card-hen,Cardcaptor Sakura: Clear Card-hen,"['Adventure', 'Comedy', 'Romance']",['Mahou Shoujo'],
96,ポケットモンスター サン＆ムーン,Pokémon the Series: Sun & Moon,Pokémon Die TV-Serie: Sonne und Mond Staffel 20,Pokémon Serie: Sol y Luna Temporada 20,Pokémon La Serie: Soleil et Lune Saison 20,['TV'],146,Finished Airing,"Nov 17, 2016 to Nov 3, 2019",['Fall 2016'],Sundays at 18:00 (JST),"['TV Tokyo', 'Shogakukan-Shueisha Productions']",['The Pokemon Company International'],['OLM'],Game,,"['School', 'Strategy Game']",['Kids'],24 min. per ep.,PG - Children,6.95,#4611,#1922,"122,069",595,65598,"After his mother wins a free trip to the islands, Pokémon trainer Satoshi and his partner Pikachu head for Melemele Island of the beautiful Alola region, which is filled with lots of new Pokémon and even variations of familiar faces. Eager to explore the island, Satoshi and Pikachu run wild with excitement, quickly losing their way while chasing after a Pokémon. The pair eventually stumbles upon the Pokémon School, an institution where students come to learn more about these fascinating creatures. At the school, when he and one of the students—the no-nonsense Kaki—have a run-in with the nefarious thugs of Team Skull, Satoshi discovers the overwhelming might of the Z-Moves, powerful attacks originating from the Alola region that require the trainer and Pokémon to be in sync. Later that night, he and Pikachu have an encounter with the guardian deity Pokémon of Melemele Island, the mysterious Kapu Kokeko. The Pokémon of legend bestows upon them a Z-Ring, a necessary tool in using the Z-Moves. Dazzled by their earlier battle and now in possession of a Z-Ring, Satoshi and Pikachu decide to stay behind in the Alola Region to learn and master the strength of these powerful new attacks. Enrolling in the Pokémon School, Satoshi is joined by classmates such as Lillie, who loves Pokémon but cannot bring herself to touch them, Kaki, and many others. Between attending classes, fending off the pesky Team Rocket—who themselves have arrived in Alola to pave the way for their organization's future plans—and taking on the Island Challenge that is necessary to master the Z-Moves, Satoshi and Pikachu are in for an exciting new adventure. [Written by MAL Rewrite]","['Prequel (TV) Pokemon XY&Z', 'Sequel (TV) Pokemon (2019)']",Pokemon Sun & Moon,"Pocket Monsters Sun & Moon, Pokémon Sun & Moon","['Action', 'Fantasy']",,
97,クレヨンしんちゃん,Shin Chan,Shin Chan,Shin Chan,,['TV'],Unknown,Currently Airing,"Apr 13, 1992 to ?",['Spring 1992'],Fridays at 19:30 (JST),['TV Asahi'],['Funimation'],['Shin-Ei Animation'],['Manga'],,,['Seinen'],21 min.,G - All Ages,7.80,#1028,#2400,"88,018","1,330",42174,"There is no such thing as an uneventful day in the life of kindergartener Shinnosuke ""Shin-chan"" Nohara. The five-year-old is a cut above the most troublesome, perverted, and shameless kid one can imagine. Shin-chan is almost always engaged in questionable activities such as forgetting about a friend during hide and seek, sumo wrestling for love, performing various gags including the notorious ""elephant"" in public, and flirting with college girls. The exemplary troublemaker has done it all and has no plans to stop anytime soon. Crayon Shin-chan follows the daily shenanigans of Shin-chan with his group of friends, parading around as the self-proclaimed ""Kasukabe Defense Force."" The adults witnessing these shenanigans unfold can't help but adore Shin-chan, as he keeps them entertained while unintentionally solving their daily troubles through his mindless antics—leaving himself as the only problem they do not know what to do with. [Written by MAL Rewrite]","['Adaptation (Manga) Crayon Shin-chan', '']",Crayon Shin-chan,,"['Comedy', 'Ecchi']",['School'],
98,刀使ノ巫女,Katana Maidens: Toji no Miko,Katana Maidens: Toji No Miko,Katana Maidens: Toji no Miko,Katana Maidens: Toji no Miko,['TV'],24,Finished Airing,"Jan 5, 2018 to Jun 22, 2018",['Winter 2018'],Fridays at 21:30 (JST),"['Square Enix', 'Genco', 'Mainichi Broadcasting System', 'AT-X', 'Glovision', 'Crunchyroll', 'Kadokawa', 'My Theater D.D.']",['Funimation'],['Studio Gokumi'],Original,,,,23 min. per ep.,PG-13 - Teens 13 or older,6.79,#5387,#2501,"82,638",245,25090,"Throughout history, an elite group of shrine maidens known as ""Toji"" have saved the world from ""Aratama,"" strange and malevolent beings bent on destroying humanity. In modern times, these warriors have been assigned to a special police squad to exterminate Aratama. The government has also set up five elite schools across the country to provide young girls the necessary sword fighting skills to eradicate these monsters and eventually join their fellow Toji in protecting the world. A student of one of those five schools, Kanami Etou is chosen to represent Minoseki Academy in a sword fighting tournament, where she meets the mysterious Hiyori Juujou. Although Kanami and Hiyori rise to the top of the tournament, their battle takes an unexpected turn, throwing the world of the Toji into chaos. Likely that the Toji are facing betrayal from within, the two are forced to flee the tournament, clashing with former comrades on the way. [Written by MAL Rewrite]","['Sequel (OVA) Toji no Miko: Kizamishi Issen no Tomoshibi', 'Adaptation (Manga) Toji no Miko']",Toji no Miko,"Sword User Shrine Maiden, The Shrine Maiden Swordwielders","['Action', 'Fantasy']",['Urban Fantasy'],
99,アイドリッシュセブン,IDOLiSH7,,,,['TV'],17,Finished Airing,"Jan 7, 2018 to May 19, 2018",['Winter 2018'],Sundays at 22:30 (JST),"['Bandai Visual', 'Lantis', 'Bandai Namco Games']","None found,",['TROYCA'],Game,['Drama'],"['Idols (Male)', 'Music']",,24 min. per ep.,PG-13 - Teens 13 or older,7.69,#1331,#2650,"75,057","1,477",25301,"On her first day of work at her father's small production agency, Tsumugi Takanashi was not expecting to be made the manager of the agency's new male idol group. Though shocked that her father is trusting her with such a major project so soon, Tsumugi vows to do everything she can to support the seven young boys. After seeing how well the boys work as a team, Tsumugi meets with her father and learns that her first job as manager will be to cut four boys from the group. This is because her father believes seven idols are too much to manage, and the current top group, TRIGGER, only has three members. After holding an impromptu audition, Tsumugi returns to her father and boldly declares that she refuses to cut anyone from the group, as each member has a unique allure which collectively enhances the group's appeal. She returns to the boys and they are thrilled that none of them will get to miss out on their dreams. Together they become IDOLiSH7, and prepare to take on the fiercely competitive world of idols. [Written by MAL Rewrite]","['Sequel (TV) IDOLiSH7 Second Beat!', 'Adaptation (Manga) IDOLiSH7']",IDOLiSH7,"Idolish Seven, Ainana",,,
100,弱虫ペダル GLORY LINE,,,,,['TV'],25,Finished Airing,"Jan 9, 2018 to Jun 26, 2018",['Winter 2018'],Tuesdays at 02:05 (JST),"['TV Tokyo', 'MediaNet', 'TOHO animation', 'Akita Shoten']","None found,",['TMS Entertainment'],['Manga'],['Sports'],,['Shounen'],23 min. per ep.,PG-13 - Teens 13 or older,7.58,#1643,#2950,"62,502",100,29597,Fourth season of the Yowamushi Pedal series.,"['Prequel (TV) Yowamushi Pedal: New Generation', 'Sequel (TV) Yowamushi Pedal: Limit Break', 'Adaptation (Manga) Yowamushi Pedal', '']",Yowamushi Pedal: Glory Line,"Yowamushi Pedal 4th Season, Yowapeda 4th Season",,['Racing'],
101,灵契 2,Spiritpact: Bond of the Underworld,Spiritpact: Bond of The Underworld,Spiritpact: Bond of the Underworld,Spiritpact: Bond of the Underworld,['TV'],12,Finished Airing,"Feb 23, 2018 to May 11, 2018",['Winter 2018'],Saturdays at 21:00 (JST),['Tencent Animation & Comics'],"None found,",['Haoliners Animation League'],['Web manga'],,,,24 min. per ep.,PG-13 - Teens 13 or older,7.49,#2008,#3300,"50,616",231,20094,"In this new season, we will discover the backstory of Tanmoki and who will learn through his memories who was his ancestor Rakugetsu. (Source: ANN)","['Prequel (ONA) Ling Qi', '']",Ling Qi 2,"Spirit Pact: Yomi no Chigiri, Spirit Pact: Bond of the Underworld","['Action', 'Boys Love', 'Comedy', 'Supernatural']",,
102,遊戯王VRAINS,Yu-Gi-Oh! VRAINS,Yu-Gi-Oh! Vrains,Yu-Gi-Oh! Vrains,Yu-Gi-Oh! Vrains,['TV'],120,Finished Airing,"May 10, 2017 to Sep 25, 2019",['Spring 2017'],Wednesdays at 18:25 (JST),"['TV Tokyo', 'Nihon Ad Systems']",['Konami Cross Media NY'],['Gallop'],Card game,,,['Shounen'],24 min. per ep.,PG-13 - Teens 13 or older,6.70,#5912,#3340,"49,406",267,20295,"The world of Duel Monsters is once again evolving with the development of a network called Link Vrains and a new summoning mechanic introduced as Link Summoning. By using this cyberspace, duelists can now create their own avatars and duel their way to glory within a virtual reality. However, much like the real world, the digital world is not free from war, conflict, and mysteries. Years ago, a hacker organization known as the Knights of Hanoi unleashed an attack on Link Vrains. Led by the anonymous Revolver, their aim was to annihilate the artificial intelligence program known as the Cyberse. After a failed attempt, one of their targets, Ignis, managed to escape and hide the Cyberse somewhere in the network. Five years later, high school student Yuusaku Fujiki encounters a strange artificial intelligence program while dueling in Link Vrains. Under the guise of his avatar named Playmaker, Yuusaku and his partner in crime, Shouichi Kusanagi, decide to join forces with the peculiar existence. As he seeks the truth behind a mysterious incident of the past, Yuusaku battles against the Knights of Hanoi and SOL Technologies in a race that might alter the fate of the world. [Written by MAL Rewrite]",[],Yu☆Gi☆Oh! VRAINS,"Yuu Gi Ou!, Yugioh","['Action', 'Fantasy', 'Sci-Fi']",['Strategy Game'],
103,バジリスク ～桜花忍法帖～,Basilisk: The Ouka Ninja Scrolls,Basilisk: The Ouka Ninja Scrolls,Basilisk: The Ouka Ninja Scrolls,Basilisk: The Kôga Ninja Scrolls,['TV'],24,Finished Airing,"Jan 9, 2018 to Jun 19, 2018",['Winter 2018'],Tuesdays at 00:00 (JST),"['Kodansha', 'Glovision', 'King Records', 'Universal Entertainment']",['Funimation'],['Seven Arcs Pictures'],['Manga'],,"['Historical', 'Martial Arts']",['Seinen'],23 min. per ep.,R - 17+ (violence & profanity),5.55,#11953,#3757,"40,067",41,11251,"It has been 10 years since the war between the Iga and Kouga ninja clans came to an end. The two groups have since made peace, supposedly dispelling the animosity that once existed between them. Hachirou Kouga and Hibiki Iga, the successors of their respective bloodlines, seem to have the perfect conditions for their love to bloom, but not everyone is satisfied with the results of the age-old battle. Different tales of the final showdown between Gennosuke Kouga and Oboro Iga have spread, leaving Tadanaga Tokugawa—whom the Kouga represented—dissatisfied. As tension between the two clans rises once again, the brewing political climate threatens to keep the two fated lovers apart, just as it had in the previous generation. [Written by MAL Rewrite]","['Prequel (TV) Basilisk: Kouga Ninpou Chou', 'Adaptation (Manga) Basilisk: Ouka Ninpouchou']",Basilisk: Ouka Ninpouchou,,"['Action', 'Drama']",,
104,覇穹 封神演義,Hakyu Hoshin Engi,Hakyu Hoshin Engi,Hakyu Hoshin Engi,Hakyu Hoshin Engi,['TV'],23,Finished Airing,"Jan 12, 2018 to Jun 29, 2018",['Winter 2018'],Fridays at 22:00 (JST),"['NBCUniversal Entertainment Japan', 'i0+']",['Funimation'],['C-Station'],['Manga'],,,['Shounen'],23 min. per ep.,PG-13 - Teens 13 or older,5.39,#12458,#4980,"21,580",22,5579,"When his clan is wiped out by a beautiful demon, young Taikobo finds himself in charge of the mysterious Houshin Project. Its mission: find all immortals living in the human world and seal them away forever. But who do you trust—and whose side are you really on—when you've been trained to hunt demons by a demon? (Source: VIZ Media)","['Sequel (Special) Hakyuu Houshin Engi: Kou-ke no Chi', 'Adaptation (Manga) Houshin Engi']",Hakyuu Houshin Engi,,"['Action', 'Adventure', 'Fantasy']",['Mythology'],
105,ドラえもん (2005),,,,,['TV'],Unknown,Currently Airing,"Apr 22, 2005 to ?",['Spring 2005'],Fridays at 19:00 (JST),['TV Asahi'],"None found,",['Shin-Ei Animation'],['Manga'],,,,25 min.,PG - Children,7.72,#1247,#5000,"21,405",239,9584,"Doraemon (2005) is the most recent anime series based on Fujiko Fujio's manga of the same name. It is the 2005 version of 1979 series, with certain changes in the animation and other things. Doraemon is a cat-like robot who appears in the present to steer Nobita/Noby, who is a dumb, naive and clumsy boy on the right path in order to secure his future. Nobita's love interest is Shizuka Minamoto/Sue, his frenemies are Takeshi Goda/Big G and Suneo/Sneech. (Source: Wikipedia)","['Prequel (TV) Doraemon (1979)', 'Adaptation (Manga) Doraemon']",Doraemon (2005),,"['Comedy', 'Sci-Fi']",['Anthropomorphic'],"['Kids', 'Shounen']"
106,HuGっと！プリキュア,,,,,['TV'],49,Finished Airing,"Feb 4, 2018 to Jan 27, 2019",['Winter 2018'],Sundays at 08:30 (JST),"['Asahi Broadcasting', 'ABC Animation', 'Echoes']","None found,",['Toei Animation'],Original,['Action'],,,24 min. per ep.,G - All Ages,7.82,#996,#5308,"18,476",276,6224,"It's her first day at a new school, and the cheerful Hana Nono is ready to make a fresh start, dreaming of becoming mature and reliable—a far cry from her usual childish self. Although she makes a disastrous first impression, Hana soon befriends two of her classmates: the gentle and studious class representative Saaya Yakushiji, and a cool and mysterious girl Homare Kagayaki. That night, a magical baby falls from the sky right onto Hana's balcony. She is immediately smitten with her and names her Hug-tan. Alongside Hug-tan is a snarky talking hamster, Hariham Harry, who mutters that Hana ""isn't the one"" before vanishing with the baby. The next day, Hana believes the encounter to be a dream, until people all over the city begin collapsing and a giant monster appears, feeding on their energy. As Hana escapes, she spots Hug-tan and Harry under attack. Making a stand to protect them, she and Hug-tan suddenly both glow with energy and a heart-shaped gem forms. With the crystal's power, Hana transforms into a hero called ""Cure Yell"" and defeats the monster. Surprised at Hana's power, Harry explains that he and Hug-tan came from a future frozen in time by the Criasu Corporation, the same organization that created the monster. Only the Future Crystals, manifestations of one's hopes and dreams, and the Precure they create have a chance at defeating Criasu and saving the future! [Written by MAL Rewrite]","['Adaptation (Manga) Hug tto! Precure', '']",Hug tto! Precure,"Hugtto Precure, Hug! Pretty Cure",,['Mahou Shoujo'],
107,ぐでたま,The Lazy Egg,,,,['TV'],1717,Finished Airing,"Mar 31, 2014 to Dec 24, 2023",['Spring 2014'],Not scheduled once per week,['Sanrio'],"None found,",['Gathering'],Original,,,['Kids'],1 min. per ep.,G - All Ages,6.62,#6397,#5996,"13,397",60,2721,"Gudetama, an egg that is dead to the world and completely lacks motivation. No matter what cooking method you use, Gudetama remains unmoved. (Source: ANN)",[],Gudetama,,"['Comedy', 'Gourmet']",,
108,サザエさん,Mrs. Sazae,,,,['TV'],Unknown,Currently Airing,"Oct 5, 1969 to ?",['Fall 1969'],Sundays at 18:30 (JST),['Fuji TV'],"None found,",['Eiken'],['4-koma manga'],,,,24 min.,G - All Ages,6.14,#9128,#7128,"8,794",39,1934,"The main character is a mother named Sazae-san. She lives in a house with her husband, her kids and her parents. The show is the ultimate family program and tends to follow traditional themes. Think of this show as the Japanese equivalent to ""The Partridge Family"" and you'll get a good feel for this show's atmosphere. Don't expect to see things like violence, swearing, kung-fu action or magical girls. The plots are more like ""Today, Sazae-san goes to the new mall and gets lost"". Such ""boring"" plotlines and the simplistic art are often a turn-off to non-Japanese audiences, but most Japanese find the show incredibly good. As a result, it continues to be one of the top ratings grabbers on TV and is one of the few anime that is considered ""acceptable"" by adults. (Source: AniDB)","['Adaptation (Manga) Sazae-san', '']",Sazae-san,,"['Comedy', 'Slice of Life']",,
109,忍たま乱太郎,,,El Ninja Boy Rantaró,,['TV'],Unknown,Currently Airing,"Apr 10, 1993 to ?",['Spring 1993'],Not scheduled once per week,"['NHK', 'Sogo Vision', 'NHK Enterprises']","None found,","['Ajia-do', 'Gakken']",['Manga'],['Comedy'],,['Kids'],10 min.,G - All Ages,7.08,#4015,#7387,"8,012",77,2550,"Taking place in the Sengoku Period, Rantarou, Kirimaru and Shinbei are young students at Ninjutsu Academy, a school that teaches all kinds of youth how to become ninjas. Known as ""Nintamas"" (a contraction of ninja + tama [egg]), the main trio, and many other students at the school, must learn all sorts of unique skills to achieve their goal. Unfortunately, things aren't that simple, since our protagonists constantly find themselves failing their classes. With strict ninja teachers such as Doi-sensei and Yamada-sensei, the mischievous girls from the Kunoichi class, an entire crew of pirates and dozens more interesting characters, anything can happen in the crazy world of Nintama. The episodes are 7 minutes and thirty seconds long each, and each season (which there's currently 29 of) usually has a range of 60-90 episodes.","['Adaptation (Manga) Rakudai Ninja Rantarou', '']",Nintama Rantarou,"Ninja Boy Rantaro, Rakudaii Nintama Rantarou",,,
110,ちびまる子ちゃん,Little Miss Maruko,,Chibi Maruko-chan,,['TV'],Unknown,Currently Airing,"Jan 8, 1995 to ?",['Winter 1995'],Sundays at 18:00 (JST),"['Ajia-do', 'Fuji TV', 'Sakura Production']","None found,",['Nippon Animation'],['Manga'],['Comedy'],,['Shoujo'],23 min.,G - All Ages,7.34,#2628,#7920,"6,761",62,2180,"Momoko Sakura is an elementary school student who likes popular idol Momoe Yamaguchi and mangas. She is often called ""Chibi Maruko-chan"" due to her young age and small size. She lives together with her parents, her grandparents and her elder sister in a little town. In school, she has many friends with whom she studies and plays together everyday, including her close pal, Tama-chan; the student committee members, Maruo-kun and Migiwa-san; and the B-class trio: 'little master' Hanawa-kun, Hamaji-Bu Taro and Sekiguchi-kun. This is a fun-loving and enjoyable anime that portrays the simple things in life. (Source: ANN)","['Prequel (TV) Chibi Maruko-chan', 'Adaptation (Manga) Chibi Maruko-chan']",Chibi Maruko-chan (1995),Maruko-chan,,['School'],
111,新幹線変形ロボ シンカリオン THE ANIMATION,Bullet Train Transforming Robot Shinkalion The Animation,,,,['TV'],76,Finished Airing,"Jan 6, 2018 to Jun 29, 2019",['Winter 2018'],Saturdays at 07:00 (JST),"['Ajia-do', 'TBS']","None found,",['OLM'],Other,,,['Kids'],24 min. per ep.,PG - Children,6.79,#5383,#9088,"4,743",32,872,"Hayato Hayasugi (his last name is a pun on the words for ""too fast"") and other children will serve as conductors to pilot the Shinkalion. The Shinkalion robots are various models of real-life Japanese bullet trains (shinkansen) that transform into robots to fight an unknown evil to protect the safety and peace of Japan. The children must work together with the adults of the Shinkansen Ultra Evolution Institute (SUEI) to defeat a monster that looks like a jet black bullet train. (Source: TBS Global Business)","['Sequel (TV) Shinkansen Henkei Robo Shinkalion Z the Animation', '']",Shinkansen Henkei Robo Shinkalion The Animation,Transformable Shinkansen Robot Shinkalion,"['Action', 'Sci-Fi']",['Mecha'],
112,それいけ！アンパンマン,,,,,['TV'],Unknown,Currently Airing,"Oct 3, 1988 to ?",['Fall 1988'],Fridays at 16:20 (JST),"['Sotsu', 'Nippon Television Network']","None found,",['TMS Entertainment'],Picture book,,,['Kids'],24 min.,PG - Children,6.58,#6588,#9185,"4,604",31,1736,"One night, a Star of Life falls down the chimney of a bakery nestled deep in the forest, causing the dough in the oven to come to life. The dough becomes Anpanman, a superhero made of anpan (a sweet roll with bean jam filling). Together with his friends, Anpanman fights his rival Baikinman and helps the malnourished. (Source: ANN)",[],Sore Ike! Anpanman,"Soreike! Anpanman, Go! Anpanman, Anpanman TV","['Comedy', 'Fantasy']",,
113,かみさまみならい ヒミツのここたま,,,,,['TV'],139,Finished Airing,"Oct 1, 2015 to Jun 28, 2018",['Fall 2015'],Thursdays at 17:55 (JST),"['TV Tokyo', 'Lantis']","None found,",['OLM'],Original,,,['Kids'],24 min. per ep.,PG - Children,6.30,#8275,#9634,"3,969",16,1017,"Cocotama are tiny gods born from the thoughts and feelings of objects that people use with great care. The fact that Cocotama wear part of the egg they hatch out of as underwear is proof that they are still apprentices. The Cocotama use a mysterious magic, and they train hard to be of use to humans and to become full gods. They live inside human houses and stealthily move around to help humans find things they have lost, although they make many mistakes. (Source: ANN)","['Sequel (TV) Kirakira Happy★Hirake! Cocotama', '']",Kamisama Minarai: Himitsu no Cocotama,Kamisama Minarai: Himitsu no Kokotama,"['Fantasy', 'Slice of Life']",,
114,ぼのぼの,Bono Bono,Bono Bono,Bono Bono,Bono Bono,['TV'],Unknown,Currently Airing,"Apr 2, 2016 to ?",['Spring 2016'],Saturdays at 04:52 (JST),"['Fuji TV', 'Glovision']","None found,",['Eiken'],['4-koma manga'],,,,5 min.,G - All Ages,6.37,#7887,#10237,"3,281",19,759,"Based on the original comic BONO BONO by Mikio Igarashi that has seen over 9,000,000 total copies printed, this is the definitive animated version of the emotionally soothing character-driven series that will make you ask yourself the philosophical question, ""What are living things?"" while laughing at heartwarming gags and being entertained by the interactions of amusing forest friends Bonobono the young sea otter, Chipmunk, Fishing Cat, and more. Enjoy the easygoing days and minor misadventures of Bonobono and his friends! (Source: Fuji Creative)","['Adaptation (Manga) Bonobono', 'Adaptation (Manga) Bono-chan']",Bonobono (TV 2016),,"['Comedy', 'Slice of Life']",['Anthropomorphic'],
115,おじゃる丸,Prince Mackaroo,,,,['TV'],Unknown,Currently Airing,"Oct 5, 1998 to ?",['Fall 1998'],Not scheduled once per week,['NHK'],['Enoki Films'],['Gallop'],Original,,,['Kids'],10 min.,G - All Ages,6.39,#7751,#11554,"2,223",5,553,"In the Heian era, around 1000 years ago, a young boy of noble family named Ojarumaru is bored with his life of privilege. Meanwhile, three demons steal the power-stick of Enma, king of demons, and then lose it. Ojarumaru finds it, and uses it to transport himself to the present time. Here, he is befriended by a young boy named Kazuma, and becomes a member of his family. As time goes on, Ojarumaru makes many new friends, while dodging the comedic efforts of the three demons, Akane, Kisuke, and Aobee, as they try to recover the stick. (from ANN)","['Adaptation (Manga) Ojarumaru', '']",Ojarumaru,,"['Adventure', 'Award Winning', 'Comedy', 'Fantasy']",,
116,ヨーデルの女,,,,,['TV'],6,Finished Airing,"Sep 22, 2017 to Aug 14, 2019",['Fall 2017'],Unknown,"None found,","None found,",['DLE'],Original,['Comedy'],,,30 sec. per ep.,G - All Ages,5.26,#12786,#12784,"1,505",3,432,The sound of yodeling will appear when you least expect it.,[],Yodel no Onna,,,['Music'],
117,紙兎ロペ 〜笑う朝には福来たるってマジっすか!?,,,,,['TV'],Unknown,Currently Airing,"Nov 16, 2012 to ?",['Fall 2012'],Not scheduled once per week,"None found,","None found,","None found,",Original,,,,2 min.,G - All Ages,[],#19285,#13297,"1,296",0,,"Fourth season of Kamiusagi Rope, events occur after the feature film. Airs on Mezamashi TV instead of the theaters.","['Prequel (Movie) Kamiusagi Rope tsuka, Natsuyasumi Rasuichi tte Maji ssuka!?', '']",Kamiusagi Rope: Warau Asa ni wa Fukuraitaru tte Maji ssuka!?,Kamiusagi Rope 4,"['Comedy', 'Slice of Life']",,
118,샤이닝스타,Shining Star,,,,['TV'],52,Finished Airing,"Oct 16, 2017 to Dec 3, 2018",['Fall 2017'],Unknown,"None found,","None found,",['Maro Studio'],Original,,"['Idols (Female)', 'Music']",,21 min. per ep.,PG - Children,6.75,#5624,#13469,"1,239",5,310,"At the prestigious Shining Star School, every girl dreams of becoming the best idol, called ""Muse"". Nara, an ordinary girl, decides to attend the school in order to fulfill her dream. (Source: Shining Star Wiki)",[],Shining Star,Magic Idol,,,
119,やさ村やさしのやさしい世界,,,,,['TV'],33,Finished Airing,"Sep 2, 2016 to Sep 30, 2018",['Fall 2016'],Mondays at Unknown,['Sony Music Entertainment'],"None found,",['DLE'],Original,['Comedy'],,,30 sec. per ep.,G - All Ages,[],#15997,#13591,"1,198",0,,The series follows a mysterious but gentle-hearted man named Yasashi Yasamura who spreads warmth and human kindness wherever he goes. (Source: Crunchyroll),[],Yasamura Yasashi no Yasashii Sekai,,,,
120,はなかっぱ,,,,,['TV'],Unknown,Currently Airing,"Mar 29, 2010 to ?",['Spring 2010'],Not scheduled once per week,"['Group TAC', 'TOHO animation']","None found,","['Xebec', 'OLM']",Picture book,['Comedy'],,['Kids'],10 min.,PG - Children,6.00,#9918,#14255,"1,003",0,171,Story about Kappa with flowers on their heads.,[],Hanakappa,Hana Kappa,,,
121,タマ&フレンズ うちのタマ知りませんか?,,,,,['TV'],104,Finished Airing,"Oct 1, 2016 to Sep 27, 2018",['Fall 2016'],Saturdays at 07:00 (JST),['Sony Creative Products'],"None found,",['Kachidoki Studio'],Original,['Adventure'],,['Kids'],1 min. per ep.,G - All Ages,6.06,#9640,#14276,999,2,227,A new series following the cat named Tama and his many friends.,[],Tama & Friends: Uchi no Tama Shirimasen ka?,Tama and Friends,,['Pets'],
122,しあわせ配達おみくじタネコ,,,,,['TV'],Unknown,Currently Airing,"Mar 26, 2011 to ?",['Spring 2011'],Not scheduled once per week,"None found,","None found,",['Kachidoki Studio'],Original,['Comedy'],,,Unknown,None,[],#14196,#14341,980,4,,"The story centers around a cat who answers people's wishes and delivers happiness. (""Tane"" and ""neko"" are the Japanese words for ""seed"" and ""cat,"" respectively.) (Source: ANN)",[],Shiawase Haitatsu Taneko,,,,
123,あはれ! 名作くん,Aware! Meisaku-kun,,,,['TV'],230,Finished Airing,"Apr 8, 2016 to Mar 4, 2022",['Spring 2016'],Fridays at 18:20 (JST),"None found,","None found,",['Pie in the sky'],Original,['Comedy'],"['Parody', 'School']",['Kids'],5 min. per ep.,G - All Ages,6.12,#9254,#14431,951,1,213,"A long, long time ago, there was a prestigious school called ""Ryuuguu Elementary School"" that produced many masterpiece characters. One day, an ordinary boy named Meisaku Matsuda enrolled at the school. Little did he know that the place for learning was filled with crazy characters like Sweets, the energetic idiot; Musubi, a rice ball who gets angry when called ""onigiri""; Nokio, a narcissistic self-proclaimed robot; and Bolt, who's clearly faster than a rabbit. Surrounded by such unique characters, will Meisaku be able to graduate as a splendid masterpiece character? (Source: Anime News Network)",[],Aware! Meisaku-kun,Ahare! Meisaku-kun,,,
124,朝だよ！貝社員,,,,,['TV'],744,Finished Airing,"Apr 4, 2016 to Mar 29, 2019",['Spring 2016'],Not scheduled once per week,"None found,","None found,",['DLE'],Original,['Comedy'],,,44 sec. per ep.,G - All Ages,5.59,#11848,#14705,888,2,159,The series follows a variety of employed shellfish who exhibit selfish or odd personality traits. (Source: LiveChart),[],Asa da yo! Kaishain,Clamployee,,['Workplace'],
125,신비아파트: 고스트볼X의 탄생,,,La Casa Embrujada: El Secreto de la Bola Fantasma Temporada 2,,['TV'],23,Finished Airing,"Nov 9, 2017 to Jan 24, 2019",['Fall 2017'],Unknown,['CJ ENM'],"None found,",['Studio BAZOOKA'],Unknown,['Supernatural'],,,20 min. per ep.,G - All Ages,6.27,#8469,#15427,715,2,199,"With help from a 102-year-old goblin dwelling beneath their haunted apartment building, two siblings deal with ghosts and take on spooky mysteries.","['Prequel (TV) Sinbi Apartment: Ghost Ball Bimil', 'Sequel (TV) Sinbi Apartment: Ghost Ball Double X']",Sinbi Apartment: Ghost Ball X-ui Tansaeng,The Haunted House: The Secret of the Ghost Ball 2,,,
126,ヒノマル!,Hinomaru!,,,,['TV'],12,Finished Airing,"Jul 5, 2017 to Jun 2018",['Summer 2017'],Unknown,"None found,","None found,","None found,",['Manga'],,,,10 min. per ep.,G - All Ages,[],#18584,#15478,707,0,,No synopsis information has been added to this title. Help improve our database by adding a synopsis here.,[],Hinomaru!,,"['Adventure', 'Comedy', 'Fantasy']",,
127,ね子とま太,,,,,['TV'],88,Finished Airing,"Apr 21, 2017 to Sep 17, 2020",['Spring 2017'],Fridays at 01:25 (JST),"['Fuji TV', 'Creek & River']","None found,","None found,",Original,['Supernatural'],,,42 sec. per ep.,G - All Ages,[],#20617,#15542,697,0,,"The series centers around two cats: a younger sister named Neko, and an older brother named Mata. Neko is a nekomata (a mythical two-tailed cat), innocently selfish, and spoiled by her brother. Mata is a neighborhood cat with an eartipped mark as a sign of being neutered. They meet under a streetlight in the city at night to talk. (Source: ANN)",[],Neko to Mata,,,,
128,しまじろうのわお!,,,,,['TV'],Unknown,Currently Airing,"Apr 2, 2012 to ?",['Spring 2012'],Mondays at 07:30 (JST),"None found,","None found,",['The Answer Studio'],Other,,,['Kids'],8 min.,G - All Ages,[],#14228,#15589,688,1,,Fourth season of the Shimajirou children's television series.,"['Prequel (TV) Shimajirou Hesoka', '']",Shimajirou no Wow!,,"['Adventure', 'Comedy', 'Fantasy']",,
129,ポチっと発明 ピカちんキット,,,,,['TV'],115,Finished Airing,"Jan 6, 2018 to Mar 28, 2020",['Winter 2018'],Saturdays at 09:30 (JST),['Bandai'],"None found,","['OLM', 'Shin-Ei Animation']",Original,,,['Kids'],24 min. per ep.,PG - Children,[],#21028,#16264,588,1,,"A fifth-year elementary student named Eiji Toomatsu, and his ""inspiration"" buddy, a dog named Pochirou. One day Eiji finds a mysterious book called the ""Pikachin Research Book,"" and learns about the seven tools that make up the Pikachin Kit. Eiji presses a button inside the research book, and immediately a ""Future Amazon"" delivery arrives at his door with the kit. Eiji uses the blueprints included in the box to assemble the kit, but it seems as though 1% part of the kit is still missing. In the franchise, the word ""Pikachin"" means the flash of inspiration or insight one gets about a new project, similar to the visual of a lightbulb turning on above one's head when someone has an idea. The concept of the franchise is ""invention is 99% plastic models, 1% inspiration."" (Source: ANN)","['Prequel (ONA) Pochitto Hatsumei: Pikachin-Kit', '']",Pikachin-Kit,Pochitto Hatsumei: Pikachin-Kit,"['Comedy', 'Sci-Fi']",,
130,ユラユラすいぞくかん,,,,,['TV'],50,Finished Airing,"Jul 24, 2017 to Jul 8, 2018",['Summer 2017'],Unknown,['Asmik Ace'],"None found,",['Kachidoki Studio'],Original,['Comedy'],,,1 min. per ep.,PG - Children,[],#16192,#16390,573,0,,No synopsis information has been added to this title. Help improve our database by adding a synopsis here.,[],Yura Yura Suizokukan,Swaying Water Pipes,,,
131,ごはんかいじゅうパップ,,,,,['TV'],Unknown,Currently Airing,"Apr 25, 2011 to ?",['Spring 2011'],Not scheduled once per week,"None found,","None found,",['DLE'],Original,,,['Kids'],30 sec.,G - All Ages,[],#18204,#16436,567,0,,"A series of short, 30-second segments featuring Gohan Kaijuu Pap and various ""side dish"" monsters to produce delicious meals.",[],Gohan Kaijuu Pap,Rice Monster Pap,"['Action', 'Comedy']",,
132,ぴったんこ!! ねこざかな,,,,,['TV'],93,Finished Airing,"Oct 9, 2017 to Dec 23, 2019",['Fall 2017'],Unknown,"None found,","None found,","None found,",Unknown,,,,5 min. per ep.,G - All Ages,[],#21057,#16533,556,0,,No synopsis information has been added to this title. Help improve our database by adding a synopsis here.,"['Prequel (TV) Pittanko! Nekozakana', 'Sequel (TV) Pittanko!! Nekozakana (2020)']",Pittanko!! Nekozakana,,,,
133,よわむしモンスターズ,,,,,['TV'],Unknown,Currently Airing,"Dec 25, 2012 to ?",['Winter 2013'],Not scheduled once per week,['NHK'],"None found,","None found,",Original,,,['Kids'],1 min.,PG - Children,[],#16128,#16778,527,0,,An NHK toddler's anime following cowardly creatures representing typical Halloween monsters like Dracula and a witch.,[],Yowamushi Monsters,Yowamon,,,
134,공룡메카드,Dino Mecard,,,,['TV'],52,Finished Airing,"Nov 23, 2017 to Dec 27, 2018",['Fall 2017'],Thursdays at 13:50 (JST),"None found,","None found,","None found,",Original,['Adventure'],"['Mecha', 'Racing', 'Strategy Game']",['Kids'],28 min. per ep.,PG - Children,[],#18223,#16904,512,0,,"Gonglyong Mecard is a spin-off-series of Mecard, based on the idea that dinosaurs didn't become extinct 65 million years ago, but transformed into mecanimals. Its characters don't have any relations to the cast from Turning Mecard, Turning Mecard W and Turning Mecard R. (Source: Gonglyong Mecard Wikia)",[],Gonglyong Mecard,Dinosaur Mecard,,,
135,えほん寄席,,,,,['TV'],73,Finished Airing,"Apr 2006 to Nov 11, 2023",['Spring 2006'],Unknown,"['NHK', 'Pony Canyon']","None found,","None found,",Other,['Horror'],"['Historical', 'Performing Arts']",['Kids'],5 min. per ep.,PG - Children,[],#17862,#17183,487,0,,Anime rakugo of classic Japanese horror tales shown in a wide variety of art styles.,[],Ehon Yose,,,,
136,ともだち8にん,,,,,['TV'],398,Finished Airing,"Mar 28, 2011 to Jan 5, 2019",['Spring 2011'],Not scheduled once per week,"None found,","None found,",['Egg'],Original,['Comedy'],,['Kids'],1 min. per ep.,G - All Ages,[],#14949,#17777,436,0,,"A series oriented to three-year-old children, showing the everydays of 9 characters, each of them having a distinct feature. Children will recognize characters and situations from their own life. Sometimes through conflicts, sometimes through encouragement, they will find everyone's place in the world. The story conveys messages such as ""Nobody's alone"", ""It's good to be different"" and the importance of being connected with others, in a fun way. (Source: Official site)",[],Tomodachi 8-nin,,,,
137,オトッペ,,,,,['TV'],265,Finished Airing,"Apr 3, 2017 to Mar 31, 2023",['Spring 2017'],Mondays at 08:40 (JST),['NHK'],"None found,","None found,",Original,['Fantasy'],,['Kids'],3 min. per ep.,G - All Ages,[],#20907,#17773,435,0,,"The series follows a young girl named Shina who hopes to become the world's best DJ, and is interested in new sounds. Shina explores a mysterious world filled with Otoppe, strange creatures capable of unique sounds.",[],Otoppe,,,['Music'],
138,드래곤에그,Dragon Egg,,,,['TV'],52,Finished Airing,"Nov 6, 2017 to Apr 25, 2019",['Fall 2017'],Mondays at 17:00 (JST),"None found,","None found,","None found,",Original,,,['Kids'],24 min. per ep.,G - All Ages,[],#17790,#17824,432,1,,"10 years ago, a mysterious stone which looks just like an egg was found. This egg turns out to be an ancient legendary Dragon Egg and it later transformed in to a dragon. People call this the ‘First Hatching’ and found out that they are able to use a dragon’s powerful energy only if they can speak the language of dragon. Soon after they found out this, an international society choose talented children to communicate with dragon and train them to carry out impossible missions. This group of children are called as Knights of Dragon. The Knights of Dragon carry out impossible missions successfully by finding dragons and their language hidden all around the world. Everything working out great only before they got attack from Defectors… (Source: Official YouTube channel)",[],Dragon Egg,,"['Action', 'Sci-Fi']",,
139,"戦隊ヒーロー スキヤキフォース -ぐんまの平和を願うシーズン え, また?-",,,,,['TV'],24,Finished Airing,"Jan 15, 2018 to Jun 25, 2018",['Winter 2018'],Unknown,"None found,","None found,",['Studio 4°C'],Original,['Comedy'],"['Parody', 'Super Power']",,2 min. per ep.,G - All Ages,[],#13993,#18335,396,0,,No synopsis information has been added to this title. Help improve our database by adding a synopsis here.,"['Prequel (TV) Sentai Hero Sukiyaki Force: Gunma no Heiwa wo Negau Season', '']","Sentai Hero Sukiyaki Force: Gunma no Heiwa wo Negau Season e, Mata?",,,,
140,パッコロリン,Pakkororin,,,,['TV'],Unknown,Currently Airing,"Mar 28, 2011 to ?",['Spring 2011'],Not scheduled once per week,['NHK'],"None found,",['Three-d'],Original,,,['Kids'],1 min.,G - All Ages,[],#20935,#18314,397,0,,"A minute long children's anime that follows 3 siblings. Two brothers who are rectangular and circular shaped, and a sister who is triangluar shaped. They have unique personalities and foster growth and discovery through their play time.",[],Pakkororin,,,,
141,몬카트,MONKART,Monkart,Monkart,Monkart,['TV'],52,Finished Airing,"Aug 28, 2017 to Aug 14, 2018",['Summer 2017'],Tuesdays at Unknown,"None found,","None found,",['SAMG Entertainment'],Original,,,['Kids'],11 min. per ep.,PG - Children,6.43,#7508,#18312,396,4,119,"Carmon Kingdom is a medieval style fantasy world where humans and monsters live together. Monkart Race is the most popular sport in the kingdom, as the highest ranker can be selected as knight. 12 year-old Jin of Latona Village also dreams to be the winner someday. One day, Destro, commander of the knights, invades the kingdom and tries to marry princess Sena. The princess escapes and comes across Jin. Their encounter awakes a dragon monster named Draka, who has been sealed in Jin’s sword. Now Jin, Sena, and their monsters start the most exciting adventures to save the kingdom. (Source: SAMG Animation)",[],Monkateu,Monkart: Legend of Monster Kart,"['Action', 'Adventure', 'Fantasy']",,
142,스톤에이지: 전설의 펫을 찾아서,Stone Age: The Legendary Pet,,,,['TV'],26,Finished Airing,"Jul 12, 2017 to May 2, 2018",['Summer 2017'],Unknown,"None found,","None found,",['Iconix Entertainment'],Game,['Fantasy'],,['Kids'],10 min. per ep.,G - All Ages,[],#14592,#18715,363,0,,"An animated adaptation of the mobile game of the same name. Each episode is composed of two stories. The story is set in the future, after the destruction of machine civilization which leaves humans in a more primitive state. Dinosaurs, woolly mammoths, saber-tooth tigers, etc. roam free, as their species were brought back to life and modified to be friendlier thanks to cloning fossil samples during the machine civilization era. Children can become Stone Leaders by having one of these creatures as a ""pet"" which they can do friendly battles with against others.",[],Stone Age: Jeonseol-ui Pes-eul Chaj-aseo,,,,
143,うちのウッチョパス,,,,,['TV'],38,Finished Airing,"Jan 9, 2018 to Sep 25, 2018",['Winter 2018'],Tuesdays at 17:20 (JST),"['NHK', 'Echoes']","None found,","None found,",Picture book,,,['Kids'],5 min. per ep.,G - All Ages,[],#15100,#19140,336,0,,"The main character is the mysterious lifeform Oochopus. In the series, the Oochopus appears at the house of five-year-old Kantarou and three-year-old An-chan. Kantarou and An-chan accept the cute but somewhat irresponsible Oochopus as family. (Source: ANN)",[],Uchi no Oochopus,,,,
144,猫のダヤン (2017),,,,,['TV'],30,Finished Airing,"Oct 14, 2017 to May 3, 2018",['Fall 2017'],Unknown,"None found,","None found,","None found,",Picture book,,,['Kids'],1 min. per ep.,G - All Ages,[],#20610,#19197,332,0,,Fourth season of Dayan the Cat.,"['Prequel (TV) Neko no Dayan: Fushigi Gekijou', '']",Neko no Dayan (2017),Dayan the Cat (2017),,,
145,에어로버: 스페이스 드론의 귀환,Aerover: Return of the Space Drone,,,,['TV'],13,Finished Airing,"Jan 18, 2018 to May 3, 2018",['Winter 2018'],Unknown,"None found,","None found,","None found,",Unknown,,,,14 min. per ep.,G - All Ages,[],#16480,#19335,323,1,,"Tells about a future where drones are common. Drones have played an indispensable and important function in human life. One day, a large meteorite fell on earth, and scientists discovered that it had an infinite source of energy, the ""Cosmo Stone"", and applied it to a drone, what people call a ""space drone."" One day, drone wars around the world broke out, and space drones were active as a weapon of war. As the damage spreads, world leaders proposed a ceasefire and sought to turn drones into symbols of peace, not weapons of war anymore. The result is the ""Aerover Championship"".","['Sequel (TV) Aerover: Pinigseuui Buhwal', '']",Aerover: Seupeiseu Drone Gwihwan,,"['Action', 'Comedy']",,
146,런닝맨,,,,,['TV'],48,Finished Airing,"Jul 29, 2017 to Oct 12, 2018",['Summer 2017'],Saturdays at 11:30 (JST),"None found,","None found,","None found,",Other,,,['Kids'],10 min. per ep.,G - All Ages,[],#21442,#19907,290,6,,"The Soul Tree, the great source of our race. But for its ultimate power and by those whose minds were blinded by it, it also became the catastrophic cause that had brought never-ending wars between the tribes. Tortured by the agonies of the wars, the leaders of the tribes finally came to a peace agreement that they would instead open a competition. Players, equipped with special watches and shields, compete against each other as winner’s tribe would be awarded with Materion, the sacred fruit of the Soul Tree. These brave players, who throw themselves in this fierce fight, we call them the Runningman. (Source: Official YouTube Channel)",[],Running Man,Runningman The Animation,"['Action', 'Adventure']",,
147,アイスくりたろう,Ice Kuritaro,,,,['TV'],49,Finished Airing,"Oct 12, 2017 to Sep 27, 2018",['Fall 2017'],Thursdays at 01:39 (JST),"['Kamio Japan', 'Anime Beans']","None found,","None found,",Original,,,['Kids'],1 min. per ep.,G - All Ages,[],#18819,#19865,292,0,,"A short anime that airs within ""Enkame: That's Enka Tainment"" (and enka variety show) program on Asahi TV. It follows a cast of ice cream characters.",[],Ice Kuritarou,,,,
148,꿈의 왕국 소피 루비,Dream Kingdom SofyRuby,,,,['TV'],52,Finished Airing,"Oct 21, 2017 to Nov 3, 2018",['Fall 2017'],Unknown,"None found,","None found,","None found,",Unknown,['Comedy'],,['Kids'],12 min. per ep.,G - All Ages,[],#19476,#21613,196,0,,No synopsis information has been added to this title. Help improve our database by adding a synopsis here.,"['Prequel (TV) SofyRuby', '']",Kkum-ui Wang-gug SofyRuby,"Sophie Ruby Season 2, SofyRuby Season 2",,,
149,타오르지마 버스터,,,,,['TV'],44,Finished Airing,"Jan 7, 2017 to Apr 11, 2019",['Winter 2017'],Unknown,['Studio Goindol'],"None found,","None found,",Original,['Comedy'],,['Kids'],15 min. per ep.,PG - Children,[],#14749,#21977,176,0,,No synopsis information has been added to this title. Help improve our database by adding a synopsis here.,[],Taoleujima Beoseuteo,,,['Mecha'],
150,뱅글스쿨,Bangle School,,,,['TV'],26,Finished Airing,"Dec 2, 2017 to Jun 30, 2018",['Winter 2018'],Unknown,"None found,","None found,","None found,",Original,,,['Kids'],12 min. per ep.,PG - Children,[],#16809,#23404,125,0,,No synopsis information has been added to this title. Help improve our database by adding a synopsis here.,[],Bangle School,Baeng-geulseukul,"['Comedy', 'Fantasy']",['School'],
151,小鹿杏仁儿,Almond the Deer,,,,['TV'],52,Finished Airing,"Jan 23, 2018 to Jan 15, 2019",['Winter 2018'],Unknown,"None found,","None found,","None found,",Original,['Fantasy'],,['Kids'],7 min. per ep.,PG - Children,[],#15696,#24163,108,0,,No synopsis information has been added to this title. Help improve our database by adding a synopsis here.,"['Sequel (TV) Xiaolu Xingren Er 2nd Season', '']",Xiaolu Xingren Er,,,,
152,좀비덤 2,ZombieDumb 2,,,,['TV'],22,Finished Airing,"Oct 21, 2017 to Feb 9, 2019",['Fall 2017'],Not scheduled once per week,"None found,","None found,",['ANYZAC'],Original,,,['Kids'],13 min. per ep.,PG - Children,[],#16402,#24383,104,0,,The second season of Zombie Dumb.,"['Prequel (TV) Zombie Dumb', 'Sequel (TV) Zombie Dumb 3']",Zombie Dumb 2,,"['Comedy', 'Supernatural']",,
153,バキ,,,,,['ONA'],26,Finished Airing,"Jun 25, 2018 to Dec 17, 2018",,,"None found,",['Sentai Filmworks'],['TMS Entertainment'],['Manga'],['Sports'],"['Combat Sports', 'Gore']",['Shounen'],24 min. per ep.,R - 17+ (violence & profanity),7.31,#2784,#534,"450,621","2,758",252482,"After emerging victorious from a brutal underground tournament, Baki Hanma continues on his path to defeat his father, Yuujirou, the strongest man in the world. However, he gets no time to rest when the tournament runner, Tokugawa Mitsunari, visits him at school. He reveals to Baki that five incredibly dangerous death row inmates from around the world—all skilled in martial arts—have simultaneously escaped confinement and are heading to Tokyo, each wishing to finally know the taste of defeat. Tokugawa warns that, due to his well-known strength, Baki is bound to encounter them sooner or later, and he will not be their only target. Adapting the first saga of the second manga series, Baki centers on the all-out war between the esteemed martial artists of Japan and those of the dark underground world. [Written by MAL Rewrite]","['Prequel (TV) Grappler Baki: Saidai Tournament-hen', 'Sequel (ONA) Baki: Dai Raitaisai-hen', 'Adaptation (Manga) Baki: New Grappler Baki', 'Adaptation (Manga) Baki Tokubetsu-hen Saga']",Baki,,,,
154,アグレッシブ烈子,Aggretsuko (ONA),Aggretsuko,Aggretsuko,Aggretsuko,['ONA'],10,Finished Airing,"Apr 20, 2018",,,"['Sanrio', 'Netflix']","None found,",['Fanworks'],Other,['Comedy'],"['Anthropomorphic', 'Workplace']",,15 min. per ep.,PG-13 - Teens 13 or older,7.64,#1447,#1360,"188,498","1,363",121345,"Some offices have stereotypical dynamics: the chauvinistic pig of a boss who never does any real work; the employees whose goal is to suck up to the boss; the ones whose lives seem perfect; and the individuals who have all the actual work pushed onto them. Retsuko the red panda is in the last group, as she stays late most nights to make up the work her coworkers are too lazy to do themselves. Her relief from the stress of her everyday life comes in the form of singing death metal at a local karaoke club. Night after night, Retsuko channels her grief into a microphone and considers the place to be her own personal sanctuary. But as she moves further away from her comfort zone and the ideas people have of her, she discovers that letting others into her world of death metal may not be such a bad thing. [Written by MAL Rewrite]","['Sequel (ONA) Aggressive Retsuko: We Wish You a Metal Christmas', 'Sequel (ONA) Aggressive Retsuko (ONA) 2nd Season']",Aggressive Retsuko (ONA),,,,
155,衛宮さんちの今日のごはん,Today's Menu for the Emiya Family,Today's Menu for The Emiya Family,Today's Menu for the Emiya Family,Today's Menu for The Emiya Family,['ONA'],13,Finished Airing,"Jan 25, 2018 to Jan 1, 2019",,,"['Aniplex', 'Kadokawa']",['Aniplex of America'],['ufotable'],['Web manga'],,,,13 min. per ep.,PG-13 - Teens 13 or older,7.79,#1062,#1747,"137,927",764,61456,"With the threat of the Holy Grail War no longer looming over Fuyuki City, its inhabitants can finally enjoy a time of peace. Now that all of the Masters and Servants have adjusted to their new mundane lives, Shirou has taken it upon himself to cook for his household and show Saber the wonders of modern cuisine. Every day, he ventures into the marketplace to see what kind of different meals he can cook up with unique ingredients and a limited budget. However, his legendary skills often attract uninvited guests from all over the city, so there is never a dull moment at dinner with the Emiya family. As his guests entertain themselves in the living room, Shirou walks through the step-by-step process of creating some of his favorite meals. With delicacies such as his savory New Year soba with shrimp tempura, steamy foil-baked salmon, and cheesy bamboo shoot gratin, everything is up for grabs on his menu. Itadakimasu! [Written by MAL Rewrite]","['Adaptation (Manga) Emiya-san Chi no Kyou no Gohan', '']",Emiya-san Chi no Kyou no Gohan,,"['Gourmet', 'Slice of Life']",['Iyashikei'],
156,刺客伍六七,Scissor Seven,Scissor Seven,Scissor Seven,Scissor Seven,['ONA'],10,Finished Airing,"Apr 25, 2018 to Jun 20, 2018",,,"None found,","None found,","['Sharefun Studio', 'AHA Entertainment']",Original,,"['Martial Arts', 'Super Power']",,15 min. per ep.,PG-13 - Teens 13 or older,7.91,#799,#1923,"122,019","1,584",58871,"To the casual eye, the amnesiac bounty hunter Wu Liuqi looks quite intimidating. With his deadly telekinetic scissor techniques and his ability to seamlessly transform into anything, one would not expect his modest demeanor. In fact, Wu is quite terrible at his job. Often times the freelancer can be found botching an assassination or targeting the wrong person. While his failures could be due to his subpar skills, it usually boils down to him being a normal kid, with a heart unsuited for his line of work. Accompanied by his feathered friend Dai Bo, Wu is on a simple quest to regain his memories. Although his inconspicuous day job as a hairdresser and his after-hours occupation are simply a means for him to repay debt, his various ventures seem to intertwine with his pursuit to recover his lost past. [Written by MAL Rewrite]","['Prequel (ONA) Cike Wu Liuqi Fanwai', 'Sequel (ONA) Wu Liuqi: Zui Qiang Fa Xing Shi']",Cike Wu Liuqi,"Cike Wuliuqi, Ci Ke Wu Liu Qi, Assassin Seven, Killer Seven","['Action', 'Comedy', 'Drama', 'Mystery', 'Romance']",,
157,全职高手特别篇,The King's Avatar (2018),,,,['ONA'],3,Finished Airing,"Apr 27, 2018 to May 11, 2018",,,"['Tencent Animation & Comics', 'Tencent Penguin Pictures', 'China Literature Limited', 'Colored Pencil Animation Japan']","None found,",['Colored Pencil Animation'],Web novel,['Action'],,,27 min. per ep.,PG-13 - Teens 13 or older,8.20,#389,#2092,"109,460",350,56179,"The All-Star Tournament is a three-day event that allows e-sports participants from various professional clubs to display their skills, while also giving casual Glory players the chance to interact with pros in the flesh. Retired top-tier Glory player Ye Xiu agrees to watch the tournament together with Tang Rou and Chen Guo after the latter manages to get ahold of three tickets. It is a strange sensation for Ye Xiu, as unlike previous occasions, this time he attends the tournament as a spectator, not a participant. However, despite his attempts to keep a low profile, events in the All-Star Tournament may force the former Glory legend back into the limelight. [Written by MAL Rewrite]","['Prequel (ONA) Quanzhi Gaoshou', 'Sequel (ONA) Quanzhi Gaoshou 2', 'Adaptation (Manhua) Quanzhi Gaoshou', 'Adaptation (Novel) Quanzhi Gaoshou']",Quanzhi Gaoshou Specials,"Quanzhi Gaoshou (2018), Quan Zhi Gao Shou, Full-Time Expert, Master of Skills, Quanzhi Gaoshou: Tebie Pian",,['Video Game'],
158,一人之下2,Hitori no Shita - The Outcast 2,Hitori no Shita - The Outcast 2,Hitori no Shita: The Outcast Temporada 2,Hitori no Shita: The Outcast Saison 2,['ONA'],24,Finished Airing,"Oct 27, 2017 to May 18, 2018",,,['Tencent Animation & Comics'],"None found,",['Haoliners Animation League'],['Web manga'],,,,24 min. per ep.,R - 17+ (violence & profanity),7.37,#2482,#2579,"78,685",138,31245,"Chou Soran must participate in the Raten Taishou to uncover his grandfather's secrets and the key to Fou Houhou's past. Though Houhou trains Soran, will that be enough to defeat powerful enemies who all seem out to get him while they struggle for power and victory in the tournament? [Written by fullmeltdownalch]","['Prequel (TV) Yi Ren Zhi Xia', 'Prequel (TV Special) Yi Ren Zhi Xia Recap', 'Sequel (ONA) Yi Ren Zhi Xia: Fanwai Pian', 'Sequel (ONA) Yi Ren Zhi Xia 3: Rushi Pian']",Yi Ren Zhi Xia 2,"Hitori no Shita: The Outcast 2nd Season, hitorinoshita - The Outcast","['Action', 'Supernatural']",['Super Power'],
159,实验品家庭 -クリーチャーズ・ファミリー・デイズ-,Frankenstein Family,Frankenstein Family,Frankenstein Family: Jikkenhin Kazoku,Frankenstein Family,['ONA'],12,Finished Airing,"Apr 9, 2018 to Jun 19, 2018",,,"['Tencent Penguin Pictures', 'Da Huoniao Donghua']","None found,",['Big Firebird Culture'],['Web manga'],,,,16 min. per ep.,PG-13 - Teens 13 or older,6.31,#8211,#3350,"49,057",56,13446,"Tanis, a child genius, is the youngest son of two mad scientists. His family has spent their lives withdrawn from normal society living on an isolated island, where the couple conducts experiments on Tanis' siblings that result in them gaining abnormal abilities. However, this activity is put to a stop when they are caught and arrested. Tanis is brought by government officials to a more populated island, alongside his four siblings: Snow, a dog-human hybrid; Ashise, a plant-human hybrid; Aisley, a spider-human hybrid; and Suishi, a mind-reader. Being the only one who has not been genetically modified, Tanis takes on the responsibility of adapting his siblings to society, all while trying to conceal their' distinctive characteristics. [Written by MAL Rewrite]","['Adaptation (Manhua) Shiyan Pin Jiating', '']",Shiyan Pin Jiating,"Jikken-hin Kazoku: Creatures Family Days, Jikkenhin Kazoku","['Sci-Fi', 'Slice of Life']",,
160,異世界居酒屋～古都アイテーリアの居酒屋のぶ～,Isekai Izakaya: Japanese Food From Another World,Isekai Izakaya: Japanese Food From Another World,Isekai Izakaya: Japanese Food from another World,Isekai Izakaya: Japanese Food From Another World,['ONA'],24,Finished Airing,"Apr 13, 2018 to Sep 14, 2018",,,['Kadokawa'],"None found,",['Sunrise'],['Light novel'],['Gourmet'],"['Adult Cast', 'Isekai', 'Workplace']",,14 min. per ep.,PG-13 - Teens 13 or older,7.48,#2052,#3405,"47,503",191,18221,"Experienced head chef Nobuyuki Yazawa and friendly waitress Shinobu Senke run a traditional Japanese izakaya called Nobu—a bar known for serving a tasty array of food and drink. Welcoming any and all customers, the pair strive to showcase Nobu's exclusive menu and provide the best possible experience. However, despite its ordinary appearance, the establishment opens to the heart of Aitheria, a city from a parallel universe. As news of the restaurant's exquisite dishes spreads throughout the lands, Aitherian citizens from various social backgrounds travel to Nobu in search of new and delicious cuisine, bringing with them an empty stomach and riveting stories to tell. [Written by MAL Rewrite]","['Adaptation (Manga) Isekai Izakaya ""Nobu""', 'Adaptation (Light Novel) Isekai Izakaya ""Nobu""']",Isekai Izakaya: Koto Aitheria no Izakaya Nobu,,,,
161,凸变英雄 LEAF,To Be Heroine,To Be Heroine,To Be Heroine,To Be Heroine,['ONA'],12,Finished Airing,"Apr 14, 2018 to Jul 6, 2018",,,"['Haoliners Animation League', 'bilibili']",['Discotek Media'],['LAN Studio'],Original,['Comedy'],,,21 min. per ep.,PG-13 - Teens 13 or older,7.00,#4398,#3867,"37,744",106,8207,"Following the first season's gag action theme, the second season titled To Be Heroine features an original story and a new set of characters. You is about to leave home when she suddenly enters an incredible world. Appearing in front of her is an eight-year-old naked boy, and before she could even grasp the situation, she's attacked by assassins from a mafia group who were chasing the young boy. What was even more unrealistic for You was that the leader of this mafia was another assassin's attack. Who are those naked kids, why did her shoe turn into a warrior and above all, what kind of world did eight-year-old boy come from? Just like the first one, he's also almost naked! While trying to escape from the attackers, You loses one of her shoes and by a strange kind of magic, her shoe turned into a warrior who was able to save her by blocking the You enter? (Source: MAL News)","['Prequel (TV) To Be Hero', 'Sequel (ONA) Tu Bian Yingxiong X']",Tu Bian Ying Xiong Leaf,To Be Hero 2,,['Super Power'],
162,甘い懲罰~私は看守専用ペット,Sweet Punishment: I'm the Guard's Personal Pet,,,,['ONA'],13,Finished Airing,"Apr 2, 2018 to Jun 25, 2018",,,"['Picante Circus', 'Suiseisha', 'Cloud22']","None found,",['Magic Bus'],['Web manga'],,,['Josei'],5 min. per ep.,Rx - Hentai,5.60,N/A,#4036,"34,389",156,12794,"Framed and sent to Kokuyoku Prison for embezzlement, Hina Saotome desperately wants to prove her innocence. However, just when she thought her situation could not get any worse, she realizes that she is the only woman in a prison populated by men. But she may have even more to fear from Aki Myoujin, a handsome and stern warden who is intent on punishing her for an unknown reason. Although the warden's treatment is unconventional, Hina's body soon begins to long for Aki's particular brand of discipline. But has this hypnotizing man, who has captivated her body, captured her heart as well? [Written by MAL Rewrite]","['Adaptation (Manga) Amai Choubatsu: Watashi wa Kanshu Senyou Pet', '']",Amai Choubatsu: Watashi wa Kanshu Senyou Pet,Amai Choubatsu: Watashi wa Kanshu Sen'you Pet,"['Drama', 'Hentai']",,
163,연애하루전 ZERO,A Day Before Us Zero,,,,['ONA'],19,Finished Airing,"May 10, 2018 to Aug 2, 2019",,,"None found,","None found,","['LICO', 'Red Dog Culture House']",Original,['Romance'],,,3 min. per ep.,PG-13 - Teens 13 or older,7.19,#3403,#4269,"30,468",90,9503,"What was school life like for the main characters of A Day Before Us? With the past usually seen as dark or old news, it only takes a moment revisiting it to realize how pure and fresh those days were. Season Zero is about Wook and Yeo-reum's growth during their high school days while introducing new attractive characters and their story to the plot. (Source: fadmagazine)","['Sequel (ONA) Yeon-ae Halujeon', '']",Yeon-ae Halujeon Zero,A Day Before Us (Season 0),,['School'],
164,からめるハニー,,,,,['ONA'],30,Finished Airing,"Jun 8, 2018 to Aug 24, 2018",,,['Production I.G'],"None found,",['Anime Beans'],['Manga'],,,,2 min. per ep.,PG-13 - Teens 13 or older,6.73,#5735,#5517,"16,588",50,5197,"Ayato transfers into a new school hoping for a fresh start. Sadly for him, the school turns up to be filled with delinquents, and the most feared of them all has his eye set on him. And it doesn't help, that whenever Ayato accidentally takes off his glasses, everyone around him suddenly becomes completely smitten by him. (Source: MU)","['Adaptation (Manga) Caramel Honey', '']",Caramel Honey,,"['Boys Love', 'Comedy']",['School'],
165,我的逆天神器,My Holy Weapon,,,,['ONA'],16,Finished Airing,"Apr 26, 2018 to Aug 9, 2018",,,['Tencent Animation & Comics'],"None found,","['Haoliners Animation League', 'Pb Animation Co. Ltd.']",['Web manga'],,,,17 min. per ep.,PG-13 - Teens 13 or older,6.43,#7530,#5721,"15,134",30,3217,"One day, while being attacked, Chang Tian unintentionally invokes an artifact called Xiao Bai that protects him from a terrible fate. After this, he finds himself on a battlefield, where he will fight alongside several other people like him, able to invoke artifacts...",[],Wo de Ni Tian Shen Qi,Wo De Nitian Shenqi,"['Adventure', 'Comedy', 'Fantasy', 'Romance', 'Supernatural']",,
166,帝王攻略,The Emperor's Strategy,,,,['ONA'],20,Finished Airing,"Apr 30, 2018 to Sep 10, 2018",,,['Tencent Penguin Pictures'],"None found,",['Seven Stone Entertainment'],Novel,,"['Historical', 'Martial Arts']",,16 min. per ep.,PG-13 - Teens 13 or older,6.48,#7180,#6241,"12,058",52,2211,"At the age of 18, Chu Yuan faces tremendous pressure to prove his competence as the new emperor of Chu State. He must be careful with his decisions, especially with the ongoing unrest at the borders of Chu and Xinan. However, the matter is taken from his hands when Duan Baiyue—the young Xinan King—puts an end to the rebellion himself. His aid spares Chu Yuan an insurmountable amount of grief, and the people of Chu now hail Duan Baiyue as their hero. Two years later, Xinan's influence has grown, stirring rumors that Duan Baiyue intends to take over Chu State soon. As he stands before a winter plum tree, a furious Chu Yuan does not know what to think and recalls a promise made long ago. The tension reaches a breaking point when a visiting duke of Ahnu, an ally of Chu State, is found dead in the streets of Chu. [Written by MAL Rewrite]",[],Di Wang Gong Lue,Diwang Gonglue,"['Adventure', 'Boys Love', 'Drama', 'Mystery']",,
167,あの日の彼女たち,The Diary of Our Days,,,,['ONA'],8,Finished Airing,"Mar 24, 2018 to Nov 12, 2018",,,['Half H.P Studio'],"None found,",['CloverWorks'],Original,['Slice of Life'],,,1 min. per ep.,G - All Ages,6.60,#6469,#8031,"6,503",20,1875,Web shorts focusing on each of the 22/7 idols in normal everyday life.,[],Ano Hi no Kanojo-tachi,"22/7, Nanabun no Nijuuni",,['Idols (Female)'],
168,ゴールデン道画劇場,Golden Travelogue Theater,,,,['ONA'],46,Finished Airing,"Apr 16, 2018 to Jun 27, 2023",,,['NBCUniversal Entertainment Japan'],"None found,","['W-Toon Studio', 'DMM.futureworks']",['Manga'],['Comedy'],,,26 sec. per ep.,R - 17+ (violence & profanity),6.43,#7555,#8053,"6,470",6,1755,Short anime series of Golden Kamuy streamed on the official website.,"['Adaptation (Manga) Golden Kamuy', '']",Golden Douga Gekijou,Golden Kamuy Short Anime: Golden Douga Gekijou,,,
169,ポプテピ記念,Pop Team Epic Kinen,,,,['ONA'],1,Finished Airing,"Jun 14, 2018",,,"None found,","None found,",['Space Neko Company'],['4-koma manga'],['Sports'],,,2 min.,PG-13 - Teens 13 or older,6.31,#8204,#8074,"6,423",4,2265,"This is a 2:15 (4:30 including the rerun) short created to promote the (JRA) Japan Racing Association's Umabi service. The short is interactive originally, insofar as you can create your own character who will then appear in the audience at given points in the short. This video uses the default character provided. VAs used in the short: First half: Popuko: Mikako Komatsu Pipimi: Sumire Uesaka Second half: Popuko: Ryuusei Nakao Pipimi: Norio Wakamoto This is the same combination of VAs that was used for episode 3 of the TV series. (Source: MyaaSubs)",[],Poputepipikku Kinen,"JRA x Poputepipikku, JRA x Pop Team Epic",,['Parody'],
170,末日曙光,Dawn of the World,,,,['ONA'],20,Finished Airing,"May 20, 2018 to Sep 23, 2018",,,['Tencent Penguin Pictures'],"None found,",['Dawn Animation'],Novel,,,,17 min. per ep.,R - 17+ (violence & profanity),6.01,#9864,#8537,"5,663",13,536,"In the year of 2013, the tide of zombies outbreak exploded in everyone's homeland, humanity launches a large-scale battle in the endless nights awaiting for the arrival of the dawn. The end is approaching, is there going to be a way out for them? Their faiths were shattered into pieces and buried in ashes in the raging fire. But within the blazing fire, a newborn hope arise once again. (Source: polarbearadise)",[],Mo Ri Shu Guang,"Mori Shuguang, 2013, 二零一三","['Action', 'Boys Love', 'Horror', 'Supernatural', 'Suspense']",['Psychological'],
171,濡れ透けJ○ 雨宿りレ×プ,Sopping Wet JK Rainy R*peover,,,,['ONA'],2,Finished Airing,"Jun 5, 2018 to Jun 22, 2018",,,['SELFISH'],"None found,",['T-Rex'],Original,['Hentai'],,,15 min. per ep.,Rx - Hentai,6.63,N/A,#8652,"5,454",29,2198,"When a school girl takes shelter from the rain at a bus stop, a middle-aged man comes... After some time of chatting the man, frustrated about the way his family is treating him, suddenly assaults and r*pes her over and over again. (Source: DLsite)",[],Nuresuke JK Ameyadori Rape,Nuresuke J* Ameyadori R*pe,,,
172,GOD EATER レゾなんとか劇場,GOD EATER Reso Somehow Theatre,,,,['ONA'],8,Finished Airing,"Apr 12, 2018 to Aug 4, 2018",,,"['Bandai Namco Entertainment', 'DMM.futureworks', 'Aoni Production']","None found,","['Passione', 'Creators in Pack']",Game,,"['Military', 'Parody']",,7 min. per ep.,G - All Ages,5.61,#11750,#8821,"5,182",3,820,Short anime inspired by the iOS and Android mobile game God Eater Resonant Ops.,"['Prequel (Special) God Eater Reso Nantoka Gekijou: Nagerareta Shokupan', 'Sequel (ONA) God Eater Reso Nantoka Gekijou: Episode EX']",God Eater Reso Nantoka Gekijou,,"['Fantasy', 'Sci-Fi']",,
173,我家大师兄脑子有坑,,,,,['ONA'],26,Finished Airing,"Apr 4, 2018 to Jun 23, 2018",,,"['bilibili', 'Magilm Pictures']","None found,","None found,",['Manga'],,"['Historical', 'Martial Arts']",,4 min. per ep.,PG-13 - Teens 13 or older,6.74,#5654,#8866,"5,101",17,1093,"The hilarious adventures of the eldest apprentice of a sect who has a problem with his brain. Dongfang Xianyun is reincarnated as the eldest disciple of the Care-free sect. But the only thing that goes through his mind is to make sure he doesn't end up dying by the hands of the ""main character"". Read as he makes no sense to his sibling disciples while avoiding flags left and right. (Source: MoroseTrans)","['Sequel (ONA) Wo Jia Da Shixiong Shi Ge Fanpai', 'Adaptation (Manhua) Wo Jia Da Shixiong Naozi You Keng']",Wo Jia Da Shixiong Naozi You Keng,"There's a Pit in My Senior Martial Brother's Brain, Our Big Brother's Mind Has A Problem","['Action', 'Adventure', 'Comedy']",,
174,幻界王,Eudemon Quest,,,,['ONA'],20,Finished Airing,"May 30, 2018 to Oct 17, 2018",,,['Tencent Animation & Comics'],"None found,","None found,",['Web manga'],,,,14 min. per ep.,PG-13 - Teens 13 or older,6.55,#6803,#8886,"5,059",15,1260,"In the world where most of the humans of the Eudemon continent have power of Eudemon (spiritual power), the protagonist is born without spiritual power, his dream is to be the next king of Eudemon. But without having any spiritual power can you fulfill your dream? On a day before the Tian Wu exam, he crosses a spy from the Mo Wu side that was defeated in the great war of 10 years ago. This girl infiltrates the forces of Tian Wu and thus the protagonist was involved in the middle of the fight between the forces Tian Wu and Mo Wu.",[],Huan Jie Wang,,"['Action', 'Adventure', 'Fantasy']",,
175,フェ～レンザイ,Non-Human,,,,['ONA'],48,Finished Airing,"Mar 29, 2018 to Jun 27, 2019",,,['Tencent Penguin Pictures'],"None found,",['Fenz'],['Manga'],,,,5 min. per ep.,PG-13 - Teens 13 or older,7.14,#3679,#8927,"5,015",24,1093,"Jiu Yue is a nine-tailed fox spirit who is more than two centuries old. She faces her hardest challenge yet: trying to adapt to the modern world. Knowing she needs money to survive, she starts working at a company—only to realize her coworkers are just as mythical as her! As Jiu Yue and her new friends attempt to fit in, their non-human sides make even the most trivial situations take a ridiculous turn. [Written by MAL Rewrite]","['Sequel (ONA) Fei Ren Zai Part 2', 'Adaptation (Manhua) Fei Ren Zai']",Fei Ren Zai,"Fe-Renzai: Kamisama no Nichijou, Shenme Gui, 神么鬼, 非人哉","['Comedy', 'Supernatural']",['Mythology'],
176,白夜玲珑,Whited Nighttime,,,,['ONA'],25,Finished Airing,"Jun 6, 2018 to Nov 21, 2018",,,['Tencent Penguin Pictures'],"None found,",['Seven Stone Entertainment'],['Manga'],['Romance'],,,15 min. per ep.,PG-13 - Teens 13 or older,6.37,#7883,#9208,"4,568",19,778,"Ling Long is a normal girl. She just wants to get through her day without any problems, but makes a mess out of it again. Why? It's because her online friend has suddenly stopped contacting her. As time went on, she became more and more agitated. Her normal life has began to change... (Source: ANN)",[],Bai Ye Ling Long,Baiye Linglong,,['School'],
177,リリテイルズ,,,,,['ONA'],4,Finished Airing,"May 18, 2018 to Jun 29, 2018",,,['SELFISH'],"None found,",['Office TakeOut'],Game,['Hentai'],,,15 min. per ep.,Rx - Hentai,6.05,N/A,#9548,"4,076",10,1413,"As a newly appointed knight of the royal family, Lunalie El Blanca must escort her lifelong friend, Princess Jill Grantz, in a pilgrimage to the ancient Shandora Ruins. All is well until a group of bandits ambushes Lunalie's company and kidnaps Jill. Returning to the Kingdom of Grantz as the sole survivor of the raid, Lunalie is summarily tortured and sentenced to death, accused of conspiring in the attack. Suspecting Jill might have been captured by a slavery ring, Lunalie escapes her confinement and journeys east toward Ishtar—a treacherous city where countless lives are sold to the highest bidders. Indulging in nights of carnal pleasure to find the trail of her missing friend, the young knight soon uncovers evidence of a sinister individual who may be responsible for all the terrible things that have happened. [Written by MAL Rewrite]",[],Lilitales,,,,
178,非人学院,Non-Human Academy,,,,['ONA'],1,Finished Airing,"Jun 25, 2018",,,"None found,","None found,","None found,",Game,['Action'],,,3 min.,PG-13 - Teens 13 or older,6.31,#8152,#9571,"4,052",41,482,The 3-minute animated promotional short for the Chinese MOBA of the same name.,[],Fei Ren Xueyuan,,,['Video Game'],
179,阴阳师：平安物语,,,,,['ONA'],12,Finished Airing,"Apr 21, 2018 to Jul 8, 2018",,,"None found,","None found,","['Blade', 'Thundray']",Game,,"['Historical', 'Mythology']",,5 min. per ep.,PG-13 - Teens 13 or older,6.36,#7955,#10159,"3,369",9,639,"The courtyard is awash with cherry blossom petals, appearing especially beautiful in the moonlight. Kagura, waking up, sits in the hallway facing the courtyard, ""The courtyard at night, seems like something can happen anytime......"" Suddenly a butterfly glides past, its scales glittering. Kochou no Sei: That's right. Nighttime is indeed suitable for telling stories. Kagura grows sleepy under the influence of dust. Kochou no Sei: After Kagura-sama falls asleep - that will be the beginning of the story in the dream! (Source: Onmyoji Wiki)","['Sequel (ONA) Yin Yang Shi: Ping An Wu Yu 2nd Season', '']",Yin Yang Shi: Ping An Wu Yu,Onmyouji: Heian Monogatari,"['Comedy', 'Supernatural']",,
180,我是江小白 世界上的另一个我,I'm Joybo OVA,,,,['ONA'],1,Finished Airing,"May 25, 2018",,,"None found,","None found,",['2:10 Animation'],Original,,,,37 min.,PG-13 - Teens 13 or older,7.01,#4337,#10546,"3,000",4,835,"Jiang Xiaobai has regained his memories, and Tong Li cannot bring herself to face him. Separately, they confront the truths left unsaid for 10 years—about the band September, to which Jiang Xiaobai and Mu Xiyu dedicated their youth; about the love triangle between Jiang Xiaobai, Mu Xiyu, and Tong Li; and about the painful circumstances that brought the trio together and ultimately led to the terrible tragedy that occurred on the day Tong Li left for America. At the end of it all, can Jiang Xiaobai and Tong Li accept the past and face the future together? [Written by MAL Rewrite]","['Prequel (ONA) Wo Shi Jiang Xiaobai', 'Sequel (ONA) Wo Shi Jiang Xiaobai 2nd Season']",Wo Shi Jiang Xiaobai (2018),Wo Shi Jiang Xiaobai: Shijie Shang de Ling Yige Wo,"['Drama', 'Romance', 'Slice of Life']",['Love Polygon'],
181,正解するカド12.5話 KADO: Beyond Information,KADO: The Right Answer – Beyond Information,,,,['ONA'],1,Finished Airing,"May 21, 2018",,,"None found,","None found,",['Toei Animation'],Original,['Sci-Fi'],,,2 hr.,PG-13 - Teens 13 or older,6.10,#9395,#10761,"2,821",4,651,"Recap episode of Seikaisuru Kado, also known as Episode 12.5.",[],Seikaisuru Kado: Beyond Information,Seikaisuru Kado Episode 12.5,,['Adult Cast'],
182,"すすめ, カロリーナ.",,,,,['ONA'],1,Finished Airing,"Jun 14, 2018",,,"None found,","None found,",['Studio Colorido'],Other,,,,3 min.,G - All Ages,6.32,#8128,#10856,"2,734",2,1197,Short anime about professional shogi player Karolina Styczyńska.,[],"Susume, Karolina.",,,['Strategy Game'],
183,"15歳, 今日から同棲はじめます.",,,,,['ONA'],30,Finished Airing,"Jun 8, 2018 to Jun 29, 2018",,,"['Production I.G', 'Anime Beans']","None found,",['Asura Film'],Other,,,,1 min. per ep.,PG-13 - Teens 13 or older,5.78,#11026,#12115,"1,883",5,235,No synopsis information has been added to this title. Help improve our database by adding a synopsis here.,[],"15-sai, Kyou kara Dousei Hajimemasu.",,"['Drama', 'Romance']",,
184,灵域 追忆篇,,,,,['ONA'],12,Finished Airing,"Apr 20, 2018 to Jul 6, 2018",,,['iQIYI'],"None found,",['Foch Film'],Novel,['Fantasy'],,,13 min. per ep.,PG-13 - Teens 13 or older,6.01,#9857,#12482,"1,659",1,451,No synopsis information has been added to this title. Help improve our database by adding a synopsis here.,"['Prequel (ONA) Ling Yu 5th Season', '']",Ling Yu 6th Season,"Spiritual Domain Sixth Season, Spiritual Field 6, Ling Yu: Zhuiyi Pian",,,
185,デスティニーチャイルド,Destiny Child,,,,['ONA'],1,Finished Airing,"May 1, 2018",,,['LIDENFILMS'],"None found,",['Yumeta Company'],Game,,,,26 min.,PG-13 - Teens 13 or older,5.53,#12026,#12504,"1,647",1,669,"The devil king Lucifero suddenly declares he's going to retire, and must choose a successor. The Devil King Cadets gather one after another, and go to the human world to participate in the succession contest. But only the devil king's own descendant Osamu has no interest whatsoever in the contest. Compared to the fate of the world, Osamu is more interested in his part-time job at a convenience store. Osamu has no choice, however, but to start collecting familiars called ""Child,"" which are born from human souls. Osamu still only has an interest in his part-time job, and he's a few steps behind the rest of the Cadets. (Source: ANN)","['Adaptation (Manga) Destiny Child', '']",Destiny Child,,"['Action', 'Supernatural']",['Mythology'],
186,モンスターストライク The Animation 第0話「モンストの危機」,Trouble in Monster Strike,Monster Strike The Animation Folge 0,Monster Strike The Animation Episodio 0,Monster Strike The Animation Épisode 0 Annonce,['ONA'],1,Finished Airing,"Jun 22, 2018",,,['XFLAG Pictures'],"None found,",['Marza Animation Planet'],Game,,,,3 min.,G - All Ages,5.66,#11578,#12501,"1,649",1,528,"Oragon lived a lonely life all by himself, until one day he was pulled into a mysterious new dimension. There he learns that an incredibly powerful enemy will attack in six months, destroying his beloved Monster Strike forever! Now Oragon must gather allies in the Strike World to save Monster Strike! It is animated in full CG unlike its predecessor. (Source: Official YouTube Channel)","['Prequel (ONA) Monster Strike Anime: Kieyuku Uchuu-hen', 'Sequel (ONA) Monster Strike The Animation']",Monster Strike The Animation Episode 0,,"['Action', 'Fantasy']",['Video Game'],
187,ているず おぶ HR,,,,,['ONA'],13,Finished Airing,"Jun 17, 2018 to Dec 14, 2019",,,['Bandai Namco Entertainment'],"None found,",['Signal.MD'],Game,['Comedy'],"['Parody', 'School']",,3 min. per ep.,G - All Ages,6.08,#9488,#12584,"1,600",1,293,No synopsis information has been added to this title. Help improve our database by adding a synopsis here.,[],Tales of HR,Tales of Homeroom,,,
188,おあむ物語　その夏、わたしが知ったこと,The Tale of Oan: What I Learned That Summer,,,,['ONA'],1,Finished Airing,"Apr 8, 2018",,,"None found,","None found,","None found,",Book,,,,9 min.,G - All Ages,5.61,#11762,#13287,"1,303",0,339,"A tourism promotion anime for Ogaki City in the Gifu Prefecture. It is based on Oam Monogatari, a book about a woman who spent her coming-of-age during the Sengoku Era. Oam is the main character and is the daughter of Yamada Kyoreki who is a vassal to the warlord Ishida Mitsunari. It offered one of the few historical viewpoints of an noble teen/woman's life during the wars. The anime jumps between past the present as we learn about Oam's struggles at Ogaki Castle (which would become ground zero for Battle of Sekigahara which established Tokugawa as the shogunate), and how Oam escaped with her mother in the dead of night.",[],"Oam Monogatari: Sono Natsu, Watashi ga Shitta koto","Ogaki-shi, Ogaki Shi, Ougaki-shi, Ougaki Shi",,['Historical'],
189,めしぬま。,,,,,['ONA'],20,Finished Airing,"May 31, 2018 to Oct 26, 2018",,,"['Half H.P Studio', 'Anime Beans']","None found,","['Grom', 'Aurum Production']",['Manga'],,,['Seinen'],1 min. per ep.,PG-13 - Teens 13 or older,[],#20192,#13353,"1,279",5,,No synopsis information has been added to this title. Help improve our database by adding a synopsis here.,"['Adaptation (Manga) Meshinuma.', '']",Meshinuma.,,"['Gourmet', 'Slice of Life']",,
190,何色の何,What of What Color,,,,['ONA'],1,Finished Airing,"May 19, 2018",,,"None found,","None found,","None found,",Original,['Slice of Life'],,,12 min.,PG-13 - Teens 13 or older,5.90,#10469,#13501,"1,231",0,543,Short anime based on band Kuusou Iinkai's songs and written by the vocalist Ryuuichi Miura. The theme song is also done by Kuusou Iinkai.,[],Naniiro no Nani,Nani Iro no Nani,,['Music'],
191,斗魂卫之玄月奇缘,Spirit Guardians,,,,['ONA'],12,Finished Airing,"Jun 19, 2018 to Sep 4, 2018",,,"None found,","None found,",['Yi Chen Animation'],Original,,,,19 min. per ep.,PG-13 - Teens 13 or older,5.97,#10045,#14096,"1,046",3,255,"In ancient times, spiritual holiness that tried to destroy humanity was caused by the soul on Xuan Huang’s Sword. Today, the human desire to develop without limits, plundering resources, destroying the environment, pierced through Xuan Huang’s sword. The rise of spiritual people will be their own dark power on the eve of Luosha teaching. Zhang Shan accidentally involved in the dispute. With soul power, he wants to save the danger of Moon Shang Devil. (Source: Dailymotion)","['Sequel (ONA) Dou Hun Wei Zhi Xuan Yue Qiyuan II', '']",Dou Hun Wei Zhi Xuan Yue Qiyuan,"Dou Hun Wei Zhi Xuan Yue Qi Yuan, The Dream of the Soul","['Adventure', 'Fantasy']",,
192,梦塔 - 雪谜城,Dream Tower,,Dream Tower,,['ONA'],13,Finished Airing,"Jun 1, 2018 to Aug 10, 2018",,,"None found,","None found,","None found,",Original,,,,21 min. per ep.,PG-13 - Teens 13 or older,6.11,#9279,#14295,991,5,240,No synopsis information has been added to this title. Help improve our database by adding a synopsis here.,[],Meng Ta: Xue Mi Cheng,"Meng Taxue Mi Cheng, Dream Tower: The Puzzle of Snow City, Dream Tower: Snow Mystery City","['Action', 'Adventure', 'Fantasy', 'Mystery', 'Supernatural']",,
193,TALES OF パペット,Tales of Puppet,,,,['ONA'],16,Finished Airing,"Jun 14, 2018 to Oct 1, 2019",,,['Bandai Namco Entertainment'],"None found,",['DLE'],Game,,,,6 min. per ep.,PG-13 - Teens 13 or older,5.94,#10249,#14307,990,0,188,"A puppet parody of the Tales of franchise, filled with gags and help explain the popular RPG to newcomers.",[],Tales of Puppet,,"['Comedy', 'Fantasy']",['Parody'],
194,观海策,,,,,['ONA'],16,Finished Airing,"Jun 17, 2018 to Sep 23, 2018",,,['Tencent Penguin Pictures'],"None found,",['Tong Ming Xuan'],Original,,"['Historical', 'Martial Arts', 'Military']",,20 min. per ep.,PG-13 - Teens 13 or older,5.95,#10193,#15021,809,3,183,No synopsis information has been added to this title. Help improve our database by adding a synopsis here.,"['Sequel (ONA) Guan Hai Ce Zhi Tie Qi Xiong Guan', '']",Guan Hai Ce,Strategies of Sea Observation,"['Action', 'Fantasy']",,
195,ひそねとまそたんダイジェスト動画,,,,,['ONA'],4,Finished Airing,"May 22, 2018 to Jul 9, 2018",,,"None found,","None found,",['Bones'],Original,['Comedy'],,,6 min. per ep.,PG-13 - Teens 13 or older,5.72,#11235,#15271,746,1,204,A retrospective digest flash sketch specials of Hisone to Maso-tan released on YouTube with illustrations by Toshinao Aoki. Later included on the Blu-ray/DVD releases.,[],Hisone to Maso-tan Digest Douga,Dragon Pilot: Hisone and Masotan Digest,,,
196,天下統一恋の乱~出陣! 雑賀4人衆~,,,,,['ONA'],4,Finished Airing,"May 28, 2018 to Jun 26, 2018",,,"None found,","None found,",['UWAN Pictures'],Game,,"['Historical', 'Samurai']",,Unknown,PG-13 - Teens 13 or older,[],#14793,#15612,686,1,,"15th Century Japan is ravaged by constant wars, as the lords of the realm seek to rule the land. Having lost your father in battle, you are working in the restaurant he left your mother and little brother...when an evil magistrate sends your little brother away...to become a poison taster! To save his life, you disguise yourself as a boy and go to the castle in his place...but what awaits you there is so much more! ""I'll show you all...my divine rule!"" In the Sengoku era...love is the most dangerous battle of all! (Source: Voltage)",[],Tenka Touitsu Koi no Ran: Shutsujin! Saika 4-nin Shuu,Tenka Touitsu Koi no Ran: Shutsujin! Sanka Yoninshuu,"['Drama', 'Romance']",,
197,"もしもし, てるみです.",,,,,['ONA'],30,Finished Airing,"Jun 8, 2018 to Aug 24, 2018",,,['Anime Beans'],"None found,","None found,",['Manga'],['Slice of Life'],,['Seinen'],1 min. per ep.,G - All Ages,[],#20425,#15681,673,0,,"The story depicts the everyday life of Terumi-san, who dislikes the internet and works at a telephone company called Moshimoshi Dou, and middle school student Rintarou, who is in love with her. (Source: MAL News)","['Adaptation (Manga) Moshimoshi, Terumi desu.', '']","Moshimoshi, Terumi desu.",,,,
198,枪神记 特工世界篇,,,,,['ONA'],12,Finished Airing,"Jun 15, 2018 to Aug 31, 2018",,,"None found,","None found,",['Mokai Technology'],Game,,,,21 min. per ep.,PG-13 - Teens 13 or older,6.43,#7517,#16720,534,0,149,Second season of Qiang Shen Ji.,"['Prequel (ONA) Qiang Shen Ji', 'Sequel (ONA) Qiang Shen Ji: Xuezu Mishi Pian']",Qiang Shen Ji: Tegong Shijie Pian,"Age of Gunslingers 2, Qiang Shen Ji 2nd Season","['Action', 'Sci-Fi']",,
199,吉田のタイムスリップ不昧公,,,,,['ONA'],3,Finished Airing,"Apr 1, 2018 to Jun 1, 2018",,,"None found,","None found,",['DLE'],Original,,"['Historical', 'Parody']",,3 min. per ep.,G - All Ages,5.26,#12787,#17341,472,0,142,A Matsue City collaboration anime with Eagle Talon. A young Matsudaira Harusato (aka Matsudaira Fumai) who was once the ruled of Matsue time slips to the present. Yoshida ends up explaining Fumai's achievements to Fumai himself.,[],Yoshida no Time Slip Fumai-kou,"Eagle Talon, Himitsukessha Taka no Tsume, The Frogman Show, Yoshida no Time Slip Fumaikou",,,
200,I-O DATA×鷹の爪,,,,,['ONA'],1,Finished Airing,"May 24, 2018",,,"None found,","None found,","None found,",Original,['Comedy'],"['Parody', 'Super Power']",,4 min.,G - All Ages,5.32,#12649,#17376,469,0,122,"A collaboration between the Eagle Talon franchise and I-O Data (a Japanese computer peripheral manufacturer), primarily promoting the latter's IPv6 products.",[],I-O Data x Taka no Tsume,"The Frogman Show, IODATA x Himitsukessha Taka no Tsume",,,
201,ちびあいりんのゆるやかな日常,,,,,['ONA'],24,Finished Airing,"Apr 16, 2018 to Sep 28, 2018",,,['Anime Beans'],"None found,","None found,",['Manga'],,,,1 min. per ep.,G - All Ages,[],#17260,#18192,405,2,,"Real-life former SKE48 idol Airi Furukawa stars as herself, Airin, in a self made short manga she draws. The anime adaptation of her manga features odd characters such as a bewitched stuff bear and others named after mushrooms. The work is full of cuteness, laughs, and bizarre nonsense bordering surrealness.",[],Chibi Airin no Yuruyaka na Nichijou,,"['Comedy', 'Slice of Life']",,
202,神酒ノ尊-ミキノミコト-,,,,,['ONA'],1,Finished Airing,"Jun 7, 2018",,,['Bandai Namco Entertainment'],"None found,","None found,",Other,,,,5 min.,PG-13 - Teens 13 or older,5.88,#10544,#18156,408,0,105,"The story of the franchise takes place in a large shopping area called ""Yayoimachi"" where gods and ayakashi (supernatural monsters) are rumored to appear. The Seishu no Miko (refined sake princes) work at the ""Matsuyoian"" drinking establishment there as shop-keeps, learning the way of Japan's famed omotenashi (hospitality). (Source: ANN)",[],Miki no Mikoto,Lords of Sacred Sake,"['Fantasy', 'Slice of Life', 'Supernatural']",['Music'],
203,ワンダーグラビティ ～ピノと重力使い～,Wonder Gravity: Pino and the Gravity Users,,,,['ONA'],1,Finished Airing,"Apr 5, 2018",,,"None found,","None found,","None found,",Game,['Fantasy'],,,1 min.,G - All Ages,5.72,#11275,#18239,403,0,141,"Sega has released the opening movie for Wonder Gravity: Pino To Juuryoku Tsukai on its official YouTube channel for its upcoming smartphone adventure RPG from developer f4samurai. The game is scheduled to be released sometime later this year. The opening movie features the theme song ""Splash!!!"" by Japanese rock band Mrs. Green Apple, which was made specifically for the game and is featured on their third album, ""Ensemble."" (Source: Gematsu)",[],Wonder Gravity: Pino To Juuryoku Tsukai,Wonder Gravity Opening Movie,,['Strategy Game'],
204,あはれ！名作くん ショート動画,,,,,['ONA'],2,Finished Airing,"Apr 4, 2018 to Mar 29, 2020",,,"None found,","None found,",['Pie in the sky'],Original,['Comedy'],,,45 sec. per ep.,G - All Ages,[],#16688,#18658,368,0,,"Web-exclusive shorts of Aware! Meisaku-kun where the characters wonder what the next grade will be like. The first episode, they wonder what 7th grade will be like. At the end of the 2nd season (aka episode 78) in the main anime, the students graduated the 6th grade. The short breaks the 4th wall as the characters also request the viewer to continue watching the show with the 3rd season starting on April 6th, 2018. The second episode follows a similar structure. The kids just graduated 8th grade at the end of season 4 (ep 156) and reminsce about their favorite events that occurred. They hope the viewers will continue watching their soon to be final year of middle school starting on April 3rd, 2020.",[],Aware! Meisaku-kun: Short Douga,,,['Parody'],
205,末世觉醒之入侵,,,,,['ONA'],13,Finished Airing,"May 24, 2018 to Aug 9, 2018",,,['Oriental Creative Color'],"None found,","None found,",Original,,"['Mecha', 'Military']",,15 min. per ep.,PG-13 - Teens 13 or older,[],#20420,#19024,343,0,,No synopsis information has been added to this title. Help improve our database by adding a synopsis here.,"['Sequel (ONA) Moshi Juexing: Ruqin 2nd Season', '']",Moshi Juexing: Ruqin,The Invasion of Awakening,"['Action', 'Sci-Fi']",,
206,長野都市ガス×紙兎ロペ,,,,,['ONA'],4,Finished Airing,"Jun 3, 2018 to Jun 24, 2018",,,"None found,","None found,","None found,",Original,,,,Unknown,G - All Ages,[],#20527,#19287,326,0,,"A collaboration between Kamiusagi Rope and Nagano City Gas. The individual episodes were shown for 1 week on Nagano Broadcasting Systems official YouTube channel and website. Then later on the following Mezamashi Doyoubi (Saturday) broadcast. The goal was to inform people that Nagano City Gas' office has a wide variety of services such as a showroom showcasing remodeled gas kitchens, how to make sure you aren't losing money from bathroom heating, etc.",[],Nagano Toshi Gas x Kamiusagi Rope,,"['Comedy', 'Slice of Life']",,
207,おしり前マン,,,,,['ONA'],2,Finished Airing,"May 9, 2018 to Jun 29, 2018",,,"None found,","None found,","None found,",Game,['Comedy'],,,3 min. per ep.,PG-13 - Teens 13 or older,5.29,#12713,#20424,262,0,111,Absurd web videos by Takashi Taniguchi featuring Oshiri Mae Man from his original mobile game.,[],Oshiri Mae Man,,,['Super Power'],
208,小花仙 第4季 守护天使2,,,,,['ONA'],40,Finished Airing,"Jun 29, 2018 to Nov 9, 2018",,,"None found,","None found,",['Taomee'],Game,['Fantasy'],,['Kids'],15 min. per ep.,G - All Ages,[],#15539,#20368,265,0,,Fourth season of Xiao Hua Xian.,"['Prequel (TV) Xiao Hua Xian 3rd Season: Shou Hu Tian Shi', 'Sequel (ONA) Xiao Hua Xian 5th Season: Si Shi Huayu - Chun Xia']",Xiao Hua Xian 4th Season: Shou Hu Tian Shi 2,Flower Angel 4,,['Mahou Shoujo'],
209,けんさくとえんじんのHappy Birthday,,,,,['ONA'],1,Finished Airing,"Jun 19, 2018",,,['Yahoo! Japan'],"None found,","None found,",Original,,,['Kids'],41 sec.,G - All Ages,5.81,#10836,#20384,264,0,105,An entirely 3DCG Happy Birthday episode of Kensaku to Enjin. It was meant to congratulate the viewer's birthday rather than it being the birthday/anniversary of the Kensaku to Enjin franchise or Yahoo! who owns the franchise.,[],Kensaku to Enjin no Happy Birthday,,,,
210,悪役魔法少女ミドロ,,,,,['ONA'],1,Finished Airing,"May 12, 2018",,,"None found,","None found,",['Studio Binzo'],Original,,,,9 min.,PG-13 - Teens 13 or older,[],#16526,#22062,172,0,,"A magical girl who has become a villain and an Aquapazza army that plans to conquer the stars! They fight against the hero of justice, Majin Sentai Death Ranger, and gradually gain control in various ways.",[],Akuyaku Mahou Shoujo Midoro,,"['Action', 'Fantasy']",['Mahou Shoujo'],
211,LIFE OF THE DEAD の第７,,,,,['ONA'],1,Finished Airing,"May 12, 2018",,,"None found,","None found,",['Studio Binzo'],Original,,,,24 min.,R - 17+ (violence & profanity),[],#19809,#23115,133,0,,"Studio Binzo's 7th episode in their Life of the Dead series. After facing issues with season 2's publication, season 3 was cancelled, and with it, episode 7 never got music, voice work, and SFX done and was abandoned. Six years later, Studio Binzo released it on their official Youtube channel so people could finally watch it.","['Prequel (ONA) Life of the Dead Season 2', '']",Life of the Dead Episode 7,,"['Action', 'Horror', 'Suspense']",['Gore'],
212,二二二哈企,,,,,['ONA'],3,Finished Airing,"Apr 14, 2018 to May 12, 2018",,,"None found,","None found,","None found,",Original,['Comedy'],,,2 min. per ep.,G - All Ages,[],#17889,#23798,116,0,,No synopsis information has been added to this title. Help improve our database by adding a synopsis here.,[],Er Er Er Ha Qi,,,,
213,空气侠,Air Man,,,,['ONA'],1,Finished Airing,"May 8, 2018",,,"None found,","None found,","None found,",Original,,,,1 hr. 20 min.,PG-13 - Teens 13 or older,[],#19532,#24359,104,0,,No synopsis information has been added to this title. Help improve our database by adding a synopsis here.,[],Kongqi Xia,Atmosphere Man,"['Action', 'Sci-Fi']",,
214,东北萌兽 第2季,,,,,['ONA'],12,Finished Airing,"Jun 20, 2018 to Dec 3, 2018",,,"None found,","None found,","None found,",Original,,,['Kids'],4 min. per ep.,PG - Children,[],#17690,#24390,104,0,,No synopsis information has been added to this title. Help improve our database by adding a synopsis here.,"['Prequel (ONA) Dongbei Meng Shou', '']",Dongbei Meng Shou 2nd Season,,,['Anthropomorphic'],
215,Gon的旱獭 第二季 SP,,,,,['ONA'],1,Finished Airing,"Apr 24, 2018",,,"None found,","None found,","None found,",Original,['Comedy'],"['Anthropomorphic', 'Music']",,1 min.,G - All Ages,[],#18218,#24336,105,0,,A special episode of Gon de Hanta to commemorate the one year anniversary of the series.,[],Gon de Hanta 2nd Season Special,,,,
216,吃鸡大作战,,,,,['ONA'],14,Finished Airing,"May 30, 2018 to Aug 29, 2018",,,"None found,","None found,","None found,",Game,['Comedy'],,,5 min. per ep.,PG-13 - Teens 13 or older,[],#17253,#24560,101,0,,No synopsis information has been added to this title. Help improve our database by adding a synopsis here.,"['Sequel (ONA) Chi Ji Da Zuozhan 2nd Season', '']",Chi Ji Da Zuozhan,,,['Parody'],
217,Gon的旱獭 第二季,,,,,['ONA'],20,Finished Airing,"Apr 17, 2018 to Sep 4, 2018",,,"None found,","None found,","None found,",Original,['Comedy'],,,1 min. per ep.,G - All Ages,[],#18217,#24598,100,0,,The second season of Gon de Hanta.,"['Prequel (ONA) Gon de Hanta', 'Sequel (ONA) Gon de Hanta 3rd Season']",Gon de Hanta 2nd Season,,,['Anthropomorphic'],
218,大食谱,,,,,['ONA'],24,Finished Airing,"May 11, 2018 to ?",,,"None found,","None found,","None found,",Unknown,['Fantasy'],,,4 min. per ep.,G - All Ages,[],#17482,#25114,93,0,,No synopsis information has been added to this title. Help improve our database by adding a synopsis here.,[],Da Shipu,The Great Recipe,,,
219,无聊诗社 第二季,,,,,['ONA'],14,Finished Airing,"May 7, 2018 to ?",,,"None found,","None found,","None found,",Unknown,['Comedy'],,,4 min. per ep.,G - All Ages,[],#15394,#25487,88,0,,No synopsis information has been added to this title. Help improve our database by adding a synopsis here.,"['Prequel (ONA) Wuliao Shi She', '']",Wuliao Shi She 2nd Season,,,,
220,成长这东西,,,,,['ONA'],52,Finished Airing,"Jun 1, 2018 to ?",,,"None found,","None found,","None found,",Original,,,['Kids'],14 min. per ep.,PG - Children,[],#17244,#25656,85,0,,No synopsis information has been added to this title. Help improve our database by adding a synopsis here.,"['Sequel (ONA) Chengzhang Zhe Dongxi 2nd Season', '']",Chengzhang Zhe Dongxi,,,,
221,呆狸,,,,,['ONA'],40,Finished Airing,Apr 2018 to ?,,,"None found,","None found,","None found,",Original,,,['Kids'],3 min. per ep.,PG - Children,[],#17507,#25916,81,0,,No synopsis information has been added to this title. Help improve our database by adding a synopsis here.,[],Dai Li,,,,
222,モモウメ,,,,,['ONA'],229,Finished Airing,"May 24, 2018 to Nov 9, 2022",,,"None found,","None found,",['CUEBiC Inc.'],Original,['Comedy'],,,2 min. per ep.,PG-13 - Teens 13 or older,[],#20396,#27170,69,0,,"The story revolves around Momo-chan, a 24-year-old rookie office worker, and Ume, a 40-year-old veteran office worker, and depicts office life in a slapstick, laid-back atmosphere that happens with their bosses and colleagues. (Source: YouTube, translated)",[],Momoume,"Momo Ume, Momo and Ume",,['Workplace'],
223,進撃の巨人 LOST GIRLS,Attack on Titan: Lost Girls,,,,['OVA'],3,Finished Airing,"Dec 8, 2017 to Aug 9, 2018",,,"['Production I.G', 'Dentsu', 'Mainichi Broadcasting System', 'Pony Canyon', 'Kodansha', 'Pony Canyon Enterprises']","None found,",['Wit Studio'],Novel,,,,25 min. per ep.,R - 17+ (violence & profanity),7.83,#972,#798,"322,993",569,167298,"Wall Sina, Goodbye Annie Leonhart has a job to do—and a resulting absence that must stay off her record at all costs. With no one else to turn to, she asks her comrade Hitch Dreyse to cover for her. She agrees but puts forward a single condition: Annie must solve the fruitless missing person case Hitch was assigned. The case revolves around Carly Stratmann, a university graduate and the daughter of wealthy businessman Elliot Stratmann. With only a single day to solve the case and the underground of the Stohess District crawling with thugs, Annie must put her all into finding this girl. Yet, every answer she uncovers only leads to further questions—how has the illegal drug coderoin found its way to Stohess, what is Elliot hiding, and where has Carly disappeared to? Lost in the Cruel World With worry for Eren Yeager gripping her heart, Mikasa Ackerman begins to remember. She remembers her conversations with Armin Arlert, her concern for her friends, and most painfully, the time she had almost lost everything. As fear takes control, she begins to experience an alternate version of her past—some things can be changed, but are there events so inescapable that she cannot even prevent them in her dreams? [Written by MAL Rewrite]","['Adaptation (Manga) Shingeki no Kyojin: Lost Girls', 'Adaptation (Light Novel) Shingeki no Kyojin: Lost Girls']",Shingeki no Kyojin: Lost Girls,,"['Action', 'Drama']",,
224,あさがおと加瀬さん。,Kase-san and Morning Glories,Kase-san and Morning Glories,Kase-san and Morning Glories,Kase-san and Morning Glories,['OVA'],1,Finished Airing,"Jun 9, 2018",,,['Sotsu'],['Sentai Filmworks'],['Zexcs'],['Manga'],['Girls Love'],,['Shoujo'],58 min.,PG-13 - Teens 13 or older,7.69,#1324,#1893,"124,688","1,238",52594,"Yui Yamada, a high school girl with a fondness for plants and gardening, starts dating Tomoka Kase, the ace of her school's track team. Yui is shy, girly, and has never been in a relationship. On the other hand, Tomoka is vivacious, tomboyish, and popular among her friends. Despite being different in so many ways, they try to understand and support each other while experiencing the rush of exhilaration that accompanies the magic of first love. Asagao to Kase-san is a heartwarming tale of two girls dealing with their ever-increasing feelings for each other along with other concerns that plague the hearts of maidens in love. [Written by MAL Rewrite]","['Adaptation (Manga) Kase-san Series', '']",Asagao to Kase-san.,Morning Glory and Kase-san,,['School'],
225,食戟のソーマ 餐ノ皿 極星寮のえりな,Food Wars! The Third Plate OVA - Erina's New Life,Food Wars! OVAs Folge S3: Erina im Wohnehim Polarstern,Food Wars (Shokugeki no Soma) OVA Temporada 3: Erina en la Residencia Estrella Polar,Food Wars! OVA Épisode S3 Erina à l'Étoile Polaire,['OVA'],1,Finished Airing,"May 2, 2018",,,"['Lantis', 'Warner Bros. Japan', 'KlockWorx', 'Shueisha']","None found,",['J.C.Staff'],['Manga'],['Drama'],,['Shounen'],23 min.,PG-13 - Teens 13 or older,7.45,#2154,#2417,"87,317",66,36856,"Following the sudden changes to Tootsuki Culinary Academy's administration, Erina Nakiri runs away from home to escape the torment of her oppressive father. Taking refuge at Polar Star Dormitory, the chaotic environment she ends up in is a far cry from her usual refined lifestyle. However, with the help of her friends, Erina gradually finds her place among the dormitory's eccentric residents—creating memorable experiences outside the world of cooking along the way. [Written by MAL Rewrite]","['Adaptation (Manga) Shokugeki no Souma', '']",Shokugeki no Souma: San no Sara - Kyokuseiryou no Erina,"Shokugeki no Souma: San no Sara OVA, Shokugeki no Souma: San no Sara - Erina no Shin Seikatsu, Food Wars! The Third Plate OVA, Shokugeki no Souma 3rd Season OVA",,,
226,機動戦士ガンダムTHE ORIGIN,Mobile Suit Gundam: The Origin,,,,['OVA'],6,Finished Airing,"Feb 28, 2015 to May 5, 2018",,,['Sotsu'],"['Nozomi Entertainment', 'NYAV Post']",['Sunrise'],['Manga'],,"['Mecha', 'Military', 'Space']",['Shounen'],1 hr. 11 min. per ep.,R+ - Mild Nudity,8.33,#252,#2584,"78,228",915,33425,"In the year 0068 of the Universal Century, Casval Rem Deikun's life is thrown into chaotic disarray after the assassination of his father, a prolific figure in the crusade towards civil rights for people who live away from the Earth's surface. Casval and his sister Artesia receive aid from soldiers who were loyal to their father, and the siblings are whisked away from their home, separated, and thrown into a twisted fate that sees them come into their own as soldiers and adults. Years before stealing the name Char Aznable or his ""Red Comet"" moniker, Casval must contend with the rise of a militarized version of his father's ideology and his own vengeful nature as intergalactic war molds him into a legendary mobile suit pilot. [Written by MAL Rewrite]","['Adaptation (Manga) Kidou Senshi Gundam: The Origin', '']",Kidou Senshi Gundam: The Origin,,"['Action', 'Sci-Fi']",,
227,都市伝説シリーズ,,,,,['OVA'],6,Finished Airing,"Jan 22, 2016 to Sep 7, 2018",,,['Mary Jane'],"None found,",['New Generation'],['Manga'],['Hentai'],,,19 min. per ep.,Rx - Hentai,7.35,N/A,#4034,"34,433",303,14256,"Urban legends told throughout Japan are meant to frighten the population, mainly those of school age, through stories involving abnormal entities or supernatural occurrences. But what happens when this folklore turns into pleasurable encounters with paranormal ladies? The stories of Hanako Hasegawa, a trapped girl with a tragic past; Sadako, a woman who can only appear virtually; Hachishaku-sama, a god who has been forgotten; and Mary, a thrown away doll, join together in a truly climactic narrative. [Written by MAL Rewrite]","['Adaptation (Manga) Toshi Densetsu Bitch: Joshikai', '']",Toshi Densetsu Series,Urban Legend Series,,,
228,dokidokiりとる大家さん,,,,,['OVA'],6,Finished Airing,"May 25, 2018 to Dec 27, 2019",,,"None found,","None found,",['Collaboration Works'],Other,['Hentai'],,,16 min. per ep.,Rx - Hentai,7.15,N/A,#5131,"20,040",149,8911,"Tanaka Daisuke is an ordinary college student living alone since last year. He occupies a run-down and cramped apartment—just like many other young adults. However, there is one peculiar bonus about living in his accommodation. Whenever he settles his rent, he receives sexual services from the landlady, Asou Miyuri. Despite her childish looks, she is a grown woman who is more than eager to experience the charms of Tanaka's masculine body. At first shy and overwhelmed by her relaxed and outgoing approach, Daisuke soon starts looking forward to these monthly meetings, as Asou treats him to all kinds of naughty positions and kinky outfits no young man could ever resist. [Written by MAL Rewrite]",[],Dokidoki Little Ooyasan,,,,
229,むっつりドスケベ露義母姉妹の本質見抜いてセックス三昧,,,,,['OVA'],2,Finished Airing,"Jun 1, 2018 to Jul 6, 2018",,,['Lune-Pictures'],"None found,",['T-Rex'],['Manga'],['Hentai'],,,15 min. per ep.,Rx - Hentai,7.39,N/A,#5326,"18,333",212,8184,"There is nothing special about Takashi Komiya, except for his incredibly hot Russian step-mother and step-sisters. The Komiya family is now filled with voluptuous and erotic women: Yuriya, his lustful step-mother with a gravure modeling past, Anna, his diligent but repressed older sister and Rina, his bratty but secretly masochistic younger sister. Takashi resorts to blackmail after he discovers their secret lives filled with naughty cosplay and late night sex with strangers. Now he is determined to strengthen the family bonds by satisfying all the slutty women living in his house, even after Dad comes back home.",[],Muttsuri Dosukebe Tsuyu Gibo Shimai no Honshitsu Minuite Sex Sanmai,,,,
230,俺が姪[かのじょ]を○す理由[わけ],,,,,['OVA'],6,Finished Airing,"Apr 27, 2018 to Nov 29, 2019",,,"None found,","None found,",['Suzuki Mirano'],Other,['Hentai'],,,16 min. per ep.,Rx - Hentai,6.48,N/A,#6423,"11,260",65,4600,No synopsis information has been added to this title. Help improve our database by adding a synopsis here.,[],Ore ga Kanojo wo *su Wake,Ore ga Kanojo wo Okasu Wake,,,
231,放課後の優等生,Honour Student after School,,,,['OVA'],3,Finished Airing,"May 25, 2018 to Dec 28, 2018",,,"['Queen Bee', 'Mediabank']","None found,","None found,",['Manga'],['Hentai'],,,20 min. per ep.,Rx - Hentai,6.89,N/A,#6452,"11,132",42,4114,No synopsis information has been added to this title. Help improve our database by adding a synopsis here.,"['Adaptation (Manga) Houkago no Yuutousei', '']",Houkago no Yuutousei,,,,
232,裏・受胎島,,,,,['OVA'],2,Finished Airing,"Apr 6, 2018 to Apr 27, 2018",,,['Lune-Pictures'],"None found,",['T-Rex'],Visual novel,['Hentai'],,,16 min. per ep.,Rx - Hentai,6.81,N/A,#6674,"10,264",22,4448,No synopsis information has been added to this title. Help improve our database by adding a synopsis here.,[],Ura Jutaijima,,,,
233,うたわれるもの トゥスクル皇女の華麗なる日々,,,,,['OVA'],1,Finished Airing,"Apr 26, 2018",,,"None found,","None found,",['White Fox'],Visual novel,,,,13 min.,PG-13 - Teens 13 or older,6.76,#5545,#6806,"9,855",9,2552,Included with the premium collection release of the PS4 remake of Utawarerumono: Chiriyukumono e no Komoriuta. The anime will tell the story of Kuon's childhood days. (Source: ANN),"['Prequel (TV) Utawarerumono', 'Sequel (TV) Utawarerumono: Itsuwari no Kamen']",Utawarerumono: Tusukuru-koujo no Karei Naru Hibi,Utawarerumono: Imperial Princess Tusukuru's Splendid Days,"['Comedy', 'Fantasy']",,
234,Code:Realize ~創世の姫君~,Code:Realize ~Guardian of Rebirth~ Set a thief to catch a thief,Code:Realize ~Guardian of Rebirth~ Folge 13,,Code: Realize ~Guardian of Rebirth~ Épisode 13,['OVA'],1,Finished Airing,"May 17, 2018",,,"None found,","None found,",['M.S.C'],Visual novel,,"['Historical', 'Reverse Harem']",['Josei'],24 min.,PG-13 - Teens 13 or older,6.76,#5567,#6816,"9,823",16,3544,"It has been a month since London was struck with tragedy, and a ceremony symbolizing peace and restoration will soon be held. In light of these events, Arsène Lupin plans to throw a party for Cardia Beckford to honor the fulfillment of her wish. Lupin sets out on a search for the perfect gift to offer her; however, he finds himself caught up in the theft of a valuable jewel, and he is framed and believed to be the culprit. With Lupin locked behind bars, his friends work along with Cardia and an unexpected ally to clear Lupin's name and find the real perpetrators behind the heist. [Written by MAL Rewrite]","['Prequel (TV) Code:Realize - Sousei no Himegimi', '']",Code:Realize - Sousei no Himegimi - Set a Thief to Catch a Thief,"Code:Realize - Sousei no Himegimi: Chapter 13, Code:Realize ~Guardian of Rebirth~ OVA","['Fantasy', 'Romance']",,
235,妹ぱらだいす! 3 The Animation,,,,,['OVA'],2,Finished Airing,"Apr 27, 2018 to Jul 27, 2018",,,['Showten'],"None found,",['Anime Antenna Iinkai'],Visual novel,['Hentai'],,,17 min. per ep.,Rx - Hentai,6.67,N/A,#7460,"7,797",11,3172,"Yuuichi Nanase is currently living with his five beautiful little sisters: Hiharu, Zakuro, Hinata, Rika, and Sakura. One night, he dreams about his sisters standing naked in front of him. As he wakes up, he wonders about the significance of the strange yet delightful dream. Little does he know, this dream precedes a much more enjoyable experience! [Written by MAL Rewrite]","['Prequel (OVA) Imouto Paradise! 2', '']",Imouto Paradise! 3 The Animation,,,,
236,淫行教師4 feat.エロ議員センセイ,,,,,['OVA'],2,Finished Airing,"Apr 27, 2018 to Aug 31, 2018",,,"None found,","None found,",['PoRO'],Visual novel,['Hentai'],,,23 min. per ep.,Rx - Hentai,6.32,N/A,#8784,"5,234",3,1533,No synopsis information has been added to this title. Help improve our database by adding a synopsis here.,[],JK to Inkou Kyoushi 4 feat. Ero Giin-sensei,JK to Inkou Kyoushi 4 feat. Ero Giin Sensei Namaiki Hamedoru Friends,,['School'],
237,バチカン奇跡調査官 魔女のスープ,Vatican Miracle Examiner OVA,,,,['OVA'],1,Finished Airing,"Apr 11, 2018",,,"None found,",['Sentai Filmworks'],['J.C.Staff'],Novel,,,,23 min.,PG-13 - Teens 13 or older,6.48,#7239,#8849,"5,139",5,1281,"While going through old documents, Roberto Nicholas comes upon a peculiar record. It details the agreement of a witch who concocted a soup that supposedly granted generations of popes with longevity in return for her exoneration from the brutal witch trials. Curious as to why the Vatican treated the record with such secrecy and whether the elixir of longevity truly exists, Roberto and his partner, Josef Kou Hiraga, seek to recreate the witch’s soup. [Written by MAL Rewrite]","['Adaptation (Manga) Vatican Kiseki Chousakan', '']",Vatican Kiseki Chousakan: Majo no Soup,Vatican Kiseki Chousakan Special,"['Drama', 'Mystery', 'Supernatural']",,
238,ツンえむ! ~ぎゅっと縛って指導して~ THE ANIMATION,,,,,['OVA'],1,Finished Airing,"Apr 27, 2018",,,['Pink Pineapple'],"None found,",['Shion'],Visual novel,['Hentai'],,,25 min.,Rx - Hentai,6.54,N/A,#9126,"4,690",10,1590,No synopsis information has been added to this title. Help improve our database by adding a synopsis here.,[],Tsun M! Gyutto Shibatte Shidoushite The Animation,,,,
239,SEX～Prologue～,,,,,['OVA'],1,Finished Airing,"May 7, 2018",,,['DMM pictures'],"None found,",['MAPPA'],['Manga'],,,['Seinen'],1 min.,PG-13 - Teens 13 or older,5.93,#10261,#11602,"2,194",3,247,"The anime depicts an original story before Kaho arrives, when Yuki and Natsu have just met in Okinawa. (Source: ANN)","['Adaptation (Manga) Sex', '']",Sex: Prologue,,"['Action', 'Drama']",['School'],
240,私たちの未来,,,,,['OVA'],1,Finished Airing,Apr 2018,,,"None found,","None found,",['Nippon Animation'],Original,,,['Kids'],Unknown,G - All Ages,[],#15271,#19294,326,0,,"An educational anime part of the ""Save our mother earth"" project made to raise the awareness about global warming.",[],Watashitachi no Mirai,,,,
241,放課後ミッドナイターズ ショートムービーズ Season2,,,,,['OVA'],1,Finished Airing,"May 23, 2018",,,"None found,","None found,",['MontBlanc Pictures'],Unknown,['Fantasy'],,['Kids'],28 min.,G - All Ages,[],#18680,#19784,297,0,,No synopsis information has been added to this title. Help improve our database by adding a synopsis here.,"['Prequel (Movie) Houkago Midnighters', '']",Houkago Midnighters: Short Movies Season 2,After School Midnighters: Short Movies Season 2,,,
242,リズと青い鳥,Liz and the Blue Bird,Liz und der Blaue Vogel,,Liz et L'Oiseau Bleu,['Movie'],1,Finished Airing,"Apr 21, 2018",,,"['Lantis', 'Shochiku', 'Pony Canyon', 'Rakuonsha', 'Bandai Namco Arts']","['Eleven Arts', 'GKIDS', 'Ponycan USA']",['Kyoto Animation'],Novel,,"['Music', 'Performing Arts', 'School']",,1 hr. 30 min.,PG-13 - Teens 13 or older,8.22,#368,#1633,"151,857","2,969",61563,"Liz's days of solitude come to an end when she meets a blue bird in the form of a young girl. Although their relationship blossoms, Liz must make a heart-wrenching decision in order to truly realize her love for Blue Bird. High school seniors and close friends Mizore Yoroizuka and Nozomi Kasaki are tasked to play the lead instruments in the third movement of Liz and the Blue Bird, a concert band piece inspired by this fairy tale. The introverted and reserved Mizore plays the oboe, representing the kind and gentle Liz. Meanwhile, the radiant and popular Nozomi plays the flute, portraying the cheerful and energetic Blue Bird. However, as they rehearse, the distance between Mizore and Nozomi seems to grow. Their disjointed duet disappoints the band, and with graduation on the horizon, uncertainty about the future spurs complicated emotions. With little time to improve as their performance draws near, they desperately attempt to connect with their respective characters. But when Mizore and Nozomi consider the story from a brand-new perspective, will the girls find the strength to face harsh realities? A spin-off film adaptation of the Hibike Euphonium! series, Liz to Aoi Tori dances between the parallels of a charming fairy tale, a moving musical piece, and a delicate high school friendship. [Written by MAL Rewrite]",[],Liz to Aoi Tori,"Gekijouban Hibike! Euphonium: Mizore to Nozomi no Monogatari, Hibike! Euphonium: The Story of Mizore and Nozomi, Hibike! Euphonium Movie: Mizore to Nozomi no Monogatari","['Award Winning', 'Drama']",,
243,コードギアス 反逆のルルーシュⅢ 皇道,Code Geass: Lelouch of the Rebellion III - Glorification,,,,['Movie'],1,Finished Airing,"May 26, 2018",,,"None found,",['Funimation'],['Sunrise'],Original,,"['Mecha', 'Military', 'School', 'Super Power']",,2 hr. 20 min.,R - 17+ (violence & profanity),7.97,#706,#2232,"98,945",158,37840,"Lelouch Lamperouge's dreams of destroying the Holy Britannian Empire are slowly crumbling. His sister, Nunnally, has been kidnapped by Schneizel el Britannia, and Suzaku Kururugi is ignoring his desperate pleas for assistance. The Black Knights are slowly losing faith in Lelouch as their leader, and the United Federation of Nations has declared global war on Britannia. Having suffered numerous betrayals, a significant loss of power, and an ever-growing resentment towards Emperor Charles zi Britannia, the crippled Lelouch makes a final decision: if he can't destroy the Empire from the outside, he will take it for himself from within. [Written by MAL Rewrite]","['Prequel (Movie) Code Geass: Hangyaku no Lelouch II - Handou', 'Sequel (Movie) Code Geass: Fukkatsu no Lelouch']",Code Geass: Hangyaku no Lelouch III - Oudou,Code Geass: Lelouch of the Rebellion - Emperor,"['Action', 'Sci-Fi']",,
244,ニンジャバットマン,Batman Ninja,Batman: Ninja,Batman Ninja,Batman Ninja,['Movie'],1,Finished Airing,"Jun 15, 2018",,,['Warner Bros. Japan'],['Warner Bros. Pictures'],['Kamikaze Douga'],Other,['Action'],"['Martial Arts', 'Samurai', 'Time Travel']",,1 hr. 25 min.,PG-13 - Teens 13 or older,6.09,#9456,#2972,"61,738",113,34492,"At Arkham Asylum, Batman clashes with Gorilla Grodd while trying to destroy Grodd's newest invention: the Quake Engine. Amidst the chaos, the engine activates, and the entire asylum suddenly vanishes into thin air—Batman along with it. Once the dust settles, Batman finds himself standing in the middle of an unfamiliar road. He soon realizes that he is no longer in Gotham City—but instead in Feudal Japan! The amazement quickly fades as samurai descend upon him, seeking to take his life. Later on, Batman's investigation leads him to discover that the one responsible for the kill order is none other than his archnemesis, the Joker. Following an encounter with Catwoman, he learns that the asylum's criminals had teleported there two years earlier—each ruling over a piece of Japan with Joker being the dominant warlord. In order to return home, Batman must reactivate the Quake Engine, situated in the remnants of the asylum, now known as Arkham Castle. However, there is one problem: aside from his gadget belt, the arsenal that was once at his fingertips is all but gone. Ninja Batman follows the Dark Knight as he traverses a strange new environment, facing off against familiar foes in a bid to return to Gotham in one piece. [Written by MAL Rewrite]","['Sequel (Movie) Ninja Batman tai Yakuza League', 'Adaptation (Manga) Ninja Batman']",Ninja Batman,,,,
245,デジモンアドベンチャーtri.（トライ）第６章「ぼくらの未来」,Digimon Adventure tri. Future,Digimon Adventure tri. Film 6 - Our Future,Digimon Adventure tri Película 6: Nuestro Futuro,Digimon Adventure tri. Film 6: Bokura no Mirai,['Movie'],1,Finished Airing,"May 5, 2018",,,['Sonilude'],['Shout! Factory'],['Toei Animation'],Original,,,,1 hr. 38 min.,PG-13 - Teens 13 or older,7.21,#3333,#3364,"48,655",50,24974,"The Chosen Children are distraught; believing they have lost one of their friends, the group struggles to find a way to defeat the rampaging Ordinemon. With few options left, they turn to Yamato Ishida for guidance and leadership, but Yamato himself is unsure of what to do. Determined to save the world despite their tragedy, Yamato and his friends must take on the ferocious digital monster. As some of the children are missing their partners, they are at a significant disadvantage. Nevertheless, the Chosen Children resolve to fight until the end to secure their future and that of their friends. [Written by MAL Rewrite]","['Prequel (Movie) Digimon Adventure tri. 5: Kyousei', 'Sequel (ONA) Digimon Adventure: 20-shuunen Memorial Story']",Digimon Adventure tri. 6: Bokura no Mirai,Digimon tri. 6,"['Action', 'Adventure', 'Comedy', 'Drama']",,
246,GODZILLA 決戦機動増殖都市,Godzilla: City on the Edge of Battle,Godzilla: Eine Stadt am Rande der Schlacht,Godzilla: City on the Edge of Battle,GODZILLA La ville à l'aube du combat,['Movie'],1,Finished Airing,"May 18, 2018",,,"['TOHO', 'TOHO animation']","None found,",['Polygon Pictures'],Original,,,,1 hr. 40 min.,R - 17+ (violence & profanity),6.52,#6978,#3635,"42,681",37,25254,"After a desperate battle and many losses, humans finally slay Godzilla—the monster that caused humanity to flee Earth 20 thousand years prior. But the creature Haruo Sakaki's troops killed was not alone; there existed another Godzilla on Earth yet to be defeated. Grievously wounded from the first conflict, Sakaki wakes up in the home of a young girl who is a member of the Houtua tribe. Bearing a shocking resemblance to humans, the Houtua have adapted to survive the changed climate of the planet that had long been abandoned. With most of their resources depleted, the remaining members of Sasaki's special forces struggle with the decision to abandon their mission and their home planet or to fight an improbable battle. Hope is not completely lost however, as the members from the Bilusaludo race of aliens discover remnants of their anti-Godzilla weapon Mechagodzilla. Even with this powerful weapon in their arsenal, victory seems impossible to grasp: Godzilla has spent all this time evolving and preparing to defeat anyone who dares to challenge its superiority. [Written by MAL Rewrite]","['Prequel (Movie) Godzilla 1: Kaijuu Wakusei', 'Sequel (Movie) Godzilla 3: Hoshi wo Kuu Mono']",Godzilla 2: Kessen Kidou Zoushoku Toshi,,"['Action', 'Adventure', 'Sci-Fi']",,
247,劇場版 名探偵コナン ゼロの執行人,Case Closed Movie 22: Zero the Enforcer,Detektiv Conan Film 22: Zero der Vollstrecker,Detective Conan Película 22: Zero the Enforcer,Détective Conan Film 22 : L'Exécutant de Zero,['Movie'],1,Finished Airing,"Apr 13, 2018",,,"['Yomiuri Telecasting', 'TOHO', 'Nippon Television Network', 'Shogakukan']",['Discotek Media'],['TMS Entertainment'],['Manga'],,,,1 hr. 50 min.,PG-13 - Teens 13 or older,7.85,#937,#4122,"33,149",70,17927,"In the film's story, there is a sudden explosion at Tokyo Summit's giant Edge of Ocean facility. The shadow of Tooru Amuro, who works for the National Police Agency Security Bureau as Zero, appears at the site. In addition, the ""triple-face"" character is known as Rei Furuya as a detective and Kogorou Mouri's apprentice, and he is also known as Bourbon as a Black Organization member. Kogorou is arrested as a suspect in the case of the explosion. Conan conducts an investigation to prove Kogorou's innocence, but Amuro gets in his way. (Source: ANN)","['Prequel (Movie) Meitantei Conan Movie 20: Junkoku no Nightmare', 'Adaptation (Manga) Meitantei Conan: Zero no Shikkounin']",Meitantei Conan Movie 22: Zero no Shikkounin,Detective Conan Movie 22: Zero's Executioner,"['Action', 'Award Winning', 'Drama', 'Mystery']",['Detective'],
248,劇場版 SERVAMP -Alice in the Garden-,Servamp Movie: Alice in the Garden,,,,['Movie'],1,Finished Airing,"Apr 7, 2018",,,"None found,","None found,",['Platinum Vision'],['Manga'],,,['Josei'],58 min.,PG-13 - Teens 13 or older,7.25,#3073,#4364,"29,209",43,7743,"The Servamps and their pact-bound ""Eves"" are finally getting back to their normal lives as they recover from their injuries from the previous battles. However, when it starts snowing in the middle of summer, one of the Eves, Mahiru Shirota, suspects vampiric interference. Concerned by the strange phenomenon, he sets out to gather the group once more to try and solve the mystery; however, they suddenly lose contact with Misono Arisuin, the Eve of the Servamp of Lust. Servamp Movie: Alice in the Garden delves into the untold past of Misono and his brother Mikuni Arisuin, as well as the many mysteries of the grand Arisuin Mansion. [Written by MAL Rewrite]","['Adaptation (Manga) Servamp', '']",Servamp Movie: Alice in the Garden,Gekijouban Servamp: Alice in the Garden,"['Action', 'Fantasy']",['Vampire'],
249,曇天に笑う＜外伝＞ ～宿命、双頭の風魔～,Donten: Laughing Under the Clouds - Gaiden: Chapter 2 - The Tragedy of Fuuma Ninja Tribe,"Unterm Wolkenhimmel, Laughing Under the Clouds: Gaiden, Film 2: Tödliches Ritual",,,['Movie'],1,Finished Airing,"Jun 9, 2018",,,"['Production I.G', 'Shochiku', 'Blade', 'Kinoshita Management']",['Eleven Arts'],['Wit Studio'],['Manga'],,"['Historical', 'Martial Arts']",,1 hr.,PG-13 - Teens 13 or older,7.51,#1933,#5736,"15,051",29,2654,"Fuuma ninja clan is a secret ninja tribe that is waiting for the ""Orochi"" (gigantic snake) to resurrect for generations. Shirasu and his twin brother Ichiu grew up in this viscous environment and this tells how they become the leaders of the clan. (Source: Amazon Prime Video)","['Prequel (Movie) Donten ni Warau Gaiden: Ketsubetsu, Yamainu no Chikai', 'Sequel (Movie) Donten ni Warau Gaiden: Ouka, Tenbou no Kakehashi', 'Adaptation (Manga) Donten ni Warau Gaiden', '']","Donten ni Warau Gaiden: Shukumei, Soutou no Fuuma","Cloudy Laugh Gaiden, Laughing Under the Clouds Gaiden","['Action', 'Supernatural']",,
250,PEACE MAKER 鐵 前編～想道〈オモウミチ〉～,PEACE MAKER KUROGANE – Belief & Friend,Peace Maker Kurogane der Film: Belief & Friend,Peace Maker Kurogane la Película: Belief & Friend,Peace Maker Kurogane le Film: Belief & Friend,['Movie'],1,Finished Airing,"Jun 2, 2018",,,"None found,","None found,",['White Fox'],['Manga'],,"['Historical', 'Samurai']",['Shounen'],56 min.,R - 17+ (violence & profanity),6.67,#6070,#7449,"7,816",8,1172,"Although traumatized by witnessing the murder of his parents by one of the Choushuu, Ichimura Tetsunosuke's thirst for revenge leads him to desire strength. At the age of 15, Tetsunosuke approached the Shinsengumi, wanting to become one of its members. However, Tetsunosuke lacked the skill, mind, and will to emotionlessly cut down whoever threatened peace and the Shinsengumi. Even with the support of his brother Tatsunosuke and his newfound friends of the Shinsengumi, little did Tetsunosuke know the blood and pain he would have to face being part of this historical group.","['Prequel (TV) Peace Maker Kurogane', 'Sequel (Movie) Peace Maker Kurogane Movie 2: Yuumei', 'Adaptation (Manga) Peace Maker Kurogane', '']",Peace Maker Kurogane Movie 1: Omou Michi,,"['Action', 'Comedy']",,
251,映画クレヨンしんちゃん 爆盛！カンフーボーイズ ～拉麺大乱～,,,,,['Movie'],1,Finished Airing,"Apr 13, 2018",,,"['TV Asahi', 'Asatsu DK']","None found,",['Shin-Ei Animation'],['Manga'],['Comedy'],,['Seinen'],1 hr. 45 min.,G - All Ages,6.92,#4733,#10342,"3,172",1,1467,"Shin-chan is all set to challenge Kung Fu in the Chinatown of Kasukabe city, known as ""Aiya Town."" Shinnosuke and Kasukabe Defence Group are going to put up a totally no-stunt Kung Fu challenge on the stage. (Source: Wikipedia)","['Prequel (Movie) Crayon Shin-chan Movie 25: Shin-chan Shuurai! Uchuujin Shiriri', 'Sequel (Movie) Crayon Shin-chan Movie 27: Shinkon Ryokou Hurricane - Ushinawareta Hiroshi']",Crayon Shin-chan Movie 26: Bakumori! Kung Fu Boys - Ramen Tairan,Crayon Shin-chan: Burst Serving! Kung Fu Boys - Ramen Rebellion,,,
252,劇場版 プリパラ＆キラッとプリ☆チャン ～きらきらメモリアルライブ～,,,,,['Movie'],1,Finished Airing,"May 5, 2018",,,"None found,","None found,","None found,",Game,['Slice of Life'],"['Idols (Female)', 'Music']",,1 hr. 25 min.,PG - Children,6.55,#6763,#12036,"1,923",4,478,"Childhood friends Mirai Momoyama and Emo Moegi are first-year middle school students. The two register as a channel on Pri☆Chan with the intention of becoming idols, and along with their classmate, Rinka Aoba, they head out to their favorite Prism Stone Shop. The three of them unexpectedly wandered into another dimension, and the place they found themselves in is the PriPara World...!? Will Mirai, Emo, and Rinka be able to return to their world safely!? Now the dream stage is about to begin! (Source: The Prism Channel)",[],PriPara & Kiratto Pri☆chan Movie: Kirakira Memorial Live,PriPara & Kiratto Pri☆chan Movie: Sparkling Memorial Live,,,
253,猫与桃花源,Cats and Peachtopia,,Gatos,,['Movie'],1,Finished Airing,"Apr 5, 2018",,,"None found,","None found,",['Light Chaser Animation Studios'],Original,,,,1 hr. 45 min.,G - All Ages,6.39,#7747,#14373,967,1,134,"A cat named Blanket has long been living in a high-rise apartment in the city with his son, Cloak. One day, curious about the outside world, Cloak decides to leave home and embarks on an adventure to find the legendary cat's paradise. To find his son, Blanket must overcome his fear and reconcile with his past, with the help of a female Macaw.",[],Mao Yu Tao Hua Yuan,"Mao Yu Taohua Yuan, Mao Yu Taohuayuan","['Adventure', 'Comedy', 'Fantasy']",['Anthropomorphic'],
254,それいけ! アンパンマン かがやけ! クルンといのちの星,Anpanman: Shine! Kulun and the Stars of Life,,,,['Movie'],1,Finished Airing,"Jun 30, 2018",,,"None found,","None found,",['TMS Entertainment'],Picture book,,,['Kids'],1 hr. 1 min.,PG - Children,[],#14517,#16315,581,1,,"The story begins in Anpanman World, where everybody is bustling around, getting ready for the annual Star Festival. On that day, an egg emerges from Baikinman's garbage box, and when it hatches, a mysterious boy named Kurun emerges from within. Though Kurun does not know where he came from, he spends his days having fun with everybody. But one day, black stars begin raining down. Anpanman thinks that something suspicious might be occurring at the Star of Life, and he heads there. (Source: ANN)",[],Sore Ike! Anpanman: Kagayake! Kurun to Inochi no Hoshi,"Let's go! Anpanman: Shine! Kurun and the Star of Life, Sore Ike! Anpanman Movie 30","['Comedy', 'Fantasy']",,
255,女他,SHe,,,,['Movie'],1,Finished Airing,"Jun 20, 2018",,,"None found,","None found,","None found,",Original,,,,1 hr. 35 min.,PG-13 - Teens 13 or older,[],#20743,#18345,393,0,,"In a totalitarian and male chauvinist world, a female high-heeled shoe named Mulan Hua rebels against the baby shoe factory to protect her baby girl from being transformed into a male shoe. To raise her daughter, she later has to disguise herself as a male sturdy shoe and works day and night in a capitalist cigarette factory. The story is not only about a mother’s sacrifice and a feminist’s revenge, but also has a political undertone of the intoxication of power. (Source: mulanfestival.com)",[],Nu ta,,"['Avant Garde', 'Fantasy']",,
256,,,,,,['Movie'],1,Finished Airing,"Jun 6, 2018",,,"None found,","None found,",['VCRWORKS'],Original,['Avant Garde'],,,5 min.,PG-13 - Teens 13 or older,5.81,#10872,#18519,379,1,180,"A whale is being neglected and decayed since it has been drifted on the shore of Han River. Such strange things happened but no one in the city cares, only a dog and birds are around the whale. These sceneries are a remembrance of the depression which has been hanging over South Korea quite a while. (Source: vcrworks.kr)",[],Sigh of Sighs,,,['Psychological'],
257,ピリオド　オブ・ザ　マウスマン,Period of the Mouseman,,,,['Movie'],1,Finished Airing,Jun 2018,,,"None found,",['Sentai Filmworks'],['Studio Kingyoiro'],Original,,,,20 min.,PG-13 - Teens 13 or older,[],#21002,#20484,259,0,,"In Period of the Mouseman, a young man grapples with his transformation into a cyborg modeled after a mouse (Source: HDIVE)",[],Period of the Mouseman,,"['Drama', 'Romance', 'Sci-Fi']",,
258,卡农的谋杀,Canonic Murder,,,,['Movie'],1,Finished Airing,"Jun 12, 2018",,,"None found,","None found,","None found,",Original,['Drama'],,,5 min.,PG-13 - Teens 13 or older,[],#19303,#21350,209,0,,"When I killed every single one of my selves for the past six days, I thought I was free. (Source: Movie Douban, translated)",[],Kanong de Mousha,Kill Yourself,,,
259,Si So Mi,Si So Mi,,,,['Movie'],1,Finished Airing,"Jun 30, 2018",,,"None found,","None found,","None found,",Original,,,,5 min.,PG-13 - Teens 13 or older,[],#14402,#22989,137,0,,"A love poem from the 1935 German film soundtrack has become a synonym for the funeral procession ""Sisomi"" in Taiwan, creating an interesting and absurd contrast between the two. The dance movements are interwoven with the stories of dead animals and death that belong to the city, telling their own life stories. (Source: Goldenhorse, translated)",[],Si So Mi,Sisomi,"['Avant Garde', 'Drama']",,
260,吃货宇宙,,,,,['Movie'],1,Finished Airing,"Jun 16, 2018",,,"['TanKong Pictures', 'Shanghai Morejoy Entertainment Co., Ltd.', 'The Gate Studio']","None found,","None found,",Unknown,,,['Kids'],1 hr. 28 min.,PG - Children,[],#17285,#23540,121,0,,"Set in a universe consisting of planets made of food, Foodiverse, tells the story of dumpling Mrs. Penny and her friend Mr. Podge, a slightly portly steamed bun in Flour Planet. (Source: elcinema)",[],Chihuo Yuzhou,Foodiverse,"['Adventure', 'Fantasy']",['Anthropomorphic'],
261,潜艇总动员：海底两万里,,,,,['Movie'],1,Finished Airing,"Jun 1, 2018",,,"None found,","None found,","None found,",Unknown,['Adventure'],,['Kids'],1 hr. 15 min.,PG - Children,[],#21212,#24369,104,0,,"Ali, Beibe and Meisha, submarines, have befriended a group of adorable sea creatures at the bottom of the ocean. After they tell Ali about a frightening legend of a mysterious sea monster that supposedly disrupted the ecological balance of the ocean, he leads an expedition team with Beibe and Meisha to find the creature and return the balance. (Source: Wikipedia)","['Prequel (Movie) Qian Ting Zong Dong Yuan 5: Shi Guang Bao He', '']",Qian Ting Zong Dong Yuan: Haidi Liang Wanli,"Qianting Zongdongyuan: Haidi Liang Wanli, Happy Little Submarine: 20000 Leagues under the Sea",,,
262,寒露,A Fly in the Restaurant,,,,['Movie'],1,Finished Airing,"Jun 12, 2018",,,"None found,","None found,","None found,",Original,['Drama'],,,6 min.,G - All Ages,[],#18411,#24690,99,0,,"In a restaurant in China, waiters try to swat flies while a number of diners eat their food. (Source: Vimeo)",[],Hanlu,,,,
263,每一朵花儿,,,,,['Movie'],1,Finished Airing,"May 25, 2018",,,"None found,","None found,","None found,",Original,['Drama'],,,8 min.,PG-13 - Teens 13 or older,[],#20129,#24708,99,0,,A short film by Yuanqing Cai (蔡源青).,[],Meiyi Duo Hua er,,,,
264,小公主艾薇拉与神秘王国,Princess and the Kingdom,,,,['Movie'],1,Finished Airing,"May 12, 2018",,,"None found,","None found,","None found,",Unknown,,,['Kids'],1 hr. 17 min.,G - All Ages,[],#15527,#24839,97,0,,No synopsis information has been added to this title. Help improve our database by adding a synopsis here.,"['Sequel (Movie) Xiao Gongzhu Ai Wei La Yu Shenmi Wangguo 2', '']",Xiao Gongzhu Ai Wei La Yu Shenmi Wangguo,,"['Adventure', 'Fantasy']",,
265,미니특공대 X,Mini Force X Movie,,,,['Movie'],1,Finished Airing,"Apr 8, 2018 to ?",,,"None found,","None found,",['SAMG Entertainment'],Original,['Action'],"['Anthropomorphic', 'Mecha']",['Kids'],1 hr. 8 min.,PG - Children,[],#20278,#25138,93,0,,No synopsis information has been added to this title. Help improve our database by adding a synopsis here.,[],Miniforce X Movie,,,,
266,魔镜奇缘2,,,,,['Movie'],1,Finished Airing,"Jun 1, 2018",,,"None found,","None found,","None found,",Original,['Fantasy'],,['Kids'],1 hr. 17 min.,PG - Children,[],#20340,#25139,93,0,,No synopsis information has been added to this title. Help improve our database by adding a synopsis here.,"['Prequel (Movie) Mo Jing Qi Yuan', 'Sequel (Movie) Mo Jing Qi Yuan 3']",Mo Jing Qi Yuan 2,Magic Mirror 2,,,
267,ハイスクールD×D HERO体育館裏のホーリー,High School DxD Hero Episode 0: Holiness Behind the Gym,,,High School DxD Hero: Episode 0,['TV Special'],1,Finished Airing,"Apr 10, 2018",,,"['Genco', 'Movic', 'AT-X', 'Memory-Tech', 'Hakuhodo DY Music & Pictures', 'Kadokawa', 'Bandai Namco Arts']",['Funimation'],['Passione'],['Light novel'],,"['Harem', 'Mythology', 'School']",,24 min.,R+ - Mild Nudity,6.95,#4592,#2148,"105,182",175,53972,Alternative version of final four episodes of High School DxD BorN.,"['Prequel (OVA) High School DxD BorN: Yomigaeranai Fushichou', 'Sequel (TV) High School DxD Hero']",High School DxD Hero: Taiikukan-ura no Holy,,"['Action', 'Comedy', 'Romance', 'Supernatural', 'Ecchi']",,
268,ゆるキャン△ スペシャル,Laid-Back Camp Specials,,,,['Special'],3,Finished Airing,"Mar 28, 2018 to Jul 25, 2018",,,"None found,","None found,",['C-Station'],['Manga'],['Slice of Life'],"['CGDCT', 'Iyashikei']",,8 min. per ep.,PG-13 - Teens 13 or older,7.57,#1683,#3048,"58,737",91,28212,"When Chiaki Oogaki and Aoi Inuyama start the Outdoor Activities Club at their school, it is only the two of them and an array of ambitious plans. Things do not change much even after a new member—Nadeshiko Kagamihara—joins. And yet, the cheerful, cozy atmosphere seems to bring many curious visitors to their small headquarters. As the three girls set out on a camping trip to Australia alongside their friends Rin Shima and Ena Saitou, an unexpected incident turns the relaxing event into quite an adventure. [Written by MAL Rewrite]",[],Yuru Camp△ Specials,"Laid-Back Camp, Yurukyan, Yuru Camp△: Heya Camp Episode 0",,,
269,伊藤潤二 富江,,,,,['Special'],2,Finished Airing,"Apr 27, 2018 to May 25, 2018",,,"['Nippon Columbia', 'Yomiuri TV Enterprise', 'Pony Canyon Enterprises', 'SMIRAL Animation', 'Crunchyroll SC Anime Fund', 'Muse Communication', 'Asahi Shinbun Shuppan']","None found,",['Studio Deen'],['Manga'],,,['Shoujo'],10 min. per ep.,R - 17+ (violence & profanity),6.37,#7835,#3536,"44,831",141,19637,"Memories, both good and bad, suffuse the high school experience. Whether it's hanging out with friends or cramming for tests, everyone has something they will remember from that time in their lives. At a certain high school, one class is faced with an event that can cause people to look back on their high school days in sadness: the death of a student. The deceased is not just any student—she's Tomie Kawakami, a popular girl with an almost otherworldly beauty. Her death was particularly gruesome: her body was dismembered and the pieces scattered. As the class tries to make sense of the situation, they are shocked when a familiar voice calls out to them from the doorway, apologizing for being late. With raven hair and a beauty mark under her left eye, this girl is the spitting image of their murdered classmate. But she can't actually be Tomie, right? [Written by MAL Rewrite]","['Adaptation (Manga) Tomie', '']",Itou Junji: Collection - Tomie,"Itou Junji: Collection Specials, Itou Junji Episodes 13 and 14","['Drama', 'Horror', 'Supernatural']",,
270,ソードアート・オンライン オルタナティブ ガンゲイル・オンライン 5.5話「ルフラン」,,,,,['TV Special'],1,Finished Airing,"May 13, 2018",,,"None found,","None found,",['Studio 3Hz'],['Light novel'],['Action'],"['Military', 'Video Game']",,23 min.,PG-13 - Teens 13 or older,6.57,#6672,#3623,"42,841",70,18276,"Following the conclusion of the first ever Squad Jam, Pitohui is eager to see what she missed, dying to know how everything went down. To satiate her desires, M reviews footage of the competition with her, commentating on the trials that he and LLENN faced together. [Written by MAL Rewrite]",[],Sword Art Online Alternative: Gun Gale Online - Refrain,"Sword Art Online Alternative: Gun Gale Online Recap, Sword Art Online Alternative: Gun Gale Online Episode 5.5",,,
271,Free!-Dive to the Future- 早春のビルドアップ,Free! Dive to the Future Episode 0,,,,['Special'],1,Finished Airing,"Jun 23, 2018",,,"None found,","None found,","['Kyoto Animation', 'Animation Do']",Original,['Comedy'],,,23 min.,PG-13 - Teens 13 or older,7.56,#1714,#4677,"25,080",15,9960,"As they adjust to life in Tokyo, Haruka Nanase and Makoto Tachibana prepare for their university's opening ceremony. However, while running some errands, they find themselves representing Iwatobi in a regional mascot wrestling tournament. Unbeknownst to them, the rest of the Iwatobi and Samezuka swim club members are watching the event's live broadcast at a local festival. While also adapting to the quick change of pace, Ikuya Kirishima and Hiyori Toono discuss what moving from the countryside to the city was like. Crossing paths with old friends on the bustling streets of Tokyo, the curtain rises on a new chapter in the boys' lives. [Written by MAL Rewrite]","['Prequel (Movie) Free! Take Your Marks', 'Sequel (TV) Free! Dive to the Future']",Free! Dive to the Future - Soushun no Build-up!,Free! Dive to the Future Special,,['School'],
272,BEATLESS Intermission,,Beatless: Pause 001 - Pause 004,"Sin Latidos: Intermedio 001, intermedio 002, intermedio 003, intermedio 004",Beatless: Entracte 001 - Entracte 004,['TV Special'],4,Finished Airing,"Feb 17, 2018 to Jun 2, 2018",,,"None found,","None found,",['Diomedéa'],Novel,,,,24 min. per ep.,PG-13 - Teens 13 or older,5.66,#11557,#6084,"12,847",17,4978,Recap episodes of Beatless.,[],Beatless Intermission,"Beatless Recap, Beatless Episode 5.5, Beatless Episode 9.5, Beatless Episode 14.5, Beatless Episode 16.5","['Action', 'Drama', 'Romance', 'Sci-Fi']",,
273,七つの美徳,The Seven Heavenly Virtues Specials,,,,['Special'],2,Finished Airing,"Apr 27, 2018",,,['Hobby Japan'],['Sentai Filmworks'],['Bridge'],Other,,,,4 min. per ep.,R+ - Mild Nudity,5.51,#12093,#6277,"11,887",11,4193,Unaired episodes included with the Blu-ray and DVD release of Nanatsu no Bitoku.,[],Nanatsu no Bitoku Specials,,"['Fantasy', 'Ecchi']",['Mythology'],
274,ハクメイとミコチ 「ネジとベッド と 囲炉裏と博打」,,,,,['Special'],1,Finished Airing,"Jun 27, 2018",,,"None found,",['Sentai Filmworks'],['Lerche'],['Manga'],,,['Seinen'],23 min.,PG-13 - Teens 13 or older,7.57,#1701,#7018,"9,127",8,3961,Special episode included in the second Blu-ray/DVD volume.,"['Adaptation (Manga) Hakumei to Mikochi', '']",Hakumei to Mikochi: Neji to Bed to Irori to Bakuchi,"Hakumei and Mikochi: Screws, Beds, Fireplaces, and Gambling","['Fantasy', 'Slice of Life']",['Iyashikei'],
275,フルメタル・パニック！Invisible Victory インターミッション,,,,,['TV Special'],2,Finished Airing,"May 11, 2018 to Jun 15, 2018",,,"None found,",['Funimation'],['Xebec'],['Light novel'],['Action'],"['Mecha', 'Military']",,24 min. per ep.,R - 17+ (violence & profanity),6.37,#7896,#7712,"7,202",3,2191,Recap episodes of Full Metal Panic! Invisible Victory.,[],Full Metal Panic! Invisible Victory Intermission,"Full Metal Panic! IV Intermission, Full Metal Panic! Invisible Victory Recap",,,
276,カードキャプターさくら クリアカード編　総集編,Cardcaptor Sakura: Clear Card Recap,,,,['TV Special'],1,Finished Airing,"Apr 1, 2018",,,"None found,","None found,","None found,",['Manga'],,,['Shoujo'],25 min.,PG - Children,7.03,#4262,#7926,"6,754",16,2020,Recap of first 12 episodes of Cardcaptor Sakura: Clear Card-hen.,[],Cardcaptor Sakura: Clear Card-hen Recap,"Cardcaptor Sakura: Clear Card Arc Recap, Cardcaptor Sakura: Clear Card Arc 12.5","['Adventure', 'Comedy', 'Romance']",['Mahou Shoujo'],
277,魔法少女サイト ダイジェストPV,Magical Girl Site Recaps,,,,['Special'],2,Finished Airing,"May 10, 2018 to Jun 13, 2018",,,['Avex Pictures'],"None found,",['production doA'],['Manga'],,"['Gore', 'Mahou Shoujo', 'Psychological']",,16 min. per ep.,R - 17+ (violence & profanity),6.22,#8719,#8534,"5,667",7,1452,Recaps of the Mahou Shoujo Site created by Avex Entertainment. Narrated by AI Kizuna and Nobuhiko Okamoto.,[],Mahou Shoujo Site Recaps,Mahou Shoujo Site Digest,"['Drama', 'Horror', 'Suspense']",,
278,KisKis！我的男友是薄荷糖,,,,,['Special'],4,Finished Airing,May 2018 to Jun 2018,,,['bilibili'],"None found,","None found,",Other,['Romance'],,,5 min. per ep.,G - All Ages,5.80,#10912,#9463,"4,195",23,946,A promotional animation for mint candies.,[],KisKis! Wo de Nanyou Shi Bohe Tang,"KisKis! My Boyfriends are Mint Candies, KisKis! Wo De Nan You Shi Bo He Tang",,['Reverse Harem'],
279,トキノ交差,Shibuya Vernacular,,,,['Special'],1,Finished Airing,"Apr 20, 2018",,,"['MAZRI', 'Audio Graphics Institute']","None found,",['CLAP'],Original,['Avant Garde'],,,1 min.,G - All Ages,6.16,#9053,#9599,"4,017",7,1166,"A four-dimensional short anime will start at the very beginning of Shibuya Crossing, that is, 10,000 years in the past. The anime is part of a collaborative project helmed by Yoshitoshi Shinomiya. It features a hybrid of animation and live-action. The short was screened on Shibuya's Crossing screens and a YouTube-friendly version was posted as well. (Source: ANN)",[],Toki no Kousa,Crossing of Time,,,
280,宇宙戦艦ティラミス,Space Battleship Tiramisu Specials,,,,['Special'],3,Finished Airing,"Jun 27, 2018 to Jul 25, 2018",,,"None found,",['Funimation'],['Gonzo'],['Web manga'],,"['Mecha', 'Parody', 'Space']",,7 min. per ep.,PG-13 - Teens 13 or older,6.32,#8134,#9709,"3,892",0,1865,Unaired episodes included with the Blu-ray volumes.,"['Adaptation (Manga) Uchuu Senkan Tiramisù', '']",Uchuu Senkan Tiramisù Specials,Space Battleship Tiramisu,"['Comedy', 'Sci-Fi']",,
281,アイドリッシュセブン特別番組 キミと振り返らないと!,,,,,['TV Special'],1,Finished Airing,"Apr 1, 2018",,,"None found,","None found,",['TROYCA'],Game,['Drama'],"['Idols (Male)', 'Music']",,23 min.,PG-13 - Teens 13 or older,6.90,#4824,#10168,"3,359",14,729,Special recap episode of IDOLiSH7.,[],IDOLiSH7 Special Program: Kimi to Furikaeranai to!,"Idolish Seven Recap, IDOLiSH7 Tokubetsu Bangumi: Kimi to Furikaeranai to!",,,
282,アイドルマスター SideM 特別編「315バラエティパック！ Made In Passion！ 」,THE IDOLM@STER SideM: 315 Variety Pack! Made In Passion!,,,,['Special'],1,Finished Airing,"Jun 27, 2018",,,"['Aniplex', 'Lantis', 'Bandai Namco Live Creative', 'Bandai Namco Entertainment', 'ABC Animation']","None found,",['A-1 Pictures'],Game,,"['Idols (Male)', 'Music']",,25 min.,PG-13 - Teens 13 or older,6.44,#7438,#10276,"3,237",5,441,Unaired episode included with the 7th volume of the BD/DVD release of The iDOLM@STER SideM.,"['Prequel (TV) The iDOLM@STER SideM', '']",The iDOLM@STER SideM: 315 Variety Pack! Made In Passion!,"The iDOLM@STER SideM Special, The Idolmaster Side M Special",,,
283,ドラえもん (2005) Specials,,,,,['TV Special'],Unknown,Currently Airing,"Apr 15, 2005 to ?",,,"None found,","None found,",['Shin-Ei Animation'],Unknown,['Comedy'],,['Seinen'],45 min.,PG - Children,6.80,#5331,#12789,"1,502",5,470,"59 Doraemon (2005) TV Specials exist as of January 24, 2018.",[],Doraemon (2005) Specials,Doraemon Crayon Shin-chan Haru da! Eiga da! 3-Jikan Anime Matsuri 2,,,
284,覇穹 封神演義,Hakyu Hoshin Engi Recap,Hakyu Hosin Engi Folge 14.5 Recap,Hakyu Hoshin Engi: Episodio 14.5 Especial,Hakyu Hosin Engi Épisode 14.5: Souvenirs,['TV Special'],1,Finished Airing,"Apr 27, 2018",,,"None found,","None found,",['C-Station'],['Manga'],,,['Shounen'],23 min.,PG-13 - Teens 13 or older,5.16,#12990,#13092,"1,372",0,470,Recap episode of Hakyuu Houshin Engi.,[],Hakyuu Houshin Engi Recap,,"['Action', 'Adventure', 'Fantasy']",['Mythology'],
285,目玉おやじのエイプリルフール,,,,,['Special'],3,Finished Airing,"Apr 1, 2018",,,['Fuji TV'],"None found,",['Toei Animation'],['Manga'],,"['Mythology', 'Parody']",,14 sec. per ep.,G - All Ages,5.11,#13074,#14527,930,1,267,"An April Fools' Day prank between Gegege no Kitarou (2018) and Fuji TV. It shows Medama Oyaji playing around with the Fuji TV mascot, since both the anime and these prank shorts aired on that TV channel. Toei Animation posted a compilation of all 3 shorts on their official YouTube channel.",[],Medama Oyaji no April Fools',,,,
286,ありす第13話総集編,,,,,['TV Special'],1,Finished Airing,"Jun 27, 2018",,,"None found,","None found,","None found,",['4-koma manga'],['Slice of Life'],,,3 min.,PG-13 - Teens 13 or older,5.42,#12351,#14951,825,0,317,A recap episode that aired a week after 12th episode. It consists of re-edited version of episode 8 with scenes from other episodes mixed in.,[],Alice or Alice Recap,"Alice or Alice: Compilation, Alice or Alice Soushuu-hen",,['CGDCT'],
287,離すな★,,,,,['Special'],1,Finished Airing,"Apr 1, 2018",,,"None found,","None found,","None found,",Original,['Avant Garde'],,,15 sec.,G - All Ages,5.36,#12535,#15510,703,0,260,"A televised advertisement for Mode Gakuen, a vocational college in Japan located in Tokyo, Osaka, Nagoya, and Paris. They specialize in fashion, styling, graphic design both in techniques as well as business. Every year they make a new student recruitment video with a tag line. For 2018, the video was animated with the tag line Suki na Koto dake wa, Shindemo Hanasu na★.",[],Hanasu na★,"Mode Gakuen 2018, Suki na Koto dake wa, Shindemo Hanasu na★",,,
288,usa Weather Show,Usa Weather Show,,,,['Special'],1,Finished Airing,Jun 2018,,,"None found,","None found,","None found,",Original,['Slice of Life'],,,35 sec.,G - All Ages,4.72,#13498,#16924,513,1,249,Usa has a weather show with a guest slug who is excited that it will finally be raining.,[],Usa Weather Show,,,,
289,タヌキとキツネ,,,,,['Special'],2,Finished Airing,"May 15, 2018",,,"None found,","None found,","['Gathering', 'Lesprit']",['Web manga'],['Comedy'],,,1 min. per ep.,G - All Ages,[],#14743,#18474,384,0,,Two specials of Tanuki to Kitsune released only on the DVD of the main show. The disc will bundle with the manga's 4th tankoubon. (Source: ANN),"['Prequel (ONA) Tanuki to Kitsune', 'Sequel (ONA) Tanuki to Kitsune: Dai 5-kan Hatsubai Kinen Animation', 'Adaptation (Manga) Tanuki to Kitsune', '']",Tanuki to Kitsune Specials,Raccoon Dog and Fox Specials,,,
290,PACALIEN,,,,,['TV Special'],4,Finished Airing,"May 19, 2018",,,"None found,","None found,",['Angle'],Original,,,,38 sec. per ep.,PG-13 - Teens 13 or older,[],#20931,#22701,146,0,,A series of original Pacalien shorts which aired during commercial breaks on Toonami. It was subsequently released on U-NEXT.,[],Pacalien (Special),"The Pacalien, Alpaca Alien: PACALIEN","['Comedy', 'Horror', 'Sci-Fi']",['Anthropomorphic'],
