,Synonyms,Japanese,English,Type,Episodes,Status,Aired,Premiered,Broadcast,Producers,Licensors,Studios,Source,Genre,Themes,Demographic,Duration,Rating,Score,Ranked,Popularity,Members,Favorites,Scorers,Synopsis,Related_Entries,Title,Genres,Theme,German,Spanish,Demographics,French
0,My Star Season 2,【推しの子】第2期,[Oshi No Ko] Season 2,['TV'],13,Finished Airing,"Jul 3, 2024 to Oct 6, 2024",['Summer 2024'],Wednesdays at 23:00 (JST),"['Delfi Sound', 'Shueisha', 'CyberAgent', 'Kadokawa']",['Sentai Filmworks'],['Doga Kobo'],['Manga'],['Drama'],"['Reincarnation', 'Showbiz']",['Seinen'],25 min. per ep.,PG-13 - Teens 13 or older,8.59,#104,#585,"418,799","5,513",182865,"With the help of producer Masaya Kaburagi, Aquamarine ""Aqua"" Hoshino and Kana Arima have landed the roles of Touki and Tsurugi in Lala Lai Theatrical Company's stage adaptation of the popular manga series Tokyo Blade. Co-starring with them is Aqua's girlfriend, Akane Kurokawa, who plays Touki's fiancée, Princess Saya. Due to the fanbase preferring Tsurugi as Touki's love interest, Saya has made fewer and fewer appearances in the manga, making it difficult for Akane to fully immerse herself in the role. Her struggles are compounded by differences between the play's script and the original work—differences that also frustrate Tokyo Blade's author, Abiko Samejima. Aqua, however, is more concerned with his personal goals than he is with the play. He has only one objective in mind: to grow closer to director Toshirou Kindaichi and find out what he knows about Aqua's mother, Ai. [Written by MAL Rewrite]","['Prequel (TV) [Oshi no Ko]', 'Sequel (TV) [Oshi no Ko] 3rd Season', 'Adaptation (Manga) [Oshi no Ko]', '']",[Oshi no Ko] 2nd Season,,,,,,
1,"Roshidere, Alya-san, who sits besides me and sometimes murmurs affectionately in Russian., Arya Next Door Sometimes Lapses into Russian",時々ボソッとロシア語でデレる隣のアーリャさん,Alya Sometimes Hides Her Feelings in Russian,['TV'],12,Finished Airing,"Jul 3, 2024 to Sep 18, 2024",['Summer 2024'],Wednesdays at 23:30 (JST),"['Sega', 'Delfi Sound', 'Kadokawa']","None found,",['Doga Kobo'],['Light novel'],,,,24 min. per ep.,PG-13 - Teens 13 or older,7.60,#1581,#631,"394,673","4,939",197838,"Seirei Academy is a prestigious school attended by the very best students in Japan. Alisa Mikhailovna ""Alya"" Kujou, the half-Russian and half-Japanese treasurer of the school's student council, is known for her intelligence, stunning looks, and rigid personality. Contrasting her near-flawless persona, Alya's unmotivated classmate Masachika Kuze slacks off during lessons and seems to show no interest in her. Initially irritated, Alya gradually becomes more intrigued by Masachika and starts expressing her affection for him in Russian. However, she is oblivious to his secret—he understands the language fluently! Due to a childhood friend who was temporarily staying in Japan, Masachika has been studying Russian in hopes of reuniting with her. As the two spend more time together, the playful and eccentric relationship between them quickly deepens. In the meantime, both must learn to navigate their new growing feelings for one another. [Written by MAL Rewrite]","['Sequel (TV) Tokidoki Bosotto Russia-go de Dereru Tonari no Alya-san Season 2', 'Adaptation (Manga) Tokidoki Bosotto Russia-go de Dereru Tonari no Alya-san', 'Adaptation (Light Novel) Tokidoki Bosotto Russia-go de Dereru Tonari no Alya-san', '']",Tokidoki Bosotto Russia-go de Dereru Tonari no Alya-san,"['Comedy', 'Romance']",['School'],,,,
2,Wistoria's Wand and Sword,杖と剣のウィストリア,Wistoria: Wand and Sword,['TV'],12,Finished Airing,"Jul 7, 2024 to Sep 29, 2024",['Summer 2024'],Sundays at 16:30 (JST),"['Lantis', 'TBS', 'Kodansha', 'Crunchyroll', 'Jinnan Studio', 'Bandai Namco Filmworks', 'Bandai Namco Music Live']","None found,","['Actas', 'Bandai Namco Pictures']",['Manga'],,,['Shounen'],23 min. per ep.,PG-13 - Teens 13 or older,7.88,#857,#914,"281,608","1,567",145284,"When humanity was oppressed by mysterious foes known as the Celestial Hosts, five exceptional mages joined forces to defeat them. In fear that these formidable enemies would return, the five most powerful mages, known as the Magia Vander, built a magical dome and a tower to contain them. Since then, the five strongest mages of every generation are tasked with monitoring the dome from the top of the Wizard's Tower. Inspired by this story, childhood friends Will Serfort and Elfaria Albis Serfort promised each other that they would climb to the top of the Wizard's Tower. However, now a sixth-year student at Regarden Magic Academy, Will's future looks bleak. Although Elfaria managed to join the ranks of the Magia Vander five years prior thanks to her unparalleled magical power, Will has no magical abilities whatsoever, attracting the ire of teachers and students alike. However, blessed with an exceptional physique, Will is able to slay monsters in the labyrinth and prevail against skilled magicians with the only aid of his sword and a few magical items. Determined to climb the Wizard's Tower at all cost, Will is determined to not let anyone or anything prevent him from keeping the promise he made to Elfaria. [Written by MAL Rewrite]","['Sequel (TV) Tsue to Tsurugi no Wistoria 2nd Season', 'Adaptation (Manga) Tsue to Tsurugi no Wistoria']",Tsue to Tsurugi no Wistoria,"['Action', 'Adventure', 'Fantasy']",['School'],,,,
3,"Sin-ui Tap, 신의 탑, Tower of God: Return of the Prince, Kami no Tou 2nd Season",神之塔 -Tower of God- 王子の帰還,Tower of God Season 2: Return of the Prince,['TV'],13,Finished Airing,"Jul 7, 2024 to Sep 29, 2024",['Summer 2024'],Sundays at 23:00 (JST),"['Crunchyroll', 'Sola Entertainment', 'Bandai Namco Filmworks', 'Line Digital Frontier']","None found,",['The Answer Studio'],['Web manga'],,,,23 min. per ep.,PG-13 - Teens 13 or older,6.69,#5967,#1026,"253,586","1,270",88887,"On the 20th floor of the Tower, the ""Regulars"" who have been permitted to enter have to undertake arduous and extremely expensive tests to rank up. Most abandon hope and choose to stay where they are—but not Ja Wangnan. Wangnan is determined to reach the top and become the king of the Tower. However, he is weak and has repeatedly failed the exam, with debt collectors tailing him. In desperation, he attempts the exam one more time, only to encounter a mysterious and powerful individual: Jyu Viole Grace, a member of the crime syndicate FUG. Cursing his rotten luck, Wangnan has no choice but to form alliances with strong people, including Viole—who still refuses to be part of any team. Amid a dire situation, Wangnan must find a way to change Viole's mind to finally advance past the 20th floor, or he will never get a chance to build his legacy. [Written by MAL Rewrite]","['Prequel (TV) Kami no Tou', 'Sequel (TV) Kami no Tou: Koubou-sen', 'Adaptation (Manhwa) Tower of God', '']",Kami no Tou: Ouji no Kikan,"['Action', 'Adventure', 'Drama', 'Fantasy', 'Mystery']",,,,,
4,Makeine,負けヒロインが多すぎる！,Makeine: Too Many Losing Heroines!,['TV'],12,Finished Airing,"Jul 14, 2024 to Sep 29, 2024",['Summer 2024'],Sundays at 00:30 (JST),"['Aniplex', 'Yomiuri Telecasting', 'Tokyo MX', 'Good Smile Company', 'BS11', 'Contents Seed', 'INSPION Edge', 'JR Tokai Agency']","None found,",['A-1 Pictures'],['Light novel'],,,,24 min. per ep.,PG-13 - Teens 13 or older,8.15,#463,#1027,"253,350","2,753",127639,"Despite not understanding much about fleeting teen romance, first-year high school student Kazuhiko Nukumizu still wonders how he would react if his life were to be turned into a love story. Regardless, as a self-proclaimed ""background character,"" Nukumizu is satisfied continuing his life as an introvert with a negligible social life. However, he suddenly finds himself too close to the spotlight when he witnesses his popular classmate Anna Yanami be rejected by her childhood friend in the middle of a family restaurant. While Nukumizu wishes he could just forget what he saw and move on, Anna ends up forcefully confiding herself in Nukumizu, lamenting her status as a childhood friend fated to have her beloved stolen. As he becomes dragged into Anna's situation, Nukumizu soon gets caught up in the relationship drama of two more girls: Lemon Yakishio, an outgoing member of the track and field club; and Chika Komari, a shy member of the literature club. Now thrust out of his comfort zone, Nukumizu finds himself a major character in the lives of too many losing heroines. [Written by MAL Rewrite]","['Adaptation (Manga) Make Heroine ga Oosugiru! @comic', 'Adaptation (Light Novel) Make Heroine ga Oosugiru!']",Make Heroine ga Oosugiru!,"['Comedy', 'Romance']",['School'],,,,
5,,しかのこのこのここしたんたん,My Deer Friend Nokotan,['TV'],12,Finished Airing,"Jul 7, 2024 to Sep 22, 2024",['Summer 2024'],Sundays at 23:30 (JST),"['Dentsu', 'Twin Engine']","None found,",['Wit Studio'],['Manga'],['Comedy'],"['Gag Humor', 'School']",['Shounen'],23 min. per ep.,PG-13 - Teens 13 or older,7.02,#4313,#1077,"240,855","1,614",93550,"Torako Koshi is the epitome of perfection. With her peerless beauty, top-notch grades, and position as student council president, her popularity in school is unrivaled. However, she harbors a dark secret—she was a delinquent back in middle school—and this is something she conceals to the best of her abilities. Unfortunately, when she meets the mysterious deer girl Noko Shikanoko, Torako's hidden shame is constantly on the precipice of being exposed due to Shikanoko's rather weird antics. To maintain the reputation she worked so hard for, Torako must go along with Shikanoko's whims, even going so far as to become president of the newly established Deer Club. All her efforts will be rewarded if she can prevent the menacing doe from accidentally blurting out damaging details about her personal history that will undoubtedly unleash Torako's greatest nightmare. [Written by MAL Rewrite]","['Adaptation (Manga) Shikanoko Nokonoko Koshitantan', '']",Shikanoko Nokonoko Koshitantan,,,,,,
6,No Longer Human...In Another World,異世界失格,No Longer Allowed in Another World,['TV'],12,Finished Airing,"Jul 9, 2024 to Sep 24, 2024",['Summer 2024'],Tuesdays at 23:30 (JST),"['Movic', 'AT-X', 'Magic Capsule', 'BS11', 'Kadokawa']","None found,",['Atelier Pontdarc'],['Web manga'],,"['Isekai', 'Parody']",,23 min. per ep.,PG-13 - Teens 13 or older,7.28,#2940,#1314,"194,884",772,77389,"Just as the famous writer Sensei is about to accomplish his life ambition and commit double suicide with his lover Sacchan, he is hit by a truck and transported to another world. Deemed an adventurer by the local priestess Annette, Sensei is given the daunting mission of slaying the demon king. Refusing to play into his new role, Sensei decides his efforts are better served looking for Sacchan in the hope that she is somewhere in this new world. Early on in his journey, Sensei crosses paths with the martial artist Tama and unexpectedly saves her from mortal peril. Grateful for his actions, Tama decides to escort him. The pair are soon joined by Annette who, seduced by the writer's strong personality, has sworn to protect Sensei's life. As the unlikely trio wander the dangerous, monster-infested lands, they soon realize that human beings might be the true threats to the peace of the world—and Sensei might be the only one with the power to stop them. [Written by MAL Rewrite]","['Adaptation (Manga) Isekai Shikkaku', '']",Isekai Shikkaku,"['Adventure', 'Comedy', 'Fantasy']",,,,,
7,"I became the strongest with the failure frame ""Abnormal State Skill"" as I devastated everything, Failure Frame: I Became the Strongest and Annihilated Everything with Low-Level Spells",ハズレ枠の【状態異常スキル】で最強になった俺がすべてを蹂躙するまで,Failure Frame: I Became the Strongest and Annihilated Everything With Low-Level Spells,['TV'],12,Finished Airing,"Jul 5, 2024 to Sep 27, 2024",['Summer 2024'],Fridays at 00:59 (JST),"['Pierrot', 'Pony Canyon', 'TBS', 'DAX Production', 'Docomo Anime Store', 'BS11', 'Overlap', 'Nichion', 'MAGNET']","None found,",['Seven Arcs'],['Light novel'],,,,24 min. per ep.,PG-13 - Teens 13 or older,6.48,#7193,#1395,"182,180",725,89335,"When loner Touka Mimori is summoned to another world alongside his classmates, he obtains the power to inflict status ailments, such as paralysis or poison, on his enemies. Unfortunately for him, skills of this nature are considered useless due to their low success rate, and Touka is thus assigned the title of E-rank hero. Things take a further turn for the worse when Vicius, the goddess who summoned the class, reveals that the lowest-ranked hero will be disposed of so that they do not hinder those with greater talent. Banished to a notoriously dangerous area, Touka comes face-to-face with death after being cornered by a minotaur-like creature. In a desperate attempt to survive, he uses his supposedly worthless skill—only to quickly realize that it works almost every time. Armed with the ability to render the monsters standing in his way completely helpless, Touka resolves to track down the goddess that tossed him aside and exact his revenge. [Written by MAL Rewrite]","['Adaptation (Manga) Hazurewaku no ""Joutai Ijou Skill"" de Saikyou ni Natta Ore ga Subete wo Juurin suru made', 'Adaptation (Light Novel) Hazurewaku no ""Joutai Ijou Skill"" de Saikyou ni Natta Ore ga Subete wo Juurin suru made']","Hazurewaku no ""Joutai Ijou Skill"" de Saikyou ni Natta Ore ga Subete wo Juurin suru made","['Action', 'Adventure', 'Fantasy']",['Isekai'],,,,
8,,義妹生活,Days with My Stepsister,['TV'],12,Finished Airing,"Jul 4, 2024 to Sep 19, 2024",['Summer 2024'],Thursdays at 21:00 (JST),"['Movic', 'AT-X', 'Nippon Columbia', 'Kansai Telecasting', 'Kadokawa', 'Pia', '100studio', 'One Cushion']","None found,",['Studio Deen'],['Light novel'],['Romance'],,,23 min. per ep.,PG-13 - Teens 13 or older,7.34,#2633,#1416,"177,335","1,391",70828,"Yuuta Asamura gets a new stepsister after his father remarries, Saki Ayase, who happens to be the number one beauty of the school year. They promise each other not to be too close, not to be too opposing, and to simply keep a vague and comfortable distance, having learned important values about men and women relationships from their parents' previous ones. Saki, who has worked alone for the sake of her family, doesn't know how to properly rely on others, whereas Yuuta is unsure of how to truly treat her. Standing on fairly equal ground, these two gradually learn the comfort of living together. Their relationship progresses from strangers to friends as the days pass. This is a story that may one day lead to love. (Source: MAL News)","['Adaptation (Manga) Gimai Seikatsu', 'Adaptation (Light Novel) Gimai Seikatsu']",Gimai Seikatsu,,,,,,
9,,疑似ハーレム,Pseudo Harem,['TV'],12,Finished Airing,"Jul 5, 2024 to Sep 20, 2024",['Summer 2024'],Fridays at 00:30 (JST),"['Pony Canyon', 'BS Fuji', 'Tokyo MX', 'bilibili']","None found,",['Nomad'],['Web manga'],,"['Love Status Quo', 'School']",['Shounen'],23 min. per ep.,PG-13 - Teens 13 or older,7.84,#955,#1449,"174,243","1,348",68497,"Eiji Kitahama has a dream shared by many high school guys: to be popular and have a harem of girls fawning over him. Luckily for him, his new junior in the drama club, Rin Nanakura, has decided to help him realize this wish. Using her impressive acting abilities, she takes on many personalities, from teasing to calm and collected, to play characters in Eiji's simulated harem. As her connection with Eiji deepens, Rin expands her repertoire, quickly swapping between characters while enjoying high school life together in the club. Through her acting, the real Rin Nanakura tries her best to win Eiji's heart. [Written by MAL Rewrite]","['Adaptation (Manga) Giji Harem', '']",Giji Harem,"['Comedy', 'Romance']",,,,,
10,Nigewaka,逃げ上手の若君,The Elusive Samurai,['TV'],12,Finished Airing,"Jul 6, 2024 to Sep 28, 2024",['Summer 2024'],Saturdays at 23:30 (JST),"['Aniplex', 'Tokyo MX', 'Shueisha', 'BS11', 'Bit grooove promotion']",['Aniplex of America'],['CloverWorks'],['Manga'],,"['Historical', 'Samurai']",['Shounen'],23 min. per ep.,R - 17+ (violence & profanity),7.82,#1004,#1475,"171,086",740,67428,"Tokiyuki Houjou, a carefree eight-year-old noble, is content with the serene life in Kamakura and shows little regard for the serious responsibilities that come with his eventually succeeding his father as the next shogun. Instead of dedicating himself to rigorous training in swordsmanship or archery, Tokiyuki excels in the art of evasion, skillfully dodging his advisors and discovering perfect hiding spots. However, his peaceful existence is shattered when a sudden coup brutally wipes out his clan. Overwhelmed with guilt for being the sole survivor, Tokiyuki contemplates joining his family in death. However, his fate takes an abrupt turn when the enigmatic priest Yorishige Suwa suddenly shoves him onto a battlefield. Yorishige, who prophesies that Tokiyuki will one day become a great hero, leaves the boy with no choice but to navigate his way free of enemy soldiers. As Tokiyuki struggles to survive against these foes, he finds a new thrill in raising the stakes of his usual hide-and-seek games. With a renewed sense of purpose and the promise of powerful allies from Yorishige, Tokiyuki vows to avenge his family—not through his capability to fight, but through his extraordinary talent for running away. [Written by MAL Rewrite]","['Sequel (TV) Nige Jouzu no Wakagimi 2nd Season', 'Adaptation (Manga) Nige Jouzu no Wakagimi']",Nige Jouzu no Wakagimi,"['Adventure', 'Comedy']",,,,,
11,"I Will ""Parry"" All: The World's Strongest Man Wanna Be an Adventurer, I Parry Everything: What Do You Mean I'm the Strongest? I'm Not Even an Adventurer Yet!",俺は全てを【パリイ】する ～逆勘違いの世界最強は冒険者になりたい～,I Parry Everything,['TV'],12,Finished Airing,"Jul 5, 2024 to Sep 20, 2024",['Summer 2024'],Fridays at 00:00 (JST),"['Mainichi Broadcasting System', 'Half H.P Studio', 'Earth Star Entertainment', 'Tokyo MX', 'BS11', 'JR East Marketing & Communications', 'MAGNET', 'AQUA ARIS', 'NetEase', 'Bandai Namco Filmworks']",['Sentai Filmworks'],['OLM'],['Light novel'],,,,24 min. per ep.,PG-13 - Teens 13 or older,6.90,#4843,#1499,"168,758",582,79991,"The Kingdom of Clays faces a dire crisis: an assassination attempt has just been made on its own Princess Lynneburg, and its neighboring countries eye the aftermath like starving vultures, plotting the Kingdom's downfall. The ensuing conflict will shape the face of the continent for centuries to come...but Noor doesn't have a clue about any of that! Having freshly arrived at the royal capital after over a decade of rigorous, isolated training at his mountain home, he's dead set on achieving his childhood dream of becoming an adventurer, even if the only skills he possesses are useless ones. Sure, he can ""Parry"" thousands of swords in the span of a single breath, but everybody knows you need more than that if you want to be an adventurer! Our hero's road to making his dream come true will be long(?) and arduous(?)—but if there's one thing Noor's not afraid of, it's some good ol' fashioned hard work! (Source: J-Novel Club)","['Adaptation (Manga) Ore wa Subete wo ""Parry"" suru: Gyaku Kanchigai no Sekai Saikyou wa Boukensha no Yume wo Miru', 'Adaptation (Light Novel) Ore wa Subete wo ""Parry"" suru: Gyaku Kanchigai no Sekai Saikyou wa Boukensha ni Naritai']","Ore wa Subete wo ""Parry"" suru: Gyaku Kanchigai no Sekai Saikyou wa Boukensha ni Naritai","['Action', 'Adventure', 'Fantasy']",,,,,
12,,FAIRY TAIL 100年クエスト,Fairy Tail: 100 Years Quest,['TV'],25,Finished Airing,"Jul 7, 2024 to Jan 5, 2025",['Summer 2024'],Sundays at 17:30 (JST),"['TV Tokyo', 'Avex Pictures', 'Gloria']","None found,",['J.C.Staff'],['Web manga'],,,['Shounen'],23 min. per ep.,PG-13 - Teens 13 or older,7.63,#1483,#1628,"152,346","1,661",28838,"For over one hundred years, a special quest has been waiting for a wizard skilled enough to complete it. On the northern continent of Guiltina, there are five immensely powerful Dragon Gods who possess great destructive force that can only be quelled by sealing them away. Natsu Dragneel and his friends from the Fairy Tail guild—Lucy Heartfilia, Gray Fullbuster, Erza Scarlet, Wendy Marvell, and the exceeds Happy and Charlés—consider this the perfect challenge to take on. The Fairy Tail mages are not the only ones searching for the Dragon Gods. Diabolos, a guild exclusive for ""Dragon Eaters,"" seeks to enhance their Dragon Slayer magic by devouring the dragons. Meanwhile, Fairy Tail's newest addition, Touka, appears to be hiding something sinister from her new companions—and her secrets may bring disaster to the guild while its strongest wizards are away. [Written by MAL Rewrite]","['Prequel (TV) Fairy Tail: Final Series', 'Adaptation (Manga) Fairy Tail: 100 Years Quest']",Fairy Tail: 100-nen Quest,"['Action', 'Adventure', 'Fantasy']",,,,,
13,,異世界スーサイド・スクワッド,Suicide Squad Isekai,['TV'],10,Finished Airing,"Jul 6, 2024 to Sep 7, 2024",['Summer 2024'],Saturdays at 00:30 (JST),"['Magic Capsule', 'Warner Bros. Japan', 'ONEMUSIC']","None found,",['Wit Studio'],Other,,"['Adult Cast', 'Isekai']",,24 min. per ep.,R - 17+ (violence & profanity),6.45,#7391,#1649,"149,481",570,43830,"The Joker and his best girl, Harley Quinn, are tearing through the streets of Gotham with sacks full of cash and the law in hot pursuit. Unfortunately for them, though the jester manages to escape, the night ends with Harley being captured by a mysterious, katana-wielding woman. Meanwhile, Amanda Waller, the head of the government security organization A.R.G.U.S., has commandeered a team of supervillains for a ruthless mission into another world. After losing contact with the first suicide squad sent through the portal, Amanda sends Deadshot, Peacemaker, Clayface, King Shark, and Harley as replacements. However, shortly after entering the portal, their helicopter crashes in the middle of a battle between horse-mounted troops and vicious orcs. With all of the accompanying A.R.G.U.S. members dead on impact, the villains break free of their shackles and rampage through the army of orcs, unwittingly aiding the human soldiers—only to be rewarded with imprisonment. Now bound by magic-infused shackles, Harley and company must hurry back to the portal they came from, or else the bombs A.R.G.U.S. implanted in their necks will detonate. [Written by MAL Rewrite]",[],Isekai Suicide Squad,"['Action', 'Fantasy']",,,,,
14,The Rookie Middle-Aged Adventurer Was Trained to Death by the Most Powerful Party to Become Invincible,新米オッサン冒険者、最強パーティに死ぬほど鍛えられて無敵になる。,"The Ossan Newbie Adventurer, Trained to Death by the Most Powerful Party, Became Invincible",['TV'],12,Finished Airing,"Jul 2, 2024 to Sep 24, 2024",['Summer 2024'],Tuesdays at 02:00 (JST),"['MediaNet', 'Mainichi Broadcasting System', 'Nippon Columbia', 'KlockWorx', 'Asmik Ace', 'Hobby Japan', 'AQUA ARIS', 'Bit grooove promotion', 'CTW']","None found,",['Yumeta Company'],['Light novel'],,,,23 min. per ep.,PG-13 - Teens 13 or older,7.38,#2467,#1611,"154,023",535,77939,"Determined to pursue his glorious childhood dreams, 30-year-old Rick Gladiatol, a modest clerk in the adventurers' guild, is offered a once-in-a-lifetime opportunity after he fatefully encounters the dark elf Reanette Elfelt. Reanette happens to be an elite adventurer of the legendary party Orichalcum Fist, whose members welcome Rick under the condition that he follow a Spartan training. Two years later, Rick is finally ready to take the E-Rank exam officially qualifying him as an adventurer. However, raw magical power can only be developed until one turns 20. As such, Rick faces the general hostility of fellow participants and examiners alike, leaving him no choice but to show the world that his hellish training has turned him into an invincible warrior. [Written by MAL Rewrite]","['Adaptation (Manga) Shinmai Ossan Boukensha, Saikyou Party ni Shinu hodo Kitaerarete Muteki ni Naru.', 'Adaptation (Light Novel) Shinmai Ossan Boukensha, Saikyou Party ni Shinu hodo Kitaerarete Muteki ni Naru.']","Shinmai Ossan Boukensha, Saikyou Party ni Shinu hodo Kitaerarete Muteki ni Naru.","['Action', 'Adventure', 'Fantasy']",,,,,
15,The Maou Army's Strongest Magician Was a Human,魔王軍最強の魔術師は人間だった,The Strongest Magician in the Demon Lord's Army Was a Human,['TV'],12,Finished Airing,"Jul 3, 2024 to Sep 18, 2024",['Summer 2024'],Wednesdays at 22:00 (JST),"['Pony Canyon', 'KlockWorx', 'Asmik Ace', 'Futabasha', 'Yomiuri TV Enterprise', 'Bit grooove promotion', 'BS Asahi', 'Happinet Phantom Studios']","None found,",['Studio A-CAT'],['Manga'],,"['Isekai', 'Reincarnation']",,23 min. per ep.,PG-13 - Teens 13 or older,6.41,#7664,#1844,"128,653",400,52314,"Under the tutelage of the great demon warlock Romberg, Ike grew up with knowledge regarding an ancient advanced civilization that once ruled the land. Coupled with his innate talent in magical arts, this upbringing allows Ike to quickly rise in the Demon Lord's army ranks, leading his brigade to consecutive victories against humans. However, Ike has a secret—he is a human himself. Despite knowing all too well the consequences if this information is ever to leak, Ike is willing to face such immense danger to achieve his goal: find a way for humans and demons to coexist and stop the war that has been carried on for far too long. [Written by MAL Rewrite]","['Adaptation (Manga) Maougun Saikyou no Majutsushi wa Ningen datta', '']",Maougun Saikyou no Majutsushi wa Ningen datta,"['Action', 'Adventure', 'Fantasy']",,,,,
16,"Nigoriri, 2.5-jigen no Yuuwaku, Ririsa of 2.5 Dimension",2.5次元の誘惑,2.5 Dimensional Seduction,['TV'],24,Finished Airing,"Jul 5, 2024 to Dec 13, 2024",['Summer 2024'],Fridays at 22:30 (JST),"['Pony Canyon', 'Movic', 'Magic Capsule', 'Shueisha', 'Bandai Spirits', 'ADK Emotions', 'Aiming']",['Sentai Filmworks'],['J.C.Staff'],['Manga'],,"['Harem', 'Otaku Culture', 'School']",['Shounen'],24 min. per ep.,PG-13 - Teens 13 or older,7.43,#2224,#1867,"127,564",804,37314,"After a disastrous romantic confession, Masamune Okumura finds solace in the fictional world of anime and manga. Now a second-year high school student and the president of the Manga Research Club, Masamune spends a peaceful existence watching the adventures of the angel Liliel, his favorite character. In the beginning of the academic year, Masamune’s life is turned upside down when he meets first-year student Ririsa Amano, a passionate cosplay practitioner. Despite Masamune's initial reluctance, the determined young woman manages to convince him to become her personal photographer for the production of a collection dedicated to their common favorite character: Liliel. As Masamune enthusiastically discovers the world of cosplay and photo editing, he is unexpectedly reunited with his childhood friend Mikari Tachibana, who has become a model in the hope of impressing her beloved upperclassman. Realizing that modeling is not enough to intrigue the hopeless otaku, Mikari decides to join the club and become a cosplayer herself, all to finally have a chance at winning Masamune's heart. However, Masamune's love for fictional characters may not be capable of extending to those who impersonate them. [Written by MAL Rewrite]","['Sequel (TV) 2.5-jigen no Ririsa 2nd Season', 'Adaptation (Manga) 2.5-jigen no Ririsa']",2.5-jigen no Ririsa,"['Comedy', 'Ecchi']",,,,,
17,"Why Nobody Remembers My World?, NazeBoku",なぜ僕の世界を誰も覚えていないのか？,Why Does Nobody Remember Me in This World?,['TV'],12,Finished Airing,"Jul 13, 2024 to Sep 28, 2024",['Summer 2024'],Saturdays at 22:30 (JST),"['Magic Capsule', 'KlockWorx', 'Asmik Ace', 'Tokyo MX', 'Good Smile Company', 'Kansai Telecasting', 'Contents Seed', 'Kadokawa', 'Dream Shift', 'Fabtone', 'NetEase', 'BS Asahi', 'Happinet Phantom Studios', 'Bergamo']","None found,",['Project No.9'],['Light novel'],,,,23 min. per ep.,PG-13 - Teens 13 or older,6.24,#8628,#1989,"117,288",356,42834,"In a war against four overpowered races—angels, demons, undeads, and humanoid beasts—humanity could only prevail thanks to its champion Sid, who defeated the other races' champions and sealed away their armies in four pyramids. In an age where Sid's existence has become but a legend of the past, Kai Sakura Vento is one of the many conscripts tasked with monitoring the pyramids in fear that these old foes would escape. On a peaceful day while spending time with his friend Jeanne E. Anise, the world is suddenly ""overwritten,"" transporting Kai to an alternate reality where humanity has nearly been annihilated by the demons and forced into hiding. To make matters worse, his very existence has been erased from this world; all of his friends, including Jeanne, who leads the local resistance efforts in this world, have forgotten about him. Trying to investigate the remains of his former world, Kai encounters Rinne, an enigmatic young woman trapped in a pyramid. Mysteriously inheriting Sid's legendary sword Codeholder, Kai manages to free Rinne from her imprisonment. Determined to fix this reality, Kai joins forces with Rinne and Jeanne to free humanity from demonic rule. But if the valiant soldier wants to have a chance at returning to his original world, he will first have to uncover the cause behind the mysterious alteration of reality. [Written by MAL Rewrite]","['Adaptation (Manga) Naze Boku no Sekai wo Daremo Oboeteinai no ka?', 'Adaptation (Light Novel) Naze Boku no Sekai wo Daremo Oboeteinai no ka?']",Naze Boku no Sekai wo Daremo Oboeteinai no ka?,"['Action', 'Fantasy', 'Sci-Fi']",,,,,
18,,小市民シリーズ,Shoshimin: How to Become Ordinary,['TV'],10,Finished Airing,"Jul 7, 2024 to Sep 15, 2024",['Summer 2024'],Sundays at 01:30 (JST),"['TV Asahi', 'Movic', 'KlockWorx', 'NBCUniversal Entertainment Japan', 'Nagoya Broadcasting Network', 'AbemaTV', 'Bit grooove promotion', 'NetEase', 'BS Asahi', 'TV Asahi Music']","None found,",['Lapin Track'],Novel,['Mystery'],,,23 min. per ep.,PG-13 - Teens 13 or older,7.29,#2887,#2123,"106,677",474,34572,"Jougorou Kobato has a habit of inserting himself into other people's problems. After realizing his detective skills are neither wanted nor appreciated, he makes an agreement with his shy friend Yuki Osanai to become ordinary together. Now entering high school, they aim to be perceived as regular people, yet Kobato cannot help but fall back into his deductive ways when faced with everyday mysteries. Unfortunately, mundane occurrences are not all the duo stumbles across. As they go through their school days trying to avoid drawing attention to themselves, Kobato and Osanai at times get caught up in incidents that put their plan of a peaceful, average life at risk. [Written by MAL Rewrite]","['Sequel (TV) Shoushimin Series 2nd Season', 'Adaptation (Manga) Shunki Gentei Ichigo Tart Jiken', 'Adaptation (Manga) Kaki Gentei Tropical Parfait Jiken', 'Adaptation (Novel) Shoushimin Series']",Shoushimin Series,,['School'],,,,
19,,NieR:Automata Ver1.1a 第2クール,NieR:Automata Ver1.1a (Cour 2),['TV'],12,Finished Airing,"Jul 5, 2024 to Sep 27, 2024",['Summer 2024'],Fridays at 23:30 (JST),"['Aniplex', 'Square Enix']",['Aniplex of America'],['A-1 Pictures'],Game,,,,23 min. per ep.,R - 17+ (violence & profanity),8.04,#614,#2320,"93,029",458,29020,"As the machine war progresses, YoRHa Command and the Resistance prepare for a final decisive assault against the ""Machine Lifeforms,"" the militarized robots who roam the earth's surface. While preparations are underway, YoRHa 9-gou S-gata ""9S"" and YoRHa 2-gou B-gata ""2B"" continue their advanced scouting mission. However, 9S and 2B struggle with their respective roles, their loyalty to each other, and their loyalty toward Command. Although the nefarious Adam and Eve have been defeated, it appears the machines are not down for the count. An ominous presence in the form of the ""Red Girl"" continues to observe the androids from afar, waiting for the perfect opportunity to attack them. [Written by MAL Rewrite]","['Prequel (TV) NieR:Automata Ver1.1a', '']",NieR:Automata Ver1.1a Part 2,"['Action', 'Fantasy', 'Sci-Fi']",,,,,
20,"Our Last Crusade or the Rise of a New World 2nd Season, The Last Battlefield Between You and I, or Perhaps the Beginning of the World's Holy War 2nd Season, Kimisen",キミと僕の最後の戦場、あるいは世界が始まる聖戦 Season Ⅱ,Our Last Crusade or the Rise of a New World Season 2,['TV'],12,Currently Airing,"Jul 10, 2024 to ?",['Summer 2024'],Wednesdays at 22:30 (JST),"['Pony Canyon', 'AT-X', 'Crunchyroll', 'ABC Animation', 'Kadokawa', 'Bit grooove promotion', 'A3']","None found,","['SILVER LINK.', 'Studio Palette']",['Light novel'],,,,24 min. per ep.,PG-13 - Teens 13 or older,6.67,#6066,#2371,"89,721",507,7330,"Over a century ago, astral mages under persecution from the Empire banded together and established the Nebulis Sovereignty under three founding families: Lou, Hydra, and Zoa. With the leadership of Millavair Lou Nebulis VIII, the Sovereignty aims to minimize casualties in their conflict with the Empire—a stance the extremist Zoas disagree with. Tensions rise between the families as the upcoming election to decide the next leader approaches. The Zoas are willing to do anything to achieve success; however, a world-ending war may ensue should they be victorious. Princess Aliceliese ""Alice"" Lou Nebulis XI has no choice but to cooperate with any potential allies in order to advance towards her ultimate goal of ending the conflict that has long tormented everyone involved. This includes Iska—one of the Empire's greatest warriors and her greatest rival. [Written by MAL Rewrite]","['Prequel (TV) Kimi to Boku no Saigo no Senjou, Aruiwa Sekai ga Hajimaru Seisen', 'Adaptation (Manga) Kimi to Boku no Saigo no Senjou, Aruiwa Sekai ga Hajimaru Seisen', 'Adaptation (Light Novel) Kimi to Boku no Saigo no Senjou, Aruiwa Sekai ga Hajimaru Seisen', '']","Kimi to Boku no Saigo no Senjou, Aruiwa Sekai ga Hajimaru Seisen Season II","['Action', 'Fantasy', 'Romance']",['Military'],,,,
21,"Mahoaku, The Former Magical Girl & Evil Enemy, The Magical Girl and Evil Officer, Beauty and the Beast",かつて魔法少女と悪は敵対していた。,The Magical Girl and the Evil Lieutenant Used to Be Archenemies,['TV'],12,Finished Airing,"Jul 9, 2024 to Sep 24, 2024",['Summer 2024'],Tuesdays at 22:45 (JST),"['Square Enix', 'Shochiku', 'AT-X', 'Tohokushinsha Film Corporation', 'Avex Pictures', 'Marui Group']","None found,",['Bones'],['Manga'],,,['Shounen'],12 min. per ep.,PG-13 - Teens 13 or older,7.57,#1668,#2398,"87,919",417,31184,"An evil army is leading a ground invasion against Earth, and their Lieutenant Shun Miller is determined to wreak havoc upon the populace. Miller's ruthless reputation strikes fear even into the hearts of his own subordinates, making him the perfect leader of a charge against a city protected by a powerful magical girl, Byakuya Mimori. However, his attack comes to a halt on the day of their first encounter—because he unexpectedly falls in love with Byakuya at first sight! Overcome by Byakuya's adorably delicate innocence, Miller begins to shower her with gifts and kindness. But Miller soon learns that Byakuya's Angel—the cat-like familiar who turned her into a magical girl—has been exploiting and manipulating her all along. This discovery solidifies Miller's resolve to ensure Byakuya goes on to lead a happier life, but as the war continues, they wonder if their blossoming affection can overcome the reality of their differences. [Written by MAL Rewrite]","['Adaptation (Manga) Katsute Mahou Shoujo to Aku wa Tekitai shiteita.', '']",Katsute Mahou Shoujo to Aku wa Tekitai shiteita.,"['Comedy', 'Romance']",['Mahou Shoujo'],,,,
22,"Iseyuru, Isekai Yururi Kikou: Raising Children While Being an Adventurer",異世界ゆるり紀行 ～子育てしながら冒険者します～,A Journey Through Another World: Raising Kids While Adventuring,['TV'],12,Finished Airing,"Jul 8, 2024 to Sep 23, 2024",['Summer 2024'],Mondays at 01:50 (JST),"['Genco', 'MediaNet', 'Ai Addiction', 'Crunchyroll', 'U-NEXT', 'Muse Communication', 'NetEase', 'AlphaPolis', 'Three S Studio', 'Dreamusic']","None found,",['EMT Squared'],['Light novel'],,"['Childcare', 'Isekai']",,23 min. per ep.,PG-13 - Teens 13 or older,6.67,#6116,#2610,"76,882",294,32581,"Due to a careless mistake, god of wind Silphyleel unintentionally kills a 28-year-old man named Takumi Kayano. Unfortunately, Silphyleel cannot return Takumi to Earth. Instead, the deity reincarnates Takumi into the fantasy world of Etelldia. Equipped with an assortment of magical powers and bottomless inventory, Takumi spawns in the Forest of Gaia, where high-level monsters roam free. There, he meets five-year-old twins who, despite the dangerous environment, are still alive thanks in part to their extraordinary physical strength. Takumi decides to take them under his wing, naming them Allen and Elena. As the trio embarks on their grand adventure in Etelldia, their very existence may impact the world's destiny. [Written by MAL Rewrite]","['Adaptation (Manga) Isekai Yururi Kikou: Kosodateshinagara Boukensha Shimasu', 'Adaptation (Light Novel) Isekai Yururi Kikou: Kosodateshinagara Boukensha Shimasu']",Isekai Yururi Kikou: Kosodateshinagara Boukensha Shimasu,"['Adventure', 'Fantasy', 'Slice of Life']",,,,,
23,"Otokonoko ga Kouhai ni Kokuhaku sareru Hanashi, My Crossdressing Senpai, Painoko",先輩はおとこのこ,Senpai is an Otokonoko,['TV'],12,Finished Airing,"Jul 5, 2024 to Sep 27, 2024",['Summer 2024'],Fridays at 00:55 (JST),"['Aniplex', 'Dentsu', 'Fuji TV', 'Crunchyroll', 'Bit grooove promotion']","None found,",['Project No.9'],['Web manga'],,"['Crossdressing', 'Love Polygon', 'School']",,22 min. per ep.,PG-13 - Teens 13 or older,7.31,#2768,#2620,"76,236",419,24089,"Much like the other students at her school, first-year student Saki Aoi finds herself captivated by the beauty of her senior on the school board, Makoto Hanaoka. While she worries that Hanaoka would be uncomfortable receiving a confession from another girl, Aoi musters up the courage to tell her anyway. However, Hanaoka's response surprises Aoi for a completely different reason—Hanaoka is actually a cross-dressing boy! Fully expecting Aoi to be abhorred by this revelation, Hanaoka is shocked to find that she has no issues with it. Though Hanaoka rejects Aoi's request to go out with her—citing his identity and the fact that he has never fallen in love before—Aoi insists that she will become his first love. Taken aback by Aoi's determination, Hanaoka wonders if he can really fall in love with her if he cannot find it in him to truly love himself first. [Written by MAL Rewrite]","['Sequel (Movie) Senpai wa Otokonoko Movie: Ame Nochi Hare', 'Adaptation (Manga) Senpai wa Otokonoko']",Senpai wa Otokonoko,"['Drama', 'Romance']",,,,,
24,,ATRI -My Dear Moments-,Atri -My Dear Moments-,['TV'],13,Finished Airing,"Jul 14, 2024 to Oct 6, 2024",['Summer 2024'],Sundays at 00:00 (JST),"['Aniplex', 'bilibili']",['Aniplex of America'],['TROYCA'],Visual novel,,,,24 min. per ep.,PG-13 - Teens 13 or older,7.18,#3490,#2692,"73,358",384,20722,"Due to the dramatic rise of the sea levels, humanity has lost a significant part of its inhabitable lands, forcing it to rely on pre-existing technology to survive. Among the many people affected by the tragedy, Natsuki Ikaruga, a brilliant recent graduate who had lost a leg in a submarine accident, is now reduced to living a miserable life on a near-deserted island. After Natsuki encounters a mysterious woman named Catherine, he uncovers an advanced humanoid robot that belonged to his grandmother Nonko, a renowned climatologist. Atri, the salvaged robot with the appearance and demeanor of a young girl, reveals to Natsuki that Nonko has tasked her with an important mission, but she has forgotten what it was. Although Natsuki was initially planning to sell Atri, the opportunity to connect with his grandmother's research through Atri makes him rethink his decision. Natsuki once had to sacrifice his dream to partake in a prestigious scientific mission. But as he opens up to his fellow islanders, he discovers that he can still make a difference in a desolate world. [Written by MAL Rewrite]","['Adaptation (Manga) Atri: My Dear Moments', '']",Atri: My Dear Moments,"['Drama', 'Romance', 'Sci-Fi']",,,,,
25,"Heroic Exploration Tale Starting from Mob, The Story of an Exploration Hero Who Has Worked His Way Up from Common People, Mobkara",モブから始まる探索英雄譚,A Nobody's Way Up to an Exploration Hero,['TV'],12,Finished Airing,"Jul 6, 2024 to Sep 21, 2024",['Summer 2024'],Saturdays at 22:00 (JST),"['Toei Video', 'Hobby Japan', 'Tokyo MX', 'CyberAgent', 'On-Lead', 'BS NTV', 'Pia', 'Bushiroad Move', 'Starry Cube', 'FUTURE LEAP']","None found,",['Gekkou'],['Light novel'],,,,23 min. per ep.,PG-13 - Teens 13 or older,5.82,#10843,#2746,"70,896",144,28820,"Meet Kaito Takagi, your typical high schooler with a low profile. He spends his days exploring dungeons in Japan, hunting slimes for some extra cash. On the side, he quietly admires his childhood friend, the popular girl in class. One day, a rare golden slime shows up, and after Kaito defeats it, he finds a super valuable item—a card that can summon mythical beings! He decides to use it and summons a stunning warrior maiden. Now, Kaito has a chance to rise above his ordinary explorer life. Get ready for a modern fantasy story filled with battles! (Source: MAL News)","['Adaptation (Manga) Mob kara Hajimaru Tansaku Eiyuutan', 'Adaptation (Light Novel) Mob kara Hajimaru Tansaku Eiyuutan']",Mob kara Hajimaru Tansaku Eiyuutan,"['Action', 'Adventure', 'Fantasy']",,,,,
26,Goddess Café Terrace 2nd Season,女神のカフェテラス 第2期,The Café Terrace and Its Goddesses Season 2,['TV'],12,Finished Airing,"Jul 5, 2024 to Sep 20, 2024",['Summer 2024'],Fridays at 00:26 (JST),"['Marvelous Entertainment', 'Mainichi Broadcasting System', 'Kodansha', 'Half H.P Studio']","None found,",['Tezuka Productions'],['Manga'],,"['Adult Cast', 'Harem']",['Shounen'],23 min. per ep.,PG-13 - Teens 13 or older,7.39,#2398,#2759,"70,270",379,27166,"It has been months since Hayato Kasukabe decided to save his late grandmother's cafe, Familia Café Terrace, from permanently closing its doors. He and the five ""goddesses"" who serve as the cafe's mascots—Ouka Makuzawa, Akane Hououji, Riho Tsukishima, Shiragiku Ono, and Ami Tsuruga—persevere through all the hardships of maintaining a business to stay afloat for as long as possible. Rougher times await them when a new competitor cafe, Family, appears with the sole intent of bringing Familia down. To come out on top of this business competition, Hayato must use his wits, fortify his trust in the girls, and figure out how to entice customers to continue supporting Familia. To further complicate matters, the girls slowly begin to develop feelings for Hayato, causing tensions within the group. As this can potentially pose an even greater threat to Familia's survival, the five goddesses need to find a way to compromise and unite at all costs. [Written by MAL Rewrite]","['Prequel (TV) Megami no Café Terrace', 'Adaptation (Manga) Megami no Café Terrace']",Megami no Café Terrace 2nd Season,"['Comedy', 'Romance', 'Ecchi']",,,,,
27,"Dahlia in Bloom, Dahliya in Bloom, Madougushi Dahliya wa Utsumukanai: Kyou kara Jiyuu na Shokunin Life",魔導具師ダリヤはうつむかない,Dahlia in Bloom: Crafting a Fresh Start with Magical Tools,['TV'],12,Finished Airing,"Jul 6, 2024 to Sep 21, 2024",['Summer 2024'],Saturdays at 21:00 (JST),"['Frontier Works', 'Mainichi Broadcasting System', 'TBS', 'AT-X', 'Good Smile Company', 'Crunchyroll', 'Kadokawa', 'arma bianca', 'Bandai Namco Music Live']","None found,","['Typhoon Graphics', 'Imagica Infos']",['Light novel'],,"['Isekai', 'Reincarnation']",,23 min. per ep.,PG-13 - Teens 13 or older,6.80,#5355,#2788,"69,194",174,25828,"Tragically perishing from overwork, a young Japanese woman is reborn as Dahliya Rossetti, daughter of a newly entitled baron. Her father, Carlo, is a beloved magic artificer, a maker of magical tools. Inspired by him, Dahliya uses her memories from her previous life to create practical inventions and become a magic artificer like Carlo. A few years later, the now adult Dahliya has made a name for herself and has gotten engaged to her father's apprentice. However, her life takes a turn for the worse when Carlo suddenly passes away and her fiancé leaves her for another woman not long after. Although having to fend for herself, Dahliya is not quite ready to give up on her dream of becoming a master artificer yet. She may be a single woman but, with the help from old and new allies, she is prepared to overcome any obstacle in her way. [Written by MAL Rewrite]","['Adaptation (Manga) Madougushi Dahliya wa Utsumukanai', 'Adaptation (Manga) Madougushi Dahliya wa Utsumukanai: Kyou kara Jiyuu na Shokunin Life', 'Adaptation (Light Novel) Madougushi Dahliya wa Utsumukanai: Kyou kara Jiyuu na Shokunin Life', '']",Madougushi Dahliya wa Utsumukanai,"['Fantasy', 'Slice of Life']",,,,,
28,,VTuberなんだが配信切り忘れたら伝説になってた,VTuber Legend: How I Went Viral after Forgetting to Turn Off My Stream,['TV'],12,Finished Airing,"Jul 7, 2024 to Sep 22, 2024",['Summer 2024'],Sundays at 23:30 (JST),"['Movic', 'AT-X', 'Studio Mausu', 'BS NTV', 'Kadokawa', 'Kyoto Broadcasting System', 'DAXEL']","None found,",['TNK'],['Light novel'],['Comedy'],"['Adult Cast', 'Otaku Culture']",,23 min. per ep.,PG-13 - Teens 13 or older,7.05,#4168,#2866,"65,645",212,22321,"Third-generation VTuber Awayuki Kokorone's fans know her as a prim, proper, and graceful idol. Though she has considerably less fans compared to other VTubers in the Live-On agency, Awayuki's loyal following supports her every step of the way. One night, Awayuki forgets to turn her livestream off—a blunder that changes the trajectory of her online career forever. Contrary to her usual angelic persona, her genuine brutish personality is exposed to more than ten thousand people who tuned in. Awayuki reveals that she is nothing more than a severe alcoholic who spouts profanities nonstop, constantly viewing her fellow VTubers with lustful admiration. However, instead of being reprimanded by her agency, Awayuki receives praise: her unhinged, disorderly conduct was Live-On's actual expectation of her. Now having her big break and permission to stream without holding anything back, the once-unpopular VTuber begins her rise to stardom. [Written by MAL Rewrite]","['Adaptation (Manga) VTuber Nanda ga Haishin Kiri Wasuretara Densetsu ni Natteta', 'Adaptation (Light Novel) VTuber Nanda ga Haishin Kiri Wasuretara Densetsu ni Natteta']",VTuber Nandaga Haishin Kiri Wasuretara Densetsu ni Natteta,,,,,,
29,Futakire,恋は双子で割り切れない,Love Is Indivisible by Twins,['TV'],12,Finished Airing,"Jul 10, 2024 to Sep 25, 2024",['Summer 2024'],Wednesdays at 23:30 (JST),"['Pony Canyon', 'Movic', 'AT-X', 'Tokyo MX', 'Infinite', 'Kadokawa Media House', 'BS NTV', 'Kadokawa', 'Bandai Namco Music Live']","None found,",['ROLL2'],['Light novel'],,"['Love Polygon', 'School']",,23 min. per ep.,PG-13 - Teens 13 or older,6.28,#8384,#2954,"62,291",210,20833,"Jun Shirasaki and the Jinguuji sisters are childhood friends and neighbors. When Jun's first girlfriend, the older sister Rumi, breaks up with him, she says something that complicates the three people's relationship, their first loves, and their romance—? (Source: MAL News)","['Adaptation (Manga) Koi wa Futago de Warikirenai', 'Adaptation (Light Novel) Koi wa Futago de Warikirenai']",Koi wa Futago de Warikirenai,"['Comedy', 'Romance']",,,,,
30,,ばいばい、アース,"Bye Bye, Earth",['TV'],10,Finished Airing,"Jul 12, 2024 to Sep 13, 2024",['Summer 2024'],Fridays at 23:30 (JST),"['Sony Pictures Entertainment', 'WOWOW', 'Crunchyroll', 'IRMA LA DOUCE']","None found,",['LIDENFILMS'],['Light novel'],,,,23 min. per ep.,PG-13 - Teens 13 or older,6.06,#9603,#3053,"58,409",126,17000,"In a society of people with animal characteristics, Belle Lablac stands out as the only person with no animal features at all. Curious of her origins, Belle leaves her hometown and heads to the city of Schubertland to be awarded the status of Nomad by Schubertland's ruler, King Rawhide. Through the journey, she is trained by the legendary swordsman Sian Lablac. Unfortunately for Belle, through a complication, she is unable to hurt others with her legendary sword Runding. The only choice to best her opponents in battle now is to break their swords, which is heavily looked down upon. Though ostracized for her appearance and hated for her disregard of societal norms, Belle stays resolute as she sets off on a perilous journey to find her rightful place in the world. [Written by MAL Rewrite]","['Sequel (TV) Bye Bye, Earth 2nd Season', 'Adaptation (Light Novel) Bye-Bye, Earth']","Bye Bye, Earth","['Action', 'Adventure', 'Fantasy']",['Anthropomorphic'],,,,
31,Bokutsuma,僕の妻は感情がない,My Wife Has No Emotion,['TV'],12,Finished Airing,"Jul 2, 2024 to Sep 17, 2024",['Summer 2024'],Tuesdays at 23:00 (JST),"['TMS Entertainment', 'Mainichi Broadcasting System', 'Half H.P Studio', 'Nikkatsu', '81 Produce', 'Tokyo MX', 'RAY', 'Nichion', 'Kadokawa', 'BS Asahi']","None found,",['Tezuka Productions'],['Manga'],,,['Seinen'],23 min. per ep.,PG-13 - Teens 13 or older,6.77,#5489,#3073,"57,573",219,21330,"Takuma Kosugi is an office worker who does not have enough time to take care of everything at home. To make his daily life easier, he purchases a secondhand housekeeping robot named Mina, who quickly proves her worth. One day, after returning from work and having one too many beers, Takuma somewhat jokingly blurts out that she should become his wife! Much to his surprise, Mina takes his words seriously, and the two gradually begin living as if they are married. As the days go by, Takuma and Mina grow closer and start doing more activities together, like going on a picnic and spending a day at the beach. However, much of society still considers human-robot relationships unusual. The couple must figure out if their arrangement can succeed and how to convince the people around them of their sincerity. [Written by MAL Rewrite]","['Adaptation (Manga) Boku no Tsuma wa Kanjou ga Nai', '']",Boku no Tsuma wa Kanjou ga Nai,"['Comedy', 'Romance', 'Sci-Fi']",,,,,
32,"Midnight Punch, MayoPan",真夜中ぱんチ,Mayonaka Punch,['TV'],12,Finished Airing,"Jul 8, 2024 to Sep 23, 2024",['Summer 2024'],Mondays at 22:30 (JST),"['Movic', 'AT-X', 'Docomo Anime Store', 'Kadokawa', 'dugout', 'Heart Company']","None found,",['P.A. Works'],Original,,,,23 min. per ep.,PG-13 - Teens 13 or older,7.36,#2518,#3294,"50,635",209,17045,"Masaki's career on NewTube ends abruptly when the Harikiri Sisters decide to kick her out of their group during a livestream. With her bad reputation, Masaki has a slim chance of returning to popularity with a solo channel and she is plagued by comments of hate. Masaki soon meets Live, a vampire who just woke up from her slumber in which she dreamed of Masaki and developed an obsession with her. Believing this discovery will be the next internet sensation, Masaki forms a pact with Live: in exchange for Masaki's blood, Live will help her reach the milestone of a million subscribers. Now, with the other vampires in Live's house on board with Masaki's ambitious plan, she and Live work together to film videos and restore her to career glory. [Written by MAL Rewrite]","['Adaptation (Manga) Mayonaka Punch', '']",Mayonaka Punch,"['Comedy', 'Supernatural']",['Vampire'],,,,
33,,デリコズ・ナーサリー,Delico's Nursery,['TV'],13,Finished Airing,"Aug 8, 2024 to Nov 28, 2024",['Summer 2024'],Thursdays at 00:30 (JST),"['Aniplex', 'Magic Capsule', 'Tokyo MX', 'BS11', 'Contents Seed', 'Watanabe Entertainment']","None found,",['J.C.Staff'],Other,,"['Childcare', 'Vampire']",,23 min. per ep.,PG-13 - Teens 13 or older,6.80,#5333,#3344,"49,212",248,10119,"A scourge has descended upon vampire society in the form of serial murders. The killings appear unrelated at first glance, but every crime scene has one thing in common: a card left behind, bearing the words ""True of Vamp""—the name given to the legendary progenitor of all vampires. The Vlad Agency, a secret intelligence operation, summons the renowned aristocrat Dali Delico to lead the task force investigating the murders. However, Dali refuses, choosing to focus on raising his children. His old colleagues—Gerhard Fra, Henrique Lorca, and Dino Classico—plead with him to balance his duty to the agency with child-rearing. He agrees on one condition: the other three men must also care for their children during the investigation. Dali's estate therefore becomes a nursery and the base of operations for the four noble vampires. Meanwhile, a criminal organization Dali knows all too well lurks in the shadows with evil intentions that threaten to cause the collapse of the entire vampire society. [Written by MAL Rewrite]",[],Delico's Nursery,"['Fantasy', 'Mystery']",,,,,
34,,黄昏アウトフォーカス,Twilight Out of Focus,['TV'],12,Finished Airing,"Jul 4, 2024 to Sep 19, 2024",['Summer 2024'],Thursdays at 23:30 (JST),"['Sotsu', 'Kodansha', 'Movic', 'BS Fuji', 'Ai Addiction', 'Crunchyroll', 'AQUA ARIS']","None found,",['Studio Deen'],['Manga'],['Boys Love'],,,23 min. per ep.,PG-13 - Teens 13 or older,7.47,#2089,#3378,"48,055",418,14715,"Despite a rocky start to their relationship, second-year high school students Mao Tsuchiya and Hisashi Ootomo have managed to find a way to coexist in their dorm room for another year. The roommates swear to abide by three simple promises: Mao must refrain from outing Ootomo as gay and having a boyfriend; Ootomo, in turn, must not fall in love with Mao; and the two must respect each other's privacy when one of them ""needs time to himself."" While these are simple asks, the school's film club's new project suddenly puts them at risk. The club's short film for the year is a boys' love story between a class president and a delinquent—a role for which Ootomo is considered the perfect fit. As the principal photographer in charge of composing every scene, Mao oversees all of the intimate moments between the leads, and though he wishes he could deny it, his growing attraction to his roommate is affecting the movie's production. But as things start to intensify—both in the film and in his personal life—Mao is soon forced to confront these complex emotions head-on. [Written by MAL Rewrite]","['Adaptation (Manga) Tasogare Out Focus', 'Adaptation (Manga) Tasogare Out Focus: Overlap', 'Adaptation (Manga) Zanzou Slow Motion', 'Adaptation (Manga) Yoiyoi Monologue']",Tasogare Out Focus,,['School'],,,,
35,Konofuka,この世界は不完全すぎる,Quality Assurance in Another World,['TV'],13,Finished Airing,"Jul 6, 2024 to Sep 28, 2024",['Summer 2024'],Saturdays at 02:23 (JST),"['Lantis', 'Mainichi Broadcasting System', 'Kodansha', 'Delfi Sound', 'Crunchyroll', 'Bandai Namco Filmworks', 'Bandai Namco Music Live', 'Hike']","None found,","['Studio Palette', '100studio']",['Web manga'],,,,23 min. per ep.,PG-13 - Teens 13 or older,6.54,#6836,#3436,"46,698",63,15823,"Nikola is just a village girl working at the inn...until the day dragons invade, and she meets Haga, a scholar of everything around him. He's a part of an elite society called ""Seeker,"" created to address a series of maladies plaguing their usually peaceful world. But both Nikola and Haga have secrets they hide...ones that will change each other's very existence... (Source: Kodansha USA)","['Adaptation (Manga) Kono Sekai wa Fukanzen Sugiru', '']",Kono Sekai wa Fukanzen Sugiru,"['Adventure', 'Fantasy']",['Video Game'],,,,
36,"Elyase, Elf can't be on a diet.",エルフさんは痩せられない。,Plus-Sized Elf,['TV'],12,Finished Airing,"Jul 7, 2024 to Sep 22, 2024",['Summer 2024'],Sundays at 01:30 (JST),"['KlockWorx', 'King Records', 'Akita Shoten', 'WWWave', 'SHINE Partners']",['Sentai Filmworks'],['Elias'],['Web manga'],,,,12 min. per ep.,R+ - Mild Nudity,5.60,#11793,#3529,"44,832",185,14634,"Tomoatsu Naoe leads an ordinary life working as a massage therapist, but this changes when he encounters a peculiar client named Erufuda. During her visit, Naoe discovers her secret: she is actually an elf! After leaving her world, Erufuda fell in love with junk food and now cannot return home because of her weight gain. Naoe decides to help the elf with dieting so that she can eventually go back to her world. Although Erufuda puts in the work and reaches her goal, it does not take long for Naoe to stumble upon her again—and she has regained the lost pounds. As Naoe continues to give her advice, the two begin encountering other people from another world, all with the same desire to lose weight. [Written by MAL Rewrite]","['Sequel (ONA) Elf-san wa Yaserarenai.: Hami Niku no Shima/Calorie Lovers', 'Adaptation (Manga) Elf-san wa Yaserarenai.']",Elf-san wa Yaserarenai.,"['Comedy', 'Fantasy', 'Ecchi']",,,,,
37,,ダンジョンの中のひと,Dungeon People,['TV'],12,Finished Airing,"Jul 6, 2024 to Sep 28, 2024",['Summer 2024'],Saturdays at 01:53 (JST),"['Mainichi Broadcasting System', 'Nikkatsu', 'Hakuhodo DY Music & Pictures', 'Futabasha', 'Bushiroad Move', ""U's Music""]",['Sentai Filmworks'],['OLM'],['Web manga'],,,,24 min. per ep.,PG-13 - Teens 13 or older,7.11,#3853,#3565,"44,030",97,16513,"For the last three years, Clay has undergone rigorous training in order to find her father, who was last seen exploring a dungeon. While dungeon exploring is difficult for any regular adventurer, Clay knows her father, a thief who doesn't purely rely on raw power or magic, managed to progress farther than anyone else. Clay sets off after him, following in his footsteps until she encounters a furnished room behind a dungeon wall. Clay is shocked to find the room is filled with monsters that can talk and a girl who claims to be the dungeons administrator. However, the room is meant to be kept hidden from explorers. Now that she knows the secret behind the dungeon, Clay is hired to be part of their staff. While she never expected to find a job in her adventure, doing so may just help Clay unravel the mystery behind her father's disappearance. [Written by MAL Rewrite]","['Adaptation (Manga) Dungeon no Naka no Hito', '']",Dungeon no Naka no Hito,"['Adventure', 'Comedy', 'Fantasy']",,,,,
38,,菜なれ花なれ,Narenare -Cheer for You!-,['TV'],12,Finished Airing,"Jul 7, 2024 to Sep 22, 2024",['Summer 2024'],Sundays at 23:45 (JST),"['TV Tokyo', 'DMM.com', 'NetEase', 'AmiAmi']","None found,",['P.A. Works'],Original,['Drama'],,,23 min. per ep.,PG-13 - Teens 13 or older,6.38,#7835,#4263,"30,525",74,8964,"In any competitive cheerleading contest, it is almost certain that Kanata Misora is going to be the star of the show. As a member of the winning squad in Japan's middle school cheerleading nationals, she joins Takanozaki Prefectural High School with her friend Megumi Kaionji intending to seek glory once more. However, following an incident at a competition, she loses touch with her talents and never returns to the club for practice. While despondent, Kanata ends up spotting internet sensation Suzuha Obunai parkouring with an impressive level of athleticism and ends up befriending her in the process. Through Suzuha, Kanata meets Anna Aveiro and Nodoka Ootani, as well as Suzuha's classmate Tanizaki Shion—each carrying their own talents that apply to competitive cheerleading. Gathering through sheer coincidence, the six girls now work together and cheer each other on to chase their unique dreams. [Written by MAL Rewrite]",[],Na Nare Hana Nare,,,,,,
39,"Shy: Tokyo Dakkan-hen, Shy: Tokyo Recapture Arc",シャイ 東京奪還編,Shy Season 2,['TV'],12,Finished Airing,"Jul 2, 2024 to Sep 24, 2024",['Summer 2024'],Tuesdays at 00:00 (JST),"['TV Tokyo', 'Bandai', 'Akita Shoten', 'ADK Marketing Solutions', 'Bandai Namco Filmworks', 'Bandai Namco Music Live', 'Yostar']","None found,",['8bit'],['Manga'],,,['Shounen'],23 min. per ep.,PG-13 - Teens 13 or older,6.92,#4717,#4439,"28,116",67,9104,"After her battle against the mysterious organization Amarariruku, Teru Momijiyama returns to her regular life in Tokyo—all while secretly continuing to save people as Japan's hero Shy. As a result of her experiences with others, Teru is able to slowly gain confidence in herself. While she still has a long way to go, Teru continues to make progress towards learning what being a hero truly means. While walking around the city after school, Teru runs into Ai Tennouji, whom she quickly befriends and begins to open up toward. Teru quickly learns more about her new friend’s past—she has run away from her village in search of something directly related to Teru's work as Shy. While the threat of Amarariruku continues to loom over her,Teru must decide how closely she is willing to work with the mysterious Ai. [Written by MAL Rewrite]","['Prequel (TV) Shy', 'Adaptation (Manga) Shy']",Shy 2nd Season,"['Action', 'Drama']",['Super Power'],,,,
40,"Sengoku Youko Part 2, Sengoku Youko: The Thousandfold Chaos Arc",戦国妖狐 千魔混沌編,Sengoku Youko 2nd Season,['TV'],22,Finished Airing,"Jul 18, 2024 to Dec 26, 2024",['Summer 2024'],Thursdays at 00:00 (JST),"['Nippon Animation', 'Nagoya Broadcasting Network', 'Crunchyroll', 'ABC Animation', 'FuRyu', 'Mixer', 'NetEase', 'BS Asahi', 'Bandai Namco Music Live', 'ABC Frontier']","None found,",['White Fox'],['Manga'],,"['Historical', 'Mythology']",['Shounen'],23 min. per ep.,PG-13 - Teens 13 or older,7.59,#1622,#4723,"24,405",85,6915,"The chaotic aftermath of a confrontation between Jinka Yamato and Yazen results in the power dynamics between the magically gifted katawara and humans being turned upside down. As the news of the downfall of dangaishu—the katawara-hunting monks led by Yazen—spreads across the country, rogue groups of katawara start to form, worsening the already-fragile relationship between them and humanity. Having lost faith in his abilities, Shinsuke Hyoudou now spends his time heavily drinking in the company of Senya, a former enemy of his who controls one thousand katawara within his body. Senya indirectly causes the death of the father of Tsukiko, his newfound friend, after a surprise attack of a local god gone berserk. Despite the circumstances, Tsukiko holds no grudge against Senya and is determined to become Shinsuke's disciple no matter what. Although Shinsuke refuses to become Tsukiko's sword instructor, he reluctantly agrees to let her travel with him and Senya. While the unlikely trio heads towards their next destination, Tama Youko continues her journey to find the trail of Jinka, the nine-tailed fox who has the power to destroy the world. [Written by MAL Rewrite]","['Prequel (TV) Sengoku Youko: Yonaoshi Kyoudai-hen', 'Prequel (TV Special) Sengoku Youko: Yonaoshi Kyoudai-hen Recap', 'Adaptation (Manga) Sengoku Youko', '']",Sengoku Youko: Senma Konton-hen,"['Action', 'Adventure', 'Fantasy']",,,,,
41,,多数欠,Tasuketsu: Fate of the Majority,['TV'],24,Finished Airing,"Jul 3, 2024 to Dec 25, 2024",['Summer 2024'],Wednesdays at 01:59 (JST),"['VAP', 'Nippon Television Network', 'Nippon Television Music', 'BS NTV', 'Marui Group', 'COMICSMART', 'NetEase', 'Team Kawadon']","None found,",['Satelight'],['Web manga'],,"['High Stakes Game', 'Psychological']",,22 min. per ep.,PG-13 - Teens 13 or older,5.56,#11934,#4839,"23,047",43,6571,"During his school computer class, Saneatsu Narita is presented with a strange screen posing a yes-or-no question that quickly disappears. The next day, Saneatsu wakes up to a world where everyone, save for himself and a few others, is dead. An announcement from a mysterious figure known only as the Emperor begins to shed light on the situation. The question that Saneatsu saw on the screen is part of a game called Tasuuketsu. Every day, the survivors will see a question appear on a screen, and answering it will determine who lives to see the next day. Responding the same as the majority will guarantee death, and the last player standing will earn the right to meet the Emperor. Saneatsu resolves to beat the Emperor at their own game, making use of the hidden envelopes containing powers that can aid the players. With the help of his small group of friends, Saneatsu must avoid falling into the machinations of the other players and win this wicked game. [Written by MAL Rewrite]","['Adaptation (Manga) Tasuuketsu', '']",Tasuuketsu,"['Action', 'Drama', 'Suspense']",,,,,
42,,天穂のサクナヒメ,Sakuna: Of Rice and Ruin,['TV'],13,Finished Airing,"Jul 6, 2024 to Sep 28, 2024",['Summer 2024'],Saturdays at 23:00 (JST),"['TV Tokyo', 'TOHO animation', 'Qrout']","None found,",['P.A. Works'],Game,,,,24 min. per ep.,PG-13 - Teens 13 or older,6.74,#5654,#5288,"18,616",31,6301,"Spoiled harvest goddess Sakuna finds herself banished from her opulent celestial home to an island overrun with demons. In the untamed wilderness, she must rediscover her birthright as the daughter of a warrior god and harvest goddess by weathering the elements, fighting monsters, and cultivating rice, the source of her power. By her side in this forbidding place is her guardian Tama and a group of outcast humans. Together, these unlikely companions must join hands to tame both the soil and the demons of Hinoe Island. (Source: Steam)","['Sequel (Unknown) Tensui no Sakuna-hime (Zoku-hen)', '']",Tensui no Sakuna-hime,"['Action', 'Fantasy']",['Mythology'],,,,
43,Red Cat Ramen,ラーメン赤猫,Ramen Akaneko,['TV'],12,Finished Airing,"Jul 4, 2024 to Sep 19, 2024",['Summer 2024'],Thursdays at 23:56 (JST),"['TBS', 'Movic', 'GAGA', 'Tohokushinsha Film Corporation', 'Bushiroad', 'Good Smile Company', 'Legs']","None found,",['E&H Production'],['Manga'],['Comedy'],"['Anthropomorphic', 'Workplace']",['Shounen'],23 min. per ep.,PG-13 - Teens 13 or older,7.37,#2502,#5733,"15,047",84,5258,"Meet Tamako, who's found her way into an interview at a ramen shop run solely by cats. When the feline manager asks if she likes cats, Tamako admits that she's actually more of a dog person...only to be hired on the spot! But her job description isn't quite what she expects — rather than serving ramen, she's now a dedicated cat caretaker...?! (Source: MANGA Plus)","['Sequel (TV) Ramen Akaneko 2nd Season', 'Adaptation (Manga) Ramen Akaneko']",Ramen Akaneko,,,,,,
44,Head Start at Birth,0歳児スタートダッシュ物語,0 Years Old Child Starting Dash Story,['TV'],12,Finished Airing,"Jul 7, 2024 to Sep 22, 2024",['Summer 2024'],Sundays at 17:55 (JST),"None found,","None found,","None found,",['Manga'],,"['Isekai', 'Reincarnation']",,2 min. per ep.,PG-13 - Teens 13 or older,5.38,#12491,#6527,"10,821",23,1937,"Lilia, the newborn daughter of a marquis, has the memories of her previous life! With cheat-like gamer knowledge she aims to become the strongest girl in this new ""other world""! (Source: Shusuisha)","['Sequel (TV) 0-saiji Start Dash Monogatari Season 2', 'Adaptation (Manga) 0-saiji Start Dash Monogatari']",0-saiji Start Dash Monogatari,"['Adventure', 'Fantasy']",,,,,
45,,グレンダイザーU,,['TV'],13,Finished Airing,"Jul 6, 2024 to Sep 28, 2024",['Summer 2024'],Saturdays at 01:23 (JST),"['Pony Canyon', 'Dynamic Planning']","None found,",['Gaina'],['Manga'],,,,23 min. per ep.,PG-13 - Teens 13 or older,5.85,#10673,#7457,"7,784",35,1840,"Duke Fleed is a survivor of the Fleed Planet who has escaped to Earth. Onboard a mysterious ""spaceship,"" he is raised by Dr. Umon as his adoptive son, and becomes known as Daisuke Umon. Years after his arrival, he's faced with the threat of King Vega and his army, who want to conquer the Earth. With his friends Koji and Hikaru and later his younger sister Maria Grace, Duke decides to fight back using his best weapon - the almighty Grendizer.","['Adaptation (Manga) UFO Robo Grendizer', 'Adaptation (Manga) Grendizer U: The Inception']",Grendizer U,"['Action', 'Sci-Fi']",['Mecha'],,,,
46,"Muscleman, Musculman",キン肉マン 完璧超人始祖編,Kinnikuman: Perfect Origin Arc,['TV'],11,Finished Airing,"Jul 14, 2024 to Sep 22, 2024",['Summer 2024'],Sundays at 23:30 (JST),"['Toei Animation', 'Pony Canyon', 'Shueisha', 'BS11', 'ADK Emotions']","None found,",['Production I.G'],['Manga'],,,['Shounen'],23 min. per ep.,PG-13 - Teens 13 or older,6.81,#5291,#7429,"7,839",34,1588,"Following an epic series of fierce fights between various factions of Choujin—beings blessed with supernatural physical abilities that hail from all corners of the galaxy—the former enemies of Seigi Choujin, the victorious group, negotiate a fragile ceasefire. However, peace is short-lived, and a group of seven Perfect Choujin—led by Strong the Budo and called the Perfect Large Numbers—invade Japan, defeating several Seigi Choujin and burning the peace treaty. Determined to protect peace at all costs, Terryman, the current leader of the Seigi Choujin, challenges the seven Perfect Large Numbers in a tournament for supremacy. Although the odds are not in his favor, Terryman knows that he can count on the top Seigi Choujin, Suguru Kinnikuman, to see justice prevail. [Written by MAL Rewrite]","['Prequel (TV) Kinnikuman: Kinnikusei Oui Soudatsu-hen', 'Prequel (TV Special) Kinnikuman: Kanpeki Chоujin Shiso-hen Episode 0', 'Sequel (TV) Kinnikuman: Kanpeki Chоujin Shiso-hen Season 2', 'Adaptation (Manga) Kinnikuman']",Kinnikuman: Kanpeki Chоujin Shiso-hen,"['Comedy', 'Sports']",['Combat Sports'],,,,
47,"Yamishibai: Japanese Ghost Stories Thirteenth Season, Yamishibai: Japanese Ghost Stories 13",闇芝居 十三期,Theatre of Darkness: Yamishibai 13,['TV'],13,Finished Airing,"Jul 15, 2024 to Oct 7, 2024",['Summer 2024'],Mondays at 02:50 (JST),"None found,","None found,","['ILCA', 'ILCASHIPS']",Original,,,,4 min. per ep.,PG-13 - Teens 13 or older,6.04,#9727,#9528,"4,091",15,1485,Thirteenth season of Yami Shibai.,"['Prequel (TV) Yami Shibai 12', 'Sequel (TV) Yami Shibai 14']",Yami Shibai 13,"['Avant Garde', 'Horror', 'Supernatural']",,,,,
48,,カードファイト!! ヴァンガード Divinez Season2,Cardfight!! Vanguard Divinez Season 2,['TV'],13,Finished Airing,"Jul 6, 2024 to Oct 12, 2024",['Summer 2024'],Saturdays at 08:00 (JST),['Bushiroad'],"None found,","['Kinema Citrus', 'GIFTanimation', 'Studio Jemi']",Original,['Action'],,,24 min. per ep.,PG-13 - Teens 13 or older,7.11,#3847,#11130,"2,508",12,797,"Through his victory with Vanguard at the Fated Clash, Akina has his wish for the health of his sister Hikari fulfilled. Gabwelius, who assembled the owners of the Fated One cards, reveals the truth behind the Fated Clash. Another plush toy Sybilt has appeared as well, gathering the 6 owners of Destined One cards, and announcing the start of the “Destined Showdown” where the winner can have their wish fulfilled. Thus begins the fierce bout where motives and intentions cross, of Fate vs Destiny! (Source: cf-vanguard.com)","['Prequel (TV) Cardfight!! Vanguard: Divinez', 'Sequel (TV) Cardfight!! Vanguard: Divinez Deluxe-hen']",Cardfight!! Vanguard: Divinez Season 2,,['Strategy Game'],,,,
49,,まぁるい彼女と残念な彼氏,,['TV'],6,Finished Airing,"Jun 8, 2024 to Jul 13, 2024",['Summer 2024'],Saturdays at 01:56 (JST),"None found,","None found,",['Imageworks Studio'],['Web manga'],,,,11 min. per ep.,PG-13 - Teens 13 or older,[],#17436,#11485,"2,261",13,,"The romantic comedy follows Mariko, a plus-sized nurse who loves to eat. Having no love experience, she thinks her life is devoid of love, until she meets a handsome man named Nagi at a group date that she is invited to. Nagi then asks her out on a date. (Source: ANN)","['Sequel (TV) Maarui Kanojo to Zannen na Kareshi 2nd Season', '']",Maarui Kanojo to Zannen na Kareshi,"['Comedy', 'Romance']",['Adult Cast'],,,,
50,,エグミレガシー,,['TV'],12,Finished Airing,"Jul 9, 2024 to Sep 24, 2024",['Summer 2024'],Tuesdays at 22:30 (JST),"['Happinet Phantom Studios', 'Frontier International', 'Chuo Eigaboeki', 'Odessa Entertainment', 'Masaka']","None found,",['Studio Outrigger'],Card game,,,,10 min. per ep.,PG-13 - Teens 13 or older,6.69,#5953,#12375,"1,699",11,697,"Floating in a certain ocean is an island called ""EGU Island."" The sole entertainment on this island is listening to the songstress, ""End of the World."" Day after day, the islanders are enchanted by her singing. However, this tranquil time is shattered in an instant. Since the disappearance of the songstress, the island has been filled with ""anger,"" ""doubt,"" and ""anxiety."" Various thoughts and intentions begin to stir...A licking war unfolds around, ""End of the World!"" The one who holds her destiny is the legendary legacy ""EGUMI Legacy."" (Source: Ani-One Asia)",[],Egumi Legacy,"['Avant Garde', 'Comedy']",['Anthropomorphic'],,,,
51,Moriarty's Perfect Crime,未来の黒幕系悪役令嬢モリアーティーの異世界完全犯罪白書,,['TV'],6,Finished Airing,"Jul 19, 2024 to Aug 30, 2024",['Summer 2024'],Fridays at 01:56 (JST),"None found,","None found,",['Imageworks Studio'],['Web manga'],['Mystery'],"['Detective', 'Reincarnation']",,10 min. per ep.,PG-13 - Teens 13 or older,[],#17835,#12324,"1,733",5,,"After suffering a crushing defeat against a legendary detective, James Moriarty is reincarnated as a ghost in another world. He wakes up in the body of Sherry Moriarty—a severely bullied student from the elitist All Blue Academy—and manages to save the young woman, who was attempting to take her own life. Although James has forgotten his name and past, he has retained his criminal expertise and is determined to help Sherry get revenge against Porgrette Whey Cochon and the other noblewomen who have made Sherry's existence miserable. The bullies of All Blue Academy will learn the hard way that when two Moriartys unite to commit the perfect crime, no one can stand in their way. [Written by MAL Rewrite]",[],Mirai no Kuromaku-kei Akuyaku Reijou Moriarty no Isekai Kanzen Hanzai Hakusho,,,,,,
52,,ななし怪談 第3作,,['TV'],5,Finished Airing,"Aug 26, 2024 to Aug 30, 2024",['Summer 2024'],Not scheduled once per week,['Shogakukan-Shueisha Productions'],"None found,","None found,",Original,,,,6 min. per ep.,G - All Ages,[],#18078,#14162,"1,026",0,,Third season of Nanashi Kaidan.,"['Prequel (TV) Nanashi Kaidan 2nd Season', '']",Nanashi Kaidan 3rd Season,"['Horror', 'Supernatural']",,,,,
53,,용이산다,The Dragon Next Door,['TV'],Unknown,Currently Airing,"Aug 27, 2024 to ?",['Summer 2024'],Unknown,"None found,","None found,","None found,",['Web manga'],,,,Unknown,PG-13 - Teens 13 or older,[],#16072,#15566,690,1,,"Meet my neighbor—a typical fantasy novelist, more than a little scatterbrained, likes to gossip, borrow things without asking, and play MMORPGs. Oh, and by the way, he's a dragon in disguise named Dragon Kim. (Source: MU)","['Adaptation (Manhwa) The Dragon Next Door', '']",Yongisanda,"['Comedy', 'Fantasy']",,,,,
54,,直江くんは痩せさせたい。,,['TV'],12,Finished Airing,"Jul 7, 2024 to Sep 22, 2024",['Summer 2024'],Sundays at 01:30 (JST),"None found,","None found,",['AQUA ARIS'],['Manga'],,,,11 min. per ep.,PG-13 - Teens 13 or older,5.43,#12332,#15794,654,1,213,Naoe-kun wa Yasesasetai. is a weekly mini anime shown with each Elf-san wa Yaserarenai. episode exclusively on the AT-X broadcast of the TV anime. They are also released separately from the series on streaming services.,"['Sequel (ONA) Naoe-kun wa Yasesasetai. (ONA)', '']",Naoe-kun wa Yasesasetai.,"['Comedy', 'Fantasy']",,,,,
55,,ジェオチャム,,['TV'],24,Finished Airing,"Jul 13, 2024 to Dec 21, 2024",['Summer 2024'],Saturdays at 06:00 (JST),['Sanrio'],"None found,",['Fanworks'],Original,['Slice of Life'],,,1 min. per ep.,G - All Ages,[],#16632,#16655,540,2,,"The first animation of Sanrio character ""JOCHUM"" jointly developed by Sanrio and JO1. 11 friends living in the share house ""JOCHUM'S HOUSE"" where dreams are said to come true if you live in this house. Everyone has a dream and is fighting hard towards their dreams every day while living a leisurely life today!",[],Jochum,,['Anthropomorphic'],,,,
56,"Stick It on Around! Koinu 2nd Season, Hari Maware! Koinu 2nd Season",貼りまわれ! こいぬ 第2期,,['TV'],12,Finished Airing,"Jul 6, 2024 to Sep 26, 2024",['Summer 2024'],Saturdays at 07:00 (JST),['Pierrot'],"None found,",['Opera House'],['Web manga'],['Comedy'],,,4 min. per ep.,G - All Ages,[],#21065,#17503,456,0,,Second season of Harimaware! Koinu.,"['Prequel (TV) Harimaware! Koinu', 'Adaptation (Manga) Harimaware! Koinu']",Harimaware! Koinu 2nd Season,,['Anthropomorphic'],,,,
57,,現代誤訳,Modern Mistranslation,['TV'],12,Finished Airing,"Jul 7, 2024 to Sep 22, 2024",['Summer 2024'],Sundays at 00:00 (JST),"None found,","None found,",['ILCASHIPS'],Original,['Comedy'],,,12 min. per ep.,PG-13 - Teens 13 or older,[],#20775,#18018,416,0,,"The series focuses on teaching students famous quotations from historical figures from all over the world by presenting the quotations incorrectly at first as ""mistranslations"" in the ""modern day,"" encouraging the students to learn the correct quotes in the process. (Source: Crunchyroll)",[],Gendai Goyaku,,,,,,
58,Good Morning Mr. Poop!,おはよう！ うんこ先生,,['TV'],Unknown,Currently Airing,"Jul 26, 2024 to ?",['Summer 2024'],Fridays at 16:00 (JST),"None found,","None found,","None found,",['Manga'],['Comedy'],,,2 min.,PG - Children,[],#18306,#20737,242,0,,No synopsis information has been added to this title. Help improve our database by adding a synopsis here.,[],Ohayou! Unko-sensei,,,,,,
59,,笑うレッドリスト,,['TV'],Unknown,Currently Airing,"Aug 14, 2024 to ?",['Summer 2024'],Unknown,['NHK'],"None found,","None found,",Original,['Comedy'],,,5 min.,G - All Ages,[],#15240,#21086,223,0,,"Endangered animals complain about humans! The animals' complaints reveal the relationship between nature and humans! (Source: NHK, translated)",[],Warau Red List,,['Educational'],,,,
60,,헬로 카봇 시즌15,Hello Carbot Star Guardian,['TV'],26,Currently Airing,"Jun 30, 2024 to ?",['Summer 2024'],Unknown,"None found,","None found,","None found,",Original,['Action'],"['Mecha', 'Racing']",['Kids'],11 min. per ep.,PG - Children,[],#21128,#22463,154,0,,No synopsis information has been added to this title. Help improve our database by adding a synopsis here.,"['Prequel (TV) Hello Carbot Season 14', '']",Hello Carbot Season 15,,,,,,
61,,메탈카드봇S,Metal Cardbot S,['TV'],26,Currently Airing,"Aug 26, 2024 to ?",['Summer 2024'],Tuesdays at 07:45 (JST),"None found,","None found,","None found,",Original,,,['Kids'],11 min. per ep.,PG - Children,[],#17716,#22733,143,0,,No synopsis information has been added to this title. Help improve our database by adding a synopsis here.,"['Prequel (TV) Metal Cardbot', '']",Metal Cardbot S,"['Action', 'Sci-Fi']",,,,,
62,OP,ONE PIECE,One Piece,['TV'],Unknown,Currently Airing,"Oct 20, 1999 to ?",['Fall 1999'],Sundays at 09:30 (JST),"['Fuji TV', 'TAP', 'Shueisha']","['Funimation', '4Kids Entertainment']",['Toei Animation'],['Manga'],,,['Shounen'],24 min.,PG-13 - Teens 13 or older,8.73,#51,#17,"2,493,122","234,353",1417519,"Barely surviving in a barrel after passing through a terrible whirlpool at sea, carefree Monkey D. Luffy ends up aboard a ship under attack by fearsome pirates. Despite being a naive-looking teenager, he is not to be underestimated. Unmatched in battle, Luffy is a pirate himself who resolutely pursues the coveted One Piece treasure and the King of the Pirates title that comes with it. The late King of the Pirates, Gol D. Roger, stirred up the world before his death by disclosing the whereabouts of his hoard of riches and daring everyone to obtain it. Ever since then, countless powerful pirates have sailed dangerous seas for the prized One Piece only to never return. Although Luffy lacks a crew and a proper ship, he is endowed with a superhuman ability and an unbreakable spirit that make him not only a formidable adversary but also an inspiration to many. As he faces numerous challenges with a big smile on his face, Luffy gathers one-of-a-kind companions to join him in his ambitious endeavor, together embracing perils and wonders on their once-in-a-lifetime adventure. [Written by MAL Rewrite]","['Adaptation (Manga) One Piece', 'Adaptation (Light Novel) One Piece: Loguetown-hen']",One Piece,"['Action', 'Adventure', 'Fantasy']",,,,,
63,Tensura 3,転生したらスライムだった件 第3期,That Time I Got Reincarnated as a Slime Season 3,['TV'],24,Finished Airing,"Apr 5, 2024 to Sep 27, 2024",['Spring 2024'],Fridays at 23:00 (JST),"['Kodansha', 'Nippon Television Network', 'BS11', 'Micro Magazine Publishing', 'Bandai Spirits', 'Sony Music Solutions', 'ADK Marketing Solutions', 'Bandai Namco Filmworks', 'Bandai Namco Music Live']","None found,",['8bit'],['Manga'],,"['Isekai', 'Reincarnation']",['Shounen'],24 min. per ep.,PG-13 - Teens 13 or older,7.68,#1352,#615,"402,200","4,202",160252,"Rimuru Tempest is victorious following his climactic showdown with Demon Lord Clayman. With Diablo's aid, the war with the Falmuth Kingdom ends decisively in Rimuru's favor. Fueled by increased migration and the integration of Jura Forest, the nation of Tempest undergoes rapid growth. Rimuru's victory shifts the balance of power, giving rise to a renewed period of peace—but whether that peace will last is another matter. Yuuki Kagurazaka and Kazalim are conspiring with the Harlequin Alliance to bring about Rimuru's downfall. Furthermore, the Western Holy Church continues its intolerant crusade against Rimuru and his non-human subordinates. Both allies and enemies engage in a battle of wits, carefully advancing their agendas without shattering the delicate status quo. But once the first domino inevitably falls, the race to supremacy begins. [Written by MAL Rewrite]","['Prequel (TV) Tensei shitara Slime Datta Ken 2nd Season Part 2', 'Sequel (TV) Tensei shitara Slime Datta Ken 4th Season', 'Adaptation (Manga) Tensei shitara Slime Datta Ken', '']",Tensei shitara Slime Datta Ken 3rd Season,"['Action', 'Comedy', 'Fantasy']",,,,,
64,Detective Conan,名探偵コナン,Case Closed,['TV'],Unknown,Currently Airing,"Jan 8, 1996 to ?",['Winter 1996'],Saturdays at 18:00 (JST),"['Yomiuri Telecasting', 'Shogakukan', 'Audio Planning U', 'Tokyo Movie', 'Polydor Records']","['Funimation', 'Crunchyroll']",['TMS Entertainment'],['Manga'],,,['Shounen'],24 min.,PG-13 - Teens 13 or older,8.17,#434,#703,"360,530","15,322",164220,"Shinichi Kudou, a high school student of astounding talent in detective work, is well known for having solved several challenging cases. One day, when Shinichi spots two suspicious men and decides to follow them, he inadvertently becomes witness to a disturbing illegal activity. Unfortunately, he is caught in the act, so the men dose him with an experimental drug formulated by their criminal organization, leaving him to his death. However, to his own astonishment, Shinichi lives to see another day, but now in the body of a seven-year-old child. Perfectly preserving his original intelligence, he hides his real identity from everyone, including his childhood friend Ran Mouri and her father, private detective Kogorou Mouri. To this end, he takes on the alias of Conan Edogawa, inspired by the mystery writers Arthur Conan Doyle and Ranpo Edogawa. Shinichi, as Conan, starts secretly solving the senior Mouri's cases from behind the scenes with his still exceptional sleuthing skills, while covertly investigating the organization responsible for his current state, hoping to reverse the drug's effects someday. [Written by MAL Rewrite]","['Adaptation (Manga) Meitantei Conan', '']",Meitantei Conan,"['Adventure', 'Comedy', 'Mystery']",['Detective'],Case Closed,,,
65,My Hero Academia 7,僕のヒーローアカデミア 第7期,My Hero Academia Season 7,['TV'],21,Finished Airing,"May 4, 2024 to Oct 12, 2024",['Spring 2024'],Saturdays at 17:30 (JST),"['Dentsu', 'Yomiuri Telecasting', 'Movic', 'Sony Music Entertainment', 'TOHO animation', 'Shueisha']","None found,",['Bones'],['Manga'],['Action'],"['School', 'Super Power']",['Shounen'],23 min. per ep.,PG-13 - Teens 13 or older,8.07,#558,#695,"362,404","2,666",135647,"Following an all-out battle with the Paranormal Liberation Front, it is difficult for the people of Japan to continue placing faith in their heroes. To combat the combined power of Tomura Shigaraki and All For One, All Might calls for his ally from the West—the strongest woman on the planet, Star and Stripe. However, All For One decides to intercept Star and her fleet to get his hands on her overpowered quirk before she can enter Japanese airspace. Although Endeavor, Hawks, and Best Jeanist are headed to the rendezvous point, Star makes a gamble in the present to save her comrades. [Written by MAL Rewrite]","['Prequel (TV) Boku no Hero Academia 6th Season', 'Sequel (TV) Boku no Hero Academia: Final Season', 'Adaptation (Manga) Boku no Hero Academia', '']",Boku no Hero Academia 7th Season,,,,,,
66,Spice and Wolf,狼と香辛料 MERCHANT MEETS THE WISE WOLF,Spice and Wolf: Merchant Meets the Wise Wolf,['TV'],25,Finished Airing,"Apr 2, 2024 to Sep 24, 2024",['Spring 2024'],Tuesdays at 01:30 (JST),"['TV Tokyo', 'Movic', 'TOHO animation', 'Good Smile Company', 'Kadokawa', 'Enishiya', 'Hayabusa Film']","None found,",['Passione'],['Light novel'],,,,23 min. per ep.,PG-13 - Teens 13 or older,8.11,#509,#1139,"228,171","1,830",68829,"With a cartload of fur pelts in tow, traveling merchant Kraft Lawrence stops by the village of Pasloe. According to local folklore, centuries ago, one of the villagers made a promise with the wolf deity Holo, who swore to bless Pasloe with bountiful harvests of wheat. Yet, as time passed, such stories became little more than relics of the past. After quickly finishing his business in the village, Lawrence sets out to his next destination. His journey, however, takes an unexpected turn when he discovers a nude, animal-eared girl sleeping among his pelts. Even more surprisingly, the youthful-looking woman claims to be Holo—the wolf of legend. Holo wishes to return to her hometown in the north, and though their first encounter is rocky, she convinces Lawrence to accompany her on her travels. In return, she vows to earn her keep, using her quick wits and lifetime of experience to help her newfound companion in his dealings. As they continue their journey, Lawrence and Holo take advantage of whatever economic opportunities they come across, often landing in situations that put both their business skills and their relationship to the test. [Written by MAL Rewrite]","['Sequel (TV) Ookami to Koushinryou: Merchant Meets the Wise Wolf 2nd Season', 'Adaptation (Manga) Ookami to Koushinryou', 'Adaptation (Light Novel) Ookami to Koushinryou', '']",Ookami to Koushinryou: Merchant Meets the Wise Wolf,"['Adventure', 'Drama', 'Romance', 'Supernatural']",['Adult Cast'],,,,
67,Mission of Yozakura Family,夜桜さんちの大作戦,Mission: Yozakura Family,['TV'],27,Finished Airing,"Apr 7, 2024 to Oct 6, 2024",['Spring 2024'],Sundays at 17:00 (JST),"['Pierrot', 'Mainichi Broadcasting System', 'NBCUniversal Entertainment Japan', 'Shueisha', 'JR East Marketing & Communications']","None found,",['SILVER LINK.'],['Manga'],,,['Shounen'],24 min. per ep.,PG-13 - Teens 13 or older,7.55,#1754,#1879,"125,981",609,35557,"After losing his entire family in a car crash, Taiyou Asano tries to pull away from his childhood friend, Mutsumi Yozakura, but she assures him she is not going anywhere. Nevertheless, Taiyou becomes socially awkward, struggling to make friends at school despite the efforts of his persistent classmates. One day, the vice principal calls Taiyou to his office, only to begin threatening the boy's life. Taiyou is swept away by a stranger and eventually awakens to Mutsumi, who introduces him to her siblings—a family of spies who harbor superhuman abilities. Every generation produces one ordinary human who becomes the family head. Mutsumi is one of these, and the family's mission is to protect her with their lives. The vice principal's real name is Kyoichiro Yozakura, and he is the eldest son of the family. As Kyouichiro believes that Taiyou is a threat to Mutsumi's life, the only way to keep both Taiyou and Mutsumi safe is for them to get married; the family has a rule that prevents them from killing within the Yozakura household. Though at first reluctant, Taiyou agrees in order to protect Mutsumi. Now he must train as a Yozakura spy to ward off the constant threats on the lives of both Mutsumi and himself. [Written by MAL Rewrite]","['Sequel (TV) Yozakura-san Chi no Daisakusen 2nd Season', 'Adaptation (Manga) Yozakura-san Chi no Daisakusen']",Yozakura-san Chi no Daisakusen,"['Action', 'Comedy']",,,,,
68,,クレヨンしんちゃん,Shin Chan,['TV'],Unknown,Currently Airing,"Apr 13, 1992 to ?",['Spring 1992'],Fridays at 19:30 (JST),['TV Asahi'],['Funimation'],['Shin-Ei Animation'],['Manga'],,,['Seinen'],21 min.,G - All Ages,7.80,#1028,#2399,"87,966","1,328",42152,"There is no such thing as an uneventful day in the life of kindergartener Shinnosuke ""Shin-chan"" Nohara. The five-year-old is a cut above the most troublesome, perverted, and shameless kid one can imagine. Shin-chan is almost always engaged in questionable activities such as forgetting about a friend during hide and seek, sumo wrestling for love, performing various gags including the notorious ""elephant"" in public, and flirting with college girls. The exemplary troublemaker has done it all and has no plans to stop anytime soon. Crayon Shin-chan follows the daily shenanigans of Shin-chan with his group of friends, parading around as the self-proclaimed ""Kasukabe Defense Force."" The adults witnessing these shenanigans unfold can't help but adore Shin-chan, as he keeps them entertained while unintentionally solving their daily troubles through his mindless antics—leaving himself as the only problem they do not know what to do with. [Written by MAL Rewrite]","['Adaptation (Manga) Crayon Shin-chan', '']",Crayon Shin-chan,"['Comedy', 'Ecchi']",['School'],Shin Chan,Shin Chan,,
69,"Whispering You a Love Song, Sasakoi",ささやくように恋を唄う,Whisper Me a Love Song,['TV'],12,Finished Airing,"Apr 14, 2024 to Dec 29, 2024",['Spring 2024'],Sundays at 01:30 (JST),"['TV Asahi', 'NBCUniversal Entertainment Japan', 'Yomiuri TV Enterprise', 'Contents Seed', 'Ichijinsha', 'Live Viewing Japan', 'Bit grooove promotion', 'BS Asahi']",['Sentai Filmworks'],"['Yokohama Animation Laboratory', 'Cloud Hearts']",['Manga'],,,,23 min. per ep.,PG-13 - Teens 13 or older,6.67,#6080,#2408,"87,706",784,19322,"Himari Kino is a cheerful and outgoing girl who is able to make friends with anyone she wants. When she enrolls in high school and attends the freshman opening ceremony, Himari falls in love with Yori Asanagi, a reserved upperclassman, during Yori's band performance. After the show, Himari blurts out her love, but Yori is inexperienced when it comes to romance. Yori, who did not expect this outcome at all, looks for answers from her friends and music. She decides to respond to Himari's confession, and to her surprise, Yori discovers that Himari fell in love with her music and performance rather than Yori as a person. Despite the shock, Yori desires to make Himari truly fall in love with her. The duo spend time together after school on the rooftop, where Yori usually plays her guitar with hopes to change Himari's feelings for her. [Written by MAL Rewrite]","['Adaptation (Manga) Sasayaku You ni Koi wo Utau', '']",Sasayaku You ni Koi wo Utau,"['Drama', 'Girls Love']",['School'],,,,
70,,ザ・ファブル,The Fable,['TV'],25,Finished Airing,"Apr 7, 2024 to Sep 29, 2024",['Spring 2024'],Sundays at 00:55 (JST),"['VAP', 'Kodansha', 'Nippon Television Network', 'Audio Planning U']","None found,",['Tezuka Productions'],['Manga'],,"['Adult Cast', 'Organized Crime']",['Seinen'],22 min. per ep.,R - 17+ (violence & profanity),8.10,#528,#2612,"76,733",557,26664,"Fable, an assassin who works in organized crime, has been raised to the legendary status of a ruthless killer capable of murdering any man within six seconds. Six years after his debut, his boss fears that Fable has started to attract too much attention from the legal authorities, and he orders him to hide in Osaka for a year. Accompanied by his driver who assumes the identity of his sister, Fable is bound by a special condition: he must act as a civilian and not murder anyone lest he and his partner lose their lives. However, the seemingly well-deserved holiday soon takes a grim turn. Takeshi Ebihara, the second-in-command of the Osaka mafia that officially protects the assassin, sees Fable's presence as a threat and wants to remove him. Constantly monitored by the yakuza and regularly put in life-or-death situations, Fable has no other choice but to outwit Takeshi's schemes if he wants to stay alive. [Written by MAL Rewrite]","['Adaptation (Manga) The Fable', '']",The Fable,"['Comedy', 'Suspense']",,,,,
71,The Crow Does Not Choose the Lord,烏は主を選ばない,Yatagarasu: The Raven Does Not Choose Its Master,['TV'],20,Finished Airing,"Apr 6, 2024 to Sep 21, 2024",['Spring 2024'],Saturdays at 23:45 (JST),"['NHK', 'NHK Enterprises']","None found,",['Pierrot'],Novel,,"['Historical', 'Mythology']",,25 min. per ep.,PG-13 - Teens 13 or older,8.06,#583,#3365,"48,344",437,14816,"In the Kingdom of Yamauchi, people have the ability to transform into three-legged crows known as yatagarasu. While the men plot over daily governance, women compete for the hand of Wakamiya, the crown prince who was selected as the Kinu, the servant to the Mountain God. Four young women arrive at the court to join the competition, including one named Asebi. While the kind and innocent Asebi sticks out like a sore thumb compared to the other women, the crown prince has to fight for his place in the clan. Despite being born both to a concubine and as a second son, the royal priests still chose Wakamiya to be the Kinu over his older brother. This decision created a rift between the siblings while enraging Wakamiya's stepmother in the process. When Yukiya, one of the teenage sons of the village chief, is sent to the palace to become Wakamiya's new attendant, the prince is not pleased in the slightest. However, Yukiya's presence at the imperial courts is no mere coincidence. [Written by MAL Rewrite]","['Adaptation (Manga) Karasu ni Hitoe wa Niawanai', 'Adaptation (Manga) Karasu wa Aruji wo Erabanai', 'Adaptation (Novel) Yatagarasu Series', '']",Karasu wa Aruji wo Erabanai,"['Drama', 'Fantasy']",,,,,
72,"Pokémon: Liko to Roy no Tabidachi, Pocket Monsters: Liko to Roy no Tabidachi, Pokémon: Terapagos no Kagayaki, Pocket Monsters: Terapagos no Kagayaki, Pokemon Horizons: Liko and Roy's Departure, Pokemon Horizons: Terapagos' Gleam",ポケットモンスター(2023),Pokémon Horizons: The Series,['TV'],Unknown,Currently Airing,"Apr 14, 2023 to ?",['Spring 2023'],Fridays at 18:55 (JST),"['TV Tokyo', 'Soranone']","None found,",['OLM'],Game,,,['Kids'],24 min.,PG - Children,7.39,#2404,#3962,"35,587",344,8093,"In a world filled with strange yet majestic creatures known as Pokémon, a new adventure begins! Hailing from the pristine region of Paldea, the timid Liko travels to the Kanto region to attend the Indigo Academy and become a Pokémon trainer—a person who forms relationships with Pokémon and trains them to participate in battles. Soon, Liko acquires Nyahoja, a fickle Grass-type cat Pokémon, as her first partner. Prior to Liko's transfer to Kanto, her grandmother gives her a uniquely patterned and gleaming pendant as a protective charm. However, an enigmatic organization—The Explorers—seems to know a secret about the pendant and nearly succeeds in stealing it from Liko. Fortunately, she is rescued by the Rising Volt Tacklers, a group of adventurers led by a Lizardon-riding trainer named Friede. After a series of encounters with The Explorers, Liko decides to join Friede's team, accompanying him and his crew members on a grand journey across the regions. Along the way, they aim to unravel not only the mysteries of the world of Pokémon, but also the power that resides within her pendant. [Written by MAL Rewrite]","['Adaptation (Manga) Pocket Monsters: Liko no Takaramono', '']",Pokemon (2023),"['Action', 'Adventure', 'Comedy', 'Fantasy']",,,,,
73,,ドラえもん (2005),,['TV'],Unknown,Currently Airing,"Apr 22, 2005 to ?",['Spring 2005'],Fridays at 19:00 (JST),['TV Asahi'],"None found,",['Shin-Ei Animation'],['Manga'],,,,25 min.,PG - Children,7.72,#1248,#4997,"21,388",239,9579,"Doraemon (2005) is the most recent anime series based on Fujiko Fujio's manga of the same name. It is the 2005 version of 1979 series, with certain changes in the animation and other things. Doraemon is a cat-like robot who appears in the present to steer Nobita/Noby, who is a dumb, naive and clumsy boy on the right path in order to secure his future. Nobita's love interest is Shizuka Minamoto/Sue, his frenemies are Takeshi Goda/Big G and Suneo/Sneech. (Source: Wikipedia)","['Prequel (TV) Doraemon (1979)', 'Adaptation (Manga) Doraemon']",Doraemon (2005),"['Comedy', 'Sci-Fi']",['Anthropomorphic'],,,"['Kids', 'Shounen']",
74,,サザエさん,Mrs. Sazae,['TV'],Unknown,Currently Airing,"Oct 5, 1969 to ?",['Fall 1969'],Sundays at 18:30 (JST),['Fuji TV'],"None found,",['Eiken'],['4-koma manga'],,,,24 min.,G - All Ages,6.14,#9140,#7126,"8,789",39,1932,"The main character is a mother named Sazae-san. She lives in a house with her husband, her kids and her parents. The show is the ultimate family program and tends to follow traditional themes. Think of this show as the Japanese equivalent to ""The Partridge Family"" and you'll get a good feel for this show's atmosphere. Don't expect to see things like violence, swearing, kung-fu action or magical girls. The plots are more like ""Today, Sazae-san goes to the new mall and gets lost"". Such ""boring"" plotlines and the simplistic art are often a turn-off to non-Japanese audiences, but most Japanese find the show incredibly good. As a result, it continues to be one of the top ratings grabbers on TV and is one of the few anime that is considered ""acceptable"" by adults. (Source: AniDB)","['Adaptation (Manga) Sazae-san', '']",Sazae-san,"['Comedy', 'Slice of Life']",,,,,
75,"Ninja Boy Rantaro, Rakudaii Nintama Rantarou",忍たま乱太郎,,['TV'],Unknown,Currently Airing,"Apr 10, 1993 to ?",['Spring 1993'],Not scheduled once per week,"['NHK', 'Sogo Vision', 'NHK Enterprises']","None found,","['Ajia-do', 'Gakken']",['Manga'],['Comedy'],,['Kids'],10 min.,G - All Ages,7.08,#4018,#7384,"8,008",77,2549,"Taking place in the Sengoku Period, Rantarou, Kirimaru and Shinbei are young students at Ninjutsu Academy, a school that teaches all kinds of youth how to become ninjas. Known as ""Nintamas"" (a contraction of ninja + tama [egg]), the main trio, and many other students at the school, must learn all sorts of unique skills to achieve their goal. Unfortunately, things aren't that simple, since our protagonists constantly find themselves failing their classes. With strict ninja teachers such as Doi-sensei and Yamada-sensei, the mischievous girls from the Kunoichi class, an entire crew of pirates and dozens more interesting characters, anything can happen in the crazy world of Nintama. The episodes are 7 minutes and thirty seconds long each, and each season (which there's currently 29 of) usually has a range of 60-90 episodes.","['Adaptation (Manga) Rakudai Ninja Rantarou', '']",Nintama Rantarou,,,,El Ninja Boy Rantaró,,
76,,わんだふるぷりきゅあ!,Wonderful Precure!,['TV'],50,Finished Airing,"Feb 4, 2024 to Jan 26, 2025",['Winter 2024'],Sundays at 08:30 (JST),['ABC Animation'],"None found,",['Toei Animation'],Original,['Action'],,,23 min. per ep.,G - All Ages,7.58,#1639,#7455,"7,786",92,2108,"The Wonderful Precure! anime is set in Animal Town, a town where animals and people live together in harmony. Second-year junior high school student Iroha Inukai is best friends with her dog named Komugi. Out for a walk one day, Iroha and Komugi encounter a mysterious creature named Garugaru, who goes on a rampage in the city. Komugi suddenly transforms into a Pretty Cure named Cure Wonderful, to protect Iroha. (Source: ANN)","['Adaptation (Manga) Wonderful Precure!', '']",Wonderful Precure!,,['Mahou Shoujo'],,,,
77,,シンカリオン チェンジ ザ ワールド,,['TV'],39,Finished Airing,"Apr 7, 2024 to Feb 2, 2025",['Spring 2024'],Sundays at 08:30 (JST),"['TV Tokyo', 'Shogakukan-Shueisha Productions', 'Shogakukan Music & Digital Entertainment', 'TV Tokyo Music']","None found,","['Production I.G', 'Signal.MD']",Other,,"['Mecha', 'School']",['Kids'],23 min. per ep.,PG-13 - Teens 13 or older,6.01,#9871,#7709,"7,162",35,770,"Once upon a time, an unidentified enemy, the Unknown, suddenly appeared. The ""Super Evolutionary Railway Development Agency,"" had developed the ""Shinkalion,"" a robot that transforms into a bullet train, as a countermeasure against this threat. (Source: Official Website, translated)",[],Shinkalion: Change the World,"['Action', 'Sci-Fi']",,,,,
78,Maruko-chan,ちびまる子ちゃん,Little Miss Maruko,['TV'],Unknown,Currently Airing,"Jan 8, 1995 to ?",['Winter 1995'],Sundays at 18:00 (JST),"['Ajia-do', 'Fuji TV', 'Sakura Production']","None found,",['Nippon Animation'],['Manga'],['Comedy'],,['Shoujo'],23 min.,G - All Ages,7.34,#2631,#7918,"6,750",62,2174,"Momoko Sakura is an elementary school student who likes popular idol Momoe Yamaguchi and mangas. She is often called ""Chibi Maruko-chan"" due to her young age and small size. She lives together with her parents, her grandparents and her elder sister in a little town. In school, she has many friends with whom she studies and plays together everyday, including her close pal, Tama-chan; the student committee members, Maruo-kun and Migiwa-san; and the B-class trio: 'little master' Hanawa-kun, Hamaji-Bu Taro and Sekiguchi-kun. This is a fun-loving and enjoyable anime that portrays the simple things in life. (Source: ANN)","['Prequel (TV) Chibi Maruko-chan', 'Adaptation (Manga) Chibi Maruko-chan']",Chibi Maruko-chan (1995),,['School'],,Chibi Maruko-chan,,
79,Yuu Gi Ou: Go Rush!!,遊☆戯☆王ゴーラッシュ!!,,['TV'],Unknown,Currently Airing,"Apr 3, 2022 to ?",['Spring 2022'],Sundays at 07:30 (JST),"['TV Tokyo', 'Konami', 'Shueisha']","None found,",['Bridge'],Card game,,,,24 min.,PG-13 - Teens 13 or older,5.66,#11557,#7917,"6,752",52,1140,"After inheriting the company from their parents, siblings Yuuhi and Yuamu Oudou have started to work at Ultraterrestrial Trouble Solutions, an organization that hunts aliens. Although they have never encountered aliens before, Yuuhi is desperate to meet one as he believes that an alien has stolen his important item called the ""Earthdamar."" One day, while searching for extraterrestrial creatures, Yuuhi and Yuamu find a strange spot in the forest where many trees have fallen, forming a scenery similar to a crop circle. As they venture further, they discover a mysterious spaceship and enter it out of curiosity. To their surprise, they come across Yudias Velgear, an alien from the Velgear Star Cluster. As it turns out, Yudias is seeking to learn about Rush Duel—a card game popular among elementary school students—as he believes that it will save his home from a long war. With the siblings agreeing to teach Yudias about Rush Duel, they eventually realize that their first contact with an alien may not be a random coincidence. [Written by MAL Rewrite]","['Adaptation (Manga) Yu☆Gi☆Oh! Go Rush!!', '']",Yu☆Gi☆Oh! Go Rush!!,"['Action', 'Fantasy']",['Strategy Game'],,,,
80,,逃走中 グレートミッション,Run For Money: The Great Mission,['TV'],Unknown,Currently Airing,"Apr 2, 2023 to ?",['Spring 2023'],Sundays at 09:00 (JST),"['Yomiko Advertising', 'Fuji TV']","None found,",['Toei Animation'],Other,,,,23 min.,PG-13 - Teens 13 or older,5.65,#11608,#8213,"6,113",27,773,"Due to Earth's increasing climate crisis, humanity has developed futuristic technology to migrate to the Moon. Tomura Sawyer works as a courier in the higher areas, saving money for his little brother, Haru, who suffers from Smoky Moon Disease - a sickness produced by the smoke and polution from the lower areas. The two siblings dream of moving to the higher, cleaner areas to treat this disease. Tomura takes a gamble to do the impossible: to participate in the TV program ""Run for Money"" and to win against all the other contestants even if he doesn't have the Chrono Bracelet required for it. A producer of said program by the name of Harvest seems to take an interest in Tomura's determination to participate, so she gifts him the Bracelet and allows him to participate. In this glorified game of Tag, Tomura Sawyer must last longer than anyone else without being touched by the enemies in this game — the Hunters.",[],Tousouchuu: Great Mission,"['Sci-Fi', 'Suspense']",['High Stakes Game'],,,,
81,,ちいかわ,,['TV'],Unknown,Currently Airing,"Apr 4, 2022 to ?",['Spring 2022'],Fridays at 07:40 (JST),"None found,",['Sentai Filmworks'],['Doga Kobo'],['Web manga'],['Comedy'],,['Seinen'],1 min.,G - All Ages,7.60,#1585,#8299,"6,004",139,1495,"What's a Chiikawa? No one really knows, but everyone can see they're small, they're cute, and they're always having a fun time! Join them as they explore their surreal world with the sharp humor and clever antics that make the Chiikawa irresistible. (Source: HIDIVE, edited)","['Adaptation (Manga) Chiikawa: Nanka Chiisakute Kawaii Yatsu', '']",Chiikawa,,,,,,
82,,ベイブレードエックス,,['TV'],Unknown,Currently Airing,"Oct 6, 2023 to ?",['Fall 2023'],Fridays at 18:25 (JST),['TV Tokyo'],"None found,",['OLM'],['Manga'],,,['Kids'],24 min.,PG - Children,6.81,#5267,#9071,"4,741",45,1148,"At the heart of X City stands the impressive X Tower, an interconnected twin-skyscraper structure that symbolizes the pinnacle of every Beyblade player's dream. The building serves as the official headquarters for professional Beybattles, where competitors strive to ascend all one hundred floors; at its summit, the reigning champions, Team Pendragon, await contenders worthy of challenging their title. Bird Kazami, an amateur Blader, arrives in the city eager to turn professional. However, he and his teammates are crushed in their first qualifying match, prompting his companions to give up and disband their team. Fortunately, Bird is soon approached by the easygoing Ekusu Kurosu. In disguise as ""Kamen X"" to hide his identity as a former member of the undefeated Team Pendragon, Ekusu wants to climb the tower all over again. To complete their new group, they recruit skilled Beyblade expert and savvy social media influencer Multi Nanairo. Driven by their individual goals, the trio wins their preliminary rounds, launching their careers as Team Persona. Bird and his new friends must navigate the world of corporate sponsorships, earn the fickle public's support, and defeat many formidable opponents—all in their quest to reach X Tower's peak. [Written by MAL Rewrite]","['Adaptation (Manga) Beyblade X', '']",Beyblade X,"['Adventure', 'Sports']",,,,,
83,"Soreike! Anpanman, Go! Anpanman, Anpanman TV",それいけ！アンパンマン,,['TV'],Unknown,Currently Airing,"Oct 3, 1988 to ?",['Fall 1988'],Fridays at 16:20 (JST),"['Sotsu', 'Nippon Television Network']","None found,",['TMS Entertainment'],Picture book,,,['Kids'],24 min.,PG - Children,6.58,#6591,#9183,"4,599",31,1735,"One night, a Star of Life falls down the chimney of a bakery nestled deep in the forest, causing the dough in the oven to come to life. The dough becomes Anpanman, a superhero made of anpan (a sweet roll with bean jam filling). Together with his friends, Anpanman fights his rival Baikinman and helps the malnourished. (Source: ANN)",[],Sore Ike! Anpanman,"['Comedy', 'Fantasy']",,,,,
84,,ぼのぼの,Bono Bono,['TV'],Unknown,Currently Airing,"Apr 2, 2016 to ?",['Spring 2016'],Saturdays at 04:52 (JST),"['Fuji TV', 'Glovision']","None found,",['Eiken'],['4-koma manga'],,,,5 min.,G - All Ages,6.37,#7891,#10230,"3,275",19,759,"Based on the original comic BONO BONO by Mikio Igarashi that has seen over 9,000,000 total copies printed, this is the definitive animated version of the emotionally soothing character-driven series that will make you ask yourself the philosophical question, ""What are living things?"" while laughing at heartwarming gags and being entertained by the interactions of amusing forest friends Bonobono the young sea otter, Chipmunk, Fishing Cat, and more. Enjoy the easygoing days and minor misadventures of Bonobono and his friends! (Source: Fuji Creative)","['Adaptation (Manga) Bonobono', 'Adaptation (Manga) Bono-chan']",Bonobono (TV 2016),"['Comedy', 'Slice of Life']",['Anthropomorphic'],Bono Bono,Bono Bono,,Bono Bono
85,,ひみつのアイプリ,,['TV'],Unknown,Currently Airing,"Apr 7, 2024 to ?",['Spring 2024'],Sundays at 10:00 (JST),"None found,","None found,","['OLM', 'Dongwoo A&E']",Game,,"['Idols (Female)', 'Music']",,23 min.,PG - Children,6.20,#8849,#10328,"3,167",19,389,"Ever since she was a child, Himari Aozora has adored the world of the idol princesses known as AiPri. Long ago, Himari made a promise with her best friend, Mitsuki Hoshikawa, that they would debut as AiPris together. However, Himari has grown to be incredibly shy, and she has all but given up on her dream. Both girls enroll as first years at Paradise Private Academy. On the first day of school, Himari gets lost on her way back to the dormitory and stumbles upon a room radiating a pink light. She falls into the room, and a bracelet clasps onto her wrist, transporting her to the AiPriVerse—the world where AiPris perform. Himari accidentally enters the newcomer auditions for the AiPriVerse, and her performance impresses Paradise Academy's Student Council. They offer to become her producers, with the condition that she will conceal her status as an AiPri. Little does Himari know that Mitsuki herself is also an AiPri and has been hiding it from her! Their childhood dream of performing together gradually comes to fruition—even as the academy's principal threatens to ban AiPri from school grounds entirely. [Written by MAL Rewrite]","['Sequel (TV) Himitsu no AiPri: Ring-hen', '']",Himitsu no AiPri,,,,,,
86,,ニンジャラ,,['TV'],Unknown,Currently Airing,"Jan 8, 2022 to ?",['Winter 2022'],Saturdays at 07:00 (JST),['TV Tokyo'],['Sentai Filmworks'],['OLM'],Game,['Action'],,,23 min.,PG - Children,5.57,#11917,#10493,"3,040",24,424,"The year is 20XX. The ninja, who once forged the history of Japan, were scattered across the country during the Meiji Restoration. As these ninja mingled with the other clans, their bloodline thinned, and they gradually faded from sight. The descendants of these ninja clans, seeking to preserve their heritage, formed the WNA (World Ninja Association) in the hope of carrying on their legacy. And so it was that the WNA succeeded in developing Ninja-Gum, an art which could summon forth the strength of the Shinobi. And yet creating the most powerful Ninja-Gum requires the strongest of ninja DNA. So it was that the Ninjala Tournament was held, that the mightiest of all ninjas could be found... (Source: Official Game website)","['Adaptation (Manga) Ninjala', '']",Ninjala (TV),,,,,,
87,,しかるねこ,,['TV'],Unknown,Currently Airing,"Mar 22, 2021 to ?",['Spring 2021'],Unknown,"None found,","None found,","None found,",['Manga'],['Slice of Life'],,,30 sec.,G - All Ages,[],#14192,#11243,"2,433",17,,No synopsis information has been added to this title. Help improve our database by adding a synopsis here.,"['Adaptation (Manga) Shikaru Neko', '']",Shikaru Neko,,,,,,
88,,シャドウバースFLAME アーク編,,['TV'],23,Finished Airing,"Apr 13, 2024 to Sep 28, 2024",['Spring 2024'],Saturdays at 09:30 (JST),['TV Tokyo'],"None found,",['Zexcs'],Card game,['Fantasy'],,,23 min. per ep.,PG-13 - Teens 13 or older,6.65,#6162,#11236,"2,436",10,504,Third part of Shadowverse Flame.,"['Prequel (TV) Shadowverse Flame: Seven Shadows-hen', '']",Shadowverse Flame: Arc-hen,,['Strategy Game'],,,,
89,,おじゃる丸,Prince Mackaroo,['TV'],Unknown,Currently Airing,"Oct 5, 1998 to ?",['Fall 1998'],Not scheduled once per week,['NHK'],['Enoki Films'],['Gallop'],Original,,,['Kids'],10 min.,G - All Ages,6.39,#7761,#11546,"2,222",5,553,"In the Heian era, around 1000 years ago, a young boy of noble family named Ojarumaru is bored with his life of privilege. Meanwhile, three demons steal the power-stick of Enma, king of demons, and then lose it. Ojarumaru finds it, and uses it to transport himself to the present time. Here, he is befriended by a young boy named Kazuma, and becomes a member of his family. As time goes on, Ojarumaru makes many new friends, while dodging the comedic efforts of the three demons, Akane, Kisuke, and Aobee, as they try to recover the stick. (from ANN)","['Adaptation (Manga) Ojarumaru', '']",Ojarumaru,"['Adventure', 'Award Winning', 'Comedy', 'Fantasy']",,,,,
90,,ふしぎ駄菓子屋 銭天堂,,['TV'],Unknown,Currently Airing,"Sep 8, 2020 to ?",['Fall 2020'],Tuesdays at 18:45 (JST),"None found,","None found,","['Toei Animation', 'Gallop', 'Kanaban Graphics']",Novel,['Mystery'],,['Kids'],10 min.,G - All Ages,6.03,#9763,#11791,"2,061",5,203,"Zenitendo is a mysterious candy store that only lucky people can reach. All the candy recommended by Beniko, the owner of the store, is perfectly suited to the buyer's troubles. However, it depends on whether the candy will be used or eaten correctly that it can bring happiness or misfortune. (Source: MAL News)","['Prequel (Movie) Fushigi Dagashiya: Zenitendou Movie - Tsuri Taiyaki', '']",Fushigi Dagashiya: Zenitendou,,,,,,
91,PazuDora,パズドラ,Puzzle & Dragon,['TV'],Unknown,Currently Airing,"Apr 2, 2018 to ?",['Spring 2018'],Mondays at 18:25 (JST),['Akatsuki'],"None found,",['Pierrot'],Game,,,['Kids'],24 min.,PG - Children,5.84,#10756,#12374,"1,701",6,147,"The story is set in modern day Japan following the growth of the protagonist Taiga Akashi, an elementary school kid who wants to be a professional gamer someday. (Source: Crunchyroll)",[],Puzzle & Dragon,,['Strategy Game'],,,,
92,Tom and Jerry Play,とむとじぇりーごっこ,Tom and Jerry,['TV'],Unknown,Currently Airing,"Nov 11, 2022 to ?",['Fall 2022'],Unknown,['Warner Bros. Japan'],"None found,","['Fanworks', 'Studio Nanahoshi']",Other,['Comedy'],,['Kids'],1 min.,G - All Ages,6.36,#7952,#13121,"1,353",2,517,"To celebrate ""Cheese Day,"" (November 11 in Japan), Cartoon Network Japan aired an anime spin on Tom and Jerry that combines the fast-paced humor of the original with a cute, ""pop"" worldview. The pair are joined by the diaper-wearing Tuffy Mouse, another recurring character from the classic cartoon. (Source: Crunchyroll)",[],Tom to Jerry Gokko,,,,,,
93,Kamiusagi Rope 4,紙兎ロペ 〜笑う朝には福来たるってマジっすか!?,,['TV'],Unknown,Currently Airing,"Nov 16, 2012 to ?",['Fall 2012'],Not scheduled once per week,"None found,","None found,","None found,",Original,,,,2 min.,G - All Ages,[],#16806,#13287,"1,296",0,,"Fourth season of Kamiusagi Rope, events occur after the feature film. Airs on Mezamashi TV instead of the theaters.","['Prequel (Movie) Kamiusagi Rope tsuka, Natsuyasumi Rasuichi tte Maji ssuka!?', '']",Kamiusagi Rope: Warau Asa ni wa Fukuraitaru tte Maji ssuka!?,"['Comedy', 'Slice of Life']",,,,,
94,Hana Kappa,はなかっぱ,,['TV'],Unknown,Currently Airing,"Mar 29, 2010 to ?",['Spring 2010'],Not scheduled once per week,"['Group TAC', 'TOHO animation']","None found,","['Xebec', 'OLM']",Picture book,['Comedy'],,['Kids'],10 min.,PG - Children,6.00,#9924,#14247,"1,002",0,171,Story about Kappa with flowers on their heads.,[],Hanakappa,,,,,,
95,,しあわせ配達おみくじタネコ,,['TV'],Unknown,Currently Airing,"Mar 26, 2011 to ?",['Spring 2011'],Not scheduled once per week,"None found,","None found,",['Kachidoki Studio'],Original,['Comedy'],,,Unknown,None,[],#14179,#14319,980,4,,"The story centers around a cat who answers people's wishes and delivers happiness. (""Tane"" and ""neko"" are the Japanese words for ""seed"" and ""cat,"" respectively.) (Source: ANN)",[],Shiawase Haitatsu Taneko,,,,,,
96,,しまじろうのわお!,,['TV'],Unknown,Currently Airing,"Apr 2, 2012 to ?",['Spring 2012'],Mondays at 07:30 (JST),"None found,","None found,",['The Answer Studio'],Other,,,['Kids'],8 min.,G - All Ages,[],#14211,#15579,687,1,,Fourth season of the Shimajirou children's television series.,"['Prequel (TV) Shimajirou Hesoka', '']",Shimajirou no Wow!,"['Adventure', 'Comedy', 'Fantasy']",,,,,
97,,ちびゴジラの逆襲,Chibi Godzilla Raids Again Season 2,['TV'],Unknown,Currently Airing,"Apr 3, 2024 to ?",['Spring 2024'],Wednesdays at 07:05 (JST),['TOHO'],"None found,",['Pie in the sky'],Original,['Fantasy'],,['Kids'],2 min.,G - All Ages,[],#19891,#15594,687,2,,Sequel to Chibi Godzilla no Gyakushuu.,"['Prequel (TV) Chibi Godzilla no Gyakushuu', '']",Chibi Godzilla no Gyakushuu 2nd Season,,,,,,
98,,マヌ～ルのゆうべ,,['TV'],Unknown,Currently Airing,"Nov 11, 2018 to ?",['Fall 2018'],Sundays at Unknown,['NHK'],"None found,","None found,",['Web manga'],['Slice of Life'],,,1 min.,PG-13 - Teens 13 or older,[],#17534,#15791,654,1,,"Within the nature ""Darwin Kita! Kikimono Shin Densetsu"" program on NHK1.5 airs the short Manul no Yuube, based on a web manga/comic of the same name. It following animal characters who visit the bar Manul no Yuube. The bar is run by the Mama who is a Pallas's cat (Otocolobus manul) and serviced by the hostess Tsunomin who is a Brazilian treehopper (Bocydium globulare).",[],Manul no Yuube,,,,,,
99,Rice Monster Pap,ごはんかいじゅうパップ,,['TV'],Unknown,Currently Airing,"Apr 25, 2011 to ?",['Spring 2011'],Not scheduled once per week,"None found,","None found,",['DLE'],Original,,,['Kids'],30 sec.,G - All Ages,[],#20832,#16419,567,0,,"A series of short, 30-second segments featuring Gohan Kaijuu Pap and various ""side dish"" monsters to produce delicious meals.",[],Gohan Kaijuu Pap,"['Action', 'Comedy']",,,,,
100,Yowamon,よわむしモンスターズ,,['TV'],Unknown,Currently Airing,"Dec 25, 2012 to ?",['Winter 2013'],Not scheduled once per week,['NHK'],"None found,","None found,",Original,,,['Kids'],1 min.,PG - Children,[],#16116,#16758,527,0,,An NHK toddler's anime following cowardly creatures representing typical Halloween monsters like Dracula and a witch.,[],Yowamushi Monsters,,,,,,
101,,パッコロリン,Pakkororin,['TV'],Unknown,Currently Airing,"Mar 28, 2011 to ?",['Spring 2011'],Not scheduled once per week,['NHK'],"None found,",['Three-d'],Original,,,['Kids'],1 min.,G - All Ages,[],#18456,#18293,397,0,,"A minute long children's anime that follows 3 siblings. Two brothers who are rectangular and circular shaped, and a sister who is triangluar shaped. They have unique personalities and foster growth and discovery through their play time.",[],Pakkororin,,,,,,
102,,最強王図鑑 ～The Ultimate Battles～,,['TV'],50,Finished Airing,"Jan 6, 2024 to Dec 14, 2024",['Winter 2024'],Saturdays at 07:00 (JST),"None found,","None found,",['OLM Digital'],Book,['Action'],,['Kids'],5 min. per ep.,G - All Ages,[],#19026,#18208,402,5,,No synopsis information has been added to this title. Help improve our database by adding a synopsis here.,"['Sequel (TV) Sai-Kyo-Oh! Zukan: The Ultimate Tournament', '']",Sai-Kyo-Oh! Zukan: The Ultimate Battles,,,,,,
103,"Shin Nippon History: Minna ga Shiranai, Atarashii Nihon no Rekishi.",新ニッポンヒストリー,,['TV'],Unknown,Currently Airing,"Jan 6, 2020 to ?",['Winter 2020'],Mondays at 01:00 (JST),"None found,","None found,","None found,",Original,['Comedy'],,,23 min.,G - All Ages,[],#14234,#18531,377,0,,No synopsis information has been added to this title. Help improve our database by adding a synopsis here.,[],Shin Nippon History,,['Historical'],,,,
104,Happy Smile ♡ Dream,おりがみにんじゃ コーヤン＠きんてれ,,['TV'],Unknown,Currently Airing,"Apr 7, 2020 to ?",['Spring 2020'],Tuesdays at 07:30 (JST),['TV Tokyo'],"None found,",['Directions'],Unknown,['Comedy'],,['Kids'],Unknown,PG - Children,[],#18387,#18666,366,0,,"Koyan, the Origami Ninja, came to Earth from his planet Origamio to find the magical stone ""Hapiton"" that has the ability to make people happy. On the way, he was joined by childhood friend Namin anda new friend Lublin. One day, a villain called Evilrun appeared. Evilrun has a black hole in her stomach and tries to inhale anything. Every time an event happens, Evilrun gets in the way of Koyan and friends. But what Evilrun's aim is remains a mystery...",[],Origami Ninja Koyankinte,,,,,,
105,,しゅわわん!,,['TV'],Unknown,Currently Airing,"Mar 22, 2023 to ?",['Spring 2023'],Not scheduled once per week,['NHK'],"None found,",['KOO-KI'],Original,['Slice of Life'],,,5 min.,G - All Ages,[],#14375,#19614,304,0,,"Shuwawan! chronicles the family life of real-life photographer and essayist Harumichi Saitou. Saitou and his wife are both deaf, his children are both hearing, and the family communicates in sign language. The anime draws on Saitou's own Ikuji Manga Nikki (Child-rearing Manga Diary) work. (Source: ANN)",[],Shuwawan!,,['Childcare'],,,,
106,,アイラブみー,,['TV'],Unknown,Currently Airing,"Oct 23, 2022 to ?",['Fall 2022'],Unknown,['NHK'],"None found,",['Oddjob'],Original,,,['Kids'],10 min.,G - All Ages,[],#21441,#19853,290,0,,The second season of I Love Me.,"['Prequel (TV) I Love Me', '']",I Love Me 2nd Season,,,,,,
107,,新西游历险记,,['TV'],52,Currently Airing,"Jan 19, 2024 to ?",['Winter 2024'],Unknown,"None found,","None found,","None found,",Original,,,,14 min. per ep.,PG-13 - Teens 13 or older,[],#15760,#20332,265,0,,No synopsis information has been added to this title. Help improve our database by adding a synopsis here.,[],Xin Xiyou Lixian Ji,"['Action', 'Adventure', 'Fantasy']",['Martial Arts'],,,,
108,,ようこそ認知症世界へ,,['TV'],Unknown,Currently Airing,"Aug 14, 2022 to ?",['Summer 2022'],Unknown,['NHK'],"None found,","None found,",Original,,,,5 min.,G - All Ages,[],#16103,#20745,242,0,,"Travel through the words of people with dementia by seeing how they experience the everyday and problems they face. (Source: Official site, translated)",[],Youkoso Ninchishou Sekai e,"['Adventure', 'Slice of Life']",['Educational'],,,,
109,,카비온,,['TV'],52,Finished Airing,"Sep 2, 2023 to Nov 9, 2024",['Fall 2023'],Saturdays at 14:45 (JST),"None found,","None found,","None found,",Original,,,['Kids'],14 min. per ep.,PG - Children,[],#19729,#20778,239,1,,No synopsis information has been added to this title. Help improve our database by adding a synopsis here.,[],Cabeon,"['Action', 'Sci-Fi']",,,,,
110,,라바 인 마스,,['TV'],Unknown,Currently Airing,"Jan 13, 2024 to ?",['Winter 2024'],Unknown,"None found,","None found,","None found,",Original,,"['Gag Humor', 'Space']",['Kids'],3 min.,G - All Ages,[],#17277,#21191,214,0,,No synopsis information has been added to this title. Help improve our database by adding a synopsis here.,"['Prequel (ONA) Larva Family', '']",Larva in Mars,"['Comedy', 'Sci-Fi']",,,,,
111,,むかしばなしのおへや　〜伝えたい日本昔話〜,,['TV'],Unknown,Currently Airing,"Jun 14, 2020 to ?",['Summer 2020'],Not scheduled once per week,['BS-TBS'],"None found,",['Oddjob'],Other,['Fantasy'],,['Kids'],18 min.,G - All Ages,[],#17989,#21874,179,0,,No synopsis information has been added to this title. Help improve our database by adding a synopsis here.,[],Mukashibanashi no Oheya: Tsutaetai Nihon Mukashibanashi,,,,,,
112,Butt Detective,おしりたんてい,,['TV'],15,Finished Airing,"Apr 6, 2024 to Nov 16, 2024",['Spring 2024'],Saturdays at 09:00 (JST),"None found,","None found,",['Toei Animation'],Picture book,,,,20 min. per ep.,PG - Children,[],#18405,#22003,174,0,,Eighth season of Oshiri Tantei.,"['Prequel (TV) Oshiri Tantei 7th Season', 'Sequel (TV) Oshiri Tantei 9th Season']",Oshiri Tantei 8th Season,"['Comedy', 'Fantasy', 'Mystery']",['Detective'],,,,
113,,샤샤&마일로 NEW에피소드,,['TV'],13,Finished Airing,"May 31, 2024 to Aug 23, 2024",['Spring 2024'],Unknown,['Studio Goindol'],"None found,","None found,",Original,,,['Kids'],22 min. per ep.,PG - Children,[],#14061,#23941,112,1,,No synopsis information has been added to this title. Help improve our database by adding a synopsis here.,"['Prequel (TV) Shasha and Milo', '']",Shasha and Milo Part 2,"['Action', 'Adventure', 'Comedy']",['Super Power'],,,,
114,,캐리야! 학교가자,,['TV'],26,Currently Airing,"May 4, 2024 to ?",['Spring 2024'],Unknown,"None found,","None found,","None found,",Original,,,['Kids'],13 min. per ep.,PG - Children,[],#19775,#24618,99,0,,No synopsis information has been added to this title. Help improve our database by adding a synopsis here.,[],Carrie! Haggyogaja,,['School'],,,,
115,,차징 탑스피너 BX,,['TV'],26,Finished Airing,"Jan 27, 2024 to Aug 31, 2024",['Winter 2024'],Unknown,"None found,","None found,","None found,",Original,['Action'],,['Kids'],13 min. per ep.,G - All Ages,[],#19863,#26338,75,0,,No synopsis information has been added to this title. Help improve our database by adding a synopsis here.,"['Prequel (TV) Charging Topspinner', '']",Charging Topspinner BX,,['Strategy Game'],,,,
116,,君に届け3RD SEASON,Kimi ni Todoke: From Me to You Season 3,['ONA'],5,Finished Airing,"Aug 1, 2024",,,['Sound Team Don Juan'],"None found,",['Production I.G'],['Manga'],,,['Shoujo'],1 hr. 6 min. per ep.,PG-13 - Teens 13 or older,8.51,#140,#2462,"84,776",665,25978,"Summer is in full swing, and so is the love between Sawako Kuronuma and Shouta Kazehaya. From attending summer school together to meeting each other's parents, the two enjoy quality time together while tackling the feelings of self-doubt and emotional strain that come with their newfound love. Meanwhile, Sawako's close friends, Chizuru Yoshida and Ayane Yano, struggle through their own romantic dilemmas as their past experiences with relationships clash with their present feelings. Full of inner turmoil, the youngsters' desire for intimacy persists through their second year of high school as they weave through the labyrinth of indecision and insecurity that is love. [Written by MAL Rewrite]","['Prequel (TV) Kimi ni Todoke 2nd Season', 'Adaptation (Manga) Kimi ni Todoke']",Kimi ni Todoke 3rd Season,"['Drama', 'Romance']",['School'],,,,
117,"Orokamonogatari, Wazamonogatari, Nademonogatari, Shinobumonogatari",〈物語〉シリーズ オフ&モンスターシーズン,Monogatari Series: Off & Monster Season,['ONA'],14,Finished Airing,"Jul 6, 2024 to Oct 19, 2024",,,"['Aniplex', 'Kodansha', 'Rakuonsha']",['Aniplex of America'],['Shaft'],['Light novel'],,,,25 min. per ep.,R - 17+ (violence & profanity),8.69,#65,#2484,"83,579",785,28645,"Koyomi Araragi spent his last year of high school helping girls in his town resolve various supernatural afflictions. But now Araragi has departed for university, leaving his friends to fend for themselves against new problems and curses that plague them. Yotsugi Ononoki, once a human corpse and now a living doll, takes residence in Araragi's home, keeping watch over his sister Tsukihi, a girl harboring a mystical secret of her own. As part of her duties, Yotsugi fills Araragi's vacated role as occult expert, assisting others in town with their issues. One of these girls, middle school student Nadeko Sengoku, slowly recovers from her own recent brushes with the paranormal. She avoids returning to school, instead spending time alone in her room and pursuing her dream of becoming a professional manga artist. In order to speed up Nadeko's quest for mastery of her craft, Yotsugi convinces her to create four copies of herself, each representing a distinct aspect of Nadeko's personality. However, the clones refuse to help Nadeko, instead escaping into the town and creating a chaotic mess. Now forced to grapple with her own fractured sense of identity, Nadeko sets out to capture them and resolve her inner conflict. [Written by MAL Rewrite]","['Prequel (TV) Zoku Owarimonogatari', 'Adaptation (Light Novel) Monogatari Series: Off Season', 'Adaptation (Light Novel) Monogatari Series: Monster Season', '']",Monogatari Series: Off & Monster Season,"['Comedy', 'Mystery', 'Supernatural']",['Vampire'],,,,
118,Code Geass: Dakkan no Roze,コードギアス 奪還のロゼ,Code Geass: Rozé of the Recapture,['ONA'],12,Finished Airing,"Jun 21, 2024 to Sep 6, 2024",,,"['Magic Capsule', 'Bandai Namco Filmworks', 'Bandai Namco Music Live']","None found,",['Sunrise'],Original,,"['Mecha', 'Military', 'Super Power']",,24 min. per ep.,R - 17+ (violence & profanity),6.55,#6795,#3414,"47,329",157,14029,"After the supposed death of its 99th emperor, the Holy Britannian Empire broke up, and the areas it controlled finally regained their independence. While most joined the United Federation of Nations, a group aiming to create everlasting peace, remnants of the oppressive empire continue to exist. One such faction, Neo-Britannia, has taken over Japan's Hokkaido island after killing its governor, Juugo Sumeragi. The Seven Shining Stars, a resistance group in Hokkaido, finds itself at an impasse as it struggles to find a way to defeat the Neo-Britannian Empire. As a last resort, it enlists the aid of the Nameless Mercenaries: brothers Rozé, a genius strategist; and Ash, an exceptional Knightmare pilot. Though Rozé and Ash are Britannian, they have made a name for themselves by protecting the Japanese and killing the empire's officials. With their help, the resistance may finally be able to recapture its territory and prevent another reign of terror. [Written by MAL Rewrite]","['Prequel (Movie) Code Geass: Fukkatsu no Lelouch', '']",Code Geass: Dakkan no Rozé,"['Action', 'Drama', 'Sci-Fi']",,,,,
119,Descent of a Goddess,여신강림,True Beauty,['ONA'],13,Finished Airing,"Aug 7, 2024 to Oct 30, 2024",,,"['Crunchyroll', 'Naver Webtoons']","None found,","['Studio N', 'Cocktail Media']",['Web manga'],,,,19 min. per ep.,PG-13 - Teens 13 or older,6.59,#6524,#4796,"23,585",89,8086,"Tired of being looked down upon for her unattractive appearance, middle schooler Lim Jugyeong turns to the transformative powers of makeup. First, she experiments with BB cream, lip tint, and eyeliner; then she begins using mascara, double eyelid glue, and colored contacts. Before she knows it, Jugyeong goes from being a girl who is bullied for her ugliness to being praised as a high-class beauty. Constantly surrounded by those who adore her goddess-like appearance, Jugyeong can now live a more than comfortable life at school—she simply has to keep her bare face a secret. However, everything changes when the new transfer student, Lee Suho, enters her life. Not only does the handsome Suho become immediately popular among their peers, but in a chance encounter, he also becomes the only classmate of Jugyeong's to see her face beneath the makeup. With her reputation on the line, Jugyeong must do whatever it takes to hide the truth about her appearance from the rest of her classmates. But the more time she spends with Suho, the more Jugyeong finds herself questioning whether one's true beauty lies solely in their looks. [Written by MAL Rewrite]","['Sequel (ONA) Yeosin Gangnim 2nd Season', 'Adaptation (Manhwa) True Beauty']",Yeosin Gangnim,"['Comedy', 'Drama', 'Romance']",['Love Polygon'],,,,
120,Kengan Ashura 2nd Season Part 2,ケンガンアシュラ Season2 Part2,,['ONA'],16,Finished Airing,"Aug 15, 2024",,,"['Nihon Ad Systems', 'Mainichi Broadcasting System', 'Pony Canyon', 'Shogakukan', 'MAGNET']","None found,",['Larx Entertainment'],['Web manga'],['Action'],,,24 min. per ep.,R - 17+ (violence & profanity),7.85,#933,#4831,"23,171",92,10008,Part two of Kengan Ashura Season 2.,"['Prequel (ONA) Kengan Ashura Season 2', 'Adaptation (Manga) Kengan Ashura']",Kengan Ashura Season 2 Part 2,,['Martial Arts'],,,,
121,,ターミネーター 0,Terminator Zero,['ONA'],8,Finished Airing,"Aug 29, 2024",,,['Skydance'],"None found,",['Production I.G'],Other,,,,27 min. per ep.,R - 17+ (violence & profanity),7.12,#3816,#5166,"19,707",68,9688,"Decades after the sentient artificial intelligence Skynet took control of the planet in 2022, the resistance is still fighting against the machines. Following a fierce battle, Eiko, a guerilla soldier in Japan, manages to corner a Terminator—Skynet's elite killing cyborg. Eiko extracts crucial details of its plan, allowing the resistance to send her back in time and secure a different future. In August 1997, days before Skynet's looming nuclear attack known as Judgment Day, Malcolm Lee works on launching Kokoro, a new AI model designed to fight for humanity. As Judgement Day approaches, a Terminator arrives in Japan to hunt Malcolm and his children before Kokoro becomes self-aware. Malcolm must prevent his creation from getting misaligned and coming to the same conclusion as Skynet: the extinction of humans. [Written by MAL Rewrite]",[],Terminator 0,"['Action', 'Sci-Fi']",['Time Travel'],,,,
122,Murai's Love,村井の恋,Murai in Love,['ONA'],12,Finished Airing,"Sep 4, 2024 to Nov 20, 2024",,,['Dentsu'],"None found,",['J.C.Staff'],['Web manga'],,"['Gag Humor', 'Otaku Culture', 'School']",,23 min. per ep.,PG-13 - Teens 13 or older,7.55,#1776,#5437,"17,230",86,4934,"Murai is a second-year student at Takebe Gakuen High School enrolled in the college preparatory course. His homeroom teacher, Tanaka, summons him to her office after he declares that his post-high school plans are to marry her. Tanaka rejects Murai, telling him that she would never be interested in a boy with long, black hair. Secretly an otaku, she has eyes only for Hitotose, a character from an otome video game. The next day, Murai appears before Tanaka a changed man. Having cut his hair short and dyed it blond, Murai looks exactly like her beloved Hitotose. Tanaka is unable to hide her shock at this sudden development and tries to distance herself from Murai, while Murai presses on in his attempts to romance his teacher. (Source: Disney+)","['Adaptation (Manga) Murai no Koi', '']",Murai no Koi,"['Comedy', 'Romance']",,,,,
123,,ライジングインパクト シーズン2,,['ONA'],14,Finished Airing,"Aug 6, 2024",,,"None found,","None found,",['Lay-duce'],['Manga'],['Sports'],,['Shounen'],24 min. per ep.,PG-13 - Teens 13 or older,7.96,#715,#6817,"9,808",41,6145,Second season of Rising Impact.,"['Prequel (ONA) Rising Impact', 'Adaptation (Manga) Rising Impact']",Rising Impact Season 2,,,,,,
124,Monogatari Series: Off & Monster Season Episode 6.5,残酷童話 うつくし姫,Monogatari Series: Off & Monster Season  - A Cruel Fairy Tale: The Beautiful Princess,['ONA'],1,Finished Airing,"Aug 17, 2024",,,"['Aniplex', 'Kodansha', 'Rakuonsha']","None found,",['Shaft'],['Light novel'],,"['Psychological', 'Vampire']",,12 min.,PG-13 - Teens 13 or older,7.74,#1195,#7224,"8,516",3,4905,"Episode 6.5 of Monogatari Series: Off & Monster Season, adapting the short story A Cruel Fairy Tale: The Beautiful Princess. Once upon a time, there was a true story that happened about 600 years ago. It's a story of a very beautiful girl who lived in a country that no longer exists. (Source: Crunchyroll)","['Adaptation (Light Novel) Monogatari Series: Off Season', '']",Monogatari Series: Off & Monster Season - Zankoku Douwa: Utsukushi-hime,"['Mystery', 'Supernatural', 'Suspense']",,,,,
125,"この恋で鼻血を止めて, Kono Koi de Hanaji wo Tomete",无聊就完结,Don't Give Up!,['ONA'],24,Finished Airing,"Jul 5, 2024 to Nov 29, 2024",,,['bilibili'],"None found,",['Shengying Animation'],['Manga'],,,,18 min. per ep.,PG-13 - Teens 13 or older,7.16,#3570,#7738,"7,104",32,774,"Men Ke, a social animal working as an office worker, was so bored in the first half of her life that she doubted her life, but in the second half of her life, she will die of boredom. How can the Earth heroine, who faces the threat of death every day but continues to go to work, and the alien hero, who is enthusiastic and wants to save her but is not very good at it, overcome boredom and live with a smile! (Source: Bilibili, Google translated)",[],Wuliao Jiu Wanjie,"['Comedy', 'Romance', 'Sci-Fi']",,,,,
126,,仙逆,Renegade Immortal,['ONA'],128,Currently Airing,"Sep 25, 2023 to ?",,,['Tencent Penguin Pictures'],"None found,",['BUILD DREAM'],Novel,,,,25 min. per ep.,PG-13 - Teens 13 or older,8.31,#277,#8808,"5,172",129,1268,"Wang Lin is a very smart boy with loving parents. Although he and his parents are shunned by the rest of their relatives, his parents have always held high hopes that he will one day achieve greatness. One day, Wang Lin suddenly gained the chance to walk the path of an immortal but found that he only had mediocre talent at best. Watch Wang Lin as he breaks through his lack of talent and walks the path towards becoming a real immortal! (Source: Xian Ni Wiki)","['Adaptation (Manhua) Xian Ni', 'Adaptation (Novel) Xian Ni']",Xian Ni,"['Action', 'Adventure', 'Fantasy']",['Historical'],,,,
127,,よあそびぐらしっ！,,['ONA'],8,Finished Airing,"Jul 8, 2024 to Sep 9, 2024",,,"['Studio Mausu', 'Suiseisha']","None found,",['Studio Hokiboshi'],['Web manga'],['Hentai'],,,6 min. per ep.,Rx - Hentai,6.43,N/A,#9531,"4,093",30,987,"Meet Kazuto, whose hopes of becoming a photographer didn't pan out, and Yayoi, who successfully achieved her dream of becoming a model. Two childhood friends who have grown apart... Suddenly find themselves living together! In the beginning, there's an awkward tension between them, and Yayoi has a secret she can't tell Kazuto... Then, one night, things start to change... Could they be more than just childhood friends...?! (Source: Official Site)",[],Yoasobi Gurashi!,,,,,,
128,Full-Time Magister Special Chapter: Mysterious Commission,全职法师 特别篇 神秘委托,,['ONA'],6,Finished Airing,"Aug 16, 2024",,,['Tencent Penguin Pictures'],"None found,",['Foch Film'],Web novel,,,,22 min. per ep.,PG-13 - Teens 13 or older,6.41,#7672,#10181,"3,336",12,540,"The hero mage Mo Fan and his partner Ling Ling, because of the mysterious invitation of the king of the hunt, become involved in an old unsolved case. After a series of explorations and pursuits, they realise that it is all a conspiracy hatched by a man named Red Beast. The Red Beast is growing up and approaching its ultimate goal by parasitising in the bodies of demons such as Yichu and Lu Kun. After a thrilling life-and-death battle, Mo Fan destroys the Red Beast with the help of Ling Ling, Wang Yue Qian Kaoru and other friends, only to discover that it is only one of its doppelgangers, and that he himself has long since become part of the Red Beast's plot! (Source: iyf.tv, translated)","['Prequel (ONA) Quanzhi Fashi VI', '']",Quanzhi Fashi Tebie Pian: Shenmi Weituo,"['Action', 'Fantasy']",['School'],,,,
129,,遮天,Shrouding the Heavens,['ONA'],104,Currently Airing,"May 3, 2023 to ?",,,['Tencent Penguin Pictures'],"None found,",['Original Force'],Web novel,,,,18 min. per ep.,PG-13 - Teens 13 or older,7.56,#1744,#11011,"2,591",34,605,"In the far reaches of the dark and frozen universe, nine enormous dragon corpses were tied with an ancient bronze coffin. It seems that they were set there since the birth of the universe. Such an astonishing scene was captured by a space probe floating in outer space. Nine dragons and the mysterious bronze coffin made people wonder whether they came back to ancient times or just reached the other shore of the universe. A giant mythical world was unfolded, where immortality gradually appeared and paranormal events continuously occurred. Countless people started to find their own tracks (The Dao) in such a mythical realm. Their passion was like a turbulent ocean wave that would never cease. The heat in their blood was like erupting volcanoes. Their desire for power and immortality dragged them down to the chasm without knowing it. Thirty-three classmates held a reunion after graduating. Their friendship was tested, as the bronze coffin took them away from earth and arrived on another unknown planet. The desire for living forced them to follow the path of the ancient gods. Entering a new world of cultivation, will any of them reach immortality, or will they all die along the way?",[],Zhe Tian,"['Action', 'Adventure', 'Sci-Fi']",,,,,
130,I Learn To Kill Gods In An Asylum,斩神之凡尘神域,Slay The Gods,['ONA'],15,Finished Airing,"Jul 31, 2024 to Oct 2, 2024",,,['Tencent Penguin Pictures'],"None found,",['Shenman Entertainment'],Web novel,,,,25 min. per ep.,PG-13 - Teens 13 or older,8.08,#551,#10868,"2,715",50,997,"It follows the journey of Lin Qiye, a blind high school student who unexpectedly becomes a night watchman, tasked with protecting the nation from ""mystical"" invasions as the mist descends and gods reawaken. Leading his team, he tirelessly eliminates mythical creatures that emerge in modern society and eventually sets out on the path of god-slaying, evolving from guarding his small family to defending the nation. (Source: WeTV)",[],Zhan Shen: Fanchen Shenyu,"['Action', 'Fantasy', 'Suspense']",['Psychological'],,,,
131,Time-Patrol Bon 2nd Season,T・Pぼん,,['ONA'],12,Finished Airing,"Jul 17, 2024",,,"['Fujiko F. Fujio Pro', 'Netflix']","None found,",['Bones'],['Manga'],,"['Historical', 'Time Travel']",,27 min. per ep.,R+ - Mild Nudity,6.91,#4781,#11275,"2,411",1,1058,Second season of T.P BON.,"['Prequel (ONA) T.P BON', 'Adaptation (Manga) Time Patrol Bon']",T.P BON Season 2,"['Adventure', 'Sci-Fi']",,,,,
132,,炼气十万年,One Hundred Thousand Years of Qi Refining,['ONA'],260,Currently Airing,"Feb 18, 2023 to ?",,,['Tencent Penguin Pictures'],"None found,",['Suoyi Technology'],Web novel,,"['Historical', 'Martial Arts']",,12 min. per ep.,PG-13 - Teens 13 or older,7.41,#2316,#11290,"2,389",26,646,"One hundred thousand years ago, he was the founding disciple of the Tianlan Sect, his master ascended to the top, and he was refining Qi. Ninety thousand years ago, his martial nephew ascended, and he was refining Qi. Fifty thousand years ago, the old dog who was the gatekeeper of Tianlanzong also ascended, and he was still refining Qi. Thirty thousand years ago, the old tree at the foot of the mountain also became a demon, and he was still refining Qi before he could pass the catastrophe. Ten thousand years ago, Zhang Wuji, the 9872nd generation disciple of Tianlanzong, also ascended, and Xu Yang silently refined Qi. He retreated for 10,000 years, and finally, he broke through the 9999th floor of the Qi refining period! Ten thousand years later, he broke through and came out! (Source: Baidu)",[],Lian Qi Shi Wan Nian,"['Action', 'Adventure', 'Fantasy']",,,,,
133,,元尊,Dragon Prince Yuan,['ONA'],26,Finished Airing,"May 30, 2024 to Aug 29, 2024",,,"['Tencent Penguin Pictures', 'Winfuture Media']","None found,",['Motion Magic'],Web novel,,,,20 min. per ep.,PG-13 - Teens 13 or older,7.54,#1816,#11421,"2,306",17,462,"A young man with his brush plunges into a chaotic world and lights up the heavens. In a world where cultivators are paramount, will the vermilion bird swallow the dragon, or will the dragon transcend beyond all else?! (Source: Wutopia)","['Adaptation (Manhua) Yuan Zun', 'Adaptation (Novel) Yuan Zun']",Yuan Zun,"['Action', 'Adventure', 'Fantasy']",['Martial Arts'],,,,
134,,一念永恒 第三季,A Will Eternal 3rd Season,['ONA'],59,Currently Airing,"Jul 3, 2024 to ?",,,"None found,","None found,",['B.CMAY PICTURES'],Novel,,"['Historical', 'Martial Arts']",,Unknown,PG-13 - Teens 13 or older,7.73,#1209,#11494,"2,257",28,330,Third season of Yi Nian Yong Heng.,"['Prequel (ONA) Yi Nian Yong Heng: Chuan Cheng Pian', '']",Yi Nian Yong Heng 3rd Season,"['Action', 'Adventure', 'Fantasy']",,,,,
135,Fanren Xiu Xian Chuan: Di San Ji,凡人修仙传 第三季,A Record of Mortal's Journey to Immortality Season 3,['ONA'],48,Finished Airing,"Nov 25, 2023 to Oct 19, 2024",,,['bilibili'],"None found,","['Original Force', 'Wonder Cat Animation']",Web novel,,"['Historical', 'Martial Arts']",,20 min. per ep.,PG-13 - Teens 13 or older,8.24,#344,#11617,"2,177",25,849,Third season of Fanren Xiu Xian Chuan.,"['Prequel (ONA) Fanren Xiu Xian Chuan: Xinghai Feichi Pian Xuzhang', 'Sequel (ONA) Fanren Xiu Xian Chuan 4th Season']",Fanren Xiu Xian Chuan 3rd Season,"['Action', 'Adventure', 'Fantasy']",,,,,
136,Fate/Grand Order: Fujimaru Ritsuka Doesn't Get It Season 2,Fate/Grand Order 藤丸立香はわからない Season2,Fate/Grand Order: You've Lost Ritsuka Fujimaru Season 2,['ONA'],26,Finished Airing,"Aug 3, 2024 to Dec 31, 2024",,,['INSPION Edge'],"None found,",['DLE'],['Manga'],['Comedy'],,,2 min. per ep.,PG-13 - Teens 13 or older,6.83,#5191,#11766,"2,080",2,301,Second season of Fate/Grand Order: Fujimaru Ritsuka wa Wakaranai.,"['Prequel (ONA) Fate/Grand Order: Fujimaru Ritsuka wa Wakaranai', 'Adaptation (Manga) Fate/Grand Order: Fujimaru Ritsuka wa Wakaranai']",Fate/Grand Order: Fujimaru Ritsuka wa Wakaranai Season 2,,,,,,
137,Mayonaka Punch YouTube Original Short Anime,真夜中ぱんチ ショートアニメ,,['ONA'],5,Finished Airing,"Jul 15, 2024 to Sep 9, 2024",,,"None found,","None found,",['P.A. Works'],Original,,,,4 min. per ep.,PG-13 - Teens 13 or older,6.68,#6054,#12115,"1,877",1,475,"Original anime capturing MayoPan members' solo projects that cannot be seen in the main story of Mayonaka Punch! (Source: Official Site, translated)",[],Mayonaka Punch Short Anime,"['Comedy', 'Supernatural']",['Vampire'],,,,
138,,诛仙 第二季,Jade Dynasty,['ONA'],26,Finished Airing,"Mar 30, 2024 to Aug 10, 2024",,,['Tencent Penguin Pictures'],"None found,",['Cloud Art'],Web novel,,"['Historical', 'Martial Arts']",,20 min. per ep.,PG-13 - Teens 13 or older,7.94,#746,#12158,"1,846",24,701,The second season of Zhu Xian.,"['Prequel (ONA) Zhu Xian', '']",Zhu Xian 2nd Season,"['Action', 'Adventure', 'Fantasy']",,,,,
139,,POKÉTOON,Pokétoon,['ONA'],9,Finished Airing,"Sep 18, 2024 to Feb 14, 2025",,,"None found,","None found,","['Zexcs', 'Studio Colorido', 'Studio Nanahoshi', 'team Yamahitsuji', 'Studio Lemon', 'Nagomi']",Game,,,['Kids'],8 min. per ep.,G - All Ages,7.09,#3952,#12214,"1,802",4,475,The second installation of the POKÉTOON series.,"['Prequel (ONA) Poketoon', '']",Poketoon (2024),"['Adventure', 'Comedy']",,,,,
140,,仙武传 第二季,Legend of Xianwu 2nd Season,['ONA'],156,Currently Airing,"Sep 24, 2023 to ?",,,"['Youku', 'Dongyao Dongman', 'Shuiniu Dongman']","None found,",['Xiaoming Taiji'],Web novel,,"['Historical', 'Martial Arts']",,20 min. per ep.,PG-13 - Teens 13 or older,7.50,#1976,#12697,"1,538",15,410,"Ye Chen, the outcast disciple, is banished from the sect and becomes homeless. Through a series of coincidences, he receives a True Flame and once again steps on the path of cultivation. This is a world where demons and deities co-exist and an era where all realms in the world are overrun by chaos. Ye Chen's journey to defying heaven begins, and after going through all kinds of trials and tribulations, he finally reaches the pinnacle of cultivation. (Source: Youku)","['Prequel (ONA) Xian Wu Chuan', '']",Xian Wu Chuan 2nd Season,"['Action', 'Adventure', 'Fantasy']",,,,,
141,"SAO Alternative Gun Gale Online II 12.5, SAO Alternative Gun Gale Online II Recap",ソードアート・オンライン オルタナティブ ガンゲイル・オンラインII - GALA,Sword Art Online Alternative: Gun Gale Online II - Gala,['ONA'],1,Finished Airing,"Sep 27, 2024",,,"None found,","None found,",['A-1 Pictures'],['Light novel'],['Action'],"['Military', 'Video Game']",,23 min.,PG-13 - Teens 13 or older,5.94,#10257,#12546,"1,617",2,461,"To commemorate the broadcast of the second season, we will be releasing episode 12.5. Please enjoy the narration by Eva, Sophie, and Tanya, as well as the ending song ""Replica"". (Source: Official Website)","['Sequel (TV) Sword Art Online Alternative: Gun Gale Online II', '']",Sword Art Online Alternative: Gun Gale Online II - Gala,,,,,,
142,,师兄啊师兄 第二季,My Senior Brother Is Too Steady,['ONA'],78,Currently Airing,"Dec 14, 2023 to ?",,,['Youku'],"None found,",['Sparkly Key Animation Studio'],Web novel,,"['Historical', 'Martial Arts']",,21 min. per ep.,PG-13 - Teens 13 or older,7.61,#1529,#13007,"1,396",6,341,The second season of Shixiong A Shixiong.,"['Prequel (ONA) Shixiong A Shixiong', '']",Shixiong A Shixiong 2nd Season,"['Action', 'Adventure', 'Fantasy']",,,,,
143,Yong Sheng 3rd Season,永生 气壮山河,Immortality 3rd Season,['ONA'],16,Finished Airing,"Apr 19, 2024 to Jul 19, 2024",,,"None found,","None found,","None found,",Web novel,,,,19 min. per ep.,PG-13 - Teens 13 or older,7.58,#1641,#13071,"1,368",2,539,"How can the hero Fang Han use his own strength to traverse the vast fantastical world? By clinging to an unwavering refusal to accept defeat, he cracked the code of supernatural abilities and transformed his mortal body into an immortal one. Fang Han will reveal a new and prosperous world filled with immortals, demons, and mortals, along with countless innovative magic weapons. In addition, Fang Han will encounter conflicts between immortals and demons, love and hate. It will eventually lead to success. (Source: bilibili)","['Prequel (ONA) Yong Sheng: Shi Nian Zhi Yue', 'Sequel (ONA) Yong Sheng: Hai Shi Xian Ling']",Yong Sheng: Qizhuang Shanhe,"['Action', 'Adventure', 'Fantasy']",['Martial Arts'],,,,
144,,怪想售,Whimsical Wish,['ONA'],8,Finished Airing,"Aug 5, 2024 to Sep 16, 2024",,,['bilibili'],"None found,","None found,",Original,,,,16 min. per ep.,PG-13 - Teens 13 or older,6.84,#5132,#13294,"1,295",28,252,"Wei Ran, a college graduate, was accidentally led into a world he never thought existed by a cat. When he was trying to find a way to return home, he learned that the only train that could take him back to the human world would only arrive in half a year. He could only temporarily live in the shop run by Mao Mao Yaya - Guaixiang Sale. Just when life seemed to be settling down, Wei Ran unexpectedly discovered that no matter where he went, dragon scales would appear. And every time the dragon scales appear, it causes completely different strange effects... (Source: Bilibili, Google translated)",[],Guai Xiang Shou,"['Comedy', 'Fantasy']",,,,,
145,White Lightning,白色闪电,Ping Pong!,['ONA'],6,Finished Airing,"Jul 20, 2024 to Aug 17, 2024",,,"None found,","None found,",['HuaMei Animation'],Original,['Sports'],,,17 min. per ep.,PG-13 - Teens 13 or older,7.32,#2708,#13412,"1,250",36,164,No synopsis information has been added to this title. Help improve our database by adding a synopsis here.,[],Baise Shandian,,['School'],,,,
146,The Sword Comes,剑来,Sword of Coming,['ONA'],26,Finished Airing,"Aug 15, 2024 to Dec 14, 2024",,,['Tencent Penguin Pictures'],"None found,",['Cloud Art'],Web novel,,,,25 min. per ep.,PG-13 - Teens 13 or older,7.57,#1667,#13206,"1,327",16,446,"There are all kinds of things in the world. A poor boy in Lizhu Cave Heaven who should have great luck was unable to seize the opportunity because his natal porcelain was broken. Based on this, many bigwigs focused on the boy and made arrangements, so that the boy's friends got great opportunities, but the boy was at the center of the storm... (Source: Tencent, Google translated)",[],Jian Lai,"['Action', 'Adventure', 'Fantasy']",,,,,
147,,沧元图 东宁府番外篇,The Demon Hunter: Dongning Mansion Special,['ONA'],4,Finished Airing,"Jul 13, 2024 to Aug 3, 2024",,,['Youku'],"None found,","None found,",Web novel,,"['Historical', 'Martial Arts']",,23 min. per ep.,PG-13 - Teens 13 or older,7.66,#1396,#13681,"1,164",5,422,No synopsis information has been added to this title. Help improve our database by adding a synopsis here.,"['Prequel (ONA) Cang Yuan Tu', 'Sequel (ONA) Cang Yuan Tu 2nd Season']",Cang Yuan Tu: Dongning Fu Fanwai Pian,"['Action', 'Adventure', 'Fantasy']",,,,,
148,Yong Sheng 4th Season,永生之海噬仙灵,Immortality 4th Season,['ONA'],16,Finished Airing,"Jul 26, 2024 to Nov 8, 2024",,,"None found,","None found,","None found,",Web novel,,,,20 min. per ep.,PG-13 - Teens 13 or older,7.31,#2779,#13867,"1,101",2,386,Fourth season of Yong Sheng.,"['Prequel (ONA) Yong Sheng: Qizhuang Shanhe', '']",Yong Sheng: Hai Shi Xian Ling,"['Action', 'Adventure', 'Fantasy']",['Martial Arts'],,,,
149,民调局异闻录之白发沈辣,白发沈辣,Bureau of Paranormal Investigation,['ONA'],8,Finished Airing,"Jul 11, 2024 to Aug 22, 2024",,,['bilibili'],"None found,",['B.CMAY PICTURES'],Novel,,,,18 min. per ep.,R - 17+ (violence & profanity),[],#19373,#14074,"1,053",1,,"Shen La, a special investigator of the ""Poll Bureau"" of the mysterious incident management agency, was seriously injured in the execution of his mission. When he was about to die, he accepted the inheritance of Wu Rendi, the director of the Sixth Office - a ""seed"" containing mysterious power. After regaining consciousness, Wu Rendi's senior brother Guangren accepted him as his disciple. In order to find the fragments of the Tianli Diagram, Shen La, after going through the Tianshan Wolf Tomb, energy backlash, foundation conspiracy and other incidents, was finally recognized by Wu Rendi and received the ancient artifact-the Twin Swords of Crime and Punishment given by him. At the same time, the problem of the insider in the polling bureau became more complicated and confusing, and Shen La and her partner Sun Desheng went into battle again. (Source: Bilibili, Google translated)","['Prequel (ONA) Min Diao Ju Yi Wen Lu', '']",Bai Fa Shen La,"['Action', 'Fantasy']",,,,,
150,,幻宠师,The Charm of Soul Pets,['ONA'],16,Finished Airing,"May 26, 2024 to Sep 1, 2024",,,['bilibili'],"None found,","None found,",Web novel,,"['Historical', 'Martial Arts']",,23 min. per ep.,PG-13 - Teens 13 or older,7.31,#2799,#14470,936,4,344,"The young Chu Mu was plotted against and implanted with the White Nightmare by Xia Guanghan, and was taken to the Green Nightmare Island. Under the control of the Nightmare Palace, he and his soul pet Mo Xie were forced to fight bloody battles for survival, and eventually became the youngest king of the Prison Island. He became famous in front of the princess and was promoted to the Nightmare Master of Henghai. Chu Mu had some freedom and immediately returned to Gangluo City to save his family from danger. At the same time, Mo Xie's talent attracted Xia Guanghan's covetousness. Chu Mu fought again, and after a narrow victory, he was saved by his mother whom he had not seen for many years... (Source: Bilibili, translated)",[],Huan Chong Shi,"['Action', 'Adventure', 'Fantasy']",,,,,
151,,戏精宿舍,Roommates,['ONA'],12,Finished Airing,"Aug 29, 2024 to Nov 7, 2024",,,['bilibili'],"None found,","None found,",['Manga'],['Slice of Life'],,,15 min. per ep.,PG-13 - Teens 13 or older,6.66,#6160,#14548,922,4,160,"Bai Junyan, a neighbor's white lotus with the fragrance of tea; Luo Ben, a flower of wealth in the world with eyes higher than the top. The two drama queens were assigned to the same dormitory and joined the same drama club. In front of them, there appeared the sophomore drama club senior and iceberg male god Gao Shu, and his mysterious roommate Ouyang who is highly socially afraid... At this point, the actors on the stage have gathered. Will they take off their masks and be honest? treat each other; or will they each show their special powers and create a campus drama of intrigue? (Source: Bilibili, Google translated)",[],Xi Jing Sushe,,['School'],,,,
152,"Perfect World Theater Edition, Perfect World: Ashes of the Fire",完美世界 剧场版,Perfect World Movie,['ONA'],3,Finished Airing,"Sep 14, 2024",,,['Tencent Penguin Pictures'],"None found,",['Foch Film'],Novel,,,,36 min. per ep.,PG-13 - Teens 13 or older,7.45,#2162,#14931,826,1,253,"The reunion of Huo Sang plays the tragic song of sin and blood, and the stone spirit is reborn from the desperate situation when the ashes fall. (Source: v.qq, translated)",[],Wanmei Shijie Movie: Huo Zhi Huijin,"['Action', 'Adventure', 'Fantasy']",,,,,
153,,こねこのチー ポンポンらー夏休み,Chi's Sweet Adventure: Summer Vacation,['ONA'],12,Finished Airing,"Jul 19, 2024",,,['Half H.P Studio'],"None found,",['Marza Animation Planet'],Original,['Slice of Life'],,,12 min. per ep.,G - All Ages,6.44,#7475,#15160,771,0,149,Sequel to Koneko no Chi: Ponponra Dairyokou.,"['Prequel (TV) Koneko no Chi: Ponponra Dairyokou', '']",Koneko no Chi: Ponponraa Natsuyasumi,,['Pets'],,,,
154,,神墓 第二季,Tomb of Fallen Gods,['ONA'],27,Finished Airing,"Aug 10, 2024 to Feb 1, 2025",,,['Youku'],"None found,",['Wonder Cat Animation'],Web novel,,"['Historical', 'Martial Arts']",,Unknown,PG-13 - Teens 13 or older,6.92,#4716,#15357,724,1,152,The second season of Shen Mu.,"['Prequel (ONA) Shen Mu', '']",Shen Mu 2nd Season,"['Action', 'Adventure', 'Fantasy']",,,,,
155,Shaonian Ge Xing: Anhe Zhuan Part 2,少年歌行之暗河传 下部,Tales Of Dark River Part 2,['ONA'],14,Finished Airing,"Apr 17, 2024 to Jul 10, 2024",,,['Youku'],"None found,",['Passion Paint Animation'],Web novel,,"['Historical', 'Martial Arts']",,20 min. per ep.,PG-13 - Teens 13 or older,6.88,#4947,#15751,658,1,178,The second part of Anhe Zhuan.,"['Prequel (ONA) Anhe Zhuan', '']",Anhe Zhuan Part 2,"['Action', 'Adventure', 'Mystery']",,,,,
156,,神武天尊,The Legend of Sky Lord (2024),['ONA'],24,Finished Airing,"Jul 27, 2024 to Dec 21, 2024",,,"['iQIYI', 'Xiaoming Taiji']","None found,",['Passion Paint Animation'],Unknown,,"['Historical', 'Martial Arts']",,17 min. per ep.,PG-13 - Teens 13 or older,6.77,#5470,#15808,652,6,141,"The only body cultivator in the nine realms was betrayed by his close friend Li Yunfei, and his body and soul disappeared. By chance, his soul remained immortal, and unexpectedly happened to Xiao Chen, a dying disciple of Qingyun Sect. After rebirth, Xiao Chen not only resurrected, but also awakened his supreme magical power. He also vowed to take back everything that belonged to him, and walked out on his own magical path as the ""Venerable God"". (Source: Iqiyi, Google translated)",[],Shen Wu Tianzun (2024),"['Action', 'Fantasy']",,,,,
157,,笼中人,Caged Character,['ONA'],16,Finished Airing,"Aug 6, 2024 to Nov 12, 2024",,,['bilibili'],"None found,",['Paper Animation'],['Manga'],,,,17 min. per ep.,PG-13 - Teens 13 or older,7.01,#4364,#15714,665,8,163,"Fei Xingkong and Sirui suddenly found themselves living in a comic cage, and they wanted to escape back to the real world. However, facing the absolute control of the ""author"", the two were forced to flee in the unpredictable world of the story... (Source: Bilibili, Google translated)",[],Long Zhong Ren,"['Comedy', 'Romance', 'Suspense']",,,,,
158,,,Midnight Vampire,['ONA'],1,Finished Airing,"Aug 17, 2024",,,"None found,","None found,","None found,",Original,,"['Gore', 'Vampire']",,7 min.,R - 17+ (violence & profanity),6.24,#8627,#15670,672,2,392,"At midnight, she wanders for blood....",[],Midnight Vampire,"['Horror', 'Supernatural', 'Suspense']",,,,,
159,,风灵玉秀 第二章 特别篇,,['ONA'],2,Finished Airing,"Aug 7, 2024 to Aug 14, 2024",,,"None found,","None found,",['Sunflowers'],Original,,,,39 min. per ep.,PG-13 - Teens 13 or older,[],#20582,#16123,606,2,,No synopsis information has been added to this title. Help improve our database by adding a synopsis here.,"['Prequel (ONA) Feng Ling Yu Xiu 2nd Season', '']",Feng Ling Yu Xiu 2nd Season: Tebie Pian,"['Action', 'Adventure']",['Martial Arts'],,,,
160,,赘婿 第二季,My Heroic Husband,['ONA'],16,Finished Airing,"Jul 28, 2024 to Nov 3, 2024",,,['bilibili'],"None found,",['Oriental Creative Color'],Novel,['Drama'],,,23 min. per ep.,PG-13 - Teens 13 or older,7.19,#3408,#16243,587,1,149,The second season of Zhui Xu.,"['Prequel (ONA) Zhui Xu', '']",Zhui Xu 2nd Season,,['Historical'],,,,
161,Fox Spirit Matchmaker,狐妖小红娘 镜花缘篇,,['ONA'],10,Finished Airing,"Aug 3, 2024 to Aug 24, 2024",,,"None found,","None found,","None found,",['Manga'],,,,18 min. per ep.,PG-13 - Teens 13 or older,[],#21428,#16474,562,1,,No synopsis information has been added to this title. Help improve our database by adding a synopsis here.,"['Prequel (ONA) Huyao Xiao Hongniang: Wu Mu', 'Sequel (ONA) Huyao Xiao Hongniang: Huang Feng Ling Pian']",Huyao Xiao Hongniang: Jing Hua Yuan,"['Comedy', 'Romance', 'Supernatural']",['Historical'],,,,
162,,少年白马醉春风 第二季,The Young Brewmaster's Adventure 2nd Season,['ONA'],26,Finished Airing,"Jul 17, 2024 to Jan 1, 2025",,,['Youku'],"None found,",['CG Year'],Web novel,,"['Historical', 'Martial Arts']",,Unknown,PG-13 - Teens 13 or older,[],#14024,#16745,527,3,,The second season of Shaonian Bai Ma Zui Chun Feng.,"['Prequel (ONA) Shaonian Bai Ma Zui Chun Feng', '']",Shaonian Bai Ma Zui Chun Feng 2nd Season,"['Action', 'Adventure', 'Fantasy']",,,,,
163,,念无双,A Moment but Forever,['ONA'],14,Finished Airing,"Aug 7, 2024 to Oct 23, 2024",,,['iQIYI'],"None found,","None found,",Web novel,,,,20 min. per ep.,PG-13 - Teens 13 or older,6.89,#4900,#16658,540,2,152,"The Goddess of the Machine God descended to earth to retrieve the hand of God, broke the rules and changed her fate against the will of heaven, and experienced an unparalleled love affair, achieving a double harvest in career and love. Let's see how the heroine who got the script of the hot-blooded boy comic uses the machine skills to counterattack all the way, which is exciting and full of laughter. (Source: Iqiyi, Google translated)",[],Nian Wushuang,"['Action', 'Fantasy', 'Romance']",['Historical'],,,,
164,"Seirei Gensouki Mini Anime, Spirit Chronicles Mini Anime",リーゼロッテのわくわくまじかる商会,,['ONA'],16,Finished Airing,"Aug 22, 2024 to Oct 7, 2024",,,"None found,","None found,",['AQUA ARIS'],['Light novel'],,"['Isekai', 'Reincarnation']",,1 min. per ep.,PG-13 - Teens 13 or older,6.05,#9691,#16776,525,0,146,Liselotte will invite guest characters to introduce the highlights of the series. (Source: Official YouTube Channel),[],Liselotte no Wakuwaku Magical Shoukai,"['Comedy', 'Fantasy']",,,,,
165,,有兽焉 第四季,Fabulous Beasts 4th Season,['ONA'],12,Finished Airing,"Aug 2, 2024 to Oct 18, 2024",,,"None found,","None found,",['Fenz'],Original,,,,6 min. per ep.,PG-13 - Teens 13 or older,7.48,#2038,#17273,476,2,165,No synopsis information has been added to this title. Help improve our database by adding a synopsis here.,"['Prequel (ONA) You Shou Yan 3rd Season', 'Adaptation (Manhua) You Shou Yan']",You Shou Yan 4th Season,"['Comedy', 'Fantasy']",,,,,
166,,灵武大陆,Lingwu Continent,['ONA'],Unknown,Currently Airing,"Jul 26, 2024 to ?",,,"['iQIYI', 'Suoyi Technology']","None found,","None found,",Web novel,,,,10 min.,PG-13 - Teens 13 or older,[],#17345,#17400,464,1,,"Lingwu Continent is a world where spiritual power and martial spirit coexist. A spiritual cultivator can move mountains and rivers with a thought, and a martial artist can tear the world apart with bare hands. Chen Tian, ​​a former genius in Xingchen Town, lost his martial spirit and dried up his spiritual sea after he turned ten. Since then, he has become a waste of his family and has been looked down upon by others. In a life-and-death struggle, Chen Tian fell off a cliff and mistakenly entered the formation arranged by the ancient sword emperor. Under the influence of the power of the heavenly book, he awakened his spiritual and martial dual cultivation physique. At the same time, he also obtained a strange memory and a mysterious storage ring. From then on, he rose from adversity, broke through the reincarnation of the Heavenly Dao Palm, and finally crossed the shackles of the emperor's calamity and aspired to become the champion of Lingwu Continent! (Source: iQIYI)",[],Ling Wu Dalu,"['Action', 'Adventure', 'Fantasy']",['Reincarnation'],,,,
167,,호랑이 들어와요,Tiger Coming In,['ONA'],8,Finished Airing,"Jul 25, 2024",,,"None found,","None found,","None found,",['Web manga'],,,,9 min. per ep.,G - All Ages,[],#21288,#17849,429,2,,"The fun and mysterious daily life of a young couple in a forest and strange children who come to them one day. (Source: Naver Corporation, translated)","['Adaptation (Manhwa) Tiger Coming In', '']",Horangi Deureowayo,"['Comedy', 'Supernatural']",['Childcare'],,,,
168,,无尽神域,Endless God Realm,['ONA'],60,Currently Airing,"Aug 18, 2024 to ?",,,['iQIYI'],"None found,",['Suoyi Technology'],Unknown,,"['Historical', 'Martial Arts']",,13 min. per ep.,PG-13 - Teens 13 or older,[],#15379,#17886,426,2,,"Seven years ago, the family of the mortal prince Li Han was killed by seven immortals. When he was dying, he and his sister Li Yao were saved by the legendary Endless God Realm. Seven years later, Li Han returned. In order to wake up his sister, he must constantly improve his cultivation according to the requirements of the God Realm to protect the people. At the same time, he also vowed to find the murderer of that year and take revenge! But things are more complicated than he imagined. As the truth is revealed bit by bit, Li Han must make a choice between revenge and gratitude... (Source: Iqiyi, Google translated)",[],Wujin Shenyu,"['Action', 'Adventure', 'Fantasy']",,,,,
169,,天影,Shadow of Heaven,['ONA'],26,Finished Airing,"Sep 21, 2024 to Jan 25, 2025",,,['Tencent Penguin Pictures'],"None found,",['Borutong'],Novel,,,,Unknown,None,[],#14846,#17967,421,0,,"Lu Chen, the ""Shadow"" undercover agent of Fuyun Division, was cursed by black fire for destroying the demon sect's divine spell, and his cultivation was completely destroyed. After ten years of living in exile and seclusion, Master Tian Lan appeared again and gave Lu Chen the task of going to the Kunlun Sect to find the undercover demon sect. In order to repair the damaged Five Elements God Disk, Lu Chen was ordered to become a hundred of the Kunlun Sect. A handyman disciple in the thatched cottage. In the process of carrying out the mission, he met many friends and the love of his life Yi Xin, and gradually felt the warmth of the world. At the same time, he touched on the secrets behind Kunlun from various clues, and discovered that the black dragon sealed in the Kunlun Forbidden Land was not an evil monster, but had always claimed to be for The righteous Tian Lan actually had other plans. After realizing the facts, Lu Chen was confused for a while. With Yi Xin's encouragement, he decided to face the past and no longer stick to the so-called distinction between good and evil, but to follow his heart and do the right thing. (Source: Tencent, Google translated)",[],Tian Ying,"['Action', 'Fantasy']",['Historical'],,,,
170,,救我,Save Me,['ONA'],1,Finished Airing,"Jul 14, 2024",,,"None found,","None found,",['Nice Boat Animation'],Original,,,,5 min.,PG-13 - Teens 13 or older,[],#16610,#18536,378,2,,A man found a strange bottle in an empty public restroom toilet. (Source: Fantasia Festival),[],Jiu Wo,"['Drama', 'Horror']",,,,,
171,,一世独尊 第二季,The Sovereign's Ascension 2nd Season,['ONA'],Unknown,Currently Airing,"Sep 14, 2024 to ?",,,"['iQIYI', 'Zongheng Xiaoshuo']","None found,",['Xing Yi Kai Chen'],Web novel,,"['Historical', 'Martial Arts']",,Unknown,PG-13 - Teens 13 or older,[],#16052,#19073,338,1,,No synopsis information has been added to this title. Help improve our database by adding a synopsis here.,"['Prequel (ONA) Yishi Du Zun', '']",Yishi Du Zun 2nd Season,"['Action', 'Adventure', 'Fantasy']",,,,,
172,PokéMinutes,ポケミニッツ,,['ONA'],Unknown,Currently Airing,"Jul 19, 2024 to ?",,,"None found,","None found,",['R11R'],Game,,,['Kids'],15 sec.,G - All Ages,[],#18595,#19256,327,1,,A series of videos showcasing snapshots of time spent with different Pokemon.,[],PokeMinutes,"['Fantasy', 'Slice of Life']",,,,,
173,Xixing Ji: Wukong Specials,西行纪之大猿魂 特别篇,The Westward: Wukong Specials,['ONA'],4,Finished Airing,"Aug 21, 2024 to Aug 28, 2024",,,"None found,","None found,","None found,",['Manga'],,,,22 min. per ep.,PG-13 - Teens 13 or older,[],#15407,#19899,289,0,,"An independent story of Sun Wukong. It tells the adventure of the great demon Wukong, who dominated the demon road in his previous life, and formed a direct bond with the human girl Guozi. (Source: DonghuaStream)",[],Xi Xing Ji: Da Yuan Hun Tebie Pian,"['Action', 'Adventure', 'Fantasy']",,,,,
174,,文鳥カラーズ,,['ONA'],1,Finished Airing,"Aug 27, 2024",,,"None found,","None found,","None found,",Original,['Slice of Life'],,,6 min.,G - All Ages,[],#19709,#19825,292,1,,Five finches meet everyday in a club to help other birds.,[],Bunchou Colors,,,,,,
175,,あたしンちNEXT,,['ONA'],5,Finished Airing,"Jun 5, 2024 to Oct 5, 2024",,,"None found,","None found,",['Shin-Ei Animation'],['Manga'],['Comedy'],,,10 min. per ep.,G - All Ages,[],#19284,#20158,274,0,,No synopsis information has been added to this title. Help improve our database by adding a synopsis here.,"[""Adaptation (Manga) Atashin'chi"", '']",Atashin'chi Next,,,,,,
176,"Pokemon-tachi to Aki no Tsuki, ポケモンたちと秋の月, Pokemon Fun Video",但愿梦长久,Pokemon and the Autumn Moon,['ONA'],1,Finished Airing,"Sep 14, 2024",,,"None found,","None found,","None found,",Game,['Fantasy'],,['Kids'],3 min.,G - All Ages,6.39,#7732,#19883,289,0,115,"On a full moon day, Pikachu meets many Pokemon. The Pokemon who gather and dance also make an appearance! (Source: Official YouTube Channel)",[],Dan Yuan Meng Changjiu,,,,,,
177,"My WeChat is Longgong, My WeChat is connected to Dragon Palace",我的微信通龙宫,My WeChat Connects to the Dragon Palace,['ONA'],60,Finished Airing,"Aug 13, 2024 to Feb 25, 2025",,,['iQIYI'],"None found,",['Suoyi Technology'],Web novel,,,,11 min. per ep.,PG-13 - Teens 13 or older,[],#15293,#20058,280,2,,"Luo Yun, an orphan boy, has a mysterious background. When he became an adult, he was accidentally pulled into the ""East China Sea Dragon Palace Chat Group"". After exchanging cultivation secrets from the immortal friends in the group, his cultivation level increased greatly. Since then, he has transformed into ""Luo Yuan Shangxian"" and started his journey of cultivating immortals between the human and immortal worlds. Relying on the information gap and witty planning of the immortal friends in the WeChat group, Luo Yun exchanged spicy strips for immortal pills and cola for spiritual treasures, constantly improving himself, helping the weak and upholding justice in the real world. As the Overlord Seafood Company rose all the way in the two worlds, Luo Yun was involved in the great dispute between Peach Blossom Spring and Chaos Star Sea because of the mystery of his life experience. (Source: iQIYI)",[],Wo de Wei Xin Tong Longgong,"['Action', 'Adventure', 'Fantasy', 'Sci-Fi']",,,,,
178,Pokemon Animated Pokedex: Resting on the Island,宝可梦动画图鉴 小憩岛中,,['ONA'],10,Finished Airing,"Aug 5, 2024 to Aug 26, 2024",,,"None found,","None found,",['Nice Boat Animation'],Game,['Fantasy'],,['Kids'],1 min. per ep.,G - All Ages,[],#19454,#20135,276,0,,"In the hot summer, which Pokemon will take a rest on the island? Come here and experience the relaxing Pokemon ecosystem! (Source: Weibo, translated)","['Sequel (ONA) Bao Ke Meng Donghua Tujian: Qian Ling Bai Li', '']",Bao Ke Meng Donghua Tujian: Xiaoqi Dao Zhong,,,,,,
179,,五行战神 第二季,Five Element God of War 2nd Season,['ONA'],30,Finished Airing,"Sep 28, 2024 to Jan 7, 2025",,,"None found,","None found,",['Ruo Hong Culture'],Web novel,,,,10 min. per ep.,PG-13 - Teens 13 or older,[],#15378,#20331,265,0,,No synopsis information has been added to this title. Help improve our database by adding a synopsis here.,"['Prequel (ONA) Wuhang Zhanshen', '']",Wuhang Zhanshen 2nd Season,"['Action', 'Adventure', 'Fantasy']",,,,,
180,,Turning the Tera Tide,,['ONA'],1,Finished Airing,"Jul 15, 2024",,,"None found,","None found,","None found,",Game,['Comedy'],,['Kids'],1 min.,G - All Ages,5.93,#10277,#20363,263,0,103,"Our glistening hero quartet lands in hot water in Turning the Tera Tide! Watch Piplup, Greninja, Quaxly, and Palafin as they encounter a Dondozo with a mucky attitude!",[],Turning the Tera Tide,,,,,,
181,,藍の約束,,['ONA'],1,Finished Airing,"Sep 21, 2024",,,"None found,","None found,",['Studio Harutonari'],Original,,,,16 min.,PG-13 - Teens 13 or older,[],#19125,#20691,244,0,,No synopsis information has been added to this title. Help improve our database by adding a synopsis here.,[],Ai no Yakusoku,"['Mystery', 'Romance']",,,,,
182,Lord of Planet,万域封神 第二季,,['ONA'],20,Finished Airing,"Jul 15, 2024 to Sep 23, 2024",,,"None found,","None found,","None found,",Novel,,,,12 min. per ep.,PG-13 - Teens 13 or older,[],#15204,#20957,230,0,,No synopsis information has been added to this title. Help improve our database by adding a synopsis here.,"['Prequel (ONA) Wan Yu Feng Shen', '']",Wan Yu Feng Shen 2nd Season,"['Action', 'Fantasy']",,,,,
183,,灯笼刀,Lantern Blade,['ONA'],3,Finished Airing,"Jul 14, 2024",,,"None found,","None found,","None found,",Original,['Action'],,,24 min. per ep.,PG-13 - Teens 13 or older,[],#20229,#21095,222,1,,No synopsis information has been added to this title. Help improve our database by adding a synopsis here.,[],Denglong Dao,,['Martial Arts'],,,,
184,,Taisu系列,Taisu Project,['ONA'],4,Finished Airing,"Aug 10, 2024 to Aug 18, 2024",,,"None found,","None found,","None found,",Original,,,,25 min. per ep.,PG-13 - Teens 13 or older,[],#14678,#21179,216,0,,"An animation anthology film project telling four interlinked tales of animated sci-fi and fantasy by directors from Japan, China and the USA that talks about war, life, love and what we are as human. (Source: IMDB)",[],Taisu Xilie,"['Drama', 'Fantasy']",,,,,
185,Wild Fairyland,蛮荒仙界,The Uninhabited Wonderland,['ONA'],48,Finished Airing,"Sep 25, 2024 to Feb 26, 2025",,,"None found,","None found,","None found,",Novel,,,,7 min. per ep.,PG-13 - Teens 13 or older,[],#17511,#21057,224,0,,"In the vast and wild fairyland, the culture of cultivating immortals prevails, and mortals are proud to become cultivators. College student, Lu Hangzhi, transmigrated from the modern times and became a mortal servant in Ziyun Town. He lived a life of treading on thin ice every day, but he refused to accept his fate and worked hard to get rid of his status quo and strived to get ahead. Later, because of a good deed, he was appreciated by Zhu Fuqin, the eldest lady of the Zhu Mansion, and his senior brother Leng Wuya. With unremitting efforts, he passed many tests and joined the Xuanxin Sect. He was promoted from an outer disciple to an inner disciple, and was even favored by the deputy head Chen Ji and took him in. He cut his way through obstacles and moved forward on the road of cultivating immortals. (source: Qiyi)",[],Man Huang Xian Jie,"['Action', 'Adventure', 'Fantasy']",,,,,
186,,战神联盟,God of War Alliance,['ONA'],48,Finished Airing,"Aug 20, 2024 to Jan 14, 2025",,,"None found,","None found,","None found,",Original,,,,8 min. per ep.,PG-13 - Teens 13 or older,[],#16241,#21200,215,0,,"After a magnetic storm strikes the Blue Star Continent, spiritual energy is revived, transforming both humans and animals. This triggers a battle for survival between spirit beasts and humans. Ling Tian, a young prodigy with an ancient divine bloodline and a treasure called the 'God Brain,' discovers that in three years, the continent will face a disaster that will lead to his heroic death. Guided by Yan Ling, his assistant from the future, he embarks on a mission to attain ultimate power and change the continent's fate. (Source: SIMLK)",[],Zhanshen Lianmeng,"['Action', 'Adventure', 'Fantasy', 'Sci-Fi']",['Martial Arts'],,,,
187,,蜀山奇仙录 第二季,Legend of Sho 2nd seeason,['ONA'],10,Finished Airing,"Sep 30, 2024 to Nov 25, 2024",,,"None found,","None found,","None found,",['Manga'],['Fantasy'],,,15 min. per ep.,PG-13 - Teens 13 or older,[],#14315,#21784,187,1,,No synopsis information has been added to this title. Help improve our database by adding a synopsis here.,"['Prequel (ONA) Shu Shan Qi Xian Lu', '']",Shu Shan Qi Xian Lu 2nd season,,,,,,
188,,おそ松さん 新作ショートアニメ,,['ONA'],4,Currently Airing,"Sep 11, 2024 to ?",,,"None found,","None found,",['Pierrot Films'],Original,['Comedy'],"['Gag Humor', 'Parody']",,1 min. per ep.,R - 17+ (violence & profanity),[],#18415,#21545,199,1,,No synopsis information has been added to this title. Help improve our database by adding a synopsis here.,[],Osomatsu-san Shinsaku Short Anime,,,,,,
189,,New Jersey and Enterprise's Beach Vacation,,['ONA'],1,Finished Airing,"Aug 12, 2024",,,"None found,","None found,",['ARCUS'],Game,['Slice of Life'],,,1 min.,PG-13 - Teens 13 or older,[],#18157,#21449,204,0,,"Commanders, join the shipgirls for a seaside getaway! (Source: YouTube)",[],New Jersey and Enterprise's Beach Vacation,,,,,,
190,,ピヒュッティ,Pihotek,['ONA'],1,Finished Airing,"Sep 6, 2024",,,"None found,","None found,",['Fanworks'],Picture book,['Adventure'],,,2 min.,G - All Ages,[],#18548,#22014,173,0,,"Informed by his relationships with Inuit friends and 20 years of mostly solo expeditions, Yasunaga Ogita pens a poetic account of a walk in the Arctic. He observes animals in their natural habitat, and falls asleep with a sense of oneness with nature mediated by the wind. Then when the new dawn arrives with energy for the world, he sets off walking again. An essay in the back of the book discusses the seriousness of climate change. (Source: Kodansha)",[],Pihotek,,,,,,
191,"The Immortal Traces, Xianji Xun Zong",仙迹寻踪,Searching For The Immortals,['ONA'],48,Finished Airing,"Sep 13, 2024 to Feb 7, 2025",,,['Youku'],"None found,",['Ruo Hong Culture'],Original,,,,7 min. per ep.,PG-13 - Teens 13 or older,[],#15459,#22090,170,0,,No synopsis information has been added to this title. Help improve our database by adding a synopsis here.,[],Xian Ji Xun Zong,"['Action', 'Adventure', 'Fantasy']",['Martial Arts'],,,,
192,,风雨廊桥 昆仑摩勒,Slave,['ONA'],1,Finished Airing,"Jul 21, 2024",,,"None found,","None found,",['Nice Boat Animation'],Original,,,,26 min.,R - 17+ (violence & profanity),[],#20611,#22537,151,0,,No synopsis information has been added to this title. Help improve our database by adding a synopsis here.,"['Prequel (ONA) Fengyu Lang Qiao', 'Sequel (ONA) Fengyu Lang Qiao: Bishamonten']",Fengyu Lang Qiao: Kunlun Mo Lei,"['Action', 'Suspense']",,,,,
193,,我的三体 第四季,,['ONA'],9,Finished Airing,"Jul 14, 2024 to Sep 1, 2024",,,"None found,","None found,","None found,",Book,['Sci-Fi'],,,24 min. per ep.,PG-13 - Teens 13 or older,[],#15290,#22599,149,0,,No synopsis information has been added to this title. Help improve our database by adding a synopsis here.,"['Prequel (ONA) Wo De San Ti: Zhang Bei Hai Zhuan', 'Adaptation (Manhua) San Ti', 'Adaptation (Novel) San Ti', '']",Wo De San Ti 4th Season,,,,,,
194,,青年导演系列,,['ONA'],4,Finished Airing,"Jul 27, 2024 to Aug 4, 2024",,,"None found,","None found,","None found,",Original,['Fantasy'],,,17 min. per ep.,PG-13 - Teens 13 or older,[],#18792,#22936,138,0,,No synopsis information has been added to this title. Help improve our database by adding a synopsis here.,[],Qingnian Daoyan Xilie,,,,,,
195,,风雨廊桥 毗沙门天,Vaisravana,['ONA'],1,Finished Airing,"Jul 21, 2024",,,"None found,","None found,",['Nice Boat Animation'],Original,,,,21 min.,R - 17+ (violence & profanity),[],#20610,#23049,134,0,,No synopsis information has been added to this title. Help improve our database by adding a synopsis here.,"['Prequel (ONA) Fengyu Lang Qiao: Kunlun Mo Lei', '']",Fengyu Lang Qiao: Bishamonten,"['Action', 'Suspense']",,,,,
196,,새로구미뎐: 산 257,,['ONA'],2,Finished Airing,"Sep 29, 2024 to Oct 7, 2024",,,"None found,","None found,",['STUDIOK110'],Other,['Fantasy'],,,6 min. per ep.,G - All Ages,[],#19004,#22937,138,0,,No synopsis information has been added to this title. Help improve our database by adding a synopsis here.,[],Saero Gumidyeon: San 257,,['Historical'],,,,
197,,侠鸣客栈,,['ONA'],16,Finished Airing,"Jul 20, 2024",,,"None found,","None found,","None found,",Original,,,,6 min. per ep.,PG-13 - Teens 13 or older,[],#15453,#23483,122,0,,No synopsis information has been added to this title. Help improve our database by adding a synopsis here.,[],Xia Ming Kezhan,"['Action', 'Comedy']",,,,,
198,,成语中国,,['ONA'],20,Finished Airing,"Aug 16, 2024",,,"None found,","None found,","None found,",Original,['Comedy'],,,3 min. per ep.,G - All Ages,[],#19873,#23565,120,0,,No synopsis information has been added to this title. Help improve our database by adding a synopsis here.,[],Chengyu Zhong Guo,,['Educational'],,,,
199,,非人哉 第二季,,['ONA'],Unknown,Currently Airing,"Sep 30, 2024 to ?",,,"None found,","None found,",['Fenz'],['Manga'],,,,3 min.,PG-13 - Teens 13 or older,[],#20558,#23253,127,0,,Part three of second season of Fei Ren Zai.,"['Prequel (ONA) Fei Ren Zai 2nd Season Part 2', '']",Fei Ren Zai 2nd Season Part 3,"['Comedy', 'Supernatural']",['Mythology'],,,,
200,,负极猎人,,['ONA'],12,Finished Airing,"Sep 4, 2024 to ?",,,"None found,","None found,","None found,",Unknown,['Action'],,,15 min. per ep.,PG-13 - Teens 13 or older,[],#20652,#23687,117,16,,No synopsis information has been added to this title. Help improve our database by adding a synopsis here.,[],Fuji Lieren,,,,,,
201,,如果历史是一群喵 第十一季,,['ONA'],12,Finished Airing,"Aug 17, 2024 to Oct 26, 2024",,,"None found,","None found,","None found,",['Web manga'],['Comedy'],"['Educational', 'Historical']",['Kids'],9 min. per ep.,G - All Ages,[],#18951,#24208,106,0,,No synopsis information has been added to this title. Help improve our database by adding a synopsis here.,"['Prequel (ONA) Ruguo Lishi Shi Yiqun Miao 10th Season', '']",Ruguo Lishi Shi Yiqun Miao 11th Season,,,,,,
202,,茶啊二中第五季,,['ONA'],8,Finished Airing,"Jul 21, 2024",,,"None found,","None found,","None found,",Original,['Comedy'],,['Kids'],23 min. per ep.,G - All Ages,[],#19786,#24931,95,0,,No synopsis information has been added to this title. Help improve our database by adding a synopsis here.,"['Prequel (ONA) Cha A Er Zhong 4th Season', '']",Cha A Er Zhong 5th Season,,['School'],,,,
203,,不白吃古诗词漫游记第二季,,['ONA'],45,Finished Airing,"Jul 5, 2024 to Sep 20, 2024",,,"None found,","None found,","None found,",Other,['Comedy'],,['Kids'],2 min. per ep.,G - All Ages,[],#19670,#24929,95,0,,No synopsis information has been added to this title. Help improve our database by adding a synopsis here.,"['Prequel (ONA) Bu Bai Chi Gu Shici Man Youji', '']",Bu Bai Chi Gu Shici Man Youji 2nd Season,,['Historical'],,,,
204,,未来からやってきた森,The Forest From the Future,['ONA'],1,Finished Airing,"Sep 1, 2024",,,"None found,","None found,","None found,",Other,,,,17 min.,G - All Ages,[],#17833,#24148,108,0,,"This is the story of Wales-born C. W. Nicol who restored Japan's desolate forests. Nicol was involved with nature all over the world, including Arctic exploration and the creation of national parks in Ethiopia. He came to Japan, fascinated by the biodiversity of the country, with its drift ice to the north and coral reefs to the south. However, what he saw there were virgin forests being cut down one after another for economic reasons, and rivers being hardened with concrete. After learning that the Afan Argoed Forest Park in Wales had been restored by human hands, Nicol decided to create forests with his own hands to restore nature in Japan. He dreamed of the forests 100 years from now, which he would never be able to see. (Source: Official site, translated)",[],Mirai kara Yattekita Mori,,['Historical'],,,,
205,,WBB short short animation,,['ONA'],Unknown,Currently Airing,"Sep 2, 2024 to ?",,,"None found,","None found,",['Echoes'],Original,['Slice of Life'],,,1 min.,PG-13 - Teens 13 or older,[],#15261,#24317,104,0,,Spin-off series of the original short animation Wander Burabura Bakkamu.,[],WBB Short Short Animation,,,,,,
206,,核力总动员,,['ONA'],1,Finished Airing,"Aug 3, 2024",,,"None found,","None found,","None found,",Original,,,['Kids'],1 hr. 5 min.,PG - Children,[],#21089,#25595,85,0,,No synopsis information has been added to this title. Help improve our database by adding a synopsis here.,[],He Li Zongdongyuan,"['Adventure', 'Fantasy']",,,,,
207,,おなかがぐ〜ぐ〜アイランド,,['ONA'],Unknown,Currently Airing,"Sep 25, 2024 to ?",,,['Waffen Film Studio'],"None found,",['Tsumupapa'],Original,,,,4 min.,G - All Ages,[],#18351,#27113,68,0,,"This is Guuguu Island, a magical island where the Yakiniku King menu items live. Meat, vegetables, mulberries, sweets... there's all kinds of delicious food! Calvin the apprentice galbi has a dream to become ""Yakiniku King's most popular menu item""! To achieve that, he is happily flying around the universe with his adorable friends. Will Calvin and his friends be able to become Yakiniku King's most popular menu items? Aim for a delicious serving! Aim for a delicious Yakiniku King! (Source: YouTube, translated)",[],Onaka ga Guuguu Island,"['Fantasy', 'Gourmet']",['Anthropomorphic'],,,,
208,,我叫MT 第七季,,['ONA'],10,Finished Airing,"Jul 10, 2024 to ?",,,"None found,","None found,","None found,",Game,,,,23 min. per ep.,G - All Ages,[],#15306,#27795,55,0,,No synopsis information has been added to this title. Help improve our database by adding a synopsis here.,"['Prequel (ONA) Wo Jiao MT 6th Season', '']",Wo Jiao MT 7th Season,"['Comedy', 'Fantasy']",,,,,
209,,爆裂飞车5晶码迷踪,Screechers Wild! 5th Season,['ONA'],30,Finished Airing,"Sep 15, 2024 to Oct 14, 2024",,,"None found,","None found,",['Alpha Group'],Original,,,['Kids'],13 min. per ep.,PG - Children,[],#19482,#27950,44,0,,Fifth season of Baolie Feiche.,"['Prequel (ONA) Baolie Feiche 4: Shou Shen Chuji', '']",Baolie Feiche 5: Jing Ma Mi Zong,"['Action', 'Adventure', 'Sci-Fi']",['Racing'],,,,
210,,我，修仙界的公敌,The Public Enemy Of The Immortal World,['ONA'],40,Finished Airing,"Jul 28, 2024 to ?",,,"None found,","None found,","None found,",Unknown,,,,7 min. per ep.,R - 17+ (violence & profanity),[],#15333,#27938,46,0,,No synopsis information has been added to this title. Help improve our database by adding a synopsis here.,[],Wo Xiu Xianjie De Gongdi,"['Action', 'Adventure', 'Comedy', 'Fantasy']",['Martial Arts'],,,,
211,,奶龙爆笑嘉年华2,,['ONA'],40,Finished Airing,"Jul 10, 2024 to ?",,,"None found,","None found,","None found,",Original,,,['Kids'],3 min. per ep.,PG - Children,[],#18054,#28000,37,0,,No synopsis information has been added to this title. Help improve our database by adding a synopsis here.,"['Prequel (ONA) Nai Long Baoxiao Jianianhua', '']",Nai Long Baoxiao Jianianhua 2,"['Adventure', 'Comedy', 'Fantasy']",,,,,
212,"DeDeDeDe, DDDD",デッドデッドデーモンズデデデデデストラクション,Dead Dead Demons Dededede Destruction,['ONA'],17,Finished Airing,"May 31, 2024 to Sep 20, 2024",,,"['TV Tokyo', 'GAGA', 'Tohokushinsha Film Corporation', 'Sony Music Entertainment', ""Toy's Factory"", 'Shogakukan', 'GrandFunk']","None found,",['Production +h.'],['Manga'],,,['Seinen'],23 min. per ep.,PG-13 - Teens 13 or older,7.93,#771,#3302,"50,454",435,17732,"When you look up at the sky, what do you see? A blue sky? Freedom? A hopeful future? The people of Tokyo see none of these. Instead, an ominous alien mothership looms overhead, engulfing the city skyscape. Three years ago, they came. The arrival of the ""Invaders"" sparked the greatest war humanity had ever faced—one that threatened to end the world. The Japanese government scrambled to fight the Invaders. Weapons were mass-produced, sparking controversy and pacifist movements. That day, everything changed. And yet, nothing has changed. Kadode Koyama and Ouran Nakagawa live their final days like they always have: going to school, playing with friends, and doing what any carefree high school girl would do. As they grow up, they come to learn what it truly means to be an adult, in a world where adults seem to be demons who only deceive and destroy. They come to learn the real threat to humanity is not the Invaders, but humanity itself. [Written by MAL Rewrite]","['Prequel (ONA) Dead Dead Demons Dededede Destruction (ONA) Episode 0', 'Adaptation (Manga) Dead Dead Demons Dededede Destruction']",Dead Dead Demons Dededede Destruction (OVA),"['Drama', 'Sci-Fi']",['School'],,,,
213,,少年が大人になった夏,,['OVA'],Unknown,Currently Airing,"Sep 6, 2024 to ?",,,"['Queen Bee', 'Mediabank']","None found,",['Blue bread'],['Manga'],['Hentai'],,,20 min.,Rx - Hentai,6.67,N/A,#10131,"3,384",24,952,"Ryuuki Kirishima is a boy who lives with his older sister, Reiko, after the tragic death of their parents in a car accident. One summer day, Ryuuki and his friends gather to watch adult videos for fun. Although Ryuuki doesn't usually enjoy this type of content, he feels inexplicably attracted to videos featuring Kiriru, a new and popular porn actress. As he watches, Ryuuki feels a strong attraction to Kiriru, and to his surprise, she appears before him in person. (Source: TMDB)","['Adaptation (Manga) Shounen ga Otona ni Natta Natsu', '']",Shounen ga Otona ni Natta Natsu,,,,,,
214,,性欲つよつよ THE ANIMATION,,['OVA'],Unknown,Currently Airing,"Jul 26, 2024 to ?",,,['Pink Pineapple'],"None found,",['Seven'],['Manga'],['Hentai'],,,16 min.,Rx - Hentai,7.04,N/A,#10461,"3,072",13,982,"High school student Haruki Nanase dates Ryosuke. All her friends envy her, because Ryosuke is a real macho, and also an athlete. After some time, the girl becomes irritated and nervous. It's all about her boyfriend's selfishness in terms of sex, in which she receives virtually no pleasure. Nervousness grew every day, and to relieve stress, Haruki decided to make fun of the quiet Nazaki. Wanting to disgrace the guy, she pulled off his pants.","['Adaptation (Manga) Seiyoku Tsuyo Tsuyo', '']",Seiyoku Tsuyotsuyo The Animation,,['School'],,,,
215,,バブルdeハウスde○○○ THE ANIMATION,,['OVA'],Unknown,Currently Airing,"Aug 30, 2024 to ?",,,['Pink Pineapple'],"None found,",['Seven'],Visual novel,['Hentai'],,,31 min.,Rx - Hentai,7.43,N/A,#10612,"2,934",22,768,No synopsis information has been added to this title. Help improve our database by adding a synopsis here.,[],Bubble de House de *** The Animation,,,,,,
216,,陰キャカップルが陽ギャル達とSEXトレーニングする話,,['OVA'],Unknown,Currently Airing,"Sep 27, 2024 to ?",,,['Lune-Pictures'],"None found,",['T-Rex'],['Manga'],['Hentai'],,,16 min.,Rx - Hentai,7.57,N/A,#10985,"2,623",22,826,Unstoppable gals get out of control! The sex life of an otaku student couple develops rapidly due to the influence of gal schoolgirls. (Source: TMDB),[],Incha Couple ga You Gal-tachi to Sex Training Suru Hanashi,,,,,,
217,Imagination Real,いまりあ,,['OVA'],4,Finished Airing,"Aug 30, 2024 to Dec 27, 2024",,,"['Lune-Pictures', 'Antechinus']","None found,",['T-Rex'],['Manga'],['Hentai'],,,16 min. per ep.,Rx - Hentai,6.73,N/A,#10978,"2,628",13,811,No synopsis information has been added to this title. Help improve our database by adding a synopsis here.,"['Adaptation (Manga) Ima♡Ria', '']",Imaria,,,,,,
218,,セックスが好きで好きで大好きなクラスメイトのあの娘,,['OVA'],Unknown,Currently Airing,"Sep 6, 2024 to ?",,,['Mary Jane'],"None found,",['New Generation'],['Manga'],['Hentai'],,,15 min.,Rx - Hentai,7.11,N/A,#11112,"2,528",8,709,"Sakurai Taichi, facing a financial crunch, lands a job as an assistant on a film shoot where he reunites with his schoolmate and the most beautiful girl in school, Himawari Kanan. To his surprise, the shoot turns out to be for an adult video, which initially shocks Taichi, who tries to decline the offer. However, Kanan accepts the role, claiming it will be an educational experience. Despite feeling uncomfortable with Kanan's bold actions, Taichi finds enjoyment in working alongside her. During the shoot, the lead actor has an accident, and Taichi steps in to replace him, which leads Kanan to also participate in the video. (Source: TMDB)",[],Sex ga Suki de Suki de Daisuki na Classmate no Ano Musume,,,,,,
219,,糸を撚る,,['OVA'],Unknown,Currently Airing,"Jul 19, 2024 to ?",,,['Queen Bee'],"None found,",['Blue bread'],['Manga'],['Hentai'],,,20 min.,Rx - Hentai,5.61,N/A,#11959,"1,960",7,617,"A schoolgirl track and field athlete takes shelter from the rain at a lonely and secluded bus stop. Shortly after, a student otaku arrives at the same stop to seek shelter from the rain as well. As they talk, their dark desires show themselves and they both satisfy each other sexually. (Source: TMDB)","['Adaptation (Manga) Ito wo Yoru', '']",Ito wo Yoru,,,,,,
220,,リジネッタさんの冒険,,['OVA'],Unknown,Currently Airing,"Aug 30, 2024 to ?",,,"None found,","None found,",['Majin'],Game,['Hentai'],,,16 min.,Rx - Hentai,5.71,N/A,#12648,"1,567",2,386,No synopsis information has been added to this title. Help improve our database by adding a synopsis here.,[],Reginetta-san no Bouken,,,,,,
221,,祓魔○女シャルロット,,['OVA'],Unknown,Currently Airing,"Sep 27, 2024 to ?",,,"None found,","None found,",['Majin'],Game,['Hentai'],,,16 min.,Rx - Hentai,5.80,N/A,#13115,"1,359",1,304,No synopsis information has been added to this title. Help improve our database by adding a synopsis here.,[],Futsuma *jo Charlotte,,,,,,
222,Gekijouban Overlord: Sei Oukoku-hen,劇場版「オーバーロード」聖王国編,Overlord: The Sacred Kingdom,['Movie'],1,Finished Airing,"Sep 20, 2024",,,"['Kadokawa', 'Kadokawa Animation', 'Bit grooove promotion']","None found,",['Madhouse'],['Light novel'],,,,2 hr. 15 min.,R - 17+ (violence & profanity),7.79,#1078,#2622,"76,167",329,6967,"The Sacred Kingdom has enjoyed a great many years without war thanks to a colossal wall constructed after a historic tragedy. They understand best how fragile peace can be. When the terrible demon Jaldabaoth takes to the field at the head of a united army of monstrous tribes, the Sacred Kingdom's leaders know their defenses are not enough. With the very existence of the country at stake, the pious have no choice but to seek help wherever they can get it, even if it means breaking taboo and parlaying with the undead king of the Nation of Darkness! (Source: Yen Press)","['Adaptation (Manga) Overlord', 'Adaptation (Manga) Overlord: ""Shin"" Sekai-hen', 'Adaptation (Light Novel) Overlord', '']",Overlord Movie 3: Sei Oukoku-hen,"['Action', 'Adventure', 'Fantasy']",['Isekai'],,,,
223,,僕のヒーローアカデミアTHE MOVIE ユアネクスト,My Hero Academia: You're Next,['Movie'],1,Finished Airing,"Aug 2, 2024",,,"['Dentsu', 'Yomiuri Telecasting', 'Movic', 'TOHO', 'Sony Music Entertainment', 'Nippon Television Network', 'TOHO animation', 'Shueisha']","None found,",['Bones'],['Manga'],['Action'],"['School', 'Super Power']",['Shounen'],1 hr. 50 min.,PG-13 - Teens 13 or older,7.53,#1832,#2957,"62,292",213,8896,The fourth Boku no Hero Academia movie.,"[""Adaptation (Light Novel) Boku no Hero Academia the Movie: You're Next"", '']",Boku no Hero Academia the Movie 4: You're Next,,,,,,
224,"Gekijouban Mononoke Karakasa, Mononoke the Movie: Karakasa",劇場版モノノ怪 唐傘,Mononoke the Movie: Phantom in the Rain,['Movie'],1,Finished Airing,"Jul 26, 2024",,,['Twin Engine'],"None found,",['EOTA'],Original,,"['Adult Cast', 'Historical', 'Mythology', 'Psychological']",,1 hr. 29 min.,R - 17+ (violence & profanity),8.02,#637,#3909,"36,701",297,6816,"Asa and Kame strike up an immediate friendship when they arrive at the same time for their first day of duty at the Ooku, the splendid pleasure palace housing the harem of Lord Tenshi. The two young women are there to join the many hundreds of other maidservants—men are barred from entering, with immediate beheading the price of trespassing. It soon becomes clear that behind the luxurious lifestyle and ritualized routines of the Ooku lie sinister schemes and cynical rivalries. Meanwhile, a mysterious wandering potion-peddler known only as the Medicine Seller subtly insinuates himself into the Ooku, just as an uncanny, otherworldly menace begins to reveal itself. (Source: Fantasia Festival)","['Adaptation (Manga) Gekijouban Mononoke: Karakasa', 'Adaptation (Novel) Shousetsu Gekijouban Mononoke: Karakasa']",Mononoke Movie: Karakasa,"['Horror', 'Mystery', 'Supernatural', 'Suspense']",,,,,
225,Your Color,きみの色,The Colors Within,['Movie'],1,Finished Airing,"Aug 30, 2024",,,"['TOHO', 'STORY']",['GKIDS'],['Science SARU'],Original,['Drama'],,,1 hr. 41 min.,PG-13 - Teens 13 or older,7.70,#1299,#4218,"31,167",124,3484,"Totsuko is a high school student with the ability to see the ""colors"" of others. Colors of bliss, excitement, and serenity, plus a color she treasures as her favorite. Kimi, a classmate at her school, gives off the most beautiful color of all. Although she does not play an instrument, Totsuko forms a band with Kimi and Rui, a quiet music enthusiast they meet at a used bookstore in a far corner of town. As they practice at an old church on a remote island, music brings them together, forming friendships and stirring affections. Will they discover their true ""colors""? (Source: GKIDS, edited)",[],Kimi no Iro,,['Music'],,,,
226,,映画 ギヴン 海へ,,['Movie'],1,Finished Airing,"Sep 20, 2024",,,"['Aniplex', 'Blue Lynx']","None found,",['Lerche'],['Manga'],,,,1 hr. 20 min.,PG-13 - Teens 13 or older,7.52,#1885,#5630,"15,664",45,406,Second part of Given Movie: Hiiragi Mix.,"['Prequel (Movie) Given Movie 2: Hiiragi Mix', 'Adaptation (Manga) Given']",Given Movie 3: Umi e,"['Boys Love', 'Drama']",['Music'],,,,
227,,Garden of Remembrance,Garden of Remembrance,['Movie'],1,Finished Airing,"Aug 30, 2024",,,"['Tohokushinsha Film Corporation', 'Avex Pictures']",['GKIDS'],['Science SARU'],Original,,,,17 min.,PG-13 - Teens 13 or older,6.77,#5500,#7822,"6,930",12,1108,"An untidy room. Empty beer tins, empty wine bottles, a half-empty glass of whisky... A girl is getting up absent-mindedly and starts preparing herself. YOUR morning starts. Lazy and hard-to-wake-up YOU. The emoticon is ME watching over YOU. I play tricks on YOU, while YOU are playing the guitar and drinking. One day, in town, YOU walk past THE CHILDHOOD FRIEND who is buying an Anemone I liked, and remembering that I liked them, YOU rush out to buy them. THE CHILDHOOD FRIEND displays the Anemone with care. One day, years after I died, YOU hear noise from the closet. Opened, YOU see MY garden right in front of YOU. Overflowing emotions of ME and YOU. When exiting from the room with memories, a picture of the Anemone that YOU painted is displayed in YOUR new room. (Souce: Annecy Film Festival)",[],Garden of Remembrance,,,,,,
228,Love Live! Nijigasaki High School Idol Club Final Chapter,ラブライブ! 虹ヶ咲学園スクールアイドル同好会 完結編,,['Movie'],1,Finished Airing,"Sep 6, 2024",,,"['Lantis', 'Shochiku', 'Bandai Namco Filmworks']","None found,",['Sunrise'],Original,['Slice of Life'],"['Idols (Female)', 'Music', 'School']",,1 hr. 7 min.,PG-13 - Teens 13 or older,7.57,#1671,#7856,"6,863",21,457,First part of Love Live! Nijigasaki Gakuen School Idol Doukoukai Kanketsu-hen.,"['Prequel (OVA) Love Live! Nijigasaki Gakuen School Idol Doukoukai: Next Sky', 'Sequel (Movie) Love Live! Nijigasaki Gakuen School Idol Doukoukai: Kanketsu-hen Part 2']",Love Live! Nijigasaki Gakuen School Idol Doukoukai: Kanketsu-hen,,,,,,
229,,化け猫あんずちゃん,Ghost Cat Anzu,['Movie'],1,Finished Airing,"Jul 19, 2024",,,['NBCUniversal Entertainment Japan'],['GKIDS'],"['Shin-Ei Animation', 'Miyu Productions']",['Manga'],['Fantasy'],,['Shounen'],1 hr. 34 min.,PG-13 - Teens 13 or older,6.94,#4653,#8743,"5,286",17,975,"Karin, 11 years old, is abandoned by her father at her grandfather’s house, the monk of a small town in the Japanese countryside. Her grandfather asks Anzu, his jovial and helpful although rather capricious ghost cat, to look after her. The meeting of their strong characters causes sparks, at least at the beginning… (Source: Miyu Productions)","['Adaptation (Manga) Bakeneko Anzu-chan', '']",Bakeneko Anzu-chan,,,,,,
230,"Be Forever Yamato: Rebel 3199, Star Blazers",ヤマトよ永遠に REBEL3199,Star Blazers: Space Battleship Yamato 3199,['Movie'],Unknown,Currently Airing,"Jul 19, 2024 to ?",,,"['Production I.G', 'Satelight', 'Shochiku', 'Bandai Spirits', 'ADK Marketing Solutions', 'Bandai Namco Filmworks', 'Bandai Namco Music Live']","None found,",['studio MOTHER'],Original,,"['Adult Cast', 'Military', 'Space']",,Unknown,PG-13 - Teens 13 or older,7.12,#3817,#9486,"4,154",11,204,Sequel to Uchuu Senkan Yamato 2205: Aratanaru Tabidachi.,"['Prequel (OVA) Uchuu Senkan Yamato 2205: Aratanaru Tabidachi', '']","Yamato yo, Towa ni: Rebel 3199","['Action', 'Drama', 'Sci-Fi']",,,,,
231,,刀剣乱舞 廻 -々伝 近し侍らうものら-,Touken Ranbu Kai Douden,['Movie'],1,Finished Airing,"Aug 16, 2024",,,"['Rakuonsha', 'TOHO animation']","None found,",['domerica'],Other,,"['Anthropomorphic', 'Historical', 'Samurai']",,1 hr. 9 min.,PG-13 - Teens 13 or older,[],#14980,#11221,"2,446",8,,Prequel movie of Touken Ranbu Kai: Kyoden Moyuru Honnouji.,"['Sequel (TV) Touken Ranbu Kai: Kyoden Moyuru Honnouji', '']",Touken Ranbu Kai: Douden Chikashi Haberau Monora,"['Action', 'Fantasy']",,,,,
232,"Haru no Hidamari, Mayoi Neko, Utau, Bokura ni Nareru Uta & FILM LIVE",劇場版 バンドリ！It's MyGO!!!!!,,['Movie'],2,Finished Airing,"Sep 27, 2024 to Nov 8, 2024",,,"['Ultra Super Pictures', 'Bushiroad', 'Tokyo MX', 'Good Smile Company', 'Bushiroad Music', 'HoriPro International', 'Ace Crew Entertainment']","None found,",['SANZIGEN'],Mixed media,,,,1 hr. 58 min. per ep.,PG-13 - Teens 13 or older,[],#19438,#11384,"2,336",7,,Theatrical compilation of BanG Dream! It's MyGO!!!!!.,[],BanG Dream! It's MyGO!!!!! Movie,,['Music'],,,,
233,,わんだふるぷりきゅあ！ざ・むーびー！ドキドキ♡ゲームの世界で大冒険！,,['Movie'],1,Finished Airing,"Sep 13, 2024",,,"None found,","None found,",['Toei Animation'],Original,['Action'],,,1 hr. 13 min.,G - All Ages,6.54,#6862,#12151,"1,853",5,171,"Komugi, Iroha, Yuki, Mayu, Daifuku, and Satoru have gathered to play the super popular game ""Doki Doki♡TanuKingdom""! Everyone starts the game happily! Or so they thought...but it seems they've been sucked into a world of the game with a suspicious tanuki...and now they're in even more trouble! Komugi has been separated from Iroha and the others...!? ""I want to be by Iroha's side forever and ever!"" To meet her beloved Iroha, Komugi decides to challenge herself to various game battles! How on earth did this happen...? What is the secret hidden in the world of the game...? The clue is in the hands of Natsuki, the young girl who created the game. ""Hirogaru Sky! Pretty Cure"" and ""Mahou Tsukai Pretty Cure!"" have also gathered together! When everyone's feelings come together, will a wonderful miracle unfold?! (Source: Pretty Cure Wiki)",[],Wonderful Precure! Movie: Dokidoki Game no Sekai de Daibouken!,,['Mahou Shoujo'],,,,
234,,ゼーガペインSTA,,['Movie'],1,Finished Airing,"Aug 16, 2024",,,"None found,","None found,",['Sunrise'],Original,,,,1 hr. 30 min.,PG-13 - Teens 13 or older,[],#16213,#12435,"1,678",5,,Sequel to Zegapain.,"['Prequel (TV) Zegapain', '']",Zegapain: STA,"['Action', 'Romance', 'Sci-Fi']",['Mecha'],,,,
235,Mobile Suit Gundam: The Origin - Movie Edition,機動戦士ガンダム THE ORIGIN (movie edition),,['Movie'],3,Finished Airing,"Sep 13, 2024 to Oct 11, 2024",,,"None found,","None found,",['Sunrise'],['Manga'],,"['Mecha', 'Military', 'Space']",['Shounen'],2 hr. 5 min. per ep.,R - 17+ (violence & profanity),[],#16927,#12889,"1,452",2,,"In the year 0068 of the Universal Century, Casval Rem Deikun's life is thrown into chaotic disarray after the assassination of his father, a prolific figure in the crusade towards civil rights for people who live away from the Earth's surface. Casval and his sister Artesia receive aid from soldiers who were loyal to their father, and the siblings are whisked away from their home, separated, and thrown into a twisted fate that sees them come into their own as soldiers and adults. Years before stealing the name Char Aznable or his ""Red Comet"" moniker, Casval must contend with the rise of a militarized version of his father's ideology and his own vengeful nature as intergalactic war molds him into a legendary mobile suit pilot. [Written by MAL Rewrite]",[],Kidou Senshi Gundam: The Origin - Movie Edition,"['Action', 'Sci-Fi']",,,,,
236,,劇場版すとぷり はじまりの物語~Strawberry School Festival!!!~,,['Movie'],1,Finished Airing,"Jul 19, 2024",,,['Bushiroad Move'],"None found,",['LIDENFILMS'],Other,,"['Idols (Male)', 'Music', 'School']",,1 hr. 23 min.,PG-13 - Teens 13 or older,[],#14622,#13053,"1,385",23,,An anime movie based on the boy band Strawberry Prince.,[],SutoPuri Movie: Hajimari no Monogatari - Strawberry School Festival!!!,,,,,,
237,,白蛇3：浮生,White Snake: Afloat,['Movie'],1,Finished Airing,"Aug 10, 2024",,,"None found,","None found,",['Light Chaser Animation Studios'],Other,,"['Martial Arts', 'Mythology']",,2 hr. 13 min.,PG-13 - Teens 13 or older,[],#19386,#13634,"1,180",1,,No synopsis information has been added to this title. Help improve our database by adding a synopsis here.,"['Prequel (Movie) Bai She II: Qing She Jie Qi', '']",Bai She 3: Fusheng,"['Action', 'Adventure', 'Fantasy']",,,,,
238,,映画クレヨンしんちゃん オラたちの恐竜日記,,['Movie'],1,Finished Airing,"Aug 9, 2024",,,"None found,","None found,",['Shin-Ei Animation'],['Manga'],,,['Seinen'],1 hr. 40 min.,G - All Ages,[],#20063,#13933,"1,088",6,,No synopsis information has been added to this title. Help improve our database by adding a synopsis here.,"['Prequel (Movie) Crayon Shin-chan Movie 31: Chounouryoku Daikessen - Tobe Tobe Temakizushi', 'Sequel (Movie) Crayon Shin-chan Movie 33: Chou Karei! Shakunetsu no Kasukabe Dancers']",Crayon Shin-chan Movie 32: Ora-tachi no Kyouyuu Nikki,"['Adventure', 'Comedy']",,,,,
239,,伞少女,The Umbrella Fairy,['Movie'],1,Finished Airing,"Jul 6, 2024",,,"None found,","None found,","None found,",['Manga'],,,,1 hr. 35 min.,PG-13 - Teens 13 or older,[],#13854,#15516,697,2,,"Qingdai, a royal umbrella's fairy, embarks on a journey with a young craftsman to prevent war after failing to guard a vengeful sword's fairy who escapes the royal pavilion. (Source: IMDB)",[],San Shaonu,"['Adventure', 'Fantasy']",['Historical'],,,,
240,,KING OF PRISM -Dramatic PRISM.1-,,['Movie'],1,Finished Airing,"Aug 16, 2024",,,"None found,","None found,",['Tatsunoko Production'],Original,['Sports'],"['Idols (Male)', 'Music']",,1 hr.,PG-13 - Teens 13 or older,[],#16953,#17780,434,2,,Movie version of King of Prism: Shiny Seven Stars with new content.,[],King of Prism: Dramatic Prism.1,,,,,,
241,,二郎神之深海蛟龙,God with Three Eyes,['Movie'],1,Finished Airing,"Jul 13, 2024",,,"None found,","None found,","None found,",Unknown,['Fantasy'],,,1 hr. 40 min.,PG-13 - Teens 13 or older,[],#20522,#19628,304,1,,No synopsis information has been added to this title. Help improve our database by adding a synopsis here.,[],Erlang Shen: Shenhai Jialong,,,,,,
242,Fall Into The Mortal World,落凡尘,Into The Mortal World,['Movie'],1,Finished Airing,"Jul 12, 2024",,,"None found,","None found,","None found,",Original,,,,1 hr. 58 min.,PG-13 - Teens 13 or older,[],#17420,#20590,250,0,,No synopsis information has been added to this title. Help improve our database by adding a synopsis here.,[],Luo Fanchen (Movie),"['Fantasy', 'Romance']",,,,,
243,,사랑의 하츄핑,Heartsping: Teenieping of Love,['Movie'],1,Finished Airing,"Aug 7, 2024",,,['Studio Goindol'],"None found,",['SAMG Entertainment'],Original,['Fantasy'],,,1 hr. 26 min.,PG - Children,[],#19051,#22229,165,0,,No synopsis information has been added to this title. Help improve our database by adding a synopsis here.,"['Prequel (TV) Catch! Tiniping', '']",Salangui Hachyuping,,['Mahou Shoujo'],,,,
244,,プラネタリウム　ドラえもん　宇宙の模型,,['Movie'],1,Finished Airing,"Jul 19, 2024",,,"None found,","None found,","None found,",Unknown,,,['Kids'],40 min.,PG - Children,[],#18585,#22199,166,0,,No synopsis information has been added to this title. Help improve our database by adding a synopsis here.,[],Planetarium Doraemon: Uchuu no Mokei,"['Action', 'Sci-Fi']",['Space'],,,,
245,,신비아파트 특별편: 붉은눈의 사신,Shinbi's Haunted House Special: The Red-Eyed Grim Reaper,['Movie'],1,Finished Airing,"Aug 14, 2024",,,"None found,","None found,","None found,",Original,,,['Kids'],1 hr. 17 min.,G - All Ages,[],#14405,#23038,134,0,,Recap of the plot of Sinbi's Apartment: Phantom Ball: Zero - Du Beonjjae Iyagi.,[],Sinbi Apartment: Bulgeunnunui Sasin,"['Fantasy', 'Supernatural']",,,,,
246,,金陵御猫,The Royal Cat,['Movie'],1,Finished Airing,"Aug 24, 2024",,,"None found,","None found,","None found,",Original,,,,1 hr. 37 min.,PG-13 - Teens 13 or older,[],#16578,#23068,133,1,,No synopsis information has been added to this title. Help improve our database by adding a synopsis here.,[],Jinling Yu Mao,"['Adventure', 'Comedy', 'Fantasy']",['Historical'],,,,
247,,喜羊羊与灰太狼之守护,Pleasant Goat and Big Big Wolf: The World Guardians,['Movie'],1,Finished Airing,"Jul 19, 2024",,,"None found,","None found,","None found,",Original,,,['Kids'],1 hr. 38 min.,PG - Children,[],#15412,#23817,114,0,,No synopsis information has been added to this title. Help improve our database by adding a synopsis here.,[],Xi Yangyang Yu Hui Tailang Zhi Shouhu,"['Action', 'Comedy']",['Anthropomorphic'],,,,
248,,32번 대왕잉어,Number 32. Giant Fish,['Movie'],1,Finished Airing,"Sep 5, 2024",,,"None found,","None found,","None found,",Original,,,,10 min.,PG-13 - Teens 13 or older,[],#19081,#23496,121,0,,No synopsis information has been added to this title. Help improve our database by adding a synopsis here.,[],32 Beon Daewangingeo,"['Avant Garde', 'Drama']",,,,,
249,,쥬라기캅스 극장판: 전설의 고대생물을 찾아라,,['Movie'],1,Finished Airing,"Aug 15, 2024 to ?",,,"None found,","None found,","None found,",Original,['Action'],,['Kids'],1 hr. 15 min.,PG - Children,[],#16673,#25186,91,0,,No synopsis information has been added to this title. Help improve our database by adding a synopsis here.,[],Jyulagi Cops: Jeonseolui Godaesaengmuleul Chajala,,['Mecha'],,,,
250,,阿狸,Ali's Dream Castle,['Movie'],1,Finished Airing,"Aug 17, 2024",,,"None found,","None found,","None found,",Original,['Fantasy'],,['Kids'],1 hr. 33 min.,PG - Children,[],#19163,#25360,89,0,,No synopsis information has been added to this title. Help improve our database by adding a synopsis here.,[],Ali,,,,,,
251,,고라니 아이돌과 나,The Popstar Water Deer and I,['Movie'],1,Finished Airing,"Jul 6, 2024",,,"None found,","None found,","None found,",Original,['Drama'],,,17 min.,PG-13 - Teens 13 or older,[],#20840,#24832,96,0,,No synopsis information has been added to this title. Help improve our database by adding a synopsis here.,[],Golani Aidolgwa Na,,['Anthropomorphic'],,,,
252,Great Sage Subdues Demons,大圣降妖,The Monkey King Conquers Monsters,['Movie'],1,Finished Airing,"Sep 15, 2024",,,"None found,","None found,","None found,",Other,,,['Kids'],1 hr. 30 min.,PG - Children,[],#20111,#25836,81,0,,No synopsis information has been added to this title. Help improve our database by adding a synopsis here.,[],Da Sheng Jiang Yao,"['Action', 'Adventure', 'Fantasy']",,,,,
253,,극장판 브레드 이발소: 빵스타의 탄생,Bread Barbershop: The Birth Of The Bread Star,['Movie'],1,Finished Airing,"Sep 12, 2024",,,"None found,","None found,","None found,",Original,,,['Kids'],1 hr. 17 min.,G - All Ages,[],#20803,#25932,80,0,,No synopsis information has been added to this title. Help improve our database by adding a synopsis here.,[],Geugjangpan Beuledeu Movie: Ppangseutaui Tansaeng,"['Comedy', 'Fantasy']",['Anthropomorphic'],,,,
254,,森林飞侠,Heho in Forest,['Movie'],1,Finished Airing,"Sep 15, 2024",,,"None found,","None found,","None found,",Original,,,['Kids'],1 hr. 21 min.,PG - Children,[],#13961,#26296,75,0,,No synopsis information has been added to this title. Help improve our database by adding a synopsis here.,[],Senlin Fei Xia,"['Adventure', 'Fantasy']",,,,,
255,"책상 벌레, Chaegsang Beolle",DESK BUGS,,['Movie'],1,Finished Airing,"Jul 18, 2024",,,"None found,","None found,",['STUDIO 8 DOGS'],Original,['Avant Garde'],,,3 min.,G - All Ages,[],#20234,#26836,71,0,,"A bright red desk and a blue pencil. Skulls, cups, and a modular synthesizer. When you sit at the desk, they appear. With fluffy purple bodies, they're called ""Desk Bugs."" (Source: Fantasia Film Festival)",[],Desk Bugs,,['Music'],,,,
256,"That Time I got Reincarnated as a Slime Episode 65.5, Tensei shitara Slime Datta Ken Recap, Tensura Recap",転生したらスライムだった件 閑話:ルミナスメモリーズ,That Time I Got Reincarnated as a Slime Season 3: Digression - Luminous Memories,['TV Special'],1,Finished Airing,"Aug 10, 2024",,,"None found,","None found,",['8bit'],['Manga'],,,,24 min.,PG-13 - Teens 13 or older,6.49,#7146,#5281,"18,638",17,6081,"Recap of Tensei shitara Slime Datta Ken 3rd Season. Rimuru and Hinata, despite both holding similar values, fought fiercely. What happened behind the scenes of this complicated situation? From the perspective of Luminous Valentine, the one and only God of the Holy Empire of Lubelius and one of the Octagram Demon Lords. The details of the ""Holy Demon Battle"" are told, as well as some secret that she has never told anyone.",[],Tensei shitara Slime Datta Ken: Kanwa - Luminous Memories,"['Action', 'Adventure', 'Comedy', 'Fantasy']",['Isekai'],,,,
257,"NieR:Automata Ver1.1a: Chapter.13-18 Investigation Report, NieR:Automata Ver1.1a Part 2 Episode 18.5, NieR:Automata Ver1.1a (Cour 2) Episode 18.5, NieR:Automata Ver1.1a Part 2 Recap",NieR:Automata Ver1.1a Chapter.13-18 調査レポート,NieR:Automata Ver1.1a (Cour 2): Investigation Report,['TV Special'],1,Finished Airing,"Aug 16, 2024",,,"None found,","None found,",['A-1 Pictures'],Game,,,,23 min.,PG-13 - Teens 13 or older,6.44,#7484,#11157,"2,492",3,1040,Recap of the first six episodes of NieR:Automata Ver1.1a Part 2.,[],NieR:Automata Ver1.1a Part 2: Chapter. 13-18 Chousa Report,"['Action', 'Fantasy', 'Sci-Fi']",,,,,
258,"Muscleman, Musculman",キン肉マン 完璧超人始祖編 第0話,Kinnikuman: Perfect Origin Arc Episode 0,['TV Special'],1,Finished Airing,"Jul 7, 2024",,,"['Toei Animation', 'Pony Canyon', 'Shueisha', 'BS11', 'ADK Emotions']","None found,",['Production I.G'],['Manga'],,,['Shounen'],23 min.,PG-13 - Teens 13 or older,6.49,#7124,#11556,"2,215",0,939,Episode 0 of Kinnikuman: Kanpeki Chоujin Shiso-hen.,"['Sequel (TV) Kinnikuman: Kanpeki Chоujin Shiso-hen', 'Adaptation (Manga) Kinnikuman']",Kinnikuman: Kanpeki Chоujin Shiso-hen Episode 0,"['Comedy', 'Sports']",['Combat Sports'],,,,
259,"One Piece Recap, One Piece Special",荒ぶる変革の記録[ログ] 暗躍する革命軍!,One Piece: The Log of the Turbulent Revolution - The Revolutionary Army Maneuvers in Secret!,['TV Special'],1,Finished Airing,"Aug 25, 2024",,,"None found,","None found,",['Toei Animation'],['Manga'],,,['Shounen'],23 min.,PG-13 - Teens 13 or older,6.38,#7837,#11747,"2,090",0,972,The fourth recap special of the Egghead arc. It follows the actions of the Revolutionary Army.,[],One Piece: Araburu Henkaku no Log: Anyaku Suru Kakumeigun!,"['Action', 'Adventure', 'Comedy', 'Fantasy']",,,,,
260,"Nige Jouzu no Wakagimi Episode 9.5, Nige Jouzu no Wakagimi Recap, The Elusive Samurai Episode 9.5, The Elusive Samurai Recap, Nigewaka Recap",逃げ上手の若君: 幕間（1333年-1334年）「歴史」,"The Elusive Samurai: Interlude (1333-1334) ""History""",['TV Special'],1,Finished Airing,"Sep 7, 2024",,,"None found,","None found,",['CloverWorks'],['Manga'],,"['Historical', 'Samurai']",['Shounen'],23 min.,R - 17+ (violence & profanity),6.19,#8887,#12018,"1,929",10,927,Recap of the first nine episodes of Nige Jouzu no Wakagimi.,[],"Nige Jouzu no Wakagimi: Makuai (1333-nen - 1334-nen) ""Rekishi""","['Adventure', 'Comedy']",,,,,
261,,ハズレ枠の【状態異常スキル】で最強になった俺がすべてを蹂躙するまで 総集編,,['TV Special'],1,Finished Airing,"Aug 16, 2024",,,"None found,","None found,",['Seven Arcs'],['Light novel'],,,,24 min.,PG-13 - Teens 13 or older,6.01,#9904,#12183,"1,829",4,628,"Recap of the first six episodes of Hazurewaku no ""Joutai Ijou Skill"" de Saikyou ni Natta Ore ga Subete wo Juurin suru made.",[],"Hazurewaku no ""Joutai Ijou Skill"" de Saikyou ni Natta Ore ga Subete wo Juurin suru made Recap","['Action', 'Adventure', 'Fantasy']",['Isekai'],,,,
262,"One Piece Recap, One Piece Special",揺るがぬ正義! 海軍の誇り高き記録[ログ]!,One Piece: Unwavering Justice! The Navy's Proud Log!,['TV Special'],1,Finished Airing,"Sep 29, 2024",,,"None found,","None found,",['Toei Animation'],['Manga'],,,['Shounen'],23 min.,PG-13 - Teens 13 or older,6.46,#7319,#12620,"1,580",0,769,The fifth recap special of the Egghead arc.,[],One Piece: Yuruganu Seigi! Kaigun no Hokoritakaki Log!,"['Action', 'Adventure', 'Comedy', 'Fantasy']",,,,,
263,Sengoku Youko: Senma Konton-hen Episode 0,戦国妖狐 世直し姉弟編,Sengoku Youko Recap,['TV Special'],1,Finished Airing,"Jul 4, 2024",,,"None found,","None found,",['White Fox'],['Manga'],,"['Historical', 'Mythology']",['Shounen'],23 min.,PG-13 - Teens 13 or older,6.22,#8731,#14674,892,2,318,Recap of the events of Sengoku Youko: Yonaoshi Kyoudai-hen that was broadcast before the airing of the second season. It was also included with the BD release of the series.,"['Sequel (TV) Sengoku Youko: Senma Konton-hen', '']",Sengoku Youko: Yonaoshi Kyoudai-hen Recap,"['Action', 'Adventure', 'Fantasy']",,,,,
264,Sengoku Youko: Senma Konton-hen Episode 10.5,戦国妖狐　千魔混沌編,Sengoku Youko 2nd Season Recap,['TV Special'],1,Finished Airing,"Sep 26, 2024",,,"None found,","None found,",['White Fox'],['Manga'],,"['Historical', 'Mythology']",,23 min.,PG-13 - Teens 13 or older,6.13,#9221,#15440,711,0,269,Recap of the first ten episodes of Sengoku Youko: Senma Konton-hen.,[],Sengoku Youko: Senma Konton-hen Recap,"['Action', 'Adventure', 'Fantasy']",,,,,
265,"Shinkalion: Change the World Recap, Shinkalion: Change the World Lost Memories",シンカリオン チェンジ ザ ワールド失われた記憶,,['TV Special'],1,Finished Airing,"Jul 7, 2024",,,"None found,","None found,","['Production I.G', 'Signal.MD']",Other,,,['Kids'],23 min.,PG-13 - Teens 13 or older,[],#14247,#15818,641,1,,"""How did it end up like this... Where did I end up, and what did I do...?"" As the driver of the Phantom Shinkalion, Ina stood in front of Taisei and the others. What was Ina doing behind the scenes of the battle with Taisei and the others? A special edition looking back on the past from Ina's perspective. (Source: Shinkalion Wiki)",[],Shinkalion: Change the World - Ushinawareta Kioku,"['Action', 'Sci-Fi']",['Mecha'],,,,
266,The 500 Million Yen Button,5億年ボタン,,['TV Special'],2,Finished Airing,"Sep 30, 2024 to Dec 28, 2024",,,"None found,","None found,",['Studio Sota'],Other,,,,22 min. per ep.,PG-13 - Teens 13 or older,[],#19086,#21600,195,1,,Episodes 13 and 14 of 5-Okunen Button.,"['Prequel (TV) 5-Okunen Button', '']",5-Okunen Button (TV Special),"['Comedy', 'Sci-Fi']",,,,,
267,,헬로카봇 올스타 스페셜,,['TV Special'],1,Finished Airing,"Jul 31, 2024",,,"None found,","None found,","None found,",Original,['Action'],"['Mecha', 'Racing']",['Kids'],1 hr. 7 min.,G - All Ages,[],#21119,#26070,78,0,,No synopsis information has been added to this title. Help improve our database by adding a synopsis here.,[],Hello Carbot Allstar Special,,,,,,
