ID,Title,Link,Type,Season,Year,Character,CharacterLink,CharacterID,CharacterRole,CharacterFavorites
54757,3-nen Z-gumi Ginpachi-sensei,https://myanimelist.net/anime/54757/3-nen_Z-gumi_Ginpachi-sensei,TV,Fall,2025,"Katsura, Kotarou",https://myanimelist.net/character/1533/Kotarou_Katsura,1533,Supporting,9097
58964,Ninja Batman tai Yakuza League,https://myanimelist.net/anime/58964/Ninja_Batman_tai_Yakuza_League,Movie,,2025,"Todd, Jason",https://myanimelist.net/character/158814/Jason_Todd,158814,Supporting,9
57616,Kimi no Koto ga Daidaidaidaidaisuki na 100-nin no Kanojo 2nd Season,https://myanimelist.net/anime/57616/Kimi_no_Koto_ga_Daidaidaidaidaisuki_na_100-nin_no_Kanojo_2nd_Season,TV,Winter,2025,Hakari's Father,https://myanimelist.net/character/189392/Hakaris_Father,189392,Supporting,1
57592,Dr. Stone: Science Future,https://myanimelist.net/anime/57592/Dr_Stone__Science_Future,TV,Winter,2025,Hyouga,https://myanimelist.net/character/178271/Hyouga,178271,Supporting,57
56701,Watashi no Shiawase na Kekkon 2nd Season,https://myanimelist.net/anime/56701/Watashi_no_Shiawase_na_Kekkon_2nd_Season,TV,Winter,2025,Takaihito,https://myanimelist.net/character/231474/Takaihito,231474,Supporting,3
58567,Ore dake Level Up na Ken Season 2: Arise from the Shadow,https://myanimelist.net/anime/58567/Ore_dake_Level_Up_na_Ken_Season_2__Arise_from_the_Shadow,TV,Winter,2025,Beru,https://myanimelist.net/character/188944/Beru,188944,Supporting,435
58600,Ameku Takao no Suiri Karte,https://myanimelist.net/anime/58600/Ameku_Takao_no_Suiri_Karte,TV,Winter,2025,"Ashiya, Yuuta",https://myanimelist.net/character/263184/Yuuta_Ashiya,263184,Supporting,0
55823,Natsume Yuujinchou Shichi,https://myanimelist.net/anime/55823/Natsume_Yuujinchou_Shichi,TV,Fall,2024,"Natori, Shuuichi",https://myanimelist.net/character/13887/Shuuichi_Natori,13887,Supporting,197
56964,Raise wa Tanin ga Ii,https://myanimelist.net/anime/56964/Raise_wa_Tanin_ga_Ii,TV,Fall,2024,"Miyama, Kirishima",https://myanimelist.net/character/169193/Kirishima_Miyama,169193,Main,110
58137,Kagaku x Bouken Survival!,https://myanimelist.net/anime/58137/Kagaku_x_Bouken_Survival,TV,Fall,2024,Kei,https://myanimelist.net/character/209641/Kei,209641,Supporting,0
57360,Kabushikigaisha Magi-Lumière,https://myanimelist.net/anime/57360/Kabushikigaisha_Magi-Lumière,TV,Fall,2024,"Koga, Kei",https://myanimelist.net/character/216916/Kei_Koga,216916,Supporting,0
60012,Re:Zero kara Hajimeru Break Time 3rd Season,https://myanimelist.net/anime/60012/Re_Zero_kara_Hajimeru_Break_Time_3rd_Season,Special,,2024,"Corneas, Regulus",https://myanimelist.net/character/144867/Regulus_Corneas,144867,Supporting,352
54857,Re:Zero kara Hajimeru Isekai Seikatsu 3rd Season,https://myanimelist.net/anime/54857/Re_Zero_kara_Hajimeru_Isekai_Seikatsu_3rd_Season,TV,Fall,2024,"Corneas, Regulus",https://myanimelist.net/character/144867/Regulus_Corneas,144867,Supporting,352
56704,Kengan Ashura Season 2 Part 2,https://myanimelist.net/anime/56704/Kengan_Ashura_Season_2_Part_2,ONA,,2024,"Hanafusa, Hajime",https://myanimelist.net/character/157760/Hajime_Hanafusa,157760,Supporting,52
49785,Fairy Tail: 100-nen Quest,https://myanimelist.net/anime/49785/Fairy_Tail__100-nen_Quest,TV,Summer,2024,Zeref,https://myanimelist.net/character/37720/Zeref,37720,Supporting,1961
58510,Hanma Baki vs. Kengan Ashura,https://myanimelist.net/anime/58510/Hanma_Baki_vs_Kengan_Ashura,ONA,,2024,"Hanafusa, Hajime",https://myanimelist.net/character/157760/Hajime_Hanafusa,157760,Supporting,52
53865,Yozakura-san Chi no Daisakusen,https://myanimelist.net/anime/53865/Yozakura-san_Chi_no_Daisakusen,TV,Spring,2024,"Hadota, Asuka",https://myanimelist.net/character/178735/Asuka_Hadota,178735,Supporting,0
53580,Tensei shitara Slime Datta Ken 3rd Season,https://myanimelist.net/anime/53580/Tensei_shitara_Slime_Datta_Ken_3rd_Season,TV,Spring,2024,"Crimson, Guy",https://myanimelist.net/character/197422/Guy_Crimson,197422,Supporting,81
58592,Tensei shitara Slime Datta Ken 3rd Season: Kanwa - Diablo Nikki,https://myanimelist.net/anime/58592/Tensei_shitara_Slime_Datta_Ken_3rd_Season__Kanwa_-_Diablo_Nikki,TV Special,,2024,"Crimson, Guy",https://myanimelist.net/character/197422/Guy_Crimson,197422,Supporting,81
55889,Watashi no Shiawase na Kekkon: Watashi no Shiawase na Katachi,https://myanimelist.net/anime/55889/Watashi_no_Shiawase_na_Kekkon__Watashi_no_Shiawase_na_Katachi,OVA,,2024,Takaihito,https://myanimelist.net/character/231474/Takaihito,231474,Supporting,3
49073,Kidou Senshi Gundam SEED Freedom,https://myanimelist.net/anime/49073/Kidou_Senshi_Gundam_SEED_Freedom,Movie,,2024,"Zala, Athrun",https://myanimelist.net/character/114/Athrun_Zala,114,Main,982
54754,Hikari no Ou 2nd Season,https://myanimelist.net/anime/54754/Hikari_no_Ou_2nd_Season,TV,Winter,2024,Hibari,https://myanimelist.net/character/219400/Hibari,219400,Supporting,1
52816,Majo to Yajuu,https://myanimelist.net/anime/52816/Majo_to_Yajuu,TV,Winter,2024,"Cugat, Matt",https://myanimelist.net/character/239015/Matt_Cugat,239015,Supporting,4
54869,High Card Season 2,https://myanimelist.net/anime/54869/High_Card_Season_2,TV,Winter,2024,"Valdenklein, Lala",https://myanimelist.net/character/243988/Lala_Valdenklein,243988,Supporting,0
48426,Kitarou Tanjou: Gegege no Nazo,https://myanimelist.net/anime/48426/Kitarou_Tanjou__Gegege_no_Nazo,Movie,,2023,"Osada, Genji",https://myanimelist.net/character/234402/Genji_Osada,234402,Supporting,0
55644,Dr. Stone: New World Part 2,https://myanimelist.net/anime/55644/Dr_Stone__New_World_Part_2,TV,Fall,2023,Hyouga,https://myanimelist.net/character/178271/Hyouga,178271,Supporting,57
54714,Kimi no Koto ga Daidaidaidaidaisuki na 100-nin no Kanojo,https://myanimelist.net/anime/54714/Kimi_no_Koto_ga_Daidaidaidaidaisuki_na_100-nin_no_Kanojo,TV,Fall,2023,Hakari's Father,https://myanimelist.net/character/189392/Hakaris_Father,189392,Supporting,1
51956,Paradox Live the Animation,https://myanimelist.net/anime/51956/Paradox_Live_the_Animation,TV,Fall,2023,Doctor,https://myanimelist.net/character/239726/Doctor,239726,Supporting,0
51369,Kengan Ashura Season 2,https://myanimelist.net/anime/51369/Kengan_Ashura_Season_2,ONA,,2023,"Hanafusa, Hajime",https://myanimelist.net/character/157760/Hajime_Hanafusa,157760,Supporting,52
54898,Bungou Stray Dogs 5th Season,https://myanimelist.net/anime/54898/Bungou_Stray_Dogs_5th_Season,TV,Summer,2023,"Dostoyevsky, Fyodor",https://myanimelist.net/character/132964/Fyodor_Dostoyevsky,132964,Supporting,2105
51020,Helck,https://myanimelist.net/anime/51020/Helck,TV,Summer,2023,Hon,https://myanimelist.net/character/155101/Hon,155101,Supporting,2
51552,Watashi no Shiawase na Kekkon,https://myanimelist.net/anime/51552/Watashi_no_Shiawase_na_Kekkon,TV,Summer,2023,Takaihito,https://myanimelist.net/character/231474/Takaihito,231474,Supporting,3
54738,Majutsushi Orphen Hagure Tabi: Seiiki-hen,https://myanimelist.net/anime/54738/Majutsushi_Orphen_Hagure_Tabi__Seiiki-hen,TV,Spring,2023,Armagest,https://myanimelist.net/character/223465/Armagest,223465,Supporting,1
52308,Kanojo ga Koushaku-tei ni Itta Riyuu,https://myanimelist.net/anime/52308/Kanojo_ga_Koushaku-tei_ni_Itta_Riyuu,TV,Spring,2023,"Demint, Heika",https://myanimelist.net/character/207414/Heika_Demint,207414,Supporting,49
51019,Kimetsu no Yaiba: Katanakaji no Sato-hen,https://myanimelist.net/anime/51019/Kimetsu_no_Yaiba__Katanakaji_no_Sato-hen,TV,Spring,2023,Akaza,https://myanimelist.net/character/174147/Akaza,174147,Supporting,2132
54259,Rokudou no Onna-tachi,https://myanimelist.net/anime/54259/Rokudou_no_Onna-tachi,TV,Spring,2023,"Kijima, Kouta",https://myanimelist.net/character/154304/Kouta_Kijima,154304,Main,1
52955,Mahoutsukai no Yome Season 2,https://myanimelist.net/anime/52955/Mahoutsukai_no_Yome_Season_2,TV,Spring,2023,Will o' The Wisp,https://myanimelist.net/character/156877/Will_o_039__The_Wisp,156877,Supporting,13
53097,Tokyo Mew Mew New ♡ 2nd Season,https://myanimelist.net/anime/53097/Tokyo_Mew_Mew_New_♡_2nd_Season,TV,Spring,2023,"Aizawa, Seiji",https://myanimelist.net/character/211424/Seiji_Aizawa,211424,Supporting,0
45486,Kuma Kuma Kuma Bear Punch!,https://myanimelist.net/anime/45486/Kuma_Kuma_Kuma_Bear_Punch,TV,Spring,2023,King,https://myanimelist.net/character/227450/King,227450,Supporting,0
54040,Tousouchuu: Great Mission,https://myanimelist.net/anime/54040/Tousouchuu__Great_Mission,TV,Spring,2023,"Phoenix, Sid",https://myanimelist.net/character/246993/Sid_Phoenix,246993,Supporting,0
53162,Majutsushi Orphen Hagure Tabi: Urbanrama-hen,https://myanimelist.net/anime/53162/Majutsushi_Orphen_Hagure_Tabi__Urbanrama-hen,TV,Winter,2023,Armagest,https://myanimelist.net/character/223465/Armagest,223465,Supporting,1
43760,Hikari no Ou,https://myanimelist.net/anime/43760/Hikari_no_Ou,TV,Winter,2023,Hibari,https://myanimelist.net/character/219400/Hibari,219400,Supporting,1
41514,Itai no wa Iya nanode Bougyoryoku ni Kyokufuri Shitai to Omoimasu. 2,https://myanimelist.net/anime/41514/Itai_no_wa_Iya_nanode_Bougyoryoku_ni_Kyokufuri_Shitai_to_Omoimasu_2,TV,Winter,2023,Markus,https://myanimelist.net/character/193249/Markus,193249,Supporting,2
49109,Kami-tachi ni Hirowareta Otoko 2nd Season,https://myanimelist.net/anime/49109/Kami-tachi_ni_Hirowareta_Otoko_2nd_Season,TV,Winter,2023,Koukin,https://myanimelist.net/character/220684/Koukin,220684,Supporting,0
50330,Bungou Stray Dogs 4th Season,https://myanimelist.net/anime/50330/Bungou_Stray_Dogs_4th_Season,TV,Winter,2023,"Dostoyevsky, Fyodor",https://myanimelist.net/character/132964/Fyodor_Dostoyevsky,132964,Supporting,2105
50010,Meitantei Conan: Hannin no Hanzawa-san,https://myanimelist.net/anime/50010/Meitantei_Conan__Hannin_no_Hanzawa-san,TV,Fall,2022,"Hakuba, Saguru",https://myanimelist.net/character/12129/Saguru_Hakuba,12129,Supporting,51
50528,Golden Kamuy 4th Season,https://myanimelist.net/anime/50528/Golden_Kamuy_4th_Season,TV,Fall,2022,"Matsuda, Heita",https://myanimelist.net/character/229748/Heita_Matsuda,229748,Supporting,0
50590,Koukyuu no Karasu,https://myanimelist.net/anime/50590/Koukyuu_no_Karasu,TV,Fall,2022,"Hou, Shougetsu",https://myanimelist.net/character/220783/Shougetsu_Hou,220783,Supporting,0
49533,Uchi no Shishou wa Shippo ga Nai,https://myanimelist.net/anime/49533/Uchi_no_Shishou_wa_Shippo_ga_Nai,TV,Fall,2022,"Ebisuya, Utaroku",https://myanimelist.net/character/211950/Utaroku_Ebisuya,211950,Supporting,0
51064,Kuro no Shoukanshi,https://myanimelist.net/anime/51064/Kuro_no_Shoukanshi,TV,Summer,2022,"Faze, Tristan",https://myanimelist.net/character/217296/Tristan_Faze,217296,Supporting,0
41589,Tokyo Mew Mew New ♡,https://myanimelist.net/anime/41589/Tokyo_Mew_Mew_New_♡,TV,Summer,2022,"Aizawa, Seiji",https://myanimelist.net/character/211424/Seiji_Aizawa,211424,Supporting,0
48624,Re:cycle of the Penguindrum,https://myanimelist.net/anime/48624/Re_cycle_of_the_Penguindrum,Movie,,2022,"Tabuki, Keiju",https://myanimelist.net/character/44312/Keiju_Tabuki,44312,Supporting,4
48760,"Gaikotsu Kishi-sama, Tadaima Isekai e Odekakechuu",https://myanimelist.net/anime/48760/Gaikotsu_Kishi-sama_Tadaima_Isekai_e_Odekakechuu,TV,Spring,2022,Domitianus,https://myanimelist.net/character/207471/Domitianus,207471,Supporting,1
50461,Otome Game Sekai wa Mob ni Kibishii Sekai desu,https://myanimelist.net/anime/50461/Otome_Game_Sekai_wa_Mob_ni_Kibishii_Sekai_desu,TV,Spring,2022,Luxion,https://myanimelist.net/character/194783/Luxion,194783,Supporting,96
51183,Yin Yang Shi: Ping An Wu Yu 3rd Season,https://myanimelist.net/anime/51183/Yin_Yang_Shi__Ping_An_Wu_Yu_3rd_Season,ONA,,2022,Hangan,https://myanimelist.net/character/227597/Hangan,227597,Supporting,0
49114,Vanitas no Karte Part 2,https://myanimelist.net/anime/49114/Vanitas_no_Karte_Part_2,TV,Winter,2022,The Teacher,https://myanimelist.net/character/142957/The_Teacher,142957,Supporting,8
42072,Kenja no Deshi wo Nanoru Kenja,https://myanimelist.net/anime/42072/Kenja_no_Deshi_wo_Nanoru_Kenja,TV,Winter,2022,White Hood,https://myanimelist.net/character/244561/White_Hood,244561,Supporting,0
49969,Tribe Nine,https://myanimelist.net/anime/49969/Tribe_Nine,TV,Winter,2022,"Kamiya, Shun",https://myanimelist.net/character/202213/Shun_Kamiya,202213,Main,16
42892,Baraou no Souretsu,https://myanimelist.net/anime/42892/Baraou_no_Souretsu,TV,Winter,2022,Richmond,https://myanimelist.net/character/212801/Richmond,212801,Supporting,0
45783,Saiyuuki Reload: Zeroin,https://myanimelist.net/anime/45783/Saiyuuki_Reload__Zeroin,TV,Winter,2022,"Cho, Hakkai",https://myanimelist.net/character/219/Hakkai_Cho,219,Main,349
50770,Vanitas no Karte: Le Chemin Parcouru Depuis la Rencontre,https://myanimelist.net/anime/50770/Vanitas_no_Karte__Le_Chemin_Parcouru_Depuis_la_Rencontre,Special,,2021,The Teacher,https://myanimelist.net/character/142957/The_Teacher,142957,Supporting,8
47778,Kimetsu no Yaiba: Yuukaku-hen,https://myanimelist.net/anime/47778/Kimetsu_no_Yaiba__Yuukaku-hen,TV,Winter,2022,Akaza,https://myanimelist.net/character/174147/Akaza,174147,Supporting,2132
49040,Lupin III: Part 6,https://myanimelist.net/anime/49040/Lupin_III__Part_6,TV,Fall,2021,"Moriarty, James",https://myanimelist.net/character/207553/James_Moriarty,207553,Supporting,0
49926,Kimetsu no Yaiba: Mugen Ressha-hen,https://myanimelist.net/anime/49926/Kimetsu_no_Yaiba__Mugen_Ressha-hen,TV,Fall,2021,Akaza,https://myanimelist.net/character/174147/Akaza,174147,Supporting,2132
44940,World Trigger 3rd Season,https://myanimelist.net/anime/44940/World_Trigger_3rd_Season,TV,Fall,2021,"Ouji, Kazuaki",https://myanimelist.net/character/193669/Kazuaki_Ouji,193669,Supporting,5
49515,Digimon Ghost Game,https://myanimelist.net/anime/49515/Digimon_Ghost_Game,TV,Fall,2021,"Higashimitarai, Kiyoshirou",https://myanimelist.net/character/201851/Kiyoshirou_Higashimitarai,201851,Main,8
40434,Mo Dao Zu Shi: Wanjie Pian,https://myanimelist.net/anime/40434/Mo_Dao_Zu_Shi__Wanjie_Pian,ONA,,2021,"Jin, Guangyao",https://myanimelist.net/character/172184/Guangyao_Jin,172184,Supporting,63
42625,Heion Sedai no Idaten-tachi,https://myanimelist.net/anime/42625/Heion_Sedai_no_Idaten-tachi,TV,Summer,2021,Prontea,https://myanimelist.net/character/200078/Prontea,200078,Supporting,22
49275,Renou Xueyuan,https://myanimelist.net/anime/49275/Renou_Xueyuan,ONA,,2021,"Apocalypse, Otto",https://myanimelist.net/character/184375/Otto_Apocalypse,184375,Supporting,72
41487,Tensei shitara Slime Datta Ken 2nd Season Part 2,https://myanimelist.net/anime/41487/Tensei_shitara_Slime_Datta_Ken_2nd_Season_Part_2,TV,Summer,2021,"Crimson, Guy",https://myanimelist.net/character/197422/Guy_Crimson,197422,Supporting,81
48580,Vanitas no Karte,https://myanimelist.net/anime/48580/Vanitas_no_Karte,TV,Summer,2021,The Teacher,https://myanimelist.net/character/142957/The_Teacher,142957,Supporting,8
40752,Bishounen Tanteidan,https://myanimelist.net/anime/40752/Bishounen_Tanteidan,TV,Spring,2021,"Soutouin, Odoru",https://myanimelist.net/character/198499/Odoru_Soutouin,198499,Supporting,0
41265,Mars Red,https://myanimelist.net/anime/41265/Mars_Red,TV,Spring,2021,Takeuchi,https://myanimelist.net/character/179324/Takeuchi,179324,Main,22
42938,Fruits Basket: The Final,https://myanimelist.net/anime/42938/Fruits_Basket__The_Final,TV,Spring,2021,"Souma, Akira",https://myanimelist.net/character/194137/Akira_Souma,194137,Supporting,1
3786,Shin Evangelion Movie:||,https://myanimelist.net/anime/3786/Shin_Evangelion_Movie_||,Movie,,2021,"Nagisa, Kaworu",https://myanimelist.net/character/1261/Kaworu_Nagisa,1261,Main,9121
40852,Dr. Stone: Stone Wars,https://myanimelist.net/anime/40852/Dr_Stone__Stone_Wars,TV,Winter,2021,Hyouga,https://myanimelist.net/character/178271/Hyouga,178271,Supporting,57
41491,Nanatsu no Taizai: Funnu no Shinpan,https://myanimelist.net/anime/41491/Nanatsu_no_Taizai__Funnu_no_Shinpan,TV,Winter,2021,Ludociel,https://myanimelist.net/character/161750/Ludociel,161750,Supporting,11
40908,Kemono Jihen,https://myanimelist.net/anime/40908/Kemono_Jihen,TV,Winter,2021,"Tademaru, Akio",https://myanimelist.net/character/193204/Akio_Tademaru,193204,Supporting,0
40907,World Trigger 2nd Season,https://myanimelist.net/anime/40907/World_Trigger_2nd_Season,TV,Winter,2021,"Ouji, Kazuaki",https://myanimelist.net/character/193669/Kazuaki_Ouji,193669,Supporting,5
39586,Hataraku Saibou!!,https://myanimelist.net/anime/39586/Hataraku_Saibou,TV,Winter,2021,Gan Saibou,https://myanimelist.net/character/163975/Gan_Saibou,163975,Supporting,41
39486,Gintama: The Final,https://myanimelist.net/anime/39486/Gintama__The_Final,Movie,,2021,"Katsura, Kotarou",https://myanimelist.net/character/1533/Kotarou_Katsura,1533,Supporting,9097
42203,Re:Zero kara Hajimeru Isekai Seikatsu 2nd Season Part 2,https://myanimelist.net/anime/42203/Re_Zero_kara_Hajimeru_Isekai_Seikatsu_2nd_Season_Part_2,TV,Winter,2021,"Corneas, Regulus",https://myanimelist.net/character/144867/Regulus_Corneas,144867,Supporting,352
44129,Mars Red: Zero Kikan Nippou,https://myanimelist.net/anime/44129/Mars_Red__Zero_Kikan_Nippou,ONA,,2020,Takeuchi,https://myanimelist.net/character/179324/Takeuchi,179324,Main,22
39585,Majo Minarai wo Sagashite,https://myanimelist.net/anime/39585/Majo_Minarai_wo_Sagashite,Movie,,2020,"Yabe, Hayato",https://myanimelist.net/character/253399/Hayato_Yabe,253399,Supporting,0
40456,Kimetsu no Yaiba Movie: Mugen Ressha-hen,https://myanimelist.net/anime/40456/Kimetsu_no_Yaiba_Movie__Mugen_Ressha-hen,Movie,,2020,Akaza,https://myanimelist.net/character/174147/Akaza,174147,Supporting,2132
43555,Dr. Stone: Stone Wars - Kaisen Zenya Special Eizou,https://myanimelist.net/anime/43555/Dr_Stone__Stone_Wars_-_Kaisen_Zenya_Special_Eizou,Special,,2020,Hyouga,https://myanimelist.net/character/178271/Hyouga,178271,Supporting,57
40974,Kuma Kuma Kuma Bear,https://myanimelist.net/anime/40974/Kuma_Kuma_Kuma_Bear,TV,Fall,2020,King,https://myanimelist.net/character/227450/King,227450,Supporting,0
40359,Ikebukuro West Gate Park,https://myanimelist.net/anime/40359/Ikebukuro_West_Gate_Park,TV,Fall,2020,"Hayama, Tsukasa",https://myanimelist.net/character/244970/Tsukasa_Hayama,244970,Supporting,0
40906,Dragon Quest: Dai no Daibouken (2020),https://myanimelist.net/anime/40906/Dragon_Quest__Dai_no_Daibouken_2020,TV,Fall,2020,Larhalt,https://myanimelist.net/character/14624/Larhalt,14624,Supporting,5
42387,"Hataraku Saibou!! Saikyou no Teki, Futatabi. Karada no Naka wa ""Chou"" Oosawagi!",https://myanimelist.net/anime/42387/Hataraku_Saibou_Saikyou_no_Teki_Futatabi_Karada_no_Naka_wa_Chou_Oosawagi,Movie,,2020,Gan Saibou,https://myanimelist.net/character/163975/Gan_Saibou,163975,Supporting,41
41734,Jintai no Survival!,https://myanimelist.net/anime/41734/Jintai_no_Survival,Movie,,2020,Kei,https://myanimelist.net/character/209641/Kei,209641,Main,0
42206,Nu Wushen de Canzhuo II,https://myanimelist.net/anime/42206/Nu_Wushen_de_Canzhuo_II,ONA,,2020,"Apocalypse, Otto",https://myanimelist.net/character/184375/Otto_Apocalypse,184375,Supporting,72
40540,Sword Art Online: Alicization - War of Underworld 2nd Season,https://myanimelist.net/anime/40540/Sword_Art_Online__Alicization_-_War_of_Underworld_2nd_Season,TV,Summer,2020,"Miller, Gabriel",https://myanimelist.net/character/119629/Gabriel_Miller,119629,Supporting,24
39587,Re:Zero kara Hajimeru Isekai Seikatsu 2nd Season,https://myanimelist.net/anime/39587/Re_Zero_kara_Hajimeru_Isekai_Seikatsu_2nd_Season,TV,Summer,2020,"Corneas, Regulus",https://myanimelist.net/character/144867/Regulus_Corneas,144867,Supporting,352
41341,Sword Art Online: Alicization - War of Underworld Recap,https://myanimelist.net/anime/41341/Sword_Art_Online__Alicization_-_War_of_Underworld_Recap,TV Special,,2020,"Miller, Gabriel",https://myanimelist.net/character/119629/Gabriel_Miller,119629,Supporting,24
40902,Shokugeki no Souma: Gou no Sara,https://myanimelist.net/anime/40902/Shokugeki_no_Souma__Gou_no_Sara,TV,Spring,2020,"Tsukasa, Eishi",https://myanimelist.net/character/129045/Eishi_Tsukasa,129045,Supporting,272
40942,Gundam Build Divers Re:Rise 2nd Season,https://myanimelist.net/anime/40942/Gundam_Build_Divers_Re_Rise_2nd_Season,ONA,,2020,Alus,https://myanimelist.net/character/183305/Alus,183305,Supporting,0
40602,7 Seeds 2nd Season,https://myanimelist.net/anime/40602/7_Seeds_2nd_Season,ONA,,2020,"Yamori, Chimaki",https://myanimelist.net/character/19136/Chimaki_Yamori,19136,Supporting,0
39222,Move to the Future,https://myanimelist.net/anime/39222/Move_to_the_Future,CM,,2020,Arbot,https://myanimelist.net/character/197669/Arbot,197669,Main,0
38790,Itai no wa Iya nanode Bougyoryoku ni Kyokufuri Shitai to Omoimasu.,https://myanimelist.net/anime/38790/Itai_no_wa_Iya_nanode_Bougyoryoku_ni_Kyokufuri_Shitai_to_Omoimasu,TV,Winter,2020,Markus,https://myanimelist.net/character/193249/Markus,193249,Supporting,2
38656,Darwin's Game,https://myanimelist.net/anime/38656/Darwins_Game,TV,Winter,2020,Oboro,https://myanimelist.net/character/150240/Oboro,150240,Supporting,2
40269,Kengan Ashura Part 2,https://myanimelist.net/anime/40269/Kengan_Ashura_Part_2,ONA,,2019,"Hanafusa, Hajime",https://myanimelist.net/character/157760/Hajime_Hanafusa,157760,Supporting,52
39597,Sword Art Online: Alicization - War of Underworld,https://myanimelist.net/anime/39597/Sword_Art_Online__Alicization_-_War_of_Underworld,TV,Fall,2019,"Miller, Gabriel",https://myanimelist.net/character/119629/Gabriel_Miller,119629,Supporting,24
39940,Shokugeki no Souma: Shin no Sara,https://myanimelist.net/anime/39940/Shokugeki_no_Souma__Shin_no_Sara,TV,Fall,2019,"Tsukasa, Eishi",https://myanimelist.net/character/129045/Eishi_Tsukasa,129045,Supporting,272
40192,Gundam Build Divers Re:Rise,https://myanimelist.net/anime/40192/Gundam_Build_Divers_Re_Rise,ONA,,2019,Alus,https://myanimelist.net/character/183305/Alus,183305,Supporting,0
39701,Nanatsu no Taizai: Kamigami no Gekirin,https://myanimelist.net/anime/39701/Nanatsu_no_Taizai__Kamigami_no_Gekirin,TV,Fall,2019,Ludociel,https://myanimelist.net/character/161750/Ludociel,161750,Supporting,11
39590,Africa no Salaryman (TV),https://myanimelist.net/anime/39590/Africa_no_Salaryman_TV,TV,Fall,2019,President Turtle,https://myanimelist.net/character/171702/President_Turtle,171702,Supporting,3
38390,Chuubyou Gekihatsu Boy,https://myanimelist.net/anime/38390/Chuubyou_Gekihatsu_Boy,TV,Fall,2019,Faust,https://myanimelist.net/character/174489/Faust,174489,Supporting,8
40323,Gintama: Monster Strike-hen,https://myanimelist.net/anime/40323/Gintama__Monster_Strike-hen,ONA,,2019,"Katsura, Kotarou",https://myanimelist.net/character/1533/Kotarou_Katsura,1533,Supporting,9097
38234,One Piece Movie 14: Stampede,https://myanimelist.net/anime/38234/One_Piece_Movie_14__Stampede,Movie,,2019,Cavendish,https://myanimelist.net/character/85649/Cavendish,85649,Supporting,62
38450,Mo Dao Zu Shi: Xian Yun Pian,https://myanimelist.net/anime/38450/Mo_Dao_Zu_Shi__Xian_Yun_Pian,ONA,,2019,"Jin, Guangyao",https://myanimelist.net/character/172184/Guangyao_Jin,172184,Supporting,63
36903,Kengan Ashura,https://myanimelist.net/anime/36903/Kengan_Ashura,ONA,,2019,"Hanafusa, Hajime",https://myanimelist.net/character/157760/Hajime_Hanafusa,157760,Supporting,52
36882,Arifureta Shokugyou de Sekai Saikyou,https://myanimelist.net/anime/36882/Arifureta_Shokugyou_de_Sekai_Saikyou,TV,Summer,2019,"Shimizu, Yukitoshi",https://myanimelist.net/character/141299/Yukitoshi_Shimizu,141299,Supporting,2
38691,Dr. Stone,https://myanimelist.net/anime/38691/Dr_Stone,TV,Summer,2019,Hyouga,https://myanimelist.net/character/178271/Hyouga,178271,Supporting,57
38735,7 Seeds,https://myanimelist.net/anime/38735/7_Seeds,ONA,,2019,"Yamori, Chimaki",https://myanimelist.net/character/19136/Chimaki_Yamori,19136,Supporting,0
40100,Nu Wushen de Canzhuo,https://myanimelist.net/anime/40100/Nu_Wushen_de_Canzhuo,ONA,,2019,"Apocalypse, Otto",https://myanimelist.net/character/184375/Otto_Apocalypse,184375,Main,72
38003,Bungou Stray Dogs 3rd Season,https://myanimelist.net/anime/38003/Bungou_Stray_Dogs_3rd_Season,TV,Spring,2019,"Dostoyevsky, Fyodor",https://myanimelist.net/character/132964/Fyodor_Dostoyevsky,132964,Supporting,2105
37435,Carole & Tuesday,https://myanimelist.net/anime/37435/Carole___Tuesday,TV,Spring,2019,Black Knight,https://myanimelist.net/character/183998/Black_Knight,183998,Supporting,0
38731,Diamond no Ace: Act II,https://myanimelist.net/anime/38731/Diamond_no_Ace__Act_II,TV,Spring,2019,"Watanabe, Hisashi",https://myanimelist.net/character/122471/Hisashi_Watanabe,122471,Supporting,3
37596,Poputepipikku TV Special,https://myanimelist.net/anime/37596/Poputepipikku_TV_Special,TV Special,,2019,Pipimi,https://myanimelist.net/character/148257/Pipimi,148257,Main,340
37441,Psycho-Pass: Sinners of the System Case.2 - First Guardian,https://myanimelist.net/anime/37441/Psycho-Pass__Sinners_of_the_System_Case2_-_First_Guardian,Movie,,2019,"Kagari, Shuusei",https://myanimelist.net/character/69055/Shuusei_Kagari,69055,Supporting,777
37086,Kakegurui××,https://myanimelist.net/anime/37086/Kakegurui××,TV,Winter,2019,"Obami, Rin",https://myanimelist.net/character/151237/Rin_Obami,151237,Supporting,12
37510,Mob Psycho 100 II,https://myanimelist.net/anime/37510/Mob_Psycho_100_II,TV,Winter,2019,"Mogami, Keiji",https://myanimelist.net/character/156873/Keiji_Mogami,156873,Supporting,52
37958,Fukigen na Mononokean Tsuzuki,https://myanimelist.net/anime/37958/Fukigen_na_Mononokean_Tsuzuki,TV,Winter,2019,"Ashiya, Sakae",https://myanimelist.net/character/172225/Sakae_Ashiya,172225,Supporting,2
38360,Drifters: The Outlandish Knight,https://myanimelist.net/anime/38360/Drifters__The_Outlandish_Knight,OVA,,2018,"Yoshitsune, Minamoto no",https://myanimelist.net/character/43712/Minamoto_no_Yoshitsune,43712,Supporting,6
35972,Fairy Tail: Final Series,https://myanimelist.net/anime/35972/Fairy_Tail__Final_Series,TV,Fall,2018,Zeref,https://myanimelist.net/character/37720/Zeref,37720,Supporting,1961
36474,Sword Art Online: Alicization,https://myanimelist.net/anime/36474/Sword_Art_Online__Alicization,TV,Fall,2018,"Miller, Gabriel",https://myanimelist.net/character/119629/Gabriel_Miller,119629,Supporting,24
37657,Gakuen Basara,https://myanimelist.net/anime/37657/Gakuen_Basara,TV,Fall,2018,"Takenaka, Hanbei",https://myanimelist.net/character/31983/Hanbei_Takenaka,31983,Supporting,31
36538,Natsume Yuujinchou Movie: Utsusemi ni Musubu,https://myanimelist.net/anime/36538/Natsume_Yuujinchou_Movie__Utsusemi_ni_Musubu,Movie,,2018,"Natori, Shuuichi",https://myanimelist.net/character/13887/Shuuichi_Natori,13887,Supporting,197
37601,Lord of Vermilion: Guren no Ou,https://myanimelist.net/anime/37601/Lord_of_Vermilion__Guren_no_Ou,TV,Summer,2018,"Jumonji, Suruga",https://myanimelist.net/character/164532/Suruga_Jumonji,164532,Supporting,1
37662,Shinya! Tensai Bakabon,https://myanimelist.net/anime/37662/Shinya_Tensai_Bakabon,TV,Summer,2018,Rerere no Ojisan,https://myanimelist.net/character/51533/Rerere_no_Ojisan,51533,Supporting,3
35834,Angolmois: Genkou Kassenki,https://myanimelist.net/anime/35834/Angolmois__Genkou_Kassenki,TV,Summer,2018,Antokutei,https://myanimelist.net/character/164217/Antokutei,164217,Supporting,0
37491,Gintama. Shirogane no Tamashii-hen - Kouhan-sen,https://myanimelist.net/anime/37491/Gintama_Shirogane_no_Tamashii-hen_-_Kouhan-sen,TV,Summer,2018,"Katsura, Kotarou",https://myanimelist.net/character/1533/Kotarou_Katsura,1533,Supporting,9097
37141,Hataraku Saibou,https://myanimelist.net/anime/37141/Hataraku_Saibou,TV,Summer,2018,Gan Saibou,https://myanimelist.net/character/163975/Gan_Saibou,163975,Supporting,41
37210,Isekai Maou to Shoukan Shoujo no Dorei Majutsu,https://myanimelist.net/anime/37210/Isekai_Maou_to_Shoukan_Shoujo_no_Dorei_Majutsu,TV,Summer,2018,"L. Greenwood, Keera",https://myanimelist.net/character/163315/Keera_L_Greenwood,163315,Supporting,0
37338,Chuukan Kanriroku Tonegawa,https://myanimelist.net/anime/37338/Chuukan_Kanriroku_Tonegawa,TV,Summer,2018,"Ogino, Keiichi",https://myanimelist.net/character/166445/Keiichi_Ogino,166445,Supporting,2
36517,Ninja Batman,https://myanimelist.net/anime/36517/Ninja_Batman,Movie,,2018,"Todd, Jason",https://myanimelist.net/character/158814/Jason_Todd,158814,Supporting,9
38112,Tales of Puppet,https://myanimelist.net/anime/38112/Tales_of_Puppet,ONA,,2018,"Hershel, Rid",https://myanimelist.net/character/2500/Rid_Hershel,2500,Main,18
36949,Shokugeki no Souma: San no Sara - Tootsuki Ressha-hen,https://myanimelist.net/anime/36949/Shokugeki_no_Souma__San_no_Sara_-_Tootsuki_Ressha-hen,TV,Spring,2018,"Tsukasa, Eishi",https://myanimelist.net/character/129045/Eishi_Tsukasa,129045,Supporting,272
37036,Binan Koukou Chikyuu Bouei-bu Happy Kiss!,https://myanimelist.net/anime/37036/Binan_Koukou_Chikyuu_Bouei-bu_Happy_Kiss,TV,Spring,2018,"Sai, Gorou",https://myanimelist.net/character/179518/Gorou_Sai,179518,Supporting,0
35928,Devils Line,https://myanimelist.net/anime/35928/Devils_Line,TV,Spring,2018,"Ishimaru, Megumi",https://myanimelist.net/character/159024/Megumi_Ishimaru,159024,Supporting,13
36902,Mahou Shoujo Ore,https://myanimelist.net/anime/36902/Mahou_Shoujo_Ore,TV,Spring,2018,"Fujimoto, Rokugou",https://myanimelist.net/character/161498/Rokugou_Fujimoto,161498,Supporting,0
33531,Juushinki Pandora,https://myanimelist.net/anime/33531/Juushinki_Pandora,TV,Spring,2018,"Ron, Wu",https://myanimelist.net/character/160372/Wu_Ron,160372,Supporting,0
34944,Bungou Stray Dogs: Dead Apple,https://myanimelist.net/anime/34944/Bungou_Stray_Dogs__Dead_Apple,Movie,,2018,"Dostoyevsky, Fyodor",https://myanimelist.net/character/132964/Fyodor_Dostoyevsky,132964,Supporting,2105
37272,Kujira no Kora wa Sajou ni Manabu!,https://myanimelist.net/anime/37272/Kujira_no_Kora_wa_Sajou_ni_Manabu,Special,,2018,Oruka,https://myanimelist.net/character/149278/Oruka,149278,Supporting,13
36838,Gintama. Shirogane no Tamashii-hen,https://myanimelist.net/anime/36838/Gintama_Shirogane_no_Tamashii-hen,TV,Winter,2018,"Katsura, Kotarou",https://myanimelist.net/character/1533/Kotarou_Katsura,1533,Supporting,9097
36480,Drifters (OVA),https://myanimelist.net/anime/36480/Drifters_OVA,OVA,,2017,"Yoshitsune, Minamoto no",https://myanimelist.net/character/43712/Minamoto_no_Yoshitsune,43712,Supporting,6
35180,3-gatsu no Lion 2nd Season,https://myanimelist.net/anime/35180/3-gatsu_no_Lion_2nd_Season,TV,Fall,2017,"Souya, Touji",https://myanimelist.net/character/31352/Touji_Souya,31352,Supporting,190
34451,Kekkai Sensen & Beyond,https://myanimelist.net/anime/34451/Kekkai_Sensen___Beyond,TV,Fall,2017,Femt,https://myanimelist.net/character/120347/Femt,120347,Supporting,21
34712,Kujira no Kora wa Sajou ni Utau,https://myanimelist.net/anime/34712/Kujira_no_Kora_wa_Sajou_ni_Utau,TV,Fall,2017,Oruka,https://myanimelist.net/character/149278/Oruka,149278,Supporting,13
35062,Mahoutsukai no Yome,https://myanimelist.net/anime/35062/Mahoutsukai_no_Yome,TV,Fall,2017,Will o' The Wisp,https://myanimelist.net/character/156877/Will_o_039__The_Wisp,156877,Supporting,13
35413,Imouto sae Ireba Ii.,https://myanimelist.net/anime/35413/Imouto_sae_Ireba_Ii,TV,Fall,2017,Nobushige,https://myanimelist.net/character/254384/Nobushige,254384,Supporting,0
35838,Shoujo Shuumatsu Ryokou,https://myanimelist.net/anime/35838/Shoujo_Shuumatsu_Ryokou,TV,Fall,2017,Kanazawa,https://myanimelist.net/character/155715/Kanazawa,155715,Supporting,26
35788,Shokugeki no Souma: San no Sara,https://myanimelist.net/anime/35788/Shokugeki_no_Souma__San_no_Sara,TV,Fall,2017,"Tsukasa, Eishi",https://myanimelist.net/character/129045/Eishi_Tsukasa,129045,Supporting,272
33478,UQ Holder! Mahou Sensei Negima! 2,https://myanimelist.net/anime/33478/UQ_Holder_Mahou_Sensei_Negima_2,TV,Fall,2017,"Averruncus, Fate",https://myanimelist.net/character/10928/Fate_Averruncus,10928,Supporting,49
35843,Gintama. Porori-hen,https://myanimelist.net/anime/35843/Gintama_Porori-hen,TV,Fall,2017,"Katsura, Kotarou",https://myanimelist.net/character/1533/Kotarou_Katsura,1533,Supporting,9097
36553,Yinhun x He Wei Dao,https://myanimelist.net/anime/36553/Yinhun_x_He_Wei_Dao,CM,,2017,"Katsura, Kotarou",https://myanimelist.net/character/1533/Kotarou_Katsura,1533,Supporting,9097
35182,Binan Koukou Chikyuu Bouei-bu LOVE! LOVE! LOVE!,https://myanimelist.net/anime/35182/Binan_Koukou_Chikyuu_Bouei-bu_LOVE_LOVE_LOVE,OVA,,2017,"Chiku, Kazutake",https://myanimelist.net/character/122609/Kazutake_Chiku,122609,Supporting,2
35182,Binan Koukou Chikyuu Bouei-bu LOVE! LOVE! LOVE!,https://myanimelist.net/anime/35182/Binan_Koukou_Chikyuu_Bouei-bu_LOVE_LOVE_LOVE,OVA,,2017,"Botan, Yuzuru",https://myanimelist.net/character/156383/Yuzuru_Botan,156383,Supporting,0
34745,Mahoujin Guruguru (2017),https://myanimelist.net/anime/34745/Mahoujin_Guruguru_2017,TV,Summer,2017,Sousai,https://myanimelist.net/character/152751/Sousai,152751,Supporting,0
33726,Saiyuuki Reload Blast,https://myanimelist.net/anime/33726/Saiyuuki_Reload_Blast,TV,Summer,2017,"Cho, Hakkai",https://myanimelist.net/character/219/Hakkai_Cho,219,Main,349
33726,Saiyuuki Reload Blast,https://myanimelist.net/anime/33726/Saiyuuki_Reload_Blast,TV,Summer,2017,"Gensui, Tenpou",https://myanimelist.net/character/9278/Tenpou_Gensui,9278,Supporting,23
34934,Koi to Uso,https://myanimelist.net/anime/34934/Koi_to_Uso,TV,Summer,2017,"Nisaka, Kidou",https://myanimelist.net/character/143162/Kidou_Nisaka,143162,Supporting,1
35220,Youkai Apartment no Yuuga na Nichijou,https://myanimelist.net/anime/35220/Youkai_Apartment_no_Yuuga_na_Nichijou,TV,Summer,2017,"Isshiki, Reimei",https://myanimelist.net/character/151594/Reimei_Isshiki,151594,Supporting,5
30778,Fairy Tail Movie 2: Dragon Cry,https://myanimelist.net/anime/30778/Fairy_Tail_Movie_2__Dragon_Cry,Movie,,2017,Zeref,https://myanimelist.net/character/37720/Zeref,37720,Supporting,1961
34480,Shokugeki no Souma: Ni no Sara OVA,https://myanimelist.net/anime/34480/Shokugeki_no_Souma__Ni_no_Sara_OVA,OVA,,2017,"Tsukasa, Eishi",https://myanimelist.net/character/129045/Eishi_Tsukasa,129045,Main,272
34591,Natsume Yuujinchou Roku,https://myanimelist.net/anime/34591/Natsume_Yuujinchou_Roku,TV,Spring,2017,"Natori, Shuuichi",https://myanimelist.net/character/13887/Shuuichi_Natori,13887,Supporting,197
34106,Kyoukai no Rinne 3rd Season,https://myanimelist.net/anime/34106/Kyoukai_no_Rinne_3rd_Season,TV,Spring,2017,Kurosu,https://myanimelist.net/character/49083/Kurosu,49083,Supporting,0
34566,Boruto: Naruto Next Generations,https://myanimelist.net/anime/34566/Boruto__Naruto_Next_Generations,TV,Spring,2017,Gaara,https://myanimelist.net/character/1662/Gaara,1662,Supporting,13110
34888,Makeruna!! Aku no Gundan!,https://myanimelist.net/anime/34888/Makeruna_Aku_no_Gundan,TV,Spring,2017,Chiku-chan,https://myanimelist.net/character/148879/Chiku-chan,148879,Main,0
34550,Warau Salesman New,https://myanimelist.net/anime/34550/Warau_Salesman_New,TV,Spring,2017,"Yowagoshi, Sugu",https://myanimelist.net/character/151925/Sugu_Yowagoshi,151925,Supporting,0
34753,ChäoS;Child Episode 0,https://myanimelist.net/anime/34753/ChäoS_Child_Episode_0,Special,,2017,"Takashina, Fumio",https://myanimelist.net/character/17469/Fumio_Takashina,17469,Supporting,1
34096,Gintama.,https://myanimelist.net/anime/34096/Gintama,TV,Winter,2017,"Katsura, Kotarou",https://myanimelist.net/character/1533/Kotarou_Katsura,1533,Main,9097
28833,Chain Chronicle: Haecceitas no Hikari,https://myanimelist.net/anime/28833/Chain_Chronicle__Haecceitas_no_Hikari,TV,Winter,2017,Yuri,https://myanimelist.net/character/111531/Yuri,111531,Main,23
33095,Shouwa Genroku Rakugo Shinjuu: Sukeroku Futatabi-hen,https://myanimelist.net/anime/33095/Shouwa_Genroku_Rakugo_Shinjuu__Sukeroku_Futatabi-hen,TV,Winter,2017,"Yuurakutei, Yakumo",https://myanimelist.net/character/119763/Yakumo_Yuurakutei,119763,Main,1985
33323,"Kamisama Hajimemashita: Kamisama, Shiawase ni Naru",https://myanimelist.net/anime/33323/Kamisama_Hajimemashita__Kamisama_Shiawase_ni_Naru,OVA,,2016,Mikage,https://myanimelist.net/character/37871/Mikage,37871,Supporting,85
34514,Pokemon Generations,https://myanimelist.net/anime/34514/Pokemon_Generations,ONA,,2016,"Harmonia Gropius, Natural",https://myanimelist.net/character/37480/Natural_Harmonia_Gropius,37480,Supporting,639
33728,Chain Chronicle: Haecceitas no Hikari Part 1,https://myanimelist.net/anime/33728/Chain_Chronicle__Haecceitas_no_Hikari_Part_1,Movie,,2016,Yuri,https://myanimelist.net/character/111531/Yuri,111531,Main,23
34486,Star Ocean: Anamnesis,https://myanimelist.net/anime/34486/Star_Ocean__Anamnesis,ONA,,2016,"Anchors, Ashton",https://myanimelist.net/character/1826/Ashton_Anchors,1826,Supporting,29
37103,Danganronpa 3: Monokuma Gekijou,https://myanimelist.net/anime/37103/Danganronpa_3__Monokuma_Gekijou,Special,,2016,"Togami, Byakuya",https://myanimelist.net/character/65541/Byakuya_Togami,65541,Supporting,1034
31646,3-gatsu no Lion,https://myanimelist.net/anime/31646/3-gatsu_no_Lion,TV,Fall,2016,"Souya, Touji",https://myanimelist.net/character/31352/Touji_Souya,31352,Supporting,190
31157,ClassicaLoid,https://myanimelist.net/anime/31157/ClassicaLoid,TV,Fall,2016,Pad-kun,https://myanimelist.net/character/142426/Pad-kun,142426,Supporting,1
31339,Drifters,https://myanimelist.net/anime/31339/Drifters,TV,Fall,2016,"Yoshitsune, Minamoto no",https://myanimelist.net/character/43712/Minamoto_no_Yoshitsune,43712,Supporting,6
32867,Bungou Stray Dogs 2nd Season,https://myanimelist.net/anime/32867/Bungou_Stray_Dogs_2nd_Season,TV,Fall,2016,"Dostoyevsky, Fyodor",https://myanimelist.net/character/132964/Fyodor_Dostoyevsky,132964,Supporting,2105
32983,Natsume Yuujinchou Go,https://myanimelist.net/anime/32983/Natsume_Yuujinchou_Go,TV,Fall,2016,"Natori, Shuuichi",https://myanimelist.net/character/13887/Shuuichi_Natori,13887,Supporting,197
33433,Shuumatsu no Izetta,https://myanimelist.net/anime/33433/Shuumatsu_no_Izetta,TV,Fall,2016,Heisenberg,https://myanimelist.net/character/146896/Heisenberg,146896,Supporting,1
33026,Time Bokan 24,https://myanimelist.net/anime/33026/Time_Bokan_24,TV,Fall,2016,Hanzou,https://myanimelist.net/character/147510/Hanzou,147510,Supporting,0
34103,Danganronpa 3: The End of Kibougamine Gakuen - Kibou-hen,https://myanimelist.net/anime/34103/Danganronpa_3__The_End_of_Kibougamine_Gakuen_-_Kibou-hen,TV Special,,2016,"Togami, Byakuya",https://myanimelist.net/character/65541/Byakuya_Togami,65541,Supporting,1034
34103,Danganronpa 3: The End of Kibougamine Gakuen - Kibou-hen,https://myanimelist.net/anime/34103/Danganronpa_3__The_End_of_Kibougamine_Gakuen_-_Kibou-hen,TV Special,,2016,Ultimate Imposter,https://myanimelist.net/character/144438/Ultimate_Imposter,144438,Supporting,31
33524,Sakamoto desu ga? Sakamoto deshita?,https://myanimelist.net/anime/33524/Sakamoto_desu_ga_Sakamoto_deshita,Special,,2016,"Kubota, Yoshinobu",https://myanimelist.net/character/138836/Yoshinobu_Kubota,138836,Supporting,28
33069,Dimension W: Short Track/Robot wa Sentou no Yume wo Miruka,https://myanimelist.net/anime/33069/Dimension_W__Short_Track_Robot_wa_Sentou_no_Yume_wo_Miruka,Special,,2016,"Schumann, Albert",https://myanimelist.net/character/130811/Albert_Schumann,130811,Supporting,6
34349,Diamond no Ace: Second Season OVA,https://myanimelist.net/anime/34349/Diamond_no_Ace__Second_Season_OVA,OVA,,2016,"Watanabe, Hisashi",https://myanimelist.net/character/122471/Hisashi_Watanabe,122471,Supporting,3
31763,Accel World: Infinite∞Burst,https://myanimelist.net/anime/31763/Accel_World__Infinite∞Burst,Movie,,2016,Yellow Radio,https://myanimelist.net/character/65011/Yellow_Radio,65011,Supporting,44
33028,Danganronpa 3: The End of Kibougamine Gakuen - Zetsubou-hen,https://myanimelist.net/anime/33028/Danganronpa_3__The_End_of_Kibougamine_Gakuen_-_Zetsubou-hen,TV,Summer,2016,Ultimate Imposter,https://myanimelist.net/character/144438/Ultimate_Imposter,144438,Supporting,31
32189,Danganronpa 3: The End of Kibougamine Gakuen - Mirai-hen,https://myanimelist.net/anime/32189/Danganronpa_3__The_End_of_Kibougamine_Gakuen_-_Mirai-hen,TV,Summer,2016,"Togami, Byakuya",https://myanimelist.net/character/65541/Byakuya_Togami,65541,Supporting,1034
33341,Time Travel Shoujo: Mari Waka to 8-nin no Kagakusha-tachi,https://myanimelist.net/anime/33341/Time_Travel_Shoujo__Mari_Waka_to_8-nin_no_Kagakusha-tachi,TV,Summer,2016,"Hertz, Heinrich",https://myanimelist.net/character/142003/Heinrich_Hertz,142003,Supporting,0
31417,Binan Koukou Chikyuu Bouei-bu LOVE! LOVE!,https://myanimelist.net/anime/31417/Binan_Koukou_Chikyuu_Bouei-bu_LOVE_LOVE,TV,Summer,2016,"Tokiwa, Tomaru",https://myanimelist.net/character/142340/Tomaru_Tokiwa,142340,Supporting,0
32574,Kekkai Sensen: Ousama no Restaurant no Ousama,https://myanimelist.net/anime/32574/Kekkai_Sensen__Ousama_no_Restaurant_no_Ousama,OVA,,2016,Femt,https://myanimelist.net/character/120347/Femt,120347,Supporting,21
32888,Sinbad: Mahiru no Yoru to Fushigi no Mon,https://myanimelist.net/anime/32888/Sinbad__Mahiru_no_Yoru_to_Fushigi_no_Mon,Movie,,2016,Galip,https://myanimelist.net/character/136577/Galip,136577,Supporting,0
32802,Cardfight!! Vanguard G: Stride Gate-hen,https://myanimelist.net/anime/32802/Cardfight_Vanguard_G__Stride_Gate-hen,TV,Spring,2016,"Shinonome, Shouma",https://myanimelist.net/character/128264/Shouma_Shinonome,128264,Supporting,4
31741,Magi: Sinbad no Bouken (TV),https://myanimelist.net/anime/31741/Magi__Sinbad_no_Bouken_TV,TV,Spring,2016,Yunan,https://myanimelist.net/character/65107/Yunan,65107,Supporting,202
31610,Kyoukai no Rinne 2nd Season,https://myanimelist.net/anime/31610/Kyoukai_no_Rinne_2nd_Season,TV,Spring,2016,Kurosu,https://myanimelist.net/character/49083/Kurosu,49083,Supporting,0
32542,Sakamoto desu ga?,https://myanimelist.net/anime/32542/Sakamoto_desu_ga,TV,Spring,2016,"Kubota, Yoshinobu",https://myanimelist.net/character/138836/Yoshinobu_Kubota,138836,Supporting,28
31670,Kaitou Joker 3rd Season,https://myanimelist.net/anime/31670/Kaitou_Joker_3rd_Season,TV,Spring,2016,Viridian,https://myanimelist.net/character/115315/Viridian,115315,Supporting,1
32582,Duel Masters VSRF,https://myanimelist.net/anime/32582/Duel_Masters_VSRF,TV,Spring,2016,Norimaki,https://myanimelist.net/character/145447/Norimaki,145447,Supporting,0
31430,Terra Formars: Revenge,https://myanimelist.net/anime/31430/Terra_Formars__Revenge,TV,Spring,2016,"Newton, Joseph Gustav",https://myanimelist.net/character/84953/Joseph_Gustav_Newton,84953,Supporting,37
31149,Persona 3 the Movie 4: Winter of Rebirth,https://myanimelist.net/anime/31149/Persona_3_the_Movie_4__Winter_of_Rebirth,Movie,,2016,"Yuuki, Makoto",https://myanimelist.net/character/6203/Makoto_Yuuki,6203,Main,2008
31149,Persona 3 the Movie 4: Winter of Rebirth,https://myanimelist.net/anime/31149/Persona_3_the_Movie_4__Winter_of_Rebirth,Movie,,2016,"Mochizuki, Ryouji",https://myanimelist.net/character/6656/Ryouji_Mochizuki,6656,Main,107
31829,Sinbad: Mahou no Lamp to Ugoku Shima,https://myanimelist.net/anime/31829/Sinbad__Mahou_no_Lamp_to_Ugoku_Shima,Movie,,2016,Galip,https://myanimelist.net/character/136577/Galip,136577,Supporting,0
31173,Akagami no Shirayuki-hime 2nd Season,https://myanimelist.net/anime/31173/Akagami_no_Shirayuki-hime_2nd_Season,TV,Winter,2016,"Wistalia Clarines, Izana",https://myanimelist.net/character/26484/Izana_Wistalia_Clarines,26484,Supporting,124
32274,Ketsuekigata-kun! 4,https://myanimelist.net/anime/32274/Ketsuekigata-kun_4,TV,Winter,2016,O-gata-kun,https://myanimelist.net/character/81327/O-gata-kun,81327,Main,7
31163,Dimension W,https://myanimelist.net/anime/31163/Dimension_W,TV,Winter,2016,"Schumann, Albert",https://myanimelist.net/character/130811/Albert_Schumann,130811,Supporting,6
28735,Shouwa Genroku Rakugo Shinjuu,https://myanimelist.net/anime/28735/Shouwa_Genroku_Rakugo_Shinjuu,TV,Winter,2016,"Yuurakutei, Yakumo",https://myanimelist.net/character/119763/Yakumo_Yuurakutei,119763,Main,1985
31710,Divine Gate,https://myanimelist.net/anime/31710/Divine_Gate,TV,Winter,2016,Oz,https://myanimelist.net/character/134586/Oz,134586,Supporting,5
31914,Shoujo-tachi wa Kouya wo Mezasu,https://myanimelist.net/anime/31914/Shoujo-tachi_wa_Kouya_wo_Mezasu,TV,Winter,2016,"Kuroda, Iwao",https://myanimelist.net/character/138887/Iwao_Kuroda,138887,Supporting,1
31050,Cyborg 009 VS Devilman,https://myanimelist.net/anime/31050/Cyborg_009_VS_Devilman,OVA,,2015,Apollo,https://myanimelist.net/character/125707/Apollo,125707,Supporting,0
31566,Ketsuekigata-kun! 3,https://myanimelist.net/anime/31566/Ketsuekigata-kun_3,TV,Fall,2015,O-gata-kun,https://myanimelist.net/character/81327/O-gata-kun,81327,Main,7
31196,Cardfight!! Vanguard G: GIRS Crisis-hen,https://myanimelist.net/anime/31196/Cardfight_Vanguard_G__GIRS_Crisis-hen,TV,Fall,2015,"Shinonome, Shouma",https://myanimelist.net/character/128264/Shouma_Shinonome,128264,Supporting,4
30757,Monster Strike,https://myanimelist.net/anime/30757/Monster_Strike,ONA,,2015,Karma,https://myanimelist.net/character/146062/Karma,146062,Supporting,0
30187,Sakurako-san no Ashimoto ni wa Shitai ga Umatteiru,https://myanimelist.net/anime/30187/Sakurako-san_no_Ashimoto_ni_wa_Shitai_ga_Umatteiru,TV,Fall,2015,"Isozaki, Itsuki",https://myanimelist.net/character/130338/Itsuki_Isozaki,130338,Supporting,12
24011,Lance N' Masques,https://myanimelist.net/anime/24011/Lance_N_Masques,TV,Fall,2015,"Hanabusa, Shin",https://myanimelist.net/character/132194/Shin_Hanabusa,132194,Supporting,1
31289,One Piece: Episode of Sabo - 3 Kyoudai no Kizuna Kiseki no Saikai to Uketsugareru Ishi,https://myanimelist.net/anime/31289/One_Piece__Episode_of_Sabo_-_3_Kyoudai_no_Kizuna_Kiseki_no_Saikai_to_Uketsugareru_Ishi,TV Special,,2015,Cavendish,https://myanimelist.net/character/85649/Cavendish,85649,Supporting,62
30709,Kamisama Hajimemashita: Kako-hen,https://myanimelist.net/anime/30709/Kamisama_Hajimemashita__Kako-hen,OVA,,2015,Mikage,https://myanimelist.net/character/37871/Mikage,37871,Supporting,85
28755,Boruto: Naruto the Movie,https://myanimelist.net/anime/28755/Boruto__Naruto_the_Movie,Movie,,2015,Gaara,https://myanimelist.net/character/1662/Gaara,1662,Supporting,13110
30123,Akagami no Shirayuki-hime,https://myanimelist.net/anime/30123/Akagami_no_Shirayuki-hime,TV,Summer,2015,"Wistalia Clarines, Izana",https://myanimelist.net/character/26484/Izana_Wistalia_Clarines,26484,Supporting,124
28497,Rokka no Yuusha,https://myanimelist.net/anime/28497/Rokka_no_Yuusha,TV,Summer,2015,Tgurneu,https://myanimelist.net/character/88723/Tgurneu,88723,Supporting,7
28977,Gintama°,https://myanimelist.net/anime/28977/Gintama°,TV,Spring,2015,"Katsura, Kotarou",https://myanimelist.net/character/1533/Kotarou_Katsura,1533,Supporting,9097
28869,Kaitou Joker 2nd Season,https://myanimelist.net/anime/28869/Kaitou_Joker_2nd_Season,TV,Spring,2015,Viridian,https://myanimelist.net/character/115315/Viridian,115315,Supporting,1
30230,Diamond no Ace: Second Season,https://myanimelist.net/anime/30230/Diamond_no_Ace__Second_Season,TV,Spring,2015,"Watanabe, Hisashi",https://myanimelist.net/character/122471/Hisashi_Watanabe,122471,Supporting,3
24439,Kekkai Sensen,https://myanimelist.net/anime/24439/Kekkai_Sensen,TV,Spring,2015,Femt,https://myanimelist.net/character/120347/Femt,120347,Supporting,21
29687,Duel Masters VSR,https://myanimelist.net/anime/29687/Duel_Masters_VSR,TV,Spring,2015,Waramaki,https://myanimelist.net/character/133570/Waramaki,133570,Supporting,2
24543,Persona 3 the Movie 3: Falling Down,https://myanimelist.net/anime/24543/Persona_3_the_Movie_3__Falling_Down,Movie,,2015,"Yuuki, Makoto",https://myanimelist.net/character/6203/Makoto_Yuuki,6203,Main,2008
24543,Persona 3 the Movie 3: Falling Down,https://myanimelist.net/anime/24543/Persona_3_the_Movie_3__Falling_Down,Movie,,2015,"Mochizuki, Ryouji",https://myanimelist.net/character/6656/Ryouji_Mochizuki,6656,Main,107
24543,Persona 3 the Movie 3: Falling Down,https://myanimelist.net/anime/24543/Persona_3_the_Movie_3__Falling_Down,Movie,,2015,Pharos,https://myanimelist.net/character/9436/Pharos,9436,Supporting,14
25313,Gintama': Futon ni Haitte kara Buki Nokoshi ni Kizuite Neru ni Nerenai Toki mo Aru,https://myanimelist.net/anime/25313/Gintama__Futon_ni_Haitte_kara_Buki_Nokoshi_ni_Kizuite_Neru_ni_Nerenai_Toki_mo_Aru,Special,,2015,"Katsura, Kotarou",https://myanimelist.net/character/1533/Kotarou_Katsura,1533,Supporting,9097
25801,Shouwa Genroku Rakugo Shinjuu: Yotarou Hourou-hen,https://myanimelist.net/anime/25801/Shouwa_Genroku_Rakugo_Shinjuu__Yotarou_Hourou-hen,OVA,,2015,"Yuurakutei, Yakumo",https://myanimelist.net/character/119763/Yakumo_Yuurakutei,119763,Main,1985
22663,Seiken Tsukai no World Break,https://myanimelist.net/anime/22663/Seiken_Tsukai_no_World_Break,TV,Winter,2015,"Suruga, Andou",https://myanimelist.net/character/121023/Andou_Suruga,121023,Supporting,0
28207,Ketsuekigata-kun! 2,https://myanimelist.net/anime/28207/Ketsuekigata-kun_2,TV,Winter,2015,O-gata-kun,https://myanimelist.net/character/81327/O-gata-kun,81327,Main,7
27727,Binan Koukou Chikyuu Bouei-bu LOVE!,https://myanimelist.net/anime/27727/Binan_Koukou_Chikyuu_Bouei-bu_LOVE,TV,Winter,2015,"Chiku, Kazutake",https://myanimelist.net/character/122609/Kazutake_Chiku,122609,Supporting,2
28401,Q Transformers: Kaette Kita Convoy no Nazo,https://myanimelist.net/anime/28401/Q_Transformers__Kaette_Kita_Convoy_no_Nazo,TV,Winter,2015,"Magnus, Ultra",https://myanimelist.net/character/32812/Ultra_Magnus,32812,Supporting,4
25681,Kamisama Hajimemashita◎,https://myanimelist.net/anime/25681/Kamisama_Hajimemashita◎,TV,Winter,2015,Mikage,https://myanimelist.net/character/37871/Mikage,37871,Supporting,85
16870,The Last: Naruto the Movie,https://myanimelist.net/anime/16870/The_Last__Naruto_the_Movie,Movie,,2014,Gaara,https://myanimelist.net/character/1662/Gaara,1662,Supporting,13110
22295,Juuza Engi: Engetsu Sangokuden - Gaiden Youzhou Genya,https://myanimelist.net/anime/22295/Juuza_Engi__Engetsu_Sangokuden_-_Gaiden_Youzhou_Genya,OVA,,2014,Ryuubi,https://myanimelist.net/character/103769/Ryuubi,103769,Main,4
28431,Pokemon Omega Ruby & Alpha Sapphire: Mega Special Animation,https://myanimelist.net/anime/28431/Pokemon_Omega_Ruby___Alpha_Sapphire__Mega_Special_Animation,ONA,,2014,"Tsuwabuki, Daigo",https://myanimelist.net/character/27162/Daigo_Tsuwabuki,27162,Main,95
27815,Cardfight!! Vanguard G,https://myanimelist.net/anime/27815/Cardfight_Vanguard_G,TV,Fall,2014,"Shinonome, Shouma",https://myanimelist.net/character/128264/Shouma_Shinonome,128264,Supporting,4
22535,Kiseijuu: Sei no Kakuritsu,https://myanimelist.net/anime/22535/Kiseijuu__Sei_no_Kakuritsu,TV,Fall,2014,"Shimada, Hideo",https://myanimelist.net/character/22144/Hideo_Shimada,22144,Supporting,5
25013,Akatsuki no Yona,https://myanimelist.net/anime/25013/Akatsuki_no_Yona,TV,Fall,2014,"An, Jun-gi",https://myanimelist.net/character/116947/Jun-gi_An,116947,Supporting,3
24909,Kaitou Joker,https://myanimelist.net/anime/24909/Kaitou_Joker,TV,Fall,2014,Viridian,https://myanimelist.net/character/115315/Viridian,115315,Supporting,1
22687,Terra Formars,https://myanimelist.net/anime/22687/Terra_Formars,TV,Fall,2014,"Newton, Joseph Gustav",https://myanimelist.net/character/84953/Joseph_Gustav_Newton,84953,Supporting,37
25431,Chain Chronicle: Short Animation,https://myanimelist.net/anime/25431/Chain_Chronicle__Short_Animation,OVA,,2014,Haruaki,https://myanimelist.net/character/111511/Haruaki,111511,Supporting,0
25431,Chain Chronicle: Short Animation,https://myanimelist.net/anime/25431/Chain_Chronicle__Short_Animation,OVA,,2014,Yuri,https://myanimelist.net/character/111531/Yuri,111531,Main,23
24985,Elite Jack!!,https://myanimelist.net/anime/24985/Elite_Jack,OVA,,2014,"Fukuzawa, Yuzuki",https://myanimelist.net/character/224790/Yuzuki_Fukuzawa,224790,Supporting,0
24135,Nobunaga Concerto,https://myanimelist.net/anime/24135/Nobunaga_Concerto,TV,Summer,2014,"Hori, Hidemasa",https://myanimelist.net/character/113517/Hidemasa_Hori,113517,Supporting,0
23201,Sengoku Basara: Judge End,https://myanimelist.net/anime/23201/Sengoku_Basara__Judge_End,TV,Summer,2014,"Takenaka, Hanbei",https://myanimelist.net/character/31983/Hanbei_Takenaka,31983,Supporting,31
21473,Persona 3 the Movie 2: Midsummer Knight's Dream,https://myanimelist.net/anime/21473/Persona_3_the_Movie_2__Midsummer_Knights_Dream,Movie,,2014,"Yuuki, Makoto",https://myanimelist.net/character/6203/Makoto_Yuuki,6203,Main,2008
21473,Persona 3 the Movie 2: Midsummer Knight's Dream,https://myanimelist.net/anime/21473/Persona_3_the_Movie_2__Midsummer_Knights_Dream,Movie,,2014,"Mochizuki, Ryouji",https://myanimelist.net/character/6656/Ryouji_Mochizuki,6656,Supporting,107
21473,Persona 3 the Movie 2: Midsummer Knight's Dream,https://myanimelist.net/anime/21473/Persona_3_the_Movie_2__Midsummer_Knights_Dream,Movie,,2014,Pharos,https://myanimelist.net/character/9436/Pharos,9436,Supporting,14
22097,Magi: Sinbad no Bouken,https://myanimelist.net/anime/22097/Magi__Sinbad_no_Bouken,OVA,,2014,Yunan,https://myanimelist.net/character/65107/Yunan,65107,Supporting,202
21639,Yu☆Gi☆Oh! Arc-V,https://myanimelist.net/anime/21639/Yu☆Gi☆Oh_Arc-V,TV,Spring,2014,"Phoenix, Edo",https://myanimelist.net/character/1303/Edo_Phoenix,1303,Supporting,65
21677,Captain Earth,https://myanimelist.net/anime/21677/Captain_Earth,TV,Spring,2014,"Arashi, Eiji",https://myanimelist.net/character/105983/Eiji_Arashi,105983,Supporting,1
22043,Fairy Tail (2014),https://myanimelist.net/anime/22043/Fairy_Tail_2014,TV,Spring,2014,Zeref,https://myanimelist.net/character/37720/Zeref,37720,Supporting,1961
21835,Majin Bone,https://myanimelist.net/anime/21835/Majin_Bone,TV,Spring,2014,"Tiger, Victor",https://myanimelist.net/character/106625/Victor_Tiger,106625,Supporting,1
20031,D-Frag!,https://myanimelist.net/anime/20031/D-Frag,TV,Winter,2014,Naganuma,https://myanimelist.net/character/103137/Naganuma,103137,Supporting,0
19855,Nobunagun,https://myanimelist.net/anime/19855/Nobunagun,TV,Winter,2014,"Vidocq, François",https://myanimelist.net/character/95231/François_Vidocq,95231,Supporting,0
18849,Natsume Yuujinchou: Nyanko-sensei to Hajimete no Otsukai,https://myanimelist.net/anime/18849/Natsume_Yuujinchou__Nyanko-sensei_to_Hajimete_no_Otsukai,Special,,2013,"Natori, Shuuichi",https://myanimelist.net/character/13887/Shuuichi_Natori,13887,Supporting,197
18441,Blood Lad: Wagahai wa Neko de wa Nai,https://myanimelist.net/anime/18441/Blood_Lad__Wagahai_wa_Neko_de_wa_Nai,OVA,,2013,Roi,https://myanimelist.net/character/62595/Roi,62595,Supporting,1
14407,Persona 3 the Movie 1: Spring of Birth,https://myanimelist.net/anime/14407/Persona_3_the_Movie_1__Spring_of_Birth,Movie,,2013,"Yuuki, Makoto",https://myanimelist.net/character/6203/Makoto_Yuuki,6203,Main,2008
14407,Persona 3 the Movie 1: Spring of Birth,https://myanimelist.net/anime/14407/Persona_3_the_Movie_1__Spring_of_Birth,Movie,,2013,Pharos,https://myanimelist.net/character/9436/Pharos,9436,Supporting,14
19365,Samurai Flamenco,https://myanimelist.net/anime/19365/Samurai_Flamenco,TV,Fall,2013,"Flamenco, Beyond",https://myanimelist.net/character/104073/Beyond_Flamenco,104073,Supporting,0
19703,Kyousou Giga (TV),https://myanimelist.net/anime/19703/Kyousou_Giga_TV,TV,Fall,2013,Inari,https://myanimelist.net/character/68747/Inari,68747,Supporting,63
16011,Tokyo Ravens,https://myanimelist.net/anime/16011/Tokyo_Ravens,TV,Fall,2013,"Hirata, Atsune",https://myanimelist.net/character/95229/Atsune_Hirata,95229,Supporting,0
19257,Megane-bu!,https://myanimelist.net/anime/19257/Megane-bu,TV,Fall,2013,"Hachimine, Satoru",https://myanimelist.net/character/93187/Satoru_Hachimine,93187,Supporting,0
15651,Phi Brain: Kami no Puzzle - Shukuteki! Rätsel-hen,https://myanimelist.net/anime/15651/Phi_Brain__Kami_no_Puzzle_-_Shukuteki_Rätsel-hen,TV,Fall,2013,"Jikukawa, Souji",https://myanimelist.net/character/43611/Souji_Jikukawa,43611,Supporting,3
18115,Magi: The Kingdom of Magic,https://myanimelist.net/anime/18115/Magi__The_Kingdom_of_Magic,TV,Fall,2013,Yunan,https://myanimelist.net/character/65107/Yunan,65107,Supporting,202
20723,Kyousou Giga (TV) Recaps,https://myanimelist.net/anime/20723/Kyousou_Giga_TV_Recaps,TV Special,,2013,Inari,https://myanimelist.net/character/68747/Inari,68747,Supporting,63
14807,Kara no Kyoukai Movie: Mirai Fukuin,https://myanimelist.net/anime/14807/Kara_no_Kyoukai_Movie__Mirai_Fukuin,Movie,,2013,"Kamekura, Mitsuru",https://myanimelist.net/character/87875/Mitsuru_Kamekura,87875,Main,12
20655,Amnesia OVA,https://myanimelist.net/anime/20655/Amnesia_OVA,OVA,,2013,Kent,https://myanimelist.net/character/70415/Kent,70415,Main,148
18661,Kamisama Hajimemashita OVA,https://myanimelist.net/anime/18661/Kamisama_Hajimemashita_OVA,OVA,,2013,Mikage,https://myanimelist.net/character/37871/Mikage,37871,Supporting,85
17699,Toriko Movie: Bishokushin no Special Menu,https://myanimelist.net/anime/17699/Toriko_Movie__Bishokushin_no_Special_Menu,Movie,,2013,Tommyrod,https://myanimelist.net/character/39288/Tommyrod,39288,Supporting,8
19165,Fate/Zero Cafe,https://myanimelist.net/anime/19165/Fate_Zero_Cafe,Movie,,2013,"Uryuu, Ryuunosuke",https://myanimelist.net/character/16019/Ryuunosuke_Uryuu,16019,Main,103
16890,Makai Ouji: Devils and Realist,https://myanimelist.net/anime/16890/Makai_Ouji__Devils_and_Realist,TV,Summer,2013,Samael,https://myanimelist.net/character/91809/Samael,91809,Supporting,3
18055,Hakkenden: Touhou Hakken Ibun 2nd Season,https://myanimelist.net/anime/18055/Hakkenden__Touhou_Hakken_Ibun_2nd_Season,TV,Summer,2013,Kagetsu,https://myanimelist.net/character/91569/Kagetsu,91569,Supporting,1
15335,Gintama Movie 2: Kanketsu-hen - Yorozuya yo Eien Nare,https://myanimelist.net/anime/15335/Gintama_Movie_2__Kanketsu-hen_-_Yorozuya_yo_Eien_Nare,Movie,,2013,"Katsura, Kotarou",https://myanimelist.net/character/1533/Kotarou_Katsura,1533,Supporting,9097
18119,Servant x Service,https://myanimelist.net/anime/18119/Servant_x_Service,TV,Summer,2013,"Yamagami, Father",https://myanimelist.net/character/87827/Father_Yamagami,87827,Supporting,0
16592,Danganronpa: Kibou no Gakuen to Zetsubou no Koukousei The Animation,https://myanimelist.net/anime/16592/Danganronpa__Kibou_no_Gakuen_to_Zetsubou_no_Koukousei_The_Animation,TV,Summer,2013,"Togami, Byakuya",https://myanimelist.net/character/65541/Byakuya_Togami,65541,Supporting,1034
15605,Brothers Conflict,https://myanimelist.net/anime/15605/Brothers_Conflict,TV,Summer,2013,Chiaki,https://myanimelist.net/character/90827/Chiaki,90827,Supporting,0
16762,Mirai Nikki: Redial,https://myanimelist.net/anime/16762/Mirai_Nikki__Redial,OVA,,2013,"Akise, Aru",https://myanimelist.net/character/8306/Aru_Akise,8306,Supporting,3191
17137,Saiyuuki Gaiden: Kouga no Shou,https://myanimelist.net/anime/17137/Saiyuuki_Gaiden__Kouga_no_Shou,OVA,,2013,"Gensui, Tenpou",https://myanimelist.net/character/9278/Tenpou_Gensui,9278,Main,23
16518,Arata Kangatari,https://myanimelist.net/anime/16518/Arata_Kangatari,TV,Spring,2013,Harunawa,https://myanimelist.net/character/80095/Harunawa,80095,Supporting,1
17731,Ketsuekigata-kun!,https://myanimelist.net/anime/17731/Ketsuekigata-kun,TV,Spring,2013,O-gata-kun,https://myanimelist.net/character/81327/O-gata-kun,81327,Main,7
17969,Tanken Driland: 1000-nen no Mahou,https://myanimelist.net/anime/17969/Tanken_Driland__1000-nen_no_Mahou,TV,Spring,2013,"Koukikoushin, Dior",https://myanimelist.net/character/93893/Dior_Koukikoushin,93893,Supporting,0
14921,RDG: Red Data Girl,https://myanimelist.net/anime/14921/RDG__Red_Data_Girl,TV,Spring,2013,"Murakami, Hodaka",https://myanimelist.net/character/77327/Hodaka_Murakami,77327,Supporting,0
16355,Dansai Bunri no Crime Edge,https://myanimelist.net/anime/16355/Dansai_Bunri_no_Crime_Edge,TV,Spring,2013,"Nakajima, Seigi",https://myanimelist.net/character/82035/Seigi_Nakajima,82035,Supporting,4
12857,Star Driver the Movie,https://myanimelist.net/anime/12857/Star_Driver_the_Movie,Movie,,2013,"Miyabi, Reiji",https://myanimelist.net/character/37171/Reiji_Miyabi,37171,Supporting,19
15085,Amnesia,https://myanimelist.net/anime/15085/Amnesia,TV,Winter,2013,Kent,https://myanimelist.net/character/70415/Kent,70415,Main,148
3785,Evangelion Movie 3: Q,https://myanimelist.net/anime/3785/Evangelion_Movie_3__Q,Movie,,2012,"Nagisa, Kaworu",https://myanimelist.net/character/1261/Kaworu_Nagisa,1261,Main,9121
13601,Psycho-Pass,https://myanimelist.net/anime/13601/Psycho-Pass,TV,Fall,2012,"Kagari, Shuusei",https://myanimelist.net/character/69055/Shuusei_Kagari,69055,Supporting,777
14513,Magi: The Labyrinth of Magic,https://myanimelist.net/anime/14513/Magi__The_Labyrinth_of_Magic,TV,Fall,2012,Yunan,https://myanimelist.net/character/65107/Yunan,65107,Supporting,202
15417,Gintama': Enchousen,https://myanimelist.net/anime/15417/Gintama__Enchousen,TV,Fall,2012,"Katsura, Kotarou",https://myanimelist.net/character/1533/Kotarou_Katsura,1533,Supporting,9097
14713,Kamisama Hajimemashita,https://myanimelist.net/anime/14713/Kamisama_Hajimemashita,TV,Fall,2012,Mikage,https://myanimelist.net/character/37871/Mikage,37871,Supporting,85
15359,Kyousou Giga (2012),https://myanimelist.net/anime/15359/Kyousou_Giga_2012,ONA,,2012,Inari,https://myanimelist.net/character/68747/Inari,68747,Supporting,63
13161,Hagure Yuusha no Aesthetica,https://myanimelist.net/anime/13161/Hagure_Yuusha_no_Aesthetica,TV,Summer,2012,"Arkwood, Michael",https://myanimelist.net/character/139781/Michael_Arkwood,139781,Supporting,0
13349,Chouyaku Hyakuninisshu: Uta Koi.,https://myanimelist.net/anime/13349/Chouyaku_Hyakuninisshu__Uta_Koi,TV,Summer,2012,"Fujiwara no, Yoshitaka",https://myanimelist.net/character/73971/Yoshitaka_Fujiwara_no,73971,Supporting,0
11001,Toshokan Sensou: Kakumei no Tsubasa,https://myanimelist.net/anime/11001/Toshokan_Sensou__Kakumei_no_Tsubasa,Movie,,2012,"Komaki, Mikihisa",https://myanimelist.net/character/11484/Mikihisa_Komaki,11484,Supporting,7
13245,Shin Tennis no Oujisama Specials,https://myanimelist.net/anime/13245/Shin_Tennis_no_Oujisama_Specials,Special,,2012,"Mizuki, Hajime",https://myanimelist.net/character/5858/Hajime_Mizuki,5858,Supporting,14
11741,Fate/Zero 2nd Season,https://myanimelist.net/anime/11741/Fate_Zero_2nd_Season,TV,Spring,2012,"Uryuu, Ryuunosuke",https://myanimelist.net/character/16019/Ryuunosuke_Uryuu,16019,Supporting,103
12753,Phi Brain: Kami no Puzzle - Orpheus Order-hen,https://myanimelist.net/anime/12753/Phi_Brain__Kami_no_Puzzle_-_Orpheus_Order-hen,TV,Spring,2012,"Jikukawa, Souji",https://myanimelist.net/character/43611/Souji_Jikukawa,43611,Supporting,3
11759,Accel World,https://myanimelist.net/anime/11759/Accel_World,TV,Spring,2012,Yellow Radio,https://myanimelist.net/character/65011/Yellow_Radio,65011,Supporting,44
12815,Shirokuma Cafe,https://myanimelist.net/anime/12815/Shirokuma_Cafe,TV,Spring,2012,Tarsier,https://myanimelist.net/character/80569/Tarsier,80569,Supporting,0
12979,Naruto SD: Rock Lee no Seishun Full-Power Ninden,https://myanimelist.net/anime/12979/Naruto_SD__Rock_Lee_no_Seishun_Full-Power_Ninden,TV,Spring,2012,Gaara,https://myanimelist.net/character/1662/Gaara,1662,Supporting,13110
12893,Danshi Koukousei no Nichijou Specials,https://myanimelist.net/anime/12893/Danshi_Koukousei_no_Nichijou_Specials,Special,,2012,President,https://myanimelist.net/character/54479/President,54479,Supporting,45
12929,Saint Seiya Omega,https://myanimelist.net/anime/12929/Saint_Seiya_Omega,TV,Spring,2012,"Pisces, Amor",https://myanimelist.net/character/79113/Amor_Pisces,79113,Supporting,1
13183,Fate/Zero Remix,https://myanimelist.net/anime/13183/Fate_Zero_Remix,TV Special,,2012,"Uryuu, Ryuunosuke",https://myanimelist.net/character/16019/Ryuunosuke_Uryuu,16019,Supporting,103
12503,Mirai Nikki (TV): Ura Mirai Nikki,https://myanimelist.net/anime/12503/Mirai_Nikki_TV__Ura_Mirai_Nikki,Special,,2012,"Akise, Aru",https://myanimelist.net/character/8306/Aru_Akise,8306,Supporting,3191
11843,Danshi Koukousei no Nichijou,https://myanimelist.net/anime/11843/Danshi_Koukousei_no_Nichijou,TV,Winter,2012,President,https://myanimelist.net/character/54479/President,54479,Supporting,45
11697,Area no Kishi,https://myanimelist.net/anime/11697/Area_no_Kishi,TV,Winter,2012,"Araki, Ryuuichi",https://myanimelist.net/character/55771/Ryuuichi_Araki,55771,Supporting,31
11371,Shin Tennis no Oujisama,https://myanimelist.net/anime/11371/Shin_Tennis_no_Oujisama,TV,Winter,2012,"Mizuki, Hajime",https://myanimelist.net/character/5858/Hajime_Mizuki,5858,Supporting,14
11665,Natsume Yuujinchou Shi,https://myanimelist.net/anime/11665/Natsume_Yuujinchou_Shi,TV,Winter,2012,"Natori, Shuuichi",https://myanimelist.net/character/13887/Shuuichi_Natori,13887,Supporting,197
12699,Tales of Gekijou,https://myanimelist.net/anime/12699/Tales_of_Gekijou,Special,,2012,"Hershel, Rid",https://myanimelist.net/character/2500/Rid_Hershel,2500,Main,18
11777,Lupin III: Chi no Kokuin - Eien no Mermaid,https://myanimelist.net/anime/11777/Lupin_III__Chi_no_Kokuin_-_Eien_no_Mermaid,TV Special,,2011,Himuro,https://myanimelist.net/character/53467/Himuro,53467,Supporting,1
10893,Kyousou Giga,https://myanimelist.net/anime/10893/Kyousou_Giga,ONA,,2011,Inari,https://myanimelist.net/character/68747/Inari,68747,Supporting,63
10620,Mirai Nikki (TV),https://myanimelist.net/anime/10620/Mirai_Nikki_TV,TV,Fall,2011,"Akise, Aru",https://myanimelist.net/character/8306/Aru_Akise,8306,Supporting,3191
10396,Ben-To,https://myanimelist.net/anime/10396/Ben-To,TV,Fall,2011,The Club of Hercules,https://myanimelist.net/character/72321/The_Club_of_Hercules,72321,Supporting,1
10087,Fate/Zero,https://myanimelist.net/anime/10087/Fate_Zero,TV,Fall,2011,"Uryuu, Ryuunosuke",https://myanimelist.net/character/16019/Ryuunosuke_Uryuu,16019,Supporting,103
9981,Phi Brain: Kami no Puzzle,https://myanimelist.net/anime/9981/Phi_Brain__Kami_no_Puzzle,TV,Fall,2011,"Jikukawa, Souji",https://myanimelist.net/character/43611/Souji_Jikukawa,43611,Supporting,3
7135,Mahou Sensei Negima! Movie: Anime Final,https://myanimelist.net/anime/7135/Mahou_Sensei_Negima_Movie__Anime_Final,Movie,,2011,"Averruncus, Fate",https://myanimelist.net/character/10928/Fate_Averruncus,10928,Supporting,49
7135,Mahou Sensei Negima! Movie: Anime Final,https://myanimelist.net/anime/7135/Mahou_Sensei_Negima_Movie__Anime_Final,Movie,,2011,Quintum,https://myanimelist.net/character/203606/Quintum,203606,Supporting,0
10686,Naruto: Honoo no Chuunin Shiken! Naruto vs. Konohamaru!!,https://myanimelist.net/anime/10686/Naruto__Honoo_no_Chuunin_Shiken_Naruto_vs_Konohamaru,Movie,,2011,Gaara,https://myanimelist.net/character/1662/Gaara,1662,Supporting,13110
4713,Heart no Kuni no Alice: Wonderful Wonder World,https://myanimelist.net/anime/4713/Heart_no_Kuni_no_Alice__Wonderful_Wonder_World,Movie,,2011,Joker,https://myanimelist.net/character/37129/Joker,37129,Supporting,10
10721,Mawaru Penguindrum,https://myanimelist.net/anime/10721/Mawaru_Penguindrum,TV,Summer,2011,"Tabuki, Keiju",https://myanimelist.net/character/44312/Keiju_Tabuki,44312,Supporting,4
10379,Natsume Yuujinchou San,https://myanimelist.net/anime/10379/Natsume_Yuujinchou_San,TV,Summer,2011,"Natori, Shuuichi",https://myanimelist.net/character/13887/Shuuichi_Natori,13887,Supporting,197
10568,Kamisama no Memochou,https://myanimelist.net/anime/10568/Kamisama_no_Memochou,TV,Summer,2011,Yoshiki,https://myanimelist.net/character/47811/Yoshiki,47811,Supporting,0
10191,Katte ni Kaizou,https://myanimelist.net/anime/10191/Katte_ni_Kaizou,OVA,,2011,Nukata,https://myanimelist.net/character/76981/Nukata,76981,Supporting,0
10187,HenSemi (TV),https://myanimelist.net/anime/10187/HenSemi_TV,TV,Spring,2011,"Musashi, Komugi",https://myanimelist.net/character/36558/Komugi_Musashi,36558,Main,14
9493,Dororon Enma-kun Meeramera,https://myanimelist.net/anime/9493/Dororon_Enma-kun_Meeramera,TV,Spring,2011,Sutten Douji,https://myanimelist.net/character/57057/Sutten_Douji,57057,Supporting,0
9863,SKET Dance,https://myanimelist.net/anime/9863/SKET_Dance,TV,Spring,2011,"Magata, Michinori",https://myanimelist.net/character/46697/Michinori_Magata,46697,Supporting,0
9969,Gintama',https://myanimelist.net/anime/9969/Gintama,TV,Spring,2011,"Katsura, Kotarou",https://myanimelist.net/character/1533/Kotarou_Katsura,1533,Supporting,9097
10033,Toriko,https://myanimelist.net/anime/10033/Toriko,TV,Spring,2011,Tommyrod,https://myanimelist.net/character/39288/Tommyrod,39288,Supporting,8
9088,Saiyuuki Gaiden,https://myanimelist.net/anime/9088/Saiyuuki_Gaiden,OVA,,2011,"Gensui, Tenpou",https://myanimelist.net/character/9278/Tenpou_Gensui,9278,Main,23
10114,Nintama Rantarou Movie: Ninjutsu Gakuen Zenin Shutsudou! no Dan,https://myanimelist.net/anime/10114/Nintama_Rantarou_Movie__Ninjutsu_Gakuen_Zenin_Shutsudou_no_Dan,Movie,,2011,"Ayabe, Kihachirou",https://myanimelist.net/character/44985/Kihachirou_Ayabe,44985,Supporting,3
7705,Starry☆Sky,https://myanimelist.net/anime/7705/Starry☆Sky,ONA,,2010,"Hoshizuki, Kotarou",https://myanimelist.net/character/28890/Kotarou_Hoshizuki,28890,Main,28
9159,Kaibutsu Oujo (OVA),https://myanimelist.net/anime/9159/Kaibutsu_Oujo_OVA,OVA,,2010,Emile,https://myanimelist.net/character/63911/Emile,63911,Supporting,2
8249,Votoms Finder,https://myanimelist.net/anime/8249/Votoms_Finder,OVA,,2010,"Tesuno, Aki",https://myanimelist.net/character/61093/Aki_Tesuno,61093,Main,0
9630,Mini Sengoku Basara Ni: Tsukiyo no Katakura-kun,https://myanimelist.net/anime/9630/Mini_Sengoku_Basara_Ni__Tsukiyo_no_Katakura-kun,Special,,2010,"Takenaka, Hanbei",https://myanimelist.net/character/31983/Hanbei_Takenaka,31983,Main,31
9065,Hakuouki: Hekketsuroku,https://myanimelist.net/anime/9065/Hakuouki__Hekketsuroku,TV,Fall,2010,"Masaki, Tokishige",https://myanimelist.net/character/38410/Tokishige_Masaki,38410,Supporting,0
8934,Star Driver: Kagayaki no Takuto,https://myanimelist.net/anime/8934/Star_Driver__Kagayaki_no_Takuto,TV,Fall,2010,"Miyabi, Reiji",https://myanimelist.net/character/37171/Reiji_Miyabi,37171,Supporting,19
8407,Sora no Otoshimono Forte,https://myanimelist.net/anime/8407/Sora_no_Otoshimono_Forte,TV,Fall,2010,Pantsu Robo,https://myanimelist.net/character/37697/Pantsu_Robo,37697,Supporting,2
9241,Super Robot Taisen OG: The Inspector,https://myanimelist.net/anime/9241/Super_Robot_Taisen_OG__The_Inspector,TV,Fall,2010,Mekibos,https://myanimelist.net/character/38278/Mekibos,38278,Supporting,1
9241,Super Robot Taisen OG: The Inspector,https://myanimelist.net/anime/9241/Super_Robot_Taisen_OG__The_Inspector,TV,Fall,2010,"Egret, Uruz",https://myanimelist.net/character/39137/Uruz_Egret,39137,Supporting,0
9241,Super Robot Taisen OG: The Inspector,https://myanimelist.net/anime/9241/Super_Robot_Taisen_OG__The_Inspector,TV,Fall,2010,"Egret, Anthuz",https://myanimelist.net/character/39138/Anthuz_Egret,39138,Supporting,0
9241,Super Robot Taisen OG: The Inspector,https://myanimelist.net/anime/9241/Super_Robot_Taisen_OG__The_Inspector,TV,Fall,2010,"Egret, Thurisuz",https://myanimelist.net/character/39139/Thurisuz_Egret,39139,Supporting,0
8918,Princess Lover! OVA,https://myanimelist.net/anime/8918/Princess_Lover_OVA,OVA,,2010,"Arima, Teppei",https://myanimelist.net/character/23500/Teppei_Arima,23500,Main,60
8101,HenSemi,https://myanimelist.net/anime/8101/HenSemi,OVA,,2010,"Musashi, Komugi",https://myanimelist.net/character/36558/Komugi_Musashi,36558,Main,14
6634,Sengoku Basara Ni,https://myanimelist.net/anime/6634/Sengoku_Basara_Ni,TV,Summer,2010,"Takenaka, Hanbei",https://myanimelist.net/character/31983/Hanbei_Takenaka,31983,Supporting,31
7592,Nurarihyon no Mago,https://myanimelist.net/anime/7592/Nurarihyon_no_Mago,TV,Summer,2010,"Inugamigyoubu, Tamazuki",https://myanimelist.net/character/35007/Tamazuki_Inugamigyoubu,35007,Supporting,4
10862,Tennis no Oujisama: Pair Prince,https://myanimelist.net/anime/10862/Tennis_no_Oujisama__Pair_Prince,Special,,2010,"Mizuki, Hajime",https://myanimelist.net/character/5858/Hajime_Mizuki,5858,Main,14
7472,Gintama Movie 1: Shinyaku Benizakura-hen,https://myanimelist.net/anime/7472/Gintama_Movie_1__Shinyaku_Benizakura-hen,Movie,,2010,"Katsura, Kotarou",https://myanimelist.net/character/1533/Kotarou_Katsura,1533,Main,9097
8310,Magic Kaito,https://myanimelist.net/anime/8310/Magic_Kaito,TV Special,,2010,"Hakuba, Saguru",https://myanimelist.net/character/12129/Saguru_Hakuba,12129,Supporting,51
7058,Uragiri wa Boku no Namae wo Shitteiru,https://myanimelist.net/anime/7058/Uragiri_wa_Boku_no_Namae_wo_Shitteiru,TV,Spring,2010,"Wakamiya, Kanata",https://myanimelist.net/character/31603/Kanata_Wakamiya,31603,Supporting,28
6547,Angel Beats!,https://myanimelist.net/anime/6547/Angel_Beats,TV,Spring,2010,Mysterious Boy,https://myanimelist.net/character/34379/Mysterious_Boy,34379,Supporting,3
10643,Gintama: Dai Hanseikai,https://myanimelist.net/anime/10643/Gintama__Dai_Hanseikai,Special,,2010,"Katsura, Kotarou",https://myanimelist.net/character/1533/Kotarou_Katsura,1533,Main,9097
8134,"Keroro Gunsou Movie 5: Tanjou! Kyuukyoku Keroro, Kiseki no Jikuu-jima, de Arimasu!!",https://myanimelist.net/anime/8134/Keroro_Gunsou_Movie_5__Tanjou_Kyuukyoku_Keroro_Kiseki_no_Jikuu-jima_de_Arimasu,Movie,,2010,"Saburo, Mutsumi",https://myanimelist.net/character/5668/Mutsumi_Saburo,5668,Supporting,28
7645,Heartcatch Precure!,https://myanimelist.net/anime/7645/Heartcatch_Precure,TV,Winter,2010,Cologne,https://myanimelist.net/character/37003/Cologne,37003,Supporting,2
7254,Harukanaru Toki no Naka de 3: Owarinaki Unmei,https://myanimelist.net/anime/7254/Harukanaru_Toki_no_Naka_de_3__Owarinaki_Unmei,TV Special,,2010,Ridvan,https://myanimelist.net/character/7779/Ridvan,7779,Supporting,2
3349,Kiddy GiRL-AND,https://myanimelist.net/anime/3349/Kiddy_GiRL-AND,TV,Fall,2009,Un-ou,https://myanimelist.net/character/17162/Un-ou,17162,Supporting,3
6702,Fairy Tail,https://myanimelist.net/anime/6702/Fairy_Tail,TV,Fall,2009,Zeref,https://myanimelist.net/character/37720/Zeref,37720,Supporting,1961
7103,Miracle☆Train: Oedo-sen e Youkoso,https://myanimelist.net/anime/7103/Miracle☆Train__Oedo-sen_e_Youkoso,TV,Fall,2009,Tokugawa,https://myanimelist.net/character/26501/Tokugawa,26501,Supporting,2
7082,Shugo Chara! Party!,https://myanimelist.net/anime/7082/Shugo_Chara_Party,TV,Fall,2009,"Amakawa, Tsukasa",https://myanimelist.net/character/13879/Tsukasa_Amakawa,13879,Supporting,4
6758,Tatakau Shisho: The Book of Bantorra,https://myanimelist.net/anime/6758/Tatakau_Shisho__The_Book_of_Bantorra,TV,Fall,2009,"Fleur, Mokkania",https://myanimelist.net/character/27374/Mokkania_Fleur,27374,Supporting,2
6050,Mahou Sensei Negima!: Mou Hitotsu no Sekai,https://myanimelist.net/anime/6050/Mahou_Sensei_Negima__Mou_Hitotsu_no_Sekai,OVA,,2009,"Averruncus, Fate",https://myanimelist.net/character/10928/Fate_Averruncus,10928,Supporting,49
6187,Nodame Cantabile OVA,https://myanimelist.net/anime/6187/Nodame_Cantabile_OVA,OVA,,2009,"Takahashi, Noriyuki",https://myanimelist.net/character/4997/Noriyuki_Takahashi,4997,Supporting,0
6325,Naruto: Shippuuden Movie 3 - Hi no Ishi wo Tsugu Mono,https://myanimelist.net/anime/6325/Naruto__Shippuuden_Movie_3_-_Hi_no_Ishi_wo_Tsugu_Mono,Movie,,2009,Gaara,https://myanimelist.net/character/1662/Gaara,1662,Supporting,13110
3784,Evangelion Movie 2: Ha,https://myanimelist.net/anime/3784/Evangelion_Movie_2__Ha,Movie,,2009,"Nagisa, Kaworu",https://myanimelist.net/character/1261/Kaworu_Nagisa,1261,Supporting,9121
6896,Pandora Hearts Omake,https://myanimelist.net/anime/6896/Pandora_Hearts_Omake,Special,,2009,"Break, Xerxes",https://myanimelist.net/character/14020/Xerxes_Break,14020,Supporting,5205
6896,Pandora Hearts Omake,https://myanimelist.net/anime/6896/Pandora_Hearts_Omake,Special,,2009,Emily,https://myanimelist.net/character/19583/Emily,19583,Supporting,14
5772,Akaneiro ni Somaru Saka: Hardcore,https://myanimelist.net/anime/5772/Akaneiro_ni_Somaru_Saka__Hardcore,Special,,2009,"Nishino, Fuyuhiko",https://myanimelist.net/character/13892/Fuyuhiko_Nishino,13892,Supporting,4
6171,Saint Seiya: The Lost Canvas - Meiou Shinwa,https://myanimelist.net/anime/6171/Saint_Seiya__The_Lost_Canvas_-_Meiou_Shinwa,OVA,,2009,"Virgo, Asmita",https://myanimelist.net/character/29217/Asmita_Virgo,29217,Supporting,68
5593,Dogs: Bullets & Carnage,https://myanimelist.net/anime/5593/Dogs__Bullets___Carnage,OVA,,2009,"Nails, Badou",https://myanimelist.net/character/3962/Badou_Nails,3962,Main,785
5150,Hatsukoi Limited.,https://myanimelist.net/anime/5150/Hatsukoi_Limited,TV,Spring,2009,"Renjou, Yukito",https://myanimelist.net/character/22542/Yukito_Renjou,22542,Supporting,4
5962,Metal Fight Beyblade,https://myanimelist.net/anime/5962/Metal_Fight_Beyblade,TV,Spring,2009,"Ooike, Tobio",https://myanimelist.net/character/109541/Tobio_Ooike,109541,Supporting,0
5530,Pandora Hearts,https://myanimelist.net/anime/5530/Pandora_Hearts,TV,Spring,2009,"Break, Xerxes",https://myanimelist.net/character/14020/Xerxes_Break,14020,Main,5205
5530,Pandora Hearts,https://myanimelist.net/anime/5530/Pandora_Hearts,TV,Spring,2009,Emily,https://myanimelist.net/character/19583/Emily,19583,Supporting,14
5710,Keroro Gunsou Movie 4: Gekishin Dragon Warriors de Arimasu!,https://myanimelist.net/anime/5710/Keroro_Gunsou_Movie_4__Gekishin_Dragon_Warriors_de_Arimasu,Movie,,2009,"Saburo, Mutsumi",https://myanimelist.net/character/5668/Mutsumi_Saburo,5668,Supporting,28
5233,Slayers Evolution-R,https://myanimelist.net/anime/5233/Slayers_Evolution-R,TV,Winter,2009,Xellos,https://myanimelist.net/character/2859/Xellos,2859,Supporting,783
5420,Kemono no Souja Erin,https://myanimelist.net/anime/5420/Kemono_no_Souja_Erin,TV,Winter,2009,Damiya,https://myanimelist.net/character/18382/Damiya,18382,Supporting,0
4726,Druaga no Tou: The Sword of Uruk,https://myanimelist.net/anime/4726/Druaga_no_Tou__The_Sword_of_Uruk,TV,Winter,2009,Kally,https://myanimelist.net/character/10189/Kally,10189,Supporting,2
5300,Zoku Natsume Yuujinchou,https://myanimelist.net/anime/5300/Zoku_Natsume_Yuujinchou,TV,Winter,2009,"Natori, Shuuichi",https://myanimelist.net/character/13887/Shuuichi_Natori,13887,Supporting,197
5307,Sora wo Kakeru Shoujo,https://myanimelist.net/anime/5307/Sora_wo_Kakeru_Shoujo,TV,Winter,2009,"Surre, Emilio",https://myanimelist.net/character/18710/Emilio_Surre,18710,Supporting,0
4703,Yes! Precure 5 GoGo! Movie: Okashi no Kuni no Happy Birthday,https://myanimelist.net/anime/4703/Yes_Precure_5_GoGo_Movie__Okashi_no_Kuni_no_Happy_Birthday,Movie,,2008,Dry,https://myanimelist.net/character/99303/Dry,99303,Supporting,0
4975,ChäoS;HEAd,https://myanimelist.net/anime/4975/ChäoS_HEAd,TV,Fall,2008,"Takashina, Fumio",https://myanimelist.net/character/17469/Fumio_Takashina,17469,Supporting,1
5262,Shugo Chara!! Doki,https://myanimelist.net/anime/5262/Shugo_Chara_Doki,TV,Fall,2008,"Amakawa, Tsukasa",https://myanimelist.net/character/13879/Tsukasa_Amakawa,13879,Supporting,4
4744,Akaneiro ni Somaru Saka,https://myanimelist.net/anime/4744/Akaneiro_ni_Somaru_Saka,TV,Fall,2008,"Nishino, Fuyuhiko",https://myanimelist.net/character/13892/Fuyuhiko_Nishino,13892,Supporting,4
4981,Casshern Sins,https://myanimelist.net/anime/4981/Casshern_Sins,TV,Fall,2008,Margo,https://myanimelist.net/character/18026/Margo,18026,Supporting,30
4981,Casshern Sins,https://myanimelist.net/anime/4981/Casshern_Sins,TV,Fall,2008,Root,https://myanimelist.net/character/28498/Root,28498,Supporting,1
5332,Toshokan Sensou: Koi no Shougai,https://myanimelist.net/anime/5332/Toshokan_Sensou__Koi_no_Shougai,Special,,2008,"Komaki, Mikihisa",https://myanimelist.net/character/11484/Mikihisa_Komaki,11484,Main,7
6945,Gintama: Shiroyasha Koutan,https://myanimelist.net/anime/6945/Gintama__Shiroyasha_Koutan,Special,,2008,"Katsura, Kotarou",https://myanimelist.net/character/1533/Kotarou_Katsura,1533,Supporting,9097
4081,Natsume Yuujinchou,https://myanimelist.net/anime/4081/Natsume_Yuujinchou,TV,Summer,2008,"Natori, Shuuichi",https://myanimelist.net/character/13887/Shuuichi_Natori,13887,Supporting,197
4685,Takane no Jitensha,https://myanimelist.net/anime/4685/Takane_no_Jitensha,TV Special,,2008,Yoyogi,https://myanimelist.net/character/119201/Yoyogi,119201,Main,0
4028,Slayers Revolution,https://myanimelist.net/anime/4028/Slayers_Revolution,TV,Summer,2008,Xellos,https://myanimelist.net/character/2859/Xellos,2859,Supporting,783
4053,Tennis no Oujisama: Zenkoku Taikai-hen - Final,https://myanimelist.net/anime/4053/Tennis_no_Oujisama__Zenkoku_Taikai-hen_-_Final,OVA,,2008,"Mizuki, Hajime",https://myanimelist.net/character/5858/Hajime_Mizuki,5858,Supporting,14
3613,Toshokan Sensou,https://myanimelist.net/anime/3613/Toshokan_Sensou,TV,Spring,2008,"Komaki, Mikihisa",https://myanimelist.net/character/11484/Mikihisa_Komaki,11484,Supporting,7
3230,Druaga no Tou: The Aegis of Uruk,https://myanimelist.net/anime/3230/Druaga_no_Tou__The_Aegis_of_Uruk,TV,Spring,2008,Kally,https://myanimelist.net/character/10189/Kally,10189,Supporting,2
4798,Druaga no Tou: The Aegis of Uruk - Jil no Bouken,https://myanimelist.net/anime/4798/Druaga_no_Tou__The_Aegis_of_Uruk_-_Jil_no_Bouken,Special,,2008,Kally,https://myanimelist.net/character/10189/Kally,10189,Supporting,2
4080,Kyou kara Maou! 3rd Series,https://myanimelist.net/anime/4080/Kyou_kara_Maou_3rd_Series,TV,Spring,2008,Saralegui,https://myanimelist.net/character/6855/Saralegui,6855,Supporting,31
5290,Keroro Gunsou Movie 3: Tenkuu Daikessen de Arimasu!,https://myanimelist.net/anime/5290/Keroro_Gunsou_Movie_3__Tenkuu_Daikessen_de_Arimasu,Movie,,2008,"Saburo, Mutsumi",https://myanimelist.net/character/5668/Mutsumi_Saburo,5668,Supporting,28
3342,Mnemosyne: Mnemosyne no Musume-tachi,https://myanimelist.net/anime/3342/Mnemosyne__Mnemosyne_no_Musume-tachi,TV,Winter,2008,Apos,https://myanimelist.net/character/7796/Apos,7796,Main,28
4190,Harukanaru Toki no Naka de 3: Kurenai no Tsuki Special,https://myanimelist.net/anime/4190/Harukanaru_Toki_no_Naka_de_3__Kurenai_no_Tsuki_Special,,,,Ridvan,https://myanimelist.net/character/7779/Ridvan,7779,Main,2
3227,Harukanaru Toki no Naka de 3: Kurenai no Tsuki,https://myanimelist.net/anime/3227/Harukanaru_Toki_no_Naka_de_3__Kurenai_no_Tsuki,TV Special,,2007,Ridvan,https://myanimelist.net/character/7779/Ridvan,7779,Main,2
2889,Bleach Movie 2: The DiamondDust Rebellion - Mou Hitotsu no Hyourinmaru,https://myanimelist.net/anime/2889/Bleach_Movie_2__The_DiamondDust_Rebellion_-_Mou_Hitotsu_no_Hyourinmaru,Movie,,2007,"Kusaka, Sojiro",https://myanimelist.net/character/7883/Sojiro_Kusaka,7883,Main,4
2971,Kyou kara Maou! R,https://myanimelist.net/anime/2971/Kyou_kara_Maou_R,OVA,,2007,Saralegui,https://myanimelist.net/character/6855/Saralegui,6855,Supporting,31
2508,Genshiken 2,https://myanimelist.net/anime/2508/Genshiken_2,TV,Fall,2007,"Kuchiki, Manabu",https://myanimelist.net/character/7565/Manabu_Kuchiki,7565,Supporting,10
2923,Shugo Chara!,https://myanimelist.net/anime/2923/Shugo_Chara,TV,Fall,2007,"Amakawa, Tsukasa",https://myanimelist.net/character/13879/Tsukasa_Amakawa,13879,Supporting,4
2986,Bamboo Blade,https://myanimelist.net/anime/2986/Bamboo_Blade,TV,Fall,2007,"Eiga, Danjuurou",https://myanimelist.net/character/5388/Danjuurou_Eiga,5388,Main,17
2986,Bamboo Blade,https://myanimelist.net/anime/2986/Bamboo_Blade,TV,Fall,2007,Yellow Blade Braver,https://myanimelist.net/character/8361/Yellow_Blade_Braver,8361,Supporting,3
2759,Evangelion Movie 1: Jo,https://myanimelist.net/anime/2759/Evangelion_Movie_1__Jo,Movie,,2007,"Nagisa, Kaworu",https://myanimelist.net/character/1261/Kaworu_Nagisa,1261,Supporting,9121
3223,Kiddy Grade: Truth Dawn,https://myanimelist.net/anime/3223/Kiddy_Grade__Truth_Dawn,Movie,,2007,Un-ou,https://myanimelist.net/character/17162/Un-ou,17162,Supporting,3
3019,Lupin III: Kiri no Elusive,https://myanimelist.net/anime/3019/Lupin_III__Kiri_no_Elusive,Special,,2007,Eshika,https://myanimelist.net/character/4293/Eshika,4293,Supporting,1
3222,Kiddy Grade: Maelstrom,https://myanimelist.net/anime/3222/Kiddy_Grade__Maelstrom,Movie,,2007,Un-ou,https://myanimelist.net/character/17162/Un-ou,17162,Supporting,3
2743,Kidou Senshi Gundam SEED: SEED Supernova - Tanekyara Gekijou,https://myanimelist.net/anime/2743/Kidou_Senshi_Gundam_SEED__SEED_Supernova_-_Tanekyara_Gekijou,Special,,2007,"Zala, Athrun",https://myanimelist.net/character/114/Athrun_Zala,114,Main,982
2752,Tennis no Oujisama: Zenkoku Taikai-hen - Semifinal,https://myanimelist.net/anime/2752/Tennis_no_Oujisama__Zenkoku_Taikai-hen_-_Semifinal,OVA,,2007,"Mizuki, Hajime",https://myanimelist.net/character/5858/Hajime_Mizuki,5858,Supporting,14
2169,Ice,https://myanimelist.net/anime/2169/Ice,OVA,,2007,Julia,https://myanimelist.net/character/19535/Julia,19535,Main,1
2143,Saiyuuki Reload: Burial,https://myanimelist.net/anime/2143/Saiyuuki_Reload__Burial,OVA,,2007,"Cho, Hakkai",https://myanimelist.net/character/219/Hakkai_Cho,219,Main,349
1690,Bokura no,https://myanimelist.net/anime/1690/Bokura_no,TV,Spring,2007,Koemushi,https://myanimelist.net/character/2716/Koemushi,2716,Main,65
2031,Shining Tears X Wind,https://myanimelist.net/anime/2031/Shining_Tears_X_Wind,TV,Spring,2007,"Kiriya, Kaito",https://myanimelist.net/character/2335/Kaito_Kiriya,2335,Main,5
2176,Kiddy Grade: Ignition,https://myanimelist.net/anime/2176/Kiddy_Grade__Ignition,Movie,,2007,Un-ou,https://myanimelist.net/character/17162/Un-ou,17162,Supporting,3
1808,Kamichama Karin,https://myanimelist.net/anime/1808/Kamichama_Karin,TV,Spring,2007,"Nishikiori, Michiru",https://myanimelist.net/character/5259/Michiru_Nishikiori,5259,Supporting,17
2162,Koutetsu Sangokushi,https://myanimelist.net/anime/2162/Koutetsu_Sangokushi,TV,Spring,2007,"Ryomou, Shimei",https://myanimelist.net/character/21637/Shimei_Ryomou,21637,Supporting,5
2153,Saint Beast: Kouin Jojishi Tenshi Tan,https://myanimelist.net/anime/2153/Saint_Beast__Kouin_Jojishi_Tenshi_Tan,TV,Spring,2007,Judas,https://myanimelist.net/character/6104/Judas,6104,Main,7
1818,Claymore,https://myanimelist.net/anime/1818/Claymore,TV,Spring,2007,Zaki,https://myanimelist.net/character/35614/Zaki,35614,Supporting,0
1694,iDOLM@STER Xenoglossia,https://myanimelist.net/anime/1694/iDOLMSTER_Xenoglossia,TV,Spring,2007,Karasu,https://myanimelist.net/character/26955/Karasu,26955,Supporting,0
1725,Keitai Shoujo,https://myanimelist.net/anime/1725/Keitai_Shoujo,ONA,,2007,"Aida, Hiro",https://myanimelist.net/character/6838/Hiro_Aida,6838,Main,0
2408,Keroro Gunsou Movie 2: Shinkai no Princess de Arimasu!,https://myanimelist.net/anime/2408/Keroro_Gunsou_Movie_2__Shinkai_no_Princess_de_Arimasu,Movie,,2007,"Saburo, Mutsumi",https://myanimelist.net/character/5668/Mutsumi_Saburo,5668,Supporting,28
1735,Naruto: Shippuuden,https://myanimelist.net/anime/1735/Naruto__Shippuuden,TV,Winter,2007,Gaara,https://myanimelist.net/character/1662/Gaara,1662,Supporting,13110
1698,Nodame Cantabile,https://myanimelist.net/anime/1698/Nodame_Cantabile,TV,Winter,2007,"Takahashi, Noriyuki",https://myanimelist.net/character/4997/Noriyuki_Takahashi,4997,Supporting,0
3854,Ginga Tetsudou Monogatari: Wasurerareta Toki no Wakusei,https://myanimelist.net/anime/3854/Ginga_Tetsudou_Monogatari__Wasurerareta_Toki_no_Wakusei,OVA,,2006,"Black, Kilian",https://myanimelist.net/character/9029/Kilian_Black,9029,Supporting,0
1813,Genshiken OVA,https://myanimelist.net/anime/1813/Genshiken_OVA,OVA,,2006,"Kuchiki, Manabu",https://myanimelist.net/character/7565/Manabu_Kuchiki,7565,Supporting,10
1609,Mai-Otome Zwei,https://myanimelist.net/anime/1609/Mai-Otome_Zwei,OVA,,2006,"Daí Artai, Nagi",https://myanimelist.net/character/1200/Nagi_Daí_Artai,1200,Supporting,8
1606,Kekkaishi,https://myanimelist.net/anime/1606/Kekkaishi,TV,Fall,2006,"Tsukijigaoka, Toshihiko",https://myanimelist.net/character/50565/Toshihiko_Tsukijigaoka,50565,Supporting,0
2717,Ginga Tetsudou Monogatari: Eien e no Bunkiten,https://myanimelist.net/anime/2717/Ginga_Tetsudou_Monogatari__Eien_e_no_Bunkiten,TV,Fall,2006,"Black, Kilian",https://myanimelist.net/character/9029/Kilian_Black,9029,Supporting,0
1557,Shounen Onmyouji,https://myanimelist.net/anime/1557/Shounen_Onmyouji,TV,Fall,2006,"Abe no, Seimei",https://myanimelist.net/character/1914/Seimei_Abe_no,1914,Main,13
1906,Harukanaru Toki no Naka de: Maihitoyo,https://myanimelist.net/anime/1906/Harukanaru_Toki_no_Naka_de__Maihitoyo,Movie,,2006,"Abe no, Yasuaki",https://myanimelist.net/character/1466/Yasuaki_Abe_no,1466,Main,55
1681,Brave Story,https://myanimelist.net/anime/1681/Brave_Story,Movie,,2006,Ishioka,https://myanimelist.net/character/112167/Ishioka,112167,Supporting,0
1243,Night Head Genesis,https://myanimelist.net/anime/1243/Night_Head_Genesis,TV,Summer,2006,"Kirihara, Naoya",https://myanimelist.net/character/710/Naoya_Kirihara,710,Main,17
2294,Kidou Senshi Gundam SEED Destiny Special Edition,https://myanimelist.net/anime/2294/Kidou_Senshi_Gundam_SEED_Destiny_Special_Edition,TV Special,,2006,"Zala, Athrun",https://myanimelist.net/character/114/Athrun_Zala,114,Main,982
1506,Meitantei Conan Movie 10: Tantei-tachi no Requiem,https://myanimelist.net/anime/1506/Meitantei_Conan_Movie_10__Tantei-tachi_no_Requiem,Movie,,2006,"Hakuba, Saguru",https://myanimelist.net/character/12129/Saguru_Hakuba,12129,Supporting,51
942,Nishi no Yoki Majo: Astraea Testament,https://myanimelist.net/anime/942/Nishi_no_Yoki_Majo__Astraea_Testament,TV,Spring,2006,"Lot, Chrisbart",https://myanimelist.net/character/5963/Chrisbart_Lot,5963,Supporting,1
877,Nana,https://myanimelist.net/anime/877/Nana,TV,Spring,2006,"Okazaki, Shinichi",https://myanimelist.net/character/1424/Shinichi_Okazaki,1424,Supporting,3482
973,Glass no Kantai: La Legende du Vent de l'Univers,https://myanimelist.net/anime/973/Glass_no_Kantai__La_Legende_du_Vent_de_lUnivers,TV,Spring,2006,"Lunard Sforza de Roselait, Vetti",https://myanimelist.net/character/13877/Vetti_Lunard_Sforza_de_Roselait,13877,Main,10
918,Gintama,https://myanimelist.net/anime/918/Gintama,TV,Spring,2006,"Katsura, Kotarou",https://myanimelist.net/character/1533/Kotarou_Katsura,1533,Supporting,9097
2407,Keroro Gunsou Movie 1,https://myanimelist.net/anime/2407/Keroro_Gunsou_Movie_1,Movie,,2006,"Saburo, Mutsumi",https://myanimelist.net/character/5668/Mutsumi_Saburo,5668,Supporting,28
771,Ginyuu Mokushiroku Meine Liebe Wieder,https://myanimelist.net/anime/771/Ginyuu_Mokushiroku_Meine_Liebe_Wieder,TV,Winter,2006,"Ishizuki, Naoji",https://myanimelist.net/character/3929/Naoji_Ishizuki,3929,Main,12
590,Kage kara Mamoru!,https://myanimelist.net/anime/590/Kage_kara_Mamoru,TV,Winter,2006,"Kumogakure, Raijuurou",https://myanimelist.net/character/111999/Raijuurou_Kumogakure,111999,Supporting,0
2244,Rakugo Tennyo Oyui,https://myanimelist.net/anime/2244/Rakugo_Tennyo_Oyui,TV,Winter,2006,"Kotsukahara, Ukyou",https://myanimelist.net/character/119195/Ukyou_Kotsukahara,119195,Supporting,0
1241,Kidou Senshi Gundam SEED Destiny Final Plus: Erabareta Mirai,https://myanimelist.net/anime/1241/Kidou_Senshi_Gundam_SEED_Destiny_Final_Plus__Erabareta_Mirai,OVA,,2005,"Zala, Athrun",https://myanimelist.net/character/114/Athrun_Zala,114,Main,982
1907,Harukanaru Toki no Naka de: Hachiyou Shou OVA,https://myanimelist.net/anime/1907/Harukanaru_Toki_no_Naka_de__Hachiyou_Shou_OVA,OVA,,2005,"Abe no, Yasuaki",https://myanimelist.net/character/1466/Yasuaki_Abe_no,1466,Main,55
1074,Naruto Narutimate Hero 3: Tsuini Gekitotsu! Jounin vs. Genin!! Musabetsu Dairansen Taikai Kaisai!!,https://myanimelist.net/anime/1074/Naruto_Narutimate_Hero_3__Tsuini_Gekitotsu_Jounin_vs_Genin_Musabetsu_Dairansen_Taikai_Kaisai,OVA,,2005,Gaara,https://myanimelist.net/character/1662/Gaara,1662,Supporting,13110
3004,Saint Beast: Ikusen no Hiru to Yoru-hen,https://myanimelist.net/anime/3004/Saint_Beast__Ikusen_no_Hiru_to_Yoru-hen,OVA,,2005,Judas,https://myanimelist.net/character/6104/Judas,6104,Main,7
150,Blood+,https://myanimelist.net/anime/150/Blood_,TV,Fall,2005,"Goldschmidt VI, Joel",https://myanimelist.net/character/848/Joel_Goldschmidt_VI,848,Supporting,4
99,Mai-Otome,https://myanimelist.net/anime/99/Mai-Otome,TV,Fall,2005,"Daí Artai, Nagi",https://myanimelist.net/character/1200/Nagi_Daí_Artai,1200,Supporting,8
2951,Gintama: Nanigoto mo Saisho ga Kanjin nanode Tashou Senobisuru Kurai ga Choudoyoi,https://myanimelist.net/anime/2951/Gintama__Nanigoto_mo_Saisho_ga_Kanjin_nanode_Tashou_Senobisuru_Kurai_ga_Choudoyoi,Special,,2005,"Katsura, Kotarou",https://myanimelist.net/character/1533/Kotarou_Katsura,1533,Supporting,9097
1905,Harukanaru Toki no Naka de: Hachiyou Shou Specials,https://myanimelist.net/anime/1905/Harukanaru_Toki_no_Naka_de__Hachiyou_Shou_Specials,Special,,2005,"Abe no, Yasuaki",https://myanimelist.net/character/1466/Yasuaki_Abe_no,1466,Main,55
936,Naruto Movie 2: Dai Gekitotsu! Maboroshi no Chiteiiseki Dattebayo!,https://myanimelist.net/anime/936/Naruto_Movie_2__Dai_Gekitotsu_Maboroshi_no_Chiteiiseki_Dattebayo,Movie,,2005,Gaara,https://myanimelist.net/character/1662/Gaara,1662,Supporting,13110
612,PetoPeto-san,https://myanimelist.net/anime/612/PetoPeto-san,TV,Summer,2005,"Waga, Hachirou",https://myanimelist.net/character/119193/Hachirou_Waga,119193,Supporting,0
8687,Doraemon (2005),https://myanimelist.net/anime/8687/Doraemon_2005,TV,Spring,2005,Prince #2,https://myanimelist.net/character/261416/Prince_2,261416,Supporting,0
1250,Erementar Gerad,https://myanimelist.net/anime/1250/Erementar_Gerad,TV,Spring,2005,"Van Giruet, Coud",https://myanimelist.net/character/4301/Coud_Van_Giruet,4301,Main,100
479,Ueki no Housoku,https://myanimelist.net/anime/479/Ueki_no_Housoku,TV,Spring,2005,Inumaru,https://myanimelist.net/character/3103/Inumaru,3103,Supporting,1
814,Tennis no Oujisama: Atobe kara no Okurimono - Kimi ni Sasageru Tennis Prince Matsuri,https://myanimelist.net/anime/814/Tennis_no_Oujisama__Atobe_kara_no_Okurimono_-_Kimi_ni_Sasageru_Tennis_Prince_Matsuri,Movie,,2005,"Mizuki, Hajime",https://myanimelist.net/character/5858/Hajime_Mizuki,5858,Supporting,14
1532,Suki na Mono wa Suki Dakara Shou ga Nai!!,https://myanimelist.net/anime/1532/Suki_na_Mono_wa_Suki_Dakara_Shou_ga_Nai,TV,Winter,2005,"Nanami, Kai",https://myanimelist.net/character/529/Kai_Nanami,529,Main,13
364,Gallery Fake,https://myanimelist.net/anime/364/Gallery_Fake,TV,Winter,2005,Hiroto,https://myanimelist.net/character/38650/Hiroto,38650,Supporting,0
157,Mahou Sensei Negima!,https://myanimelist.net/anime/157/Mahou_Sensei_Negima,TV,Winter,2005,"Averruncus, Fate",https://myanimelist.net/character/10928/Fate_Averruncus,10928,Supporting,49
2123,Digimon X-Evolution,https://myanimelist.net/anime/2123/Digimon_X-Evolution,Movie,,2005,Wizarmon,https://myanimelist.net/character/17188/Wizarmon,17188,Supporting,54
336,Ginyuu Mokushiroku Meine Liebe,https://myanimelist.net/anime/336/Ginyuu_Mokushiroku_Meine_Liebe,TV,Fall,2004,"Ishizuki, Naoji",https://myanimelist.net/character/3929/Naoji_Ishizuki,3929,Main,12
74,Gakuen Alice,https://myanimelist.net/anime/74/Gakuen_Alice,TV,Fall,2004,"L. Narumi, Anjo",https://myanimelist.net/character/2396/Anjo_L_Narumi,2396,Supporting,52
240,Genshiken,https://myanimelist.net/anime/240/Genshiken,TV,Fall,2004,"Kuchiki, Manabu",https://myanimelist.net/character/7565/Manabu_Kuchiki,7565,Supporting,10
94,Kidou Senshi Gundam SEED Destiny,https://myanimelist.net/anime/94/Kidou_Senshi_Gundam_SEED_Destiny,TV,Fall,2004,"Zala, Athrun",https://myanimelist.net/character/114/Athrun_Zala,114,Main,982
482,Yu☆Gi☆Oh! Duel Monsters GX,https://myanimelist.net/anime/482/Yu☆Gi☆Oh_Duel_Monsters_GX,TV,Fall,2004,"Phoenix, Edo",https://myanimelist.net/character/1303/Edo_Phoenix,1303,Supporting,65
247,Harukanaru Toki no Naka de: Hachiyou Shou,https://myanimelist.net/anime/247/Harukanaru_Toki_no_Naka_de__Hachiyou_Shou,TV,Fall,2004,"Abe no, Yasuaki",https://myanimelist.net/character/1466/Yasuaki_Abe_no,1466,Main,55
98,Mai-HiME,https://myanimelist.net/anime/98/Mai-HiME,TV,Fall,2004,"Homura, Nagi",https://myanimelist.net/character/796/Nagi_Homura,796,Supporting,14
2269,Kidou Senshi Gundam SEED Special Edition,https://myanimelist.net/anime/2269/Kidou_Senshi_Gundam_SEED_Special_Edition,TV Special,,2004,"Zala, Athrun",https://myanimelist.net/character/114/Athrun_Zala,114,Main,982
844,Konjiki no Gash Bell!!: 101-banme no Mamono,https://myanimelist.net/anime/844/Konjiki_no_Gash_Bell__101-banme_no_Mamono,Movie,,2004,Wonlay,https://myanimelist.net/character/16873/Wonlay,16873,Supporting,17
252,Madlax,https://myanimelist.net/anime/252/Madlax,TV,Spring,2004,Lopez,https://myanimelist.net/character/125703/Lopez,125703,Supporting,0
516,Keroro Gunsou,https://myanimelist.net/anime/516/Keroro_Gunsou,TV,Spring,2004,"Saburo, Mutsumi",https://myanimelist.net/character/5668/Mutsumi_Saburo,5668,Supporting,28
131,Saiyuuki Reload Gunlock,https://myanimelist.net/anime/131/Saiyuuki_Reload_Gunlock,TV,Spring,2004,"Cho, Hakkai",https://myanimelist.net/character/219/Hakkai_Cho,219,Main,349
174,Tenjou Tenge,https://myanimelist.net/anime/174/Tenjou_Tenge,TV,Spring,2004,"Sanada, Masahiro",https://myanimelist.net/character/35582/Masahiro_Sanada,35582,Supporting,1
2298,Kidou Senshi Gundam SEED: Hoshi no Hazama de,https://myanimelist.net/anime/2298/Kidou_Senshi_Gundam_SEED__Hoshi_no_Hazama_de,Special,,2004,"Zala, Athrun",https://myanimelist.net/character/114/Athrun_Zala,114,Main,982
222,Mezzo DSA,https://myanimelist.net/anime/222/Mezzo_DSA,TV,Winter,2004,"Otokawa, Hiroshi",https://myanimelist.net/character/112001/Hiroshi_Otokawa,112001,Supporting,0
60,Chrno Crusade,https://myanimelist.net/anime/60/Chrno_Crusade,TV,Fall,2003,Chrno,https://myanimelist.net/character/2034/Chrno,2034,Main,837
709,Mujin Wakusei Survive,https://myanimelist.net/anime/709/Mujin_Wakusei_Survive,TV,Fall,2003,Howard,https://myanimelist.net/character/6350/Howard,6350,Main,15
1490,Ginga Tetsudou Monogatari,https://myanimelist.net/anime/1490/Ginga_Tetsudou_Monogatari,TV,Fall,2003,Owen,https://myanimelist.net/character/101409/Owen,101409,Supporting,0
130,Saiyuuki Reload,https://myanimelist.net/anime/130/Saiyuuki_Reload,TV,Fall,2003,"Cho, Hakkai",https://myanimelist.net/character/219/Hakkai_Cho,219,Main,349
1582,Submarine 707R,https://myanimelist.net/anime/1582/Submarine_707R,OVA,,2003,"Kusaka, Goro",https://myanimelist.net/character/76716/Goro_Kusaka,76716,Supporting,0
838,Narutaru: Mukuro Naru Hoshi Tama Taru Ko,https://myanimelist.net/anime/838/Narutaru__Mukuro_Naru_Hoshi_Tama_Taru_Ko,TV,Summer,2003,"Komori, Tomonori",https://myanimelist.net/character/2601/Tomonori_Komori,2601,Supporting,0
1037,Saint Beast: Seijuu Kourin-hen,https://myanimelist.net/anime/1037/Saint_Beast__Seijuu_Kourin-hen,TV,Spring,2003,Judas,https://myanimelist.net/character/6104/Judas,6104,Main,7
407,Tantei Gakuen Q,https://myanimelist.net/anime/407/Tantei_Gakuen_Q,TV,Spring,2003,"Toujou, Masumi",https://myanimelist.net/character/108157/Masumi_Toujou,108157,Supporting,0
250,Konjiki no Gash Bell!!,https://myanimelist.net/anime/250/Konjiki_no_Gash_Bell,TV,Spring,2003,Wonlay,https://myanimelist.net/character/16873/Wonlay,16873,Supporting,17
61,D.N.Angel,https://myanimelist.net/anime/61/DNAngel,TV,Spring,2003,"Hiwatari, Satoshi",https://myanimelist.net/character/223/Satoshi_Hiwatari,223,Main,183
1904,Harukanaru Toki no Naka de 2: Shiroki Ryuu no Miko,https://myanimelist.net/anime/1904/Harukanaru_Toki_no_Naka_de_2__Shiroki_Ryuu_no_Miko,OVA,,2003,"Abe no, Yasutsugu",https://myanimelist.net/character/4022/Yasutsugu_Abe_no,4022,Supporting,0
266,Gunparade March: Arata Naru Kougunka,https://myanimelist.net/anime/266/Gunparade_March__Arata_Naru_Kougunka,TV,Winter,2003,"Hayami, Atsushi",https://myanimelist.net/character/11424/Atsushi_Hayami,11424,Main,5
1084,I''s,https://myanimelist.net/anime/1084/Is,OVA,,2002,"Koshinae, Jun",https://myanimelist.net/character/12719/Jun_Koshinae,12719,Supporting,4
1564,Pokemon Advanced Generation,https://myanimelist.net/anime/1564/Pokemon_Advanced_Generation,TV,Fall,2002,Joshu,https://myanimelist.net/character/20867/Joshu,20867,Supporting,0
1564,Pokemon Advanced Generation,https://myanimelist.net/anime/1564/Pokemon_Advanced_Generation,TV,Fall,2002,Hyuga,https://myanimelist.net/character/54345/Hyuga,54345,Supporting,0
216,Pia Carrot e Youkoso!!: Sayaka no Koi Monogatari,https://myanimelist.net/anime/216/Pia_Carrot_e_Youkoso__Sayaka_no_Koi_Monogatari,Movie,,2002,"Maeda, Kouji",https://myanimelist.net/character/7974/Kouji_Maeda,7974,Supporting,2
274,Kiddy Grade,https://myanimelist.net/anime/274/Kiddy_Grade,TV,Fall,2002,Un-ou,https://myanimelist.net/character/17162/Un-ou,17162,Supporting,3
93,Kidou Senshi Gundam SEED,https://myanimelist.net/anime/93/Kidou_Senshi_Gundam_SEED,TV,Fall,2002,"Zala, Athrun",https://myanimelist.net/character/114/Athrun_Zala,114,Main,982
20,Naruto,https://myanimelist.net/anime/20/Naruto,TV,Fall,2002,Gaara,https://myanimelist.net/character/1662/Gaara,1662,Supporting,13110
341,Spiral: Suiri no Kizuna,https://myanimelist.net/anime/341/Spiral__Suiri_no_Kizuna,TV,Fall,2002,"Rutherford, Eyes",https://myanimelist.net/character/1772/Eyes_Rutherford,1772,Main,110
4476,Gensoumaden Saiyuuki: Kibou no Zaika,https://myanimelist.net/anime/4476/Gensoumaden_Saiyuuki__Kibou_no_Zaika,OVA,,2002,"Cho, Hakkai",https://myanimelist.net/character/219/Hakkai_Cho,219,Main,349
254,Jungle wa Itsumo Hare nochi Guu Deluxe,https://myanimelist.net/anime/254/Jungle_wa_Itsumo_Hare_nochi_Guu_Deluxe,OVA,,2002,"Tachibana, Seiichi",https://myanimelist.net/character/15954/Seiichi_Tachibana,15954,Supporting,1
419,Samurai Deeper Kyou,https://myanimelist.net/anime/419/Samurai_Deeper_Kyou,TV,Summer,2002,"Sarutobi, Sasuke",https://myanimelist.net/character/491/Sasuke_Sarutobi,491,Main,15
887,Megami Kouhosei Special Curriculum,https://myanimelist.net/anime/887/Megami_Kouhosei_Special_Curriculum,OVA,,2002,"Hikura, Yu",https://myanimelist.net/character/25473/Yu_Hikura,25473,Supporting,0
1611,Galerians: Rion,https://myanimelist.net/anime/1611/Galerians__Rion,OVA,,2002,"Steiner, Rion",https://myanimelist.net/character/9998/Rion_Steiner,9998,Main,5
1611,Galerians: Rion,https://myanimelist.net/anime/1611/Galerians__Rion,OVA,,2002,Cain,https://myanimelist.net/character/69293/Cain,69293,Supporting,1
153,Juuni Kokuki,https://myanimelist.net/anime/153/Juuni_Kokuki,TV,Spring,2002,Kouya,https://myanimelist.net/character/20218/Kouya,20218,Supporting,1
687,Tokyo Mew Mew,https://myanimelist.net/anime/687/Tokyo_Mew_Mew,TV,Spring,2002,Shunsuke,https://myanimelist.net/character/125951/Shunsuke,125951,Supporting,0
647,Harukanaru Toki no Naka de: Ajisai Yumegatari,https://myanimelist.net/anime/647/Harukanaru_Toki_no_Naka_de__Ajisai_Yumegatari,OVA,,2002,"Abe no, Yasuaki",https://myanimelist.net/character/1466/Yasuaki_Abe_no,1466,Main,55
353,Ojamajo Doremi Dokkaan!,https://myanimelist.net/anime/353/Ojamajo_Doremi_Dokkaan,TV,Winter,2002,Mysterious Boy,https://myanimelist.net/character/73613/Mysterious_Boy,73613,Supporting,0
623,Shichinin no Nana,https://myanimelist.net/anime/623/Shichinin_no_Nana,TV,Winter,2002,"Saburo, Mutsumi",https://myanimelist.net/character/5668/Mutsumi_Saburo,5668,Supporting,28
623,Shichinin no Nana,https://myanimelist.net/anime/623/Shichinin_no_Nana,TV,Winter,2002,"Kamichika, Yuuichi",https://myanimelist.net/character/52161/Yuuichi_Kamichika,52161,Supporting,1
708,Patapata Hikousen no Bouken,https://myanimelist.net/anime/708/Patapata_Hikousen_no_Bouken,TV,Winter,2002,"Harrison, Bob",https://myanimelist.net/character/140688/Bob_Harrison,140688,Supporting,0
866,Slayers Premium,https://myanimelist.net/anime/866/Slayers_Premium,Movie,,2001,Xellos,https://myanimelist.net/character/2859/Xellos,2859,Supporting,783
1408,Kao no nai Tsuki,https://myanimelist.net/anime/1408/Kao_no_nai_Tsuki,OVA,,2001,"Hayama, Koichi",https://myanimelist.net/character/16213/Koichi_Hayama,16213,Main,5
580,Kogepan,https://myanimelist.net/anime/580/Kogepan,TV,Fall,2001,Kuriimupan,https://myanimelist.net/character/8862/Kuriimupan,8862,Supporting,1
10036,Boku no Chikyuu wo Mamotte: Kiniro no Toki Nagarete,https://myanimelist.net/anime/10036/Boku_no_Chikyuu_wo_Mamotte__Kiniro_no_Toki_Nagarete,Special,,2001,Rojion,https://myanimelist.net/character/125902/Rojion,125902,Supporting,0
1678,Cyborg 009: The Cyborg Soldier,https://myanimelist.net/anime/1678/Cyborg_009__The_Cyborg_Soldier,TV,Fall,2001,Apollo,https://myanimelist.net/character/125707/Apollo,125707,Supporting,0
22,Tennis no Oujisama,https://myanimelist.net/anime/22/Tennis_no_Oujisama,TV,Fall,2001,"Mizuki, Hajime",https://myanimelist.net/character/5858/Hajime_Mizuki,5858,Supporting,14
1614,Captain Tsubasa: Road to 2002,https://myanimelist.net/anime/1614/Captain_Tsubasa__Road_to_2002,TV,Fall,2001,"Matsuyama, Hikaru",https://myanimelist.net/character/6782/Hikaru_Matsuyama,6782,Supporting,65
1157,Final Fantasy: Unlimited,https://myanimelist.net/anime/1157/Final_Fantasy__Unlimited,TV,Fall,2001,"Shiroi, Kumo",https://myanimelist.net/character/2235/Kumo_Shiroi,2235,Main,42
484,Gensoumaden Saiyuuki Movie: Requiem - Erabarezaru Mono e no Chinkonka,https://myanimelist.net/anime/484/Gensoumaden_Saiyuuki_Movie__Requiem_-_Erabarezaru_Mono_e_no_Chinkonka,Movie,,2001,"Cho, Hakkai",https://myanimelist.net/character/219/Hakkai_Cho,219,Main,349
952,Magical Nyan Nyan Taruto,https://myanimelist.net/anime/952/Magical_Nyan_Nyan_Taruto,TV,Summer,2001,Gallette,https://myanimelist.net/character/26377/Gallette,26377,Supporting,0
1177,Alien 9,https://myanimelist.net/anime/1177/Alien_9,OVA,,2001,"Knife, Yellow",https://myanimelist.net/character/44257/Yellow_Knife,44257,Supporting,1
1734,Ajimu: Kaigan Monogatari,https://myanimelist.net/anime/1734/Ajimu__Kaigan_Monogatari,ONA,,2001,"Hirosuke, Nakaido",https://myanimelist.net/character/8387/Nakaido_Hirosuke,8387,Main,2
253,Jungle wa Itsumo Hare nochi Guu,https://myanimelist.net/anime/253/Jungle_wa_Itsumo_Hare_nochi_Guu,TV,Spring,2001,"Tachibana, Seiichi",https://myanimelist.net/character/15954/Seiichi_Tachibana,15954,Supporting,1
445,Tales of Eternia The Animation,https://myanimelist.net/anime/445/Tales_of_Eternia_The_Animation,TV,Winter,2001,"Hershel, Rid",https://myanimelist.net/character/2500/Rid_Hershel,2500,Main,18
249,InuYasha,https://myanimelist.net/anime/249/InuYasha,TV,Fall,2000,"Amari, Nobunaga",https://myanimelist.net/character/12433/Nobunaga_Amari,12433,Supporting,3
105,Boys Be...,https://myanimelist.net/anime/105/Boys_Be,TV,Spring,2000,"Kurumizawa, Makoto",https://myanimelist.net/character/6922/Makoto_Kurumizawa,6922,Main,4
561,Sakura Taisen,https://myanimelist.net/anime/561/Sakura_Taisen,TV,Spring,2000,"Setsuna, Jade",https://myanimelist.net/character/56189/Jade_Setsuna,56189,Supporting,0
129,Gensoumaden Saiyuuki,https://myanimelist.net/anime/129/Gensoumaden_Saiyuuki,TV,Spring,2000,"Cho, Hakkai",https://myanimelist.net/character/219/Hakkai_Cho,219,Main,349
129,Gensoumaden Saiyuuki,https://myanimelist.net/anime/129/Gensoumaden_Saiyuuki,TV,Spring,2000,"Gensui, Tenpou",https://myanimelist.net/character/9278/Tenpou_Gensui,9278,Supporting,23
1313,Digimon Adventure 02,https://myanimelist.net/anime/1313/Digimon_Adventure_02,TV,Spring,2000,Wizarmon,https://myanimelist.net/character/17188/Wizarmon,17188,Supporting,54
783,Miami Guns,https://myanimelist.net/anime/783/Miami_Guns,TV,Winter,2000,"Peacemaker, Julio",https://myanimelist.net/character/49517/Julio_Peacemaker,49517,Supporting,1
888,Megami Kouhosei,https://myanimelist.net/anime/888/Megami_Kouhosei,TV,Winter,2000,"Narocke, Aracd",https://myanimelist.net/character/25465/Aracd_Narocke,25465,Supporting,1
888,Megami Kouhosei,https://myanimelist.net/anime/888/Megami_Kouhosei,TV,Winter,2000,"Hikura, Yu",https://myanimelist.net/character/25473/Yu_Hikura,25473,Supporting,0
1910,Master Keaton OVA,https://myanimelist.net/anime/1910/Master_Keaton_OVA,OVA,,1999,"Matsui, Hiroshi",https://myanimelist.net/character/112165/Hiroshi_Matsui,112165,Supporting,0
21,One Piece,https://myanimelist.net/anime/21/One_Piece,TV,Fall,1999,Cavendish,https://myanimelist.net/character/85649/Cavendish,85649,Supporting,62
2204,Karakuri Zoushi Ayatsuri Sakon,https://myanimelist.net/anime/2204/Karakuri_Zoushi_Ayatsuri_Sakon,TV,Fall,1999,"Mori, Seiichi",https://myanimelist.net/character/100255/Seiichi_Mori,100255,Supporting,0
2330,Jibaku-kun,https://myanimelist.net/anime/2330/Jibaku-kun,TV,Fall,1999,Baku,https://myanimelist.net/character/10006/Baku,10006,Main,44
1108,Senkaiden Houshin Engi,https://myanimelist.net/anime/1108/Senkaiden_Houshin_Engi,TV,Summer,1999,Shinkohyou,https://myanimelist.net/character/9426/Shinkohyou,9426,Supporting,14
3218,Saiyuuki (OVA),https://myanimelist.net/anime/3218/Saiyuuki_OVA,OVA,,1999,"Cho, Hakkai",https://myanimelist.net/character/219/Hakkai_Cho,219,Main,349
605,Tenshi ni Narumon!,https://myanimelist.net/anime/605/Tenshi_ni_Narumon,TV,Spring,1999,Mikael,https://myanimelist.net/character/5631/Mikael,5631,Main,5
2409,Gokudou-kun Manyuuki,https://myanimelist.net/anime/2409/Gokudou-kun_Manyuuki,TV,Spring,1999,"Yuccot Kikansky, Gokudou",https://myanimelist.net/character/4427/Gokudou_Yuccot_Kikansky,4427,Main,126
2409,Gokudou-kun Manyuuki,https://myanimelist.net/anime/2409/Gokudou-kun_Manyuuki,TV,Spring,1999,Seigi,https://myanimelist.net/character/12160/Seigi,12160,Supporting,0
1160,Gundress,https://myanimelist.net/anime/1160/Gundress,Movie,,1999,"Saeki, Ryou",https://myanimelist.net/character/112003/Ryou_Saeki,112003,Supporting,1
552,Digimon Adventure,https://myanimelist.net/anime/552/Digimon_Adventure,TV,Spring,1999,Wizarmon,https://myanimelist.net/character/17188/Wizarmon,17188,Supporting,54
1540,"Touch: Miss Lonely Yesterday - Are kara, Kimi wa...",https://myanimelist.net/anime/1540/Touch__Miss_Lonely_Yesterday_-_Are_kara_Kimi_wa,TV Special,,1998,Sasaki,https://myanimelist.net/character/104203/Sasaki,104203,Supporting,0
5132,Let's Nupu Nupu,https://myanimelist.net/anime/5132/Lets_Nupu_Nupu,TV,Fall,1998,"Oomori, Ani",https://myanimelist.net/character/142945/Ani_Oomori,142945,Supporting,0
145,Kareshi Kanojo no Jijou,https://myanimelist.net/anime/145/Kareshi_Kanojo_no_Jijou,TV,Fall,1998,"Ikeda, Kazuma",https://myanimelist.net/character/3461/Kazuma_Ikeda,3461,Supporting,10
1188,Momoiro Sisters,https://myanimelist.net/anime/1188/Momoiro_Sisters,TV,Summer,1998,"Tobari, Akira",https://myanimelist.net/character/29323/Akira_Tobari,29323,Supporting,0
8756,Bishoujo Senshi Sailor Moon Memorial,https://myanimelist.net/anime/8756/Bishoujo_Senshi_Sailor_Moon_Memorial,OVA,,1998,Fish Eye,https://myanimelist.net/character/12409/Fish_Eye,12409,Supporting,43
621,Night Walker: Mayonaka no Tantei,https://myanimelist.net/anime/621/Night_Walker__Mayonaka_no_Tantei,TV,Summer,1998,Shunichi,https://myanimelist.net/character/83111/Shunichi,83111,Supporting,0
677,Sentimental Journey,https://myanimelist.net/anime/677/Sentimental_Journey,TV,Spring,1998,"Yamamoto, Masahiro",https://myanimelist.net/character/125706/Masahiro_Yamamoto,125706,Supporting,0
810,Android Ana Maico 2010,https://myanimelist.net/anime/810/Android_Ana_Maico_2010,TV,Spring,1998,"Tenpoin, Akira",https://myanimelist.net/character/20136/Akira_Tenpoin,20136,Supporting,0
633,Legend of Basara,https://myanimelist.net/anime/633/Legend_of_Basara,TV,Spring,1998,Tatara,https://myanimelist.net/character/17180/Tatara,17180,Supporting,0
3371,Ginga Eiyuu Densetsu Gaiden,https://myanimelist.net/anime/3371/Ginga_Eiyuu_Densetsu_Gaiden,OVA,,1998,"von Haase, Moritz",https://myanimelist.net/character/45151/Moritz_von_Haase,45151,Supporting,0
400,Seihou Bukyou Outlaw Star,https://myanimelist.net/anime/400/Seihou_Bukyou_Outlaw_Star,TV,Winter,1998,Yase,https://myanimelist.net/character/17163/Yase,17163,Supporting,1
2838,Toushin Toshi II,https://myanimelist.net/anime/2838/Toushin_Toshi_II,OVA,,1997,Sid,https://myanimelist.net/character/71213/Sid,71213,Main,0
15579,Shinkai Densetsu Meremanoid,https://myanimelist.net/anime/15579/Shinkai_Densetsu_Meremanoid,TV,Fall,1997,Leon,https://myanimelist.net/character/126412/Leon,126412,Main,0
33,Kenpuu Denki Berserk,https://myanimelist.net/anime/33/Kenpuu_Denki_Berserk,TV,Fall,1997,Judeau,https://myanimelist.net/character/454/Judeau,454,Supporting,1583
315,Xiao Qian,https://myanimelist.net/anime/315/Xiao_Qian,Movie,,1997,Ning,https://myanimelist.net/character/30727/Ning,30727,Main,1
3968,Ryuuki Denshou,https://myanimelist.net/anime/3968/Ryuuki_Denshou,OVA,,1997,"Caliver, Sedi",https://myanimelist.net/character/36868/Sedi_Caliver,36868,Main,0
2453,Dennou Sentai Voogie's★Angel,https://myanimelist.net/anime/2453/Dennou_Sentai_Voogies★Angel,OVA,,1997,Ash,https://myanimelist.net/character/15288/Ash,15288,Supporting,1
2218,Fujimi 2-choume Koukyougakudan,https://myanimelist.net/anime/2218/Fujimi_2-choume_Koukyougakudan,OVA,,1997,"Igarashi, Taketo",https://myanimelist.net/character/92205/Taketo_Igarashi,92205,Supporting,0
32,"Shinseiki Evangelion Movie: Air/Magokoro wo, Kimi ni",https://myanimelist.net/anime/32/Shinseiki_Evangelion_Movie__Air_Magokoro_wo_Kimi_ni,Movie,,1997,"Nagisa, Kaworu",https://myanimelist.net/character/1261/Kaworu_Nagisa,1261,Supporting,9121
381,Fushigi Yuugi: Dai Ni Bu,https://myanimelist.net/anime/381/Fushigi_Yuugi__Dai_Ni_Bu,OVA,,1997,"Shigyou, Ren",https://myanimelist.net/character/6006/Ren_Shigyou,6006,Main,1
1844,Clamp Gakuen Tanteidan,https://myanimelist.net/anime/1844/Clamp_Gakuen_Tanteidan,TV,Spring,1997,"Yudaiji, Idomu",https://myanimelist.net/character/26609/Idomu_Yudaiji,26609,Supporting,0
2076,Kindaichi Shounen no Jikenbo,https://myanimelist.net/anime/2076/Kindaichi_Shounen_no_Jikenbo,TV,Spring,1997,"Ukon, Shinichi",https://myanimelist.net/character/163841/Shinichi_Ukon,163841,Supporting,0
1172,Slayers Try,https://myanimelist.net/anime/1172/Slayers_Try,TV,Spring,1997,Xellos,https://myanimelist.net/character/2859/Xellos,2859,Supporting,783
1172,Slayers Try,https://myanimelist.net/anime/1172/Slayers_Try,TV,Spring,1997,Kerel,https://myanimelist.net/character/112163/Kerel,112163,Supporting,0
527,Pokemon,https://myanimelist.net/anime/527/Pokemon,TV,Spring,1997,Hayato,https://myanimelist.net/character/12128/Hayato,12128,Supporting,5
527,Pokemon,https://myanimelist.net/anime/527/Pokemon,TV,Spring,1997,Balkie,https://myanimelist.net/character/223630/Balkie,223630,Supporting,0
4608,Yuuwaku Countdown: Akira,https://myanimelist.net/anime/4608/Yuuwaku_Countdown__Akira,OVA,,1997,"Amemiya, Akira",https://myanimelist.net/character/20138/Akira_Amemiya,20138,Main,1
2317,Hen,https://myanimelist.net/anime/2317/Hen,OVA,,1997,Hiroyuki,https://myanimelist.net/character/70247/Hiroyuki,70247,Supporting,1
31,Shinseiki Evangelion Movie: Shi to Shinsei,https://myanimelist.net/anime/31/Shinseiki_Evangelion_Movie__Shi_to_Shinsei,Movie,,1997,"Nagisa, Kaworu",https://myanimelist.net/character/1261/Kaworu_Nagisa,1261,Supporting,9121
3571,Mach GoGoGo (1997),https://myanimelist.net/anime/3571/Mach_GoGoGo_1997,TV,Winter,1997,Sabu,https://myanimelist.net/character/127423/Sabu,127423,Supporting,1
2706,Bakusou Kyoudai Let's & Go WGP,https://myanimelist.net/anime/2706/Bakusou_Kyoudai_Lets___Go_WGP,TV,Winter,1997,Schmidt,https://myanimelist.net/character/20137/Schmidt,20137,Supporting,0
1372,Taiho Shichau zo (TV),https://myanimelist.net/anime/1372/Taiho_Shichau_zo_TV,TV,Fall,1996,"Abdusha, Saki",https://myanimelist.net/character/92665/Saki_Abdusha,92665,Supporting,0
1170,Slayers Specials,https://myanimelist.net/anime/1170/Slayers_Specials,OVA,,1996,"Mailstar, Jeffrey",https://myanimelist.net/character/40992/Jeffrey_Mailstar,40992,Supporting,0
535,Slayers Next,https://myanimelist.net/anime/535/Slayers_Next,TV,Spring,1996,Xellos,https://myanimelist.net/character/2859/Xellos,2859,Supporting,783
3550,Midori no Makibao,https://myanimelist.net/anime/3550/Midori_no_Makibao,TV,Spring,1996,"Saegusa, Tomonori",https://myanimelist.net/character/128012/Tomonori_Saegusa,128012,Supporting,0
2782,Fire Emblem,https://myanimelist.net/anime/2782/Fire_Emblem,OVA,,1996,Gordon,https://myanimelist.net/character/14519/Gordon,14519,Supporting,15
235,Meitantei Conan,https://myanimelist.net/anime/235/Meitantei_Conan,TV,Winter,1996,"Hakuba, Saguru",https://myanimelist.net/character/12129/Saguru_Hakuba,12129,Supporting,51
235,Meitantei Conan,https://myanimelist.net/anime/235/Meitantei_Conan,TV,Winter,1996,"Hatamoto, Ichirou",https://myanimelist.net/character/71961/Ichirou_Hatamoto,71961,Supporting,0
235,Meitantei Conan,https://myanimelist.net/anime/235/Meitantei_Conan,TV,Winter,1996,"Watabiki, Masashi",https://myanimelist.net/character/94291/Masashi_Watabiki,94291,Supporting,0
2126,Yuu☆Yuu☆Hakusho: Eizou Hakusho II,https://myanimelist.net/anime/2126/Yuu☆Yuu☆Hakusho__Eizou_Hakusho_II,OVA,,1995,"Sensui, Shinobu",https://myanimelist.net/character/3106/Shinobu_Sensui,3106,Supporting,406
2366,Touma Kishinden Oni,https://myanimelist.net/anime/2366/Touma_Kishinden_Oni,TV,Fall,1995,Shuramaru,https://myanimelist.net/character/146351/Shuramaru,146351,Main,0
30,Shinseiki Evangelion,https://myanimelist.net/anime/30/Shinseiki_Evangelion,TV,Fall,1995,"Nagisa, Kaworu",https://myanimelist.net/character/1261/Kaworu_Nagisa,1261,Supporting,9121
2499,Slam Dunk: Hoero Basketman-damashii! Hanamichi to Rukawa no Atsuki Natsu,https://myanimelist.net/anime/2499/Slam_Dunk__Hoero_Basketman-damashii_Hanamichi_to_Rukawa_no_Atsuki_Natsu,Movie,,1995,"Mizusawa, Ichiro",https://myanimelist.net/character/65641/Ichiro_Mizusawa,65641,Main,1
736,Keiraku no Houteishiki Level-C,https://myanimelist.net/anime/736/Keiraku_no_Houteishiki_Level-C,OVA,,1995,"Shinohara, Mizuki",https://myanimelist.net/character/3372/Mizuki_Shinohara,3372,Main,1
616,Nurse Angel Ririka SOS,https://myanimelist.net/anime/616/Nurse_Angel_Ririka_SOS,TV,Summer,1995,"Uzaki, Seiya",https://myanimelist.net/character/14786/Seiya_Uzaki,14786,Main,2
616,Nurse Angel Ririka SOS,https://myanimelist.net/anime/616/Nurse_Angel_Ririka_SOS,TV,Summer,1995,Herb,https://myanimelist.net/character/215232/Herb,215232,Supporting,0
3076,Bishoujo Senshi Sailor Moon SuperS Specials,https://myanimelist.net/anime/3076/Bishoujo_Senshi_Sailor_Moon_SuperS_Specials,Special,,1995,Fish Eye,https://myanimelist.net/character/12409/Fish_Eye,12409,Supporting,43
2487,Kyouryuu Boukenki Jura Tripper,https://myanimelist.net/anime/2487/Kyouryuu_Boukenki_Jura_Tripper,TV,Spring,1995,Minto,https://myanimelist.net/character/140467/Minto,140467,Supporting,0
1239,Bishoujo Senshi Sailor Moon SuperS,https://myanimelist.net/anime/1239/Bishoujo_Senshi_Sailor_Moon_SuperS,TV,Spring,1995,Fish Eye,https://myanimelist.net/character/12409/Fish_Eye,12409,Supporting,43
912,Ninkuu,https://myanimelist.net/anime/912/Ninkuu,TV,Winter,1995,Sekirai,https://myanimelist.net/character/211195/Sekirai,211195,Supporting,1
1674,Captain Tsubasa J,https://myanimelist.net/anime/1674/Captain_Tsubasa_J,TV,Fall,1994,"Misaki, Tarou",https://myanimelist.net/character/5906/Tarou_Misaki,5906,Supporting,115
16345,Ninkuu: Knife no Bohyou,https://myanimelist.net/anime/16345/Ninkuu__Knife_no_Bohyou,Special,,1994,Sakichi,https://myanimelist.net/character/216909/Sakichi,216909,Supporting,0
2041,Ai to Yuuki no Pig Girl Tonde Buurin,https://myanimelist.net/anime/2041/Ai_to_Yuuki_no_Pig_Girl_Tonde_Buurin,TV,Fall,1994,"Mizuno, Kouichi",https://myanimelist.net/character/20135/Kouichi_Mizuno,20135,Supporting,1
2023,Bakuen Campus Guardress,https://myanimelist.net/anime/2023/Bakuen_Campus_Guardress,OVA,,1994,"Jinno, Takumi",https://myanimelist.net/character/38054/Takumi_Jinno,38054,Main,0
4773,Yamato Takeru,https://myanimelist.net/anime/4773/Yamato_Takeru,TV,Spring,1994,Amatsumi,https://myanimelist.net/character/142319/Amatsumi,142319,Supporting,0
2771,Chou Kuse ni Narisou,https://myanimelist.net/anime/2771/Chou_Kuse_ni_Narisou,TV,Spring,1994,"Kamioka, Ryuu",https://myanimelist.net/character/142516/Ryuu_Kamioka,142516,Supporting,0
334,Marmalade Boy,https://myanimelist.net/anime/334/Marmalade_Boy,TV,Spring,1994,"Tsuchiya, Kei",https://myanimelist.net/character/2547/Kei_Tsuchiya,2547,Supporting,10
17117,Aoi Kioku: Manmou Kaitaku to Shounen-tachi,https://myanimelist.net/anime/17117/Aoi_Kioku__Manmou_Kaitaku_to_Shounen-tachi,Movie,,1993,"Asakawa, Yuusuke",https://myanimelist.net/character/218576/Yuusuke_Asakawa,218576,Supporting,0
18631,Naniwa Kinyuu Den: Minami no Teiou,https://myanimelist.net/anime/18631/Naniwa_Kinyuu_Den__Minami_no_Teiou,OVA,,1993,Kobun,https://myanimelist.net/character/154754/Kobun,154754,Supporting,0
1199,Nintama Rantarou,https://myanimelist.net/anime/1199/Nintama_Rantarou,TV,Spring,1993,"Ayabe, Kihachirou",https://myanimelist.net/character/44985/Kihachirou_Ayabe,44985,Supporting,3
392,Yuu☆Yuu☆Hakusho,https://myanimelist.net/anime/392/Yuu☆Yuu☆Hakusho,TV,Fall,1992,"Sensui, Shinobu",https://myanimelist.net/character/3106/Shinobu_Sensui,3106,Supporting,406
2783,Oyayubi Hime Monogatari,https://myanimelist.net/anime/2783/Oyayubi_Hime_Monogatari,TV,Fall,1992,Crystal Prince,https://myanimelist.net/character/240235/Crystal_Prince,240235,Supporting,0
12769,Yumemakura Baku Twilight Gekijou,https://myanimelist.net/anime/12769/Yumemakura_Baku_Twilight_Gekijou,OVA,,1991,Alumni B,https://myanimelist.net/character/142650/Alumni_B,142650,Supporting,1
1324,Earthian,https://myanimelist.net/anime/1324/Earthian,OVA,,1989,Black Angel #2,https://myanimelist.net/character/246326/Black_Angel_2,246326,Supporting,0
210,Ranma ½,https://myanimelist.net/anime/210/Ranma_½,TV,Spring,1989,"Yudono, Yutaro",https://myanimelist.net/character/57929/Yutaro_Yudono,57929,Supporting,0
1960,Sore Ike! Anpanman,https://myanimelist.net/anime/1960/Sore_Ike_Anpanman,TV,Fall,1988,Kumata's Father,https://myanimelist.net/character/196568/Kumata_039_s_Father,196568,Supporting,0
