ID,Title,Link,Type,Season,Year,Character,CharacterLink,CharacterID,CharacterRole,CharacterFavorites
58505,Mato Seihei no Slave 2,https://myanimelist.net/anime/58505/Mato_Seihei_no_Slave_2,,,,"Yamashiro, Ren",https://myanimelist.net/character/190004/Ren_Yamashiro,190004,Supporting,273
47158,Tomodachi no Imouto ga Ore ni dake Uzai,https://myanimelist.net/anime/47158/Tomodachi_no_Imouto_ga_Ore_ni_dake_Uzai,TV,Fall,2025,"Kageishi, Sumire",https://myanimelist.net/character/192043/Sumire_Kageishi,192043,Supporting,16
59192,Kimetsu no Yaiba Movie: Mugen Jou-hen,https://myanimelist.net/anime/59192/Kimetsu_no_Yaiba_Movie__Mugen_Jou-hen,Movie,,2025,"Kanroji, Mitsuri",https://myanimelist.net/character/151145/Mitsuri_Kanroji,151145,Supporting,4201
53722,Bullet/Bullet,https://myanimelist.net/anime/53722/Bullet_Bullet,ONA,,2025,Qu-0213,https://myanimelist.net/character/268279/Qu-0213,268279,Supporting,0
58614,Teogonia,https://myanimelist.net/anime/58614/Teogonia,TV,Spring,2025,Jose,https://myanimelist.net/character/252069/Jose,252069,Main,0
58725,Ninja to Koroshiya no Futarigurashi,https://myanimelist.net/anime/58725/Ninja_to_Koroshiya_no_Futarigurashi,TV,Spring,2025,"Koga, Konoha",https://myanimelist.net/character/253227/Konoha_Koga,253227,Main,1
53762,#Compass 2.0: Sentou Setsuri Kaiseki System,https://myanimelist.net/anime/53762/Compass_20__Sentou_Setsuri_Kaiseki_System,TV,Spring,2025,"Kitsunegasaki, Amairo",https://myanimelist.net/character/247870/Amairo_Kitsunegasaki,247870,Supporting,0
59466,Aharen-san wa Hakarenai Season 2,https://myanimelist.net/anime/59466/Aharen-san_wa_Hakarenai_Season_2,TV,Spring,2025,Toubaru-sensei,https://myanimelist.net/character/204012/Toubaru-sensei,204012,Supporting,32
53447,Tu Bian Yingxiong X,https://myanimelist.net/anime/53447/Tu_Bian_Yingxiong_X,ONA,,2025,Queen,https://myanimelist.net/character/255846/Queen,255846,Supporting,11
60377,Nazotoki wa Dinner no Ato de,https://myanimelist.net/anime/60377/Nazotoki_wa_Dinner_no_Ato_de,TV,Spring,2025,"Houshou, Reiko",https://myanimelist.net/character/260641/Reiko_Houshou,260641,Main,1
55995,Your Forma,https://myanimelist.net/anime/55995/Your_Forma,TV,Spring,2025,"Hieda, Echika",https://myanimelist.net/character/199017/Echika_Hieda,199017,Main,6
54740,Make a Girl,https://myanimelist.net/anime/54740/Make_a_Girl,Movie,,2025,"Uminaka, Eri",https://myanimelist.net/character/253590/Eri_Uminaka,253590,Supporting,1
53924,Jibaku Shounen Hanako-kun 2,https://myanimelist.net/anime/53924/Jibaku_Shounen_Hanako-kun_2,TV,Winter,2025,"Shijima, Mei",https://myanimelist.net/character/175860/Mei_Shijima,175860,Supporting,195
59144,"Fuguushoku ""Kanteishi"" ga Jitsu wa Saikyou Datta",https://myanimelist.net/anime/59144/Fuguushoku_Kanteishi_ga_Jitsu_wa_Saikyou_Datta,TV,Winter,2025,Echidna,https://myanimelist.net/character/261020/Echidna,261020,Supporting,6
59561,Around 40 Otoko no Isekai Tsuuhan,https://myanimelist.net/anime/59561/Around_40_Otoko_no_Isekai_Tsuuhan,TV,Winter,2025,Melissa,https://myanimelist.net/character/266997/Melissa,266997,Supporting,0
58853,Kuroiwa Medaka ni Watashi no Kawaii ga Tsuujinai,https://myanimelist.net/anime/58853/Kuroiwa_Medaka_ni_Watashi_no_Kawaii_ga_Tsuujinai,TV,Winter,2025,"Haruno, Tsubomi",https://myanimelist.net/character/202016/Tsubomi_Haruno,202016,Supporting,10
59226,Ao no Exorcist: Yosuga-hen,https://myanimelist.net/anime/59226/Ao_no_Exorcist__Yosuga-hen,TV,Winter,2025,"Moriyama, Shiemi",https://myanimelist.net/character/30430/Shiemi_Moriyama,30430,Supporting,527
55830,Fate/strange Fake,https://myanimelist.net/anime/55830/Fate_strange_Fake,,,,"Sajou, Ayaka",https://myanimelist.net/character/54223/Ayaka_Sajou,54223,Main,32
58837,Odekake Kozame Movie: Tokai no Otomodachi,https://myanimelist.net/anime/58837/Odekake_Kozame_Movie__Tokai_no_Otomodachi,,,,Baby Shark,https://myanimelist.net/character/231646/Baby_Shark,231646,Main,23
59632,Mattaku Saikin no Tantei to Kitara,https://myanimelist.net/anime/59632/Mattaku_Saikin_no_Tantei_to_Kitara,,,,Mashiro,https://myanimelist.net/character/254637/Mashiro,254637,Main,0
58755,5-toubun no Hanayome*,https://myanimelist.net/anime/58755/5-toubun_no_Hanayome,TV Special,,2024,"Nakano, Ichika",https://myanimelist.net/character/161470/Ichika_Nakano,161470,Main,3798
58395,Neko ni Tensei shita Ojisan,https://myanimelist.net/anime/58395/Neko_ni_Tensei_shita_Ojisan,TV,Fall,2024,Pun-chan,https://myanimelist.net/character/252488/Pun-chan,252488,Main,1
58516,Ao no Exorcist: Yuki no Hate-hen,https://myanimelist.net/anime/58516/Ao_no_Exorcist__Yuki_no_Hate-hen,TV,Fall,2024,"Moriyama, Shiemi",https://myanimelist.net/character/30430/Shiemi_Moriyama,30430,Supporting,527
53287,Love Live! Superstar!! 3rd Season,https://myanimelist.net/anime/53287/Love_Live_Superstar_3rd_Season,TV,Fall,2024,Saya,https://myanimelist.net/character/201968/Saya,201968,Supporting,2
59131,"Tensei Kizoku, Kantei Skill de Nariagaru 2nd Season",https://myanimelist.net/anime/59131/Tensei_Kizoku_Kantei_Skill_de_Nariagaru_2nd_Season,TV,Fall,2024,"Pleide, Licia",https://myanimelist.net/character/237127/Licia_Pleide,237127,Supporting,14
58462,Wonderful Precure! Movie: Dokidoki Game no Sekai de Daibouken!,https://myanimelist.net/anime/58462/Wonderful_Precure_Movie__Dokidoki_Game_no_Sekai_de_Daibouken,Movie,,2024,Natsuki,https://myanimelist.net/character/252376/Natsuki,252376,Main,0
56488,Zegapain: STA,https://myanimelist.net/anime/56488/Zegapain__STA,Movie,,2024,"Kaminagi, Ryouko",https://myanimelist.net/character/2578/Ryouko_Kaminagi,2578,Main,28
52107,Mononoke Movie: Karakasa,https://myanimelist.net/anime/52107/Mononoke_Movie__Karakasa,Movie,,2024,Kitagawa,https://myanimelist.net/character/248062/Kitagawa,248062,Supporting,0
57864,Monogatari Series: Off & Monster Season,https://myanimelist.net/anime/57864/Monogatari_Series__Off___Monster_Season,ONA,,2024,"Sengoku, Nadeko",https://myanimelist.net/character/22050/Nadeko_Sengoku,22050,Main,4674
57646,Mob kara Hajimaru Tansaku Eiyuutan,https://myanimelist.net/anime/57646/Mob_kara_Hajimaru_Tansaku_Eiyuutan,TV,Summer,2024,Sylphy,https://myanimelist.net/character/239699/Sylphy,239699,Main,13
56348,Dungeon no Naka no Hito,https://myanimelist.net/anime/56348/Dungeon_no_Naka_no_Hito,TV,Summer,2024,Fuuka,https://myanimelist.net/character/266250/Fuuka,266250,Supporting,1
55749,Megami no Café Terrace 2nd Season,https://myanimelist.net/anime/55749/Megami_no_Café_Terrace_2nd_Season,TV,Summer,2024,"Yoshino, Hekiru",https://myanimelist.net/character/233688/Hekiru_Yoshino,233688,Supporting,1
55701,Kimetsu no Yaiba: Hashira Geiko-hen,https://myanimelist.net/anime/55701/Kimetsu_no_Yaiba__Hashira_Geiko-hen,TV,Spring,2024,"Kanroji, Mitsuri",https://myanimelist.net/character/151145/Mitsuri_Kanroji,151145,Supporting,4201
57100,The New Gate,https://myanimelist.net/anime/57100/The_New_Gate,TV,Spring,2024,"Estaria, Cuore",https://myanimelist.net/character/139586/Cuore_Estaria,139586,Supporting,0
55911,The Fable,https://myanimelist.net/anime/55911/The_Fable,TV,Spring,2024,"Shimizu, Misaki",https://myanimelist.net/character/217069/Misaki_Shimizu,217069,Supporting,4
55265,"Tensei Kizoku, Kantei Skill de Nariagaru",https://myanimelist.net/anime/55265/Tensei_Kizoku_Kantei_Skill_de_Nariagaru,TV,Spring,2024,"Pleide, Licia",https://myanimelist.net/character/237127/Licia_Pleide,237127,Supporting,14
50713,Mahouka Koukou no Rettousei 3rd Season,https://myanimelist.net/anime/50713/Mahouka_Koukou_no_Rettousei_3rd_Season,TV,Spring,2024,"Saegusa, Mayumi",https://myanimelist.net/character/55745/Mayumi_Saegusa,55745,Supporting,1512
55597,Hananoi-kun to Koi no Yamai,https://myanimelist.net/anime/55597/Hananoi-kun_to_Koi_no_Yamai,TV,Spring,2024,"Hinase, Hotaru",https://myanimelist.net/character/186943/Hotaru_Hinase,186943,Main,53
56055,Monsters: Ippyaku Sanjou Hiryuu Jigoku,https://myanimelist.net/anime/56055/Monsters__Ippyaku_Sanjou_Hiryuu_Jigoku,ONA,,2024,Flare,https://myanimelist.net/character/227692/Flare,227692,Main,1
54829,Urusei Yatsura (2022) 2nd Season,https://myanimelist.net/anime/54829/Urusei_Yatsura_2022_2nd_Season,TV,Winter,2024,Ran,https://myanimelist.net/character/18380/Ran,18380,Supporting,51
52816,Majo to Yajuu,https://myanimelist.net/anime/52816/Majo_to_Yajuu,TV,Winter,2024,"Huell, Angela Anne",https://myanimelist.net/character/245556/Angela_Anne_Huell,245556,Supporting,3
53889,Ao no Exorcist: Shimane Illuminati-hen,https://myanimelist.net/anime/53889/Ao_no_Exorcist__Shimane_Illuminati-hen,TV,Winter,2024,"Moriyama, Shiemi",https://myanimelist.net/character/30430/Shiemi_Moriyama,30430,Supporting,527
57371,Mingyun Quan Tai,https://myanimelist.net/anime/57371/Mingyun_Quan_Tai,ONA,,2023,Ah Gan,https://myanimelist.net/character/239913/Ah_Gan,239913,Main,3
55115,Hokkyoku Hyakkaten no Concierge-san,https://myanimelist.net/anime/55115/Hokkyoku_Hyakkaten_no_Concierge-san,Movie,,2023,Japanese Wolf's Girlfriend,https://myanimelist.net/character/231080/Japanese_Wolf_039_s_Girlfriend,231080,Supporting,1
54743,Dead Mount Death Play Part 2,https://myanimelist.net/anime/54743/Dead_Mount_Death_Play_Part_2,TV,Fall,2023,"Shinoyama, Kiri",https://myanimelist.net/character/229780/Kiri_Shinoyama,229780,Supporting,0
54595,Kage no Jitsuryokusha ni Naritakute! 2nd Season,https://myanimelist.net/anime/54595/Kage_no_Jitsuryokusha_ni_Naritakute_2nd_Season,TV,Fall,2023,"Midgar, Alexia",https://myanimelist.net/character/194194/Alexia_Midgar,194194,Supporting,369
52985,Dekoboko Majo no Oyako Jijou,https://myanimelist.net/anime/52985/Dekoboko_Majo_no_Oyako_Jijou,TV,Fall,2023,Narrator,https://myanimelist.net/character/229699/Narrator,229699,Supporting,1
54915,5-toubun no Hanayome∽,https://myanimelist.net/anime/54915/5-toubun_no_Hanayome∽,TV Special,,2023,"Nakano, Ichika",https://myanimelist.net/character/161470/Ichika_Nakano,161470,Main,3798
56243,Jujutsu Kaisen 2nd Season Recaps,https://myanimelist.net/anime/56243/Jujutsu_Kaisen_2nd_Season_Recaps,TV Special,,2023,"Orimoto, Rika",https://myanimelist.net/character/189234/Rika_Orimoto,189234,Supporting,70
55463,Odekake Kozame,https://myanimelist.net/anime/55463/Odekake_Kozame,ONA,,2023,Baby Shark,https://myanimelist.net/character/231646/Baby_Shark,231646,Main,23
54898,Bungou Stray Dogs 5th Season,https://myanimelist.net/anime/54898/Bungou_Stray_Dogs_5th_Season,TV,Summer,2023,"Montgomery, Lucy Maud",https://myanimelist.net/character/132966/Lucy_Maud_Montgomery,132966,Supporting,253
52505,Dark Gathering,https://myanimelist.net/anime/52505/Dark_Gathering,TV,Summer,2023,"Houzuki, Eiko",https://myanimelist.net/character/189899/Eiko_Houzuki,189899,Main,107
53127,Fate/strange Fake: Whispers of Dawn,https://myanimelist.net/anime/53127/Fate_strange_Fake__Whispers_of_Dawn,TV Special,,2023,"Sajou, Ayaka",https://myanimelist.net/character/54223/Ayaka_Sajou,54223,Supporting,32
53428,Ayaka,https://myanimelist.net/anime/53428/Ayaka,TV,Summer,2023,"Ichijou, Ibara",https://myanimelist.net/character/229614/Ibara_Ichijou,229614,Supporting,6
52747,Psycho-Pass Movie: Providence,https://myanimelist.net/anime/52747/Psycho-Pass_Movie__Providence,Movie,,2023,"Tsunemori, Akane",https://myanimelist.net/character/68583/Akane_Tsunemori,68583,Main,6577
46422,Niehime to Kemono no Ou,https://myanimelist.net/anime/46422/Niehime_to_Kemono_no_Ou,TV,Spring,2023,Sariphi,https://myanimelist.net/character/142056/Sariphi,142056,Main,111
53613,Dead Mount Death Play,https://myanimelist.net/anime/53613/Dead_Mount_Death_Play,TV,Spring,2023,"Shinoyama, Kiri",https://myanimelist.net/character/229780/Kiri_Shinoyama,229780,Supporting,0
51019,Kimetsu no Yaiba: Katanakaji no Sato-hen,https://myanimelist.net/anime/51019/Kimetsu_no_Yaiba__Katanakaji_no_Sato-hen,TV,Spring,2023,"Kanroji, Mitsuri",https://myanimelist.net/character/151145/Mitsuri_Kanroji,151145,Main,4201
51693,Kaminaki Sekai no Kamisama Katsudou,https://myanimelist.net/anime/51693/Kaminaki_Sekai_no_Kamisama_Katsudou,TV,Spring,2023,Aruraru,https://myanimelist.net/character/208568/Aruraru,208568,Supporting,25
52614,"Mix: Meisei Story 2nd Season - Nidome no Natsu, Sora no Mukou e",https://myanimelist.net/anime/52614/Mix__Meisei_Story_2nd_Season_-_Nidome_no_Natsu_Sora_no_Mukou_e,TV,Spring,2023,"Ooyama, Haruka",https://myanimelist.net/character/170517/Haruka_Ooyama,170517,Supporting,6
53162,Majutsushi Orphen Hagure Tabi: Urbanrama-hen,https://myanimelist.net/anime/53162/Majutsushi_Orphen_Hagure_Tabi__Urbanrama-hen,TV,Winter,2023,Eris,https://myanimelist.net/character/8867/Eris,8867,Supporting,1
51495,Shin Shinka no Mi: Shiranai Uchi ni Kachigumi Jinsei,https://myanimelist.net/anime/51495/Shin_Shinka_no_Mi__Shiranai_Uchi_ni_Kachigumi_Jinsei,TV,Winter,2023,Saria,https://myanimelist.net/character/138865/Saria,138865,Main,77
51815,Kubo-san wa Mob wo Yurusanai,https://myanimelist.net/anime/51815/Kubo-san_wa_Mob_wo_Yurusanai,TV,Winter,2023,"Kubo, Nagisa",https://myanimelist.net/character/179622/Nagisa_Kubo,179622,Main,1128
50287,Kyuuketsuki Sugu Shinu 2,https://myanimelist.net/anime/50287/Kyuuketsuki_Sugu_Shinu_2,TV,Winter,2023,"Gekkouin, Maremi",https://myanimelist.net/character/203385/Maremi_Gekkouin,203385,Supporting,2
50652,Tsundere Akuyaku Reijou Liselotte to Jikkyou no Endou-kun to Kaisetsu no Kobayashi-san,https://myanimelist.net/anime/50652/Tsundere_Akuyaku_Reijou_Liselotte_to_Jikkyou_no_Endou-kun_to_Kaisetsu_no_Kobayashi-san,TV,Winter,2023,"Kobayashi, Shihono",https://myanimelist.net/character/213991/Shihono_Kobayashi,213991,Main,6
50330,Bungou Stray Dogs 4th Season,https://myanimelist.net/anime/50330/Bungou_Stray_Dogs_4th_Season,TV,Winter,2023,"Montgomery, Lucy Maud",https://myanimelist.net/character/132966/Lucy_Maud_Montgomery,132966,Supporting,253
50594,Suzume no Tojimari,https://myanimelist.net/anime/50594/Suzume_no_Tojimari,Movie,,2022,"Iwato, Tsubame",https://myanimelist.net/character/218158/Tsubame_Iwato,218158,Supporting,5
53595,Shin Shinka no Mi Gekijou,https://myanimelist.net/anime/53595/Shin_Shinka_no_Mi_Gekijou,ONA,,2022,Saria,https://myanimelist.net/character/138865/Saria,138865,Main,77
51307,Bokura no Yoake,https://myanimelist.net/anime/51307/Bokura_no_Yoake,Movie,,2022,"Sawatari, Haruka",https://myanimelist.net/character/215444/Haruka_Sawatari,215444,Supporting,0
50710,Urusei Yatsura (2022),https://myanimelist.net/anime/50710/Urusei_Yatsura_2022,TV,Fall,2022,Ran,https://myanimelist.net/character/18380/Ran,18380,Supporting,51
48316,Kage no Jitsuryokusha ni Naritakute!,https://myanimelist.net/anime/48316/Kage_no_Jitsuryokusha_ni_Naritakute,TV,Fall,2022,"Midgar, Alexia",https://myanimelist.net/character/194194/Alexia_Midgar,194194,Supporting,369
49979,Akuyaku Reijou nanode Last Boss wo Kattemimashita,https://myanimelist.net/anime/49979/Akuyaku_Reijou_nanode_Last_Boss_wo_Kattemimashita,TV,Fall,2022,"Rainworth, Lilia",https://myanimelist.net/character/214746/Lilia_Rainworth,214746,Supporting,3
51805,Ginga Eiyuu Densetsu: Die Neue These - Sakubou,https://myanimelist.net/anime/51805/Ginga_Eiyuu_Densetsu__Die_Neue_These_-_Sakubou,Movie,,2022,"von Mariendorf, Hildegard",https://myanimelist.net/character/12911/Hildegard_von_Mariendorf,12911,Supporting,154
49938,Ame wo Tsugeru Hyouryuu Danchi,https://myanimelist.net/anime/49938/Ame_wo_Tsugeru_Hyouryuu_Danchi,Movie,,2022,"Andou, Juri",https://myanimelist.net/character/209972/Juri_Andou,209972,Main,2
50203,Love Live! Superstar!! 2nd Season,https://myanimelist.net/anime/50203/Love_Live_Superstar_2nd_Season,TV,Summer,2022,Saya,https://myanimelist.net/character/201968/Saya,201968,Supporting,2
45653,Soredemo Ayumu wa Yosetekuru,https://myanimelist.net/anime/45653/Soredemo_Ayumu_wa_Yosetekuru,TV,Summer,2022,Maki,https://myanimelist.net/character/189354/Maki,189354,Supporting,22
51213,Kinsou no Vermeil: Gakeppuchi Majutsushi wa Saikyou no Yakusai to Mahou Sekai wo Tsukisusumu,https://myanimelist.net/anime/51213/Kinsou_no_Vermeil__Gakeppuchi_Majutsushi_wa_Saikyou_no_Yakusai_to_Mahou_Sekai_wo_Tsukisusumu,TV,Summer,2022,"Kimberlite, Elena",https://myanimelist.net/character/210618/Elena_Kimberlite,210618,Supporting,15
48548,5-toubun no Hanayome Movie,https://myanimelist.net/anime/48548/5-toubun_no_Hanayome_Movie,Movie,,2022,"Nakano, Ichika",https://myanimelist.net/character/161470/Ichika_Nakano,161470,Main,3798
50685,Kaginado Season 2,https://myanimelist.net/anime/50685/Kaginado_Season_2,TV,Spring,2022,"Tachibana, Kanade",https://myanimelist.net/character/22369/Kanade_Tachibana,22369,Supporting,14117
50685,Kaginado Season 2,https://myanimelist.net/anime/50685/Kaginado_Season_2,TV,Spring,2022,Kagari,https://myanimelist.net/character/70463/Kagari,70463,Supporting,204
48643,Koi wa Sekai Seifuku no Ato de,https://myanimelist.net/anime/48643/Koi_wa_Sekai_Seifuku_no_Ato_de,TV,Spring,2022,"Majima, Kiki",https://myanimelist.net/character/208778/Kiki_Majima,208778,Supporting,20
40356,Tate no Yuusha no Nariagari Season 2,https://myanimelist.net/anime/40356/Tate_no_Yuusha_no_Nariagari_Season_2,TV,Spring,2022,"Hourai, Ost",https://myanimelist.net/character/121129/Ost_Hourai,121129,Supporting,24
50273,Tomodachi Game,https://myanimelist.net/anime/50273/Tomodachi_Game,TV,Spring,2022,Manabu-saibanchou,https://myanimelist.net/character/212703/Manabu-saibanchou,212703,Supporting,0
49291,Magia Record: Mahou Shoujo Madoka☆Magica Gaiden Final Season - Asaki Yume no Akatsuki,https://myanimelist.net/anime/49291/Magia_Record__Mahou_Shoujo_Madoka☆Magica_Gaiden_Final_Season_-_Asaki_Yume_no_Akatsuki,TV Special,,2022,Kuroe,https://myanimelist.net/character/173872/Kuroe,173872,Supporting,21
49520,Aharen-san wa Hakarenai,https://myanimelist.net/anime/49520/Aharen-san_wa_Hakarenai,TV,Spring,2022,Toubaru-sensei,https://myanimelist.net/character/204012/Toubaru-sensei,204012,Supporting,32
42886,Ginga Eiyuu Densetsu: Die Neue These - Gekitotsu,https://myanimelist.net/anime/42886/Ginga_Eiyuu_Densetsu__Die_Neue_These_-_Gekitotsu,Movie,,2022,"von Mariendorf, Hildegard",https://myanimelist.net/character/12911/Hildegard_von_Mariendorf,12911,Supporting,154
49345,"Goodbye, Don Glees!",https://myanimelist.net/anime/49345/Goodbye_Don_Glees,Movie,,2022,"Urayasu, Chibori",https://myanimelist.net/character/202180/Chibori_Urayasu,202180,Supporting,2
42670,Princess Connect! Re:Dive Season 2,https://myanimelist.net/anime/42670/Princess_Connect_Re_Dive_Season_2,TV,Winter,2022,Aoi,https://myanimelist.net/character/182027/Aoi,182027,Supporting,20
48553,Akebi-chan no Sailor-fuku,https://myanimelist.net/anime/48553/Akebi-chan_no_Sailor-fuku,TV,Winter,2022,"Akebi, Yuwa",https://myanimelist.net/character/204790/Yuwa_Akebi,204790,Supporting,5
49519,Hakozume: Kouban Joshi no Gyakushuu,https://myanimelist.net/anime/49519/Hakozume__Kouban_Joshi_no_Gyakushuu,TV,Winter,2022,"Makitaka, Miwa",https://myanimelist.net/character/202698/Miwa_Makitaka,202698,Supporting,2
48561,Jujutsu Kaisen 0 Movie,https://myanimelist.net/anime/48561/Jujutsu_Kaisen_0_Movie,Movie,,2021,"Orimoto, Rika",https://myanimelist.net/character/189234/Rika_Orimoto,189234,Supporting,70
48775,Kaginado,https://myanimelist.net/anime/48775/Kaginado,TV,Fall,2021,Kagari,https://myanimelist.net/character/70463/Kagari,70463,Supporting,204
44940,World Trigger 3rd Season,https://myanimelist.net/anime/44940/World_Trigger_3rd_Season,TV,Fall,2021,"Kitora, Ai",https://myanimelist.net/character/104223/Ai_Kitora,104223,Supporting,26
49926,Kimetsu no Yaiba: Mugen Ressha-hen,https://myanimelist.net/anime/49926/Kimetsu_no_Yaiba__Mugen_Ressha-hen,TV,Fall,2021,"Kanroji, Mitsuri",https://myanimelist.net/character/151145/Mitsuri_Kanroji,151145,Supporting,4201
38192,Sakugan,https://myanimelist.net/anime/38192/Sakugan,TV,Fall,2021,Zackletu,https://myanimelist.net/character/189076/Zackletu,189076,Main,4
46985,Shinka no Mi: Shiranai Uchi ni Kachigumi Jinsei,https://myanimelist.net/anime/46985/Shinka_no_Mi__Shiranai_Uchi_ni_Kachigumi_Jinsei,TV,Fall,2021,Saria,https://myanimelist.net/character/138865/Saria,138865,Main,77
41833,Kyuuketsuki Sugu Shinu,https://myanimelist.net/anime/41833/Kyuuketsuki_Sugu_Shinu,TV,Fall,2021,"Gekkouin, Maremi",https://myanimelist.net/character/203385/Maremi_Gekkouin,203385,Supporting,2
42587,Yuuki Yuuna wa Yuusha de Aru: Dai Mankai no Shou,https://myanimelist.net/anime/42587/Yuuki_Yuuna_wa_Yuusha_de_Aru__Dai_Mankai_no_Shou,TV,Fall,2021,"Nogi, Sonoko",https://myanimelist.net/character/119399/Sonoko_Nogi,119399,Main,250
46352,Blue Period,https://myanimelist.net/anime/46352/Blue_Period,TV,Fall,2021,"Miki, Kinemi",https://myanimelist.net/character/196861/Kinemi_Miki,196861,Supporting,19
48804,Isekai Shokudou 2,https://myanimelist.net/anime/48804/Isekai_Shokudou_2,TV,Fall,2021,Lastina,https://myanimelist.net/character/203975/Lastina,203975,Supporting,0
49848,Magia Record: Mahou Shoujo Madoka☆Magica Gaiden 2nd Season - Kakusei Zenya Recap,https://myanimelist.net/anime/49848/Magia_Record__Mahou_Shoujo_Madoka☆Magica_Gaiden_2nd_Season_-_Kakusei_Zenya_Recap,TV Special,,2021,Kuroe,https://myanimelist.net/character/173872/Kuroe,173872,Supporting,21
48753,Jahy-sama wa Kujikenai!,https://myanimelist.net/anime/48753/Jahy-sama_wa_Kujikenai,TV,Summer,2021,Druj,https://myanimelist.net/character/172704/Druj,172704,Supporting,66
41530,Magia Record: Mahou Shoujo Madoka☆Magica Gaiden 2nd Season - Kakusei Zenya,https://myanimelist.net/anime/41530/Magia_Record__Mahou_Shoujo_Madoka☆Magica_Gaiden_2nd_Season_-_Kakusei_Zenya,TV,Summer,2021,Kuroe,https://myanimelist.net/character/173872/Kuroe,173872,Supporting,21
41169,Love Live! Superstar!!,https://myanimelist.net/anime/41169/Love_Live_Superstar,TV,Summer,2021,Saya,https://myanimelist.net/character/201968/Saya,201968,Supporting,2
46093,Shiroi Suna no Aquatope,https://myanimelist.net/anime/46093/Shiroi_Suna_no_Aquatope,TV,Summer,2021,Takeshita-sensei,https://myanimelist.net/character/199472/Takeshita-sensei,199472,Supporting,0
43691,Kageki Shoujo!!,https://myanimelist.net/anime/43691/Kageki_Shoujo,TV,Summer,2021,"Nojima, Hijiri",https://myanimelist.net/character/198020/Hijiri_Nojima,198020,Supporting,2
45572,Mahouka Koukou no Yuutousei,https://myanimelist.net/anime/45572/Mahouka_Koukou_no_Yuutousei,TV,Summer,2021,"Saegusa, Mayumi",https://myanimelist.net/character/55745/Mayumi_Saegusa,55745,Supporting,1512
49321,Pokemon (2019): Natsuyasumi Chokuzen 1-jikan Special,https://myanimelist.net/anime/49321/Pokemon_2019__Natsuyasumi_Chokuzen_1-jikan_Special,TV Special,,2021,"Sakuragi, Koharu",https://myanimelist.net/character/174770/Koharu_Sakuragi,174770,Supporting,29
42071,Yuuki Yuuna wa Yuusha de Aru Churutto!,https://myanimelist.net/anime/42071/Yuuki_Yuuna_wa_Yuusha_de_Aru_Churutto,TV,Spring,2021,"Nogi, Sonoko",https://myanimelist.net/character/119399/Sonoko_Nogi,119399,Main,250
40174,Zombieland Saga Revenge,https://myanimelist.net/anime/40174/Zombieland_Saga_Revenge,TV,Spring,2021,"Yuzuriha, Maimai",https://myanimelist.net/character/200611/Maimai_Yuzuriha,200611,Supporting,4
41103,Koi to Yobu ni wa Kimochi Warui,https://myanimelist.net/anime/41103/Koi_to_Yobu_ni_wa_Kimochi_Warui,TV,Spring,2021,"Matsushima, Arie",https://myanimelist.net/character/187178/Arie_Matsushima,187178,Supporting,17
47391,Seven Knights Revolution: Eiyuu no Keishousha,https://myanimelist.net/anime/47391/Seven_Knights_Revolution__Eiyuu_no_Keishousha,TV,Spring,2021,Ellen,https://myanimelist.net/character/192927/Ellen,192927,Supporting,2
41556,Maiko-san Chi no Makanai-san,https://myanimelist.net/anime/41556/Maiko-san_Chi_no_Makanai-san,TV,Winter,2021,"Nozuki, Kiyo ",https://myanimelist.net/character/184891/Kiyo__Nozuki,184891,Main,22
40907,World Trigger 2nd Season,https://myanimelist.net/anime/40907/World_Trigger_2nd_Season,TV,Winter,2021,"Kitora, Ai",https://myanimelist.net/character/104223/Ai_Kitora,104223,Supporting,26
40908,Kemono Jihen,https://myanimelist.net/anime/40908/Kemono_Jihen,TV,Winter,2021,"Inari, Yoko",https://myanimelist.net/character/173104/Yoko_Inari,173104,Supporting,9
39586,Hataraku Saibou!!,https://myanimelist.net/anime/39586/Hataraku_Saibou,TV,Winter,2021,Sekkekkyuu AE3803,https://myanimelist.net/character/142628/Sekkekkyuu_AE3803,142628,Main,414
39783,5-toubun no Hanayome ∬,https://myanimelist.net/anime/39783/5-toubun_no_Hanayome_∬,TV,Winter,2021,"Nakano, Ichika",https://myanimelist.net/character/161470/Ichika_Nakano,161470,Main,3798
32455,Gekidol: Actidol Project,https://myanimelist.net/anime/32455/Gekidol__Actidol_Project,TV,Winter,2021,"Sakakibara, Kaoru",https://myanimelist.net/character/186768/Kaoru_Sakakibara,186768,Main,2
42803,Dokyuu Hentai HxEros OVA,https://myanimelist.net/anime/42803/Dokyuu_Hentai_HxEros_OVA,OVA,,2020,Kinbakuchuu,https://myanimelist.net/character/254063/Kinbakuchuu,254063,Supporting,0
40730,Tian Guan Cifu,https://myanimelist.net/anime/40730/Tian_Guan_Cifu,ONA,,2020,"Ban, Yue",https://myanimelist.net/character/186420/Yue_Ban,186420,Supporting,13
40747,Dounika Naru Hibi,https://myanimelist.net/anime/40747/Dounika_Naru_Hibi,Movie,,2020,Ecchan,https://myanimelist.net/character/186710/Ecchan,186710,Main,0
39790,Adachi to Shimamura,https://myanimelist.net/anime/39790/Adachi_to_Shimamura,TV,Fall,2020,Book Girl,https://myanimelist.net/character/245436/Book_Girl,245436,Supporting,0
41574,Guraburu!,https://myanimelist.net/anime/41574/Guraburu,TV,Fall,2020,Zeta,https://myanimelist.net/character/152162/Zeta,152162,Supporting,14
40497,Mahouka Koukou no Rettousei: Raihousha-hen,https://myanimelist.net/anime/40497/Mahouka_Koukou_no_Rettousei__Raihousha-hen,TV,Fall,2020,"Saegusa, Mayumi",https://myanimelist.net/character/55745/Mayumi_Saegusa,55745,Supporting,1512
40833,Inu to Neko Docchi mo Katteru to Mainichi Tanoshii,https://myanimelist.net/anime/40833/Inu_to_Neko_Docchi_mo_Katteru_to_Mainichi_Tanoshii,TV,Fall,2020,Inu-kun,https://myanimelist.net/character/179553/Inu-kun,179553,Main,9
40571,Majo no Tabitabi,https://myanimelist.net/anime/40571/Majo_no_Tabitabi,TV,Fall,2020,Flan,https://myanimelist.net/character/174808/Flan,174808,Supporting,101
42387,"Hataraku Saibou!! Saikyou no Teki, Futatabi. Karada no Naka wa ""Chou"" Oosawagi!",https://myanimelist.net/anime/42387/Hataraku_Saibou_Saikyou_no_Teki_Futatabi_Karada_no_Naka_wa_Chou_Oosawagi,Movie,,2020,Sekkekkyuu AE3803,https://myanimelist.net/character/142628/Sekkekkyuu_AE3803,142628,Main,414
37587,Lapis Re:LiGHTs,https://myanimelist.net/anime/37587/Lapis_Re_LiGHTs,TV,Summer,2020,Eliza,https://myanimelist.net/character/179656/Eliza,179656,Supporting,6
40902,Shokugeki no Souma: Gou no Sara,https://myanimelist.net/anime/40902/Shokugeki_no_Souma__Gou_no_Sara,TV,Spring,2020,"Kinokuni, Nene",https://myanimelist.net/character/129050/Nene_Kinokuni,129050,Supporting,36
39292,Princess Connect! Re:Dive,https://myanimelist.net/anime/39292/Princess_Connect_Re_Dive,TV,Spring,2020,Aoi,https://myanimelist.net/character/182027/Aoi,182027,Supporting,20
39710,Yesterday wo Utatte,https://myanimelist.net/anime/39710/Yesterday_wo_Utatte,TV,Spring,2020,"Morinome, Shinako",https://myanimelist.net/character/68127/Shinako_Morinome,68127,Main,421
41660,Yesterday wo Utatte: Haishin-ban Episode,https://myanimelist.net/anime/41660/Yesterday_wo_Utatte__Haishin-ban_Episode,ONA,,2020,"Morinome, Shinako",https://myanimelist.net/character/68127/Shinako_Morinome,68127,Supporting,421
39463,Gleipnir,https://myanimelist.net/anime/39463/Gleipnir,TV,Spring,2020,"Aoki, Elena",https://myanimelist.net/character/157033/Elena_Aoki,157033,Supporting,86
40504,Major 2nd 2nd Season,https://myanimelist.net/anime/40504/Major_2nd_2nd_Season,TV,Spring,2020,"Sakura, Mutsuko",https://myanimelist.net/character/159004/Mutsuko_Sakura,159004,Main,26
40165,Listeners,https://myanimelist.net/anime/40165/Listeners,TV,Spring,2020,Roz,https://myanimelist.net/character/179710/Roz,179710,Supporting,0
40873,Granblue Fantasy The Animation Season 2 Extras,https://myanimelist.net/anime/40873/Granblue_Fantasy_The_Animation_Season_2_Extras,Special,,2020,Zeta,https://myanimelist.net/character/152162/Zeta,152162,Main,14
40858,Psycho-Pass 3: First Inspector,https://myanimelist.net/anime/40858/Psycho-Pass_3__First_Inspector,ONA,,2020,"Tsunemori, Akane",https://myanimelist.net/character/68583/Akane_Tsunemori,68583,Supporting,6577
38663,Mushikago no Cagaster,https://myanimelist.net/anime/38663/Mushikago_no_Cagaster,ONA,,2020,Ilie,https://myanimelist.net/character/166899/Ilie,166899,Main,12
38663,Mushikago no Cagaster,https://myanimelist.net/anime/38663/Mushikago_no_Cagaster,ONA,,2020,Tanya,https://myanimelist.net/character/166971/Tanya,166971,Supporting,0
39222,Move to the Future,https://myanimelist.net/anime/39222/Move_to_the_Future,CM,,2020,Izumi-chan,https://myanimelist.net/character/197670/Izumi-chan,197670,Main,0
39942,Uchi Tama?! Uchi no Tama Shirimasen ka?,https://myanimelist.net/anime/39942/Uchi_Tama_Uchi_no_Tama_Shirimasen_ka,TV,Winter,2020,"Hanasaki, Momo",https://myanimelist.net/character/23068/Momo_Hanasaki,23068,Main,3
39531,Kuutei Dragons,https://myanimelist.net/anime/39531/Kuutei_Dragons,TV,Winter,2020,Vanabelle,https://myanimelist.net/character/172090/Vanabelle,172090,Main,18
40230,Housekishou Richard-shi no Nazo Kantei,https://myanimelist.net/anime/40230/Housekishou_Richard-shi_no_Nazo_Kantei,TV,Winter,2020,"Tanimoto, Shouko",https://myanimelist.net/character/177214/Shouko_Tanimoto,177214,Supporting,6
38256,Magia Record: Mahou Shoujo Madoka☆Magica Gaiden,https://myanimelist.net/anime/38256/Magia_Record__Mahou_Shoujo_Madoka☆Magica_Gaiden,TV,Winter,2020,Kuroe,https://myanimelist.net/character/173872/Kuroe,173872,Supporting,21
36371,Ginga Eiyuu Densetsu: Die Neue These - Seiran 3,https://myanimelist.net/anime/36371/Ginga_Eiyuu_Densetsu__Die_Neue_These_-_Seiran_3,Movie,,2019,"von Mariendorf, Hildegard",https://myanimelist.net/character/12911/Hildegard_von_Mariendorf,12911,Supporting,154
39931,Santa Company: Christmas no Himitsu,https://myanimelist.net/anime/39931/Santa_Company__Christmas_no_Himitsu,Movie,,2019,"White, Noel",https://myanimelist.net/character/75048/Noel_White,75048,Main,0
40351,Pokemon (2019),https://myanimelist.net/anime/40351/Pokemon_2019,TV,Fall,2019,"Sakuragi, Koharu",https://myanimelist.net/character/174770/Koharu_Sakuragi,174770,Supporting,29
40351,Pokemon (2019),https://myanimelist.net/anime/40351/Pokemon_2019,TV,Fall,2019,Haruhi,https://myanimelist.net/character/201521/Haruhi,201521,Supporting,1
40351,Pokemon (2019),https://myanimelist.net/anime/40351/Pokemon_2019,TV,Fall,2019,Lucky,https://myanimelist.net/character/250961/Lucky,250961,Supporting,2
39491,Psycho-Pass 3,https://myanimelist.net/anime/39491/Psycho-Pass_3,TV,Fall,2019,"Tsunemori, Akane",https://myanimelist.net/character/68583/Akane_Tsunemori,68583,Supporting,6577
39584,Human Lost: Ningen Shikkaku,https://myanimelist.net/anime/39584/Human_Lost__Ningen_Shikkaku,Movie,,2019,"Hiiragi, Yoshiko",https://myanimelist.net/character/175529/Yoshiko_Hiiragi,175529,Supporting,0
39940,Shokugeki no Souma: Shin no Sara,https://myanimelist.net/anime/39940/Shokugeki_no_Souma__Shin_no_Sara,TV,Fall,2019,"Kinokuni, Nene",https://myanimelist.net/character/129050/Nene_Kinokuni,129050,Supporting,36
38161,Kabukichou Sherlock,https://myanimelist.net/anime/38161/Kabukichou_Sherlock,TV,Fall,2019,"Moran, Alexandra",https://myanimelist.net/character/177018/Alexandra_Moran,177018,Supporting,1
39506,Phantasy Star Online 2: Episode Oracle,https://myanimelist.net/anime/39506/Phantasy_Star_Online_2__Episode_Oracle,TV,Fall,2019,Melphonsina,https://myanimelist.net/character/174284/Melphonsina,174284,Supporting,2
39506,Phantasy Star Online 2: Episode Oracle,https://myanimelist.net/anime/39506/Phantasy_Star_Online_2__Episode_Oracle,TV,Fall,2019,Lisa,https://myanimelist.net/character/175692/Lisa,175692,Supporting,2
36369,Ginga Eiyuu Densetsu: Die Neue These - Seiran 1,https://myanimelist.net/anime/36369/Ginga_Eiyuu_Densetsu__Die_Neue_These_-_Seiran_1,Movie,,2019,"von Mariendorf, Hildegard",https://myanimelist.net/character/12911/Hildegard_von_Mariendorf,12911,Supporting,154
40211,Luo Xiao Hei Zhan Ji (Movie),https://myanimelist.net/anime/40211/Luo_Xiao_Hei_Zhan_Ji_Movie,Movie,,2019,"Luo, Xiaohei",https://myanimelist.net/character/158647/Xiaohei_Luo,158647,Main,60
38826,Tenki no Ko,https://myanimelist.net/anime/38826/Tenki_no_Ko,Movie,,2019,"Sakura, Kana",https://myanimelist.net/character/173327/Kana_Sakura,173327,Supporting,3
9488,Cencoroll Connect,https://myanimelist.net/anime/9488/Cencoroll_Connect,Movie,,2019,Yuki,https://myanimelist.net/character/20587/Yuki,20587,Main,16
40568,Yin Yang Shi: Ping An Wu Yu 2nd Season,https://myanimelist.net/anime/40568/Yin_Yang_Shi__Ping_An_Wu_Yu_2nd_Season,ONA,,2019,Menreiki,https://myanimelist.net/character/213053/Menreiki,213053,Supporting,0
34972,Hakubo,https://myanimelist.net/anime/34972/Hakubo,Movie,,2019, Matsumoto-senpai,https://myanimelist.net/character/193392/_Matsumoto-senpai,193392,Supporting,1
36999,Zoku Owarimonogatari,https://myanimelist.net/anime/36999/Zoku_Owarimonogatari,TV,Spring,2019,"Sengoku, Nadeko",https://myanimelist.net/character/22050/Nadeko_Sengoku,22050,Supporting,4674
38003,Bungou Stray Dogs 3rd Season,https://myanimelist.net/anime/38003/Bungou_Stray_Dogs_3rd_Season,TV,Spring,2019,"Montgomery, Lucy Maud",https://myanimelist.net/character/132966/Lucy_Maud_Montgomery,132966,Supporting,253
37952,Shoumetsu Toshi,https://myanimelist.net/anime/37952/Shoumetsu_Toshi,TV,Spring,2019,Yuki,https://myanimelist.net/character/162527/Yuki,162527,Main,6
38000,Kimetsu no Yaiba,https://myanimelist.net/anime/38000/Kimetsu_no_Yaiba,TV,Spring,2019,"Kanroji, Mitsuri",https://myanimelist.net/character/151145/Mitsuri_Kanroji,151145,Supporting,4201
38787,Senryuu Shoujo,https://myanimelist.net/anime/38787/Senryuu_Shoujo,TV,Spring,2019,"Yukishiro, Nanako",https://myanimelist.net/character/161506/Nanako_Yukishiro,161506,Main,593
38098,Mix: Meisei Story,https://myanimelist.net/anime/38098/Mix__Meisei_Story,TV,Spring,2019,"Ooyama, Haruka",https://myanimelist.net/character/170517/Haruka_Ooyama,170517,Supporting,6
37596,Poputepipikku TV Special,https://myanimelist.net/anime/37596/Poputepipikku_TV_Special,TV Special,,2019,Popuko,https://myanimelist.net/character/148256/Popuko,148256,Main,549
37441,Psycho-Pass: Sinners of the System Case.2 - First Guardian,https://myanimelist.net/anime/37441/Psycho-Pass__Sinners_of_the_System_Case2_-_First_Guardian,Movie,,2019,"Tsunemori, Akane",https://myanimelist.net/character/68583/Akane_Tsunemori,68583,Supporting,6577
37440,Psycho-Pass: Sinners of the System Case.1 - Tsumi to Batsu,https://myanimelist.net/anime/37440/Psycho-Pass__Sinners_of_the_System_Case1_-_Tsumi_to_Batsu,Movie,,2019,"Tsunemori, Akane",https://myanimelist.net/character/68583/Akane_Tsunemori,68583,Supporting,6577
38101,5-toubun no Hanayome,https://myanimelist.net/anime/38101/5-toubun_no_Hanayome,TV,Winter,2019,"Nakano, Ichika",https://myanimelist.net/character/161470/Ichika_Nakano,161470,Main,3798
36633,Date A Live III,https://myanimelist.net/anime/36633/Date_A_Live_III,TV,Winter,2019,"Sonogami, Rinne",https://myanimelist.net/character/169297/Rinne_Sonogami,169297,Supporting,33
37451,Boogiepop wa Warawanai (2019),https://myanimelist.net/anime/37451/Boogiepop_wa_Warawanai_2019,TV,Winter,2019,"Minahoshi, Suiko",https://myanimelist.net/character/34922/Suiko_Minahoshi,34922,Supporting,4
38733,Hataraku Saibou: Kaze Shoukougun,https://myanimelist.net/anime/38733/Hataraku_Saibou__Kaze_Shoukougun,Special,,2018,Sekkekkyuu AE3803,https://myanimelist.net/character/142628/Sekkekkyuu_AE3803,142628,Supporting,414
37492,Steins;Gate 0: Kesshou Takei no Valentine - Bittersweet Intermedio,https://myanimelist.net/anime/37492/Steins_Gate_0__Kesshou_Takei_no_Valentine_-_Bittersweet_Intermedio,Special,,2018,"Shiina, Mayuri",https://myanimelist.net/character/35253/Mayuri_Shiina,35253,Supporting,12347
37711,Koi to Uso: Isshou no Koi/Koi no Kimochi,https://myanimelist.net/anime/37711/Koi_to_Uso__Isshou_no_Koi_Koi_no_Kimochi,OVA,,2018,"Takasaki, Misaki",https://myanimelist.net/character/123061/Misaki_Takasaki,123061,Main,903
37799,Tokyo Ghoul:re 2nd Season,https://myanimelist.net/anime/37799/Tokyo_Ghoul_re_2nd_Season,TV,Fall,2018,"Kamishiro, Rize",https://myanimelist.net/character/103409/Rize_Kamishiro,103409,Supporting,1305
35972,Fairy Tail: Final Series,https://myanimelist.net/anime/35972/Fairy_Tail__Final_Series,TV,Fall,2018,Zera,https://myanimelist.net/character/116499/Zera,116499,Supporting,51
38284,Devidol!,https://myanimelist.net/anime/38284/Devidol,TV,Fall,2018,Hana,https://myanimelist.net/character/136798/Hana,136798,Main,2
34974,Aragne no Mushikago,https://myanimelist.net/anime/34974/Aragne_no_Mushikago,Movie,,2018,Rin,https://myanimelist.net/character/163255/Rin,163255,Main,3
37517,Happy Sugar Life,https://myanimelist.net/anime/37517/Happy_Sugar_Life,TV,Summer,2018,"Matsuzaka, Satou",https://myanimelist.net/character/134256/Satou_Matsuzaka,134256,Main,1861
37598,Phantom in the Twilight,https://myanimelist.net/anime/37598/Phantom_in_the_Twilight,TV,Summer,2018,"Ton, Baileu",https://myanimelist.net/character/164310/Baileu_Ton,164310,Main,6
37141,Hataraku Saibou,https://myanimelist.net/anime/37141/Hataraku_Saibou,TV,Summer,2018,Sekkekkyuu AE3803,https://myanimelist.net/character/142628/Sekkekkyuu_AE3803,142628,Main,414
38110,Tales of HR,https://myanimelist.net/anime/38110/Tales_of_HR,ONA,,2018,Sophie,https://myanimelist.net/character/39936/Sophie,39936,Main,26
36816,Godzilla 2: Kessen Kidou Zoushoku Toshi,https://myanimelist.net/anime/36816/Godzilla_2__Kessen_Kidou_Zoushoku_Toshi,Movie,,2018,"Tani, Yuuko",https://myanimelist.net/character/149523/Yuuko_Tani,149523,Supporting,4
36962,Shokugeki no Souma: San no Sara - Kyokuseiryou no Erina,https://myanimelist.net/anime/36962/Shokugeki_no_Souma__San_no_Sara_-_Kyokuseiryou_no_Erina,OVA,,2018,"Kinokuni, Nene",https://myanimelist.net/character/129050/Nene_Kinokuni,129050,Supporting,36
30484,Steins;Gate 0,https://myanimelist.net/anime/30484/Steins_Gate_0,TV,Spring,2018,"Shiina, Mayuri",https://myanimelist.net/character/35253/Mayuri_Shiina,35253,Main,12347
36949,Shokugeki no Souma: San no Sara - Tootsuki Ressha-hen,https://myanimelist.net/anime/36949/Shokugeki_no_Souma__San_no_Sara_-_Tootsuki_Ressha-hen,TV,Spring,2018,"Kinokuni, Nene",https://myanimelist.net/character/129050/Nene_Kinokuni,129050,Supporting,36
36976,Cutie Honey Universe,https://myanimelist.net/anime/36976/Cutie_Honey_Universe,TV,Spring,2018,"Kisaragi, Honey",https://myanimelist.net/character/4722/Honey_Kisaragi,4722,Main,228
37023,Layton Mystery Tanteisha: Katri no Nazotoki File,https://myanimelist.net/anime/37023/Layton_Mystery_Tanteisha__Katri_no_Nazotoki_File,TV,Spring,2018,"Layton, Katrielle",https://myanimelist.net/character/157689/Katrielle_Layton,157689,Main,74
37433,Wakaokami wa Shougakusei!,https://myanimelist.net/anime/37433/Wakaokami_wa_Shougakusei,TV,Spring,2018,"Inada, Erika",https://myanimelist.net/character/162997/Erika_Inada,162997,Supporting,0
36565,Major 2nd,https://myanimelist.net/anime/36565/Major_2nd,TV,Spring,2018,"Sakura, Mutsuko",https://myanimelist.net/character/159004/Mutsuko_Sakura,159004,Supporting,26
33531,Juushinki Pandora,https://myanimelist.net/anime/33531/Juushinki_Pandora,TV,Spring,2018,"You, Quinny",https://myanimelist.net/character/158959/Quinny_You,158959,Supporting,7
36516,Beatless,https://myanimelist.net/anime/36516/Beatless,TV,Winter,2018,"Tsutsumi, Mika",https://myanimelist.net/character/159628/Mika_Tsutsumi,159628,Supporting,1
35839,Sora yori mo Tooi Basho,https://myanimelist.net/anime/35839/Sora_yori_mo_Tooi_Basho,TV,Winter,2018,"Kobuchizawa, Shirase",https://myanimelist.net/character/157148/Shirase_Kobuchizawa,157148,Main,1327
34445,Yuuki Yuuna wa Yuusha de Aru: Yuusha no Shou,https://myanimelist.net/anime/34445/Yuuki_Yuuna_wa_Yuusha_de_Aru__Yuusha_no_Shou,TV,Fall,2017,"Nogi, Sonoko",https://myanimelist.net/character/119399/Sonoko_Nogi,119399,Main,250
36798,Yuuki Yuuna wa Yuusha de Aru: Hidamari,https://myanimelist.net/anime/36798/Yuuki_Yuuna_wa_Yuusha_de_Aru__Hidamari,Special,,2017,"Nogi, Sonoko",https://myanimelist.net/character/119399/Sonoko_Nogi,119399,Supporting,250
33783,Godzilla 1: Kaijuu Wakusei,https://myanimelist.net/anime/33783/Godzilla_1__Kaijuu_Wakusei,Movie,,2017,"Tani, Yuuko",https://myanimelist.net/character/149523/Yuuko_Tani,149523,Supporting,4
37290,Ani x Para: Anata no Hero wa Dare desu ka,https://myanimelist.net/anime/37290/Ani_x_Para__Anata_no_Hero_wa_Dare_desu_ka,TV Special,,2017,"Kazama, Yui",https://myanimelist.net/character/220157/Yui_Kazama,220157,Main,1
35000,To LOVE-Ru: Multiplication - Mae kara Ushiro kara,https://myanimelist.net/anime/35000/To_LOVE-Ru__Multiplication_-_Mae_kara_Ushiro_kara,OVA,,2017,"Yuuki, Mikan",https://myanimelist.net/character/7806/Mikan_Yuuki,7806,Supporting,938
36542,Boku wa Robot-goshi no Kimi ni Koi wo Suru,https://myanimelist.net/anime/36542/Boku_wa_Robot-goshi_no_Kimi_ni_Koi_wo_Suru,Special,,2017,Saki,https://myanimelist.net/character/155317/Saki,155317,Main,0
35180,3-gatsu no Lion 2nd Season,https://myanimelist.net/anime/35180/3-gatsu_no_Lion_2nd_Season,TV,Fall,2017,"Kawamoto, Hinata",https://myanimelist.net/character/24312/Hinata_Kawamoto,24312,Main,3211
35427,Animegataris,https://myanimelist.net/anime/35427/Animegataris,TV,Fall,2017,"Yang, Bei Bei",https://myanimelist.net/character/153938/Bei_Bei_Yang,153938,Supporting,3
34284,Yuuki Yuuna wa Yuusha de Aru: Washio Sumi no Shou,https://myanimelist.net/anime/34284/Yuuki_Yuuna_wa_Yuusha_de_Aru__Washio_Sumi_no_Shou,TV,Fall,2017,"Nogi, Sonoko",https://myanimelist.net/character/119399/Sonoko_Nogi,119399,Main,250
35838,Shoujo Shuumatsu Ryokou,https://myanimelist.net/anime/35838/Shoujo_Shuumatsu_Ryokou,TV,Fall,2017,Nuko,https://myanimelist.net/character/157080/Nuko,157080,Supporting,246
35788,Shokugeki no Souma: San no Sara,https://myanimelist.net/anime/35788/Shokugeki_no_Souma__San_no_Sara,TV,Fall,2017,"Kinokuni, Nene",https://myanimelist.net/character/129050/Nene_Kinokuni,129050,Supporting,36
33027,Infini-T Force,https://myanimelist.net/anime/33027/Infini-T_Force,TV,Fall,2017,"Lynn, Belle",https://myanimelist.net/character/155241/Belle_Lynn,155241,Supporting,2
34756,Fuusen Inu Tinny: Nandaka Fushigi na - Kyouryuu no Kuni,https://myanimelist.net/anime/34756/Fuusen_Inu_Tinny__Nandaka_Fushigi_na_-_Kyouryuu_no_Kuni,Movie,,2017,Kaitou Nitty,https://myanimelist.net/character/152652/Kaitou_Nitty,152652,Supporting,2
34498,"Uchiage Hanabi, Shita kara Miru ka? Yoko kara Miru ka?",https://myanimelist.net/anime/34498/Uchiage_Hanabi_Shita_kara_Miru_ka_Yoko_kara_Miru_ka,Movie,,2017,"Miura, Haruko",https://myanimelist.net/character/152443/Haruko_Miura,152443,Supporting,5
35247,Owarimonogatari 2nd Season,https://myanimelist.net/anime/35247/Owarimonogatari_2nd_Season,TV Special,,2017,"Sengoku, Nadeko",https://myanimelist.net/character/22050/Nadeko_Sengoku,22050,Supporting,4674
36796,Owarimonogatari 2nd Season Recaps,https://myanimelist.net/anime/36796/Owarimonogatari_2nd_Season_Recaps,TV Special,,2017,"Sengoku, Nadeko",https://myanimelist.net/character/22050/Nadeko_Sengoku,22050,Supporting,4674
35370,Teekyuu 9,https://myanimelist.net/anime/35370/Teekyuu_9,TV,Summer,2017,"Bandou, Marimo",https://myanimelist.net/character/67563/Marimo_Bandou,67563,Main,72
34177,Tenshi no 3P!,https://myanimelist.net/anime/34177/Tenshi_no_3P,TV,Summer,2017,"Ogi, Koume",https://myanimelist.net/character/151543/Koume_Ogi,151543,Supporting,8
34376,Yuuki Yuuna wa Yuusha de Aru: Washio Sumi no Shou 3 - Yakusoku,https://myanimelist.net/anime/34376/Yuuki_Yuuna_wa_Yuusha_de_Aru__Washio_Sumi_no_Shou_3_-_Yakusoku,Movie,,2017,"Nogi, Sonoko",https://myanimelist.net/character/119399/Sonoko_Nogi,119399,Main,250
34934,Koi to Uso,https://myanimelist.net/anime/34934/Koi_to_Uso,TV,Summer,2017,"Takasaki, Misaki",https://myanimelist.net/character/123061/Misaki_Takasaki,123061,Main,903
34902,Tsurezure Children,https://myanimelist.net/anime/34902/Tsurezure_Children,TV,Summer,2017,"Minagawa, Yuki",https://myanimelist.net/character/139298/Yuki_Minagawa,139298,Main,298
32900,Mahouka Koukou no Rettousei Movie: Hoshi wo Yobu Shoujo,https://myanimelist.net/anime/32900/Mahouka_Koukou_no_Rettousei_Movie__Hoshi_wo_Yobu_Shoujo,Movie,,2017,"Saegusa, Mayumi",https://myanimelist.net/character/55745/Mayumi_Saegusa,55745,Supporting,1512
32086,Blame! Movie,https://myanimelist.net/anime/32086/Blame_Movie,Movie,,2017,Cibo,https://myanimelist.net/character/3763/Cibo,3763,Main,506
34480,Shokugeki no Souma: Ni no Sara OVA,https://myanimelist.net/anime/34480/Shokugeki_no_Souma__Ni_no_Sara_OVA,OVA,,2017,"Kinokuni, Nene",https://myanimelist.net/character/129050/Nene_Kinokuni,129050,Supporting,36
34375,Yuuki Yuuna wa Yuusha de Aru: Washio Sumi no Shou 2 - Tamashii,https://myanimelist.net/anime/34375/Yuuki_Yuuna_wa_Yuusha_de_Aru__Washio_Sumi_no_Shou_2_-_Tamashii,Movie,,2017,"Nogi, Sonoko",https://myanimelist.net/character/119399/Sonoko_Nogi,119399,Main,250
32901,Eromanga-sensei,https://myanimelist.net/anime/32901/Eromanga-sensei,TV,Spring,2017,"Gokou, Hinata",https://myanimelist.net/character/84687/Hinata_Gokou,84687,Supporting,11
34537,Yoru wa Mijikashi Arukeyo Otome,https://myanimelist.net/anime/34537/Yoru_wa_Mijikashi_Arukeyo_Otome,Movie,,2017,Kurokami no Otome,https://myanimelist.net/character/148220/Kurokami_no_Otome,148220,Main,246
34102,Sakurada Reset,https://myanimelist.net/anime/34102/Sakurada_Reset,TV,Spring,2017,"Haruki, Misora",https://myanimelist.net/character/146244/Misora_Haruki,146244,Main,77
34566,Boruto: Naruto Next Generations,https://myanimelist.net/anime/34566/Boruto__Naruto_Next_Generations,TV,Spring,2017,Eida,https://myanimelist.net/character/195848/Eida,195848,Supporting,42
34465,Ao no Exorcist: Kyoto Fujouou-hen OVA,https://myanimelist.net/anime/34465/Ao_no_Exorcist__Kyoto_Fujouou-hen_OVA,OVA,,2017,"Moriyama, Shiemi",https://myanimelist.net/character/30430/Shiemi_Moriyama,30430,Supporting,527
31629,Granblue Fantasy The Animation,https://myanimelist.net/anime/31629/Granblue_Fantasy_The_Animation,TV,Spring,2017,Zeta,https://myanimelist.net/character/152162/Zeta,152162,Supporting,14
35286,Henkei Shoujo,https://myanimelist.net/anime/35286/Henkei_Shoujo,ONA,,2017,Itsuki,https://myanimelist.net/character/152647/Itsuki,152647,Main,3
34855,Gabriel DropOut Specials,https://myanimelist.net/anime/34855/Gabriel_DropOut_Specials,Special,,2017,"Shiraha Ainsworth, Raphiel",https://myanimelist.net/character/143077/Raphiel_Shiraha_Ainsworth,143077,Main,855
34374,Yuuki Yuuna wa Yuusha de Aru: Washio Sumi no Shou 1 - Tomodachi,https://myanimelist.net/anime/34374/Yuuki_Yuuna_wa_Yuusha_de_Aru__Washio_Sumi_no_Shou_1_-_Tomodachi,Movie,,2017,"Nogi, Sonoko",https://myanimelist.net/character/119399/Sonoko_Nogi,119399,Main,250
34126,Rewrite 2nd Season,https://myanimelist.net/anime/34126/Rewrite_2nd_Season,TV,Winter,2017,Kagari,https://myanimelist.net/character/70463/Kagari,70463,Main,204
35776,Kingdom Hearts χ Back Cover,https://myanimelist.net/anime/35776/Kingdom_Hearts_χ_Back_Cover,OVA,,2017,Invi,https://myanimelist.net/character/158012/Invi,158012,Main,0
33731,Gabriel DropOut,https://myanimelist.net/anime/33731/Gabriel_DropOut,TV,Winter,2017,"Shiraha Ainsworth, Raphiel",https://myanimelist.net/character/143077/Raphiel_Shiraha_Ainsworth,143077,Main,855
33506,Ao no Exorcist: Kyoto Fujouou-hen,https://myanimelist.net/anime/33506/Ao_no_Exorcist__Kyoto_Fujouou-hen,TV,Winter,2017,"Moriyama, Shiemi",https://myanimelist.net/character/30430/Shiemi_Moriyama,30430,Supporting,527
34289,Schoolgirl Strikers: Animation Channel,https://myanimelist.net/anime/34289/Schoolgirl_Strikers__Animation_Channel,TV,Winter,2017,"Sajima, Yuumi",https://myanimelist.net/character/145565/Yuumi_Sajima,145565,Main,3
32830,Chou Shounen Tanteidan Neo,https://myanimelist.net/anime/32830/Chou_Shounen_Tanteidan_Neo,TV,Winter,2017,"Neko, Fujin",https://myanimelist.net/character/149078/Fujin_Neko,149078,Supporting,2
34503,KochinPa! Dainiki,https://myanimelist.net/anime/34503/KochinPa_Dainiki,TV,Winter,2017,Hana,https://myanimelist.net/character/136798/Hana,136798,Main,2
34136,Orange: Mirai,https://myanimelist.net/anime/34136/Orange__Mirai,Movie,,2016,"Takamiya, Naho",https://myanimelist.net/character/66591/Naho_Takamiya,66591,Main,578
33048,Zegapain ADP,https://myanimelist.net/anime/33048/Zegapain_ADP,Movie,,2016,"Kaminagi, Ryouko",https://myanimelist.net/character/2578/Ryouko_Kaminagi,2578,Main,28
32673,Udon no Kuni no Kiniro Kemari,https://myanimelist.net/anime/32673/Udon_no_Kuni_no_Kiniro_Kemari,TV,Fall,2016,"Fujiyama, Sae",https://myanimelist.net/character/142865/Sae_Fujiyama,142865,Supporting,4
31646,3-gatsu no Lion,https://myanimelist.net/anime/31646/3-gatsu_no_Lion,TV,Fall,2016,"Kawamoto, Hinata",https://myanimelist.net/character/24312/Hinata_Kawamoto,24312,Main,3211
32867,Bungou Stray Dogs 2nd Season,https://myanimelist.net/anime/32867/Bungou_Stray_Dogs_2nd_Season,TV,Fall,2016,"Montgomery, Lucy Maud",https://myanimelist.net/character/132966/Lucy_Maud_Montgomery,132966,Supporting,253
33811,Teekyuu 8,https://myanimelist.net/anime/33811/Teekyuu_8,TV,Fall,2016,"Bandou, Marimo",https://myanimelist.net/character/67563/Marimo_Bandou,67563,Main,72
33433,Shuumatsu no Izetta,https://myanimelist.net/anime/33433/Shuumatsu_no_Izetta,TV,Fall,2016,"Friedmann, Elvira",https://myanimelist.net/character/143990/Elvira_Friedmann,143990,Supporting,0
34103,Danganronpa 3: The End of Kibougamine Gakuen - Kibou-hen,https://myanimelist.net/anime/34103/Danganronpa_3__The_End_of_Kibougamine_Gakuen_-_Kibou-hen,TV Special,,2016,"Nanami, Chiaki",https://myanimelist.net/character/73205/Chiaki_Nanami,73205,Supporting,4819
37139,Koyomi History,https://myanimelist.net/anime/37139/Koyomi_History,Special,,2016,"Sengoku, Nadeko",https://myanimelist.net/character/22050/Nadeko_Sengoku,22050,Main,4674
32281,Kimi no Na wa.,https://myanimelist.net/anime/32281/Kimi_no_Na_wa,Movie,,2016,"Yukino, Yukari",https://myanimelist.net/character/79465/Yukari_Yukino,79465,Supporting,727
33546,Monster Strike: Mermaid Rhapsody,https://myanimelist.net/anime/33546/Monster_Strike__Mermaid_Rhapsody,ONA,,2016,"Kiskill, Lyra",https://myanimelist.net/character/144012/Lyra_Kiskill,144012,Main,3
33028,Danganronpa 3: The End of Kibougamine Gakuen - Zetsubou-hen,https://myanimelist.net/anime/33028/Danganronpa_3__The_End_of_Kibougamine_Gakuen_-_Zetsubou-hen,TV,Summer,2016,"Nanami, Chiaki",https://myanimelist.net/character/73205/Chiaki_Nanami,73205,Main,4819
32171,Ange Vierge,https://myanimelist.net/anime/32171/Ange_Vierge,TV,Summer,2016,Code Ω46 Xenia,https://myanimelist.net/character/141888/Code__Omega_46_Xenia,141888,Supporting,2
32729,Orange,https://myanimelist.net/anime/32729/Orange,TV,Summer,2016,"Takamiya, Naho",https://myanimelist.net/character/66591/Naho_Takamiya,66591,Main,578
31716,Rewrite,https://myanimelist.net/anime/31716/Rewrite,TV,Summer,2016,Kagari,https://myanimelist.net/character/70463/Kagari,70463,Main,204
32930,Fairy Tail OVA (2016),https://myanimelist.net/anime/32930/Fairy_Tail_OVA_2016,OVA,,2016,Zera,https://myanimelist.net/character/116499/Zera,116499,Supporting,51
28771,Yu☆Gi☆Oh! The Dark Side of Dimensions,https://myanimelist.net/anime/28771/Yu☆Gi☆Oh_The_Dark_Side_of_Dimensions,Movie,,2016,Sera,https://myanimelist.net/character/144821/Sera,144821,Supporting,3
32454,Usakame,https://myanimelist.net/anime/32454/Usakame,TV,Spring,2016,"Bandou, Marimo",https://myanimelist.net/character/67563/Marimo_Bandou,67563,Supporting,72
31610,Kyoukai no Rinne 2nd Season,https://myanimelist.net/anime/31610/Kyoukai_no_Rinne_2nd_Season,TV,Spring,2016,Chibi,https://myanimelist.net/character/140632/Chibi,140632,Supporting,1
32956,Aware! Meisaku-kun,https://myanimelist.net/anime/32956/Aware_Meisaku-kun,TV,Spring,2016,Majo,https://myanimelist.net/character/152659/Majo,152659,Supporting,2
32956,Aware! Meisaku-kun,https://myanimelist.net/anime/32956/Aware_Meisaku-kun,TV,Spring,2016,Ameonna-sensei,https://myanimelist.net/character/152660/Ameonna-sensei,152660,Supporting,1
31478,Bungou Stray Dogs,https://myanimelist.net/anime/31478/Bungou_Stray_Dogs,TV,Spring,2016,"Montgomery, Lucy Maud",https://myanimelist.net/character/132966/Lucy_Maud_Montgomery,132966,Supporting,253
31927,Phantom of the Kill: Zero kara no Hangyaku,https://myanimelist.net/anime/31927/Phantom_of_the_Kill__Zero_kara_no_Hangyaku,Movie,,2016,Researcher,https://myanimelist.net/character/141282/Researcher,141282,Supporting,1
31098,Ushio to Tora (TV) 2nd Season,https://myanimelist.net/anime/31098/Ushio_to_Tora_TV_2nd_Season,TV,Spring,2016,Jiemei,https://myanimelist.net/character/130517/Jiemei,130517,Supporting,0
31867,Shoujo-tachi wa Kouya wo Mezasu: Iubeki Monokashira,https://myanimelist.net/anime/31867/Shoujo-tachi_wa_Kouya_wo_Mezasu__Iubeki_Monokashira,OVA,,2016,"Kobayakawa, Yuuka",https://myanimelist.net/character/134641/Yuuka_Kobayakawa,134641,Main,12
32485,Prison School: Mad Wax,https://myanimelist.net/anime/32485/Prison_School__Mad_Wax,OVA,,2016,"Midorikawa, Hana",https://myanimelist.net/character/64847/Hana_Midorikawa,64847,Supporting,2563
32491,Kanojo to Kanojo no Neko: Everything Flows,https://myanimelist.net/anime/32491/Kanojo_to_Kanojo_no_Neko__Everything_Flows,TV,Winter,2016,Miyu,https://myanimelist.net/character/138673/Miyu,138673,Main,25
31711,To LOVE-Ru Darkness 2nd Specials,https://myanimelist.net/anime/31711/To_LOVE-Ru_Darkness_2nd_Specials,Special,,2016,"Yuuki, Mikan",https://myanimelist.net/character/7806/Mikan_Yuuki,7806,Supporting,938
32773,Nintama Rantarou no Uchuu Daibouken with Cosmic Front☆Next,https://myanimelist.net/anime/32773/Nintama_Rantarou_no_Uchuu_Daibouken_with_Cosmic_Front☆Next,TV Special,,2016,"Galilei, Galileo",https://myanimelist.net/character/179410/Galileo_Galilei,179410,Supporting,0
32666,Oniku Daisuki! Zeushi-kun: Suteki na Hamburger,https://myanimelist.net/anime/32666/Oniku_Daisuki_Zeushi-kun__Suteki_na_Hamburger,ONA,,2016,Zeushi-kun,https://myanimelist.net/character/101065/Zeushi-kun,101065,Main,1
32228,Teekyuu 7,https://myanimelist.net/anime/32228/Teekyuu_7,TV,Winter,2016,"Bandou, Marimo",https://myanimelist.net/character/67563/Marimo_Bandou,67563,Main,72
32268,Koyomimonogatari,https://myanimelist.net/anime/32268/Koyomimonogatari,ONA,,2016,"Sengoku, Nadeko",https://myanimelist.net/character/22050/Nadeko_Sengoku,22050,Supporting,4674
27833,Durarara!!x2 Ketsu,https://myanimelist.net/anime/27833/Durararax2_Ketsu,TV,Winter,2016,"Sonohara, Anri",https://myanimelist.net/character/24594/Anri_Sonohara,24594,Main,458
31848,Ojisan to Marshmallow,https://myanimelist.net/anime/31848/Ojisan_to_Marshmallow,TV,Winter,2016,Mio5,https://myanimelist.net/character/137155/Mio5,137155,Main,7
31914,Shoujo-tachi wa Kouya wo Mezasu,https://myanimelist.net/anime/31914/Shoujo-tachi_wa_Kouya_wo_Mezasu,TV,Winter,2016,"Kobayakawa, Yuuka",https://myanimelist.net/character/134641/Yuuka_Kobayakawa,134641,Main,12
31559,Prince of Stride: Alternative,https://myanimelist.net/anime/31559/Prince_of_Stride__Alternative,TV,Winter,2016,"Sakurai, Nana",https://myanimelist.net/character/133094/Nana_Sakurai,133094,Main,8
31380,To LOVE-Ru Darkness 2nd OVA,https://myanimelist.net/anime/31380/To_LOVE-Ru_Darkness_2nd_OVA,OVA,,2016,"Yuuki, Mikan",https://myanimelist.net/character/7806/Mikan_Yuuki,7806,Supporting,938
32553,Nisekoi: OVA,https://myanimelist.net/anime/32553/Nisekoi__OVA,OVA,,2016,"Onodera, Kosaki",https://myanimelist.net/character/52723/Kosaki_Onodera,52723,Main,7744
36686,Hifuu Katsudou Kiroku: The Sealed Esoteric History,https://myanimelist.net/anime/36686/Hifuu_Katsudou_Kiroku__The_Sealed_Esoteric_History,OVA,,2015,"Hearn, Maribel",https://myanimelist.net/character/156842/Maribel_Hearn,156842,Main,23
32400,KochinPa!,https://myanimelist.net/anime/32400/KochinPa,TV,Winter,2016,Hana,https://myanimelist.net/character/136798/Hana,136798,Main,2
30419,"Wake Up, Girls! Beyond the Bottom",https://myanimelist.net/anime/30419/Wake_Up_Girls_Beyond_the_Bottom,Movie,,2015,Anna,https://myanimelist.net/character/97909/Anna,97909,Supporting,0
32188,Steins;Gate: Kyoukaimenjou no Missing Link - Divide By Zero,https://myanimelist.net/anime/32188/Steins_Gate__Kyoukaimenjou_no_Missing_Link_-_Divide_By_Zero,TV Special,,2015,"Shiina, Mayuri",https://myanimelist.net/character/35253/Mayuri_Shiina,35253,Supporting,12347
30954,Jakusansei Million Arthur,https://myanimelist.net/anime/30954/Jakusansei_Million_Arthur,ONA,,2015,Galahad,https://myanimelist.net/character/152668/Galahad,152668,Supporting,0
29868,Go! Princess Precure Movie: Go! Go!! Gouka 3-bondate!!!,https://myanimelist.net/anime/29868/Go_Princess_Precure_Movie__Go_Go_Gouka_3-bondate,Movie,,2015,Pumplulu Princess,https://myanimelist.net/character/139913/Pumplulu_Princess,139913,Supporting,1
31440,Teekyuu 6,https://myanimelist.net/anime/31440/Teekyuu_6,TV,Fall,2015,"Bandou, Marimo",https://myanimelist.net/character/67563/Marimo_Bandou,67563,Main,72
31181,Owarimonogatari,https://myanimelist.net/anime/31181/Owarimonogatari,TV,Fall,2015,"Sengoku, Nadeko",https://myanimelist.net/character/22050/Nadeko_Sengoku,22050,Supporting,4674
28625,Shisha no Teikoku,https://myanimelist.net/anime/28625/Shisha_no_Teikoku,Movie,,2015,"Lilith, Hadaly",https://myanimelist.net/character/131807/Hadaly_Lilith,131807,Supporting,22
31640,Fuusen Inu Tinny 2nd Season,https://myanimelist.net/anime/31640/Fuusen_Inu_Tinny_2nd_Season,TV,Fall,2015,Kaitou Nitty,https://myanimelist.net/character/152652/Kaitou_Nitty,152652,Supporting,2
30370,Akatsuki no Yona OVA,https://myanimelist.net/anime/30370/Akatsuki_no_Yona_OVA,OVA,,2015,Kaya,https://myanimelist.net/character/138054/Kaya,138054,Supporting,18
29876,Chu Feng: B.E.E,https://myanimelist.net/anime/29876/Chu_Feng__BEE,ONA,,2015,Liuli,https://myanimelist.net/character/43371/Liuli,43371,Main,2
30191,Durarara!!x2 Shou: Watashi no Kokoro wa Nabe Moyou,https://myanimelist.net/anime/30191/Durararax2_Shou__Watashi_no_Kokoro_wa_Nabe_Moyou,Special,,2015,"Sonohara, Anri",https://myanimelist.net/character/24594/Anri_Sonohara,24594,Main,458
30240,Prison School,https://myanimelist.net/anime/30240/Prison_School,TV,Summer,2015,"Midorikawa, Hana",https://myanimelist.net/character/64847/Hana_Midorikawa,64847,Supporting,2563
30743,Kanadian Families: Episode Zero,https://myanimelist.net/anime/30743/Kanadian_Families__Episode_Zero,OVA,,2015,Kana-chan,https://myanimelist.net/character/128189/Kana-chan,128189,Main,1
28979,To LOVE-Ru Darkness 2nd,https://myanimelist.net/anime/28979/To_LOVE-Ru_Darkness_2nd,TV,Summer,2015,"Yuuki, Mikan",https://myanimelist.net/character/7806/Mikan_Yuuki,7806,Supporting,938
30567,Teekyuu 5,https://myanimelist.net/anime/30567/Teekyuu_5,TV,Summer,2015,"Bandou, Marimo",https://myanimelist.net/character/67563/Marimo_Bandou,67563,Main,72
21039,Gatchaman Crowds Insight,https://myanimelist.net/anime/21039/Gatchaman_Crowds_Insight,TV,Summer,2015,Gelsadra,https://myanimelist.net/character/130872/Gelsadra,130872,Supporting,3
27831,Durarara!!x2 Ten,https://myanimelist.net/anime/27831/Durararax2_Ten,TV,Summer,2015,"Sonohara, Anri",https://myanimelist.net/character/24594/Anri_Sonohara,24594,Main,458
28387,Joukamachi no Dandelion,https://myanimelist.net/anime/28387/Joukamachi_no_Dandelion,TV,Summer,2015,"Sakurada, Akane",https://myanimelist.net/character/118453/Akane_Sakurada,118453,Main,258
29854,Ushio to Tora (TV),https://myanimelist.net/anime/29854/Ushio_to_Tora_TV,TV,Summer,2015,Jiemei,https://myanimelist.net/character/130517/Jiemei,130517,Supporting,0
30381,Sousei no Aquarion Evol,https://myanimelist.net/anime/30381/Sousei_no_Aquarion_Evol,Special,,2015,"Wong, Zessica",https://myanimelist.net/character/52781/Zessica_Wong,52781,Supporting,88
28677,Yamada-kun to 7-nin no Majo,https://myanimelist.net/anime/28677/Yamada-kun_to_7-nin_no_Majo,TV,Spring,2015,"Asuka, Mikoto",https://myanimelist.net/character/82757/Mikoto_Asuka,82757,Supporting,12
27787,Nisekoi:,https://myanimelist.net/anime/27787/Nisekoi_,TV,Spring,2015,"Onodera, Kosaki",https://myanimelist.net/character/52723/Kosaki_Onodera,52723,Main,7744
26395,Teekyuu 4,https://myanimelist.net/anime/26395/Teekyuu_4,TV,Spring,2015,"Bandou, Marimo",https://myanimelist.net/character/67563/Marimo_Bandou,67563,Main,72
28861,Takamiya Nasuno desu! Teekyuu Spin-off,https://myanimelist.net/anime/28861/Takamiya_Nasuno_desu_Teekyuu_Spin-off,TV,Spring,2015,"Bandou, Marimo",https://myanimelist.net/character/67563/Marimo_Bandou,67563,Supporting,72
29589,Denpa Kyoushi,https://myanimelist.net/anime/29589/Denpa_Kyoushi,TV,Spring,2015,"Mukyou, Reiko",https://myanimelist.net/character/129910/Reiko_Mukyou,129910,Supporting,2
30358,Turnover,https://myanimelist.net/anime/30358/Turnover,CM,,2015,"Yamazaki, Chizuru",https://myanimelist.net/character/126585/Chizuru_Yamazaki,126585,Main,2
24913,Bokura wa Minna Kawai-sou: Hajimete no,https://myanimelist.net/anime/24913/Bokura_wa_Minna_Kawai-sou__Hajimete_no,Special,,2015,"Kawai, Ritsu",https://myanimelist.net/character/87505/Ritsu_Kawai,87505,Main,1529
16385,Dog Days'',https://myanimelist.net/anime/16385/Dog_Days,TV,Winter,2015,"VinoCacao, Noir",https://myanimelist.net/character/41638/Noir_VinoCacao,41638,Supporting,34
26441,Junketsu no Maria,https://myanimelist.net/anime/26441/Junketsu_no_Maria,TV,Winter,2015,Ezekiel,https://myanimelist.net/character/112699/Ezekiel,112699,Main,13
23199,Durarara!!x2 Shou,https://myanimelist.net/anime/23199/Durararax2_Shou,TV,Winter,2015,"Sonohara, Anri",https://myanimelist.net/character/24594/Anri_Sonohara,24594,Main,458
21339,Psycho-Pass Movie,https://myanimelist.net/anime/21339/Psycho-Pass_Movie,Movie,,2015,"Tsunemori, Akane",https://myanimelist.net/character/68583/Akane_Tsunemori,68583,Main,6577
24873,Juuou Mujin no Fafnir,https://myanimelist.net/anime/24873/Juuou_Mujin_no_Fafnir,TV,Winter,2015,"Crest, Firill",https://myanimelist.net/character/113935/Firill_Crest,113935,Supporting,17
36064,Fate/Grand Order,https://myanimelist.net/anime/36064/Fate_Grand_Order,CM,,2014,"Kuonji, Alice",https://myanimelist.net/character/61127/Alice_Kuonji,61127,Supporting,229
24627,Yamada-kun to 7-nin no Majo: Mou Hitotsu no Suzaku-sai,https://myanimelist.net/anime/24627/Yamada-kun_to_7-nin_no_Majo__Mou_Hitotsu_no_Suzaku-sai,OVA,,2014,"Asuka, Mikoto",https://myanimelist.net/character/82757/Mikoto_Asuka,82757,Supporting,12
24451,Kanojo ga Flag wo Oraretara: Christmas? Sonna Mono ga Boku ni Tsuuyou Suru to Omou no ka?,https://myanimelist.net/anime/24451/Kanojo_ga_Flag_wo_Oraretara__Christmas_Sonna_Mono_ga_Boku_ni_Tsuuyou_Suru_to_Omou_no_ka,OVA,,2014,"Touzokuyama, Megumu",https://myanimelist.net/character/95225/Megumu_Touzokuyama,95225,Main,67
28185,Oniku Daisuki! Zeushi-kun 2nd Season,https://myanimelist.net/anime/28185/Oniku_Daisuki_Zeushi-kun_2nd_Season,ONA,,2014,Zeushi-kun,https://myanimelist.net/character/101065/Zeushi-kun,101065,Main,1
21653,IS: Infinite Stratos 2 - World Purge-hen,https://myanimelist.net/anime/21653/IS__Infinite_Stratos_2_-_World_Purge-hen,OVA,,2014,"Dunois, Charlotte",https://myanimelist.net/character/35662/Charlotte_Dunois,35662,Main,2292
28431,Pokemon Omega Ruby & Alpha Sapphire: Mega Special Animation,https://myanimelist.net/anime/28431/Pokemon_Omega_Ruby___Alpha_Sapphire__Mega_Special_Animation,ONA,,2014,Haruka,https://myanimelist.net/character/6841/Haruka,6841,Main,298
20449,"Watashi ga Motenai no wa Dou Kangaetemo Omaera ga Warui!: Motenaishi, Nazomeite Miru",https://myanimelist.net/anime/20449/Watashi_ga_Motenai_no_wa_Dou_Kangaetemo_Omaera_ga_Warui__Motenaishi_Nazomeite_Miru,OVA,,2014,"Naruse, Yuu",https://myanimelist.net/character/52827/Yuu_Naruse,52827,Supporting,36
25519,Yuuki Yuuna wa Yuusha de Aru,https://myanimelist.net/anime/25519/Yuuki_Yuuna_wa_Yuusha_de_Aru,TV,Fall,2014,"Nogi, Sonoko",https://myanimelist.net/character/119399/Sonoko_Nogi,119399,Supporting,250
27957,Steins;Gate: Soumei Eichi no Cognitive Computing,https://myanimelist.net/anime/27957/Steins_Gate__Soumei_Eichi_no_Cognitive_Computing,ONA,,2014,"Shiina, Mayuri",https://myanimelist.net/character/35253/Mayuri_Shiina,35253,Main,12347
23459,Sekai Seifuku: Bouryaku no Zvezda - Shin Zvezda Daisakusen,https://myanimelist.net/anime/23459/Sekai_Seifuku__Bouryaku_no_Zvezda_-_Shin_Zvezda_Daisakusen,Special,,2014,"Vasylchenko, Natalia",https://myanimelist.net/character/94537/Natalia_Vasylchenko,94537,Main,39
23281,Psycho-Pass 2,https://myanimelist.net/anime/23281/Psycho-Pass_2,TV,Fall,2014,"Tsunemori, Akane",https://myanimelist.net/character/68583/Akane_Tsunemori,68583,Main,6577
22535,Kiseijuu: Sei no Kakuritsu,https://myanimelist.net/anime/22535/Kiseijuu__Sei_no_Kakuritsu,TV,Fall,2014,"Murano, Satomi",https://myanimelist.net/character/19436/Satomi_Murano,19436,Supporting,361
24405,World Trigger,https://myanimelist.net/anime/24405/World_Trigger,TV,Fall,2014,"Kitora, Ai",https://myanimelist.net/character/104223/Ai_Kitora,104223,Supporting,26
24227,Nisekoi OVA,https://myanimelist.net/anime/24227/Nisekoi_OVA,OVA,,2014,"Onodera, Kosaki",https://myanimelist.net/character/52723/Kosaki_Onodera,52723,Main,7744
24469,Buddy Complex: Kanketsu-hen - Ano Sora ni Kaeru Mirai de,https://myanimelist.net/anime/24469/Buddy_Complex__Kanketsu-hen_-_Ano_Sora_ni_Kaeru_Mirai_de,TV Special,,2014,"Nasu, Mayuka",https://myanimelist.net/character/95835/Mayuka_Nasu,95835,Supporting,10
23383,D-Frag!*,https://myanimelist.net/anime/23383/D-Frag,OVA,,2014,"Shibasaki, Roka",https://myanimelist.net/character/42634/Roka_Shibasaki,42634,Supporting,730
31105,Buddy Complex: Daremo Shiranai Ashita e,https://myanimelist.net/anime/31105/Buddy_Complex__Daremo_Shiranai_Ashita_e,ONA,,2014,"Nasu, Mayuka",https://myanimelist.net/character/95835/Mayuka_Nasu,95835,Main,10
26449,Akame ga Kill! Recap,https://myanimelist.net/anime/26449/Akame_ga_Kill_Recap,TV Special,,2014,"Ubiquitous, Seryuu",https://myanimelist.net/character/83405/Seryuu_Ubiquitous,83405,Supporting,223
24075,Persona 4 the Golden Animation,https://myanimelist.net/anime/24075/Persona_4_the_Golden_Animation,TV,Summer,2014,Marie,https://myanimelist.net/character/105947/Marie,105947,Main,136
25241,AkaKill! Gekijou,https://myanimelist.net/anime/25241/AkaKill_Gekijou,ONA,,2014,"Ubiquitous, Seryuu",https://myanimelist.net/character/83405/Seryuu_Ubiquitous,83405,Supporting,223
22199,Akame ga Kill!,https://myanimelist.net/anime/22199/Akame_ga_Kill,TV,Summer,2014,"Ubiquitous, Seryuu",https://myanimelist.net/character/83405/Seryuu_Ubiquitous,83405,Supporting,223
22319,Tokyo Ghoul,https://myanimelist.net/anime/22319/Tokyo_Ghoul,TV,Summer,2014,"Kamishiro, Rize",https://myanimelist.net/character/103409/Rize_Kamishiro,103409,Supporting,1305
24973,Bokura wa Minna Kawai-sou Specials,https://myanimelist.net/anime/24973/Bokura_wa_Minna_Kawai-sou_Specials,Special,,2014,"Kawai, Ritsu",https://myanimelist.net/character/87505/Ritsu_Kawai,87505,Main,1529
25117,Ryuugajou Nanana no Maizoukin: Nanana Nippon Mukashibanashi,https://myanimelist.net/anime/25117/Ryuugajou_Nanana_no_Maizoukin__Nanana_Nippon_Mukashibanashi,Special,,2014,"Hoshino, Daruku",https://myanimelist.net/character/100539/Daruku_Hoshino,100539,Supporting,84
24365,Tonari no Seki-kun Specials,https://myanimelist.net/anime/24365/Tonari_no_Seki-kun_Specials,Special,,2014,"Yokoi, Rumi",https://myanimelist.net/character/76714/Rumi_Yokoi,76714,Main,193
23857,Go! Go! Kadendanshi 2nd Season,https://myanimelist.net/anime/23857/Go_Go_Kadendanshi_2nd_Season,ONA,,2014,Dryanna,https://myanimelist.net/character/87507/Dryanna,87507,Main,1
21603,Mekakucity Actors,https://myanimelist.net/anime/21603/Mekakucity_Actors,TV,Spring,2014,"Kozakura, Mari",https://myanimelist.net/character/67947/Mari_Kozakura,67947,Main,311
21561,Ryuugajou Nanana no Maizoukin,https://myanimelist.net/anime/21561/Ryuugajou_Nanana_no_Maizoukin,TV,Spring,2014,"Hoshino, Daruku",https://myanimelist.net/character/100539/Daruku_Hoshino,100539,Supporting,84
19685,Kanojo ga Flag wo Oraretara,https://myanimelist.net/anime/19685/Kanojo_ga_Flag_wo_Oraretara,TV,Spring,2014,"Touzokuyama, Megumu",https://myanimelist.net/character/95225/Megumu_Touzokuyama,95225,Supporting,67
22433,Break Blade,https://myanimelist.net/anime/22433/Break_Blade,TV,Spring,2014,"Zaubraff, Cleo",https://myanimelist.net/character/29447/Cleo_Zaubraff,29447,Supporting,11
20785,Mahouka Koukou no Rettousei,https://myanimelist.net/anime/20785/Mahouka_Koukou_no_Rettousei,TV,Spring,2014,"Saegusa, Mayumi",https://myanimelist.net/character/55745/Mayumi_Saegusa,55745,Supporting,1512
21033,Seikoku no Dragonar,https://myanimelist.net/anime/21033/Seikoku_no_Dragonar,TV,Spring,2014,"Valentine, Jessica",https://myanimelist.net/character/84195/Jessica_Valentine,84195,Supporting,1
22043,Fairy Tail (2014),https://myanimelist.net/anime/22043/Fairy_Tail_2014,TV,Spring,2014,Zera,https://myanimelist.net/character/116499/Zera,116499,Supporting,51
21405,Bokura wa Minna Kawai-sou,https://myanimelist.net/anime/21405/Bokura_wa_Minna_Kawai-sou,TV,Spring,2014,"Kawai, Ritsu",https://myanimelist.net/character/87505/Ritsu_Kawai,87505,Main,1529
20479,Choujigen Game Neptune The Animation: Yakusoku no Eien - True End,https://myanimelist.net/anime/20479/Choujigen_Game_Neptune_The_Animation__Yakusoku_no_Eien_-_True_End,OVA,,2014,Pururut,https://myanimelist.net/character/69385/Pururut,69385,Supporting,566
14817,Mouretsu Pirates: Abyss of Hyperspace,https://myanimelist.net/anime/14817/Mouretsu_Pirates__Abyss_of_Hyperspace,Movie,,2014,"Kurihara, Chiaki",https://myanimelist.net/character/49873/Chiaki_Kurihara,49873,Supporting,35
23341,Yoku Wakaru Mahouka!,https://myanimelist.net/anime/23341/Yoku_Wakaru_Mahouka,ONA,,2014,"Saegusa, Mayumi",https://myanimelist.net/character/55745/Mayumi_Saegusa,55745,Supporting,1512
22335,Teekyuu 3 Specials,https://myanimelist.net/anime/22335/Teekyuu_3_Specials,Special,,2014,"Bandou, Marimo",https://myanimelist.net/character/67563/Marimo_Bandou,67563,Main,72
20973,Sekai Seifuku: Bouryaku no Zvezda,https://myanimelist.net/anime/20973/Sekai_Seifuku__Bouryaku_no_Zvezda,TV,Winter,2014,"Vasylchenko, Natalia",https://myanimelist.net/character/94537/Natalia_Vasylchenko,94537,Main,39
18897,Nisekoi,https://myanimelist.net/anime/18897/Nisekoi,TV,Winter,2014,"Onodera, Kosaki",https://myanimelist.net/character/52723/Kosaki_Onodera,52723,Main,7744
18095,Nourin,https://myanimelist.net/anime/18095/Nourin,TV,Winter,2014,"Nakazawa, Minori",https://myanimelist.net/character/80881/Minori_Nakazawa,80881,Main,38
19023,"Wake Up, Girls!",https://myanimelist.net/anime/19023/Wake_Up_Girls,TV,Winter,2014,Anna,https://myanimelist.net/character/97909/Anna,97909,Supporting,0
21189,"Wake Up, Girls! Shichinin no Idol",https://myanimelist.net/anime/21189/Wake_Up_Girls_Shichinin_no_Idol,Movie,,2014,Anna,https://myanimelist.net/character/97909/Anna,97909,Supporting,0
20031,D-Frag!,https://myanimelist.net/anime/20031/D-Frag,TV,Winter,2014,"Shibasaki, Roka",https://myanimelist.net/character/42634/Roka_Shibasaki,42634,Main,730
16123,Saki: Zenkoku-hen,https://myanimelist.net/anime/16123/Saki__Zenkoku-hen,TV,Winter,2014,"Matsumi, Kuro",https://myanimelist.net/character/48487/Kuro_Matsumi,48487,Supporting,22
18139,Tonari no Seki-kun,https://myanimelist.net/anime/18139/Tonari_no_Seki-kun,TV,Winter,2014,"Yokoi, Rumi",https://myanimelist.net/character/76714/Rumi_Yokoi,76714,Main,193
21437,Buddy Complex,https://myanimelist.net/anime/21437/Buddy_Complex,TV,Winter,2014,"Nasu, Mayuka",https://myanimelist.net/character/95835/Mayuka_Nasu,95835,Supporting,10
22541,Oniku Daisuki! Zeushi-kun,https://myanimelist.net/anime/22541/Oniku_Daisuki_Zeushi-kun,TV,Winter,2014,Zeushi-kun,https://myanimelist.net/character/101065/Zeushi-kun,101065,Main,1
20057,Space☆Dandy,https://myanimelist.net/anime/20057/Space☆Dandy,TV,Winter,2014,Adélie,https://myanimelist.net/character/100297/Adélie,100297,Supporting,94
20977,Tonari no Seki-kun OVA,https://myanimelist.net/anime/20977/Tonari_no_Seki-kun_OVA,OVA,,2014,"Yokoi, Rumi",https://myanimelist.net/character/76714/Rumi_Yokoi,76714,Main,193
21373,Freezing Vibration Specials,https://myanimelist.net/anime/21373/Freezing_Vibration_Specials,Special,,2013,"Linchen, Rana",https://myanimelist.net/character/39010/Rana_Linchen,39010,Main,81
21415,Machine-Doll wa Kizutsukanai Specials,https://myanimelist.net/anime/21415/Machine-Doll_wa_Kizutsukanai_Specials,Special,,2013,"Akabane, Nadeshiko",https://myanimelist.net/character/94345/Nadeshiko_Akabane,94345,Supporting,3
21009,Sekai de Ichiban Tsuyoku Naritai! Specials,https://myanimelist.net/anime/21009/Sekai_de_Ichiban_Tsuyoku_Naritai_Specials,Special,,2013,"Sanada, Juri",https://myanimelist.net/character/89017/Juri_Sanada,89017,Supporting,1
20045,IS: Infinite Stratos 2 - Hitonatsu no Omoide,https://myanimelist.net/anime/20045/IS__Infinite_Stratos_2_-_Hitonatsu_no_Omoide,OVA,,2013,"Dunois, Charlotte",https://myanimelist.net/character/35662/Charlotte_Dunois,35662,Main,2292
21201,Teekyuu 2 Specials,https://myanimelist.net/anime/21201/Teekyuu_2_Specials,Special,,2013,"Bandou, Marimo",https://myanimelist.net/character/67563/Marimo_Bandou,67563,Main,72
16011,Tokyo Ravens,https://myanimelist.net/anime/16011/Tokyo_Ravens,TV,Fall,2013,"Tsuchimikado, Natsume",https://myanimelist.net/character/42315/Natsume_Tsuchimikado,42315,Main,428
17247,Machine-Doll wa Kizutsukanai,https://myanimelist.net/anime/17247/Machine-Doll_wa_Kizutsukanai,TV,Fall,2013,Hotaru,https://myanimelist.net/character/88615/Hotaru,88615,Supporting,5
17247,Machine-Doll wa Kizutsukanai,https://myanimelist.net/anime/17247/Machine-Doll_wa_Kizutsukanai,TV,Fall,2013,"Akabane, Nadeshiko",https://myanimelist.net/character/94345/Nadeshiko_Akabane,94345,Supporting,3
17247,Machine-Doll wa Kizutsukanai,https://myanimelist.net/anime/17247/Machine-Doll_wa_Kizutsukanai,TV,Fall,2013,Firefly,https://myanimelist.net/character/259947/Firefly,259947,Supporting,0
18115,Magi: The Kingdom of Magic,https://myanimelist.net/anime/18115/Magi__The_Kingdom_of_Magic,TV,Fall,2013,"Ren, Kougyoku",https://myanimelist.net/character/46819/Kougyoku_Ren,46819,Supporting,813
20473,Teekyuu 3,https://myanimelist.net/anime/20473/Teekyuu_3,TV,Fall,2013,"Bandou, Marimo",https://myanimelist.net/character/67563/Marimo_Bandou,67563,Main,72
11763,Sekai de Ichiban Tsuyoku Naritai!,https://myanimelist.net/anime/11763/Sekai_de_Ichiban_Tsuyoku_Naritai,TV,Fall,2013,"Sanada, Juri",https://myanimelist.net/character/89017/Juri_Sanada,89017,Supporting,1
18195,Little Busters! Refrain,https://myanimelist.net/anime/18195/Little_Busters_Refrain,TV,Fall,2013,"Suginami, Mutsumi",https://myanimelist.net/character/80273/Mutsumi_Suginami,80273,Supporting,2
18247,IS: Infinite Stratos 2,https://myanimelist.net/anime/18247/IS__Infinite_Stratos_2,TV,Fall,2013,"Dunois, Charlotte",https://myanimelist.net/character/35662/Charlotte_Dunois,35662,Main,2292
18001,Freezing Vibration,https://myanimelist.net/anime/18001/Freezing_Vibration,TV,Fall,2013,"Linchen, Rana",https://myanimelist.net/character/39010/Rana_Linchen,39010,Main,81
16067,Nagi no Asu kara,https://myanimelist.net/anime/16067/Nagi_no_Asu_kara,TV,Fall,2013,"Mukaido, Manaka",https://myanimelist.net/character/73065/Manaka_Mukaido,73065,Main,691
9479,Coppelion,https://myanimelist.net/anime/9479/Coppelion,TV,Fall,2013,"Fukasaku, Aoi",https://myanimelist.net/character/87473/Aoi_Fukasaku,87473,Main,16
18857,Ore no Imouto ga Konnani Kawaii Wake ga Nai. Specials,https://myanimelist.net/anime/18857/Ore_no_Imouto_ga_Konnani_Kawaii_Wake_ga_Nai_Specials,ONA,,2013,"Gokou, Ruri",https://myanimelist.net/character/31008/Ruri_Gokou,31008,Supporting,6703
18857,Ore no Imouto ga Konnani Kawaii Wake ga Nai. Specials,https://myanimelist.net/anime/18857/Ore_no_Imouto_ga_Konnani_Kawaii_Wake_ga_Nai_Specials,ONA,,2013,"Gokou, Hinata",https://myanimelist.net/character/84687/Hinata_Gokou,84687,Supporting,11
20155,Ro-Kyu-Bu! SS Recap,https://myanimelist.net/anime/20155/Ro-Kyu-Bu_SS_Recap,TV Special,,2013,"Minato, Tomoka",https://myanimelist.net/character/41799/Tomoka_Minato,41799,Main,200
16866,Tonari no Kaibutsu-kun: Tonari no Gokudou-kun,https://myanimelist.net/anime/16866/Tonari_no_Kaibutsu-kun__Tonari_no_Gokudou-kun,OVA,,2013,"Ooshima, Chizuru",https://myanimelist.net/character/54827/Chizuru_Ooshima,54827,Supporting,57
17655,Kidou Senshi Gundam AGE: Memory of Eden,https://myanimelist.net/anime/17655/Kidou_Senshi_Gundam_AGE__Memory_of_Eden,OVA,,2013,"Stone, Romary",https://myanimelist.net/character/55981/Romary_Stone,55981,Supporting,2
16157,Choujigen Game Neptune The Animation,https://myanimelist.net/anime/16157/Choujigen_Game_Neptune_The_Animation,TV,Summer,2013,Pururut,https://myanimelist.net/character/69385/Pururut,69385,Supporting,566
16706,Kami nomi zo Shiru Sekai: Megami-hen,https://myanimelist.net/anime/16706/Kami_nomi_zo_Shiru_Sekai__Megami-hen,TV,Summer,2013,"Shiomiya, Shiori",https://myanimelist.net/character/15449/Shiori_Shiomiya,15449,Supporting,709
16706,Kami nomi zo Shiru Sekai: Megami-hen,https://myanimelist.net/anime/16706/Kami_nomi_zo_Shiru_Sekai__Megami-hen,TV,Summer,2013,Minerva,https://myanimelist.net/character/44243/Minerva,44243,Supporting,21
16742,Watashi ga Motenai no wa Dou Kangaetemo Omaera ga Warui!,https://myanimelist.net/anime/16742/Watashi_ga_Motenai_no_wa_Dou_Kangaetemo_Omaera_ga_Warui,TV,Summer,2013,"Naruse, Yuu",https://myanimelist.net/character/52827/Yuu_Naruse,52827,Supporting,36
17074,Monogatari Series: Second Season,https://myanimelist.net/anime/17074/Monogatari_Series__Second_Season,TV,Summer,2013,"Sengoku, Nadeko",https://myanimelist.net/character/22050/Nadeko_Sengoku,22050,Main,4674
18121,Teekyuu 2,https://myanimelist.net/anime/18121/Teekyuu_2,TV,Summer,2013,"Bandou, Marimo",https://myanimelist.net/character/67563/Marimo_Bandou,67563,Main,72
19397,Zettai Bouei Leviathan: Mini Takibi Gekijou,https://myanimelist.net/anime/19397/Zettai_Bouei_Leviathan__Mini_Takibi_Gekijou,Special,,2013,Syrup,https://myanimelist.net/character/80045/Syrup,80045,Main,3
16051,Ro-Kyu-Bu! SS,https://myanimelist.net/anime/16051/Ro-Kyu-Bu_SS,TV,Summer,2013,"Minato, Tomoka",https://myanimelist.net/character/41799/Tomoka_Minato,41799,Main,200
19169,Go! Go! Kadendanshi,https://myanimelist.net/anime/19169/Go_Go_Kadendanshi,ONA,,2013,Dryanna,https://myanimelist.net/character/87507/Dryanna,87507,Main,1
15807,Ro-Kyu-Bu!: Tomoka no Ichigo Sundae,https://myanimelist.net/anime/15807/Ro-Kyu-Bu__Tomoka_no_Ichigo_Sundae,OVA,,2013,"Minato, Tomoka",https://myanimelist.net/character/41799/Tomoka_Minato,41799,Main,200
16782,Kotonoha no Niwa,https://myanimelist.net/anime/16782/Kotonoha_no_Niwa,Movie,,2013,"Yukino, Yukari",https://myanimelist.net/character/79465/Yukari_Yukino,79465,Main,727
11577,Steins;Gate Movie: Fuka Ryouiki no Déjà vu,https://myanimelist.net/anime/11577/Steins_Gate_Movie__Fuka_Ryouiki_no_Déjà_vu,Movie,,2013,"Shiina, Mayuri",https://myanimelist.net/character/35253/Mayuri_Shiina,35253,Supporting,12347
14669,Aura: Maryuuin Kouga Saigo no Tatakai,https://myanimelist.net/anime/14669/Aura__Maryuuin_Kouga_Saigo_no_Tatakai,Movie,,2013,"Satou, Ryouko",https://myanimelist.net/character/67465/Ryouko_Satou,67465,Main,67
16049,Toaru Kagaku no Railgun S,https://myanimelist.net/anime/16049/Toaru_Kagaku_no_Railgun_S,TV,Spring,2013,"Haruue, Erii",https://myanimelist.net/character/30455/Erii_Haruue,30455,Supporting,1
13659,Ore no Imouto ga Konnani Kawaii Wake ga Nai.,https://myanimelist.net/anime/13659/Ore_no_Imouto_ga_Konnani_Kawaii_Wake_ga_Nai,TV,Spring,2013,"Gokou, Ruri",https://myanimelist.net/character/31008/Ruri_Gokou,31008,Main,6703
13659,Ore no Imouto ga Konnani Kawaii Wake ga Nai.,https://myanimelist.net/anime/13659/Ore_no_Imouto_ga_Konnani_Kawaii_Wake_ga_Nai,TV,Spring,2013,"Gokou, Hinata",https://myanimelist.net/character/84687/Hinata_Gokou,84687,Supporting,11
17681,Zettai Bouei Leviathan,https://myanimelist.net/anime/17681/Zettai_Bouei_Leviathan,TV,Spring,2013,Syrup,https://myanimelist.net/character/80045/Syrup,80045,Main,3
15989,Saki Achiga-hen: Episode of Side-A Specials,https://myanimelist.net/anime/15989/Saki_Achiga-hen__Episode_of_Side-A_Specials,Special,,2013,"Matsumi, Kuro",https://myanimelist.net/character/48487/Kuro_Matsumi,48487,Main,22
16395,SKET Dance: Imouto no Nayami ni Nayamu Ani ni Nayamu Imouto to Sono Nakama-tachi,https://myanimelist.net/anime/16395/SKET_Dance__Imouto_no_Nayami_ni_Nayamu_Ani_ni_Nayamu_Imouto_to_Sono_Nakama-tachi,OVA,,2013,"Agata, Saaya",https://myanimelist.net/character/40524/Saaya_Agata,40524,Supporting,26
14967,Boku wa Tomodachi ga Sukunai Next,https://myanimelist.net/anime/14967/Boku_wa_Tomodachi_ga_Sukunai_Next,TV,Winter,2013,"Hasegawa, Kobato",https://myanimelist.net/character/37698/Kobato_Hasegawa,37698,Supporting,1375
14515,Sasami-san@Ganbaranai,https://myanimelist.net/anime/14515/Sasami-sanGanbaranai,TV,Winter,2013,"Yagami, Kagami",https://myanimelist.net/character/67509/Kagami_Yagami,67509,Main,68
15379,Kotoura-san,https://myanimelist.net/anime/15379/Kotoura-san,TV,Winter,2013,"Mifune, Yuriko",https://myanimelist.net/character/73023/Yuriko_Mifune,73023,Main,14
11737,Ao no Exorcist Movie,https://myanimelist.net/anime/11737/Ao_no_Exorcist_Movie,Movie,,2012,"Moriyama, Shiemi",https://myanimelist.net/character/30430/Shiemi_Moriyama,30430,Supporting,527
16636,Kotoura-san: Haruka no Heya,https://myanimelist.net/anime/16636/Kotoura-san__Haruka_no_Heya,ONA,,2012,"Mifune, Yuriko",https://myanimelist.net/character/73023/Yuriko_Mifune,73023,Main,14
14293,Nerawareta Gakuen,https://myanimelist.net/anime/14293/Nerawareta_Gakuen,Movie,,2012,"Harukawa, Kahori",https://myanimelist.net/character/70241/Kahori_Harukawa,70241,Main,15
13601,Psycho-Pass,https://myanimelist.net/anime/13601/Psycho-Pass,TV,Fall,2012,"Tsunemori, Akane",https://myanimelist.net/character/68583/Akane_Tsunemori,68583,Main,6577
14513,Magi: The Labyrinth of Magic,https://myanimelist.net/anime/14513/Magi__The_Labyrinth_of_Magic,TV,Fall,2012,"Ren, Kougyoku",https://myanimelist.net/character/46819/Kougyoku_Ren,46819,Supporting,813
15125,Teekyuu,https://myanimelist.net/anime/15125/Teekyuu,TV,Fall,2012,"Bandou, Marimo",https://myanimelist.net/character/67563/Marimo_Bandou,67563,Main,72
13663,To LOVE-Ru Darkness,https://myanimelist.net/anime/13663/To_LOVE-Ru_Darkness,TV,Fall,2012,"Yuuki, Mikan",https://myanimelist.net/character/7806/Mikan_Yuuki,7806,Supporting,938
13655,Little Busters!,https://myanimelist.net/anime/13655/Little_Busters,TV,Fall,2012,"Suginami, Mutsumi",https://myanimelist.net/character/80273/Mutsumi_Suginami,80273,Supporting,2
14075,Zetsuen no Tempest,https://myanimelist.net/anime/14075/Zetsuen_no_Tempest,TV,Fall,2012,"Fuwa, Aika",https://myanimelist.net/character/62581/Aika_Fuwa,62581,Main,2328
14227,Tonari no Kaibutsu-kun,https://myanimelist.net/anime/14227/Tonari_no_Kaibutsu-kun,TV,Fall,2012,"Ooshima, Chizuru",https://myanimelist.net/character/54827/Chizuru_Ooshima,54827,Supporting,57
13125,Shinsekai yori,https://myanimelist.net/anime/13125/Shinsekai_yori,TV,Fall,2012,"Akizuki, Maria",https://myanimelist.net/character/57573/Maria_Akizuki,57573,Main,371
13403,Inu x Boku SS: Miketsukami-kun Henka/Switch/Omamagoto,https://myanimelist.net/anime/13403/Inu_x_Boku_SS__Miketsukami-kun_Henka_Switch_Omamagoto,Special,,2012,"Roromiya, Karuta",https://myanimelist.net/character/28947/Karuta_Roromiya,28947,Supporting,1049
14027,Boku wa Tomodachi ga Sukunai: Relay Shousetsu wa Ketsumatsu ga Hanpanai,https://myanimelist.net/anime/14027/Boku_wa_Tomodachi_ga_Sukunai__Relay_Shousetsu_wa_Ketsumatsu_ga_Hanpanai,OVA,,2012,"Hasegawa, Kobato",https://myanimelist.net/character/37698/Kobato_Hasegawa,37698,Supporting,1375
15729,Hagure Yuusha no Aesthetica: Hajirai Ippai,https://myanimelist.net/anime/15729/Hagure_Yuusha_no_Aesthetica__Hajirai_Ippai,Special,,2012,"Doumoto, Kuzuha",https://myanimelist.net/character/64057/Kuzuha_Doumoto,64057,Main,32
13851,To LOVE-Ru Darkness OVA,https://myanimelist.net/anime/13851/To_LOVE-Ru_Darkness_OVA,OVA,,2012,"Yuuki, Mikan",https://myanimelist.net/character/7806/Mikan_Yuuki,7806,Supporting,938
11783,Dog Days',https://myanimelist.net/anime/11783/Dog_Days,TV,Summer,2012,"VinoCacao, Noir",https://myanimelist.net/character/41638/Noir_VinoCacao,41638,Supporting,34
12293,Campione! Matsurowanu Kamigami to Kamigoroshi no Maou,https://myanimelist.net/anime/12293/Campione_Matsurowanu_Kamigami_to_Kamigoroshi_no_Maou,TV,Summer,2012,"Mariya, Yuri",https://myanimelist.net/character/56241/Yuri_Mariya,56241,Main,38
13161,Hagure Yuusha no Aesthetica,https://myanimelist.net/anime/13161/Hagure_Yuusha_no_Aesthetica,TV,Summer,2012,"Doumoto, Kuzuha",https://myanimelist.net/character/64057/Kuzuha_Doumoto,64057,Main,32
13535,Binbougami ga!,https://myanimelist.net/anime/13535/Binbougami_ga,TV,Summer,2012,"Sakura, Ichiko",https://myanimelist.net/character/33820/Ichiko_Sakura,33820,Main,253
13349,Chouyaku Hyakuninisshu: Uta Koi.,https://myanimelist.net/anime/13349/Chouyaku_Hyakuninisshu__Uta_Koi,TV,Summer,2012,Masako,https://myanimelist.net/character/73977/Masako,73977,Supporting,3
10681,Blood-C: The Last Dark,https://myanimelist.net/anime/10681/Blood-C__The_Last_Dark,Movie,,2012,"Tsukiyama, Hiro",https://myanimelist.net/character/58411/Hiro_Tsukiyama,58411,Supporting,7
10884,Saki Achiga-hen: Episode of Side-A,https://myanimelist.net/anime/10884/Saki_Achiga-hen__Episode_of_Side-A,TV,Spring,2012,"Matsumi, Kuro",https://myanimelist.net/character/48487/Kuro_Matsumi,48487,Main,22
12611,Sengoku Collection,https://myanimelist.net/anime/12611/Sengoku_Collection,TV,Spring,2012,"Tokugawa, Ieyasu",https://myanimelist.net/character/60699/Ieyasu_Tokugawa,60699,Main,5
12815,Shirokuma Cafe,https://myanimelist.net/anime/12815/Shirokuma_Cafe,TV,Spring,2012,"Panda, Mei Mei",https://myanimelist.net/character/63807/Mei_Mei_Panda,63807,Supporting,4
11837,Zetman,https://myanimelist.net/anime/11837/Zetman,TV,Spring,2012,"Amagi, Konoha",https://myanimelist.net/character/15263/Konoha_Amagi,15263,Main,4
13833,Nagareboshi Lens,https://myanimelist.net/anime/13833/Nagareboshi_Lens,OVA,,2012,"Hanakago, Risa",https://myanimelist.net/character/64149/Risa_Hanakago,64149,Main,9
10863,Steins;Gate: Oukoubakko no Poriomania,https://myanimelist.net/anime/10863/Steins_Gate__Oukoubakko_no_Poriomania,Special,,2012,"Shiina, Mayuri",https://myanimelist.net/character/35253/Mayuri_Shiina,35253,Supporting,12347
10638,Denpa Onna to Seishun Otoko: Mayonaka no Taiyou,https://myanimelist.net/anime/10638/Denpa_Onna_to_Seishun_Otoko__Mayonaka_no_Taiyou,Special,,2012,Hanazawa,https://myanimelist.net/character/43926/Hanazawa,43926,Supporting,4
11285,Black★Rock Shooter (TV),https://myanimelist.net/anime/11285/Black★Rock_Shooter_TV,TV,Winter,2012,Black★Rock Shooter,https://myanimelist.net/character/19706/Black★Rock_Shooter,19706,Main,2487
11285,Black★Rock Shooter (TV),https://myanimelist.net/anime/11285/Black★Rock_Shooter_TV,TV,Winter,2012,"Kuroi, Mato",https://myanimelist.net/character/63557/Mato_Kuroi,63557,Main,297
12921,Morita-san wa Mukuchi. Specials,https://myanimelist.net/anime/12921/Morita-san_wa_Mukuchi_Specials,Special,,2012,"Morita, Mayu",https://myanimelist.net/character/41610/Mayu_Morita,41610,Main,36
13561,Guilty Crown: 4-koma Gekijou,https://myanimelist.net/anime/13561/Guilty_Crown__4-koma_Gekijou,Special,,2012,"Shinomiya, Ayase",https://myanimelist.net/character/43281/Ayase_Shinomiya,43281,Supporting,445
12651,Danball Senki W,https://myanimelist.net/anime/12651/Danball_Senki_W,TV,Winter,2012,"Hanasaki, Ran",https://myanimelist.net/character/55449/Ran_Hanasaki,55449,Main,2
11013,Inu x Boku SS,https://myanimelist.net/anime/11013/Inu_x_Boku_SS,TV,Winter,2012,"Roromiya, Karuta",https://myanimelist.net/character/28947/Karuta_Roromiya,28947,Supporting,1049
10447,Aquarion Evol,https://myanimelist.net/anime/10447/Aquarion_Evol,TV,Winter,2012,"Wong, Zessica",https://myanimelist.net/character/52781/Zessica_Wong,52781,Main,88
11597,Nisemonogatari,https://myanimelist.net/anime/11597/Nisemonogatari,TV,Winter,2012,"Sengoku, Nadeko",https://myanimelist.net/character/22050/Nadeko_Sengoku,22050,Supporting,4674
8917,Mouretsu Pirates,https://myanimelist.net/anime/8917/Mouretsu_Pirates,TV,Winter,2012,"Kurihara, Chiaki",https://myanimelist.net/character/49873/Chiaki_Kurihara,49873,Main,35
12419,Guilty Crown: Kiseki - Reassortment,https://myanimelist.net/anime/12419/Guilty_Crown__Kiseki_-_Reassortment,TV Special,,2012,"Shinomiya, Ayase",https://myanimelist.net/character/43281/Ayase_Shinomiya,43281,Supporting,445
12565,Fate/Prototype,https://myanimelist.net/anime/12565/Fate_Prototype,OVA,,2011,"Sajou, Ayaka",https://myanimelist.net/character/54223/Ayaka_Sajou,54223,Main,32
12429,Last Exile: Ginyoku no Fam - Adjournment,https://myanimelist.net/anime/12429/Last_Exile__Ginyoku_no_Fam_-_Adjournment,TV Special,,2011,"Hamilton, Alvis E.",https://myanimelist.net/character/2796/Alvis_E_Hamilton,2796,Main,46
15533,Yakimochi Caprice,https://myanimelist.net/anime/15533/Yakimochi_Caprice,Special,,2011,Noix,https://myanimelist.net/character/103509/Noix,103509,Main,0
10794,IS: Infinite Stratos Encore - Koi ni Kogareru Rokujuusou,https://myanimelist.net/anime/10794/IS__Infinite_Stratos_Encore_-_Koi_ni_Kogareru_Rokujuusou,OVA,,2011,"Dunois, Charlotte",https://myanimelist.net/character/35662/Charlotte_Dunois,35662,Main,2292
11266,Ao no Exorcist: Kuro no Iede,https://myanimelist.net/anime/11266/Ao_no_Exorcist__Kuro_no_Iede,Special,,2011,"Moriyama, Shiemi",https://myanimelist.net/character/30430/Shiemi_Moriyama,30430,Supporting,527
10336,Last Exile: Ginyoku no Fam,https://myanimelist.net/anime/10336/Last_Exile__Ginyoku_no_Fam,TV,Fall,2011,"Hamilton, Alvis E.",https://myanimelist.net/character/2796/Alvis_E_Hamilton,2796,Supporting,46
10793,Guilty Crown,https://myanimelist.net/anime/10793/Guilty_Crown,TV,Fall,2011,"Shinomiya, Ayase",https://myanimelist.net/character/43281/Ayase_Shinomiya,43281,Supporting,445
10793,Guilty Crown,https://myanimelist.net/anime/10793/Guilty_Crown,TV,Fall,2011,"Samukawa, Yahiro",https://myanimelist.net/character/46085/Yahiro_Samukawa,46085,Supporting,3
10808,Kidou Senshi Gundam AGE,https://myanimelist.net/anime/10808/Kidou_Senshi_Gundam_AGE,TV,Fall,2011,"Stone, Romary",https://myanimelist.net/character/55981/Romary_Stone,55981,Supporting,2
10719,Boku wa Tomodachi ga Sukunai,https://myanimelist.net/anime/10719/Boku_wa_Tomodachi_ga_Sukunai,TV,Fall,2011,"Hasegawa, Kobato",https://myanimelist.net/character/37698/Kobato_Hasegawa,37698,Supporting,1375
11615,Morita-san wa Mukuchi. 2,https://myanimelist.net/anime/11615/Morita-san_wa_Mukuchi_2,TV,Fall,2011,"Morita, Mayu",https://myanimelist.net/character/41610/Mayu_Morita,41610,Main,36
10897,Boku wa Tomodachi ga Sukunai: Yaminabe wa Bishoujo ga Zannen na Nioi,https://myanimelist.net/anime/10897/Boku_wa_Tomodachi_ga_Sukunai__Yaminabe_wa_Bishoujo_ga_Zannen_na_Nioi,OVA,,2011,"Hasegawa, Kobato",https://myanimelist.net/character/37698/Kobato_Hasegawa,37698,Supporting,1375
11715,Kamisama Dolls Specials,https://myanimelist.net/anime/11715/Kamisama_Dolls_Specials,Special,,2011,"Hyuuga, Mahiru",https://myanimelist.net/character/42815/Mahiru_Hyuuga,42815,Main,6
7135,Mahou Sensei Negima! Movie: Anime Final,https://myanimelist.net/anime/7135/Mahou_Sensei_Negima_Movie__Anime_Final,Movie,,2011,"Monroe, Beatrix",https://myanimelist.net/character/35835/Beatrix_Monroe,35835,Supporting,1
10012,Carnival Phantasm,https://myanimelist.net/anime/10012/Carnival_Phantasm,OVA,,2011,"Sajou, Ayaka",https://myanimelist.net/character/54223/Ayaka_Sajou,54223,Supporting,32
10196,Baby Princess 3D Paradise 0 [Love],https://myanimelist.net/anime/10196/Baby_Princess_3D_Paradise_0_Love,OVA,,2011,"Amatsuka, Mizuki",https://myanimelist.net/character/40321/Mizuki_Amatsuka,40321,Supporting,1
8915,Dantalian no Shoka,https://myanimelist.net/anime/8915/Dantalian_no_Shoka,TV,Summer,2011,"Disward, Hugh Anthony",https://myanimelist.net/character/40072/Hugh_Anthony_Disward,40072,Main,118
10278,The iDOLM@STER,https://myanimelist.net/anime/10278/The_iDOLMSTER,TV,Summer,2011,"Mizutani, Eri",https://myanimelist.net/character/34171/Eri_Mizutani,34171,Supporting,7
10110,Mayo Chiki!,https://myanimelist.net/anime/10110/Mayo_Chiki,TV,Summer,2011,"Sakamachi, Kureha",https://myanimelist.net/character/41378/Kureha_Sakamachi,41378,Supporting,42
10671,Morita-san wa Mukuchi.,https://myanimelist.net/anime/10671/Morita-san_wa_Mukuchi,TV,Summer,2011,"Morita, Mayu",https://myanimelist.net/character/41610/Mayu_Morita,41610,Main,36
10372,Kamisama Dolls,https://myanimelist.net/anime/10372/Kamisama_Dolls,TV,Summer,2011,"Hyuuga, Mahiru",https://myanimelist.net/character/42815/Mahiru_Hyuuga,42815,Supporting,6
10572,Ro-Kyu-Bu!,https://myanimelist.net/anime/10572/Ro-Kyu-Bu,TV,Summer,2011,"Minato, Tomoka",https://myanimelist.net/character/41799/Tomoka_Minato,41799,Main,200
10647,Ao no Exorcist: Ura Ex,https://myanimelist.net/anime/10647/Ao_no_Exorcist__Ura_Ex,Special,,2011,"Moriyama, Shiemi",https://myanimelist.net/character/30430/Shiemi_Moriyama,30430,Main,527
9618,Asobi ni Iku yo!: Asobi ni Oide,https://myanimelist.net/anime/9618/Asobi_ni_Iku_yo__Asobi_ni_Oide,OVA,,2011,"Futaba, Aoi",https://myanimelist.net/character/33423/Aoi_Futaba,33423,Main,90
9366,Kaichou wa Maid-sama!: Omake da yo!,https://myanimelist.net/anime/9366/Kaichou_wa_Maid-sama__Omake_da_yo,Special,,2011,"Hanazono, Sakura",https://myanimelist.net/character/27719/Sakura_Hanazono,27719,Supporting,38
9693,Moshidora,https://myanimelist.net/anime/9693/Moshidora,TV,Spring,2011,"Miyata, Yuuki",https://myanimelist.net/character/40230/Yuuki_Miyata,40230,Main,2
6880,Deadman Wonderland,https://myanimelist.net/anime/6880/Deadman_Wonderland,TV,Spring,2011,Shiro,https://myanimelist.net/character/8631/Shiro,8631,Main,5600
9919,Ao no Exorcist,https://myanimelist.net/anime/9919/Ao_no_Exorcist,TV,Spring,2011,"Moriyama, Shiemi",https://myanimelist.net/character/30430/Shiemi_Moriyama,30430,Supporting,527
9379,Denpa Onna to Seishun Otoko,https://myanimelist.net/anime/9379/Denpa_Onna_to_Seishun_Otoko,TV,Spring,2011,Hanazawa,https://myanimelist.net/character/43926/Hanazawa,43926,Supporting,4
10073,Seikon no Qwaser II,https://myanimelist.net/anime/10073/Seikon_no_Qwaser_II,TV,Spring,2011,"Mitarai, Fumika",https://myanimelist.net/character/31317/Fumika_Mitarai,31317,Supporting,16
10187,HenSemi (TV),https://myanimelist.net/anime/10187/HenSemi_TV,TV,Spring,2011,"Matsutaka, Nanako",https://myanimelist.net/character/35331/Nanako_Matsutaka,35331,Main,6
9863,SKET Dance,https://myanimelist.net/anime/9863/SKET_Dance,TV,Spring,2011,"Agata, Saaya",https://myanimelist.net/character/40524/Saaya_Agata,40524,Supporting,26
9253,Steins;Gate,https://myanimelist.net/anime/9253/Steins_Gate,TV,Spring,2011,"Shiina, Mayuri",https://myanimelist.net/character/35253/Mayuri_Shiina,35253,Main,12347
10155,Dog Days,https://myanimelist.net/anime/10155/Dog_Days,TV,Spring,2011,"VinoCacao, Noir",https://myanimelist.net/character/41638/Noir_VinoCacao,41638,Supporting,34
10172,Freezing Specials,https://myanimelist.net/anime/10172/Freezing_Specials,Special,,2011,"Linchen, Rana",https://myanimelist.net/character/39010/Rana_Linchen,39010,Main,81
10092,Break Blade Movie 6: Doukoku no Toride,https://myanimelist.net/anime/10092/Break_Blade_Movie_6__Doukoku_no_Toride,Movie,,2011,"Zaubraff, Cleo",https://myanimelist.net/character/29447/Cleo_Zaubraff,29447,Supporting,11
9774,Morita-san wa Mukuchi,https://myanimelist.net/anime/9774/Morita-san_wa_Mukuchi,OVA,,2011,"Morita, Mayu",https://myanimelist.net/character/41610/Mayu_Morita,41610,Main,36
10020,Ore no Imouto ga Konnani Kawaii Wake ga Nai Specials,https://myanimelist.net/anime/10020/Ore_no_Imouto_ga_Konnani_Kawaii_Wake_ga_Nai_Specials,ONA,,2011,"Gokou, Ruri",https://myanimelist.net/character/31008/Ruri_Gokou,31008,Main,6703
9332,.hack//Quantum,https://myanimelist.net/anime/9332/hack__Quantum,OVA,,2011,Sakuya,https://myanimelist.net/character/36023/Sakuya,36023,Main,28
9724,Break Blade Movie 5: Shisen no Hate,https://myanimelist.net/anime/9724/Break_Blade_Movie_5__Shisen_no_Hate,Movie,,2011,"Zaubraff, Cleo",https://myanimelist.net/character/29447/Cleo_Zaubraff,29447,Supporting,11
9314,Fractale,https://myanimelist.net/anime/9314/Fractale,TV,Winter,2011,Nessa,https://myanimelist.net/character/37905/Nessa,37905,Main,60
9367,Freezing,https://myanimelist.net/anime/9367/Freezing,TV,Winter,2011,"Linchen, Rana",https://myanimelist.net/character/39010/Rana_Linchen,39010,Main,81
9041,IS: Infinite Stratos,https://myanimelist.net/anime/9041/IS__Infinite_Stratos,TV,Winter,2011,"Dunois, Charlotte",https://myanimelist.net/character/35662/Charlotte_Dunois,35662,Main,2292
9062,Angel Beats! Specials,https://myanimelist.net/anime/9062/Angel_Beats_Specials,Special,,2010,"Tachibana, Kanade",https://myanimelist.net/character/22369/Kanade_Tachibana,22369,Supporting,14117
10108,Ore no Imouto ga Konnani Kawaii Wake ga Nai: SD Chara ni Yoru Character Commentary,https://myanimelist.net/anime/10108/Ore_no_Imouto_ga_Konnani_Kawaii_Wake_ga_Nai__SD_Chara_ni_Yoru_Character_Commentary,Special,,2010,"Gokou, Ruri",https://myanimelist.net/character/31008/Ruri_Gokou,31008,Main,6703
9337,Mayo Elle Otokonoko,https://myanimelist.net/anime/9337/Mayo_Elle_Otokonoko,OVA,,2010,"Kanade, Itsuki",https://myanimelist.net/character/38462/Itsuki_Kanade,38462,Main,5
9335,Megane na Kanojo,https://myanimelist.net/anime/9335/Megane_na_Kanojo,OVA,,2010,"Kuramoto, Chiaki",https://myanimelist.net/character/38712/Chiaki_Kuramoto,38712,Main,1
10180,Otome Youkai Zakuro Picture Drama,https://myanimelist.net/anime/10180/Otome_Youkai_Zakuro_Picture_Drama,Special,,2010,Susukihotaru,https://myanimelist.net/character/33446/Susukihotaru,33446,Main,45
10628,Mahou Sensei Negima!: Mou Hitotsu no Sekai Extra - Mahou Shoujo Yue♥,https://myanimelist.net/anime/10628/Mahou_Sensei_Negima__Mou_Hitotsu_no_Sekai_Extra_-_Mahou_Shoujo_Yue♥,OVA,,2010,"Monroe, Beatrix",https://myanimelist.net/character/35835/Beatrix_Monroe,35835,Main,1
9465,Break Blade Movie 4: Sanka no Chi,https://myanimelist.net/anime/9465/Break_Blade_Movie_4__Sanka_no_Chi,Movie,,2010,"Zaubraff, Cleo",https://myanimelist.net/character/29447/Cleo_Zaubraff,29447,Supporting,11
9220,Seikimatsu Occult Gakuin Specials,https://myanimelist.net/anime/9220/Seikimatsu_Occult_Gakuin_Specials,Special,,2010,"Naruse, Kozue",https://myanimelist.net/character/34472/Kozue_Naruse,34472,Supporting,2
9202,Seikon no Qwaser: Jotei no Shouzou,https://myanimelist.net/anime/9202/Seikon_no_Qwaser__Jotei_no_Shouzou,OVA,,2010,"Mitarai, Fumika",https://myanimelist.net/character/31317/Fumika_Mitarai,31317,Supporting,16
8129,Kuragehime,https://myanimelist.net/anime/8129/Kuragehime,TV,Fall,2010,"Kurashita, Tsukimi",https://myanimelist.net/character/34973/Tsukimi_Kurashita,34973,Main,987
8525,Kami nomi zo Shiru Sekai,https://myanimelist.net/anime/8525/Kami_nomi_zo_Shiru_Sekai,TV,Fall,2010,"Shiomiya, Shiori",https://myanimelist.net/character/15449/Shiori_Shiomiya,15449,Supporting,709
9181,Motto To LOVE-Ru,https://myanimelist.net/anime/9181/Motto_To_LOVE-Ru,TV,Fall,2010,"Yuuki, Mikan",https://myanimelist.net/character/7806/Mikan_Yuuki,7806,Supporting,938
8476,Otome Youkai Zakuro,https://myanimelist.net/anime/8476/Otome_Youkai_Zakuro,TV,Fall,2010,Susukihotaru,https://myanimelist.net/character/33446/Susukihotaru,33446,Main,45
8769,Ore no Imouto ga Konnani Kawaii Wake ga Nai,https://myanimelist.net/anime/8769/Ore_no_Imouto_ga_Konnani_Kawaii_Wake_ga_Nai,TV,Fall,2010,"Gokou, Ruri",https://myanimelist.net/character/31008/Ruri_Gokou,31008,Supporting,6703
8769,Ore no Imouto ga Konnani Kawaii Wake ga Nai,https://myanimelist.net/anime/8769/Ore_no_Imouto_ga_Konnani_Kawaii_Wake_ga_Nai,TV,Fall,2010,"Gokou, Hinata",https://myanimelist.net/character/84687/Hinata_Gokou,84687,Supporting,11
9252,Break Blade Movie 3: Kyoujin no Ato,https://myanimelist.net/anime/9252/Break_Blade_Movie_3__Kyoujin_no_Ato,Movie,,2010,"Zaubraff, Cleo",https://myanimelist.net/character/29447/Cleo_Zaubraff,29447,Supporting,11
9355,Sekirei: Pure Engagement Episode 0,https://myanimelist.net/anime/9355/Sekirei__Pure_Engagement_Episode_0,Special,,2010,Kusano,https://myanimelist.net/character/7323/Kusano,7323,Main,179
8408,Durarara!! Specials,https://myanimelist.net/anime/8408/Durarara_Specials,Special,,2010,"Sonohara, Anri",https://myanimelist.net/character/24594/Anri_Sonohara,24594,Main,458
10391,Kuragehime: Soreike! Amars Tankentai,https://myanimelist.net/anime/10391/Kuragehime__Soreike_Amars_Tankentai,Special,,2010,"Kurashita, Tsukimi",https://myanimelist.net/character/34973/Tsukimi_Kurashita,34973,Main,987
7059,Black★Rock Shooter (OVA),https://myanimelist.net/anime/7059/Black★Rock_Shooter_OVA,OVA,,2010,Black★Rock Shooter,https://myanimelist.net/character/19706/Black★Rock_Shooter,19706,Main,2487
7059,Black★Rock Shooter (OVA),https://myanimelist.net/anime/7059/Black★Rock_Shooter_OVA,OVA,,2010,"Kuroi, Mato",https://myanimelist.net/character/63557/Mato_Kuroi,63557,Main,297
8648,Break Blade Movie Picture Drama,https://myanimelist.net/anime/8648/Break_Blade_Movie_Picture_Drama,Special,,2010,"Zaubraff, Cleo",https://myanimelist.net/character/29447/Cleo_Zaubraff,29447,Supporting,11
8101,HenSemi,https://myanimelist.net/anime/8101/HenSemi,OVA,,2010,"Matsutaka, Nanako",https://myanimelist.net/character/35331/Nanako_Matsutaka,35331,Main,6
6166,Asobi ni Iku yo!,https://myanimelist.net/anime/6166/Asobi_ni_Iku_yo,TV,Summer,2010,"Futaba, Aoi",https://myanimelist.net/character/33423/Aoi_Futaba,33423,Main,90
6381,Strike Witches 2,https://myanimelist.net/anime/6381/Strike_Witches_2,TV,Summer,2010,"Suwa, Amaki",https://myanimelist.net/character/24802/Amaki_Suwa,24802,Supporting,0
6974,Seikimatsu Occult Gakuin,https://myanimelist.net/anime/6974/Seikimatsu_Occult_Gakuin,TV,Summer,2010,"Naruse, Kozue",https://myanimelist.net/character/34472/Kozue_Naruse,34472,Supporting,2
5277,Sekirei: Pure Engagement,https://myanimelist.net/anime/5277/Sekirei__Pure_Engagement,TV,Summer,2010,Kusano,https://myanimelist.net/character/7323/Kusano,7323,Main,179
8514,Break Blade Movie 2: Ketsubetsu no Michi,https://myanimelist.net/anime/8514/Break_Blade_Movie_2__Ketsubetsu_no_Michi,Movie,,2010,"Zaubraff, Cleo",https://myanimelist.net/character/29447/Cleo_Zaubraff,29447,Supporting,11
8481,"""Bungaku Shoujo"" Memoire",https://myanimelist.net/anime/8481/Bungaku_Shoujo_Memoire,OVA,,2010,"Amano, Tooko",https://myanimelist.net/character/28451/Tooko_Amano,28451,Main,180
6772,Break Blade Movie 1: Kakusei no Toki,https://myanimelist.net/anime/6772/Break_Blade_Movie_1__Kakusei_no_Toki,Movie,,2010,"Zaubraff, Cleo",https://myanimelist.net/character/29447/Cleo_Zaubraff,29447,Supporting,11
6408,"""Bungaku Shoujo"" Movie",https://myanimelist.net/anime/6408/Bungaku_Shoujo_Movie,Movie,,2010,"Amano, Tooko",https://myanimelist.net/character/28451/Tooko_Amano,28451,Main,180
8668,Seikon no Qwaser Picture Drama,https://myanimelist.net/anime/8668/Seikon_no_Qwaser_Picture_Drama,Special,,2010,"Mitarai, Fumika",https://myanimelist.net/character/31317/Fumika_Mitarai,31317,Main,16
6547,Angel Beats!,https://myanimelist.net/anime/6547/Angel_Beats,TV,Spring,2010,"Tachibana, Kanade",https://myanimelist.net/character/22369/Kanade_Tachibana,22369,Main,14117
7054,Kaichou wa Maid-sama!,https://myanimelist.net/anime/7054/Kaichou_wa_Maid-sama,TV,Spring,2010,"Hanazono, Sakura",https://myanimelist.net/character/27719/Sakura_Hanazono,27719,Supporting,38
7817,B-gata H-kei,https://myanimelist.net/anime/7817/B-gata_H-kei,TV,Spring,2010,"Miyano, Mayu",https://myanimelist.net/character/30256/Mayu_Miyano,30256,Supporting,16
7817,B-gata H-kei,https://myanimelist.net/anime/7817/B-gata_H-kei,TV,Spring,2010,Miyano no Ero-gami,https://myanimelist.net/character/50033/Miyano_no_Ero-gami,50033,Supporting,2
8302,Ladies versus Butlers! Specials,https://myanimelist.net/anime/8302/Ladies_versus_Butlers_Specials,Special,,2010,"Khadim, Ayse",https://myanimelist.net/character/29893/Ayse_Khadim,29893,Main,11
10098,Kobato.: Hajimete no Kobato.,https://myanimelist.net/anime/10098/Kobato__Hajimete_no_Kobato,Special,,2010,"Hanato, Kobato",https://myanimelist.net/character/5343/Kobato_Hanato,5343,Main,1272
6500,Seikon no Qwaser,https://myanimelist.net/anime/6500/Seikon_no_Qwaser,TV,Winter,2010,"Mitarai, Fumika",https://myanimelist.net/character/31317/Fumika_Mitarai,31317,Supporting,16
6746,Durarara!!,https://myanimelist.net/anime/6746/Durarara,TV,Winter,2010,"Sonohara, Anri",https://myanimelist.net/character/24594/Anri_Sonohara,24594,Main,458
7148,Ladies versus Butlers!,https://myanimelist.net/anime/7148/Ladies_versus_Butlers,TV,Winter,2010,"Khadim, Ayse",https://myanimelist.net/character/29893/Ayse_Khadim,29893,Supporting,11
7770,Yutori-chan,https://myanimelist.net/anime/7770/Yutori-chan,ONA,,2009,"Tsumekomi, Shiori",https://myanimelist.net/character/30902/Shiori_Tsumekomi,30902,Main,3
7669,"""Bungaku Shoujo"" Kyou no Oyatsu: Hatsukoi",https://myanimelist.net/anime/7669/Bungaku_Shoujo_Kyou_no_Oyatsu__Hatsukoi,OVA,,2009,"Amano, Tooko",https://myanimelist.net/character/28451/Tooko_Amano,28451,Main,180
13857,Souhaku Shisuferia,https://myanimelist.net/anime/13857/Souhaku_Shisuferia,Music,,2009,"Shisuferia, Majo",https://myanimelist.net/character/170807/Majo_Shisuferia,170807,Main,1
7691,Tokimeki Memorial 4 OVA,https://myanimelist.net/anime/7691/Tokimeki_Memorial_4_OVA,OVA,,2009,"Kyouno, Rhythmy",https://myanimelist.net/character/33690/Rhythmy_Kyouno,33690,Supporting,1
6610,Ibara no Ou,https://myanimelist.net/anime/6610/Ibara_no_Ou,Movie,,2009,"Ishiki, Kasumi",https://myanimelist.net/character/21608/Kasumi_Ishiki,21608,Main,14
6573,Darker than Black: Ryuusei no Gemini,https://myanimelist.net/anime/6573/Darker_than_Black__Ryuusei_no_Gemini,TV,Fall,2009,"Pavlichenko, Suou",https://myanimelist.net/character/23761/Suou_Pavlichenko,23761,Main,474
5678,Kobato.,https://myanimelist.net/anime/5678/Kobato,TV,Fall,2009,"Hanato, Kobato",https://myanimelist.net/character/5343/Kobato_Hanato,5343,Main,1272
6213,Toaru Kagaku no Railgun,https://myanimelist.net/anime/6213/Toaru_Kagaku_no_Railgun,TV,Fall,2009,"Haruue, Erii",https://myanimelist.net/character/30455/Erii_Haruue,30455,Supporting,1
3087,Cencoroll,https://myanimelist.net/anime/3087/Cencoroll,Movie,,2009,Yuki,https://myanimelist.net/character/20587/Yuki,20587,Main,16
6896,Pandora Hearts Omake,https://myanimelist.net/anime/6896/Pandora_Hearts_Omake,Special,,2009,"Rainsworth, Sharon",https://myanimelist.net/character/14021/Sharon_Rainsworth,14021,Supporting,131
6098,Sora no Manimani,https://myanimelist.net/anime/6098/Sora_no_Manimani,TV,Summer,2009,"An, Yukie",https://myanimelist.net/character/39234/Yukie_An,39234,Supporting,0
5081,Bakemonogatari,https://myanimelist.net/anime/5081/Bakemonogatari,TV,Summer,2009,"Sengoku, Nadeko",https://myanimelist.net/character/22050/Nadeko_Sengoku,22050,Main,4674
6164,Aoi Hana,https://myanimelist.net/anime/6164/Aoi_Hana,TV,Summer,2009,Le Petit Prince,https://myanimelist.net/character/24147/Le_Petit_Prince,24147,Supporting,1
5978,Kannagi: Moshimo Kannagi ga Attara...,https://myanimelist.net/anime/5978/Kannagi__Moshimo_Kannagi_ga_Attara,Special,,2009,Zange,https://myanimelist.net/character/14777/Zange,14777,Main,58
5667,To LOVE-Ru OVA,https://myanimelist.net/anime/5667/To_LOVE-Ru_OVA,OVA,,2009,"Yuuki, Mikan",https://myanimelist.net/character/7806/Mikan_Yuuki,7806,Supporting,938
5530,Pandora Hearts,https://myanimelist.net/anime/5530/Pandora_Hearts,TV,Spring,2009,"Rainsworth, Sharon",https://myanimelist.net/character/14021/Sharon_Rainsworth,14021,Main,131
5675,Basquash!,https://myanimelist.net/anime/5675/Basquash,TV,Spring,2009,"JD, Coco",https://myanimelist.net/character/20342/Coco_JD,20342,Supporting,1
5279,Sekirei: Hajimete no Otsukai,https://myanimelist.net/anime/5279/Sekirei__Hajimete_no_Otsukai,Special,,2009,Kusano,https://myanimelist.net/character/7323/Kusano,7323,Main,179
4999,Asu no Yoichi!,https://myanimelist.net/anime/4999/Asu_no_Yoichi,TV,Winter,2009,"Ikaruga, Kagome",https://myanimelist.net/character/16521/Kagome_Ikaruga,16521,Main,20
4726,Druaga no Tou: The Sword of Uruk,https://myanimelist.net/anime/4726/Druaga_no_Tou__The_Sword_of_Uruk,TV,Winter,2009,Henaro,https://myanimelist.net/character/19004/Henaro,19004,Main,0
4765,Gunslinger Girl: Il Teatrino OVA,https://myanimelist.net/anime/4765/Gunslinger_Girl__Il_Teatrino_OVA,OVA,,2008,Angelica,https://myanimelist.net/character/2022/Angelica,2022,Main,21
3464,Kemeko Deluxe!,https://myanimelist.net/anime/3464/Kemeko_Deluxe,TV,Fall,2008,"Androids, Riko",https://myanimelist.net/character/18138/Riko_Androids,18138,Supporting,1
3958,Kannagi,https://myanimelist.net/anime/3958/Kannagi,TV,Fall,2008,Zange,https://myanimelist.net/character/14777/Zange,14777,Main,58
6312,Taiho Shichau zo: Full Throttle - Watashitachi no Iru Basho,https://myanimelist.net/anime/6312/Taiho_Shichau_zo__Full_Throttle_-_Watashitachi_no_Iru_Basho,Special,,2008,"Fujieda, Sakura",https://myanimelist.net/character/32704/Sakura_Fujieda,32704,Supporting,1
3667,Strike Witches,https://myanimelist.net/anime/3667/Strike_Witches,TV,Summer,2008,"Suwa, Amaki",https://myanimelist.net/character/24802/Amaki_Suwa,24802,Supporting,0
4483,Mahoutsukai ni Taisetsu na Koto: Natsu no Sora,https://myanimelist.net/anime/4483/Mahoutsukai_ni_Taisetsu_na_Koto__Natsu_no_Sora,TV,Summer,2008,"Suzuki, Sora",https://myanimelist.net/character/10727/Sora_Suzuki,10727,Main,20
4063,Sekirei,https://myanimelist.net/anime/4063/Sekirei,TV,Summer,2008,Kusano,https://myanimelist.net/character/7323/Kusano,7323,Main,179
3577,Kyouran Kazoku Nikki,https://myanimelist.net/anime/3577/Kyouran_Kazoku_Nikki,TV,Spring,2008,"Midarezaki, Yuuka",https://myanimelist.net/character/11761/Yuuka_Midarezaki,11761,Main,10
3407,Blassreiter,https://myanimelist.net/anime/3407/Blassreiter,TV,Spring,2008,Elea,https://myanimelist.net/character/11827/Elea,11827,Supporting,11
3455,To LOVE-Ru,https://myanimelist.net/anime/3455/To_LOVE-Ru,TV,Spring,2008,"Yuuki, Mikan",https://myanimelist.net/character/7806/Mikan_Yuuki,7806,Supporting,938
3642,Shina Dark: Kuroki Tsuki no Ou to Souheki no Tsuki no Himegimi,https://myanimelist.net/anime/3642/Shina_Dark__Kuroki_Tsuki_no_Ou_to_Souheki_no_Tsuki_no_Himegimi,Music,,2008,"Marces, Marple Mashu",https://myanimelist.net/character/9429/Marple_Mashu_Marces,9429,Supporting,0
6251,Sketchbook: Full Color's Picture Drama,https://myanimelist.net/anime/6251/Sketchbook__Full_Colors_Picture_Drama,Special,,2008,"Kajiwara, Sora",https://myanimelist.net/character/5690/Sora_Kajiwara,5690,Main,130
3231,Gunslinger Girl: Il Teatrino,https://myanimelist.net/anime/3231/Gunslinger_Girl__Il_Teatrino,TV,Winter,2008,Angelica,https://myanimelist.net/character/2022/Angelica,2022,Main,21
2942,Sketchbook: Full Color's,https://myanimelist.net/anime/2942/Sketchbook__Full_Colors,TV,Fall,2007,"Kajiwara, Sora",https://myanimelist.net/character/5690/Sora_Kajiwara,5690,Main,130
3292,Potemayo Specials,https://myanimelist.net/anime/3292/Potemayo_Specials,Special,,2007,Potemayo,https://myanimelist.net/character/3369/Potemayo,3369,Main,48
2744,Potemayo,https://myanimelist.net/anime/2744/Potemayo,TV,Summer,2007,Potemayo,https://myanimelist.net/character/3369/Potemayo,3369,Main,48
2603,Mushi-Uta,https://myanimelist.net/anime/2603/Mushi-Uta,TV,Summer,2007,"Anmoto, Shiika",https://myanimelist.net/character/3413/Shiika_Anmoto,3413,Main,17
1889,Higurashi no Naku Koro ni Kai,https://myanimelist.net/anime/1889/Higurashi_no_Naku_Koro_ni_Kai,TV,Summer,2007,Tomomi,https://myanimelist.net/character/206409/Tomomi,206409,Supporting,0
1865,Getsumen to Heiki Mina,https://myanimelist.net/anime/1865/Getsumen_to_Heiki_Mina,TV,Winter,2007,"Hazemi, Nakoru",https://myanimelist.net/character/12951/Nakoru_Hazemi,12951,Supporting,0
878,Zegapain,https://myanimelist.net/anime/878/Zegapain,TV,Spring,2006,"Kaminagi, Ryouko",https://myanimelist.net/character/2578/Ryouko_Kaminagi,2578,Main,28
933,Dai Mahou Touge,https://myanimelist.net/anime/933/Dai_Mahou_Touge,OVA,,2006,"Tanaka, Potaru",https://myanimelist.net/character/27864/Potaru_Tanaka,27864,Supporting,2
97,Last Exile,https://myanimelist.net/anime/97/Last_Exile,TV,Spring,2003,"Mad-thane, Holly",https://myanimelist.net/character/40240/Holly_Mad-thane,40240,Supporting,2
50668,Mahoutsukai no Yoru,https://myanimelist.net/anime/50668/Mahoutsukai_no_Yoru,,,,"Kuonji, Alice",https://myanimelist.net/character/61127/Alice_Kuonji,61127,Main,229
