ID,Title,Link,Type,Season,Year,Character,CharacterLink,CharacterID,CharacterRole,CharacterFavorites
59189,Sentai Daishikkaku 2nd Season,https://myanimelist.net/anime/59189/Sentai_Daishikkaku_2nd_Season,TV,Spring,2025,"Wakaba, Kyousuke",https://myanimelist.net/character/245712/Kyousuke_Wakaba,245712,Supporting,0
59228,Kuroshitsuji: Midori no Majo-hen,https://myanimelist.net/anime/59228/Kuroshitsuji__Midori_no_Majo-hen,TV,Spring,2025,Finnian,https://myanimelist.net/character/14953/Finnian,14953,Supporting,488
60377,Nazotoki wa Dinner no Ato de,https://myanimelist.net/anime/60377/Nazotoki_wa_Dinner_no_Ato_de,TV,Spring,2025,Kageyama,https://myanimelist.net/character/260642/Kageyama,260642,Main,1
58964,Ninja Batman tai Yakuza League,https://myanimelist.net/anime/58964/Ninja_Batman_tai_Yakuza_League,Movie,,2025,"Wayne, Damian",https://myanimelist.net/character/158808/Damian_Wayne,158808,Main,2
59408,Mononoke Movie: Dai Ni Shou - Hinezumi,https://myanimelist.net/anime/59408/Mononoke_Movie__Dai_Ni_Shou_-_Hinezumi,Movie,,2025,"Tokita, Saburoumaru",https://myanimelist.net/character/248065/Saburoumaru_Tokita,248065,Supporting,0
59914,Kinnikuman: Kanpeki Chоujin Shiso-hen Season 2,https://myanimelist.net/anime/59914/Kinnikuman__Kanpeki_Chоujin_Shiso-hen_Season_2,TV,Winter,2025,Warsman,https://myanimelist.net/character/29743/Warsman,29743,Supporting,23
58484,Ishura 2nd Season,https://myanimelist.net/anime/58484/Ishura_2nd_Season,TV,Winter,2025,"Yagyuu, Soujirou",https://myanimelist.net/character/224958/Soujirou_Yagyuu,224958,Supporting,33
59142,Unnamed Memory Act.2,https://myanimelist.net/anime/59142/Unnamed_Memory_Act2,TV,Winter,2025,Valt,https://myanimelist.net/character/246809/Valt,246809,Supporting,0
59226,Ao no Exorcist: Yosuga-hen,https://myanimelist.net/anime/59226/Ao_no_Exorcist__Yosuga-hen,TV,Winter,2025,"Miwa, Konekomaru",https://myanimelist.net/character/38984/Konekomaru_Miwa,38984,Supporting,20
59435,Undead Unluck (Special),https://myanimelist.net/anime/59435/Undead_Unluck_Special,,,,"Tristan, Rip",https://myanimelist.net/character/197076/Rip_Tristan,197076,Supporting,41
54160,Future Kid Takara,https://myanimelist.net/anime/54160/Future_Kid_Takara,,,,Takara,https://myanimelist.net/character/268680/Takara,268680,Main,0
49469,Beastars Final Season,https://myanimelist.net/anime/49469/Beastars_Final_Season,ONA,,2024,Pina,https://myanimelist.net/character/161685/Pina,161685,Supporting,205
59571,Shingeki no Kyojin Movie: Kanketsu-hen - The Last Attack,https://myanimelist.net/anime/59571/Shingeki_no_Kyojin_Movie__Kanketsu-hen_-_The_Last_Attack,Movie,,2024,"Yeager, Eren",https://myanimelist.net/character/40882/Eren_Yeager,40882,Main,72079
59666,Bananya: Around the World,https://myanimelist.net/anime/59666/Bananya__Around_the_World,ONA,,2024,Bananya,https://myanimelist.net/character/140521/Bananya,140521,Main,163
58516,Ao no Exorcist: Yuki no Hate-hen,https://myanimelist.net/anime/58516/Ao_no_Exorcist__Yuki_no_Hate-hen,TV,Fall,2024,"Miwa, Konekomaru",https://myanimelist.net/character/38984/Konekomaru_Miwa,38984,Supporting,20
58511,Nanatsu no Taizai: Mokushiroku no Yonkishi 2nd Season,https://myanimelist.net/anime/58511/Nanatsu_no_Taizai__Mokushiroku_no_Yonkishi_2nd_Season,TV,Fall,2024,Meliodas,https://myanimelist.net/character/72921/Meliodas,72921,Supporting,9680
58511,Nanatsu no Taizai: Mokushiroku no Yonkishi 2nd Season,https://myanimelist.net/anime/58511/Nanatsu_no_Taizai__Mokushiroku_no_Yonkishi_2nd_Season,TV,Fall,2024,Zeldris,https://myanimelist.net/character/124936/Zeldris,124936,Supporting,289
57181,Ao no Hako,https://myanimelist.net/anime/57181/Ao_no_Hako,TV,Fall,2024,"Matsuoka, Kazuma",https://myanimelist.net/character/219819/Kazuma_Matsuoka,219819,Supporting,0
56196,Boku no Hero Academia the Movie 4: You're Next,https://myanimelist.net/anime/56196/Boku_no_Hero_Academia_the_Movie_4__Youre_Next,Movie,,2024,"Todoroki, Shouto",https://myanimelist.net/character/118489/Shouto_Todoroki,118489,Supporting,25421
52107,Mononoke Movie: Karakasa,https://myanimelist.net/anime/52107/Mononoke_Movie__Karakasa,Movie,,2024,"Tokita, Saburoumaru",https://myanimelist.net/character/248065/Saburoumaru_Tokita,248065,Supporting,0
54730,Kinnikuman: Kanpeki Chоujin Shiso-hen,https://myanimelist.net/anime/54730/Kinnikuman__Kanpeki_Chоujin_Shiso-hen,TV,Summer,2024,Warsman,https://myanimelist.net/character/29743/Warsman,29743,Supporting,23
59162,Kinnikuman: Kanpeki Chоujin Shiso-hen Episode 0,https://myanimelist.net/anime/59162/Kinnikuman__Kanpeki_Chоujin_Shiso-hen_Episode_0,TV Special,,2024,Warsman,https://myanimelist.net/character/29743/Warsman,29743,Supporting,23
59011,Gendai Goyaku,https://myanimelist.net/anime/59011/Gendai_Goyaku,TV,Summer,2024,"Shouji, Nao",https://myanimelist.net/character/252362/Nao_Shouji,252362,Main,0
57487,Rising Impact,https://myanimelist.net/anime/57487/Rising_Impact,ONA,,2024,"Phoenix, Quester",https://myanimelist.net/character/245504/Quester_Phoenix,245504,Supporting,0
51539,Rabbits Kingdom the Movie,https://myanimelist.net/anime/51539/Rabbits_Kingdom_the_Movie,Movie,,2024,"Shiwasu, Kakeru",https://myanimelist.net/character/139381/Kakeru_Shiwasu,139381,Main,14
55701,Kimetsu no Yaiba: Hashira Geiko-hen,https://myanimelist.net/anime/55701/Kimetsu_no_Yaiba__Hashira_Geiko-hen,TV,Spring,2024,Sabito,https://myanimelist.net/character/169779/Sabito,169779,Supporting,745
54789,Boku no Hero Academia 7th Season,https://myanimelist.net/anime/54789/Boku_no_Hero_Academia_7th_Season,TV,Spring,2024,"Todoroki, Shouto",https://myanimelist.net/character/118489/Shouto_Todoroki,118489,Supporting,25421
55855,Kuroshitsuji: Kishuku Gakkou-hen,https://myanimelist.net/anime/55855/Kuroshitsuji__Kishuku_Gakkou-hen,TV,Spring,2024,Finnian,https://myanimelist.net/character/14953/Finnian,14953,Supporting,488
61149,Boku no Hero Academia Reigi Kouza,https://myanimelist.net/anime/61149/Boku_no_Hero_Academia_Reigi_Kouza,Movie,,2024,"Todoroki, Shouto",https://myanimelist.net/character/118489/Shouto_Todoroki,118489,Main,25421
56165,Boukyaku Battery (TV),https://myanimelist.net/anime/56165/Boukyaku_Battery_TV,TV,Spring,2024,"Yamada, Tarou",https://myanimelist.net/character/187260/Tarou_Yamada,187260,Main,6
53835,Unnamed Memory,https://myanimelist.net/anime/53835/Unnamed_Memory,TV,Spring,2024,Valt,https://myanimelist.net/character/246809/Valt,246809,Supporting,0
51461,Tonari no Youkai-san,https://myanimelist.net/anime/51461/Tonari_no_Youkai-san,TV,Spring,2024,"Ooishi, Buchio",https://myanimelist.net/character/237240/Buchio_Ooishi,237240,Main,15
55911,The Fable,https://myanimelist.net/anime/55911/The_Fable,TV,Spring,2024,"Kawai, Yuuki",https://myanimelist.net/character/243908/Yuuki_Kawai,243908,Supporting,0
57798,Shinkalion: Change the World,https://myanimelist.net/anime/57798/Shinkalion__Change_the_World,TV,Spring,2024,"Takumibe, Reiji",https://myanimelist.net/character/254205/Reiji_Takumibe,254205,Supporting,1
57519,Boku no Hero Academia: Memories,https://myanimelist.net/anime/57519/Boku_no_Hero_Academia__Memories,TV Special,,2024,"Todoroki, Shouto",https://myanimelist.net/character/118489/Shouto_Todoroki,118489,Supporting,25421
52742,Haikyuu!! Movie: Gomisuteba no Kessen,https://myanimelist.net/anime/52742/Haikyuu_Movie__Gomisuteba_no_Kessen,Movie,,2024,"Kozume, Kenma",https://myanimelist.net/character/71267/Kenma_Kozume,71267,Main,11038
54829,Urusei Yatsura (2022) 2nd Season,https://myanimelist.net/anime/54829/Urusei_Yatsura_2022_2nd_Season,TV,Winter,2024,"Mizunokouji, Tobimaro",https://myanimelist.net/character/54535/Tobimaro_Mizunokouji,54535,Supporting,0
56731,Synduality: Noir Part 2,https://myanimelist.net/anime/56731/Synduality__Noir_Part_2,TV,Winter,2024,Weisheit,https://myanimelist.net/character/235244/Weisheit,235244,Supporting,1
53889,Ao no Exorcist: Shimane Illuminati-hen,https://myanimelist.net/anime/53889/Ao_no_Exorcist__Shimane_Illuminati-hen,TV,Winter,2024,"Miwa, Konekomaru",https://myanimelist.net/character/38984/Konekomaru_Miwa,38984,Supporting,20
55690,Boku no Kokoro no Yabai Yatsu 2nd Season,https://myanimelist.net/anime/55690/Boku_no_Kokoro_no_Yabai_Yatsu_2nd_Season,TV,Winter,2024,"Kugenuma, Nao",https://myanimelist.net/character/245125/Nao_Kugenuma,245125,Supporting,0
55813,Mashle: Shinkakusha Kouho Senbatsu Shiken-hen,https://myanimelist.net/anime/55813/Mashle__Shinkakusha_Kouho_Senbatsu_Shiken-hen,TV,Winter,2024,"Ames, Rayne",https://myanimelist.net/character/186694/Rayne_Ames,186694,Supporting,243
54449,Ishura,https://myanimelist.net/anime/54449/Ishura,TV,Winter,2024,"Yagyuu, Soujirou",https://myanimelist.net/character/224958/Soujirou_Yagyuu,224958,Main,33
48425,Akuma-kun (ONA),https://myanimelist.net/anime/48425/Akuma-kun_ONA,ONA,,2023,"Umoregi, Ichirou",https://myanimelist.net/character/206739/Ichirou_Umoregi,206739,Main,17
56685,Boku no Hero Academia: UA Heroes Battle,https://myanimelist.net/anime/56685/Boku_no_Hero_Academia__UA_Heroes_Battle,Movie,,2023,"Todoroki, Shouto",https://myanimelist.net/character/118489/Shouto_Todoroki,118489,Supporting,25421
51794,Nanatsu no Taizai: Mokushiroku no Yonkishi,https://myanimelist.net/anime/51794/Nanatsu_no_Taizai__Mokushiroku_no_Yonkishi,TV,Fall,2023,Meliodas,https://myanimelist.net/character/72921/Meliodas,72921,Supporting,9680
52741,Undead Unluck,https://myanimelist.net/anime/52741/Undead_Unluck,TV,Fall,2023,"Tristan, Rip",https://myanimelist.net/character/197076/Rip_Tristan,197076,Supporting,41
52985,Dekoboko Majo no Oyako Jijou,https://myanimelist.net/anime/52985/Dekoboko_Majo_no_Oyako_Jijou,TV,Fall,2023,Ketts,https://myanimelist.net/character/236600/Ketts,236600,Supporting,0
59138,Mash Burnedead-tachi to School Life,https://myanimelist.net/anime/59138/Mash_Burnedead-tachi_to_School_Life,ONA,,2023,"Ames, Rayne",https://myanimelist.net/character/186694/Rayne_Ames,186694,Supporting,243
53911,Nanatsu no Taizai: Ensa no Edinburgh Part 2,https://myanimelist.net/anime/53911/Nanatsu_no_Taizai__Ensa_no_Edinburgh_Part_2,ONA,,2023,Meliodas,https://myanimelist.net/character/72921/Meliodas,72921,Main,9680
54898,Bungou Stray Dogs 5th Season,https://myanimelist.net/anime/54898/Bungou_Stray_Dogs_5th_Season,TV,Summer,2023,"Jouno, Saigiku",https://myanimelist.net/character/182010/Saigiku_Jouno,182010,Supporting,135
53026,Synduality: Noir,https://myanimelist.net/anime/53026/Synduality__Noir,TV,Summer,2023,Weisheit,https://myanimelist.net/character/235244/Weisheit,235244,Supporting,1
54850,Oooku,https://myanimelist.net/anime/54850/Oooku,ONA,,2023,Gyokuei,https://myanimelist.net/character/227006/Gyokuei,227006,Supporting,0
39905,Collar x Malice Movie: Deep Cover,https://myanimelist.net/anime/39905/Collar_x_Malice_Movie__Deep_Cover,Movie,,2023,"Okazaki, Kei",https://myanimelist.net/character/170748/Kei_Okazaki,170748,Main,20
48917,Stand My Heroes: Warmth of Memories,https://myanimelist.net/anime/48917/Stand_My_Heroes__Warmth_of_Memories,OVA,,2023,"Natsume, Haru",https://myanimelist.net/character/165493/Haru_Natsume,165493,Supporting,5
52747,Psycho-Pass Movie: Providence,https://myanimelist.net/anime/52747/Psycho-Pass_Movie__Providence,Movie,,2023,"Shindou, Arata",https://myanimelist.net/character/169173/Arata_Shindou,169173,Supporting,234
52657,Ousama Ranking: Yuuki no Takarabako,https://myanimelist.net/anime/52657/Ousama_Ranking__Yuuki_no_Takarabako,TV,Spring,2023,Daida,https://myanimelist.net/character/199607/Daida,199607,Supporting,35
52211,Mashle,https://myanimelist.net/anime/52211/Mashle,TV,Spring,2023,"Ames, Rayne",https://myanimelist.net/character/186694/Rayne_Ames,186694,Supporting,243
54781,YouTuNya,https://myanimelist.net/anime/54781/YouTuNya,TV,Spring,2023,Tomoneko,https://myanimelist.net/character/226955/Tomoneko,226955,Main,1
52614,"Mix: Meisei Story 2nd Season - Nidome no Natsu, Sora no Mukou e",https://myanimelist.net/anime/52614/Mix__Meisei_Story_2nd_Season_-_Nidome_no_Natsu_Sora_no_Mukou_e,TV,Spring,2023,"Tachibana, Touma",https://myanimelist.net/character/66347/Touma_Tachibana,66347,Main,6
51535,Shingeki no Kyojin: The Final Season - Kanketsu-hen,https://myanimelist.net/anime/51535/Shingeki_no_Kyojin__The_Final_Season_-_Kanketsu-hen,TV Special,,2023,"Yeager, Eren",https://myanimelist.net/character/40882/Eren_Yeager,40882,Main,72079
50675,Soukyuu no Fafner: Dead Aggressor - Behind the Line,https://myanimelist.net/anime/50675/Soukyuu_no_Fafner__Dead_Aggressor_-_Behind_the_Line,Movie,,2023,"Nishio, Akira",https://myanimelist.net/character/89735/Akira_Nishio,89735,Supporting,1
52031,Itou Junji: Maniac,https://myanimelist.net/anime/52031/Itou_Junji__Maniac,ONA,,2023,"Shirasaki, Gorou",https://myanimelist.net/character/218813/Gorou_Shirasaki,218813,Supporting,0
54278,Watashi no Hashtag ga Baenakute.,https://myanimelist.net/anime/54278/Watashi_no_Hashtag_ga_Baenakute,CM,,2023,Minoru,https://myanimelist.net/character/223933/Minoru,223933,Main,0
53634,Youkai Watch ♪ Movie 8: Jibanyan vs. Komasan - Monge Daikessen da Nyan,https://myanimelist.net/anime/53634/Youkai_Watch_♪_Movie_8__Jibanyan_vs_Komasan_-_Monge_Daikessen_da_Nyan,Movie,,2023,Fuyunyan,https://myanimelist.net/character/133134/Fuyunyan,133134,Main,11
49522,Toutotsu ni Egypt Shin 2,https://myanimelist.net/anime/49522/Toutotsu_ni_Egypt_Shin_2,ONA,,2023,Thoth,https://myanimelist.net/character/184518/Thoth,184518,Main,6
50330,Bungou Stray Dogs 4th Season,https://myanimelist.net/anime/50330/Bungou_Stray_Dogs_4th_Season,TV,Winter,2023,"Jouno, Saigiku",https://myanimelist.net/character/182010/Saigiku_Jouno,182010,Supporting,135
51116,Kagami no Kojou,https://myanimelist.net/anime/51116/Kagami_no_Kojou,Movie,,2022,"Ureshino, Haruka",https://myanimelist.net/character/217776/Haruka_Ureshino,217776,Supporting,1
50315,Nanatsu no Taizai: Ensa no Edinburgh,https://myanimelist.net/anime/50315/Nanatsu_no_Taizai__Ensa_no_Edinburgh,ONA,,2022,Meliodas,https://myanimelist.net/character/72921/Meliodas,72921,Main,9680
53391,Kaiketsu Zorori Movie: Lalala♪ Star Tanjou,https://myanimelist.net/anime/53391/Kaiketsu_Zorori_Movie__Lalala♪_Star_Tanjou,Movie,,2022,Beat,https://myanimelist.net/character/180735/Beat,180735,Supporting,2
50710,Urusei Yatsura (2022),https://myanimelist.net/anime/50710/Urusei_Yatsura_2022,TV,Fall,2022,"Mizunokouji, Tobimaro",https://myanimelist.net/character/54535/Tobimaro_Mizunokouji,54535,Supporting,0
50559,Megaton-kyuu Musashi 2nd Season,https://myanimelist.net/anime/50559/Megaton-kyuu_Musashi_2nd_Season,TV,Fall,2022,"Kindaichi, Takumi",https://myanimelist.net/character/199403/Takumi_Kindaichi,199403,Main,0
43771,Vazzrock The Animation,https://myanimelist.net/anime/43771/Vazzrock_The_Animation,TV,Fall,2022,"Shiwasu, Kakeru",https://myanimelist.net/character/139381/Kakeru_Shiwasu,139381,Supporting,14
52976,Berserk: Ougon Jidai-hen - Memorial Edition,https://myanimelist.net/anime/52976/Berserk__Ougon_Jidai-hen_-_Memorial_Edition,TV,Fall,2022,Judeau,https://myanimelist.net/character/454/Judeau,454,Supporting,1583
49918,Boku no Hero Academia 6th Season,https://myanimelist.net/anime/49918/Boku_no_Hero_Academia_6th_Season,TV,Fall,2022,"Todoroki, Shouto",https://myanimelist.net/character/118489/Shouto_Todoroki,118489,Supporting,25421
51805,Ginga Eiyuu Densetsu: Die Neue These - Sakubou,https://myanimelist.net/anime/51805/Ginga_Eiyuu_Densetsu__Die_Neue_These_-_Sakubou,Movie,,2022,"Minci, Julian",https://myanimelist.net/character/12779/Julian_Minci,12779,Supporting,143
50410,One Piece Film: Red,https://myanimelist.net/anime/50410/One_Piece_Film__Red,Movie,,2022,Yorueka,https://myanimelist.net/character/216444/Yorueka,216444,Supporting,1
51781,Boku no Hero Academia (ONA),https://myanimelist.net/anime/51781/Boku_no_Hero_Academia_ONA,ONA,,2022,"Todoroki, Shouto",https://myanimelist.net/character/118489/Shouto_Todoroki,118489,Main,25421
49722,Karakai Jouzu no Takagi-san Movie,https://myanimelist.net/anime/49722/Karakai_Jouzu_no_Takagi-san_Movie,Movie,,2022,Nishikata,https://myanimelist.net/character/123698/Nishikata,123698,Main,968
47777,Toku: Touken Ranbu - Hanamaru - Setsugetsuka,https://myanimelist.net/anime/47777/Toku__Touken_Ranbu_-_Hanamaru_-_Setsugetsuka,Movie,,2022,"Masamune, Hyuuga",https://myanimelist.net/character/212100/Hyuuga_Masamune,212100,Supporting,1
50549,Bubble,https://myanimelist.net/anime/50549/Bubble,ONA,,2022,Kai,https://myanimelist.net/character/206515/Kai,206515,Supporting,19
49556,Love All Play,https://myanimelist.net/anime/49556/Love_All_Play,TV,Spring,2022,"Uchida, Akira",https://myanimelist.net/character/207261/Akira_Uchida,207261,Supporting,4
43470,Rikei ga Koi ni Ochita no de Shoumei shitemita. Heart,https://myanimelist.net/anime/43470/Rikei_ga_Koi_ni_Ochita_no_de_Shoumei_shitemita_Heart,TV,Spring,2022,"Floret, Chris",https://myanimelist.net/character/207409/Chris_Floret,207409,Supporting,0
42886,Ginga Eiyuu Densetsu: Die Neue These - Gekitotsu,https://myanimelist.net/anime/42886/Ginga_Eiyuu_Densetsu__Die_Neue_These_-_Gekitotsu,Movie,,2022,"Minci, Julian",https://myanimelist.net/character/12779/Julian_Minci,12779,Supporting,143
50414,Ensemble Stars!! Road to Show!!,https://myanimelist.net/anime/50414/Ensemble_Stars_Road_to_Show,Movie,,2022,"Isara, Mao",https://myanimelist.net/character/137073/Mao_Isara,137073,Main,156
44025,Doraemon Movie 41: Nobita no Little Star Wars,https://myanimelist.net/anime/44025/Doraemon_Movie_41__Nobita_no_Little_Star_Wars,Movie,,2022,Rokoroko,https://myanimelist.net/character/203741/Rokoroko,203741,Supporting,0
49345,"Goodbye, Don Glees!",https://myanimelist.net/anime/49345/Goodbye_Don_Glees,Movie,,2022,Toto,https://myanimelist.net/character/201776/Toto,201776,Main,2
50532,Boku no Hero Academia the Movie 3: World Heroes' Mission - Tabidachi,https://myanimelist.net/anime/50532/Boku_no_Hero_Academia_the_Movie_3__World_Heroes_Mission_-_Tabidachi,Special,,2022,"Todoroki, Shouto",https://myanimelist.net/character/118489/Shouto_Todoroki,118489,Main,25421
51183,Yin Yang Shi: Ping An Wu Yu 3rd Season,https://myanimelist.net/anime/51183/Yin_Yang_Shi__Ping_An_Wu_Yu_3rd_Season,ONA,,2022,Hoshiguma Douji,https://myanimelist.net/character/227595/Hoshiguma_Douji,227595,Supporting,0
49738,Heike Monogatari,https://myanimelist.net/anime/49738/Heike_Monogatari,TV,Winter,2022,"Minamoto no, Yoshitsune",https://myanimelist.net/character/203469/Yoshitsune_Minamoto_no,203469,Supporting,0
48583,Shingeki no Kyojin: The Final Season Part 2,https://myanimelist.net/anime/48583/Shingeki_no_Kyojin__The_Final_Season_Part_2,TV,Winter,2022,"Yeager, Eren",https://myanimelist.net/character/40882/Eren_Yeager,40882,Main,72079
49721,Karakai Jouzu no Takagi-san 3,https://myanimelist.net/anime/49721/Karakai_Jouzu_no_Takagi-san_3,TV,Winter,2022,Nishikata,https://myanimelist.net/character/123698/Nishikata,123698,Main,968
49721,Karakai Jouzu no Takagi-san 3,https://myanimelist.net/anime/49721/Karakai_Jouzu_no_Takagi-san_3,TV,Winter,2022,Ikeo,https://myanimelist.net/character/226738/Ikeo,226738,Supporting,0
40834,Ousama Ranking,https://myanimelist.net/anime/40834/Ousama_Ranking,TV,Fall,2021,Daida,https://myanimelist.net/character/199607/Daida,199607,Supporting,35
44940,World Trigger 3rd Season,https://myanimelist.net/anime/44940/World_Trigger_3rd_Season,TV,Fall,2021,"Mikumo, Osamu",https://myanimelist.net/character/81237/Osamu_Mikumo,81237,Main,316
33737,Megaton-kyuu Musashi,https://myanimelist.net/anime/33737/Megaton-kyuu_Musashi,TV,Fall,2021,"Kindaichi, Takumi",https://myanimelist.net/character/199403/Takumi_Kindaichi,199403,Main,0
40434,Mo Dao Zu Shi: Wanjie Pian,https://myanimelist.net/anime/40434/Mo_Dao_Zu_Shi__Wanjie_Pian,ONA,,2021,"Jin, Ling",https://myanimelist.net/character/165396/Ling_Jin,165396,Supporting,124
44200,Boku no Hero Academia the Movie 3: World Heroes' Mission,https://myanimelist.net/anime/44200/Boku_no_Hero_Academia_the_Movie_3__World_Heroes_Mission,Movie,,2021,"Todoroki, Shouto",https://myanimelist.net/character/118489/Shouto_Todoroki,118489,Main,25421
49627,Shingeki no Kyojin: The Final Season Specials,https://myanimelist.net/anime/49627/Shingeki_no_Kyojin__The_Final_Season_Specials,Special,,2021,"Yeager, Eren",https://myanimelist.net/character/40882/Eren_Yeager,40882,Main,72079
46420,Nanatsu no Taizai Movie 2: Hikari ni Norowareshi Mono-tachi,https://myanimelist.net/anime/46420/Nanatsu_no_Taizai_Movie_2__Hikari_ni_Norowareshi_Mono-tachi,Movie,,2021,Meliodas,https://myanimelist.net/character/72921/Meliodas,72921,Main,9680
46420,Nanatsu no Taizai Movie 2: Hikari ni Norowareshi Mono-tachi,https://myanimelist.net/anime/46420/Nanatsu_no_Taizai_Movie_2__Hikari_ni_Norowareshi_Mono-tachi,Movie,,2021,Zeldris,https://myanimelist.net/character/124936/Zeldris,124936,Main,289
49228,"Dragon Quest: Dai no Daibouken (2020): Bouken no Kiseki, Kore kara no Tabiji",https://myanimelist.net/anime/49228/Dragon_Quest__Dai_no_Daibouken_2020__Bouken_no_Kiseki_Kore_kara_no_Tabiji,TV Special,,2021,Hyunckel,https://myanimelist.net/character/13330/Hyunckel,13330,Main,48
48365,Youkai Watch ♪,https://myanimelist.net/anime/48365/Youkai_Watch_♪,TV,Spring,2021,Fuyunyan,https://myanimelist.net/character/133134/Fuyunyan,133134,Main,11
42590,Mashiro no Oto,https://myanimelist.net/anime/42590/Mashiro_no_Oto,TV,Spring,2021,"Kaji, Takaomi",https://myanimelist.net/character/189818/Takaomi_Kaji,189818,Supporting,4
43778,Motto! Majime ni Fumajime Kaiketsu Zorori 2nd Season,https://myanimelist.net/anime/43778/Motto_Majime_ni_Fumajime_Kaiketsu_Zorori_2nd_Season,TV,Spring,2021,Beat,https://myanimelist.net/character/180735/Beat,180735,Supporting,2
41587,Boku no Hero Academia 5th Season,https://myanimelist.net/anime/41587/Boku_no_Hero_Academia_5th_Season,TV,Spring,2021,"Todoroki, Shouto",https://myanimelist.net/character/118489/Shouto_Todoroki,118489,Supporting,25421
37994,B: The Beginning Succession,https://myanimelist.net/anime/37994/B__The_Beginning_Succession,ONA,,2021,Kokuu,https://myanimelist.net/character/156960/Kokuu,156960,Main,196
42805,Tasuuketsu: Judgement Assizes,https://myanimelist.net/anime/42805/Tasuuketsu__Judgement_Assizes,OVA,,2021,"Ouno, Raion",https://myanimelist.net/character/187923/Raion_Ouno,187923,Main,0
41491,Nanatsu no Taizai: Funnu no Shinpan,https://myanimelist.net/anime/41491/Nanatsu_no_Taizai__Funnu_no_Shinpan,TV,Winter,2021,Meliodas,https://myanimelist.net/character/72921/Meliodas,72921,Main,9680
41491,Nanatsu no Taizai: Funnu no Shinpan,https://myanimelist.net/anime/41491/Nanatsu_no_Taizai__Funnu_no_Shinpan,TV,Winter,2021,Zeldris,https://myanimelist.net/character/124936/Zeldris,124936,Supporting,289
40907,World Trigger 2nd Season,https://myanimelist.net/anime/40907/World_Trigger_2nd_Season,TV,Winter,2021,"Mikumo, Osamu",https://myanimelist.net/character/81237/Osamu_Mikumo,81237,Main,316
40964,Back Arrow,https://myanimelist.net/anime/40964/Back_Arrow,TV,Winter,2021,Back Arrow,https://myanimelist.net/character/187990/Back_Arrow,187990,Main,15
40935,Beastars 2nd Season,https://myanimelist.net/anime/40935/Beastars_2nd_Season,TV,Winter,2021,Pina,https://myanimelist.net/character/161685/Pina,161685,Supporting,205
45567,Gekidan Nanatsu no Taizai,https://myanimelist.net/anime/45567/Gekidan_Nanatsu_no_Taizai,ONA,,2020,Meliodas,https://myanimelist.net/character/72921/Meliodas,72921,Main,9680
40028,Shingeki no Kyojin: The Final Season,https://myanimelist.net/anime/40028/Shingeki_no_Kyojin__The_Final_Season,TV,Winter,2021,"Yeager, Eren",https://myanimelist.net/character/40882/Eren_Yeager,40882,Main,72079
41688,Toutotsu ni Egypt Shin,https://myanimelist.net/anime/41688/Toutotsu_ni_Egypt_Shin,ONA,,2020,Thoth,https://myanimelist.net/character/184518/Thoth,184518,Main,6
42668,Taisou Zamurai,https://myanimelist.net/anime/42668/Taisou_Zamurai,TV,Fall,2020,"Minamino, Tetsuo",https://myanimelist.net/character/185556/Tetsuo_Minamino,185556,Supporting,5
38669,Tsukiuta. The Animation 2,https://myanimelist.net/anime/38669/Tsukiuta_The_Animation_2,TV,Fall,2020,"Shiwasu, Kakeru",https://myanimelist.net/character/139381/Kakeru_Shiwasu,139381,Main,14
40906,Dragon Quest: Dai no Daibouken (2020),https://myanimelist.net/anime/40906/Dragon_Quest__Dai_no_Daibouken_2020,TV,Fall,2020,Hyunckel,https://myanimelist.net/character/13330/Hyunckel,13330,Main,48
40776,Haikyuu!! To the Top Part 2,https://myanimelist.net/anime/40776/Haikyuu_To_the_Top_Part_2,TV,Fall,2020,"Kozume, Kenma",https://myanimelist.net/character/71267/Kenma_Kozume,71267,Supporting,11038
38990,Chuan Shu Zijiu Zhinan,https://myanimelist.net/anime/38990/Chuan_Shu_Zijiu_Zhinan,ONA,,2020,"Luo, Binghe",https://myanimelist.net/character/170162/Binghe_Luo,170162,Main,195
40215,Aggressive Retsuko (ONA) 3rd Season,https://myanimelist.net/anime/40215/Aggressive_Retsuko_ONA_3rd_Season,ONA,,2020,Seiya,https://myanimelist.net/character/186404/Seiya,186404,Supporting,1
42603,Boku no Hero Academia: Ikinokore! Kesshi no Survival Kunren,https://myanimelist.net/anime/42603/Boku_no_Hero_Academia__Ikinokore_Kesshi_no_Survival_Kunren,ONA,,2020,"Todoroki, Shouto",https://myanimelist.net/character/118489/Shouto_Todoroki,118489,Supporting,25421
42091,Shingeki no Kyojin: Chronicle,https://myanimelist.net/anime/42091/Shingeki_no_Kyojin__Chronicle,Movie,,2020,"Yeager, Eren",https://myanimelist.net/character/40882/Eren_Yeager,40882,Main,72079
48531,Bigbang Reflection!!,https://myanimelist.net/anime/48531/Bigbang_Reflection,Music,,2020,"Isara, Mao",https://myanimelist.net/character/137073/Mao_Isara,137073,Main,156
41053,Dorohedoro: Ma no Omake,https://myanimelist.net/anime/41053/Dorohedoro__Ma_no_Omake,Special,,2020,Thirteen,https://myanimelist.net/character/68585/Thirteen,68585,Supporting,14
40902,Shokugeki no Souma: Gou no Sara,https://myanimelist.net/anime/40902/Shokugeki_no_Souma__Gou_no_Sara,TV,Spring,2020,"Kuga, Terunori",https://myanimelist.net/character/129051/Terunori_Kuga,129051,Supporting,197
38843,Shironeko Project: Zero Chronicle,https://myanimelist.net/anime/38843/Shironeko_Project__Zero_Chronicle,TV,Spring,2020,Prince of Darkness,https://myanimelist.net/character/180510/Prince_of_Darkness,180510,Main,29
40045,Motto! Majime ni Fumajime Kaiketsu Zorori,https://myanimelist.net/anime/40045/Motto_Majime_ni_Fumajime_Kaiketsu_Zorori,TV,Spring,2020,Beat,https://myanimelist.net/character/180735/Beat,180735,Supporting,2
40858,Psycho-Pass 3: First Inspector,https://myanimelist.net/anime/40858/Psycho-Pass_3__First_Inspector,ONA,,2020,"Shindou, Arata",https://myanimelist.net/character/169173/Arata_Shindou,169173,Main,234
48519,Rebellion Star,https://myanimelist.net/anime/48519/Rebellion_Star,Music,,2020,"Isara, Mao",https://myanimelist.net/character/137073/Mao_Isara,137073,Main,156
41132,Tokyo Autumn Session,https://myanimelist.net/anime/41132/Tokyo_Autumn_Session,Music,,2020,"Mochizuki, Souta",https://myanimelist.net/character/124941/Souta_Mochizuki,124941,Supporting,87
40262,Haikyuu!! Riku vs. Kuu,https://myanimelist.net/anime/40262/Haikyuu_Riku_vs_Kuu,OVA,,2020,"Kozume, Kenma",https://myanimelist.net/character/71267/Kenma_Kozume,71267,Main,11038
38668,Dorohedoro,https://myanimelist.net/anime/38668/Dorohedoro,TV,Winter,2020,Thirteen,https://myanimelist.net/character/68585/Thirteen,68585,Supporting,14
38883,Haikyuu!! To the Top,https://myanimelist.net/anime/38883/Haikyuu_To_the_Top,TV,Winter,2020,"Kozume, Kenma",https://myanimelist.net/character/71267/Kenma_Kozume,71267,Supporting,11038
39942,Uchi Tama?! Uchi no Tama Shirimasen ka?,https://myanimelist.net/anime/39942/Uchi_Tama_Uchi_no_Tama_Shirimasen_ka,TV,Winter,2020,Nora,https://myanimelist.net/character/23073/Nora,23073,Main,17
40230,Housekishou Richard-shi no Nazo Kantei,https://myanimelist.net/anime/40230/Housekishou_Richard-shi_no_Nazo_Kantei,TV,Winter,2020,"Claremont, Henry",https://myanimelist.net/character/179807/Henry_Claremont,179807,Supporting,1
40542,Saiki Kusuo no Ψ-nan: Ψ-shidou-hen,https://myanimelist.net/anime/40542/Saiki_Kusuo_no_Ψ-nan__Ψ-shidou-hen,ONA,,2019,"Akechi, Touma",https://myanimelist.net/character/156261/Touma_Akechi,156261,Supporting,76
39565,Boku no Hero Academia the Movie 2: Heroes:Rising,https://myanimelist.net/anime/39565/Boku_no_Hero_Academia_the_Movie_2__Heroes_Rising,Movie,,2019,"Todoroki, Shouto",https://myanimelist.net/character/118489/Shouto_Todoroki,118489,Supporting,25421
36371,Ginga Eiyuu Densetsu: Die Neue These - Seiran 3,https://myanimelist.net/anime/36371/Ginga_Eiyuu_Densetsu__Die_Neue_These_-_Seiran_3,Movie,,2019,"Minci, Julian",https://myanimelist.net/character/12779/Julian_Minci,12779,Supporting,143
39931,Santa Company: Christmas no Himitsu,https://myanimelist.net/anime/39931/Santa_Company__Christmas_no_Himitsu,Movie,,2019,"Crystal, Bell",https://myanimelist.net/character/75050/Bell_Crystal,75050,Main,0
40351,Pokemon (2019),https://myanimelist.net/anime/40351/Pokemon_2019,TV,Fall,2019,Citron,https://myanimelist.net/character/91977/Citron,91977,Supporting,85
36370,Ginga Eiyuu Densetsu: Die Neue These - Seiran 2,https://myanimelist.net/anime/36370/Ginga_Eiyuu_Densetsu__Die_Neue_These_-_Seiran_2,Movie,,2019,"Minci, Julian",https://myanimelist.net/character/12779/Julian_Minci,12779,Supporting,143
39705,One Punch Man 2nd Season Specials,https://myanimelist.net/anime/39705/One_Punch_Man_2nd_Season_Specials,Special,,2019,Speed-o'-Sound Sonic,https://myanimelist.net/character/74167/Speed-o-Sound_Sonic,74167,Supporting,1527
39491,Psycho-Pass 3,https://myanimelist.net/anime/39491/Psycho-Pass_3,TV,Fall,2019,"Shindou, Arata",https://myanimelist.net/character/169173/Arata_Shindou,169173,Main,234
38408,Boku no Hero Academia 4th Season,https://myanimelist.net/anime/38408/Boku_no_Hero_Academia_4th_Season,TV,Fall,2019,"Todoroki, Shouto",https://myanimelist.net/character/118489/Shouto_Todoroki,118489,Supporting,25421
39940,Shokugeki no Souma: Shin no Sara,https://myanimelist.net/anime/39940/Shokugeki_no_Souma__Shin_no_Sara,TV,Fall,2019,"Kuga, Terunori",https://myanimelist.net/character/129051/Terunori_Kuga,129051,Supporting,197
39806,Mugen no Juunin: Immortal,https://myanimelist.net/anime/39806/Mugen_no_Juunin__Immortal,ONA,,2019,"Anotsu, Kagehisa",https://myanimelist.net/character/5175/Kagehisa_Anotsu,5175,Main,235
39701,Nanatsu no Taizai: Kamigami no Gekirin,https://myanimelist.net/anime/39701/Nanatsu_no_Taizai__Kamigami_no_Gekirin,TV,Fall,2019,Meliodas,https://myanimelist.net/character/72921/Meliodas,72921,Main,9680
39701,Nanatsu no Taizai: Kamigami no Gekirin,https://myanimelist.net/anime/39701/Nanatsu_no_Taizai__Kamigami_no_Gekirin,TV,Fall,2019,Zeldris,https://myanimelist.net/character/124936/Zeldris,124936,Supporting,289
38331,Stand My Heroes: Piece of Truth,https://myanimelist.net/anime/38331/Stand_My_Heroes__Piece_of_Truth,TV,Fall,2019,"Natsume, Haru",https://myanimelist.net/character/165493/Haru_Natsume,165493,Main,5
37403,Ahiru no Sora,https://myanimelist.net/anime/37403/Ahiru_no_Sora,TV,Fall,2019,"Kurumatani, Sora",https://myanimelist.net/character/9641/Sora_Kurumatani,9641,Main,119
40228,Bananya: Fushigi na Nakama-tachi,https://myanimelist.net/anime/40228/Bananya__Fushigi_na_Nakama-tachi,TV,Fall,2019,Bananya,https://myanimelist.net/character/140521/Bananya,140521,Main,163
40228,Bananya: Fushigi na Nakama-tachi,https://myanimelist.net/anime/40228/Bananya__Fushigi_na_Nakama-tachi,TV,Fall,2019,Kenaga Bananya,https://myanimelist.net/character/141495/Kenaga_Bananya,141495,Supporting,44
40228,Bananya: Fushigi na Nakama-tachi,https://myanimelist.net/anime/40228/Bananya__Fushigi_na_Nakama-tachi,TV,Fall,2019,Oyaji Bananya,https://myanimelist.net/character/141497/Oyaji_Bananya,141497,Supporting,18
40228,Bananya: Fushigi na Nakama-tachi,https://myanimelist.net/anime/40228/Bananya__Fushigi_na_Nakama-tachi,TV,Fall,2019,Mike Bananya,https://myanimelist.net/character/141499/Mike_Bananya,141499,Supporting,17
40228,Bananya: Fushigi na Nakama-tachi,https://myanimelist.net/anime/40228/Bananya__Fushigi_na_Nakama-tachi,TV,Fall,2019,Elder Bananya,https://myanimelist.net/character/174218/Elder_Bananya,174218,Supporting,2
40228,Bananya: Fushigi na Nakama-tachi,https://myanimelist.net/anime/40228/Bananya__Fushigi_na_Nakama-tachi,TV,Fall,2019,Zombie Bananya,https://myanimelist.net/character/175190/Zombie_Bananya,175190,Supporting,2
40228,Bananya: Fushigi na Nakama-tachi,https://myanimelist.net/anime/40228/Bananya__Fushigi_na_Nakama-tachi,TV,Fall,2019,Robot Kitty,https://myanimelist.net/character/175524/Robot_Kitty,175524,Supporting,3
40228,Bananya: Fushigi na Nakama-tachi,https://myanimelist.net/anime/40228/Bananya__Fushigi_na_Nakama-tachi,TV,Fall,2019,Pirate Bananya,https://myanimelist.net/character/175525/Pirate_Bananya,175525,Supporting,2
40228,Bananya: Fushigi na Nakama-tachi,https://myanimelist.net/anime/40228/Bananya__Fushigi_na_Nakama-tachi,TV,Fall,2019,Vampire Bananya,https://myanimelist.net/character/175678/Vampire_Bananya,175678,Supporting,2
40228,Bananya: Fushigi na Nakama-tachi,https://myanimelist.net/anime/40228/Bananya__Fushigi_na_Nakama-tachi,TV,Fall,2019,Mountain,https://myanimelist.net/character/211448/Mountain,211448,Supporting,3
40228,Bananya: Fushigi na Nakama-tachi,https://myanimelist.net/anime/40228/Bananya__Fushigi_na_Nakama-tachi,TV,Fall,2019,Black and White Bananya,https://myanimelist.net/character/211450/Black_and_White_Bananya,211450,Supporting,1
40228,Bananya: Fushigi na Nakama-tachi,https://myanimelist.net/anime/40228/Bananya__Fushigi_na_Nakama-tachi,TV,Fall,2019,Police Bananya,https://myanimelist.net/character/211452/Police_Bananya,211452,Supporting,1
40228,Bananya: Fushigi na Nakama-tachi,https://myanimelist.net/anime/40228/Bananya__Fushigi_na_Nakama-tachi,TV,Fall,2019,Bengal Bananya,https://myanimelist.net/character/211458/Bengal_Bananya,211458,Supporting,0
40228,Bananya: Fushigi na Nakama-tachi,https://myanimelist.net/anime/40228/Bananya__Fushigi_na_Nakama-tachi,TV,Fall,2019,Munchkin Bananya,https://myanimelist.net/character/211500/Munchkin_Bananya,211500,Supporting,1
40228,Bananya: Fushigi na Nakama-tachi,https://myanimelist.net/anime/40228/Bananya__Fushigi_na_Nakama-tachi,TV,Fall,2019,Russian Blue Bananya,https://myanimelist.net/character/211501/Russian_Blue_Bananya,211501,Supporting,0
40228,Bananya: Fushigi na Nakama-tachi,https://myanimelist.net/anime/40228/Bananya__Fushigi_na_Nakama-tachi,TV,Fall,2019,Night Rainbow Bananya,https://myanimelist.net/character/211503/Night_Rainbow_Bananya,211503,Supporting,1
36369,Ginga Eiyuu Densetsu: Die Neue These - Seiran 1,https://myanimelist.net/anime/36369/Ginga_Eiyuu_Densetsu__Die_Neue_These_-_Seiran_1,Movie,,2019,"Minci, Julian",https://myanimelist.net/character/12779/Julian_Minci,12779,Supporting,143
39235,Ni no Kuni,https://myanimelist.net/anime/39235/Ni_no_Kuni,Movie,,2019,Danba,https://myanimelist.net/character/182023/Danba,182023,Supporting,0
38450,Mo Dao Zu Shi: Xian Yun Pian,https://myanimelist.net/anime/38450/Mo_Dao_Zu_Shi__Xian_Yun_Pian,ONA,,2019,"Jin, Ling",https://myanimelist.net/character/165396/Ling_Jin,165396,Supporting,124
38826,Tenki no Ko,https://myanimelist.net/anime/38826/Tenki_no_Ko,Movie,,2019,Takai,https://myanimelist.net/character/171315/Takai,171315,Supporting,1
38993,Karakai Jouzu no Takagi-san 2,https://myanimelist.net/anime/38993/Karakai_Jouzu_no_Takagi-san_2,TV,Summer,2019,Nishikata,https://myanimelist.net/character/123698/Nishikata,123698,Main,968
38993,Karakai Jouzu no Takagi-san 2,https://myanimelist.net/anime/38993/Karakai_Jouzu_no_Takagi-san_2,TV,Summer,2019,Ikeo,https://myanimelist.net/character/226738/Ikeo,226738,Supporting,0
32212,Ensemble Stars!,https://myanimelist.net/anime/32212/Ensemble_Stars,TV,Summer,2019,"Isara, Mao",https://myanimelist.net/character/137073/Mao_Isara,137073,Main,156
34544,Koutetsujou no Kabaneri Movie 3: Unato Kessen,https://myanimelist.net/anime/34544/Koutetsujou_no_Kabaneri_Movie_3__Unato_Kessen,Movie,,2019,Takumi,https://myanimelist.net/character/136903/Takumi,136903,Supporting,10
38524,Shingeki no Kyojin Season 3 Part 2,https://myanimelist.net/anime/38524/Shingeki_no_Kyojin_Season_3_Part_2,TV,Spring,2019,"Yeager, Eren",https://myanimelist.net/character/40882/Eren_Yeager,40882,Main,72079
38770,Meitantei Conan Movie 23: Konjou no Fist,https://myanimelist.net/anime/38770/Meitantei_Conan_Movie_23__Konjou_no_Fist,Movie,,2019,"Ramanathan, Rishi",https://myanimelist.net/character/175790/Rishi_Ramanathan,175790,Supporting,2
37435,Carole & Tuesday,https://myanimelist.net/anime/37435/Carole___Tuesday,TV,Spring,2019,Joshua,https://myanimelist.net/character/171991/Joshua,171991,Supporting,0
34134,One Punch Man 2nd Season,https://myanimelist.net/anime/34134/One_Punch_Man_2nd_Season,TV,Spring,2019,Speed-o'-Sound Sonic,https://myanimelist.net/character/74167/Speed-o-Sound_Sonic,74167,Supporting,1527
48562,Only Your Stars! (Trickstar Ver.),https://myanimelist.net/anime/48562/Only_Your_Stars_Trickstar_Ver,Music,,2019,"Isara, Mao",https://myanimelist.net/character/137073/Mao_Isara,137073,Main,156
38098,Mix: Meisei Story,https://myanimelist.net/anime/38098/Mix__Meisei_Story,TV,Spring,2019,"Tachibana, Touma",https://myanimelist.net/character/66347/Touma_Tachibana,66347,Main,6
38000,Kimetsu no Yaiba,https://myanimelist.net/anime/38000/Kimetsu_no_Yaiba,TV,Spring,2019,Sabito,https://myanimelist.net/character/169779/Sabito,169779,Supporting,745
39277,Youkai Watch!,https://myanimelist.net/anime/39277/Youkai_Watch,TV,Spring,2019,Fuyunyan,https://myanimelist.net/character/133134/Fuyunyan,133134,Main,11
38731,Diamond no Ace: Act II,https://myanimelist.net/anime/38731/Diamond_no_Ace__Act_II,TV,Spring,2019,"Narumiya, Mei",https://myanimelist.net/character/99437/Mei_Narumiya,99437,Supporting,179
38349,Wotaku ni Koi wa Muzukashii OVA,https://myanimelist.net/anime/38349/Wotaku_ni_Koi_wa_Muzukashii_OVA,OVA,,2019,"Nifuji, Naoya",https://myanimelist.net/character/144779/Naoya_Nifuji,144779,Supporting,254
38672,Precure Miracle Universe Movie,https://myanimelist.net/anime/38672/Precure_Miracle_Universe_Movie,Movie,,2019,Yango,https://myanimelist.net/character/206716/Yango,206716,Supporting,0
38393,Senjuushi: Kijuushi-tachi no Happy Birthday!,https://myanimelist.net/anime/38393/Senjuushi__Kijuushi-tachi_no_Happy_Birthday,OVA,,2019,Kentucky,https://myanimelist.net/character/162649/Kentucky,162649,Supporting,1
38464,Ashita Sekai ga Owaru toshitemo,https://myanimelist.net/anime/38464/Ashita_Sekai_ga_Owaru_toshitemo,Movie,,2019,"Hazama, Shin",https://myanimelist.net/character/150643/Shin_Hazama,150643,Main,4
38464,Ashita Sekai ga Owaru toshitemo,https://myanimelist.net/anime/38464/Ashita_Sekai_ga_Owaru_toshitemo,Movie,,2019,"Hazama, Jin",https://myanimelist.net/character/152975/Jin_Hazama,152975,Supporting,6
38972,JoJo no Kimyou na Bouken Part 5: Ougon no Kaze Recaps,https://myanimelist.net/anime/38972/JoJo_no_Kimyou_na_Bouken_Part_5__Ougon_no_Kaze_Recaps,TV Special,,2019,"Hirose, Kouichi",https://myanimelist.net/character/24496/Kouichi_Hirose,24496,Supporting,1289
37958,Fukigen na Mononokean Tsuzuki,https://myanimelist.net/anime/37958/Fukigen_na_Mononokean_Tsuzuki,TV,Winter,2019,"Ashiya, Hanae",https://myanimelist.net/character/138742/Hanae_Ashiya,138742,Main,155
42174,"Pokemon no Heisei-shi: Kayou Kara Mokuyou, Soshite Nichiyou e",https://myanimelist.net/anime/42174/Pokemon_no_Heisei-shi__Kayou_Kara_Mokuyou_Soshite_Nichiyou_e,Special,,2019,Citron,https://myanimelist.net/character/91977/Citron,91977,Supporting,85
38249,Saiki Kusuo no Ψ-nan: Kanketsu-hen,https://myanimelist.net/anime/38249/Saiki_Kusuo_no_Ψ-nan__Kanketsu-hen,TV Special,,2018,"Akechi, Touma",https://myanimelist.net/character/156261/Touma_Akechi,156261,Supporting,76
37307,K: Seven Stories Movie 6 - Circle Vision - Nameless Song,https://myanimelist.net/anime/37307/K__Seven_Stories_Movie_6_-_Circle_Vision_-_Nameless_Song,Movie,,2018,"Totsuka, Tatara",https://myanimelist.net/character/64629/Tatara_Totsuka,64629,Supporting,245
36556,Peace Maker Kurogane Movie 2: Yuumei,https://myanimelist.net/anime/36556/Peace_Maker_Kurogane_Movie_2__Yuumei,Movie,,2018,"Ichimura, Tetsunosuke",https://myanimelist.net/character/160/Tetsunosuke_Ichimura,160,Main,36
38198,Nanatsu no Taizai: Eiyuu-tachi wa Hashagu,https://myanimelist.net/anime/38198/Nanatsu_no_Taizai__Eiyuu-tachi_wa_Hashagu,OVA,,2018,Meliodas,https://myanimelist.net/character/72921/Meliodas,72921,Main,9680
37897,Godzilla 3: Hoshi wo Kuu Mono,https://myanimelist.net/anime/37897/Godzilla_3__Hoshi_wo_Kuu_Mono,Movie,,2018,"Bindewald, Adam",https://myanimelist.net/character/149525/Adam_Bindewald,149525,Supporting,2
37306,K: Seven Stories Movie 5 - Memory of Red - Burn,https://myanimelist.net/anime/37306/K__Seven_Stories_Movie_5_-_Memory_of_Red_-_Burn,Movie,,2018,"Totsuka, Tatara",https://myanimelist.net/character/64629/Tatara_Totsuka,64629,Main,245
35228,Haikara-san ga Tooru Movie 2: Hana no Tokyo Dai Roman,https://myanimelist.net/anime/35228/Haikara-san_ga_Tooru_Movie_2__Hana_no_Tokyo_Dai_Roman,Movie,,2018,"Fujieda, Ranmaru",https://myanimelist.net/character/152092/Ranmaru_Fujieda,152092,Supporting,5
39477,Shingeki no Kyojin Season 3 Specials,https://myanimelist.net/anime/39477/Shingeki_no_Kyojin_Season_3_Specials,Special,,2018,"Yeager, Eren",https://myanimelist.net/character/40882/Eren_Yeager,40882,Main,72079
37799,Tokyo Ghoul:re 2nd Season,https://myanimelist.net/anime/37799/Tokyo_Ghoul_re_2nd_Season,TV,Fall,2018,"Kirishima, Ayato",https://myanimelist.net/character/105231/Ayato_Kirishima,105231,Supporting,1199
35972,Fairy Tail: Final Series,https://myanimelist.net/anime/35972/Fairy_Tail__Final_Series,TV,Fall,2018,"Vastia, Lyon",https://myanimelist.net/character/23843/Lyon_Vastia,23843,Supporting,76
37490,"Gyakuten Saiban: Sono ""Shinjitsu"", Igi Ari! Season 2",https://myanimelist.net/anime/37490/Gyakuten_Saiban__Sono_Shinjitsu_Igi_Ari_Season_2,TV,Fall,2018,"Naruhodou, Ryuuichi",https://myanimelist.net/character/9879/Ryuuichi_Naruhodou,9879,Main,637
37991,JoJo no Kimyou na Bouken Part 5: Ougon no Kaze,https://myanimelist.net/anime/37991/JoJo_no_Kimyou_na_Bouken_Part_5__Ougon_no_Kaze,TV,Fall,2018,"Hirose, Kouichi",https://myanimelist.net/character/24496/Kouichi_Hirose,24496,Supporting,1289
37305,K: Seven Stories Movie 4 - Lost Small World - Ori no Mukou ni,https://myanimelist.net/anime/37305/K__Seven_Stories_Movie_4_-_Lost_Small_World_-_Ori_no_Mukou_ni,Movie,,2018,"Totsuka, Tatara",https://myanimelist.net/character/64629/Tatara_Totsuka,64629,Supporting,245
38235,Inazuma Eleven: Orion no Kokuin,https://myanimelist.net/anime/38235/Inazuma_Eleven__Orion_no_Kokuin,TV,Fall,2018,"Fudou, Akio",https://myanimelist.net/character/32308/Akio_Fudou,32308,Supporting,117
38235,Inazuma Eleven: Orion no Kokuin,https://myanimelist.net/anime/38235/Inazuma_Eleven__Orion_no_Kokuin,TV,Fall,2018,"Kozoumaru, Sasuke",https://myanimelist.net/character/146199/Sasuke_Kozoumaru,146199,Supporting,1
35425,"Donten ni Warau Gaiden: Ouka, Tenbou no Kakehashi",https://myanimelist.net/anime/35425/Donten_ni_Warau_Gaiden__Ouka_Tenbou_no_Kakehashi,Movie,,2018,"Kumou, Soramaru",https://myanimelist.net/character/55339/Soramaru_Kumou,55339,Main,105
35946,Nanatsu no Taizai Movie 1: Tenkuu no Torawarebito,https://myanimelist.net/anime/35946/Nanatsu_no_Taizai_Movie_1__Tenkuu_no_Torawarebito,Movie,,2018,Meliodas,https://myanimelist.net/character/72921/Meliodas,72921,Main,9680
36896,Boku no Hero Academia the Movie 1: Futari no Hero,https://myanimelist.net/anime/36896/Boku_no_Hero_Academia_the_Movie_1__Futari_no_Hero,Movie,,2018,"Todoroki, Shouto",https://myanimelist.net/character/118489/Shouto_Todoroki,118489,Supporting,25421
35760,Shingeki no Kyojin Season 3,https://myanimelist.net/anime/35760/Shingeki_no_Kyojin_Season_3,TV,Summer,2018,"Yeager, Eren",https://myanimelist.net/character/40882/Eren_Yeager,40882,Main,72079
37601,Lord of Vermilion: Guren no Ou,https://myanimelist.net/anime/37601/Lord_of_Vermilion__Guren_no_Ou,TV,Summer,2018,"Kamina, Chihiro",https://myanimelist.net/character/164519/Chihiro_Kamina,164519,Main,3
37621,Karakai Jouzu no Takagi-san: Water Slide,https://myanimelist.net/anime/37621/Karakai_Jouzu_no_Takagi-san__Water_Slide,OVA,,2018,Nishikata,https://myanimelist.net/character/123698/Nishikata,123698,Main,968
37208,Mo Dao Zu Shi,https://myanimelist.net/anime/37208/Mo_Dao_Zu_Shi,ONA,,2018,"Jin, Ling",https://myanimelist.net/character/165396/Ling_Jin,165396,Supporting,124
33248,K: Seven Stories Movie 1 - R:B - Blaze,https://myanimelist.net/anime/33248/K__Seven_Stories_Movie_1_-_R_B_-_Blaze,Movie,,2018,"Totsuka, Tatara",https://myanimelist.net/character/64629/Tatara_Totsuka,64629,Supporting,245
37308,K: Seven Stories - The Idol K,https://myanimelist.net/anime/37308/K__Seven_Stories_-_The_Idol_K,Movie,,2018,"Totsuka, Tatara",https://myanimelist.net/character/64629/Tatara_Totsuka,64629,Supporting,245
33966,Yume Oukoku to Nemureru 100-nin no Oujisama,https://myanimelist.net/anime/33966/Yume_Oukoku_to_Nemureru_100-nin_no_Oujisama,TV,Summer,2018,Hearts,https://myanimelist.net/character/163867/Hearts,163867,Supporting,1
37571,Senjuushi,https://myanimelist.net/anime/37571/Senjuushi,TV,Summer,2018,Kentucky,https://myanimelist.net/character/162649/Kentucky,162649,Main,1
36517,Ninja Batman,https://myanimelist.net/anime/36517/Ninja_Batman,Movie,,2018,"Wayne, Damian",https://myanimelist.net/character/158808/Damian_Wayne,158808,Supporting,2
35424,"Donten ni Warau Gaiden: Shukumei, Soutou no Fuuma",https://myanimelist.net/anime/35424/Donten_ni_Warau_Gaiden__Shukumei_Soutou_no_Fuuma,Movie,,2018,"Kumou, Soramaru",https://myanimelist.net/character/55339/Soramaru_Kumou,55339,Supporting,105
33185,Peace Maker Kurogane Movie 1: Omou Michi,https://myanimelist.net/anime/33185/Peace_Maker_Kurogane_Movie_1__Omou_Michi,Movie,,2018,"Ichimura, Tetsunosuke",https://myanimelist.net/character/160/Tetsunosuke_Ichimura,160,Main,36
36816,Godzilla 2: Kessen Kidou Zoushoku Toshi,https://myanimelist.net/anime/36816/Godzilla_2__Kessen_Kidou_Zoushoku_Toshi,Movie,,2018,"Bindewald, Adam",https://myanimelist.net/character/149525/Adam_Bindewald,149525,Supporting,2
34281,High School DxD Hero,https://myanimelist.net/anime/34281/High_School_DxD_Hero,TV,Spring,2018,"Hyoudou, Issei",https://myanimelist.net/character/50387/Issei_Hyoudou,50387,Main,7792
35968,Wotaku ni Koi wa Muzukashii,https://myanimelist.net/anime/35968/Wotaku_ni_Koi_wa_Muzukashii,TV,Spring,2018,"Nifuji, Naoya",https://myanimelist.net/character/144779/Naoya_Nifuji,144779,Supporting,254
36884,Hisone to Maso-tan,https://myanimelist.net/anime/36884/Hisone_to_Maso-tan,TV,Spring,2018,"Okonogi, Haruto",https://myanimelist.net/character/160414/Haruto_Okonogi,160414,Supporting,11
37719,High School DxD Hero: Taiikukan-ura no Holy,https://myanimelist.net/anime/37719/High_School_DxD_Hero__Taiikukan-ura_no_Holy,TV Special,,2018,"Hyoudou, Issei",https://myanimelist.net/character/50387/Issei_Hyoudou,50387,Main,7792
36949,Shokugeki no Souma: San no Sara - Tootsuki Ressha-hen,https://myanimelist.net/anime/36949/Shokugeki_no_Souma__San_no_Sara_-_Tootsuki_Ressha-hen,TV,Spring,2018,"Kuga, Terunori",https://myanimelist.net/character/129051/Terunori_Kuga,129051,Supporting,197
37029,Hoozuki no Reitetsu 2nd Season: Sono Ni,https://myanimelist.net/anime/37029/Hoozuki_no_Reitetsu_2nd_Season__Sono_Ni,TV,Spring,2018,Minamoto no Yoshitsune,https://myanimelist.net/character/100099/Minamoto_no_Yoshitsune,100099,Supporting,1
33850,Nil Admirari no Tenbin,https://myanimelist.net/anime/33850/Nil_Admirari_no_Tenbin,TV,Spring,2018,"Ozaki, Hayato",https://myanimelist.net/character/157780/Hayato_Ozaki,157780,Main,22
36803,Servamp Movie: Alice in the Garden,https://myanimelist.net/anime/36803/Servamp_Movie__Alice_in_the_Garden,Movie,,2018,Kuro,https://myanimelist.net/character/84811/Kuro,84811,Main,1235
36456,Boku no Hero Academia 3rd Season,https://myanimelist.net/anime/36456/Boku_no_Hero_Academia_3rd_Season,TV,Spring,2018,"Todoroki, Shouto",https://myanimelist.net/character/118489/Shouto_Todoroki,118489,Supporting,25421
33733,Inazuma Eleven: Ares no Tenbin,https://myanimelist.net/anime/33733/Inazuma_Eleven__Ares_no_Tenbin,TV,Spring,2018,"Fudou, Akio",https://myanimelist.net/character/32308/Akio_Fudou,32308,Supporting,117
33733,Inazuma Eleven: Ares no Tenbin,https://myanimelist.net/anime/33733/Inazuma_Eleven__Ares_no_Tenbin,TV,Spring,2018,"Kozoumaru, Sasuke",https://myanimelist.net/character/146199/Sasuke_Kozoumaru,146199,Supporting,1
31433,Ginga Eiyuu Densetsu: Die Neue These - Kaikou,https://myanimelist.net/anime/31433/Ginga_Eiyuu_Densetsu__Die_Neue_These_-_Kaikou,TV,Spring,2018,"Minci, Julian",https://myanimelist.net/character/12779/Julian_Minci,12779,Supporting,143
36511,Tokyo Ghoul:re,https://myanimelist.net/anime/36511/Tokyo_Ghoul_re,TV,Spring,2018,"Kirishima, Ayato",https://myanimelist.net/character/105231/Ayato_Kirishima,105231,Supporting,1199
37292,Fei Ren Zai,https://myanimelist.net/anime/37292/Fei_Ren_Zai,ONA,,2018,Bai Ze,https://myanimelist.net/character/198083/Bai_Ze,198083,Supporting,1
32827,B: The Beginning,https://myanimelist.net/anime/32827/B__The_Beginning,ONA,,2018,Kokuu,https://myanimelist.net/character/156960/Kokuu,156960,Main,196
35851,Sayonara no Asa ni Yakusoku no Hana wo Kazarou,https://myanimelist.net/anime/35851/Sayonara_no_Asa_ni_Yakusoku_no_Hana_wo_Kazarou,Movie,,2018,Krim,https://myanimelist.net/character/157302/Krim,157302,Supporting,13
34612,Saiki Kusuo no Ψ-nan 2,https://myanimelist.net/anime/34612/Saiki_Kusuo_no_Ψ-nan_2,TV,Winter,2018,"Akechi, Touma",https://myanimelist.net/character/156261/Touma_Akechi,156261,Supporting,76
36702,Shingeki no Kyojin Season 2 Movie: Kakusei no Houkou,https://myanimelist.net/anime/36702/Shingeki_no_Kyojin_Season_2_Movie__Kakusei_no_Houkou,Movie,,2018,"Yeager, Eren",https://myanimelist.net/character/40882/Eren_Yeager,40882,Main,72079
34577,Nanatsu no Taizai: Imashime no Fukkatsu,https://myanimelist.net/anime/34577/Nanatsu_no_Taizai__Imashime_no_Fukkatsu,TV,Winter,2018,Meliodas,https://myanimelist.net/character/72921/Meliodas,72921,Main,9680
34577,Nanatsu no Taizai: Imashime no Fukkatsu,https://myanimelist.net/anime/34577/Nanatsu_no_Taizai__Imashime_no_Fukkatsu,TV,Winter,2018,Zeldris,https://myanimelist.net/character/124936/Zeldris,124936,Supporting,289
35889,Hakata Tonkotsu Ramens,https://myanimelist.net/anime/35889/Hakata_Tonkotsu_Ramens,TV,Winter,2018,"Lin, Xianming",https://myanimelist.net/character/153646/Xianming_Lin,153646,Main,217
35860,Karakai Jouzu no Takagi-san,https://myanimelist.net/anime/35860/Karakai_Jouzu_no_Takagi-san,TV,Winter,2018,Nishikata,https://myanimelist.net/character/123698/Nishikata,123698,Main,968
35860,Karakai Jouzu no Takagi-san,https://myanimelist.net/anime/35860/Karakai_Jouzu_no_Takagi-san,TV,Winter,2018,Ikeo,https://myanimelist.net/character/226738/Ikeo,226738,Supporting,0
35330,Poputepipikku,https://myanimelist.net/anime/35330/Poputepipikku,TV,Winter,2018,Pipimi,https://myanimelist.net/character/148257/Pipimi,148257,Main,340
36923,Nanatsu no Taizai: Imashime no Fukkatsu Joshou,https://myanimelist.net/anime/36923/Nanatsu_no_Taizai__Imashime_no_Fukkatsu_Joshou,Special,,2018,Meliodas,https://myanimelist.net/character/72921/Meliodas,72921,Main,9680
36124,Itou Junji: Collection,https://myanimelist.net/anime/36124/Itou_Junji__Collection,TV,Winter,2018,"Tsukano, Ryou",https://myanimelist.net/character/193501/Ryou_Tsukano,193501,Supporting,2
36106,Shingeki no Kyojin: Lost Girls,https://myanimelist.net/anime/36106/Shingeki_no_Kyojin__Lost_Girls,OVA,,2017,"Yeager, Eren",https://myanimelist.net/character/40882/Eren_Yeager,40882,Supporting,72079
35086,"Donten ni Warau Gaiden: Ketsubetsu, Yamainu no Chikai",https://myanimelist.net/anime/35086/Donten_ni_Warau_Gaiden__Ketsubetsu_Yamainu_no_Chikai,Movie,,2017,"Kumou, Soramaru",https://myanimelist.net/character/55339/Soramaru_Kumou,55339,Main,105
36220,Itsudatte Bokura no Koi wa 10 cm Datta.,https://myanimelist.net/anime/36220/Itsudatte_Bokura_no_Koi_wa_10_cm_Datta,TV,Fall,2017,"Mochizuki, Souta",https://myanimelist.net/character/124941/Souta_Mochizuki,124941,Supporting,87
33783,Godzilla 1: Kaijuu Wakusei,https://myanimelist.net/anime/33783/Godzilla_1__Kaijuu_Wakusei,Movie,,2017,"Bindewald, Adam",https://myanimelist.net/character/149525/Adam_Bindewald,149525,Supporting,2
33378,"Haikara-san ga Tooru Movie 1: Benio, Hana no 17-sai",https://myanimelist.net/anime/33378/Haikara-san_ga_Tooru_Movie_1__Benio_Hana_no_17-sai,Movie,,2017,"Fujieda, Ranmaru",https://myanimelist.net/character/152092/Ranmaru_Fujieda,152092,Supporting,5
37290,Ani x Para: Anata no Hero wa Dare desu ka,https://myanimelist.net/anime/37290/Ani_x_Para__Anata_no_Hero_wa_Dare_desu_ka,TV Special,,2017,Jun,https://myanimelist.net/character/220109/Jun,220109,Main,0
35075,Hoozuki no Reitetsu 2nd Season,https://myanimelist.net/anime/35075/Hoozuki_no_Reitetsu_2nd_Season,TV,Fall,2017,Minamoto no Yoshitsune,https://myanimelist.net/character/100099/Minamoto_no_Yoshitsune,100099,Supporting,1
35334,ClassicaLoid 2nd Season,https://myanimelist.net/anime/35334/ClassicaLoid_2nd_Season,TV,Fall,2017,Mozart,https://myanimelist.net/character/141766/Mozart,141766,Main,20
31456,Code:Realize - Sousei no Himegimi,https://myanimelist.net/anime/31456/Code_Realize_-_Sousei_no_Himegimi,TV,Fall,2017,Finis,https://myanimelist.net/character/147050/Finis,147050,Supporting,12
36144,Garo: Vanishing Line,https://myanimelist.net/anime/36144/Garo__Vanishing_Line,TV,Fall,2017,Ricardo,https://myanimelist.net/character/155580/Ricardo,155580,Supporting,2
35838,Shoujo Shuumatsu Ryokou,https://myanimelist.net/anime/35838/Shoujo_Shuumatsu_Ryokou,TV,Fall,2017,Automaton,https://myanimelist.net/character/156944/Automaton,156944,Supporting,50
35788,Shokugeki no Souma: San no Sara,https://myanimelist.net/anime/35788/Shokugeki_no_Souma__San_no_Sara,TV,Fall,2017,"Kuga, Terunori",https://myanimelist.net/character/129051/Terunori_Kuga,129051,Supporting,197
33478,UQ Holder! Mahou Sensei Negima! 2,https://myanimelist.net/anime/33478/UQ_Holder_Mahou_Sensei_Negima_2,TV,Fall,2017,"Makabe, Gengorou",https://myanimelist.net/character/94179/Gengorou_Makabe,94179,Supporting,1
33191,Kishibe Rohan wa Ugokanai,https://myanimelist.net/anime/33191/Kishibe_Rohan_wa_Ugokanai,OVA,,2017,"Hirose, Kouichi",https://myanimelist.net/character/24496/Kouichi_Hirose,24496,Supporting,1289
34604,UQ Holder! Mahou Sensei Negima! 2 OVA,https://myanimelist.net/anime/34604/UQ_Holder_Mahou_Sensei_Negima_2_OVA,OVA,,2017,"Makabe, Gengorou",https://myanimelist.net/character/94179/Gengorou_Makabe,94179,Supporting,1
33218,Kimi no Koe wo Todoketai,https://myanimelist.net/anime/33218/Kimi_no_Koe_wo_Todoketai,Movie,,2017,"Koyurugi, Taigo",https://myanimelist.net/character/152610/Taigo_Koyurugi,152610,Supporting,0
34498,"Uchiage Hanabi, Shita kara Miru ka? Yoko kara Miru ka?",https://myanimelist.net/anime/34498/Uchiage_Hanabi_Shita_kara_Miru_ka_Yoko_kara_Miru_ka,Movie,,2017,Minoru,https://myanimelist.net/character/152448/Minoru,152448,Supporting,2
35070,3-nen D-gumi Glass no Kamen: Tobidase! Watashitachi no Victory Road,https://myanimelist.net/anime/35070/3-nen_D-gumi_Glass_no_Kamen__Tobidase_Watashitachi_no_Victory_Road,Movie,,2017,"Sakurakouji, Yuu",https://myanimelist.net/character/17585/Yuu_Sakurakouji,17585,Supporting,4
34543,Dive!!,https://myanimelist.net/anime/34543/Dive,TV,Summer,2017,"Sakai, Tomoki",https://myanimelist.net/character/150447/Tomoki_Sakai,150447,Main,8
35434,Konbini Kareshi,https://myanimelist.net/anime/35434/Konbini_Kareshi,TV,Summer,2017,"Sanagi, Nasa",https://myanimelist.net/character/150896/Nasa_Sanagi,150896,Supporting,0
33726,Saiyuuki Reload Blast,https://myanimelist.net/anime/33726/Saiyuuki_Reload_Blast,TV,Summer,2017,Tamuro,https://myanimelist.net/character/152586/Tamuro,152586,Supporting,0
35770,Hungry Days: Aoharu ka yo.,https://myanimelist.net/anime/35770/Hungry_Days__Aoharu_ka_yo,CM,,2017,"Kopoli, Tombo",https://myanimelist.net/character/11282/Tombo_Kopoli,11282,Main,39
35459,Boku no Hero Academia: Training of the Dead,https://myanimelist.net/anime/35459/Boku_no_Hero_Academia__Training_of_the_Dead,OVA,,2017,"Todoroki, Shouto",https://myanimelist.net/character/118489/Shouto_Todoroki,118489,Supporting,25421
32086,Blame! Movie,https://myanimelist.net/anime/32086/Blame_Movie,Movie,,2017,Atsuji,https://myanimelist.net/character/148733/Atsuji,148733,Supporting,0
34866,Yu☆Gi☆Oh! VRAINS,https://myanimelist.net/anime/34866/Yu☆Gi☆Oh_VRAINS,TV,Spring,2017,"Homura, Takeru",https://myanimelist.net/character/162381/Takeru_Homura,162381,Main,31
34480,Shokugeki no Souma: Ni no Sara OVA,https://myanimelist.net/anime/34480/Shokugeki_no_Souma__Ni_no_Sara_OVA,OVA,,2017,"Kuga, Terunori",https://myanimelist.net/character/129051/Terunori_Kuga,129051,Supporting,197
35255,Soutai Sekai,https://myanimelist.net/anime/35255/Soutai_Sekai,ONA,,2017,"Hazama, Shin",https://myanimelist.net/character/150643/Shin_Hazama,150643,Main,4
35255,Soutai Sekai,https://myanimelist.net/anime/35255/Soutai_Sekai,ONA,,2017,"Hazama, Jin",https://myanimelist.net/character/152975/Jin_Hazama,152975,Main,6
35122,Shingeki no Kyotou,https://myanimelist.net/anime/35122/Shingeki_no_Kyotou,Movie,,2017,"Yeager, Eren",https://myanimelist.net/character/40882/Eren_Yeager,40882,Main,72079
34465,Ao no Exorcist: Kyoto Fujouou-hen OVA,https://myanimelist.net/anime/34465/Ao_no_Exorcist__Kyoto_Fujouou-hen_OVA,OVA,,2017,"Miwa, Konekomaru",https://myanimelist.net/character/38984/Konekomaru_Miwa,38984,Supporting,20
33929,Boku no Hero Academia: Sukue! Kyuujo Kunren!,https://myanimelist.net/anime/33929/Boku_no_Hero_Academia__Sukue_Kyuujo_Kunren,OVA,,2017,"Todoroki, Shouto",https://myanimelist.net/character/118489/Shouto_Todoroki,118489,Supporting,25421
25777,Shingeki no Kyojin Season 2,https://myanimelist.net/anime/25777/Shingeki_no_Kyojin_Season_2,TV,Spring,2017,"Yeager, Eren",https://myanimelist.net/character/40882/Eren_Yeager,40882,Main,72079
33486,Boku no Hero Academia 2nd Season,https://myanimelist.net/anime/33486/Boku_no_Hero_Academia_2nd_Season,TV,Spring,2017,"Todoroki, Shouto",https://myanimelist.net/character/118489/Shouto_Todoroki,118489,Main,25421
35262,Boku no Hero Academia: Hero Note,https://myanimelist.net/anime/35262/Boku_no_Hero_Academia__Hero_Note,TV Special,,2017,"Todoroki, Shouto",https://myanimelist.net/character/118489/Shouto_Todoroki,118489,Supporting,25421
33391,Red Ash: Gearworld,https://myanimelist.net/anime/33391/Red_Ash__Gearworld,Movie,,2017,Beck,https://myanimelist.net/character/161263/Beck,161263,Main,0
23279,Gyakusatsu Kikan,https://myanimelist.net/anime/23279/Gyakusatsu_Kikan,Movie,,2017,Alex,https://myanimelist.net/character/131811/Alex,131811,Supporting,1
31812,Kuroshitsuji Movie: Book of the Atlantic,https://myanimelist.net/anime/31812/Kuroshitsuji_Movie__Book_of_the_Atlantic,Movie,,2017,Finnian,https://myanimelist.net/character/14953/Finnian,14953,Supporting,488
31783,Yowamushi Pedal: New Generation,https://myanimelist.net/anime/31783/Yowamushi_Pedal__New_Generation,TV,Winter,2017,Koutarou,https://myanimelist.net/character/159182/Koutarou,159182,Supporting,1
33506,Ao no Exorcist: Kyoto Fujouou-hen,https://myanimelist.net/anime/33506/Ao_no_Exorcist__Kyoto_Fujouou-hen,TV,Winter,2017,"Miwa, Konekomaru",https://myanimelist.net/character/38984/Konekomaru_Miwa,38984,Supporting,20
33036,Suki ni Naru Sono Shunkan wo. Kokuhaku Jikkou Iinkai,https://myanimelist.net/anime/33036/Suki_ni_Naru_Sono_Shunkan_wo_Kokuhaku_Jikkou_Iinkai,Movie,,2016,"Mochizuki, Souta",https://myanimelist.net/character/124941/Souta_Mochizuki,124941,Supporting,87
32222,Youkai Watch Movie 3: Soratobu Kujira to Double Sekai no Daibouken da Nyan!,https://myanimelist.net/anime/32222/Youkai_Watch_Movie_3__Soratobu_Kujira_to_Double_Sekai_no_Daibouken_da_Nyan,Movie,,2016,Fuyunyan,https://myanimelist.net/character/133134/Fuyunyan,133134,Main,11
34325,Pokemon XY&Z Specials,https://myanimelist.net/anime/34325/Pokemon_XY_Z_Specials,Special,,2016,Citron,https://myanimelist.net/character/91977/Citron,91977,Main,85
33263,Kubikiri Cycle: Aoiro Savant to Zaregotozukai,https://myanimelist.net/anime/33263/Kubikiri_Cycle__Aoiro_Savant_to_Zaregotozukai,OVA,,2016,Boku,https://myanimelist.net/character/29593/Boku,29593,Main,790
32071,Gantz:O,https://myanimelist.net/anime/32071/Gantz_O,Movie,,2016,"Kurono, Kei",https://myanimelist.net/character/2867/Kei_Kurono,2867,Supporting,3259
32962,Occultic;Nine,https://myanimelist.net/anime/32962/Occultic_Nine,TV,Fall,2016,"Gamon, Yuuta",https://myanimelist.net/character/85823/Yuuta_Gamon,85823,Main,81
31157,ClassicaLoid,https://myanimelist.net/anime/31157/ClassicaLoid,TV,Fall,2016,Mozart,https://myanimelist.net/character/141766/Mozart,141766,Main,20
32412,Kigyou Senshi Arslan,https://myanimelist.net/anime/32412/Kigyou_Senshi_Arslan,Special,,2016,Silver Mask,https://myanimelist.net/character/17214/Silver_Mask,17214,Supporting,59
33975,3-nen D-gumi Glass no Kamen,https://myanimelist.net/anime/33975/3-nen_D-gumi_Glass_no_Kamen,TV,Fall,2016,"Sakurakouji, Yuu",https://myanimelist.net/character/17585/Yuu_Sakurakouji,17585,Supporting,4
36498,Arslan Senki (TV): Fuujin Ranbu - Arsen 4-koma Gekijou,https://myanimelist.net/anime/36498/Arslan_Senki_TV__Fuujin_Ranbu_-_Arsen_4-koma_Gekijou,Special,,2016,Silver Mask,https://myanimelist.net/character/17214/Silver_Mask,17214,Supporting,59
31722,Nanatsu no Taizai: Seisen no Shirushi,https://myanimelist.net/anime/31722/Nanatsu_no_Taizai__Seisen_no_Shirushi,TV,Summer,2016,Meliodas,https://myanimelist.net/character/72921/Meliodas,72921,Main,9680
34349,Diamond no Ace: Second Season OVA,https://myanimelist.net/anime/34349/Diamond_no_Ace__Second_Season_OVA,OVA,,2016,"Narumiya, Mei",https://myanimelist.net/character/99437/Mei_Narumiya,99437,Supporting,179
32915,Durarara!!x2 Ketsu: Dufufufu!!,https://myanimelist.net/anime/32915/Durararax2_Ketsu__Dufufufu,Special,,2016,"Yumasaki, Walker",https://myanimelist.net/character/27890/Walker_Yumasaki,27890,Supporting,220
33129,Joker Game: Kuroneko Yoru no Bouken,https://myanimelist.net/anime/33129/Joker_Game__Kuroneko_Yoru_no_Bouken,Special,,2016,Hatano,https://myanimelist.net/character/137447/Hatano,137447,Main,12
31763,Accel World: Infinite∞Burst,https://myanimelist.net/anime/31763/Accel_World__Infinite∞Burst,Movie,,2016,"Arita, Haruyuki",https://myanimelist.net/character/49637/Haruyuki_Arita,49637,Main,598
31231,Pokemon Movie 19: Volcanion to Karakuri no Magearna,https://myanimelist.net/anime/31231/Pokemon_Movie_19__Volcanion_to_Karakuri_no_Magearna,Movie,,2016,Citron,https://myanimelist.net/character/91977/Citron,91977,Main,85
33037,Tsukiuta. The Animation,https://myanimelist.net/anime/33037/Tsukiuta_The_Animation,TV,Summer,2016,"Shiwasu, Kakeru",https://myanimelist.net/character/139381/Kakeru_Shiwasu,139381,Main,14
31229,Servamp,https://myanimelist.net/anime/31229/Servamp,TV,Summer,2016,Kuro,https://myanimelist.net/character/84811/Kuro,84811,Main,1235
32664,Bananya,https://myanimelist.net/anime/32664/Bananya,TV,Summer,2016,Bananya,https://myanimelist.net/character/140521/Bananya,140521,Main,163
32664,Bananya,https://myanimelist.net/anime/32664/Bananya,TV,Summer,2016,Kuro Bananya,https://myanimelist.net/character/141494/Kuro_Bananya,141494,Supporting,45
32664,Bananya,https://myanimelist.net/anime/32664/Bananya,TV,Summer,2016,Kenaga Bananya,https://myanimelist.net/character/141495/Kenaga_Bananya,141495,Supporting,44
32664,Bananya,https://myanimelist.net/anime/32664/Bananya,TV,Summer,2016,Oyaji Bananya,https://myanimelist.net/character/141497/Oyaji_Bananya,141497,Supporting,18
32664,Bananya,https://myanimelist.net/anime/32664/Bananya,TV,Summer,2016,Mike Bananya,https://myanimelist.net/character/141499/Mike_Bananya,141499,Supporting,17
32664,Bananya,https://myanimelist.net/anime/32664/Bananya,TV,Summer,2016,Namaste Bananya,https://myanimelist.net/character/143458/Namaste_Bananya,143458,Supporting,12
31821,Arslan Senki (TV): Fuujin Ranbu,https://myanimelist.net/anime/31821/Arslan_Senki_TV__Fuujin_Ranbu,TV,Summer,2016,Silver Mask,https://myanimelist.net/character/17214/Silver_Mask,17214,Main,59
32379,Berserk,https://myanimelist.net/anime/32379/Berserk,TV,Summer,2016,Judeau,https://myanimelist.net/character/454/Judeau,454,Supporting,1583
32696,Fukigen na Mononokean,https://myanimelist.net/anime/32696/Fukigen_na_Mononokean,TV,Summer,2016,"Ashiya, Hanae",https://myanimelist.net/character/138742/Hanae_Ashiya,138742,Main,155
33415,Shiritsu Liyon Gakuen,https://myanimelist.net/anime/33415/Shiritsu_Liyon_Gakuen,ONA,,2016,"Sakuranomiya, Riyon",https://myanimelist.net/character/141614/Riyon_Sakuranomiya,141614,Main,0
33254,Arslan Senki (TV) Gaiden,https://myanimelist.net/anime/33254/Arslan_Senki_TV_Gaiden,OVA,,2016,Silver Mask,https://myanimelist.net/character/17214/Silver_Mask,17214,Supporting,59
30869,Ajin Part 2: Shoutotsu,https://myanimelist.net/anime/30869/Ajin_Part_2__Shoutotsu,Movie,,2016,"Nakamura, Shinya",https://myanimelist.net/character/139805/Shinya_Nakamura,139805,Supporting,10
32015,Ajin OVA,https://myanimelist.net/anime/32015/Ajin_OVA,OVA,,2016,"Nakamura, Shinya",https://myanimelist.net/character/139805/Shinya_Nakamura,139805,Main,10
31378,Owari no Seraph: Kyuuketsuki Shahar,https://myanimelist.net/anime/31378/Owari_no_Seraph__Kyuuketsuki_Shahar,OVA,,2016,Shahar,https://myanimelist.net/character/140651/Shahar,140651,Main,3
31245,Zutto Mae kara Suki deshita. Kokuhaku Jikkou Iinkai,https://myanimelist.net/anime/31245/Zutto_Mae_kara_Suki_deshita_Kokuhaku_Jikkou_Iinkai,Movie,,2016,"Mochizuki, Souta",https://myanimelist.net/character/124941/Souta_Mochizuki,124941,Main,87
31798,Kiznaiver,https://myanimelist.net/anime/31798/Kiznaiver,TV,Spring,2016,"Agata, Katsuhira",https://myanimelist.net/character/134205/Katsuhira_Agata,134205,Main,1062
28623,Koutetsujou no Kabaneri,https://myanimelist.net/anime/28623/Koutetsujou_no_Kabaneri,TV,Spring,2016,Takumi,https://myanimelist.net/character/136903/Takumi,136903,Supporting,10
31405,Joker Game,https://myanimelist.net/anime/31405/Joker_Game,TV,Spring,2016,Hatano,https://myanimelist.net/character/137447/Hatano,137447,Main,12
31964,Boku no Hero Academia,https://myanimelist.net/anime/31964/Boku_no_Hero_Academia,TV,Spring,2016,"Todoroki, Shouto",https://myanimelist.net/character/118489/Shouto_Todoroki,118489,Supporting,25421
31630,"Gyakuten Saiban: Sono ""Shinjitsu"", Igi Ari!",https://myanimelist.net/anime/31630/Gyakuten_Saiban__Sono_Shinjitsu_Igi_Ari,TV,Spring,2016,"Naruhodou, Ryuuichi",https://myanimelist.net/character/9879/Ryuuichi_Naruhodou,9879,Main,637
31933,JoJo no Kimyou na Bouken Part 4: Diamond wa Kudakenai,https://myanimelist.net/anime/31933/JoJo_no_Kimyou_na_Bouken_Part_4__Diamond_wa_Kudakenai,TV,Spring,2016,"Hirose, Kouichi",https://myanimelist.net/character/24496/Kouichi_Hirose,24496,Main,1289
31163,Dimension W,https://myanimelist.net/anime/31163/Dimension_W,TV,Winter,2016,"Seameyer, Haruka",https://myanimelist.net/character/130825/Haruka_Seameyer,130825,Supporting,1
27833,Durarara!!x2 Ketsu,https://myanimelist.net/anime/27833/Durararax2_Ketsu,TV,Winter,2016,"Yumasaki, Walker",https://myanimelist.net/character/27890/Walker_Yumasaki,27890,Supporting,220
31452,Norn9: Norn+Nonet,https://myanimelist.net/anime/31452/Norn9__Norn_Nonet,TV,Winter,2016,"Yuiga, Kakeru",https://myanimelist.net/character/129140/Kakeru_Yuiga,129140,Main,47
32553,Nisekoi: OVA,https://myanimelist.net/anime/32553/Nisekoi__OVA,OVA,,2016,"Maiko, Shuu",https://myanimelist.net/character/63489/Shuu_Maiko,63489,Supporting,668
32359,Pokemon XY&Z: Subete no Nazo wo Tokiakase!,https://myanimelist.net/anime/32359/Pokemon_XY_Z__Subete_no_Nazo_wo_Tokiakase,TV Special,,2015,Citron,https://myanimelist.net/character/91977/Citron,91977,Main,85
31772,One Punch Man Specials,https://myanimelist.net/anime/31772/One_Punch_Man_Specials,Special,,2015,Speed-o'-Sound Sonic,https://myanimelist.net/character/74167/Speed-o-Sound_Sonic,74167,Supporting,1527
28257,Youkai Watch Movie 2: Enma Daiou to Itsutsu no Monogatari da Nyan!,https://myanimelist.net/anime/28257/Youkai_Watch_Movie_2__Enma_Daiou_to_Itsutsu_no_Monogatari_da_Nyan,Movie,,2015,Fuyunyan,https://myanimelist.net/character/133134/Fuyunyan,133134,Main,11
32215,High School DxD BorN: Yomigaeranai Fushichou,https://myanimelist.net/anime/32215/High_School_DxD_BorN__Yomigaeranai_Fushichou,OVA,,2015,"Hyoudou, Issei",https://myanimelist.net/character/50387/Issei_Hyoudou,50387,Main,7792
30868,Ajin Part 1: Shoudou,https://myanimelist.net/anime/30868/Ajin_Part_1__Shoudou,Movie,,2015,"Nakamura, Shinya",https://myanimelist.net/character/139805/Shinya_Nakamura,139805,Supporting,10
30885,Noragami Aragoto OVA,https://myanimelist.net/anime/30885/Noragami_Aragoto_OVA,OVA,,2015,Yukine,https://myanimelist.net/character/84681/Yukine,84681,Main,4288
31592,Pokemon XY&Z,https://myanimelist.net/anime/31592/Pokemon_XY_Z,TV,Fall,2015,Citron,https://myanimelist.net/character/91977/Citron,91977,Main,85
30738,Gamba: Gamba to Nakama-tachi,https://myanimelist.net/anime/30738/Gamba__Gamba_to_Nakama-tachi,Movie,,2015,Gamba,https://myanimelist.net/character/170825/Gamba,170825,Main,2
31221,Tantei Team KZ Jiken Note,https://myanimelist.net/anime/31221/Tantei_Team_KZ_Jiken_Note,TV,Fall,2015,"Sunahara, Kakeru",https://myanimelist.net/character/135174/Kakeru_Sunahara,135174,Supporting,7
30276,One Punch Man,https://myanimelist.net/anime/30276/One_Punch_Man,TV,Fall,2015,Speed-o'-Sound Sonic,https://myanimelist.net/character/74167/Speed-o-Sound_Sonic,74167,Supporting,1527
31374,Shingeki! Kyojin Chuugakkou,https://myanimelist.net/anime/31374/Shingeki_Kyojin_Chuugakkou,TV,Fall,2015,"Yeager, Eren",https://myanimelist.net/character/40882/Eren_Yeager,40882,Main,72079
28891,Haikyuu!! Second Season,https://myanimelist.net/anime/28891/Haikyuu_Second_Season,TV,Fall,2015,"Kozume, Kenma",https://myanimelist.net/character/71267/Kenma_Kozume,71267,Supporting,11038
27991,K: Return of Kings,https://myanimelist.net/anime/27991/K__Return_of_Kings,TV,Fall,2015,"Totsuka, Tatara",https://myanimelist.net/character/64629/Tatara_Totsuka,64629,Supporting,245
30503,Noragami Aragoto,https://myanimelist.net/anime/30503/Noragami_Aragoto,TV,Fall,2015,Yukine,https://myanimelist.net/character/84681/Yukine,84681,Main,4288
30549,Soukyuu no Fafner: Dead Aggressor - Exodus Part 2,https://myanimelist.net/anime/30549/Soukyuu_no_Fafner__Dead_Aggressor_-_Exodus_Part_2,TV,Fall,2015,"Nishio, Akira",https://myanimelist.net/character/89735/Akira_Nishio,89735,Supporting,1
29974,"Diabolik Lovers More,Blood",https://myanimelist.net/anime/29974/Diabolik_Lovers_MoreBlood,TV,Fall,2015,"Sakamaki, Kanato",https://myanimelist.net/character/79543/Kanato_Sakamaki,79543,Main,645
31362,Osiris no Tenbin,https://myanimelist.net/anime/31362/Osiris_no_Tenbin,ONA,,2015,Assassin,https://myanimelist.net/character/135646/Assassin,135646,Main,1
31326,High School DxD BorN: Ishibumi Ichiei Kanzen Kanshuu! Mousou Bakuyou Kaijo Original Video,https://myanimelist.net/anime/31326/High_School_DxD_BorN__Ishibumi_Ichiei_Kanzen_Kanshuu_Mousou_Bakuyou_Kaijo_Original_Video,Special,,2015,"Hyoudou, Issei",https://myanimelist.net/character/50387/Issei_Hyoudou,50387,Main,7792
30953,Arslan Senki (TV): Arsen 4-koma Gekijou,https://myanimelist.net/anime/30953/Arslan_Senki_TV__Arsen_4-koma_Gekijou,Special,,2015,Silver Mask,https://myanimelist.net/character/17214/Silver_Mask,17214,Supporting,59
30191,Durarara!!x2 Shou: Watashi no Kokoro wa Nabe Moyou,https://myanimelist.net/anime/30191/Durararax2_Shou__Watashi_no_Kokoro_wa_Nabe_Moyou,Special,,2015,"Yumasaki, Walker",https://myanimelist.net/character/27890/Walker_Yumasaki,27890,Supporting,220
25805,Pokemon Movie 18: Ring no Choumajin Hoopa,https://myanimelist.net/anime/25805/Pokemon_Movie_18__Ring_no_Choumajin_Hoopa,Movie,,2015,Citron,https://myanimelist.net/character/91977/Citron,91977,Main,85
31128,Arslan Senki (TV): Tsuioku no Shou - Dakkan no Yaiba,https://myanimelist.net/anime/31128/Arslan_Senki_TV__Tsuioku_no_Shou_-_Dakkan_no_Yaiba,TV Special,,2015,Silver Mask,https://myanimelist.net/character/17214/Silver_Mask,17214,Main,59
27831,Durarara!!x2 Ten,https://myanimelist.net/anime/27831/Durararax2_Ten,TV,Summer,2015,"Yumasaki, Walker",https://myanimelist.net/character/27890/Walker_Yumasaki,27890,Supporting,220
29755,Haikyuu!! Movie 1: Owari to Hajimari,https://myanimelist.net/anime/29755/Haikyuu_Movie_1__Owari_to_Hajimari,Movie,,2015,"Kozume, Kenma",https://myanimelist.net/character/71267/Kenma_Kozume,71267,Supporting,11038
29854,Ushio to Tora (TV),https://myanimelist.net/anime/29854/Ushio_to_Tora_TV,TV,Summer,2015,Juurou,https://myanimelist.net/character/130136/Juurou,130136,Supporting,2
30381,Sousei no Aquarion Evol,https://myanimelist.net/anime/30381/Sousei_no_Aquarion_Evol,Special,,2015,"Sora, Amata",https://myanimelist.net/character/52777/Amata_Sora,52777,Supporting,51
23777,Shingeki no Kyojin Movie 2: Jiyuu no Tsubasa,https://myanimelist.net/anime/23777/Shingeki_no_Kyojin_Movie_2__Jiyuu_no_Tsubasa,Movie,,2015,"Yeager, Eren",https://myanimelist.net/character/40882/Eren_Yeager,40882,Main,72079
30347,Nanatsu no Taizai OVA,https://myanimelist.net/anime/30347/Nanatsu_no_Taizai_OVA,OVA,,2015,Meliodas,https://myanimelist.net/character/72921/Meliodas,72921,Main,9680
28069,Shigatsu wa Kimi no Uso: Moments,https://myanimelist.net/anime/28069/Shigatsu_wa_Kimi_no_Uso__Moments,OVA,,2015,"Aiza, Takeshi",https://myanimelist.net/character/85839/Takeshi_Aiza,85839,Main,99
27787,Nisekoi:,https://myanimelist.net/anime/27787/Nisekoi_,TV,Spring,2015,"Maiko, Shuu",https://myanimelist.net/character/63489/Shuu_Maiko,63489,Supporting,668
17919,Houkago no Pleiades (TV),https://myanimelist.net/anime/17919/Houkago_no_Pleiades_TV,TV,Spring,2015,Minato's Friend,https://myanimelist.net/character/130293/Minatos_Friend,130293,Supporting,0
30230,Diamond no Ace: Second Season,https://myanimelist.net/anime/30230/Diamond_no_Ace__Second_Season,TV,Spring,2015,"Narumiya, Mei",https://myanimelist.net/character/99437/Mei_Narumiya,99437,Supporting,179
28249,Arslan Senki (TV),https://myanimelist.net/anime/28249/Arslan_Senki_TV,TV,Spring,2015,Silver Mask,https://myanimelist.net/character/17214/Silver_Mask,17214,Main,59
24439,Kekkai Sensen,https://myanimelist.net/anime/24439/Kekkai_Sensen,TV,Spring,2015,Martin,https://myanimelist.net/character/128293/Martin,128293,Supporting,2
24703,High School DxD BorN,https://myanimelist.net/anime/24703/High_School_DxD_BorN,TV,Spring,2015,"Hyoudou, Issei",https://myanimelist.net/character/50387/Issei_Hyoudou,50387,Main,7792
30300,"High School DxD New: Oppai, Tsutsumimasu!",https://myanimelist.net/anime/30300/High_School_DxD_New__Oppai_Tsutsumimasu,OVA,,2015,"Hyoudou, Issei",https://myanimelist.net/character/50387/Issei_Hyoudou,50387,Main,7792
25303,Haikyuu!! Lev Genzan!,https://myanimelist.net/anime/25303/Haikyuu_Lev_Genzan,OVA,,2015,"Kozume, Kenma",https://myanimelist.net/character/71267/Kenma_Kozume,71267,Main,11038
27417,Diabolik Lovers OVA,https://myanimelist.net/anime/27417/Diabolik_Lovers_OVA,OVA,,2015,"Sakamaki, Kanato",https://myanimelist.net/character/79543/Kanato_Sakamaki,79543,Main,645
24471,Hoozuki no Reitetsu OVA,https://myanimelist.net/anime/24471/Hoozuki_no_Reitetsu_OVA,OVA,,2015,Minamoto no Yoshitsune,https://myanimelist.net/character/100099/Minamoto_no_Yoshitsune,100099,Supporting,1
32034,Soukyuu no Fafner: Dead Aggressor - Exodus Special,https://myanimelist.net/anime/32034/Soukyuu_no_Fafner__Dead_Aggressor_-_Exodus_Special,Special,,2015,"Nishio, Akira",https://myanimelist.net/character/89735/Akira_Nishio,89735,Supporting,1
23317,Kuroshitsuji: Book of Murder,https://myanimelist.net/anime/23317/Kuroshitsuji__Book_of_Murder,OVA,,2015,Finnian,https://myanimelist.net/character/14953/Finnian,14953,Supporting,488
23199,Durarara!!x2 Shou,https://myanimelist.net/anime/23199/Durararax2_Shou,TV,Winter,2015,"Yumasaki, Walker",https://myanimelist.net/character/27890/Walker_Yumasaki,27890,Supporting,220
17080,Soukyuu no Fafner: Dead Aggressor - Exodus,https://myanimelist.net/anime/17080/Soukyuu_no_Fafner__Dead_Aggressor_-_Exodus,TV,Winter,2015,"Nishio, Akira",https://myanimelist.net/character/89735/Akira_Nishio,89735,Supporting,1
27899,Tokyo Ghoul √A,https://myanimelist.net/anime/27899/Tokyo_Ghoul_√A,TV,Winter,2015,"Kirishima, Ayato",https://myanimelist.net/character/105231/Ayato_Kirishima,105231,Supporting,1199
25999,Minna Atsumare! Falcom Gakuen SC,https://myanimelist.net/anime/25999/Minna_Atsumare_Falcom_Gakuen_SC,TV,Winter,2015,"Christin, Adol",https://myanimelist.net/character/5752/Adol_Christin,5752,Main,85
29419,Pokemon XY: New Year's Eve 2014 Super Mega Special,https://myanimelist.net/anime/29419/Pokemon_XY__New_Years_Eve_2014_Super_Mega_Special,TV Special,,2014,Citron,https://myanimelist.net/character/91977/Citron,91977,Main,85
24591,Youkai Watch Movie 1: Tanjou no Himitsu da Nyan!,https://myanimelist.net/anime/24591/Youkai_Watch_Movie_1__Tanjou_no_Himitsu_da_Nyan,Movie,,2014,Fuyunyan,https://myanimelist.net/character/133134/Fuyunyan,133134,Main,11
25437,Brothers Conflict OVA,https://myanimelist.net/anime/25437/Brothers_Conflict_OVA,OVA,,2014,"Asahina, Wataru",https://myanimelist.net/character/70473/Wataru_Asahina,70473,Main,16
23775,Shingeki no Kyojin Movie 1: Guren no Yumiya,https://myanimelist.net/anime/23775/Shingeki_no_Kyojin_Movie_1__Guren_no_Yumiya,Movie,,2014,"Yeager, Eren",https://myanimelist.net/character/40882/Eren_Yeager,40882,Main,72079
16381,Santa Company,https://myanimelist.net/anime/16381/Santa_Company,Movie,,2014,"Crystal, Bell",https://myanimelist.net/character/75050/Bell_Crystal,75050,Main,0
25833,Zephyr,https://myanimelist.net/anime/25833/Zephyr,Special,,2014,Meisa,https://myanimelist.net/character/111837/Meisa,111837,Main,0
23273,Shigatsu wa Kimi no Uso,https://myanimelist.net/anime/23273/Shigatsu_wa_Kimi_no_Uso,TV,Fall,2014,"Aiza, Takeshi",https://myanimelist.net/character/85839/Takeshi_Aiza,85839,Supporting,99
23755,Nanatsu no Taizai,https://myanimelist.net/anime/23755/Nanatsu_no_Taizai,TV,Fall,2014,Meliodas,https://myanimelist.net/character/72921/Meliodas,72921,Main,9680
24405,World Trigger,https://myanimelist.net/anime/24405/World_Trigger,TV,Fall,2014,"Mikumo, Osamu",https://myanimelist.net/character/81237/Osamu_Mikumo,81237,Main,316
21743,Donten ni Warau,https://myanimelist.net/anime/21743/Donten_ni_Warau,TV,Fall,2014,"Kumou, Soramaru",https://myanimelist.net/character/55339/Soramaru_Kumou,55339,Main,105
24227,Nisekoi OVA,https://myanimelist.net/anime/24227/Nisekoi_OVA,OVA,,2014,"Maiko, Shuu",https://myanimelist.net/character/63489/Shuu_Maiko,63489,Supporting,668
24469,Buddy Complex: Kanketsu-hen - Ano Sora ni Kaeru Mirai de,https://myanimelist.net/anime/24469/Buddy_Complex__Kanketsu-hen_-_Ano_Sora_ni_Kaeru_Mirai_de,TV Special,,2014,"Vantarhei, Fromm ",https://myanimelist.net/character/101265/Fromm__Vantarhei,101265,Supporting,2
31675,Haikyuu!! Quest Picture Drama,https://myanimelist.net/anime/31675/Haikyuu_Quest_Picture_Drama,OVA,,2014,"Kozume, Kenma",https://myanimelist.net/character/71267/Kenma_Kozume,71267,Main,11038
24151,Ao Haru Ride OVA,https://myanimelist.net/anime/24151/Ao_Haru_Ride_OVA,OVA,,2014,"Mabuchi, Kou",https://myanimelist.net/character/41026/Kou_Mabuchi,41026,Main,5175
21569,Pokemon Movie 17: Hakai no Mayu to Diancie,https://myanimelist.net/anime/21569/Pokemon_Movie_17__Hakai_no_Mayu_to_Diancie,Movie,,2014,Citron,https://myanimelist.net/character/91977/Citron,91977,Main,85
21571,"Pokemon: Pikachu, Kore Nan no Kagi?",https://myanimelist.net/anime/21571/Pokemon__Pikachu_Kore_Nan_no_Kagi,Movie,,2014,Citron,https://myanimelist.net/character/91977/Citron,91977,Supporting,85
16904,K: Missing Kings,https://myanimelist.net/anime/16904/K__Missing_Kings,Movie,,2014,"Totsuka, Tatara",https://myanimelist.net/character/64629/Tatara_Totsuka,64629,Supporting,245
23849,Pokemon XY: Sora no Hahen,https://myanimelist.net/anime/23849/Pokemon_XY__Sora_no_Hahen,Movie,,2014,Citron,https://myanimelist.net/character/91977/Citron,91977,Main,85
24135,Nobunaga Concerto,https://myanimelist.net/anime/24135/Nobunaga_Concerto,TV,Summer,2014,"Oda, Nobunaga",https://myanimelist.net/character/106297/Nobunaga_Oda,106297,Main,3
22145,Kuroshitsuji: Book of Circus,https://myanimelist.net/anime/22145/Kuroshitsuji__Book_of_Circus,TV,Summer,2014,Finnian,https://myanimelist.net/character/14953/Finnian,14953,Supporting,488
21995,Ao Haru Ride,https://myanimelist.net/anime/21995/Ao_Haru_Ride,TV,Summer,2014,"Mabuchi, Kou",https://myanimelist.net/character/41026/Kou_Mabuchi,41026,Main,5175
22789,Barakamon,https://myanimelist.net/anime/22789/Barakamon,TV,Summer,2014,"Kanzaki, Kousuke",https://myanimelist.net/character/104937/Kousuke_Kanzaki,104937,Supporting,4
22319,Tokyo Ghoul,https://myanimelist.net/anime/22319/Tokyo_Ghoul,TV,Summer,2014,"Kirishima, Ayato",https://myanimelist.net/character/105231/Ayato_Kirishima,105231,Supporting,1199
25045,Mijikamon,https://myanimelist.net/anime/25045/Mijikamon,ONA,,2014,"Kanzaki, Kousuke",https://myanimelist.net/character/104937/Kousuke_Kanzaki,104937,Supporting,4
25049,Sushi Ninja,https://myanimelist.net/anime/25049/Sushi_Ninja,ONA,,2014,Ikura,https://myanimelist.net/character/109523/Ikura,109523,Main,0
24719,Shinrabanshou: Tenchi Shinmei no Shou,https://myanimelist.net/anime/24719/Shinrabanshou__Tenchi_Shinmei_no_Shou,ONA,,2014,Apollo,https://myanimelist.net/character/108443/Apollo,108443,Supporting,0
20787,Black Bullet,https://myanimelist.net/anime/20787/Black_Bullet,TV,Spring,2014,"Satomi, Rentarou",https://myanimelist.net/character/74619/Rentarou_Satomi,74619,Main,854
20583,Haikyuu!!,https://myanimelist.net/anime/20583/Haikyuu,TV,Spring,2014,"Kozume, Kenma",https://myanimelist.net/character/71267/Kenma_Kozume,71267,Supporting,11038
21563,Kamigami no Asobi,https://myanimelist.net/anime/21563/Kamigami_no_Asobi,TV,Spring,2014,"Ma'at, Anubis",https://myanimelist.net/character/96793/Anubis_Maat,96793,Supporting,24
22043,Fairy Tail (2014),https://myanimelist.net/anime/22043/Fairy_Tail_2014,TV,Spring,2014,"Vastia, Lyon",https://myanimelist.net/character/23843/Lyon_Vastia,23843,Supporting,76
20767,Noragami OVA,https://myanimelist.net/anime/20767/Noragami_OVA,OVA,,2014,Yukine,https://myanimelist.net/character/84681/Yukine,84681,Main,4288
18897,Nisekoi,https://myanimelist.net/anime/18897/Nisekoi,TV,Winter,2014,"Maiko, Shuu",https://myanimelist.net/character/63489/Shuu_Maiko,63489,Supporting,668
20431,Hoozuki no Reitetsu,https://myanimelist.net/anime/20431/Hoozuki_no_Reitetsu,TV,Winter,2014,Minamoto no Yoshitsune,https://myanimelist.net/character/100099/Minamoto_no_Yoshitsune,100099,Supporting,1
21177,Nobunaga the Fool,https://myanimelist.net/anime/21177/Nobunaga_the_Fool,TV,Winter,2014,"Toyotomi, Hideyoshi",https://myanimelist.net/character/94697/Hideyoshi_Toyotomi,94697,Supporting,2
21437,Buddy Complex,https://myanimelist.net/anime/21437/Buddy_Complex,TV,Winter,2014,"Vantarhei, Fromm ",https://myanimelist.net/character/101265/Fromm__Vantarhei,101265,Supporting,2
21427,Minna Atsumare! Falcom Gakuen,https://myanimelist.net/anime/21427/Minna_Atsumare_Falcom_Gakuen,TV,Winter,2014,"Christin, Adol",https://myanimelist.net/character/5752/Adol_Christin,5752,Main,85
20507,Noragami,https://myanimelist.net/anime/20507/Noragami,TV,Winter,2014,Yukine,https://myanimelist.net/character/84681/Yukine,84681,Main,4288
20057,Space☆Dandy,https://myanimelist.net/anime/20057/Space☆Dandy,TV,Winter,2014,Prince,https://myanimelist.net/character/101167/Prince,101167,Supporting,6
21703,Pokemon XY: New Year Special,https://myanimelist.net/anime/21703/Pokemon_XY__New_Year_Special,TV Special,,2013,Citron,https://myanimelist.net/character/91977/Citron,91977,Main,85
20987,Yoza-Quar!,https://myanimelist.net/anime/20987/Yoza-Quar,Special,,2013,"Hiizumi, Akina",https://myanimelist.net/character/14942/Akina_Hiizumi,14942,Main,46
18397,Shingeki no Kyojin OVA,https://myanimelist.net/anime/18397/Shingeki_no_Kyojin_OVA,OVA,,2013,"Yeager, Eren",https://myanimelist.net/character/40882/Eren_Yeager,40882,Main,72079
20919,Diabolik Lovers Recap,https://myanimelist.net/anime/20919/Diabolik_Lovers_Recap,TV Special,,2013,"Sakamaki, Kanato",https://myanimelist.net/character/79543/Kanato_Sakamaki,79543,Main,645
19291,Pokemon XY,https://myanimelist.net/anime/19291/Pokemon_XY,TV,Fall,2013,Citron,https://myanimelist.net/character/91977/Citron,91977,Main,85
19291,Pokemon XY,https://myanimelist.net/anime/19291/Pokemon_XY,TV,Fall,2013,Mirror World Citron,https://myanimelist.net/character/254931/Mirror_World_Citron,254931,Supporting,0
19367,Galilei Donna,https://myanimelist.net/anime/19367/Galilei_Donna,TV,Fall,2013,"Galilei, Galileo ",https://myanimelist.net/character/96299/Galileo__Galilei,96299,Supporting,0
18295,Kakumeiki Valvrave 2nd Season,https://myanimelist.net/anime/18295/Kakumeiki_Valvrave_2nd_Season,TV,Fall,2013,Q-vier,https://myanimelist.net/character/80355/Q-vier,80355,Supporting,10
21695,Pokemon XY SP: Road to Kalos,https://myanimelist.net/anime/21695/Pokemon_XY_SP__Road_to_Kalos,TV Special,,2013,Citron,https://myanimelist.net/character/91977/Citron,91977,Main,85
18499,Yozakura Quartet: Tsuki ni Naku,https://myanimelist.net/anime/18499/Yozakura_Quartet__Tsuki_ni_Naku,OVA,,2013,"Hiizumi, Akina",https://myanimelist.net/character/14942/Akina_Hiizumi,14942,Supporting,46
17247,Machine-Doll wa Kizutsukanai,https://myanimelist.net/anime/17247/Machine-Doll_wa_Kizutsukanai,TV,Fall,2013,"Kingsfort, Felix",https://myanimelist.net/character/52313/Felix_Kingsfort,52313,Supporting,1
18497,Yozakura Quartet: Hana no Uta,https://myanimelist.net/anime/18497/Yozakura_Quartet__Hana_no_Uta,TV,Fall,2013,"Hiizumi, Akina",https://myanimelist.net/character/14942/Akina_Hiizumi,14942,Main,46
18115,Magi: The Kingdom of Magic,https://myanimelist.net/anime/18115/Magi__The_Kingdom_of_Magic,TV,Fall,2013,"Saluja, Alibaba",https://myanimelist.net/character/42501/Alibaba_Saluja,42501,Main,2946
18245,White Album 2,https://myanimelist.net/anime/18245/White_Album_2,TV,Fall,2013,"Ogiso, Takahiro",https://myanimelist.net/character/93045/Takahiro_Ogiso,93045,Supporting,3
18689,Diamond no Ace,https://myanimelist.net/anime/18689/Diamond_no_Ace,TV,Fall,2013,"Narumiya, Mei",https://myanimelist.net/character/99437/Mei_Narumiya,99437,Supporting,179
18277,Strike the Blood,https://myanimelist.net/anime/18277/Strike_the_Blood,TV,Fall,2013,"Amatsuka, Kou",https://myanimelist.net/character/102243/Kou_Amatsuka,102243,Supporting,3
21077,Kakumeiki Valvrave Recaps,https://myanimelist.net/anime/21077/Kakumeiki_Valvrave_Recaps,ONA,,2013,Q-vier,https://myanimelist.net/character/80355/Q-vier,80355,Supporting,10
17513,Diabolik Lovers,https://myanimelist.net/anime/17513/Diabolik_Lovers,TV,Fall,2013,"Sakamaki, Kanato",https://myanimelist.net/character/79543/Kanato_Sakamaki,79543,Main,645
20155,Ro-Kyu-Bu! SS Recap,https://myanimelist.net/anime/20155/Ro-Kyu-Bu_SS_Recap,TV Special,,2013,"Hasegawa, Subaru",https://myanimelist.net/character/42220/Subaru_Hasegawa,42220,Main,7
17655,Kidou Senshi Gundam AGE: Memory of Eden,https://myanimelist.net/anime/17655/Kidou_Senshi_Gundam_AGE__Memory_of_Eden,OVA,,2013,"Boyd, Macil",https://myanimelist.net/character/55999/Macil_Boyd,55999,Supporting,0
19391,Shingeki no Kyojin Picture Drama,https://myanimelist.net/anime/19391/Shingeki_no_Kyojin_Picture_Drama,Special,,2013,"Yeager, Eren",https://myanimelist.net/character/40882/Eren_Yeager,40882,Main,72079
19099,Pokemon: Mewtwo - Kakusei e no Prologue,https://myanimelist.net/anime/19099/Pokemon__Mewtwo_-_Kakusei_e_no_Prologue,TV Special,,2013,Virgil,https://myanimelist.net/character/74013/Virgil,74013,Main,3
11633,Blood Lad,https://myanimelist.net/anime/11633/Blood_Lad,TV,Summer,2013,"Hydra, Knell",https://myanimelist.net/character/52329/Knell_Hydra,52329,Supporting,2
19285,Shingeki no Kyojin: Ano Hi Kara,https://myanimelist.net/anime/19285/Shingeki_no_Kyojin__Ano_Hi_Kara,TV Special,,2013,"Yeager, Eren",https://myanimelist.net/character/40882/Eren_Yeager,40882,Main,72079
15451,High School DxD New,https://myanimelist.net/anime/15451/High_School_DxD_New,TV,Summer,2013,"Hyoudou, Issei",https://myanimelist.net/character/50387/Issei_Hyoudou,50387,Main,7792
16051,Ro-Kyu-Bu! SS,https://myanimelist.net/anime/16051/Ro-Kyu-Bu_SS,TV,Summer,2013,"Hasegawa, Subaru",https://myanimelist.net/character/42220/Subaru_Hasegawa,42220,Main,7
15605,Brothers Conflict,https://myanimelist.net/anime/15605/Brothers_Conflict,TV,Summer,2013,"Asahina, Wataru",https://myanimelist.net/character/70473/Wataru_Asahina,70473,Main,16
21541,Hentai Ouji to Warawanai Neko.: Henneko BBS,https://myanimelist.net/anime/21541/Hentai_Ouji_to_Warawanai_Neko__Henneko_BBS,Special,,2013,"Yokodera, Youto",https://myanimelist.net/character/42470/Youto_Yokodera,42470,Main,162
15807,Ro-Kyu-Bu!: Tomoka no Ichigo Sundae,https://myanimelist.net/anime/15807/Ro-Kyu-Bu__Tomoka_no_Ichigo_Sundae,OVA,,2013,"Hasegawa, Subaru",https://myanimelist.net/character/42220/Subaru_Hasegawa,42220,Main,7
18097,Inazuma Eleven Go: Galaxy,https://myanimelist.net/anime/18097/Inazuma_Eleven_Go__Galaxy,TV,Spring,2013,"Fudou, Akio",https://myanimelist.net/character/32308/Akio_Fudou,32308,Supporting,117
18097,Inazuma Eleven Go: Galaxy,https://myanimelist.net/anime/18097/Inazuma_Eleven_Go__Galaxy,TV,Spring,2013,"Minamisawa, Atsushi",https://myanimelist.net/character/42907/Atsushi_Minamisawa,42907,Supporting,7
15225,Hentai Ouji to Warawanai Neko.,https://myanimelist.net/anime/15225/Hentai_Ouji_to_Warawanai_Neko,TV,Spring,2013,"Yokodera, Youto",https://myanimelist.net/character/42470/Youto_Yokodera,42470,Main,162
16668,Kakumeiki Valvrave,https://myanimelist.net/anime/16668/Kakumeiki_Valvrave,TV,Spring,2013,Q-vier,https://myanimelist.net/character/80355/Q-vier,80355,Supporting,10
16498,Shingeki no Kyojin,https://myanimelist.net/anime/16498/Shingeki_no_Kyojin,TV,Spring,2013,"Yeager, Eren",https://myanimelist.net/character/40882/Eren_Yeager,40882,Main,72079
14175,Hanasaku Iroha Movie: Home Sweet Home,https://myanimelist.net/anime/14175/Hanasaku_Iroha_Movie__Home_Sweet_Home,Movie,,2013,"Tanemura, Kouichi",https://myanimelist.net/character/39195/Kouichi_Tanemura,39195,Supporting,12
17743,"Maoyuu Maou Yuusha: Kono Monogatari wa, Niku dake de wa Nai no ja!",https://myanimelist.net/anime/17743/Maoyuu_Maou_Yuusha__Kono_Monogatari_wa_Niku_dake_de_wa_Nai_no_ja,TV Special,,2013,Kizoku Shitei,https://myanimelist.net/character/77093/Kizoku_Shitei,77093,Supporting,0
12115,Berserk: Ougon Jidai-hen III - Kourin,https://myanimelist.net/anime/12115/Berserk__Ougon_Jidai-hen_III_-_Kourin,Movie,,2013,Judeau,https://myanimelist.net/character/454/Judeau,454,Supporting,1583
14833,Maoyuu Maou Yuusha,https://myanimelist.net/anime/14833/Maoyuu_Maou_Yuusha,TV,Winter,2013,Kizoku Shitei,https://myanimelist.net/character/77093/Kizoku_Shitei,77093,Supporting,0
11737,Ao no Exorcist Movie,https://myanimelist.net/anime/11737/Ao_no_Exorcist_Movie,Movie,,2012,"Miwa, Konekomaru",https://myanimelist.net/character/38984/Konekomaru_Miwa,38984,Supporting,20
15785,Inazuma Eleven Go vs. Danball Senki W Movie,https://myanimelist.net/anime/15785/Inazuma_Eleven_Go_vs_Danball_Senki_W_Movie,Movie,,2012,"Fudou, Akio",https://myanimelist.net/character/32308/Akio_Fudou,32308,Supporting,117
15439,"Kono Danshi, Ningyo Hiroimashita.",https://myanimelist.net/anime/15439/Kono_Danshi_Ningyo_Hiroimashita,OVA,,2012,"Kawauchi, Shima",https://myanimelist.net/character/68957/Shima_Kawauchi,68957,Main,6
13693,Ippatsu Hicchuu!! Devander,https://myanimelist.net/anime/13693/Ippatsu_Hicchuu_Devander,OVA,,2012,"Harukaze, Kazuma",https://myanimelist.net/character/92449/Kazuma_Harukaze,92449,Main,1
14765,Ixion Saga DT,https://myanimelist.net/anime/14765/Ixion_Saga_DT,TV,Fall,2012,Variation,https://myanimelist.net/character/65973/Variation,65973,Supporting,1
14289,Suki tte Ii na yo.,https://myanimelist.net/anime/14289/Suki_tte_Ii_na_yo,TV,Fall,2012,"Hayakawa, Kakeru",https://myanimelist.net/character/29098/Kakeru_Hayakawa,29098,Supporting,1
14513,Magi: The Labyrinth of Magic,https://myanimelist.net/anime/14513/Magi__The_Labyrinth_of_Magic,TV,Fall,2012,"Saluja, Alibaba",https://myanimelist.net/character/42501/Alibaba_Saluja,42501,Main,2946
12365,Bakuman. 3rd Season,https://myanimelist.net/anime/12365/Bakuman_3rd_Season,TV,Fall,2012,"Kosugi, Tatsurou",https://myanimelist.net/character/40127/Tatsurou_Kosugi,40127,Supporting,4
14467,K,https://myanimelist.net/anime/14467/K,TV,Fall,2012,"Totsuka, Tatara",https://myanimelist.net/character/64629/Tatara_Totsuka,64629,Supporting,245
14075,Zetsuen no Tempest,https://myanimelist.net/anime/14075/Zetsuen_no_Tempest,TV,Fall,2012,"Hanemura, Megumu",https://myanimelist.net/character/72471/Megumu_Hanemura,72471,Supporting,8
13125,Shinsekai yori,https://myanimelist.net/anime/13125/Shinsekai_yori,TV,Fall,2012,"Asahina, Satoru",https://myanimelist.net/character/57571/Satoru_Asahina,57571,Main,306
15127,Sakura Taisen: Kanadegumi,https://myanimelist.net/anime/15127/Sakura_Taisen__Kanadegumi,Music,,2012,"Touhou, Genzaburou",https://myanimelist.net/character/68097/Genzaburou_Touhou,68097,Main,0
13939,Accel World EX,https://myanimelist.net/anime/13939/Accel_World_EX,OVA,,2012,"Arita, Haruyuki",https://myanimelist.net/character/49637/Haruyuki_Arita,49637,Main,598
12729,High School DxD OVA,https://myanimelist.net/anime/12729/High_School_DxD_OVA,OVA,,2012,"Hyoudou, Issei",https://myanimelist.net/character/50387/Issei_Hyoudou,50387,Main,7792
13093,Nazo no Kanojo X: Nazo no Natsu Matsuri,https://myanimelist.net/anime/13093/Nazo_no_Kanojo_X__Nazo_no_Natsu_Matsuri,OVA,,2012,"Ueno, Kouhei",https://myanimelist.net/character/23766/Kouhei_Ueno,23766,Supporting,21
13859,Accel World: Acchel World.,https://myanimelist.net/anime/13859/Accel_World__Acchel_World,Special,,2012,"Arita, Haruyuki",https://myanimelist.net/character/49637/Haruyuki_Arita,49637,Main,598
13349,Chouyaku Hyakuninisshu: Uta Koi.,https://myanimelist.net/anime/13349/Chouyaku_Hyakuninisshu__Uta_Koi,TV,Summer,2012,"Fujiwara no, Teika",https://myanimelist.net/character/64635/Teika_Fujiwara_no,64635,Main,2
12113,Berserk: Ougon Jidai-hen II - Doldrey Kouryaku,https://myanimelist.net/anime/12113/Berserk__Ougon_Jidai-hen_II_-_Doldrey_Kouryaku,Movie,,2012,Judeau,https://myanimelist.net/character/454/Judeau,454,Supporting,1583
14093,Pokemon Best Wishes! Season 2,https://myanimelist.net/anime/14093/Pokemon_Best_Wishes_Season_2,TV,Summer,2012,Virgil,https://myanimelist.net/character/74013/Virgil,74013,Supporting,3
10681,Blood-C: The Last Dark,https://myanimelist.net/anime/10681/Blood-C__The_Last_Dark,Movie,,2012,"Fujimura, Shun",https://myanimelist.net/character/58409/Shun_Fujimura,58409,Supporting,2
12505,C³: Rinkan Gakkou Confusion!,https://myanimelist.net/anime/12505/C³__Rinkan_Gakkou_Confusion,Special,,2012,"Yachi, Haruaki",https://myanimelist.net/character/42074/Haruaki_Yachi,42074,Main,13
13261,Inazuma Eleven Go: Chrono Stone,https://myanimelist.net/anime/13261/Inazuma_Eleven_Go__Chrono_Stone,TV,Spring,2012,"Okita, Souji",https://myanimelist.net/character/99507/Souji_Okita,99507,Supporting,2
12467,Nazo no Kanojo X,https://myanimelist.net/anime/12467/Nazo_no_Kanojo_X,TV,Spring,2012,"Ueno, Kouhei",https://myanimelist.net/character/23766/Kouhei_Ueno,23766,Supporting,21
11759,Accel World,https://myanimelist.net/anime/11759/Accel_World,TV,Spring,2012,"Arita, Haruyuki",https://myanimelist.net/character/49637/Haruyuki_Arita,49637,Main,598
13203,Lupin the Third: Mine Fujiko to Iu Onna,https://myanimelist.net/anime/13203/Lupin_the_Third__Mine_Fujiko_to_Iu_Onna,TV,Spring,2012,Oscar,https://myanimelist.net/character/60395/Oscar,60395,Main,11
11739,Kimi to Boku. 2,https://myanimelist.net/anime/11739/Kimi_to_Boku_2,TV,Spring,2012,Akira,https://myanimelist.net/character/40444/Akira,40444,Supporting,9
13357,High School DxD Specials,https://myanimelist.net/anime/13357/High_School_DxD_Specials,Special,,2012,"Hyoudou, Issei",https://myanimelist.net/character/50387/Issei_Hyoudou,50387,Main,7792
10218,Berserk: Ougon Jidai-hen I - Haou no Tamago,https://myanimelist.net/anime/10218/Berserk__Ougon_Jidai-hen_I_-_Haou_no_Tamago,Movie,,2012,Judeau,https://myanimelist.net/character/454/Judeau,454,Supporting,1583
13561,Guilty Crown: 4-koma Gekijou,https://myanimelist.net/anime/13561/Guilty_Crown__4-koma_Gekijou,Special,,2012,"Ouma, Shuu",https://myanimelist.net/character/43278/Shuu_Ouma,43278,Main,2532
12651,Danball Senki W,https://myanimelist.net/anime/12651/Danball_Senki_W,TV,Winter,2012,"Haibara, Yuuya",https://myanimelist.net/character/55737/Yuuya_Haibara,55737,Main,6
11843,Danshi Koukousei no Nichijou,https://myanimelist.net/anime/11843/Danshi_Koukousei_no_Nichijou,TV,Winter,2012,Megane,https://myanimelist.net/character/57191/Megane,57191,Supporting,1
10447,Aquarion Evol,https://myanimelist.net/anime/10447/Aquarion_Evol,TV,Winter,2012,"Sora, Amata",https://myanimelist.net/character/52777/Amata_Sora,52777,Main,51
11617,High School DxD,https://myanimelist.net/anime/11617/High_School_DxD,TV,Winter,2012,"Hyoudou, Issei",https://myanimelist.net/character/50387/Issei_Hyoudou,50387,Main,7792
12419,Guilty Crown: Kiseki - Reassortment,https://myanimelist.net/anime/12419/Guilty_Crown__Kiseki_-_Reassortment,TV Special,,2012,"Ouma, Shuu",https://myanimelist.net/character/43278/Shuu_Ouma,43278,Main,2532
10999,Inazuma Eleven Go: Kyuukyoku no Kizuna Gryphon,https://myanimelist.net/anime/10999/Inazuma_Eleven_Go__Kyuukyoku_no_Kizuna_Gryphon,Movie,,2011,"Fudou, Akio",https://myanimelist.net/character/32308/Akio_Fudou,32308,Supporting,117
12157,Busou Chuugakusei: Basket Army,https://myanimelist.net/anime/12157/Busou_Chuugakusei__Basket_Army,ONA,,2011,"Kurobe, Kazuki",https://myanimelist.net/character/56023/Kazuki_Kurobe,56023,Main,1
11266,Ao no Exorcist: Kuro no Iede,https://myanimelist.net/anime/11266/Ao_no_Exorcist__Kuro_no_Iede,Special,,2011,"Miwa, Konekomaru",https://myanimelist.net/character/38984/Konekomaru_Miwa,38984,Supporting,20
10793,Guilty Crown,https://myanimelist.net/anime/10793/Guilty_Crown,TV,Fall,2011,"Ouma, Shuu",https://myanimelist.net/character/43278/Shuu_Ouma,43278,Main,2532
10798,Un-Go,https://myanimelist.net/anime/10798/Un-Go,TV,Fall,2011,Novelist,https://myanimelist.net/character/52619/Novelist,52619,Supporting,1
10808,Kidou Senshi Gundam AGE,https://myanimelist.net/anime/10808/Kidou_Senshi_Gundam_AGE,TV,Fall,2011,"Boyd, Macil",https://myanimelist.net/character/55999/Macil_Boyd,55999,Supporting,0
10808,Kidou Senshi Gundam AGE,https://myanimelist.net/anime/10808/Kidou_Senshi_Gundam_AGE,TV,Fall,2011,"Louis, Leo",https://myanimelist.net/character/199899/Leo_Louis,199899,Supporting,0
6773,Shakugan no Shana III (Final),https://myanimelist.net/anime/6773/Shakugan_no_Shana_III_Final,TV,Fall,2011,Southvalley,https://myanimelist.net/character/60707/Southvalley,60707,Supporting,0
10460,Kimi to Boku.,https://myanimelist.net/anime/10460/Kimi_to_Boku,TV,Fall,2011,Akira,https://myanimelist.net/character/40444/Akira,40444,Supporting,9
10578,C³,https://myanimelist.net/anime/10578/C³,TV,Fall,2011,"Yachi, Haruaki",https://myanimelist.net/character/42074/Haruaki_Yachi,42074,Main,13
13993,Goulart Knights: Evoked the Beginning White,https://myanimelist.net/anime/13993/Goulart_Knights__Evoked_the_Beginning_White,OVA,,2011,"Almars, Nil",https://myanimelist.net/character/36850/Nil_Almars,36850,Main,4
10196,Baby Princess 3D Paradise 0 [Love],https://myanimelist.net/anime/10196/Baby_Princess_3D_Paradise_0_Love,OVA,,2011,"Amatsuka, Youtarou",https://myanimelist.net/character/40313/Youtarou_Amatsuka,40313,Main,3
10713,Towa no Quon 2: Konton no Ranbu,https://myanimelist.net/anime/10713/Towa_no_Quon_2__Konton_no_Ranbu,Movie,,2011,Kaoru,https://myanimelist.net/character/58367/Kaoru,58367,Supporting,0
10161,No.6,https://myanimelist.net/anime/10161/No6,TV,Summer,2011,Shion,https://myanimelist.net/character/42307/Shion,42307,Main,1607
10572,Ro-Kyu-Bu!,https://myanimelist.net/anime/10572/Ro-Kyu-Bu,TV,Summer,2011,"Hasegawa, Subaru",https://myanimelist.net/character/42220/Subaru_Hasegawa,42220,Main,7
10647,Ao no Exorcist: Ura Ex,https://myanimelist.net/anime/10647/Ao_no_Exorcist__Ura_Ex,Special,,2011,"Miwa, Konekomaru",https://myanimelist.net/character/38984/Konekomaru_Miwa,38984,Main,20
10507,Inazuma Eleven Go,https://myanimelist.net/anime/10507/Inazuma_Eleven_Go,TV,Spring,2011,"Fudou, Akio",https://myanimelist.net/character/32308/Akio_Fudou,32308,Supporting,117
10507,Inazuma Eleven Go,https://myanimelist.net/anime/10507/Inazuma_Eleven_Go,TV,Spring,2011,"Minamisawa, Atsushi",https://myanimelist.net/character/42907/Atsushi_Minamisawa,42907,Supporting,7
10507,Inazuma Eleven Go,https://myanimelist.net/anime/10507/Inazuma_Eleven_Go,TV,Spring,2011,"Sakisaka, Satoru",https://myanimelist.net/character/99417/Satoru_Sakisaka,99417,Supporting,0
6880,Deadman Wonderland,https://myanimelist.net/anime/6880/Deadman_Wonderland,TV,Spring,2011,"Takami, You",https://myanimelist.net/character/15842/You_Takami,15842,Supporting,55
9919,Ao no Exorcist,https://myanimelist.net/anime/9919/Ao_no_Exorcist,TV,Spring,2011,"Miwa, Konekomaru",https://myanimelist.net/character/38984/Konekomaru_Miwa,38984,Supporting,20
9982,Fairy Tail OVA,https://myanimelist.net/anime/9982/Fairy_Tail_OVA,OVA,,2011,"Vastia, Lyon",https://myanimelist.net/character/23843/Lyon_Vastia,23843,Supporting,76
9289,Hanasaku Iroha,https://myanimelist.net/anime/9289/Hanasaku_Iroha,TV,Spring,2011,"Tanemura, Kouichi",https://myanimelist.net/character/39195/Kouichi_Tanemura,39195,Supporting,12
7081,Danball Senki,https://myanimelist.net/anime/7081/Danball_Senki,TV,Spring,2011,"Haibara, Yuuya",https://myanimelist.net/character/55737/Yuuya_Haibara,55737,Supporting,6
9510,Mitsudomoe Zouryouchuu!,https://myanimelist.net/anime/9510/Mitsudomoe_Zouryouchuu,TV,Winter,2011,"Ogata, Ichirouta",https://myanimelist.net/character/89931/Ichirouta_Ogata,89931,Supporting,0
6787,Goulart Knights: Evoked the Beginning Black,https://myanimelist.net/anime/6787/Goulart_Knights__Evoked_the_Beginning_Black,OVA,,2010,"Almars, Nil",https://myanimelist.net/character/36850/Nil_Almars,36850,Main,4
8098,Soukyuu no Fafner: Dead Aggressor - Heaven and Earth,https://myanimelist.net/anime/8098/Soukyuu_no_Fafner__Dead_Aggressor_-_Heaven_and_Earth,Movie,,2010,"Nishio, Akira",https://myanimelist.net/character/89735/Akira_Nishio,89735,Supporting,1
9032,Inazuma Eleven: Saikyou Gundan Ogre Shuurai,https://myanimelist.net/anime/9032/Inazuma_Eleven__Saikyou_Gundan_Ogre_Shuurai,Movie,,2010,"Ichinose, Kazuya",https://myanimelist.net/character/31810/Kazuya_Ichinose,31810,Supporting,21
10180,Otome Youkai Zakuro Picture Drama,https://myanimelist.net/anime/10180/Otome_Youkai_Zakuro_Picture_Drama,Special,,2010,"Hanakiri, Ganryuu",https://myanimelist.net/character/33450/Ganryuu_Hanakiri,33450,Supporting,7
9201,Air Gear: Kuro no Hane to Nemuri no Mori - Break on the Sky,https://myanimelist.net/anime/9201/Air_Gear__Kuro_no_Hane_to_Nemuri_no_Mori_-_Break_on_the_Sky,OVA,,2010,Kanon,https://myanimelist.net/character/15983/Kanon,15983,Supporting,3
9136,Kuroshitsuji II Specials,https://myanimelist.net/anime/9136/Kuroshitsuji_II_Specials,Special,,2010,Finnian,https://myanimelist.net/character/14953/Finnian,14953,Supporting,488
8457,Yozakura Quartet: Hoshi no Umi,https://myanimelist.net/anime/8457/Yozakura_Quartet__Hoshi_no_Umi,OVA,,2010,"Hiizumi, Akina",https://myanimelist.net/character/14942/Akina_Hiizumi,14942,Main,46
8476,Otome Youkai Zakuro,https://myanimelist.net/anime/8476/Otome_Youkai_Zakuro,TV,Fall,2010,"Hanakiri, Ganryuu",https://myanimelist.net/character/33450/Ganryuu_Hanakiri,33450,Main,7
8934,Star Driver: Kagayaki no Takuto,https://myanimelist.net/anime/8934/Star_Driver__Kagayaki_no_Takuto,TV,Fall,2010,"Takumi, Takeo",https://myanimelist.net/character/38485/Takeo_Takumi,38485,Supporting,0
8408,Durarara!! Specials,https://myanimelist.net/anime/8408/Durarara_Specials,Special,,2010,"Yumasaki, Walker",https://myanimelist.net/character/27890/Walker_Yumasaki,27890,Supporting,220
6707,Kuroshitsuji II,https://myanimelist.net/anime/6707/Kuroshitsuji_II,TV,Summer,2010,Finnian,https://myanimelist.net/character/14953/Finnian,14953,Supporting,488
7769,Ookami-san to Shichinin no Nakama-tachi,https://myanimelist.net/anime/7769/Ookami-san_to_Shichinin_no_Nakama-tachi,TV,Summer,2010,"Nekomiya, Saburou",https://myanimelist.net/character/36458/Saburou_Nekomiya,36458,Supporting,18
8287,SD Gundam Sangokuden Brave Battle Warriors,https://myanimelist.net/anime/8287/SD_Gundam_Sangokuden_Brave_Battle_Warriors,TV,Spring,2010,"Gundam, Ryuubi",https://myanimelist.net/character/83855/Ryuubi_Gundam,83855,Main,3
7720,Ookiku Furikabutte: Natsu no Taikai-hen,https://myanimelist.net/anime/7720/Ookiku_Furikabutte__Natsu_no_Taikai-hen,TV,Spring,2010,"Abe, Shun",https://myanimelist.net/character/34331/Shun_Abe,34331,Supporting,2
5337,Bakugan Battle Brawlers: New Vestroia,https://myanimelist.net/anime/5337/Bakugan_Battle_Brawlers__New_Vestroia,TV,Spring,2010,"Grav, Gus",https://myanimelist.net/character/27908/Gus_Grav,27908,Supporting,10
8132,Chou Deneiban SD Gundam Sangokuden Brave Battle Warriors,https://myanimelist.net/anime/8132/Chou_Deneiban_SD_Gundam_Sangokuden_Brave_Battle_Warriors,Movie,,2010,"Gundam, Ryuubi",https://myanimelist.net/character/83855/Ryuubi_Gundam,83855,Main,3
8068,Kuroshitsuji Picture Drama,https://myanimelist.net/anime/8068/Kuroshitsuji_Picture_Drama,Special,,2010,Finnian,https://myanimelist.net/character/14953/Finnian,14953,Supporting,488
6746,Durarara!!,https://myanimelist.net/anime/6746/Durarara,TV,Winter,2010,"Yumasaki, Walker",https://myanimelist.net/character/27890/Walker_Yumasaki,27890,Supporting,220
6702,Fairy Tail,https://myanimelist.net/anime/6702/Fairy_Tail,TV,Fall,2009,"Vastia, Lyon",https://myanimelist.net/character/23843/Lyon_Vastia,23843,Supporting,76
7103,Miracle☆Train: Oedo-sen e Youkoso,https://myanimelist.net/anime/7103/Miracle☆Train__Oedo-sen_e_Youkoso,TV,Fall,2009,"Shiodome, Iku",https://myanimelist.net/character/25014/Iku_Shiodome,25014,Main,8
6793,"Kuroshitsuji: Sono Shitsuji, Kougyou",https://myanimelist.net/anime/6793/Kuroshitsuji__Sono_Shitsuji_Kougyou,Special,,2009,Finnian,https://myanimelist.net/character/14953/Finnian,14953,Supporting,488
8963,Stitch!: Piko Kara no Chousenjou,https://myanimelist.net/anime/8963/Stitch__Piko_Kara_no_Chousenjou,Special,,2009,Tonbo,https://myanimelist.net/character/195120/Tonbo,195120,Supporting,0
5027,Stitch!,https://myanimelist.net/anime/5027/Stitch,TV,Fall,2008,Tonbo,https://myanimelist.net/character/195120/Tonbo,195120,Supporting,0
5231,Inazuma Eleven,https://myanimelist.net/anime/5231/Inazuma_Eleven,TV,Fall,2008,"Ichinose, Kazuya",https://myanimelist.net/character/31810/Kazuya_Ichinose,31810,Supporting,21
5231,Inazuma Eleven,https://myanimelist.net/anime/5231/Inazuma_Eleven,TV,Fall,2008,"Fudou, Akio",https://myanimelist.net/character/32308/Akio_Fudou,32308,Supporting,117
5231,Inazuma Eleven,https://myanimelist.net/anime/5231/Inazuma_Eleven,TV,Fall,2008,"Shigeto, Atsuishi",https://myanimelist.net/character/36804/Atsuishi_Shigeto,36804,Supporting,1
5231,Inazuma Eleven,https://myanimelist.net/anime/5231/Inazuma_Eleven,TV,Fall,2008,"Zanardi, Gianluca",https://myanimelist.net/character/37766/Gianluca_Zanardi,37766,Supporting,3
5231,Inazuma Eleven,https://myanimelist.net/anime/5231/Inazuma_Eleven,TV,Fall,2008,"Toguchi, Masahiro",https://myanimelist.net/character/75098/Masahiro_Toguchi,75098,Supporting,0
5231,Inazuma Eleven,https://myanimelist.net/anime/5231/Inazuma_Eleven,TV,Fall,2008,"Yasunaga, Hidetsugu",https://myanimelist.net/character/83817/Hidetsugu_Yasunaga,83817,Supporting,0
5231,Inazuma Eleven,https://myanimelist.net/anime/5231/Inazuma_Eleven,TV,Fall,2008,Belial,https://myanimelist.net/character/84113/Belial,84113,Supporting,0
5231,Inazuma Eleven,https://myanimelist.net/anime/5231/Inazuma_Eleven,TV,Fall,2008,"Skell, Ryuu",https://myanimelist.net/character/84143/Ryuu_Skell,84143,Supporting,0
5231,Inazuma Eleven,https://myanimelist.net/anime/5231/Inazuma_Eleven,TV,Fall,2008,"Manabiya, Ikkin",https://myanimelist.net/character/84145/Ikkin_Manabiya,84145,Supporting,0
5231,Inazuma Eleven,https://myanimelist.net/anime/5231/Inazuma_Eleven,TV,Fall,2008,Fox,https://myanimelist.net/character/84147/Fox,84147,Supporting,1
5231,Inazuma Eleven,https://myanimelist.net/anime/5231/Inazuma_Eleven,TV,Fall,2008,"Komazawa, Kyouma",https://myanimelist.net/character/84149/Kyouma_Komazawa,84149,Supporting,0
5231,Inazuma Eleven,https://myanimelist.net/anime/5231/Inazuma_Eleven,TV,Fall,2008,"Links, Gary",https://myanimelist.net/character/84667/Gary_Links,84667,Supporting,0
5231,Inazuma Eleven,https://myanimelist.net/anime/5231/Inazuma_Eleven,TV,Fall,2008,"Mustafa, Nasser",https://myanimelist.net/character/218345/Nasser_Mustafa,218345,Supporting,0
4548,Yozakura Quartet,https://myanimelist.net/anime/4548/Yozakura_Quartet,TV,Fall,2008,"Hiizumi, Akina",https://myanimelist.net/character/14942/Akina_Hiizumi,14942,Main,46
4898,Kuroshitsuji,https://myanimelist.net/anime/4898/Kuroshitsuji,TV,Fall,2008,Finnian,https://myanimelist.net/character/14953/Finnian,14953,Supporting,488
3226,Major S4,https://myanimelist.net/anime/3226/Major_S4,TV,Winter,2008,"Williams, Christopher",https://myanimelist.net/character/50283/Christopher_Williams,50283,Supporting,1
2112,Over Drive,https://myanimelist.net/anime/2112/Over_Drive,TV,Spring,2007,"Shinozaki, Mikoto",https://myanimelist.net/character/2935/Mikoto_Shinozaki,2935,Main,74
1557,Shounen Onmyouji,https://myanimelist.net/anime/1557/Shounen_Onmyouji,TV,Fall,2006,Kouta,https://myanimelist.net/character/24397/Kouta,24397,Supporting,0
1516,Kirarin☆Revolution,https://myanimelist.net/anime/1516/Kirarin☆Revolution,TV,Spring,2006,Yuka's Brother,https://myanimelist.net/character/264858/Yuka_039_s_Brother,264858,Supporting,0
1516,Kirarin☆Revolution,https://myanimelist.net/anime/1516/Kirarin☆Revolution,TV,Spring,2006,"Matsushima, Takashi",https://myanimelist.net/character/264875/Takashi_Matsushima,264875,Supporting,0
853,Ouran Koukou Host Club,https://myanimelist.net/anime/853/Ouran_Koukou_Host_Club,TV,Spring,2006,"Ukyou, Chikage",https://myanimelist.net/character/124619/Chikage_Ukyou,124619,Supporting,1
235,Meitantei Conan,https://myanimelist.net/anime/235/Meitantei_Conan,TV,Winter,1996,"Akai, Shuuichi",https://myanimelist.net/character/12051/Shuuichi_Akai,12051,Supporting,1872
235,Meitantei Conan,https://myanimelist.net/anime/235/Meitantei_Conan,TV,Winter,1996,"Itou, Yoshifumi",https://myanimelist.net/character/113425/Yoshifumi_Itou,113425,Supporting,0
1199,Nintama Rantarou,https://myanimelist.net/anime/1199/Nintama_Rantarou,TV,Spring,1993,"Hama, Shuichirou",https://myanimelist.net/character/129988/Shuichirou_Hama,129988,Supporting,0
1960,Sore Ike! Anpanman,https://myanimelist.net/anime/1960/Sore_Ike_Anpanman,TV,Fall,1988,Toufu-kun,https://myanimelist.net/character/197325/Toufu-kun,197325,Supporting,0
60275,Boukyaku Battery (TV) 2nd Season,https://myanimelist.net/anime/60275/Boukyaku_Battery_TV_2nd_Season,,,,"Yamada, Tarou",https://myanimelist.net/character/187260/Tarou_Yamada,187260,Main,6
