ID,Title,Link,Type,Season,Year,Character,CharacterLink,CharacterID,CharacterRole,CharacterFavorites
52807,One Punch Man 3,https://myanimelist.net/anime/52807/One_Punch_Man_3,TV,Fall,2025,Zombieman,https://myanimelist.net/character/127454/Zombieman,127454,Supporting,280
59192,Kimetsu no Yaiba Movie: Mugen Jou-hen,https://myanimelist.net/anime/59192/Kimetsu_no_Yaiba_Movie__Mugen_Jou-hen,Movie,,2025,"Tomioka, Giyuu",https://myanimelist.net/character/146735/Giyuu_Tomioka,146735,Supporting,11761
58996,Osomatsu-san 4th Season,https://myanimelist.net/anime/58996/Osomatsu-san_4th_Season,TV,Summer,2025,"Matsuno, Osomatsu",https://myanimelist.net/character/89105/Osomatsu_Matsuno,89105,Main,385
59654,Jujutsu Kaisen: Kaigyoku/Gyokusetsu,https://myanimelist.net/anime/59654/Jujutsu_Kaisen__Kaigyoku_Gyokusetsu,Movie,,2025,"Getou, Suguru",https://myanimelist.net/character/175542/Suguru_Getou,175542,Main,5628
51818,Enen no Shouboutai: San no Shou,https://myanimelist.net/anime/51818/Enen_no_Shouboutai__San_no_Shou,TV,Spring,2025,"Kurono, Yuuichirou",https://myanimelist.net/character/177011/Yuuichirou_Kurono,177011,Supporting,52
60666,Aldnoah.Zero (Re+),https://myanimelist.net/anime/60666/AldnoahZero_Re_,Movie,,2025,Trillram,https://myanimelist.net/character/109719/Trillram,109719,Supporting,1
59729,Shinran: Jinsei no Mokuteki,https://myanimelist.net/anime/59729/Shinran__Jinsei_no_Mokuteki,Movie,,2025,Shinran,https://myanimelist.net/character/169411/Shinran,169411,Main,0
58600,Ameku Takao no Suiri Karte,https://myanimelist.net/anime/58600/Ameku_Takao_no_Suiri_Karte,TV,Winter,2025,"Hachisuka, Shigeru",https://myanimelist.net/character/261798/Shigeru_Hachisuka,261798,Supporting,0
57635,Kamonohashi Ron no Kindan Suiri 2nd Season,https://myanimelist.net/anime/57635/Kamonohashi_Ron_no_Kindan_Suiri_2nd_Season,TV,Fall,2024,Hummingbird,https://myanimelist.net/character/258699/Hummingbird,258699,Supporting,0
54865,Blue Lock vs. U-20 Japan,https://myanimelist.net/anime/54865/Blue_Lock_vs_U-20_Japan,TV,Fall,2024,"Itoshi, Sae",https://myanimelist.net/character/178721/Sae_Itoshi,178721,Supporting,395
56784,Bleach: Sennen Kessen-hen - Soukoku-tan,https://myanimelist.net/anime/56784/Bleach__Sennen_Kessen-hen_-_Soukoku-tan,TV,Fall,2024,"Kira, Izuru",https://myanimelist.net/character/1093/Izuru_Kira,1093,Supporting,210
59790,Osomatsu-san Shinsaku Short Anime,https://myanimelist.net/anime/59790/Osomatsu-san_Shinsaku_Short_Anime,ONA,,2024,"Matsuno, Osomatsu",https://myanimelist.net/character/89105/Osomatsu_Matsuno,89105,Main,385
59493,Tensei shitara Slime Datta Ken: Kanwa - Luminous Memories,https://myanimelist.net/anime/59493/Tensei_shitara_Slime_Datta_Ken__Kanwa_-_Luminous_Memories,TV Special,,2024,Diablo,https://myanimelist.net/character/131941/Diablo,131941,Supporting,2820
59465,Fate/Grand Order: Fujimaru Ritsuka wa Wakaranai Season 2,https://myanimelist.net/anime/59465/Fate_Grand_Order__Fujimaru_Ritsuka_wa_Wakaranai_Season_2,ONA,,2024,Saber,https://myanimelist.net/character/54219/Saber,54219,Supporting,201
49785,Fairy Tail: 100-nen Quest,https://myanimelist.net/anime/49785/Fairy_Tail__100-nen_Quest,TV,Summer,2024,"Eucliffe, Sting",https://myanimelist.net/character/51171/Sting_Eucliffe,51171,Supporting,482
58506,Harimaware! Koinu 2nd Season,https://myanimelist.net/anime/58506/Harimaware_Koinu_2nd_Season,TV,Summer,2024,Dog-senpai,https://myanimelist.net/character/238984/Dog-senpai,238984,Supporting,1
56835,Code Geass: Dakkan no Rozé,https://myanimelist.net/anime/56835/Code_Geass__Dakkan_no_Rozé,ONA,,2024,"Kururugi, Suzaku",https://myanimelist.net/character/559/Suzaku_Kururugi,559,Supporting,3966
55701,Kimetsu no Yaiba: Hashira Geiko-hen,https://myanimelist.net/anime/55701/Kimetsu_no_Yaiba__Hashira_Geiko-hen,TV,Spring,2024,"Tomioka, Giyuu",https://myanimelist.net/character/146735/Giyuu_Tomioka,146735,Supporting,11761
39894,Hibike! Euphonium 3,https://myanimelist.net/anime/39894/Hibike_Euphonium_3,TV,Spring,2024,"Taki, Noboru",https://myanimelist.net/character/124464/Noboru_Taki,124464,Supporting,101
53580,Tensei shitara Slime Datta Ken 3rd Season,https://myanimelist.net/anime/53580/Tensei_shitara_Slime_Datta_Ken_3rd_Season,TV,Spring,2024,Diablo,https://myanimelist.net/character/131941/Diablo,131941,Supporting,2820
53410,Yuru Camp△ Season 3,https://myanimelist.net/anime/53410/Yuru_Camp△_Season_3,TV,Spring,2024,"Shima, Wataru",https://myanimelist.net/character/190981/Wataru_Shima,190981,Supporting,2
53748,Saint Seiya: Knights of the Zodiac - Battle Sanctuary Part 2,https://myanimelist.net/anime/53748/Saint_Seiya__Knights_of_the_Zodiac_-_Battle_Sanctuary_Part_2,ONA,,2024,"Dragon, Shiryuu",https://myanimelist.net/character/5922/Shiryuu_Dragon,5922,Main,609
58592,Tensei shitara Slime Datta Ken 3rd Season: Kanwa - Diablo Nikki,https://myanimelist.net/anime/58592/Tensei_shitara_Slime_Datta_Ken_3rd_Season__Kanwa_-_Diablo_Nikki,TV Special,,2024,Diablo,https://myanimelist.net/character/131941/Diablo,131941,Main,2820
52742,Haikyuu!! Movie: Gomisuteba no Kessen,https://myanimelist.net/anime/52742/Haikyuu_Movie__Gomisuteba_no_Kessen,Movie,,2024,"Tsukishima, Akiteru",https://myanimelist.net/character/122123/Akiteru_Tsukishima,122123,Supporting,20
56609,Kizumonogatari: Koyomi Vamp,https://myanimelist.net/anime/56609/Kizumonogatari__Koyomi_Vamp,Movie,,2024,"Oshino, Meme",https://myanimelist.net/character/22552/Meme_Oshino,22552,Supporting,3669
54829,Urusei Yatsura (2022) 2nd Season,https://myanimelist.net/anime/54829/Urusei_Yatsura_2022_2nd_Season,TV,Winter,2024,"Ozuno, Tsubame",https://myanimelist.net/character/49969/Tsubame_Ozuno,49969,Supporting,0
57012,Harimaware! Koinu,https://myanimelist.net/anime/57012/Harimaware_Koinu,TV,Winter,2024,Dog-senpai,https://myanimelist.net/character/238984/Dog-senpai,238984,Supporting,1
54798,Kamierabi,https://myanimelist.net/anime/54798/Kamierabi,TV,Fall,2023,"Ebisu, Higaki",https://myanimelist.net/character/239082/Higaki_Ebisu,239082,Supporting,0
51215,Seijo no Maryoku wa Bannou desu Season 2,https://myanimelist.net/anime/51215/Seijo_no_Maryoku_wa_Bannou_desu_Season_2,TV,Fall,2023,"Hawke, Albert",https://myanimelist.net/character/184790/Albert_Hawke,184790,Main,129
51369,Kengan Ashura Season 2,https://myanimelist.net/anime/51369/Kengan_Ashura_Season_2,ONA,,2023,Hassad,https://myanimelist.net/character/187567/Hassad,187567,Supporting,0
53627,Gamera: Rebirth,https://myanimelist.net/anime/53627/Gamera__Rebirth,ONA,,2023,"Sasaki, Muneatsu",https://myanimelist.net/character/239100/Muneatsu_Sasaki,239100,Supporting,0
56243,Jujutsu Kaisen 2nd Season Recaps,https://myanimelist.net/anime/56243/Jujutsu_Kaisen_2nd_Season_Recaps,TV Special,,2023,"Getou, Suguru",https://myanimelist.net/character/175542/Suguru_Getou,175542,Main,5628
51995,Hibike! Euphonium: Ensemble Contest-hen,https://myanimelist.net/anime/51995/Hibike_Euphonium__Ensemble_Contest-hen,Movie,,2023,"Taki, Noboru",https://myanimelist.net/character/124464/Noboru_Taki,124464,Supporting,101
49120,Osomatsu-san: Tamashii no Takoyaki Party to Densetsu no Otomarikai,https://myanimelist.net/anime/49120/Osomatsu-san__Tamashii_no_Takoyaki_Party_to_Densetsu_no_Otomarikai,Movie,,2023,"Matsuno, Osomatsu",https://myanimelist.net/character/89105/Osomatsu_Matsuno,89105,Main,385
49413,Shiguang Dailiren II,https://myanimelist.net/anime/49413/Shiguang_Dailiren_II,ONA,,2023,"Lu, Guang",https://myanimelist.net/character/196253/Guang_Lu,196253,Main,1878
51009,Jujutsu Kaisen 2nd Season,https://myanimelist.net/anime/51009/Jujutsu_Kaisen_2nd_Season,TV,Summer,2023,"Getou, Suguru",https://myanimelist.net/character/175542/Suguru_Getou,175542,Main,5628
51009,Jujutsu Kaisen 2nd Season,https://myanimelist.net/anime/51009/Jujutsu_Kaisen_2nd_Season,TV,Summer,2023,Kenjaku,https://myanimelist.net/character/196089/Kenjaku,196089,Supporting,131
52747,Psycho-Pass Movie: Providence,https://myanimelist.net/anime/52747/Psycho-Pass_Movie__Providence,Movie,,2023,"Hinakawa, Shou",https://myanimelist.net/character/113595/Shou_Hinakawa,113595,Supporting,107
52657,Ousama Ranking: Yuuki no Takarabako,https://myanimelist.net/anime/52657/Ousama_Ranking__Yuuki_no_Takarabako,TV,Spring,2023,Despa,https://myanimelist.net/character/200588/Despa,200588,Supporting,181
54042,Fate/Grand Order: Fujimaru Ritsuka wa Wakaranai,https://myanimelist.net/anime/54042/Fate_Grand_Order__Fujimaru_Ritsuka_wa_Wakaranai,ONA,,2023,Merlin,https://myanimelist.net/character/147065/Merlin,147065,Supporting,463
54035,Huangjin Tingyuan: Dongri Li de Xinnian Yuanwang,https://myanimelist.net/anime/54035/Huangjin_Tingyuan__Dongri_Li_de_Xinnian_Yuanwang,ONA,,2023,Su,https://myanimelist.net/character/223986/Su,223986,Main,14
52031,Itou Junji: Maniac,https://myanimelist.net/anime/52031/Itou_Junji__Maniac,ONA,,2023,"Hikizuri, Kazuya",https://myanimelist.net/character/105711/Kazuya_Hikizuri,105711,Main,3
54029,Wu Liuqi: Anying Suming,https://myanimelist.net/anime/54029/Wu_Liuqi__Anying_Suming,ONA,,2023,White Fox,https://myanimelist.net/character/240551/White_Fox,240551,Supporting,0
50330,Bungou Stray Dogs 4th Season,https://myanimelist.net/anime/50330/Bungou_Stray_Dogs_4th_Season,TV,Winter,2023,"Fitzgerald, Francis Scott Key",https://myanimelist.net/character/132965/Francis_Scott_Key_Fitzgerald,132965,Supporting,152
49877,Tensei shitara Slime Datta Ken Movie: Guren no Kizuna-hen,https://myanimelist.net/anime/49877/Tensei_shitara_Slime_Datta_Ken_Movie__Guren_no_Kizuna-hen,Movie,,2022,Diablo,https://myanimelist.net/character/131941/Diablo,131941,Supporting,2820
38982,Kidou Senshi Gundam: Tekketsu no Orphans - Urdr Hunt,https://myanimelist.net/anime/38982/Kidou_Senshi_Gundam__Tekketsu_no_Orphans_-_Urdr_Hunt,ONA,,2022,"Fareed, McGillis",https://myanimelist.net/character/132557/McGillis_Fareed,132557,Supporting,115
50710,Urusei Yatsura (2022),https://myanimelist.net/anime/50710/Urusei_Yatsura_2022,TV,Fall,2022,"Ozuno, Tsubame",https://myanimelist.net/character/49969/Tsubame_Ozuno,49969,Supporting,0
49163,Exception,https://myanimelist.net/anime/49163/Exception,ONA,,2022,Mack,https://myanimelist.net/character/217441/Mack,217441,Main,2
41467,Bleach: Sennen Kessen-hen,https://myanimelist.net/anime/41467/Bleach__Sennen_Kessen-hen,TV,Fall,2022,"Kira, Izuru",https://myanimelist.net/character/1093/Izuru_Kira,1093,Supporting,210
49596,Blue Lock,https://myanimelist.net/anime/49596/Blue_Lock,TV,Fall,2022,"Itoshi, Sae",https://myanimelist.net/character/178721/Sae_Itoshi,178721,Supporting,395
50559,Megaton-kyuu Musashi 2nd Season,https://myanimelist.net/anime/50559/Megaton-kyuu_Musashi_2nd_Season,TV,Fall,2022,"Grieffas, Kredo",https://myanimelist.net/character/236356/Kredo_Grieffas,236356,Supporting,0
50172,Mob Psycho 100 III,https://myanimelist.net/anime/50172/Mob_Psycho_100_III,TV,Fall,2022,"Reigen, Arataka",https://myanimelist.net/character/109931/Arataka_Reigen,109931,Main,39397
52976,Berserk: Ougon Jidai-hen - Memorial Edition,https://myanimelist.net/anime/52976/Berserk__Ougon_Jidai-hen_-_Memorial_Edition,TV,Fall,2022,Griffith,https://myanimelist.net/character/424/Griffith,424,Main,15629
52273,Saint Seiya: Knights of the Zodiac - Battle Sanctuary,https://myanimelist.net/anime/52273/Saint_Seiya__Knights_of_the_Zodiac_-_Battle_Sanctuary,ONA,,2022,"Dragon, Shiryuu",https://myanimelist.net/character/5922/Shiryuu_Dragon,5922,Main,609
49119,Osomatsu-san: Hipipo-Zoku to Kagayaku Kajitsu,https://myanimelist.net/anime/49119/Osomatsu-san__Hipipo-Zoku_to_Kagayaku_Kajitsu,Movie,,2022,"Matsuno, Osomatsu",https://myanimelist.net/character/89105/Osomatsu_Matsuno,89105,Main,385
48895,Overlord IV,https://myanimelist.net/anime/48895/Overlord_IV,TV,Summer,2022,"Rune Farlord El Nix, Jircniv",https://myanimelist.net/character/162917/Jircniv_Rune_Farlord_El_Nix,162917,Supporting,42
40590,Utawarerumono: Futari no Hakuoro,https://myanimelist.net/anime/40590/Utawarerumono__Futari_no_Hakuoro,TV,Summer,2022,Ougi,https://myanimelist.net/character/132788/Ougi,132788,Supporting,2
49283,Bakuten!! Movie,https://myanimelist.net/anime/49283/Bakuten_Movie,Movie,,2022,"Shida, Shuusaku",https://myanimelist.net/character/195349/Shuusaku_Shida,195349,Supporting,12
38475,Yuru Camp△ Movie,https://myanimelist.net/anime/38475/Yuru_Camp△_Movie,Movie,,2022,"Shima, Wataru",https://myanimelist.net/character/190981/Wataru_Shima,190981,Supporting,2
49691,Gunjou no Fanfare,https://myanimelist.net/anime/49691/Gunjou_no_Fanfare,TV,Spring,2022,"Asahi, Yutaka",https://myanimelist.net/character/204467/Yutaka_Asahi,204467,Supporting,2
43693,Thermae Romae Novae,https://myanimelist.net/anime/43693/Thermae_Romae_Novae,ONA,,2022,Yoshida,https://myanimelist.net/character/207649/Yoshida,207649,Supporting,0
42808,Shenmue the Animation,https://myanimelist.net/anime/42808/Shenmue_the_Animation,TV,Winter,2022,"Di, Lan",https://myanimelist.net/character/20689/Lan_Di,20689,Main,5
49738,Heike Monogatari,https://myanimelist.net/anime/49738/Heike_Monogatari,TV,Winter,2022,"Taira no, Shigemori",https://myanimelist.net/character/201497/Shigemori_Taira_no,201497,Supporting,25
50418,Ninjala (TV),https://myanimelist.net/anime/50418/Ninjala_TV,TV,Winter,2022,Burton,https://myanimelist.net/character/203982/Burton,203982,Main,0
48561,Jujutsu Kaisen 0 Movie,https://myanimelist.net/anime/48561/Jujutsu_Kaisen_0_Movie,Movie,,2021,"Getou, Suguru",https://myanimelist.net/character/175542/Suguru_Getou,175542,Main,5628
47778,Kimetsu no Yaiba: Yuukaku-hen,https://myanimelist.net/anime/47778/Kimetsu_no_Yaiba__Yuukaku-hen,TV,Winter,2022,"Tomioka, Giyuu",https://myanimelist.net/character/146735/Giyuu_Tomioka,146735,Supporting,11761
40834,Ousama Ranking,https://myanimelist.net/anime/40834/Ousama_Ranking,TV,Fall,2021,Despa,https://myanimelist.net/character/200588/Despa,200588,Supporting,181
49926,Kimetsu no Yaiba: Mugen Ressha-hen,https://myanimelist.net/anime/49926/Kimetsu_no_Yaiba__Mugen_Ressha-hen,TV,Fall,2021,"Tomioka, Giyuu",https://myanimelist.net/character/146735/Giyuu_Tomioka,146735,Supporting,11761
42544,Kaizoku Oujo,https://myanimelist.net/anime/42544/Kaizoku_Oujo,TV,Fall,2021,Shitan,https://myanimelist.net/character/198403/Shitan,198403,Supporting,29
33737,Megaton-kyuu Musashi,https://myanimelist.net/anime/33737/Megaton-kyuu_Musashi,TV,Fall,2021,"Grieffas, Kredo",https://myanimelist.net/character/236356/Kredo_Grieffas,236356,Supporting,0
43767,Night Head 2041,https://myanimelist.net/anime/43767/Night_Head_2041,TV,Summer,2021,"Kuroki, Takuya",https://myanimelist.net/character/196247/Takuya_Kuroki,196247,Main,6
41487,Tensei shitara Slime Datta Ken 2nd Season Part 2,https://myanimelist.net/anime/41487/Tensei_shitara_Slime_Datta_Ken_2nd_Season_Part_2,TV,Summer,2021,Diablo,https://myanimelist.net/character/131941/Diablo,131941,Supporting,2820
43741,Getter Robo Arc,https://myanimelist.net/anime/43741/Getter_Robo_Arc,TV,Summer,2021,"Ichimonji, Go",https://myanimelist.net/character/15784/Go_Ichimonji,15784,Supporting,13
46420,Nanatsu no Taizai Movie 2: Hikari ni Norowareshi Mono-tachi,https://myanimelist.net/anime/46420/Nanatsu_no_Taizai_Movie_2__Hikari_ni_Norowareshi_Mono-tachi,Movie,,2021,Griamore,https://myanimelist.net/character/86703/Griamore,86703,Supporting,4
44942,Shuumatsu no Walküre,https://myanimelist.net/anime/44942/Shuumatsu_no_Walküre,ONA,,2021,Poseidon,https://myanimelist.net/character/177550/Poseidon,177550,Supporting,108
35759,Sidonia no Kishi: Ai Tsumugu Hoshi,https://myanimelist.net/anime/35759/Sidonia_no_Kishi__Ai_Tsumugu_Hoshi,Movie,,2021,"Kunato, Norio",https://myanimelist.net/character/94667/Norio_Kunato,94667,Supporting,2
49200,Shiguang Dailiren Fanwai Pian: Biwu Zhaoqin,https://myanimelist.net/anime/49200/Shiguang_Dailiren_Fanwai_Pian__Biwu_Zhaoqin,ONA,,2021,"Lu, Guang",https://myanimelist.net/character/196253/Guang_Lu,196253,Main,1878
38086,Fate/Grand Order: Shinsei Entaku Ryouiki Camelot 2 - Paladin; Agateram,https://myanimelist.net/anime/38086/Fate_Grand_Order__Shinsei_Entaku_Ryouiki_Camelot_2_-_Paladin__Agateram,Movie,,2021,Merlin,https://myanimelist.net/character/147065/Merlin,147065,Supporting,463
44074,Shiguang Dailiren,https://myanimelist.net/anime/44074/Shiguang_Dailiren,ONA,,2021,"Lu, Guang",https://myanimelist.net/character/196253/Guang_Lu,196253,Main,1878
43756,Bakuten!!,https://myanimelist.net/anime/43756/Bakuten,TV,Spring,2021,"Shida, Shuusaku",https://myanimelist.net/character/195349/Shuusaku_Shida,195349,Supporting,12
42938,Fruits Basket: The Final,https://myanimelist.net/anime/42938/Fruits_Basket__The_Final,TV,Spring,2021,"Souma, Ayame",https://myanimelist.net/character/370/Ayame_Souma,370,Supporting,1183
42826,Seijo no Maryoku wa Bannou desu,https://myanimelist.net/anime/42826/Seijo_no_Maryoku_wa_Bannou_desu,TV,Spring,2021,"Hawke, Albert",https://myanimelist.net/character/184790/Albert_Hawke,184790,Main,129
47391,Seven Knights Revolution: Eiyuu no Keishousha,https://myanimelist.net/anime/47391/Seven_Knights_Revolution__Eiyuu_no_Keishousha,TV,Spring,2021,Genius,https://myanimelist.net/character/192932/Genius,192932,Supporting,4
48409,Chocomatsu-san: White Day-hen,https://myanimelist.net/anime/48409/Chocomatsu-san__White_Day-hen,ONA,,2021,"Matsuno, Osomatsu",https://myanimelist.net/character/89105/Osomatsu_Matsuno,89105,Main,385
47398,Chuukou Ikkan!! Kimetsu Gakuen Monogatari: Valentine-hen,https://myanimelist.net/anime/47398/Chuukou_Ikkan_Kimetsu_Gakuen_Monogatari__Valentine-hen,ONA,,2021,"Tomioka, Giyuu",https://myanimelist.net/character/146735/Giyuu_Tomioka,146735,Supporting,11761
46735,Chocomatsu-san: Valentine's Day-hen,https://myanimelist.net/anime/46735/Chocomatsu-san__Valentines_Day-hen,ONA,,2021,"Matsuno, Osomatsu",https://myanimelist.net/character/89105/Osomatsu_Matsuno,89105,Main,385
41491,Nanatsu no Taizai: Funnu no Shinpan,https://myanimelist.net/anime/41491/Nanatsu_no_Taizai__Funnu_no_Shinpan,TV,Winter,2021,Griamore,https://myanimelist.net/character/86703/Griamore,86703,Supporting,4
41109,Log Horizon: Entaku Houkai,https://myanimelist.net/anime/41109/Log_Horizon__Entaku_Houkai,TV,Winter,2021,Krusty,https://myanimelist.net/character/89265/Krusty,89265,Supporting,137
39551,Tensei shitara Slime Datta Ken 2nd Season,https://myanimelist.net/anime/39551/Tensei_shitara_Slime_Datta_Ken_2nd_Season,TV,Winter,2021,Diablo,https://myanimelist.net/character/131941/Diablo,131941,Supporting,2820
39586,Hataraku Saibou!!,https://myanimelist.net/anime/39586/Hataraku_Saibou,TV,Winter,2021,Helper T Saibou,https://myanimelist.net/character/164415/Helper_T_Saibou,164415,Supporting,4
38474,Yuru Camp△ Season 2,https://myanimelist.net/anime/38474/Yuru_Camp△_Season_2,TV,Winter,2021,"Shima, Wataru",https://myanimelist.net/character/190981/Wataru_Shima,190981,Supporting,2
42862,Otona no Bouguya-san II,https://myanimelist.net/anime/42862/Otona_no_Bouguya-san_II,ONA,,2021,Narden,https://myanimelist.net/character/165282/Narden,165282,Main,2
44248,Fate/Grand Carnival,https://myanimelist.net/anime/44248/Fate_Grand_Carnival,OVA,,2020,Merlin,https://myanimelist.net/character/147065/Merlin,147065,Supporting,463
44248,Fate/Grand Carnival,https://myanimelist.net/anime/44248/Fate_Grand_Carnival,OVA,,2020,Mysterious Neco Z,https://myanimelist.net/character/215131/Mysterious_Neco_Z,215131,Supporting,7
43568,Hakumei no Tsubasa: Expansion - Hoshi no Matsuri,https://myanimelist.net/anime/43568/Hakumei_no_Tsubasa__Expansion_-_Hoshi_no_Matsuri,ONA,,2020,Dande,https://myanimelist.net/character/178273/Dande,178273,Supporting,46
40747,Dounika Naru Hibi,https://myanimelist.net/anime/40747/Dounika_Naru_Hibi,Movie,,2020,Sawa-sensei,https://myanimelist.net/character/186712/Sawa-sensei,186712,Main,2
40456,Kimetsu no Yaiba Movie: Mugen Ressha-hen,https://myanimelist.net/anime/40456/Kimetsu_no_Yaiba_Movie__Mugen_Ressha-hen,Movie,,2020,"Tomioka, Giyuu",https://myanimelist.net/character/146735/Giyuu_Tomioka,146735,Supporting,11761
42391,Osomatsu-san 3rd Season,https://myanimelist.net/anime/42391/Osomatsu-san_3rd_Season,TV,Fall,2020,"Matsuno, Osomatsu",https://myanimelist.net/character/89105/Osomatsu_Matsuno,89105,Main,385
42391,Osomatsu-san 3rd Season,https://myanimelist.net/anime/42391/Osomatsu-san_3rd_Season,TV,Fall,2020,"Sakurai, Takahiro",https://myanimelist.net/character/201661/Takahiro_Sakurai,201661,Supporting,0
41433,Akudama Drive,https://myanimelist.net/anime/41433/Akudama_Drive,TV,Fall,2020,Cutthroat,https://myanimelist.net/character/179405/Cutthroat,179405,Main,620
40359,Ikebukuro West Gate Park,https://myanimelist.net/anime/40359/Ikebukuro_West_Gate_Park,TV,Fall,2020,"Yokoyama, Reiichirou",https://myanimelist.net/character/186322/Reiichirou_Yokoyama,186322,Supporting,0
40906,Dragon Quest: Dai no Daibouken (2020),https://myanimelist.net/anime/40906/Dragon_Quest__Dai_no_Daibouken_2020,TV,Fall,2020,"De Zinuar III, Avan",https://myanimelist.net/character/13329/Avan_De_Zinuar_III,13329,Supporting,31
40906,Dragon Quest: Dai no Daibouken (2020),https://myanimelist.net/anime/40906/Dragon_Quest__Dai_no_Daibouken_2020,TV,Fall,2020,Narrator,https://myanimelist.net/character/246671/Narrator,246671,Supporting,0
40748,Jujutsu Kaisen,https://myanimelist.net/anime/40748/Jujutsu_Kaisen,TV,Fall,2020,"Getou, Suguru",https://myanimelist.net/character/175542/Suguru_Getou,175542,Supporting,5628
48861,Chuukou Ikkan!! Kimetsu Gakuen Monogatari: Kimetsu no Utage Tokubetsu-hen,https://myanimelist.net/anime/48861/Chuukou_Ikkan_Kimetsu_Gakuen_Monogatari__Kimetsu_no_Utage_Tokubetsu-hen,Special,,2020,"Tomioka, Giyuu",https://myanimelist.net/character/146735/Giyuu_Tomioka,146735,Supporting,11761
40529,No Guns Life 2nd Season,https://myanimelist.net/anime/40529/No_Guns_Life_2nd_Season,TV,Summer,2020,Kunugi,https://myanimelist.net/character/187265/Kunugi,187265,Supporting,0
40956,Enen no Shouboutai: Ni no Shou,https://myanimelist.net/anime/40956/Enen_no_Shouboutai__Ni_no_Shou,TV,Summer,2020,"Kurono, Yuuichirou",https://myanimelist.net/character/177011/Yuuichirou_Kurono,177011,Supporting,52
41061,Heya Camp△: Sauna to Gohan to Sanrin Bike,https://myanimelist.net/anime/41061/Heya_Camp△__Sauna_to_Gohan_to_Sanrin_Bike,Special,,2020,"Shima, Wataru",https://myanimelist.net/character/190981/Wataru_Shima,190981,Supporting,2
39582,Kitsutsuki Tanteidokoro,https://myanimelist.net/anime/39582/Kitsutsuki_Tanteidokoro,TV,Spring,2020,"Kindaichi, Kyousuke",https://myanimelist.net/character/178097/Kyousuke_Kindaichi,178097,Main,4
40902,Shokugeki no Souma: Gou no Sara,https://myanimelist.net/anime/40902/Shokugeki_no_Souma__Gou_no_Sara,TV,Spring,2020,"Isshiki, Satoshi",https://myanimelist.net/character/78475/Satoshi_Isshiki,78475,Supporting,1049
40532,Appare-Ranman!,https://myanimelist.net/anime/40532/Appare-Ranman,TV,Spring,2020,"Ordin, Dylan G.",https://myanimelist.net/character/178404/Dylan_G_Ordin,178404,Supporting,4
40417,Fruits Basket 2nd Season,https://myanimelist.net/anime/40417/Fruits_Basket_2nd_Season,TV,Spring,2020,"Souma, Ayame",https://myanimelist.net/character/370/Ayame_Souma,370,Supporting,1183
41074,Digimon Adventure:,https://myanimelist.net/anime/41074/Digimon_Adventure_,TV,Spring,2020,Tentomon,https://myanimelist.net/character/9953/Tentomon,9953,Supporting,58
39463,Gleipnir,https://myanimelist.net/anime/39463/Gleipnir,TV,Spring,2020,Alien,https://myanimelist.net/character/157028/Alien,157028,Supporting,19
41611,Wan Sheng Jie,https://myanimelist.net/anime/41611/Wan_Sheng_Jie,ONA,,2020,Narrator,https://myanimelist.net/character/217555/Narrator,217555,Supporting,1
41547,Ninjala Episode 0,https://myanimelist.net/anime/41547/Ninjala_Episode_0,ONA,,2020,Burton,https://myanimelist.net/character/203982/Burton,203982,Main,0
40858,Psycho-Pass 3: First Inspector,https://myanimelist.net/anime/40858/Psycho-Pass_3__First_Inspector,ONA,,2020,"Hinakawa, Shou",https://myanimelist.net/character/113595/Shou_Hinakawa,113595,Supporting,107
40602,7 Seeds 2nd Season,https://myanimelist.net/anime/40602/7_Seeds_2nd_Season,ONA,,2020,Ryou,https://myanimelist.net/character/174895/Ryou,174895,Main,10
38088,Digimon Adventure: Last Evolution Kizuna,https://myanimelist.net/anime/38088/Digimon_Adventure__Last_Evolution_Kizuna,Movie,,2020,Tentomon,https://myanimelist.net/character/9953/Tentomon,9953,Main,58
38663,Mushikago no Cagaster,https://myanimelist.net/anime/38663/Mushikago_no_Cagaster,ONA,,2020,"Kirio, Franz",https://myanimelist.net/character/166970/Franz_Kirio,166970,Supporting,0
40861,Hakumei no Tsubasa,https://myanimelist.net/anime/40861/Hakumei_no_Tsubasa,ONA,,2020,Dande,https://myanimelist.net/character/178273/Dande,178273,Supporting,46
38302,Boku no Tonari ni Ankoku Hakaishin ga Imasu.,https://myanimelist.net/anime/38302/Boku_no_Tonari_ni_Ankoku_Hakaishin_ga_Imasu,TV,Winter,2020,"Hanadori, Kabuto",https://myanimelist.net/character/165509/Kabuto_Hanadori,165509,Main,110
40136,Oda Cinnamon Nobunaga,https://myanimelist.net/anime/40136/Oda_Cinnamon_Nobunaga,TV,Winter,2020,Gilbert,https://myanimelist.net/character/194319/Gilbert,194319,Supporting,0
40230,Housekishou Richard-shi no Nazo Kantei,https://myanimelist.net/anime/40230/Housekishou_Richard-shi_no_Nazo_Kantei,TV,Winter,2020,"de Vulpian, Richard Ranashinha",https://myanimelist.net/character/174393/Richard_Ranashinha_de_Vulpian,174393,Main,121
39531,Kuutei Dragons,https://myanimelist.net/anime/39531/Kuutei_Dragons,TV,Winter,2020,Niko,https://myanimelist.net/character/177233/Niko,177233,Supporting,0
39931,Santa Company: Christmas no Himitsu,https://myanimelist.net/anime/39931/Santa_Company__Christmas_no_Himitsu,Movie,,2019,"Rondo, Pedro",https://myanimelist.net/character/96257/Pedro_Rondo,96257,Supporting,0
39574,Levius,https://myanimelist.net/anime/39574/Levius,ONA,,2019,"Weinberg, Bill",https://myanimelist.net/character/176254/Bill_Weinberg,176254,Supporting,2
39491,Psycho-Pass 3,https://myanimelist.net/anime/39491/Psycho-Pass_3,TV,Fall,2019,"Hinakawa, Shou",https://myanimelist.net/character/113595/Shou_Hinakawa,113595,Supporting,107
39705,One Punch Man 2nd Season Specials,https://myanimelist.net/anime/39705/One_Punch_Man_2nd_Season_Specials,Special,,2019,Zombieman,https://myanimelist.net/character/127454/Zombieman,127454,Supporting,280
39584,Human Lost: Ningen Shikkaku,https://myanimelist.net/anime/39584/Human_Lost__Ningen_Shikkaku,Movie,,2019,"Horiki, Masao",https://myanimelist.net/character/170888/Masao_Horiki,170888,Supporting,0
39940,Shokugeki no Souma: Shin no Sara,https://myanimelist.net/anime/39940/Shokugeki_no_Souma__Shin_no_Sara,TV,Fall,2019,"Isshiki, Satoshi",https://myanimelist.net/character/78475/Satoshi_Isshiki,78475,Supporting,1049
37972,Hoshiai no Sora,https://myanimelist.net/anime/37972/Hoshiai_no_Sora,TV,Fall,2019,"Sakurai, Takayuki",https://myanimelist.net/character/174376/Takayuki_Sakurai,174376,Supporting,1
39701,Nanatsu no Taizai: Kamigami no Gekirin,https://myanimelist.net/anime/39701/Nanatsu_no_Taizai__Kamigami_no_Gekirin,TV,Fall,2019,Griamore,https://myanimelist.net/character/86703/Griamore,86703,Supporting,4
39506,Phantasy Star Online 2: Episode Oracle,https://myanimelist.net/anime/39506/Phantasy_Star_Online_2__Episode_Oracle,TV,Fall,2019,Luther,https://myanimelist.net/character/172703/Luther,172703,Supporting,4
37525,Babylon,https://myanimelist.net/anime/37525/Babylon,TV,Fall,2019,"Kujiin, Shinobu",https://myanimelist.net/character/174092/Shinobu_Kujiin,174092,Main,14
38084,Fate/Grand Order: Zettai Majuu Sensen Babylonia,https://myanimelist.net/anime/38084/Fate_Grand_Order__Zettai_Majuu_Sensen_Babylonia,TV,Fall,2019,Merlin,https://myanimelist.net/character/147065/Merlin,147065,Main,463
37403,Ahiru no Sora,https://myanimelist.net/anime/37403/Ahiru_no_Sora,TV,Fall,2019,"Shiraishi, Sei",https://myanimelist.net/character/91851/Sei_Shiraishi,91851,Supporting,1
39651,Mob Psycho 100: Dai Ikkai Rei toka Soudansho Ian Ryokou - Kokoro Mitasu Iyashi no Tabi,https://myanimelist.net/anime/39651/Mob_Psycho_100__Dai_Ikkai_Rei_toka_Soudansho_Ian_Ryokou_-_Kokoro_Mitasu_Iyashi_no_Tabi,OVA,,2019,"Reigen, Arataka",https://myanimelist.net/character/109931/Arataka_Reigen,109931,Main,39397
40211,Luo Xiao Hei Zhan Ji (Movie),https://myanimelist.net/anime/40211/Luo_Xiao_Hei_Zhan_Ji_Movie,Movie,,2019,Feng Xi,https://myanimelist.net/character/192064/Feng_Xi,192064,Main,4
36903,Kengan Ashura,https://myanimelist.net/anime/36903/Kengan_Ashura,ONA,,2019,Hassad,https://myanimelist.net/character/187567/Hassad,187567,Supporting,0
36040,Saint Seiya: Knights of the Zodiac,https://myanimelist.net/anime/36040/Saint_Seiya__Knights_of_the_Zodiac,ONA,,2019,"Dragon, Shiryuu",https://myanimelist.net/character/5922/Shiryuu_Dragon,5922,Main,609
38793,Tensei shitara Slime Datta Ken OVA,https://myanimelist.net/anime/38793/Tensei_shitara_Slime_Datta_Ken_OVA,OVA,,2019,Diablo,https://myanimelist.net/character/131941/Diablo,131941,Supporting,2820
38735,7 Seeds,https://myanimelist.net/anime/38735/7_Seeds,ONA,,2019,Ryou,https://myanimelist.net/character/174895/Ryou,174895,Supporting,10
35678,Hibike! Euphonium Movie 3: Chikai no Finale,https://myanimelist.net/anime/35678/Hibike_Euphonium_Movie_3__Chikai_no_Finale,Movie,,2019,"Taki, Noboru",https://myanimelist.net/character/124464/Noboru_Taki,124464,Supporting,101
38003,Bungou Stray Dogs 3rd Season,https://myanimelist.net/anime/38003/Bungou_Stray_Dogs_3rd_Season,TV,Spring,2019,"Fitzgerald, Francis Scott Key",https://myanimelist.net/character/132965/Francis_Scott_Key_Fitzgerald,132965,Supporting,152
37435,Carole & Tuesday,https://myanimelist.net/anime/37435/Carole___Tuesday,TV,Spring,2019,"Simmons, Spencer",https://myanimelist.net/character/183995/Spencer_Simmons,183995,Supporting,0
34134,One Punch Man 2nd Season,https://myanimelist.net/anime/34134/One_Punch_Man_2nd_Season,TV,Spring,2019,Zombieman,https://myanimelist.net/character/127454/Zombieman,127454,Supporting,280
37964,Mayonaka no Occult Koumuin,https://myanimelist.net/anime/37964/Mayonaka_no_Occult_Koumuin,TV,Spring,2019,"Kanoichi, Satoru",https://myanimelist.net/character/167458/Satoru_Kanoichi,167458,Supporting,0
38680,Fruits Basket 1st Season,https://myanimelist.net/anime/38680/Fruits_Basket_1st_Season,TV,Spring,2019,"Souma, Ayame",https://myanimelist.net/character/370/Ayame_Souma,370,Supporting,1183
38000,Kimetsu no Yaiba,https://myanimelist.net/anime/38000/Kimetsu_no_Yaiba,TV,Spring,2019,"Tomioka, Giyuu",https://myanimelist.net/character/146735/Giyuu_Tomioka,146735,Supporting,11761
38731,Diamond no Ace: Act II,https://myanimelist.net/anime/38731/Diamond_no_Ace__Act_II,TV,Spring,2019,"Miyuki, Kazuya",https://myanimelist.net/character/30267/Kazuya_Miyuki,30267,Main,2923
37596,Poputepipikku TV Special,https://myanimelist.net/anime/37596/Poputepipikku_TV_Special,TV Special,,2019,Popuko,https://myanimelist.net/character/148256/Popuko,148256,Main,549
38201,Osomatsu-san Movie,https://myanimelist.net/anime/38201/Osomatsu-san_Movie,Movie,,2019,"Matsuno, Osomatsu",https://myanimelist.net/character/89105/Osomatsu_Matsuno,89105,Main,385
41052,Osomatsu-san Movie: Zensetsu Gekijou,https://myanimelist.net/anime/41052/Osomatsu-san_Movie__Zensetsu_Gekijou,Movie,,2019,"Matsuno, Osomatsu",https://myanimelist.net/character/89105/Osomatsu_Matsuno,89105,Main,385
37442,Psycho-Pass: Sinners of the System Case.3 - Onshuu no Kanata ni＿＿,https://myanimelist.net/anime/37442/Psycho-Pass__Sinners_of_the_System_Case3_-_Onshuu_no_Kanata_ni＿＿,Movie,,2019,"Makishima, Shougo",https://myanimelist.net/character/69725/Shougo_Makishima,69725,Supporting,10060
34437,Code Geass: Fukkatsu no Lelouch,https://myanimelist.net/anime/34437/Code_Geass__Fukkatsu_no_Lelouch,Movie,,2019,"Kururugi, Suzaku",https://myanimelist.net/character/559/Suzaku_Kururugi,559,Main,3966
37440,Psycho-Pass: Sinners of the System Case.1 - Tsumi to Batsu,https://myanimelist.net/anime/37440/Psycho-Pass__Sinners_of_the_System_Case1_-_Tsumi_to_Batsu,Movie,,2019,"Hinakawa, Shou",https://myanimelist.net/character/113595/Shou_Hinakawa,113595,Supporting,107
37436,Revisions,https://myanimelist.net/anime/37436/Revisions,TV,Winter,2019,"Doujima, Mikio",https://myanimelist.net/character/247833/Mikio_Doujima,247833,Supporting,0
37510,Mob Psycho 100 II,https://myanimelist.net/anime/37510/Mob_Psycho_100_II,TV,Winter,2019,"Reigen, Arataka",https://myanimelist.net/character/109931/Arataka_Reigen,109931,Main,39397
38733,Hataraku Saibou: Kaze Shoukougun,https://myanimelist.net/anime/38733/Hataraku_Saibou__Kaze_Shoukougun,Special,,2018,Helper T Saibou,https://myanimelist.net/character/164415/Helper_T_Saibou,164415,Supporting,4
37307,K: Seven Stories Movie 6 - Circle Vision - Nameless Song,https://myanimelist.net/anime/37307/K__Seven_Stories_Movie_6_-_Circle_Vision_-_Nameless_Song,Movie,,2018,"Kusanagi, Izumo",https://myanimelist.net/character/64625/Izumo_Kusanagi,64625,Supporting,172
38360,Drifters: The Outlandish Knight,https://myanimelist.net/anime/38360/Drifters__The_Outlandish_Knight,OVA,,2018,"Abe no, Haruakira",https://myanimelist.net/character/43716/Haruakira_Abe_no,43716,Supporting,6
36556,Peace Maker Kurogane Movie 2: Yuumei,https://myanimelist.net/anime/36556/Peace_Maker_Kurogane_Movie_2__Yuumei,Movie,,2018,"Yamazaki, Susumu",https://myanimelist.net/character/166/Susumu_Yamazaki,166,Main,76
38198,Nanatsu no Taizai: Eiyuu-tachi wa Hashagu,https://myanimelist.net/anime/38198/Nanatsu_no_Taizai__Eiyuu-tachi_wa_Hashagu,OVA,,2018,Griamore,https://myanimelist.net/character/86703/Griamore,86703,Supporting,4
37897,Godzilla 3: Hoshi wo Kuu Mono,https://myanimelist.net/anime/37897/Godzilla_3__Hoshi_wo_Kuu_Mono,Movie,,2018,Metphies,https://myanimelist.net/character/149522/Metphies,149522,Main,6
37306,K: Seven Stories Movie 5 - Memory of Red - Burn,https://myanimelist.net/anime/37306/K__Seven_Stories_Movie_5_-_Memory_of_Red_-_Burn,Movie,,2018,"Kusanagi, Izumo",https://myanimelist.net/character/64625/Izumo_Kusanagi,64625,Main,172
35228,Haikara-san ga Tooru Movie 2: Hana no Tokyo Dai Roman,https://myanimelist.net/anime/35228/Haikara-san_ga_Tooru_Movie_2__Hana_no_Tokyo_Dai_Roman,Movie,,2018,"Aoe, Tousei",https://myanimelist.net/character/80253/Tousei_Aoe,80253,Supporting,6
37447,Karakuri Circus,https://myanimelist.net/anime/37447/Karakuri_Circus,TV,Fall,2018,"Ashihana, Eiryou",https://myanimelist.net/character/165058/Eiryou_Ashihana,165058,Supporting,7
37799,Tokyo Ghoul:re 2nd Season,https://myanimelist.net/anime/37799/Tokyo_Ghoul_re_2nd_Season,TV,Fall,2018,Uta,https://myanimelist.net/character/93343/Uta,93343,Supporting,3385
38395,Otona no Bouguya-san,https://myanimelist.net/anime/38395/Otona_no_Bouguya-san,ONA,,2018,Narden,https://myanimelist.net/character/165282/Narden,165282,Main,2
35972,Fairy Tail: Final Series,https://myanimelist.net/anime/35972/Fairy_Tail__Final_Series,TV,Fall,2018,"Eucliffe, Sting",https://myanimelist.net/character/51171/Sting_Eucliffe,51171,Supporting,482
37305,K: Seven Stories Movie 4 - Lost Small World - Ori no Mukou ni,https://myanimelist.net/anime/37305/K__Seven_Stories_Movie_4_-_Lost_Small_World_-_Ori_no_Mukou_ni,Movie,,2018,"Kusanagi, Izumo",https://myanimelist.net/character/64625/Izumo_Kusanagi,64625,Supporting,172
38235,Inazuma Eleven: Orion no Kokuin,https://myanimelist.net/anime/38235/Inazuma_Eleven__Orion_no_Kokuin,TV,Fall,2018,"Mansaku, Yuuichirou",https://myanimelist.net/character/146204/Yuuichirou_Mansaku,146204,Supporting,1
36000,Sora to Umi no Aida,https://myanimelist.net/anime/36000/Sora_to_Umi_no_Aida,TV,Fall,2018,"Kazamatsuri, Jouji",https://myanimelist.net/character/164986/Jouji_Kazamatsuri,164986,Supporting,0
37430,Tensei shitara Slime Datta Ken,https://myanimelist.net/anime/37430/Tensei_shitara_Slime_Datta_Ken,TV,Fall,2018,Diablo,https://myanimelist.net/character/131941/Diablo,131941,Supporting,2820
37988,Uchuu Senkan Tiramisù II,https://myanimelist.net/anime/37988/Uchuu_Senkan_Tiramisù_II,TV,Fall,2018,"Ichinose, Isuzu",https://myanimelist.net/character/159573/Isuzu_Ichinose,159573,Main,3
35835,RErideD: Tokigoe no Derrida,https://myanimelist.net/anime/35835/RErideD__Tokigoe_no_Derrida,TV,Fall,2018,"Bilstein, Nathan",https://myanimelist.net/character/162772/Nathan_Bilstein,162772,Supporting,0
36654,Tsukumogami Kashimasu,https://myanimelist.net/anime/36654/Tsukumogami_Kashimasu,TV,Summer,2018,Satarou,https://myanimelist.net/character/160360/Satarou,160360,Supporting,0
36955,Tales of the Rays Gekijou,https://myanimelist.net/anime/36955/Tales_of_the_Rays_Gekijou,ONA,,2018,"Lhant, Asbel",https://myanimelist.net/character/39930/Asbel_Lhant,39930,Supporting,18
37569,Sirius,https://myanimelist.net/anime/37569/Sirius,TV,Summer,2018,Mikhail,https://myanimelist.net/character/162273/Mikhail,162273,Supporting,118
37662,Shinya! Tensai Bakabon,https://myanimelist.net/anime/37662/Shinya_Tensai_Bakabon,TV,Summer,2018,Unagi-Inu,https://myanimelist.net/character/51537/Unagi-Inu,51537,Supporting,1
37598,Phantom in the Twilight,https://myanimelist.net/anime/37598/Phantom_in_the_Twilight,TV,Summer,2018,"Garfunkel, Vlad ",https://myanimelist.net/character/162809/Vlad__Garfunkel,162809,Main,3
37675,Overlord III,https://myanimelist.net/anime/37675/Overlord_III,TV,Summer,2018,"Rune Farlord El Nix, Jircniv",https://myanimelist.net/character/162917/Jircniv_Rune_Farlord_El_Nix,162917,Supporting,42
37141,Hataraku Saibou,https://myanimelist.net/anime/37141/Hataraku_Saibou,TV,Summer,2018,Helper T Saibou,https://myanimelist.net/character/164415/Helper_T_Saibou,164415,Supporting,4
33248,K: Seven Stories Movie 1 - R:B - Blaze,https://myanimelist.net/anime/33248/K__Seven_Stories_Movie_1_-_R_B_-_Blaze,Movie,,2018,"Kusanagi, Izumo",https://myanimelist.net/character/64625/Izumo_Kusanagi,64625,Supporting,172
37308,K: Seven Stories - The Idol K,https://myanimelist.net/anime/37308/K__Seven_Stories_-_The_Idol_K,Movie,,2018,"Kusanagi, Izumo",https://myanimelist.net/character/64625/Izumo_Kusanagi,64625,Supporting,172
35994,Satsuriku no Tenshi,https://myanimelist.net/anime/35994/Satsuriku_no_Tenshi,TV,Summer,2018,"Dickens, Daniel",https://myanimelist.net/character/161647/Daniel_Dickens,161647,Supporting,86
33966,Yume Oukoku to Nemureru 100-nin no Oujisama,https://myanimelist.net/anime/33966/Yume_Oukoku_to_Nemureru_100-nin_no_Oujisama,TV,Summer,2018,Orion,https://myanimelist.net/character/163175/Orion,163175,Supporting,0
38112,Tales of Puppet,https://myanimelist.net/anime/38112/Tales_of_Puppet,ONA,,2018,"Lhant, Asbel",https://myanimelist.net/character/39930/Asbel_Lhant,39930,Main,18
35424,"Donten ni Warau Gaiden: Shukumei, Soutou no Fuuma",https://myanimelist.net/anime/35424/Donten_ni_Warau_Gaiden__Shukumei_Soutou_no_Fuuma,Movie,,2018,"Kinjou, Shirasu",https://myanimelist.net/character/55347/Shirasu_Kinjou,55347,Main,155
33185,Peace Maker Kurogane Movie 1: Omou Michi,https://myanimelist.net/anime/33185/Peace_Maker_Kurogane_Movie_1__Omou_Michi,Movie,,2018,"Yamazaki, Susumu",https://myanimelist.net/character/166/Susumu_Yamazaki,166,Main,76
34440,Code Geass: Hangyaku no Lelouch III - Oudou,https://myanimelist.net/anime/34440/Code_Geass__Hangyaku_no_Lelouch_III_-_Oudou,Movie,,2018,"Kururugi, Suzaku",https://myanimelist.net/character/559/Suzaku_Kururugi,559,Main,3966
36816,Godzilla 2: Kessen Kidou Zoushoku Toshi,https://myanimelist.net/anime/36816/Godzilla_2__Kessen_Kidou_Zoushoku_Toshi,Movie,,2018,Metphies,https://myanimelist.net/character/149522/Metphies,149522,Supporting,6
36466,Digimon Adventure tri. 6: Bokura no Mirai,https://myanimelist.net/anime/36466/Digimon_Adventure_tri_6__Bokura_no_Mirai,Movie,,2018,Tentomon,https://myanimelist.net/character/9953/Tentomon,9953,Main,58
35656,Oshiri Tantei,https://myanimelist.net/anime/35656/Oshiri_Tantei,TV,Spring,2018,Kaito U,https://myanimelist.net/character/239109/Kaito_U,239109,Supporting,0
35677,Liz to Aoi Tori,https://myanimelist.net/anime/35677/Liz_to_Aoi_Tori,Movie,,2018,"Taki, Noboru",https://myanimelist.net/character/124464/Noboru_Taki,124464,Supporting,101
36949,Shokugeki no Souma: San no Sara - Tootsuki Ressha-hen,https://myanimelist.net/anime/36949/Shokugeki_no_Souma__San_no_Sara_-_Tootsuki_Ressha-hen,TV,Spring,2018,"Isshiki, Satoshi",https://myanimelist.net/character/78475/Satoshi_Isshiki,78475,Supporting,1049
33850,Nil Admirari no Tenbin,https://myanimelist.net/anime/33850/Nil_Admirari_no_Tenbin,TV,Spring,2018,"Sagisawa, Rui",https://myanimelist.net/character/157802/Rui_Sagisawa,157802,Main,9
35928,Devils Line,https://myanimelist.net/anime/35928/Devils_Line,TV,Spring,2018,"Kikuhara, Kirio",https://myanimelist.net/character/156682/Kirio_Kikuhara,156682,Supporting,2
33733,Inazuma Eleven: Ares no Tenbin,https://myanimelist.net/anime/33733/Inazuma_Eleven__Ares_no_Tenbin,TV,Spring,2018,"Mansaku, Yuuichirou",https://myanimelist.net/character/146204/Yuuichirou_Mansaku,146204,Supporting,1
33733,Inazuma Eleven: Ares no Tenbin,https://myanimelist.net/anime/33733/Inazuma_Eleven__Ares_no_Tenbin,TV,Spring,2018,"Mizukamiya, Seiryuu",https://myanimelist.net/character/163025/Seiryuu_Mizukamiya,163025,Supporting,7
36470,Tada-kun wa Koi wo Shinai,https://myanimelist.net/anime/36470/Tada-kun_wa_Koi_wo_Shinai,TV,Spring,2018,"de Loire, Charles",https://myanimelist.net/character/161563/Charles_de_Loire,161563,Supporting,14
36511,Tokyo Ghoul:re,https://myanimelist.net/anime/36511/Tokyo_Ghoul_re,TV,Spring,2018,Uta,https://myanimelist.net/character/93343/Uta,93343,Supporting,3385
36267,Uchuu Senkan Tiramisù,https://myanimelist.net/anime/36267/Uchuu_Senkan_Tiramisù,TV,Spring,2018,"Ichinose, Isuzu",https://myanimelist.net/character/159573/Isuzu_Ichinose,159573,Main,3
37505,Grancrest Senki: Tsuisou,https://myanimelist.net/anime/37505/Grancrest_Senki__Tsuisou,TV Special,,2018,"Constance, Villar",https://myanimelist.net/character/152329/Villar_Constance,152329,Supporting,20
36616,Mob Psycho 100: Reigen - Shirarezaru Kiseki no Reinouryokusha,https://myanimelist.net/anime/36616/Mob_Psycho_100__Reigen_-_Shirarezaru_Kiseki_no_Reinouryokusha,Special,,2018,"Reigen, Arataka",https://myanimelist.net/character/109931/Arataka_Reigen,109931,Main,39397
34513,Days: Touin Gakuen-sen!,https://myanimelist.net/anime/34513/Days__Touin_Gakuen-sen,OVA,,2018,"Usui, Yuuta",https://myanimelist.net/character/139408/Yuuta_Usui,139408,Supporting,13
34944,Bungou Stray Dogs: Dead Apple,https://myanimelist.net/anime/34944/Bungou_Stray_Dogs__Dead_Apple,Movie,,2018,"Fitzgerald, Francis Scott Key",https://myanimelist.net/character/132965/Francis_Scott_Key_Fitzgerald,132965,Supporting,152
36197,Infini-T Force Movie: Gatchaman - Saraba Tomo yo,https://myanimelist.net/anime/36197/Infini-T_Force_Movie__Gatchaman_-_Saraba_Tomo_yo,Movie,,2018,"Minami, Johji",https://myanimelist.net/character/38978/Johji_Minami,38978,Supporting,1
34439,Code Geass: Hangyaku no Lelouch II - Handou,https://myanimelist.net/anime/34439/Code_Geass__Hangyaku_no_Lelouch_II_-_Handou,Movie,,2018,"Kururugi, Suzaku",https://myanimelist.net/character/559/Suzaku_Kururugi,559,Main,3966
34577,Nanatsu no Taizai: Imashime no Fukkatsu,https://myanimelist.net/anime/34577/Nanatsu_no_Taizai__Imashime_no_Fukkatsu,TV,Winter,2018,Griamore,https://myanimelist.net/character/86703/Griamore,86703,Supporting,4
36029,Hakyuu Houshin Engi,https://myanimelist.net/anime/36029/Hakyuu_Houshin_Engi,TV,Winter,2018,Sibuxiang,https://myanimelist.net/character/4661/Sibuxiang,4661,Supporting,9
35073,Overlord II,https://myanimelist.net/anime/35073/Overlord_II,TV,Winter,2018,"Rune Farlord El Nix, Jircniv",https://myanimelist.net/character/162917/Jircniv_Rune_Farlord_El_Nix,162917,Supporting,42
34279,Grancrest Senki,https://myanimelist.net/anime/34279/Grancrest_Senki,TV,Winter,2018,"Constance, Villar",https://myanimelist.net/character/152329/Villar_Constance,152329,Supporting,20
36982,Micchiri Neko,https://myanimelist.net/anime/36982/Micchiri_Neko,TV,Winter,2018,Honey,https://myanimelist.net/character/157387/Honey,157387,Main,6
36480,Drifters (OVA),https://myanimelist.net/anime/36480/Drifters_OVA,OVA,,2017,"Abe no, Haruakira",https://myanimelist.net/character/43716/Haruakira_Abe_no,43716,Supporting,6
36043,Net-juu no Susume Special,https://myanimelist.net/anime/36043/Net-juu_no_Susume_Special,Special,,2017,"Sakurai, Yuuta",https://myanimelist.net/character/153566/Yuuta_Sakurai,153566,Main,146
35086,"Donten ni Warau Gaiden: Ketsubetsu, Yamainu no Chikai",https://myanimelist.net/anime/35086/Donten_ni_Warau_Gaiden__Ketsubetsu_Yamainu_no_Chikai,Movie,,2017,"Kinjou, Shirasu",https://myanimelist.net/character/55347/Shirasu_Kinjou,55347,Supporting,155
33783,Godzilla 1: Kaijuu Wakusei,https://myanimelist.net/anime/33783/Godzilla_1__Kaijuu_Wakusei,Movie,,2017,Metphies,https://myanimelist.net/character/149522/Metphies,149522,Supporting,6
33378,"Haikara-san ga Tooru Movie 1: Benio, Hana no 17-sai",https://myanimelist.net/anime/33378/Haikara-san_ga_Tooru_Movie_1__Benio_Hana_no_17-sai,Movie,,2017,"Aoe, Tousei",https://myanimelist.net/character/80253/Tousei_Aoe,80253,Supporting,6
34438,Code Geass: Hangyaku no Lelouch I - Koudou,https://myanimelist.net/anime/34438/Code_Geass__Hangyaku_no_Lelouch_I_-_Koudou,Movie,,2017,"Kururugi, Suzaku",https://myanimelist.net/character/559/Suzaku_Kururugi,559,Main,3966
40836,Code Geass: Hangyaku no Lelouch Picture Drama - Kamen Kokuhaku Taikai,https://myanimelist.net/anime/40836/Code_Geass__Hangyaku_no_Lelouch_Picture_Drama_-_Kamen_Kokuhaku_Taikai,Special,,2017,"Kururugi, Suzaku",https://myanimelist.net/character/559/Suzaku_Kururugi,559,Supporting,3966
35180,3-gatsu no Lion 2nd Season,https://myanimelist.net/anime/35180/3-gatsu_no_Lion_2nd_Season,TV,Fall,2017,"Hayashida, Takashi",https://myanimelist.net/character/70313/Takashi_Hayashida,70313,Supporting,261
36038,Net-juu no Susume,https://myanimelist.net/anime/36038/Net-juu_no_Susume,TV,Fall,2017,"Sakurai, Yuuta",https://myanimelist.net/character/153566/Yuuta_Sakurai,153566,Main,146
36038,Net-juu no Susume,https://myanimelist.net/anime/36038/Net-juu_no_Susume,TV,Fall,2017,Harth,https://myanimelist.net/character/157200/Harth,157200,Supporting,0
34771,Dynamic Chord,https://myanimelist.net/anime/34771/Dynamic_Chord,TV,Fall,2017,"Otoishi, Yuusei",https://myanimelist.net/character/150092/Yuusei_Otoishi,150092,Supporting,1
35788,Shokugeki no Souma: San no Sara,https://myanimelist.net/anime/35788/Shokugeki_no_Souma__San_no_Sara,TV,Fall,2017,"Isshiki, Satoshi",https://myanimelist.net/character/78475/Satoshi_Isshiki,78475,Supporting,1049
33027,Infini-T Force,https://myanimelist.net/anime/33027/Infini-T_Force,TV,Fall,2017,"Minami, Johji",https://myanimelist.net/character/38978/Johji_Minami,38978,Main,1
35067,Osomatsu-san 2nd Season,https://myanimelist.net/anime/35067/Osomatsu-san_2nd_Season,TV,Fall,2017,"Matsuno, Osomatsu",https://myanimelist.net/character/89105/Osomatsu_Matsuno,89105,Main,385
34572,Black Clover,https://myanimelist.net/anime/34572/Black_Clover,TV,Fall,2017,Patry,https://myanimelist.net/character/155493/Patry,155493,Supporting,49
34572,Black Clover,https://myanimelist.net/anime/34572/Black_Clover,TV,Fall,2017,Licht,https://myanimelist.net/character/173858/Licht,173858,Supporting,68
34962,Digimon Adventure tri. 5: Kyousei,https://myanimelist.net/anime/34962/Digimon_Adventure_tri_5__Kyousei,Movie,,2017,Tentomon,https://myanimelist.net/character/9953/Tentomon,9953,Main,58
35082,Hibike! Euphonium Movie 2: Todoketai Melody,https://myanimelist.net/anime/35082/Hibike_Euphonium_Movie_2__Todoketai_Melody,Movie,,2017,"Taki, Noboru",https://myanimelist.net/character/124464/Noboru_Taki,124464,Supporting,101
35111,Haikyuu!! Movie 4: Concept no Tatakai,https://myanimelist.net/anime/35111/Haikyuu_Movie_4__Concept_no_Tatakai,Movie,,2017,"Tsukishima, Akiteru",https://myanimelist.net/character/122123/Akiteru_Tsukishima,122123,Supporting,20
33191,Kishibe Rohan wa Ugokanai,https://myanimelist.net/anime/33191/Kishibe_Rohan_wa_Ugokanai,OVA,,2017,"Kishibe, Rohan",https://myanimelist.net/character/12659/Rohan_Kishibe,12659,Main,7660
34498,"Uchiage Hanabi, Shita kara Miru ka? Yoko kara Miru ka?",https://myanimelist.net/anime/34498/Uchiage_Hanabi_Shita_kara_Miru_ka_Yoko_kara_Miru_ka,Movie,,2017,Mitsuishi,https://myanimelist.net/character/164826/Mitsuishi,164826,Supporting,0
35247,Owarimonogatari 2nd Season,https://myanimelist.net/anime/35247/Owarimonogatari_2nd_Season,TV Special,,2017,"Oshino, Meme",https://myanimelist.net/character/22552/Meme_Oshino,22552,Supporting,3669
36796,Owarimonogatari 2nd Season Recaps,https://myanimelist.net/anime/36796/Owarimonogatari_2nd_Season_Recaps,TV Special,,2017,"Oshino, Meme",https://myanimelist.net/character/22552/Meme_Oshino,22552,Supporting,3669
35909,Guruguru Petit Anime Gekijou,https://myanimelist.net/anime/35909/Guruguru_Petit_Anime_Gekijou,ONA,,2017,Gipple,https://myanimelist.net/character/23511/Gipple,23511,Supporting,14
34725,Kaito x Ansa,https://myanimelist.net/anime/34725/Kaito_x_Ansa,TV,Summer,2017,"Arishin, Ansa",https://myanimelist.net/character/152937/Ansa_Arishin,152937,Main,0
34745,Mahoujin Guruguru (2017),https://myanimelist.net/anime/34745/Mahoujin_Guruguru_2017,TV,Summer,2017,Gipple,https://myanimelist.net/character/23511/Gipple,23511,Supporting,14
34636,Ballroom e Youkoso,https://myanimelist.net/anime/34636/Ballroom_e_Youkoso,TV,Summer,2017,"Kugimiya, Masami",https://myanimelist.net/character/154509/Masami_Kugimiya,154509,Supporting,28
34547,Shoukoku no Altair,https://myanimelist.net/anime/34547/Shoukoku_no_Altair,TV,Summer,2017,Glalat,https://myanimelist.net/character/151599/Glalat,151599,Supporting,1
34543,Dive!!,https://myanimelist.net/anime/34543/Dive,TV,Summer,2017,"Fujitani, Youichi",https://myanimelist.net/character/150448/Youichi_Fujitani,150448,Main,10
35434,Konbini Kareshi,https://myanimelist.net/anime/35434/Konbini_Kareshi,TV,Summer,2017,"Sakurakouji, Masamune",https://myanimelist.net/character/150900/Masamune_Sakurakouji,150900,Supporting,0
34777,"91 Days: Toki no Asase/Subete no Kinou/Ashita, Mata Ashita",https://myanimelist.net/anime/34777/91_Days__Toki_no_Asase_Subete_no_Kinou_Ashita_Mata_Ashita,Special,,2017,Barbero,https://myanimelist.net/character/141209/Barbero,141209,Supporting,4
34012,Isekai Shokudou,https://myanimelist.net/anime/34012/Isekai_Shokudou,TV,Summer,2017,Alexander,https://myanimelist.net/character/153982/Alexander,153982,Supporting,2
35220,Youkai Apartment no Yuuga na Nichijou,https://myanimelist.net/anime/35220/Youkai_Apartment_no_Yuuga_na_Nichijou,TV,Summer,2017,"Sith, Cait",https://myanimelist.net/character/153984/Cait_Sith,153984,Supporting,0
34662,Fate/Apocrypha,https://myanimelist.net/anime/34662/Fate_Apocrypha,TV,Summer,2017,Merlin,https://myanimelist.net/character/147065/Merlin,147065,Supporting,463
32086,Blame! Movie,https://myanimelist.net/anime/32086/Blame_Movie,Movie,,2017,Killy,https://myanimelist.net/character/3762/Killy,3762,Main,1240
34866,Yu☆Gi☆Oh! VRAINS,https://myanimelist.net/anime/34866/Yu☆Gi☆Oh_VRAINS,TV,Spring,2017,Ai,https://myanimelist.net/character/150579/Ai,150579,Main,48
34480,Shokugeki no Souma: Ni no Sara OVA,https://myanimelist.net/anime/34480/Shokugeki_no_Souma__Ni_no_Sara_OVA,OVA,,2017,"Isshiki, Satoshi",https://myanimelist.net/character/78475/Satoshi_Isshiki,78475,Supporting,1049
40334,Code Geass: Hangyaku no Lelouch Picture Drama - Kiseki no Anniversary,https://myanimelist.net/anime/40334/Code_Geass__Hangyaku_no_Lelouch_Picture_Drama_-_Kiseki_no_Anniversary,Special,,2017,"Kururugi, Suzaku",https://myanimelist.net/character/559/Suzaku_Kururugi,559,Main,3966
33371,Atom: The Beginning,https://myanimelist.net/anime/33371/Atom__The_Beginning,TV,Spring,2017,"Tsutsumi, Moriya",https://myanimelist.net/character/150974/Moriya_Tsutsumi,150974,Supporting,1
34076,Uchouten Kazoku 2,https://myanimelist.net/anime/34076/Uchouten_Kazoku_2,TV,Spring,2017,"Shimogamo, Yasaburou",https://myanimelist.net/character/80945/Yasaburou_Shimogamo,80945,Main,370
30736,Shingeki no Bahamut: Virgin Soul,https://myanimelist.net/anime/30736/Shingeki_no_Bahamut__Virgin_Soul,TV,Spring,2017,Lucifer,https://myanimelist.net/character/119609/Lucifer,119609,Supporting,40
34055,Berserk 2nd Season,https://myanimelist.net/anime/34055/Berserk_2nd_Season,TV,Spring,2017,Griffith,https://myanimelist.net/character/424/Griffith,424,Supporting,15629
34102,Sakurada Reset,https://myanimelist.net/anime/34102/Sakurada_Reset,TV,Spring,2017,"Urachi, Masamune",https://myanimelist.net/character/151409/Masamune_Urachi,151409,Supporting,3
34008,Days OVA,https://myanimelist.net/anime/34008/Days_OVA,OVA,,2017,"Usui, Yuuta",https://myanimelist.net/character/139408/Yuuta_Usui,139408,Supporting,13
34299,Digimon Adventure tri. 4: Soushitsu,https://myanimelist.net/anime/34299/Digimon_Adventure_tri_4__Soushitsu,Movie,,2017,Tentomon,https://myanimelist.net/character/9953/Tentomon,9953,Main,58
34549,Ryuu no Haisha,https://myanimelist.net/anime/34549/Ryuu_no_Haisha,TV Special,,2017,Oozawa,https://myanimelist.net/character/149005/Oozawa,149005,Supporting,0
23279,Gyakusatsu Kikan,https://myanimelist.net/anime/23279/Gyakusatsu_Kikan,Movie,,2017,"Paul, John",https://myanimelist.net/character/131815/John_Paul,131815,Supporting,13
33949,Oshiete! Galko-chan: Natsuyasumi tte Hontou desu ka?,https://myanimelist.net/anime/33949/Oshiete_Galko-chan__Natsuyasumi_tte_Hontou_desu_ka,OVA,,2017,Charao,https://myanimelist.net/character/137163/Charao,137163,Supporting,4
31758,Kizumonogatari III: Reiketsu-hen,https://myanimelist.net/anime/31758/Kizumonogatari_III__Reiketsu-hen,Movie,,2017,"Oshino, Meme",https://myanimelist.net/character/22552/Meme_Oshino,22552,Supporting,3669
34238,Osomatsu-san: Ouma de Kobanashi,https://myanimelist.net/anime/34238/Osomatsu-san__Ouma_de_Kobanashi,TV Special,,2016,"Matsuno, Osomatsu",https://myanimelist.net/character/89105/Osomatsu_Matsuno,89105,Main,385
32948,Fune wo Amu,https://myanimelist.net/anime/32948/Fune_wo_Amu,TV,Fall,2016,"Majime, Mitsuya",https://myanimelist.net/character/139108/Mitsuya_Majime,139108,Main,93
34239,Mutsugo to Ouma no Monogatari,https://myanimelist.net/anime/34239/Mutsugo_to_Ouma_no_Monogatari,CM,,2016,"Matsuno, Osomatsu",https://myanimelist.net/character/89105/Osomatsu_Matsuno,89105,Main,385
31646,3-gatsu no Lion,https://myanimelist.net/anime/31646/3-gatsu_no_Lion,TV,Fall,2016,"Hayashida, Takashi",https://myanimelist.net/character/70313/Takashi_Hayashida,70313,Supporting,261
33253,Ajin Part 2,https://myanimelist.net/anime/33253/Ajin_Part_2,TV,Fall,2016,"Tosaki, Yuu",https://myanimelist.net/character/109397/Yuu_Tosaki,109397,Supporting,74
32935,Haikyuu!! Karasuno Koukou vs. Shiratorizawa Gakuen Koukou,https://myanimelist.net/anime/32935/Haikyuu_Karasuno_Koukou_vs_Shiratorizawa_Gakuen_Koukou,TV,Fall,2016,"Tsukishima, Akiteru",https://myanimelist.net/character/122123/Akiteru_Tsukishima,122123,Supporting,20
31157,ClassicaLoid,https://myanimelist.net/anime/31157/ClassicaLoid,TV,Fall,2016,Rothbart,https://myanimelist.net/character/148834/Rothbart,148834,Supporting,0
31339,Drifters,https://myanimelist.net/anime/31339/Drifters,TV,Fall,2016,"Abe no, Haruakira",https://myanimelist.net/character/43716/Haruakira_Abe_no,43716,Supporting,6
31988,Hibike! Euphonium 2,https://myanimelist.net/anime/31988/Hibike_Euphonium_2,TV,Fall,2016,"Taki, Noboru",https://myanimelist.net/character/124464/Noboru_Taki,124464,Supporting,101
32867,Bungou Stray Dogs 2nd Season,https://myanimelist.net/anime/32867/Bungou_Stray_Dogs_2nd_Season,TV,Fall,2016,"Fitzgerald, Francis Scott Key",https://myanimelist.net/character/132965/Francis_Scott_Key_Fitzgerald,132965,Supporting,152
32979,Flip Flappers,https://myanimelist.net/anime/32979/Flip_Flappers,TV,Fall,2016,Soruto,https://myanimelist.net/character/144095/Soruto,144095,Supporting,6
33051,Kidou Senshi Gundam: Tekketsu no Orphans 2nd Season,https://myanimelist.net/anime/33051/Kidou_Senshi_Gundam__Tekketsu_no_Orphans_2nd_Season,TV,Fall,2016,"Fareed, McGillis",https://myanimelist.net/character/132557/McGillis_Fareed,132557,Supporting,115
36714,Hashire! Osomatsu-san,https://myanimelist.net/anime/36714/Hashire_Osomatsu-san,CM,,2016,"Matsuno, Osomatsu",https://myanimelist.net/character/89105/Osomatsu_Matsuno,89105,Main,385
37504,Mob Psycho Mini,https://myanimelist.net/anime/37504/Mob_Psycho_Mini,Special,,2016,"Reigen, Arataka",https://myanimelist.net/character/109931/Arataka_Reigen,109931,Main,39397
32551,Digimon Adventure tri. 3: Kokuhaku,https://myanimelist.net/anime/32551/Digimon_Adventure_tri_3__Kokuhaku,Movie,,2016,Tentomon,https://myanimelist.net/character/9953/Tentomon,9953,Main,58
30870,Ajin Part 3: Shougeki,https://myanimelist.net/anime/30870/Ajin_Part_3__Shougeki,Movie,,2016,"Tosaki, Yuu",https://myanimelist.net/character/109397/Yuu_Tosaki,109397,Supporting,74
32902,Mahoutsukai no Yome: Hoshi Matsu Hito,https://myanimelist.net/anime/32902/Mahoutsukai_no_Yome__Hoshi_Matsu_Hito,OVA,,2016,"Miura, Riichi",https://myanimelist.net/character/142027/Riichi_Miura,142027,Main,22
36498,Arslan Senki (TV): Fuujin Ranbu - Arsen 4-koma Gekijou,https://myanimelist.net/anime/36498/Arslan_Senki_TV__Fuujin_Ranbu_-_Arsen_4-koma_Gekijou,Special,,2016,Shagard,https://myanimelist.net/character/142317/Shagard,142317,Supporting,1
31722,Nanatsu no Taizai: Seisen no Shirushi,https://myanimelist.net/anime/31722/Nanatsu_no_Taizai__Seisen_no_Shirushi,TV,Summer,2016,Griamore,https://myanimelist.net/character/86703/Griamore,86703,Supporting,4
33964,91 Days: Mijikai Rousoku,https://myanimelist.net/anime/33964/91_Days__Mijikai_Rousoku,TV Special,,2016,Barbero,https://myanimelist.net/character/141209/Barbero,141209,Supporting,4
31757,Kizumonogatari II: Nekketsu-hen,https://myanimelist.net/anime/31757/Kizumonogatari_II__Nekketsu-hen,Movie,,2016,"Oshino, Meme",https://myanimelist.net/character/22552/Meme_Oshino,22552,Supporting,3669
34349,Diamond no Ace: Second Season OVA,https://myanimelist.net/anime/34349/Diamond_no_Ace__Second_Season_OVA,OVA,,2016,"Miyuki, Kazuya",https://myanimelist.net/character/30267/Kazuya_Miyuki,30267,Main,2923
31763,Accel World: Infinite∞Burst,https://myanimelist.net/anime/31763/Accel_World__Infinite∞Burst,Movie,,2016,Blue Knight,https://myanimelist.net/character/62983/Blue_Knight,62983,Supporting,1
31490,One Piece Film: Gold,https://myanimelist.net/anime/31490/One_Piece_Film__Gold,Movie,,2016,"Tesoro, Gild",https://myanimelist.net/character/142900/Gild_Tesoro,142900,Main,13
32182,Mob Psycho 100,https://myanimelist.net/anime/32182/Mob_Psycho_100,TV,Summer,2016,"Reigen, Arataka",https://myanimelist.net/character/109931/Arataka_Reigen,109931,Main,39397
32301,Active Raid: Kidou Kyoushuushitsu Dai Hachi Gakari 2nd,https://myanimelist.net/anime/32301/Active_Raid__Kidou_Kyoushuushitsu_Dai_Hachi_Gakari_2nd,TV,Summer,2016,"Sena, Souichirou",https://myanimelist.net/character/134646/Souichirou_Sena,134646,Main,3
32998,91 Days,https://myanimelist.net/anime/32998/91_Days,TV,Summer,2016,Barbero,https://myanimelist.net/character/141209/Barbero,141209,Supporting,4
32494,Days,https://myanimelist.net/anime/32494/Days,TV,Summer,2016,"Usui, Yuuta",https://myanimelist.net/character/139408/Yuuta_Usui,139408,Supporting,13
31821,Arslan Senki (TV): Fuujin Ranbu,https://myanimelist.net/anime/31821/Arslan_Senki_TV__Fuujin_Ranbu,TV,Summer,2016,Shagard,https://myanimelist.net/character/142317/Shagard,142317,Supporting,1
32282,Shokugeki no Souma: Ni no Sara,https://myanimelist.net/anime/32282/Shokugeki_no_Souma__Ni_no_Sara,TV,Summer,2016,"Isshiki, Satoshi",https://myanimelist.net/character/78475/Satoshi_Isshiki,78475,Supporting,1049
31109,Hatsukoi Monster,https://myanimelist.net/anime/31109/Hatsukoi_Monster,TV,Summer,2016,"Takahashi, Kanade",https://myanimelist.net/character/130595/Kanade_Takahashi,130595,Main,17
32379,Berserk,https://myanimelist.net/anime/32379/Berserk,TV,Summer,2016,Griffith,https://myanimelist.net/character/424/Griffith,424,Supporting,15629
33903,All-Free kono Natsu Ichioshi Monogatari Campaign Kokuchi Douga,https://myanimelist.net/anime/33903/All-Free_kono_Natsu_Ichioshi_Monogatari_Campaign_Kokuchi_Douga,CM,,2016,"Matsuno, Osomatsu",https://myanimelist.net/character/89105/Osomatsu_Matsuno,89105,Main,385
33032,Drifters: Special Edition,https://myanimelist.net/anime/33032/Drifters__Special_Edition,OVA,,2016,"Abe no, Haruakira",https://myanimelist.net/character/43716/Haruakira_Abe_no,43716,Supporting,6
33247,Tsubasa to Hotaru (2016),https://myanimelist.net/anime/33247/Tsubasa_to_Hotaru_2016,Special,,2016,"Toba, Yuuma",https://myanimelist.net/character/105359/Yuuma_Toba,105359,Supporting,6
30869,Ajin Part 2: Shoutotsu,https://myanimelist.net/anime/30869/Ajin_Part_2__Shoutotsu,Movie,,2016,"Tosaki, Yuu",https://myanimelist.net/character/109397/Yuu_Tosaki,109397,Supporting,74
32015,Ajin OVA,https://myanimelist.net/anime/32015/Ajin_OVA,OVA,,2016,"Tosaki, Yuu",https://myanimelist.net/character/109397/Yuu_Tosaki,109397,Supporting,74
31327,Shokugeki no Souma OVA,https://myanimelist.net/anime/31327/Shokugeki_no_Souma_OVA,OVA,,2016,"Isshiki, Satoshi",https://myanimelist.net/character/78475/Satoshi_Isshiki,78475,Supporting,1049
31378,Owari no Seraph: Kyuuketsuki Shahar,https://myanimelist.net/anime/31378/Owari_no_Seraph__Kyuuketsuki_Shahar,OVA,,2016,"Bathory, Ferid",https://myanimelist.net/character/112757/Ferid_Bathory,112757,Supporting,795
31989,Hibike! Euphonium Movie 1: Kitauji Koukou Suisougaku-bu e Youkoso,https://myanimelist.net/anime/31989/Hibike_Euphonium_Movie_1__Kitauji_Koukou_Suisougaku-bu_e_Youkoso,Movie,,2016,"Taki, Noboru",https://myanimelist.net/character/124464/Noboru_Taki,124464,Supporting,101
31741,Magi: Sinbad no Bouken (TV),https://myanimelist.net/anime/31741/Magi__Sinbad_no_Bouken_TV,TV,Spring,2016,Ja'far,https://myanimelist.net/character/42529/Jafar,42529,Main,810
31376,Flying Witch,https://myanimelist.net/anime/31376/Flying_Witch,TV,Spring,2016,Haru no Hakobiya,https://myanimelist.net/character/139875/Haru_no_Hakobiya,139875,Supporting,9
31478,Bungou Stray Dogs,https://myanimelist.net/anime/31478/Bungou_Stray_Dogs,TV,Spring,2016,"Fitzgerald, Francis Scott Key",https://myanimelist.net/character/132965/Francis_Scott_Key_Fitzgerald,132965,Supporting,152
31405,Joker Game,https://myanimelist.net/anime/31405/Joker_Game,TV,Spring,2016,Tazaki,https://myanimelist.net/character/137450/Tazaki,137450,Main,25
31933,JoJo no Kimyou na Bouken Part 4: Diamond wa Kudakenai,https://myanimelist.net/anime/31933/JoJo_no_Kimyou_na_Bouken_Part_4__Diamond_wa_Kudakenai,TV,Spring,2016,"Kishibe, Rohan",https://myanimelist.net/character/12659/Rohan_Kishibe,12659,Main,7660
32108,Digimon Adventure tri. 2: Ketsui,https://myanimelist.net/anime/32108/Digimon_Adventure_tri_2__Ketsui,Movie,,2016,Tentomon,https://myanimelist.net/character/9953/Tentomon,9953,Main,58
32773,Nintama Rantarou no Uchuu Daibouken with Cosmic Front☆Next,https://myanimelist.net/anime/32773/Nintama_Rantarou_no_Uchuu_Daibouken_with_Cosmic_Front☆Next,TV Special,,2016,Tsuki Usagi,https://myanimelist.net/character/142776/Tsuki_Usagi,142776,Supporting,0
30711,Code Geass: Boukoku no Akito 5 - Itoshiki Mono-tachi e,https://myanimelist.net/anime/30711/Code_Geass__Boukoku_no_Akito_5_-_Itoshiki_Mono-tachi_e,Movie,,2016,"Kururugi, Suzaku",https://myanimelist.net/character/559/Suzaku_Kururugi,559,Supporting,3966
32665,Historical,https://myanimelist.net/anime/32665/Historical,ONA,,2016,Enza,https://myanimelist.net/character/138510/Enza,138510,Main,0
32026,Osomatsu-san Special,https://myanimelist.net/anime/32026/Osomatsu-san_Special,Special,,2016,"Matsuno, Osomatsu",https://myanimelist.net/character/89105/Osomatsu_Matsuno,89105,Main,385
32383,Osomatsu-san Short Film Series,https://myanimelist.net/anime/32383/Osomatsu-san_Short_Film_Series,Special,,2016,"Matsuno, Osomatsu",https://myanimelist.net/character/89105/Osomatsu_Matsuno,89105,Main,385
31580,Ajin,https://myanimelist.net/anime/31580/Ajin,TV,Winter,2016,"Tosaki, Yuu",https://myanimelist.net/character/109397/Yuu_Tosaki,109397,Supporting,74
32564,Shounen Sunday CM: Tokiwa Kitareri!! CM,https://myanimelist.net/anime/32564/Shounen_Sunday_CM__Tokiwa_Kitareri_CM,CM,,2016,"Kusanagi, Kanata",https://myanimelist.net/character/125971/Kanata_Kusanagi,125971,Supporting,1
32268,Koyomimonogatari,https://myanimelist.net/anime/32268/Koyomimonogatari,ONA,,2016,"Oshino, Meme",https://myanimelist.net/character/22552/Meme_Oshino,22552,Supporting,3669
9260,Kizumonogatari I: Tekketsu-hen,https://myanimelist.net/anime/9260/Kizumonogatari_I__Tekketsu-hen,Movie,,2016,"Oshino, Meme",https://myanimelist.net/character/22552/Meme_Oshino,22552,Supporting,3669
31540,Sekkou Boys,https://myanimelist.net/anime/31540/Sekkou_Boys,TV,Winter,2016,"Yanagisawa, Hironori",https://myanimelist.net/character/135961/Hironori_Yanagisawa,135961,Supporting,0
31540,Sekkou Boys,https://myanimelist.net/anime/31540/Sekkou_Boys,TV,Winter,2016,Mitajima's Make Up Artist,https://myanimelist.net/character/150801/Mitajima_039_s_Make_Up_Artist,150801,Supporting,0
31540,Sekkou Boys,https://myanimelist.net/anime/31540/Sekkou_Boys,TV,Winter,2016,"Sakura, Kinzou",https://myanimelist.net/character/150961/Kinzou_Sakura,150961,Supporting,0
31710,Divine Gate,https://myanimelist.net/anime/31710/Divine_Gate,TV,Winter,2016,Santa Claus,https://myanimelist.net/character/136604/Santa_Claus,136604,Supporting,2
32013,Oshiete! Galko-chan,https://myanimelist.net/anime/32013/Oshiete_Galko-chan,TV,Winter,2016,Charao,https://myanimelist.net/character/137163/Charao,137163,Supporting,4
31790,Active Raid: Kidou Kyoushuushitsu Dai Hachi Gakari,https://myanimelist.net/anime/31790/Active_Raid__Kidou_Kyoushuushitsu_Dai_Hachi_Gakari,TV,Winter,2016,"Sena, Souichirou",https://myanimelist.net/character/134646/Souichirou_Sena,134646,Main,3
31559,Prince of Stride: Alternative,https://myanimelist.net/anime/31559/Prince_of_Stride__Alternative,TV,Winter,2016,"Yagami, Tomoe",https://myanimelist.net/character/134242/Tomoe_Yagami,134242,Supporting,15
31772,One Punch Man Specials,https://myanimelist.net/anime/31772/One_Punch_Man_Specials,Special,,2015,Zombieman,https://myanimelist.net/character/127454/Zombieman,127454,Supporting,280
30868,Ajin Part 1: Shoudou,https://myanimelist.net/anime/30868/Ajin_Part_1__Shoudou,Movie,,2015,"Tosaki, Yuu",https://myanimelist.net/character/109397/Yuu_Tosaki,109397,Supporting,74
25687,Digimon Adventure tri. 1: Saikai,https://myanimelist.net/anime/25687/Digimon_Adventure_tri_1__Saikai,Movie,,2015,Tentomon,https://myanimelist.net/character/9953/Tentomon,9953,Main,58
28927,Owari no Seraph: Nagoya Kessen-hen,https://myanimelist.net/anime/28927/Owari_no_Seraph__Nagoya_Kessen-hen,TV,Fall,2015,"Bathory, Ferid",https://myanimelist.net/character/112757/Ferid_Bathory,112757,Supporting,795
31174,Osomatsu-san,https://myanimelist.net/anime/31174/Osomatsu-san,TV,Fall,2015,"Matsuno, Osomatsu",https://myanimelist.net/character/89105/Osomatsu_Matsuno,89105,Main,385
30276,One Punch Man,https://myanimelist.net/anime/30276/One_Punch_Man,TV,Fall,2015,Zombieman,https://myanimelist.net/character/127454/Zombieman,127454,Supporting,280
28891,Haikyuu!! Second Season,https://myanimelist.net/anime/28891/Haikyuu_Second_Season,TV,Fall,2015,"Tsukishima, Akiteru",https://myanimelist.net/character/122123/Akiteru_Tsukishima,122123,Supporting,20
31251,Kidou Senshi Gundam: Tekketsu no Orphans,https://myanimelist.net/anime/31251/Kidou_Senshi_Gundam__Tekketsu_no_Orphans,TV,Fall,2015,"Fareed, McGillis",https://myanimelist.net/character/132557/McGillis_Fareed,132557,Supporting,115
30901,Utawarerumono: Itsuwari no Kamen,https://myanimelist.net/anime/30901/Utawarerumono__Itsuwari_no_Kamen,TV,Fall,2015,Ougi,https://myanimelist.net/character/132788/Ougi,132788,Supporting,2
27991,K: Return of Kings,https://myanimelist.net/anime/27991/K__Return_of_Kings,TV,Fall,2015,"Kusanagi, Izumo",https://myanimelist.net/character/64625/Izumo_Kusanagi,64625,Supporting,172
31756,Owari no Seraph: The Beginning of the End,https://myanimelist.net/anime/31756/Owari_no_Seraph__The_Beginning_of_the_End,Special,,2015,"Bathory, Ferid",https://myanimelist.net/character/112757/Ferid_Bathory,112757,Supporting,795
30544,Gakusen Toshi Asterisk,https://myanimelist.net/anime/30544/Gakusen_Toshi_Asterisk,TV,Fall,2015,"Fairclough, Ernest",https://myanimelist.net/character/133942/Ernest_Fairclough,133942,Supporting,1
31227,Kindaichi Shounen no Jikenbo Returns 2nd Season,https://myanimelist.net/anime/31227/Kindaichi_Shounen_no_Jikenbo_Returns_2nd_Season,TV,Fall,2015,"Kamigouji, Riku",https://myanimelist.net/character/164812/Riku_Kamigouji,164812,Supporting,0
29974,"Diabolik Lovers More,Blood",https://myanimelist.net/anime/29974/Diabolik_Lovers_MoreBlood,TV,Fall,2015,"Mukami, Ruki",https://myanimelist.net/character/101269/Ruki_Mukami,101269,Main,147
31561,Gangsta. Recap,https://myanimelist.net/anime/31561/Gangsta_Recap,TV Special,,2015,"Adriano, Marco",https://myanimelist.net/character/50509/Marco_Adriano,50509,Supporting,45
25649,Junjou Romantica 3,https://myanimelist.net/anime/25649/Junjou_Romantica_3,TV,Summer,2015,"Takahashi, Misaki",https://myanimelist.net/character/6037/Misaki_Takahashi,6037,Main,941
15201,Code Geass: Boukoku no Akito 4 - Nikushimi no Kioku kara,https://myanimelist.net/anime/15201/Code_Geass__Boukoku_no_Akito_4_-_Nikushimi_no_Kioku_kara,Movie,,2015,"Kururugi, Suzaku",https://myanimelist.net/character/559/Suzaku_Kururugi,559,Supporting,3966
28619,Ranpo Kitan: Game of Laplace,https://myanimelist.net/anime/28619/Ranpo_Kitan__Game_of_Laplace,TV,Summer,2015,"Akechi, Kogorou",https://myanimelist.net/character/129501/Kogorou_Akechi,129501,Main,58
25183,Gangsta.,https://myanimelist.net/anime/25183/Gangsta,TV,Summer,2015,"Adriano, Marco",https://myanimelist.net/character/50509/Marco_Adriano,50509,Supporting,45
31096,Hibike! Euphonium: Suisougaku-bu no Nichijou,https://myanimelist.net/anime/31096/Hibike_Euphonium__Suisougaku-bu_no_Nichijou,Special,,2015,"Taki, Noboru",https://myanimelist.net/character/124464/Noboru_Taki,124464,Supporting,101
15199,Code Geass: Boukoku no Akito 3 - Kagayaku Mono Ten yori Otsu,https://myanimelist.net/anime/15199/Code_Geass__Boukoku_no_Akito_3_-_Kagayaku_Mono_Ten_yori_Otsu,Movie,,2015,"Kururugi, Suzaku",https://myanimelist.net/character/559/Suzaku_Kururugi,559,Supporting,3966
28299,Ookami Shoujo to Kuro Ouji: Gishinanki – Happening Kiss,https://myanimelist.net/anime/28299/Ookami_Shoujo_to_Kuro_Ouji__Gishinanki_–_Happening_Kiss,OVA,,2015,"Sata, Kyouya",https://myanimelist.net/character/58417/Kyouya_Sata,58417,Main,1017
29095,Grisaia no Rakuen,https://myanimelist.net/anime/29095/Grisaia_no_Rakuen,TV,Spring,2015,"Kazami, Yuuji",https://myanimelist.net/character/80891/Yuuji_Kazami,80891,Main,3846
29093,Grisaia no Meikyuu: Caprice no Mayu 0,https://myanimelist.net/anime/29093/Grisaia_no_Meikyuu__Caprice_no_Mayu_0,TV Special,,2015,"Kazami, Yuuji",https://myanimelist.net/character/80891/Yuuji_Kazami,80891,Main,3846
24893,Sidonia no Kishi: Daikyuu Wakusei Seneki,https://myanimelist.net/anime/24893/Sidonia_no_Kishi__Daikyuu_Wakusei_Seneki,TV,Spring,2015,Killy,https://myanimelist.net/character/3762/Killy,3762,Supporting,1240
24893,Sidonia no Kishi: Daikyuu Wakusei Seneki,https://myanimelist.net/anime/24893/Sidonia_no_Kishi__Daikyuu_Wakusei_Seneki,TV,Spring,2015,"Kunato, Norio",https://myanimelist.net/character/94667/Norio_Kunato,94667,Supporting,2
28977,Gintama°,https://myanimelist.net/anime/28977/Gintama°,TV,Spring,2015,"Saitou, Shimaru",https://myanimelist.net/character/109211/Shimaru_Saitou,109211,Supporting,46
27989,Hibike! Euphonium,https://myanimelist.net/anime/27989/Hibike_Euphonium,TV,Spring,2015,"Taki, Noboru",https://myanimelist.net/character/124464/Noboru_Taki,124464,Supporting,101
30230,Diamond no Ace: Second Season,https://myanimelist.net/anime/30230/Diamond_no_Ace__Second_Season,TV,Spring,2015,"Miyuki, Kazuya",https://myanimelist.net/character/30267/Kazuya_Miyuki,30267,Main,2923
27663,Baby Steps 2nd Season,https://myanimelist.net/anime/27663/Baby_Steps_2nd_Season,TV,Spring,2015,"Nabae, Yuu",https://myanimelist.net/character/72383/Yuu_Nabae,72383,Supporting,9
28171,Shokugeki no Souma,https://myanimelist.net/anime/28171/Shokugeki_no_Souma,TV,Spring,2015,"Isshiki, Satoshi",https://myanimelist.net/character/78475/Satoshi_Isshiki,78475,Supporting,1049
26243,Owari no Seraph,https://myanimelist.net/anime/26243/Owari_no_Seraph,TV,Spring,2015,"Bathory, Ferid",https://myanimelist.net/character/112757/Ferid_Bathory,112757,Supporting,795
30600,Military!: Tamatama Shoumetsu Suru Shiroki Hikari!,https://myanimelist.net/anime/30600/Military__Tamatama_Shoumetsu_Suru_Shiroki_Hikari,Special,,2015,Grue,https://myanimelist.net/character/120231/Grue,120231,Supporting,0
28495,Sidonia no Kishi Movie,https://myanimelist.net/anime/28495/Sidonia_no_Kishi_Movie,Movie,,2015,"Kunato, Norio",https://myanimelist.net/character/94667/Norio_Kunato,94667,Supporting,2
30196,Tsubasa to Hotaru (2015),https://myanimelist.net/anime/30196/Tsubasa_to_Hotaru_2015,TV Special,,2015,"Toba, Yuuma",https://myanimelist.net/character/105359/Yuuma_Toba,105359,Supporting,6
27417,Diabolik Lovers OVA,https://myanimelist.net/anime/27417/Diabolik_Lovers_OVA,OVA,,2015,"Mukami, Ruki",https://myanimelist.net/character/101269/Ruki_Mukami,101269,Main,147
16385,Dog Days'',https://myanimelist.net/anime/16385/Dog_Days,TV,Winter,2015,"Charle, Framboise",https://myanimelist.net/character/41953/Framboise_Charle,41953,Supporting,0
26441,Junketsu no Maria,https://myanimelist.net/anime/26441/Junketsu_no_Maria,TV,Winter,2015,Bernard,https://myanimelist.net/character/121053/Bernard,121053,Supporting,5
28223,Death Parade,https://myanimelist.net/anime/28223/Death_Parade,TV,Winter,2015,Shimada,https://myanimelist.net/character/125283/Shimada,125283,Supporting,3
21339,Psycho-Pass Movie,https://myanimelist.net/anime/21339/Psycho-Pass_Movie,Movie,,2015,"Makishima, Shougo",https://myanimelist.net/character/69725/Shougo_Makishima,69725,Supporting,10060
21339,Psycho-Pass Movie,https://myanimelist.net/anime/21339/Psycho-Pass_Movie,Movie,,2015,"Hinakawa, Shou",https://myanimelist.net/character/113595/Shou_Hinakawa,113595,Supporting,107
27899,Tokyo Ghoul √A,https://myanimelist.net/anime/27899/Tokyo_Ghoul_√A,TV,Winter,2015,Uta,https://myanimelist.net/character/93343/Uta,93343,Supporting,3385
26085,Military!,https://myanimelist.net/anime/26085/Military,TV,Winter,2015,Grue,https://myanimelist.net/character/120231/Grue,120231,Supporting,0
25397,Absolute Duo,https://myanimelist.net/anime/25397/Absolute_Duo,TV,Winter,2015,"Wayfair, Kevin",https://myanimelist.net/character/125378/Kevin_Wayfair,125378,Supporting,2
29129,Ookami Shoujo to Kuro Ouji Recap,https://myanimelist.net/anime/29129/Ookami_Shoujo_to_Kuro_Ouji_Recap,TV Special,,2014,"Sata, Kyouya",https://myanimelist.net/character/58417/Kyouya_Sata,58417,Main,1017
27945,Gugure! Kokkuri-san Specials,https://myanimelist.net/anime/27945/Gugure_Kokkuri-san_Specials,Special,,2014,Inugami,https://myanimelist.net/character/103595/Inugami,103595,Main,105
24751,Akuma no Riddle: Shousha wa Dare? Nukiuchi Test,https://myanimelist.net/anime/24751/Akuma_no_Riddle__Shousha_wa_Dare_Nukiuchi_Test,Special,,2014,"Mizorogi, Ataru",https://myanimelist.net/character/96979/Ataru_Mizorogi,96979,Supporting,5
25341,Diamond no Ace OVA,https://myanimelist.net/anime/25341/Diamond_no_Ace_OVA,OVA,,2014,"Miyuki, Kazuya",https://myanimelist.net/character/30267/Kazuya_Miyuki,30267,Supporting,2923
16381,Santa Company,https://myanimelist.net/anime/16381/Santa_Company,Movie,,2014,"Rondo, Pedro",https://myanimelist.net/character/96257/Pedro_Rondo,96257,Supporting,0
24781,Imawa no Kuni no Alice,https://myanimelist.net/anime/24781/Imawa_no_Kuni_no_Alice,OVA,,2014,"Chishiya, Shuntarou",https://myanimelist.net/character/123909/Shuntarou_Chishiya,123909,Supporting,237
23281,Psycho-Pass 2,https://myanimelist.net/anime/23281/Psycho-Pass_2,TV,Fall,2014,"Hinakawa, Shou",https://myanimelist.net/character/113595/Shou_Hinakawa,113595,Supporting,107
24231,Hitsugi no Chaika: Avenging Battle,https://myanimelist.net/anime/24231/Hitsugi_no_Chaika__Avenging_Battle,TV,Fall,2014,"Acura, Shin",https://myanimelist.net/character/108209/Shin_Acura,108209,Supporting,0
25835,Shirobako,https://myanimelist.net/anime/25835/Shirobako,TV,Fall,2014,"Nogame, Takezou",https://myanimelist.net/character/126283/Takezou_Nogame,126283,Supporting,0
25013,Akatsuki no Yona,https://myanimelist.net/anime/25013/Akatsuki_no_Yona,TV,Fall,2014,"Kan, Tae-jun",https://myanimelist.net/character/115993/Tae-jun_Kan,115993,Supporting,35
23251,Gugure! Kokkuri-san,https://myanimelist.net/anime/23251/Gugure_Kokkuri-san,TV,Fall,2014,Inugami,https://myanimelist.net/character/103595/Inugami,103595,Main,105
21843,Shingeki no Bahamut: Genesis,https://myanimelist.net/anime/21843/Shingeki_no_Bahamut__Genesis,TV,Fall,2014,Lucifer,https://myanimelist.net/character/119609/Lucifer,119609,Supporting,40
23673,Ookami Shoujo to Kuro Ouji,https://myanimelist.net/anime/23673/Ookami_Shoujo_to_Kuro_Ouji,TV,Fall,2014,"Sata, Kyouya",https://myanimelist.net/character/58417/Kyouya_Sata,58417,Main,1017
17729,Grisaia no Kajitsu,https://myanimelist.net/anime/17729/Grisaia_no_Kajitsu,TV,Fall,2014,"Kazami, Yuuji",https://myanimelist.net/character/80891/Yuuji_Kazami,80891,Main,3846
23755,Nanatsu no Taizai,https://myanimelist.net/anime/23755/Nanatsu_no_Taizai,TV,Fall,2014,Griamore,https://myanimelist.net/character/86703/Griamore,86703,Supporting,4
24405,World Trigger,https://myanimelist.net/anime/24405/World_Trigger,TV,Fall,2014,Gieve,https://myanimelist.net/character/134528/Gieve,134528,Supporting,0
21743,Donten ni Warau,https://myanimelist.net/anime/21743/Donten_ni_Warau,TV,Fall,2014,"Kinjou, Shirasu",https://myanimelist.net/character/55347/Shirasu_Kinjou,55347,Main,155
23321,Log Horizon 2nd Season,https://myanimelist.net/anime/23321/Log_Horizon_2nd_Season,TV,Fall,2014,Krusty,https://myanimelist.net/character/89265/Krusty,89265,Supporting,137
24227,Nisekoi OVA,https://myanimelist.net/anime/24227/Nisekoi_OVA,OVA,,2014,"Aiba, Migisuke",https://myanimelist.net/character/126801/Migisuke_Aiba,126801,Supporting,2
24469,Buddy Complex: Kanketsu-hen - Ano Sora ni Kaeru Mirai de,https://myanimelist.net/anime/24469/Buddy_Complex__Kanketsu-hen_-_Ano_Sora_ni_Kaeru_Mirai_de,TV Special,,2014,"Gerafil, Bizon",https://myanimelist.net/character/95841/Bizon_Gerafil,95841,Main,5
23319,"Suisei no Gargantia: Meguru Kouro, Haruka",https://myanimelist.net/anime/23319/Suisei_no_Gargantia__Meguru_Kouro_Haruka,OVA,,2014,Muzzle,https://myanimelist.net/character/136931/Muzzle,136931,Supporting,1
16904,K: Missing Kings,https://myanimelist.net/anime/16904/K__Missing_Kings,Movie,,2014,"Kusanagi, Izumo",https://myanimelist.net/character/64625/Izumo_Kusanagi,64625,Supporting,172
24135,Nobunaga Concerto,https://myanimelist.net/anime/24135/Nobunaga_Concerto,TV,Summer,2014,"Takenaka, Hanbee",https://myanimelist.net/character/106319/Hanbee_Takenaka,106319,Supporting,0
22729,Aldnoah.Zero,https://myanimelist.net/anime/22729/AldnoahZero,TV,Summer,2014,Trillram,https://myanimelist.net/character/109719/Trillram,109719,Supporting,1
22319,Tokyo Ghoul,https://myanimelist.net/anime/22319/Tokyo_Ghoul,TV,Summer,2014,Uta,https://myanimelist.net/character/93343/Uta,93343,Supporting,3385
23325,Shirogane no Ishi: Argevollen,https://myanimelist.net/anime/23325/Shirogane_no_Ishi__Argevollen,TV,Summer,2014,"Richthofen, Schlein",https://myanimelist.net/character/110181/Schlein_Richthofen,110181,Supporting,1
22097,Magi: Sinbad no Bouken,https://myanimelist.net/anime/22097/Magi__Sinbad_no_Bouken,OVA,,2014,Ja'far,https://myanimelist.net/character/42529/Jafar,42529,Supporting,810
19775,Sidonia no Kishi,https://myanimelist.net/anime/19775/Sidonia_no_Kishi,TV,Spring,2014,"Kunato, Norio",https://myanimelist.net/character/94667/Norio_Kunato,94667,Supporting,2
20853,Hitsugi no Chaika,https://myanimelist.net/anime/20853/Hitsugi_no_Chaika,TV,Spring,2014,"Acura, Shin",https://myanimelist.net/character/108209/Shin_Acura,108209,Supporting,0
21507,Soul Eater NOT!,https://myanimelist.net/anime/21507/Soul_Eater_NOT,TV,Spring,2014,"Hoshi, Akane",https://myanimelist.net/character/43378/Akane_Hoshi,43378,Supporting,6
21185,Baby Steps,https://myanimelist.net/anime/21185/Baby_Steps,TV,Spring,2014,"Nabae, Yuu",https://myanimelist.net/character/72383/Yuu_Nabae,72383,Supporting,9
22101,Soredemo Sekai wa Utsukushii,https://myanimelist.net/anime/22101/Soredemo_Sekai_wa_Utsukushii,TV,Spring,2014,"Ifrikia, Bardwin Cecil",https://myanimelist.net/character/107155/Bardwin_Cecil_Ifrikia,107155,Supporting,17
22043,Fairy Tail (2014),https://myanimelist.net/anime/22043/Fairy_Tail_2014,TV,Spring,2014,"Eucliffe, Sting",https://myanimelist.net/character/51171/Sting_Eucliffe,51171,Supporting,482
19429,Akuma no Riddle,https://myanimelist.net/anime/19429/Akuma_no_Riddle,TV,Spring,2014,"Mizorogi, Ataru",https://myanimelist.net/character/96979/Ataru_Mizorogi,96979,Supporting,5
21781,Tsubasa to Hotaru,https://myanimelist.net/anime/21781/Tsubasa_to_Hotaru,Special,,2014,"Toba, Yuuma",https://myanimelist.net/character/105359/Yuuma_Toba,105359,Supporting,6
21177,Nobunaga the Fool,https://myanimelist.net/anime/21177/Nobunaga_the_Fool,TV,Winter,2014,"Akechi, Mitsuhide",https://myanimelist.net/character/94695/Mitsuhide_Akechi,94695,Supporting,6
21437,Buddy Complex,https://myanimelist.net/anime/21437/Buddy_Complex,TV,Winter,2014,"Gerafil, Bizon",https://myanimelist.net/character/95841/Bizon_Gerafil,95841,Supporting,5
20507,Noragami,https://myanimelist.net/anime/20507/Noragami,TV,Winter,2014,Rabou,https://myanimelist.net/character/101519/Rabou,101519,Supporting,42
15813,Majokko Shimai no Yoyo to Nene,https://myanimelist.net/anime/15813/Majokko_Shimai_no_Yoyo_to_Nene,Movie,,2013,Takeo,https://myanimelist.net/character/93505/Takeo,93505,Supporting,0
20329,Koroshiya-san: The Hired Gun,https://myanimelist.net/anime/20329/Koroshiya-san__The_Hired_Gun,TV,Fall,2013,"Sasaki, Ryuuichi",https://myanimelist.net/character/88141/Ryuuichi_Sasaki,88141,Main,0
16011,Tokyo Ravens,https://myanimelist.net/anime/16011/Tokyo_Ravens,TV,Fall,2013,"Dairenji, Shidou",https://myanimelist.net/character/101337/Shidou_Dairenji,101337,Supporting,2
17247,Machine-Doll wa Kizutsukanai,https://myanimelist.net/anime/17247/Machine-Doll_wa_Kizutsukanai,TV,Fall,2013,Shin,https://myanimelist.net/character/88623/Shin,88623,Supporting,1
18689,Diamond no Ace,https://myanimelist.net/anime/18689/Diamond_no_Ace,TV,Fall,2013,"Miyuki, Kazuya",https://myanimelist.net/character/30267/Kazuya_Miyuki,30267,Main,2923
18115,Magi: The Kingdom of Magic,https://myanimelist.net/anime/18115/Magi__The_Kingdom_of_Magic,TV,Fall,2013,Ja'far,https://myanimelist.net/character/42529/Jafar,42529,Supporting,810
15651,Phi Brain: Kami no Puzzle - Shukuteki! Rätsel-hen,https://myanimelist.net/anime/15651/Phi_Brain__Kami_no_Puzzle_-_Shukuteki_Rätsel-hen,TV,Fall,2013,"Crossfield, Rook Banjou",https://myanimelist.net/character/43617/Rook_Banjou_Crossfield,43617,Supporting,37
17265,Log Horizon,https://myanimelist.net/anime/17265/Log_Horizon,TV,Fall,2013,Krusty,https://myanimelist.net/character/89265/Krusty,89265,Supporting,137
15197,Code Geass: Boukoku no Akito 2 - Hikisakareshi Yokuryuu,https://myanimelist.net/anime/15197/Code_Geass__Boukoku_no_Akito_2_-_Hikisakareshi_Yokuryuu,Movie,,2013,"Kururugi, Suzaku",https://myanimelist.net/character/559/Suzaku_Kururugi,559,Supporting,3966
15039,Ano Hi Mita Hana no Namae wo Bokutachi wa Mada Shiranai. Movie,https://myanimelist.net/anime/15039/Ano_Hi_Mita_Hana_no_Namae_wo_Bokutachi_wa_Mada_Shiranai_Movie,Movie,,2013,"Matsuyuki, Atsumu",https://myanimelist.net/character/40594/Atsumu_Matsuyuki,40594,Main,149
17699,Toriko Movie: Bishokushin no Special Menu,https://myanimelist.net/anime/17699/Toriko_Movie__Bishokushin_no_Special_Menu,Movie,,2013,Coco,https://myanimelist.net/character/19941/Coco,19941,Main,96
16868,Suki tte Ii na yo. Dareka ga,https://myanimelist.net/anime/16868/Suki_tte_Ii_na_yo_Dareka_ga,OVA,,2013,"Kurosawa, Yamato",https://myanimelist.net/character/26243/Yamato_Kurosawa,26243,Main,960
18099,Recorder to Randoseru Mi☆,https://myanimelist.net/anime/18099/Recorder_to_Randoseru_Mi☆,TV,Summer,2013,Take-nii,https://myanimelist.net/character/54703/Take-nii,54703,Supporting,4
17074,Monogatari Series: Second Season,https://myanimelist.net/anime/17074/Monogatari_Series__Second_Season,TV,Summer,2013,"Oshino, Meme",https://myanimelist.net/character/22552/Meme_Oshino,22552,Supporting,3669
17909,Uchouten Kazoku,https://myanimelist.net/anime/17909/Uchouten_Kazoku,TV,Summer,2013,"Shimogamo, Yasaburou",https://myanimelist.net/character/80945/Yasaburou_Shimogamo,80945,Main,370
18119,Servant x Service,https://myanimelist.net/anime/18119/Servant_x_Service,TV,Summer,2013,"Ichimiya, Taishi",https://myanimelist.net/character/81681/Taishi_Ichimiya,81681,Main,6
16592,Danganronpa: Kibou no Gakuen to Zetsubou no Koukousei The Animation,https://myanimelist.net/anime/16592/Danganronpa__Kibou_no_Gakuen_to_Zetsubou_no_Koukousei_The_Animation,TV,Summer,2013,"Kuwata, Leon",https://myanimelist.net/character/65537/Leon_Kuwata,65537,Supporting,140
18523,Senyuu. 2,https://myanimelist.net/anime/18523/Senyuu_2,TV,Summer,2013,"Ein, Januar",https://myanimelist.net/character/77487/Januar_Ein,77487,Supporting,21
17831,Inu to Hasami wa Tsukaiyou,https://myanimelist.net/anime/17831/Inu_to_Hasami_wa_Tsukaiyou,TV,Summer,2013,"Harumi, Kazuhito",https://myanimelist.net/character/80583/Kazuhito_Harumi,80583,Main,58
17389,Kingdom 2nd Season,https://myanimelist.net/anime/17389/Kingdom_2nd_Season,TV,Summer,2013,"Hu, Lun",https://myanimelist.net/character/92113/Lun_Hu,92113,Supporting,9
17873,Pokemon Best Wishes! Season 2: Decolora Adventure,https://myanimelist.net/anime/17873/Pokemon_Best_Wishes_Season_2__Decolora_Adventure,TV,Spring,2013,Tide,https://myanimelist.net/character/88951/Tide,88951,Supporting,0
17391,Senyuu. Specials,https://myanimelist.net/anime/17391/Senyuu_Specials,Special,,2013,"Ein, Januar",https://myanimelist.net/character/77487/Januar_Ein,77487,Supporting,21
15377,Hyakka Ryouran: Samurai Bride,https://myanimelist.net/anime/15377/Hyakka_Ryouran__Samurai_Bride,TV,Spring,2013,"Tokugawa, Yoshihiko",https://myanimelist.net/character/34368/Yoshihiko_Tokugawa,34368,Supporting,1
16512,Devil Survivor 2 The Animation,https://myanimelist.net/anime/16512/Devil_Survivor_2_The_Animation,TV,Spring,2013,Ureu Mono,https://myanimelist.net/character/64317/Ureu_Mono,64317,Main,137
15609,"Kono Naka ni Hitori, Imouto ga Iru!: Ani, Imouto, Koibito",https://myanimelist.net/anime/15609/Kono_Naka_ni_Hitori_Imouto_ga_Iru__Ani_Imouto_Koibito,OVA,,2013,"Mikadono, Shougo",https://myanimelist.net/character/60331/Shougo_Mikadono,60331,Main,5
16419,Dokidoki! Precure,https://myanimelist.net/anime/16419/Dokidoki_Precure,TV,Winter,2013,"Okada, Joe",https://myanimelist.net/character/82619/Joe_Okada,82619,Supporting,1
12115,Berserk: Ougon Jidai-hen III - Kourin,https://myanimelist.net/anime/12115/Berserk__Ougon_Jidai-hen_III_-_Kourin,Movie,,2013,Griffith,https://myanimelist.net/character/424/Griffith,424,Main,15629
15751,Senyuu.,https://myanimelist.net/anime/15751/Senyuu,TV,Winter,2013,"Ein, Januar",https://myanimelist.net/character/77487/Januar_Ein,77487,Supporting,21
14833,Maoyuu Maou Yuusha,https://myanimelist.net/anime/14833/Maoyuu_Maou_Yuusha,TV,Winter,2013,Ou Otouto Gensui,https://myanimelist.net/character/82247/Ou_Otouto_Gensui,82247,Supporting,0
15689,Nekomonogatari: Kuro,https://myanimelist.net/anime/15689/Nekomonogatari__Kuro,TV Special,,2012,"Oshino, Meme",https://myanimelist.net/character/22552/Meme_Oshino,22552,Supporting,3669
13767,Junjou Romantica OVA,https://myanimelist.net/anime/13767/Junjou_Romantica_OVA,OVA,,2012,"Takahashi, Misaki",https://myanimelist.net/character/6037/Misaki_Takahashi,6037,Main,941
31581,Tsuritama: Harikitte Contest,https://myanimelist.net/anime/31581/Tsuritama__Harikitte_Contest,Special,,2012,Urara,https://myanimelist.net/character/65495/Urara,65495,Supporting,11
13601,Psycho-Pass,https://myanimelist.net/anime/13601/Psycho-Pass,TV,Fall,2012,"Makishima, Shougo",https://myanimelist.net/character/69725/Shougo_Makishima,69725,Main,10060
13759,Sakura-sou no Pet na Kanojo,https://myanimelist.net/anime/13759/Sakura-sou_no_Pet_na_Kanojo,TV,Fall,2012,"Mitaka, Jin",https://myanimelist.net/character/64171/Jin_Mitaka,64171,Main,218
14289,Suki tte Ii na yo.,https://myanimelist.net/anime/14289/Suki_tte_Ii_na_yo,TV,Fall,2012,"Kurosawa, Yamato",https://myanimelist.net/character/26243/Yamato_Kurosawa,26243,Main,960
14513,Magi: The Labyrinth of Magic,https://myanimelist.net/anime/14513/Magi__The_Labyrinth_of_Magic,TV,Fall,2012,Ja'far,https://myanimelist.net/character/42529/Jafar,42529,Supporting,810
14467,K,https://myanimelist.net/anime/14467/K,TV,Fall,2012,"Kusanagi, Izumo",https://myanimelist.net/character/64625/Izumo_Kusanagi,64625,Supporting,172
30647,Nemuranu Machi no Cinderella: Hirose Ryouichi - Memorial Date,https://myanimelist.net/anime/30647/Nemuranu_Machi_no_Cinderella__Hirose_Ryouichi_-_Memorial_Date,ONA,,2012,"Hirose, Ryouichi",https://myanimelist.net/character/128021/Ryouichi_Hirose,128021,Main,3
12685,Code Geass: Hangyaku no Lelouch - Nunnally in Wonderland,https://myanimelist.net/anime/12685/Code_Geass__Hangyaku_no_Lelouch_-_Nunnally_in_Wonderland,OVA,,2012,"Kururugi, Suzaku",https://myanimelist.net/character/559/Suzaku_Kururugi,559,Supporting,3966
13411,Guilty Crown: Lost Christmas - An Episode of Port Town,https://myanimelist.net/anime/13411/Guilty_Crown__Lost_Christmas_-_An_Episode_of_Port_Town,OVA,,2012,Scrooge,https://myanimelist.net/character/61465/Scrooge,61465,Main,28
14627,Recorder to Randoseru,https://myanimelist.net/anime/14627/Recorder_to_Randoseru,OVA,,2012,Take-nii,https://myanimelist.net/character/54703/Take-nii,54703,Supporting,4
11933,Oda Nobuna no Yabou,https://myanimelist.net/anime/11933/Oda_Nobuna_no_Yabou,TV,Summer,2012,"Hattori, Hanzou",https://myanimelist.net/character/63469/Hanzou_Hattori,63469,Supporting,7
11783,Dog Days',https://myanimelist.net/anime/11783/Dog_Days,TV,Summer,2012,"Charle, Framboise",https://myanimelist.net/character/41953/Framboise_Charle,41953,Supporting,0
13367,"Kono Naka ni Hitori, Imouto ga Iru!",https://myanimelist.net/anime/13367/Kono_Naka_ni_Hitori_Imouto_ga_Iru,TV,Summer,2012,"Mikadono, Shougo",https://myanimelist.net/character/60331/Shougo_Mikadono,60331,Main,5
13161,Hagure Yuusha no Aesthetica,https://myanimelist.net/anime/13161/Hagure_Yuusha_no_Aesthetica,TV,Summer,2012,"Hikami, Kyouya",https://myanimelist.net/character/64063/Kyouya_Hikami,64063,Supporting,4
12113,Berserk: Ougon Jidai-hen II - Doldrey Kouryaku,https://myanimelist.net/anime/12113/Berserk__Ougon_Jidai-hen_II_-_Doldrey_Kouryaku,Movie,,2012,Griffith,https://myanimelist.net/character/424/Griffith,424,Main,15629
6219,Nijiiro Hotaru: Eien no Natsuyasumi,https://myanimelist.net/anime/6219/Nijiiro_Hotaru__Eien_no_Natsuyasumi,Movie,,2012,"Otabe, Yuuta",https://myanimelist.net/character/64471/Yuuta_Otabe,64471,Main,0
12117,Meitantei Conan Movie 16: 11-ninme no Striker,https://myanimelist.net/anime/12117/Meitantei_Conan_Movie_16__11-ninme_no_Striker,Movie,,2012,"Higo, Ryuusuke",https://myanimelist.net/character/102569/Ryuusuke_Higo,102569,Supporting,0
13837,Meitantei Conan Bonus File: Fantasista no Hana,https://myanimelist.net/anime/13837/Meitantei_Conan_Bonus_File__Fantasista_no_Hana,OVA,,2012,"Higo, Ryuusuke",https://myanimelist.net/character/102569/Ryuusuke_Higo,102569,Supporting,0
12531,Sakamichi no Apollon,https://myanimelist.net/anime/12531/Sakamichi_no_Apollon,TV,Spring,2012,"Arita, Isao",https://myanimelist.net/character/63859/Isao_Arita,63859,Supporting,0
12883,Tsuritama,https://myanimelist.net/anime/12883/Tsuritama,TV,Spring,2012,Urara,https://myanimelist.net/character/65495/Urara,65495,Supporting,11
12471,Eureka Seven AO,https://myanimelist.net/anime/12471/Eureka_Seven_AO,TV,Spring,2012,Barry,https://myanimelist.net/character/264037/Barry,264037,Supporting,0
12753,Phi Brain: Kami no Puzzle - Orpheus Order-hen,https://myanimelist.net/anime/12753/Phi_Brain__Kami_no_Puzzle_-_Orpheus_Order-hen,TV,Spring,2012,"Crossfield, Rook Banjou",https://myanimelist.net/character/43617/Rook_Banjou_Crossfield,43617,Supporting,37
11759,Accel World,https://myanimelist.net/anime/11759/Accel_World,TV,Spring,2012,Blue Knight,https://myanimelist.net/character/62983/Blue_Knight,62983,Supporting,1
12815,Shirokuma Cafe,https://myanimelist.net/anime/12815/Shirokuma_Cafe,TV,Spring,2012,Shirokuma,https://myanimelist.net/character/57689/Shirokuma,57689,Main,298
13377,Recorder to Randoseru Re♪,https://myanimelist.net/anime/13377/Recorder_to_Randoseru_Re♪,TV,Spring,2012,Take-nii,https://myanimelist.net/character/54703/Take-nii,54703,Supporting,4
12979,Naruto SD: Rock Lee no Seishun Full-Power Ninden,https://myanimelist.net/anime/12979/Naruto_SD__Rock_Lee_no_Seishun_Full-Power_Ninden,TV,Spring,2012,Sasori,https://myanimelist.net/character/1900/Sasori,1900,Supporting,2019
12223,s.CRY.ed Alteration II: Quan,https://myanimelist.net/anime/12223/sCRYed_Alteration_II__Quan,Movie,,2012,"Ino, Taisuke",https://myanimelist.net/character/58387/Taisuke_Ino,58387,Supporting,0
10218,Berserk: Ougon Jidai-hen I - Haou no Tamago,https://myanimelist.net/anime/10218/Berserk__Ougon_Jidai-hen_I_-_Haou_no_Tamago,Movie,,2012,Griffith,https://myanimelist.net/character/424/Griffith,424,Main,15629
11843,Danshi Koukousei no Nichijou,https://myanimelist.net/anime/11843/Danshi_Koukousei_no_Nichijou,TV,Winter,2012,"Tabata, Yuusuke",https://myanimelist.net/character/57255/Yuusuke_Tabata,57255,Supporting,2
11241,Brave 10,https://myanimelist.net/anime/11241/Brave_10,TV,Winter,2012,"Hattori, Hanzou",https://myanimelist.net/character/48695/Hanzou_Hattori,48695,Supporting,12
11319,Zero no Tsukaima F,https://myanimelist.net/anime/11319/Zero_no_Tsukaima_F,TV,Winter,2012,"de Gramont, Guiche",https://myanimelist.net/character/1285/Guiche_de_Gramont,1285,Supporting,47
11491,Recorder to Randoseru Do♪,https://myanimelist.net/anime/11491/Recorder_to_Randoseru_Do♪,TV,Winter,2012,Take-nii,https://myanimelist.net/character/54703/Take-nii,54703,Supporting,4
12699,Tales of Gekijou,https://myanimelist.net/anime/12699/Tales_of_Gekijou,Special,,2012,"Lhant, Asbel",https://myanimelist.net/character/39930/Asbel_Lhant,39930,Main,18
12565,Fate/Prototype,https://myanimelist.net/anime/12565/Fate_Prototype,OVA,,2011,Saber,https://myanimelist.net/character/54219/Saber,54219,Main,201
10958,High Score,https://myanimelist.net/anime/10958/High_Score,TV,Fall,2011,"Masuda, Kyousuke",https://myanimelist.net/character/55315/Kyousuke_Masuda,55315,Supporting,1
10592,s.CRY.ed Alteration I: Tao,https://myanimelist.net/anime/10592/sCRYed_Alteration_I__Tao,Movie,,2011,"Ino, Taisuke",https://myanimelist.net/character/58387/Taisuke_Ino,58387,Supporting,0
11385,Digimon Xros Wars: Toki wo Kakeru Shounen Hunter-tachi,https://myanimelist.net/anime/11385/Digimon_Xros_Wars__Toki_wo_Kakeru_Shounen_Hunter-tachi,TV,Fall,2011,Tentomon,https://myanimelist.net/character/9953/Tentomon,9953,Supporting,58
11385,Digimon Xros Wars: Toki wo Kakeru Shounen Hunter-tachi,https://myanimelist.net/anime/11385/Digimon_Xros_Wars__Toki_wo_Kakeru_Shounen_Hunter-tachi,TV,Fall,2011,Dorulumon,https://myanimelist.net/character/38901/Dorulumon,38901,Supporting,3
11385,Digimon Xros Wars: Toki wo Kakeru Shounen Hunter-tachi,https://myanimelist.net/anime/11385/Digimon_Xros_Wars__Toki_wo_Kakeru_Shounen_Hunter-tachi,TV,Fall,2011,Psychemon,https://myanimelist.net/character/47803/Psychemon,47803,Supporting,1
11385,Digimon Xros Wars: Toki wo Kakeru Shounen Hunter-tachi,https://myanimelist.net/anime/11385/Digimon_Xros_Wars__Toki_wo_Kakeru_Shounen_Hunter-tachi,TV,Fall,2011,Quartzmon,https://myanimelist.net/character/227589/Quartzmon,227589,Supporting,0
9981,Phi Brain: Kami no Puzzle,https://myanimelist.net/anime/9981/Phi_Brain__Kami_no_Puzzle,TV,Fall,2011,"Crossfield, Rook Banjou",https://myanimelist.net/character/43617/Rook_Banjou_Crossfield,43617,Main,37
10801,Copihan,https://myanimelist.net/anime/10801/Copihan,ONA,,2011,"Tsugayama, Haruhiko",https://myanimelist.net/character/43852/Haruhiko_Tsugayama,43852,Main,0
8915,Dantalian no Shoka,https://myanimelist.net/anime/8915/Dantalian_no_Shoka,TV,Summer,2011,"Jeremiah, Armand",https://myanimelist.net/character/46691/Armand_Jeremiah,46691,Supporting,0
10379,Natsume Yuujinchou San,https://myanimelist.net/anime/10379/Natsume_Yuujinchou_San,TV,Summer,2011,Natsume's Adoptive Brother,https://myanimelist.net/character/48663/Natsumes_Adoptive_Brother,48663,Supporting,0
10049,Nurarihyon no Mago: Sennen Makyou,https://myanimelist.net/anime/10049/Nurarihyon_no_Mago__Sennen_Makyou,TV,Summer,2011,Kubinashi,https://myanimelist.net/character/16602/Kubinashi,16602,Supporting,44
10568,Kamisama no Memochou,https://myanimelist.net/anime/10568/Kamisama_no_Memochou,TV,Summer,2011,"Kuwahara, Hiroaki",https://myanimelist.net/character/42922/Hiroaki_Kuwahara,42922,Supporting,3
7014,Tezuka Osamu no Buddha: Akai Sabaku yo! Utsukushiku,https://myanimelist.net/anime/7014/Tezuka_Osamu_no_Buddha__Akai_Sabaku_yo_Utsukushiku,Movie,,2011,Naradatta,https://myanimelist.net/character/140771/Naradatta,140771,Supporting,0
12991,Katte ni Kaizou Specials,https://myanimelist.net/anime/12991/Katte_ni_Kaizou_Specials,Special,,2011,"Katsu, Kaizou",https://myanimelist.net/character/9675/Kaizou_Katsu,9675,Main,14
10191,Katte ni Kaizou,https://myanimelist.net/anime/10191/Katte_ni_Kaizou,OVA,,2011,"Katsu, Kaizou",https://myanimelist.net/character/9675/Kaizou_Katsu,9675,Main,14
9989,Ano Hi Mita Hana no Namae wo Bokutachi wa Mada Shiranai.,https://myanimelist.net/anime/9989/Ano_Hi_Mita_Hana_no_Namae_wo_Bokutachi_wa_Mada_Shiranai,TV,Spring,2011,"Matsuyuki, Atsumu",https://myanimelist.net/character/40594/Atsumu_Matsuyuki,40594,Main,149
10163,C: The Money of Soul and Possibility Control,https://myanimelist.net/anime/10163/C__The_Money_of_Soul_and_Possibility_Control,TV,Spring,2011,Masakaki,https://myanimelist.net/character/40954/Masakaki,40954,Supporting,155
10033,Toriko,https://myanimelist.net/anime/10033/Toriko,TV,Spring,2011,Coco,https://myanimelist.net/character/19941/Coco,19941,Main,96
10444,Digimon Xros Wars: Aku no Death General to Nanatsu no Oukoku,https://myanimelist.net/anime/10444/Digimon_Xros_Wars__Aku_no_Death_General_to_Nanatsu_no_Oukoku,TV,Spring,2011,Dorulumon,https://myanimelist.net/character/38901/Dorulumon,38901,Supporting,3
10155,Dog Days,https://myanimelist.net/anime/10155/Dog_Days,TV,Spring,2011,"Charle, Framboise",https://myanimelist.net/character/41953/Framboise_Charle,41953,Supporting,0
9943,Oresama Kingdom,https://myanimelist.net/anime/9943/Oresama_Kingdom,OVA,,2011,"Kurosawa, Shun",https://myanimelist.net/character/74489/Shun_Kurosawa,74489,Main,1
8250,Soukou Kihei Votoms: Koei Futatabi,https://myanimelist.net/anime/8250/Soukou_Kihei_Votoms__Koei_Futatabi,OVA,,2011,"Beswood Gar, Gassilman",https://myanimelist.net/character/165536/Gassilman_Beswood_Gar,165536,Supporting,0
10180,Otome Youkai Zakuro Picture Drama,https://myanimelist.net/anime/10180/Otome_Youkai_Zakuro_Picture_Drama,Special,,2010,"Agemaki, Kei",https://myanimelist.net/character/33445/Kei_Agemaki,33445,Supporting,30
9136,Kuroshitsuji II Specials,https://myanimelist.net/anime/9136/Kuroshitsuji_II_Specials,Special,,2010,"Faustus, Claude",https://myanimelist.net/character/30029/Claude_Faustus,30029,Supporting,386
10886,Nurarihyon no Mago: Gekitou Dai Futsal Taikai! Nuragumi W Cup!!,https://myanimelist.net/anime/10886/Nurarihyon_no_Mago__Gekitou_Dai_Futsal_Taikai_Nuragumi_W_Cup,Special,,2010,Kubinashi,https://myanimelist.net/character/16602/Kubinashi,16602,Supporting,44
8726,Soredemo Machi wa Mawatteiru,https://myanimelist.net/anime/8726/Soredemo_Machi_wa_Mawatteiru,TV,Fall,2010,"Isohata, Uki",https://myanimelist.net/character/36477/Uki_Isohata,36477,Main,2
8476,Otome Youkai Zakuro,https://myanimelist.net/anime/8476/Otome_Youkai_Zakuro,TV,Fall,2010,"Agemaki, Kei",https://myanimelist.net/character/33445/Kei_Agemaki,33445,Main,30
8311,Tegamibachi Reverse,https://myanimelist.net/anime/8311/Tegamibachi_Reverse,TV,Fall,2010,Jeel,https://myanimelist.net/character/40252/Jeel,40252,Supporting,1
8277,Hyakka Ryouran: Samurai Girls,https://myanimelist.net/anime/8277/Hyakka_Ryouran__Samurai_Girls,TV,Fall,2010,"Tokugawa, Yoshihiko",https://myanimelist.net/character/34368/Yoshihiko_Tokugawa,34368,Supporting,1
7592,Nurarihyon no Mago,https://myanimelist.net/anime/7592/Nurarihyon_no_Mago,TV,Summer,2010,Kubinashi,https://myanimelist.net/character/16602/Kubinashi,16602,Supporting,44
8624,Digimon Xros Wars,https://myanimelist.net/anime/8624/Digimon_Xros_Wars,TV,Summer,2010,Dorulumon,https://myanimelist.net/character/38901/Dorulumon,38901,Supporting,3
6707,Kuroshitsuji II,https://myanimelist.net/anime/6707/Kuroshitsuji_II,TV,Summer,2010,"Faustus, Claude",https://myanimelist.net/character/30029/Claude_Faustus,30029,Main,386
8086,Densetsu no Yuusha no Densetsu,https://myanimelist.net/anime/8086/Densetsu_no_Yuusha_no_Densetsu,TV,Summer,2010,"Rumibul, Tiir",https://myanimelist.net/character/37500/Tiir_Rumibul,37500,Supporting,76
8728,Code Geass: Hangyaku no Lelouch - Kiseki no Birthday,https://myanimelist.net/anime/8728/Code_Geass__Hangyaku_no_Lelouch_-_Kiseki_no_Birthday,Special,,2010,"Kururugi, Suzaku",https://myanimelist.net/character/559/Suzaku_Kururugi,559,Main,3966
7588,Saraiya Goyou,https://myanimelist.net/anime/7588/Saraiya_Goyou,TV,Spring,2010,Yaichi,https://myanimelist.net/character/32130/Yaichi,32130,Main,188
7058,Uragiri wa Boku no Namae wo Shitteiru,https://myanimelist.net/anime/7058/Uragiri_wa_Boku_no_Namae_wo_Shitteiru,TV,Spring,2010,"Crosszeria, Luka",https://myanimelist.net/character/13460/Luka_Crosszeria,13460,Main,1133
7793,Ring ni Kakero 1: Shadow-hen,https://myanimelist.net/anime/7793/Ring_ni_Kakero_1__Shadow-hen,TV,Spring,2010,"Shadow, Jun",https://myanimelist.net/character/205236/Jun_Shadow,205236,Supporting,0
6645,Chuu Bra!!,https://myanimelist.net/anime/6645/Chuu_Bra,TV,Winter,2010,"Hayama, Keigo",https://myanimelist.net/character/29176/Keigo_Hayama,29176,Supporting,0
6774,Kuuchuu Buranko,https://myanimelist.net/anime/6774/Kuuchuu_Buranko,TV,Fall,2009,"Taguchi, Tetsuya",https://myanimelist.net/character/25738/Tetsuya_Taguchi,25738,Supporting,0
6702,Fairy Tail,https://myanimelist.net/anime/6702/Fairy_Tail,TV,Fall,2009,"Eucliffe, Sting",https://myanimelist.net/character/51171/Sting_Eucliffe,51171,Supporting,482
5909,Seitokai no Ichizon,https://myanimelist.net/anime/5909/Seitokai_no_Ichizon,TV,Fall,2009,Echo of Death,https://myanimelist.net/character/45401/Echo_of_Death,45401,Supporting,1
6758,Tatakau Shisho: The Book of Bantorra,https://myanimelist.net/anime/6758/Tatakau_Shisho__The_Book_of_Bantorra,TV,Fall,2009,"Coozancoona, Ruruta",https://myanimelist.net/character/30989/Ruruta_Coozancoona,30989,Supporting,5
6901,Battle Spirits: Shounen Gekiha Dan,https://myanimelist.net/anime/6901/Battle_Spirits__Shounen_Gekiha_Dan,TV,Fall,2009,"Momose, Yuuki",https://myanimelist.net/character/50263/Yuuki_Momose,50263,Main,2
6948,Bakemonogatari Recap,https://myanimelist.net/anime/6948/Bakemonogatari_Recap,TV Special,,2009,"Oshino, Meme",https://myanimelist.net/character/22552/Meme_Oshino,22552,Supporting,3669
7016,Senjou no Valkyria: SenVal Theater,https://myanimelist.net/anime/7016/Senjou_no_Valkyria__SenVal_Theater,Special,,2009,"Landzaat, Faldio",https://myanimelist.net/character/17085/Faldio_Landzaat,17085,Supporting,28
6768,Code Geass: Hangyaku no Lelouch R2 Special Edition - Zero Requiem,https://myanimelist.net/anime/6768/Code_Geass__Hangyaku_no_Lelouch_R2_Special_Edition_-_Zero_Requiem,OVA,,2009,"Kururugi, Suzaku",https://myanimelist.net/character/559/Suzaku_Kururugi,559,Main,3966
5081,Bakemonogatari,https://myanimelist.net/anime/5081/Bakemonogatari,TV,Summer,2009,"Oshino, Meme",https://myanimelist.net/character/22552/Meme_Oshino,22552,Supporting,3669
6171,Saint Seiya: The Lost Canvas - Meiou Shinwa,https://myanimelist.net/anime/6171/Saint_Seiya__The_Lost_Canvas_-_Meiou_Shinwa,OVA,,2009,"Griffon, Minos",https://myanimelist.net/character/7390/Minos_Griffon,7390,Supporting,25
5593,Dogs: Bullets & Carnage,https://myanimelist.net/anime/5593/Dogs__Bullets___Carnage,OVA,,2009,"Rammsteiner, Haine",https://myanimelist.net/character/3963/Haine_Rammsteiner,3963,Main,624
2952,Final Fantasy VII: Advent Children Complete,https://myanimelist.net/anime/2952/Final_Fantasy_VII__Advent_Children_Complete,OVA,,2009,"Strife, Cloud",https://myanimelist.net/character/456/Cloud_Strife,456,Main,2967
6151,Final Fantasy VII: On the Way to a Smile - Episode: Denzel,https://myanimelist.net/anime/6151/Final_Fantasy_VII__On_the_Way_to_a_Smile_-_Episode__Denzel,OVA,,2009,"Strife, Cloud",https://myanimelist.net/character/456/Cloud_Strife,456,Supporting,2967
5419,Paniponi Dash!: Danjite Okonaeba Kishin mo Kore wo Saku,https://myanimelist.net/anime/5419/Paniponi_Dash__Danjite_Okonaeba_Kishin_mo_Kore_wo_Saku,Special,,2009,Michael,https://myanimelist.net/character/30289/Michael,30289,Supporting,0
5150,Hatsukoi Limited.,https://myanimelist.net/anime/5150/Hatsukoi_Limited,TV,Spring,2009,"Sogabe, Hiroyuki",https://myanimelist.net/character/18625/Hiroyuki_Sogabe,18625,Main,3
5220,Shangri-La,https://myanimelist.net/anime/5220/Shangri-La,TV,Spring,2009,"Kudo, Shougo",https://myanimelist.net/character/21194/Shougo_Kudo,21194,Supporting,0
5507,Senjou no Valkyria,https://myanimelist.net/anime/5507/Senjou_no_Valkyria,TV,Spring,2009,"Landzaat, Faldio",https://myanimelist.net/character/17085/Faldio_Landzaat,17085,Supporting,28
5941,Cross Game,https://myanimelist.net/anime/5941/Cross_Game,TV,Spring,2009,"Azuma, Yuuhei",https://myanimelist.net/character/21895/Yuuhei_Azuma,21895,Supporting,96
5041,Guin Saga,https://myanimelist.net/anime/5041/Guin_Saga,TV,Spring,2009,Ran,https://myanimelist.net/character/25801/Ran,25801,Supporting,0
5155,Genji Monogatari Sennenki,https://myanimelist.net/anime/5155/Genji_Monogatari_Sennenki,TV,Winter,2009,"Genji, Hikaru",https://myanimelist.net/character/17881/Hikaru_Genji,17881,Main,10
5074,Tetsuwan Birdy Decode:02,https://myanimelist.net/anime/5074/Tetsuwan_Birdy_Decode_02,TV,Winter,2009,"Kagami, Yuuichi",https://myanimelist.net/character/48071/Yuuichi_Kagami,48071,Supporting,0
4726,Druaga no Tou: The Sword of Uruk,https://myanimelist.net/anime/4726/Druaga_no_Tou__The_Sword_of_Uruk,TV,Winter,2009,Neeba,https://myanimelist.net/character/10187/Neeba,10187,Supporting,9
5505,Viper's Creed,https://myanimelist.net/anime/5505/Vipers_Creed,TV,Winter,2009,"Chiaki, Ulla",https://myanimelist.net/character/20945/Ulla_Chiaki,20945,Supporting,1
5764,Zero no Tsukaima: Princesses no Rondo - Yuuwaku no Sunahama,https://myanimelist.net/anime/5764/Zero_no_Tsukaima__Princesses_no_Rondo_-_Yuuwaku_no_Sunahama,Special,,2008,"de Gramont, Guiche",https://myanimelist.net/character/1285/Guiche_de_Gramont,1285,Supporting,47
3574,Switch,https://myanimelist.net/anime/3574/Switch,OVA,,2008,"Kurabayashi, Haru",https://myanimelist.net/character/14034/Haru_Kurabayashi,14034,Main,20
4814,Junjou Romantica 2,https://myanimelist.net/anime/4814/Junjou_Romantica_2,TV,Fall,2008,"Takahashi, Misaki",https://myanimelist.net/character/6037/Misaki_Takahashi,6037,Main,941
35118,Bleach KaraBuri!: Gotei Juusan Yatai Daisakusen!,https://myanimelist.net/anime/35118/Bleach_KaraBuri__Gotei_Juusan_Yatai_Daisakusen,OVA,,2008,"Kira, Izuru",https://myanimelist.net/character/1093/Izuru_Kira,1093,Supporting,210
5163,Code Geass: Hangyaku no Lelouch R2 Picture Drama,https://myanimelist.net/anime/5163/Code_Geass__Hangyaku_no_Lelouch_R2_Picture_Drama,Special,,2008,"Kururugi, Suzaku",https://myanimelist.net/character/559/Suzaku_Kururugi,559,Main,3966
4205,KimiKiss Pure Rouge: Love Fighter,https://myanimelist.net/anime/4205/KimiKiss_Pure_Rouge__Love_Fighter,Special,,2008,"Kai, Eiji",https://myanimelist.net/character/5450/Eiji_Kai,5450,Supporting,16
3712,Zero no Tsukaima: Princesses no Rondo,https://myanimelist.net/anime/3712/Zero_no_Tsukaima__Princesses_no_Rondo,TV,Summer,2008,"de Gramont, Guiche",https://myanimelist.net/character/1285/Guiche_de_Gramont,1285,Supporting,47
3354,Zombie-Loan Specials,https://myanimelist.net/anime/3354/Zombie-Loan_Specials,Special,,2008,"Tachibana, Shito",https://myanimelist.net/character/3205/Shito_Tachibana,3205,Main,105
3092,Junjou Romantica,https://myanimelist.net/anime/3092/Junjou_Romantica,TV,Spring,2008,"Takahashi, Misaki",https://myanimelist.net/character/6037/Misaki_Takahashi,6037,Main,941
2904,Code Geass: Hangyaku no Lelouch R2,https://myanimelist.net/anime/2904/Code_Geass__Hangyaku_no_Lelouch_R2,TV,Spring,2008,"Kururugi, Suzaku",https://myanimelist.net/character/559/Suzaku_Kururugi,559,Main,3966
4038,Zettai Karen Children,https://myanimelist.net/anime/4038/Zettai_Karen_Children,TV,Spring,2008,"Grisham, J.D.",https://myanimelist.net/character/15675/JD_Grisham,15675,Supporting,1
3230,Druaga no Tou: The Aegis of Uruk,https://myanimelist.net/anime/3230/Druaga_no_Tou__The_Aegis_of_Uruk,TV,Spring,2008,Neeba,https://myanimelist.net/character/10187/Neeba,10187,Supporting,9
4798,Druaga no Tou: The Aegis of Uruk - Jil no Bouken,https://myanimelist.net/anime/4798/Druaga_no_Tou__The_Aegis_of_Uruk_-_Jil_no_Bouken,Special,,2008,Neeba,https://myanimelist.net/character/10187/Neeba,10187,Supporting,9
4080,Kyou kara Maou! 3rd Series,https://myanimelist.net/anime/4080/Kyou_kara_Maou_3rd_Series,TV,Spring,2008,"Shibuya, Yuuri",https://myanimelist.net/character/1965/Yuuri_Shibuya,1965,Main,299
4080,Kyou kara Maou! 3rd Series,https://myanimelist.net/anime/4080/Kyou_kara_Maou_3rd_Series,TV,Spring,2008,"Morgif, Mullem Desoive Eligh",https://myanimelist.net/character/30972/Mullem_Desoive_Eligh_Morgif,30972,Supporting,16
4469,.hack//G.U. Trilogy: Parody Mode,https://myanimelist.net/anime/4469/hack__GU_Trilogy__Parody_Mode,Special,,2008,Haseo,https://myanimelist.net/character/33/Haseo,33,Main,536
3515,Saint Seiya: Meiou Hades Elysion-hen,https://myanimelist.net/anime/3515/Saint_Seiya__Meiou_Hades_Elysion-hen,OVA,,2008,"Dragon, Shiryuu",https://myanimelist.net/character/5922/Shiryuu_Dragon,5922,Main,609
4596,Code Geass: Hangyaku no Lelouch Special Edition - Black Rebellion,https://myanimelist.net/anime/4596/Code_Geass__Hangyaku_no_Lelouch_Special_Edition_-_Black_Rebellion,OVA,,2008,"Kururugi, Suzaku",https://myanimelist.net/character/559/Suzaku_Kururugi,559,Main,3966
3375,Kirepapa.,https://myanimelist.net/anime/3375/Kirepapa,OVA,,2008,"Sakaki, Shunsuke",https://myanimelist.net/character/6980/Shunsuke_Sakaki,6980,Main,34
3298,Hatenkou Yuugi,https://myanimelist.net/anime/3298/Hatenkou_Yuugi,TV,Winter,2008,Alzeid,https://myanimelist.net/character/4698/Alzeid,4698,Main,81
3269,.hack//G.U. Trilogy,https://myanimelist.net/anime/3269/hack__GU_Trilogy,Movie,,2007,Haseo,https://myanimelist.net/character/33/Haseo,33,Main,536
2889,Bleach Movie 2: The DiamondDust Rebellion - Mou Hitotsu no Hyourinmaru,https://myanimelist.net/anime/2889/Bleach_Movie_2__The_DiamondDust_Rebellion_-_Mou_Hitotsu_no_Hyourinmaru,Movie,,2007,"Kira, Izuru",https://myanimelist.net/character/1093/Izuru_Kira,1093,Supporting,210
3088,Tokyo Marble Chocolate,https://myanimelist.net/anime/3088/Tokyo_Marble_Chocolate,OVA,,2007,Yuudai,https://myanimelist.net/character/8486/Yuudai,8486,Main,3
2971,Kyou kara Maou! R,https://myanimelist.net/anime/2971/Kyou_kara_Maou_R,OVA,,2007,"Shibuya, Yuuri",https://myanimelist.net/character/1965/Yuuri_Shibuya,1965,Main,299
2971,Kyou kara Maou! R,https://myanimelist.net/anime/2971/Kyou_kara_Maou_R,OVA,,2007,"Morgif, Mullem Desoive Eligh",https://myanimelist.net/character/30972/Mullem_Desoive_Eligh_Morgif,30972,Supporting,16
2772,Juushin Enbu: Hero Tales,https://myanimelist.net/anime/2772/Juushin_Enbu__Hero_Tales,TV,Fall,2007,"Mouten, Ryuukou",https://myanimelist.net/character/4399/Ryuukou_Mouten,4399,Main,6
2927,KimiKiss Pure Rouge,https://myanimelist.net/anime/2927/KimiKiss_Pure_Rouge,TV,Fall,2007,"Kai, Eiji",https://myanimelist.net/character/5450/Eiji_Kai,5450,Main,16
2746,Vexille: 2077 Nihon Sakoku,https://myanimelist.net/anime/2746/Vexille__2077_Nihon_Sakoku,Movie,,2007,Ryo,https://myanimelist.net/character/9926/Ryo,9926,Supporting,0
2246,Mononoke,https://myanimelist.net/anime/2246/Mononoke,TV,Summer,2007,Kusuriuri,https://myanimelist.net/character/2865/Kusuriuri,2865,Main,5370
1840,Zero no Tsukaima: Futatsuki no Kishi,https://myanimelist.net/anime/1840/Zero_no_Tsukaima__Futatsuki_no_Kishi,TV,Summer,2007,"de Gramont, Guiche",https://myanimelist.net/character/1285/Guiche_de_Gramont,1285,Supporting,47
2404,Zombie-Loan,https://myanimelist.net/anime/2404/Zombie-Loan,TV,Summer,2007,"Tachibana, Shito",https://myanimelist.net/character/3205/Shito_Tachibana,3205,Main,105
2153,Saint Beast: Kouin Jojishi Tenshi Tan,https://myanimelist.net/anime/2153/Saint_Beast__Kouin_Jojishi_Tenshi_Tan,TV,Spring,2007,"Genbu, Shin",https://myanimelist.net/character/4217/Shin_Genbu,4217,Main,3
1735,Naruto: Shippuuden,https://myanimelist.net/anime/1735/Naruto__Shippuuden,TV,Winter,2007,Sasori,https://myanimelist.net/character/1900/Sasori,1900,Supporting,2019
1953,Code Geass: Hangyaku no Lelouch Picture Drama,https://myanimelist.net/anime/1953/Code_Geass__Hangyaku_no_Lelouch_Picture_Drama,Special,,2007,"Kururugi, Suzaku",https://myanimelist.net/character/559/Suzaku_Kururugi,559,Main,3966
2928,.hack//G.U. Returner,https://myanimelist.net/anime/2928/hack__GU_Returner,OVA,,2007,Haseo,https://myanimelist.net/character/33/Haseo,33,Main,536
1719,Rozen Maiden: Ouvertüre,https://myanimelist.net/anime/1719/Rozen_Maiden__Ouvertüre,TV Special,,2006,Shirosaki,https://myanimelist.net/character/13138/Shirosaki,13138,Supporting,2
1686,Bleach Movie 1: Memories of Nobody,https://myanimelist.net/anime/1686/Bleach_Movie_1__Memories_of_Nobody,Movie,,2006,"Kira, Izuru",https://myanimelist.net/character/1093/Izuru_Kira,1093,Supporting,210
2124,Code Geass: Hangyaku no Lelouch Recaps,https://myanimelist.net/anime/2124/Code_Geass__Hangyaku_no_Lelouch_Recaps,TV Special,,2006,"Kururugi, Suzaku",https://myanimelist.net/character/559/Suzaku_Kururugi,559,Main,3966
1575,Code Geass: Hangyaku no Lelouch,https://myanimelist.net/anime/1575/Code_Geass__Hangyaku_no_Lelouch,TV,Fall,2006,"Kururugi, Suzaku",https://myanimelist.net/character/559/Suzaku_Kururugi,559,Main,3966
1482,D.Gray-man,https://myanimelist.net/anime/1482/DGray-man,TV,Fall,2006,"Kanda, Yuu",https://myanimelist.net/character/140/Yuu_Kanda,140,Main,3412
1498,Black Blood Brothers,https://myanimelist.net/anime/1498/Black_Blood_Brothers,TV,Fall,2006,"Mochizuki, Jirou",https://myanimelist.net/character/782/Jirou_Mochizuki,782,Main,231
1906,Harukanaru Toki no Naka de: Maihitoyo,https://myanimelist.net/anime/1906/Harukanaru_Toki_no_Naka_de__Maihitoyo,Movie,,2006,"Ono, Suefumi",https://myanimelist.net/character/4033/Suefumi_Ono,4033,Main,10
1230,Innocent Venus,https://myanimelist.net/anime/1230/Innocent_Venus,TV,Summer,2006,"Tsurasawa, Jin",https://myanimelist.net/character/466/Jin_Tsurasawa,466,Main,10
2589,Black Cat: Toozakaru Neko,https://myanimelist.net/anime/2589/Black_Cat__Toozakaru_Neko,Special,,2006,"Hazard, Jenos",https://myanimelist.net/character/4398/Jenos_Hazard,4398,Supporting,22
4353,Gakuen Heaven: Hamu Hamu Heaven,https://myanimelist.net/anime/4353/Gakuen_Heaven__Hamu_Hamu_Heaven,Special,,2006,"Endou, Kazuki",https://myanimelist.net/character/3136/Kazuki_Endou,3136,Main,24
1195,Zero no Tsukaima,https://myanimelist.net/anime/1195/Zero_no_Tsukaima,TV,Summer,2006,"de Gramont, Guiche",https://myanimelist.net/character/1285/Guiche_de_Gramont,1285,Supporting,47
1013,Le Chevalier D'Eon,https://myanimelist.net/anime/1013/Le_Chevalier_DEon,TV,Summer,2006,"Robespierre, Maximilien",https://myanimelist.net/character/2791/Maximilien_Robespierre,2791,Supporting,33
873,.hack//Roots,https://myanimelist.net/anime/873/hack__Roots,TV,Spring,2006,Haseo,https://myanimelist.net/character/33/Haseo,33,Main,536
1771,Ring ni Kakero 1: Nichibei Kessen-hen,https://myanimelist.net/anime/1771/Ring_ni_Kakero_1__Nichibei_Kessen-hen,TV,Spring,2006,"Shadow, Jun",https://myanimelist.net/character/205236/Jun_Shadow,205236,Supporting,0
878,Zegapain,https://myanimelist.net/anime/878/Zegapain,TV,Spring,2006,"Vital, Toga",https://myanimelist.net/character/235707/Toga_Vital,235707,Supporting,0
973,Glass no Kantai: La Legende du Vent de l'Univers,https://myanimelist.net/anime/973/Glass_no_Kantai__La_Legende_du_Vent_de_lUnivers,TV,Spring,2006,Jil,https://myanimelist.net/character/35841/Jil,35841,Supporting,0
850,Gakuen Heaven,https://myanimelist.net/anime/850/Gakuen_Heaven,TV,Spring,2006,"Endou, Kazuki",https://myanimelist.net/character/3136/Kazuki_Endou,3136,Main,24
834,Bleach: The Sealed Sword Frenzy,https://myanimelist.net/anime/834/Bleach__The_Sealed_Sword_Frenzy,Special,,2006,"Kira, Izuru",https://myanimelist.net/character/1093/Izuru_Kira,1093,Supporting,210
2580,Tsukuyomi: Moon Phase Special,https://myanimelist.net/anime/2580/Tsukuyomi__Moon_Phase_Special,Special,,2006,"Midou, Seiji",https://myanimelist.net/character/6258/Seiji_Midou,6258,Main,2
771,Ginyuu Mokushiroku Meine Liebe Wieder,https://myanimelist.net/anime/771/Ginyuu_Mokushiroku_Meine_Liebe_Wieder,TV,Winter,2006,"Fürst von Marmelade Nahe Görz, Orpherus",https://myanimelist.net/character/3925/Orpherus_Fürst_von_Marmelade_Nahe_Görz,3925,Main,8
586,Ayakashi: Japanese Classic Horror,https://myanimelist.net/anime/586/Ayakashi__Japanese_Classic_Horror,TV,Winter,2006,Kusuriuri,https://myanimelist.net/character/2865/Kusuriuri,2865,Main,5370
3004,Saint Beast: Ikusen no Hiru to Yoru-hen,https://myanimelist.net/anime/3004/Saint_Beast__Ikusen_no_Hiru_to_Yoru-hen,OVA,,2005,"Genbu, Shin",https://myanimelist.net/character/4217/Shin_Genbu,4217,Main,3
1253,Saint Seiya: Meiou Hades Meikai-hen,https://myanimelist.net/anime/1253/Saint_Seiya__Meiou_Hades_Meikai-hen,OVA,,2005,"Dragon, Shiryuu",https://myanimelist.net/character/5922/Shiryuu_Dragon,5922,Main,609
2808,Irregular Hunter X: The Day of Sigma,https://myanimelist.net/anime/2808/Irregular_Hunter_X__The_Day_of_Sigma,OVA,,2005,Rockman X,https://myanimelist.net/character/11116/Rockman_X,11116,Main,115
558,Major S2,https://myanimelist.net/anime/558/Major_S2,TV,Winter,2006,"Enomoto, Naoki",https://myanimelist.net/character/63551/Naoki_Enomoto,63551,Supporting,0
469,Karin,https://myanimelist.net/anime/469/Karin,TV,Fall,2005,Kurobara no Ouji,https://myanimelist.net/character/5935/Kurobara_no_Ouji,5935,Supporting,0
65,Rozen Maiden: Träumend,https://myanimelist.net/anime/65/Rozen_Maiden__Träumend,TV,Fall,2005,Shirosaki,https://myanimelist.net/character/13138/Shirosaki,13138,Supporting,2
68,Black Cat,https://myanimelist.net/anime/68/Black_Cat,TV,Fall,2005,"Hazard, Jenos",https://myanimelist.net/character/4398/Jenos_Hazard,4398,Supporting,22
694,Canvas 2: Nijiiro no Sketch,https://myanimelist.net/anime/694/Canvas_2__Nijiiro_no_Sketch,TV,Fall,2005,"Kamikura, Hiroki",https://myanimelist.net/character/4517/Hiroki_Kamikura,4517,Main,3
317,Final Fantasy VII: Advent Children,https://myanimelist.net/anime/317/Final_Fantasy_VII__Advent_Children,Movie,,2005,"Strife, Cloud",https://myanimelist.net/character/456/Cloud_Strife,456,Main,2967
408,Final Fantasy VII: Last Order,https://myanimelist.net/anime/408/Final_Fantasy_VII__Last_Order,Special,,2005,"Strife, Cloud",https://myanimelist.net/character/456/Cloud_Strife,456,Main,2967
911,Konjiki no Gash Bell!!: Mecha Vulkan no Raishuu,https://myanimelist.net/anime/911/Konjiki_no_Gash_Bell__Mecha_Vulkan_no_Raishuu,Movie,,2005,"Takamine, Kiyomaro",https://myanimelist.net/character/3894/Kiyomaro_Takamine,3894,Main,478
411,Gun x Sword,https://myanimelist.net/anime/411/Gun_x_Sword,TV,Summer,2005,"Lundgren, Ray",https://myanimelist.net/character/3449/Ray_Lundgren,3449,Supporting,16
490,Paniponi Dash!,https://myanimelist.net/anime/490/Paniponi_Dash,TV,Summer,2005,"Momose, Shuu",https://myanimelist.net/character/4819/Shuu_Momose,4819,Supporting,1
490,Paniponi Dash!,https://myanimelist.net/anime/490/Paniponi_Dash,TV,Summer,2005,Michael,https://myanimelist.net/character/30289/Michael,30289,Supporting,0
503,Eien no Aselia,https://myanimelist.net/anime/503/Eien_no_Aselia,OVA,,2005,"Takamine, Yuuto",https://myanimelist.net/character/28245/Yuuto_Takamine,28245,Main,3
308,Zettai Shounen,https://myanimelist.net/anime/308/Zettai_Shounen,TV,Spring,2005,"Kobayakawa, Shigeki",https://myanimelist.net/character/935/Shigeki_Kobayakawa,935,Supporting,1
389,Karas,https://myanimelist.net/anime/389/Karas,OVA,,2005,"Houshunin, Ekou",https://myanimelist.net/character/1522/Ekou_Houshunin,1522,Supporting,5
1933,Growlanser IV: Wayfarer of the Time,https://myanimelist.net/anime/1933/Growlanser_IV__Wayfarer_of_the_Time,OVA,,2005,Vallery,https://myanimelist.net/character/26143/Vallery,26143,Supporting,0
3157,Guardian Hearts-Power UP!,https://myanimelist.net/anime/3157/Guardian_Hearts-Power_UP,OVA,,2005,"Watari, Kazuya",https://myanimelist.net/character/4453/Kazuya_Watari,4453,Main,1
336,Ginyuu Mokushiroku Meine Liebe,https://myanimelist.net/anime/336/Ginyuu_Mokushiroku_Meine_Liebe,TV,Fall,2004,"Fürst von Marmelade Nahe Görz, Orpherus",https://myanimelist.net/character/3925/Orpherus_Fürst_von_Marmelade_Nahe_Görz,3925,Main,8
74,Gakuen Alice,https://myanimelist.net/anime/74/Gakuen_Alice,TV,Fall,2004,Misaki,https://myanimelist.net/character/23818/Misaki,23818,Supporting,2
173,Tactics,https://myanimelist.net/anime/173/Tactics,TV,Fall,2004,Haruka,https://myanimelist.net/character/186/Haruka,186,Main,68
269,Bleach,https://myanimelist.net/anime/269/Bleach,TV,Fall,2004,"Kira, Izuru",https://myanimelist.net/character/1093/Izuru_Kira,1093,Supporting,210
269,Bleach,https://myanimelist.net/anime/269/Bleach,TV,Fall,2004,Wabisuke,https://myanimelist.net/character/30779/Wabisuke,30779,Supporting,8
343,Tsukuyomi: Moon Phase,https://myanimelist.net/anime/343/Tsukuyomi__Moon_Phase,TV,Fall,2004,"Midou, Seiji",https://myanimelist.net/character/6258/Seiji_Midou,6258,Supporting,2
1746,Zoids Fuzors,https://myanimelist.net/anime/1746/Zoids_Fuzors,TV,Fall,2004,"Holiday, Jean",https://myanimelist.net/character/8007/Jean_Holiday,8007,Supporting,1
428,Kaleido Star: Aratanaru Tsubasa - Extra Stage,https://myanimelist.net/anime/428/Kaleido_Star__Aratanaru_Tsubasa_-_Extra_Stage,OVA,,2004,"Oswald, Leon",https://myanimelist.net/character/777/Leon_Oswald,777,Supporting,40
844,Konjiki no Gash Bell!!: 101-banme no Mamono,https://myanimelist.net/anime/844/Konjiki_no_Gash_Bell__101-banme_no_Mamono,Movie,,2004,"Takamine, Kiyomaro",https://myanimelist.net/character/3894/Kiyomaro_Takamine,3894,Main,478
251,Kyou kara Maou!,https://myanimelist.net/anime/251/Kyou_kara_Maou,TV,Spring,2004,"Shibuya, Yuuri",https://myanimelist.net/character/1965/Yuuri_Shibuya,1965,Main,299
251,Kyou kara Maou!,https://myanimelist.net/anime/251/Kyou_kara_Maou,TV,Spring,2004,"Morgif, Mullem Desoive Eligh",https://myanimelist.net/character/30972/Mullem_Desoive_Eligh_Morgif,30972,Supporting,16
438,Phantom The Animation,https://myanimelist.net/anime/438/Phantom_The_Animation,OVA,,2004,Zwei,https://myanimelist.net/character/18160/Zwei,18160,Main,1386
169,Shingetsutan Tsukihime,https://myanimelist.net/anime/169/Shingetsutan_Tsukihime,TV,Fall,2003,"Inui, Arihiko",https://myanimelist.net/character/8830/Arihiko_Inui,8830,Supporting,4
161,Peace Maker Kurogane,https://myanimelist.net/anime/161/Peace_Maker_Kurogane,TV,Fall,2003,"Yamazaki, Susumu",https://myanimelist.net/character/166/Susumu_Yamazaki,166,Main,76
114,Sakigake!! Cromartie Koukou,https://myanimelist.net/anime/114/Sakigake_Cromartie_Koukou,TV,Fall,2003,"Kamiyama, Takashi",https://myanimelist.net/character/2832/Takashi_Kamiyama,2832,Main,233
1774,Heat Guy J: Toriko - Angel,https://myanimelist.net/anime/1774/Heat_Guy_J__Toriko_-_Angel,Special,,2003,Boma,https://myanimelist.net/character/9871/Boma,9871,Supporting,15
40251,Cyborg 009: The Cyborg Soldier - Kami no Ubugoe,https://myanimelist.net/anime/40251/Cyborg_009__The_Cyborg_Soldier_-_Kami_no_Ubugoe,Special,,2003,"Shimamura, Joe",https://myanimelist.net/character/4451/Joe_Shimamura,4451,Main,80
4266,Vie Durant,https://myanimelist.net/anime/4266/Vie_Durant,ONA,,2003,Di,https://myanimelist.net/character/156384/Di,156384,Main,0
788,Eiken: Eikenbu yori Ai wo Komete,https://myanimelist.net/anime/788/Eiken__Eikenbu_yori_Ai_wo_Komete,OVA,,2003,"Kurosawa, Shima",https://myanimelist.net/character/29317/Shima_Kurosawa,29317,Supporting,0
824,Guardian Hearts,https://myanimelist.net/anime/824/Guardian_Hearts,OVA,,2003,"Watari, Kazuya",https://myanimelist.net/character/4453/Kazuya_Watari,4453,Main,1
1037,Saint Beast: Seijuu Kourin-hen,https://myanimelist.net/anime/1037/Saint_Beast__Seijuu_Kourin-hen,TV,Spring,2003,"Genbu, Shin",https://myanimelist.net/character/4217/Shin_Genbu,4217,Main,3
12809,Wonder Bebil-kun,https://myanimelist.net/anime/12809/Wonder_Bebil-kun,TV,Spring,2003,Mukaeru,https://myanimelist.net/character/142362/Mukaeru,142362,Supporting,1
2738,Kasumin 3rd Season,https://myanimelist.net/anime/2738/Kasumin_3rd_Season,TV,Spring,2003,"Kasumi, Sentarou",https://myanimelist.net/character/91021/Sentarou_Kasumi,91021,Supporting,0
2738,Kasumin 3rd Season,https://myanimelist.net/anime/2738/Kasumin_3rd_Season,TV,Spring,2003,Nurezoukin,https://myanimelist.net/character/91159/Nurezoukin,91159,Supporting,0
250,Konjiki no Gash Bell!!,https://myanimelist.net/anime/250/Konjiki_no_Gash_Bell,TV,Spring,2003,"Takamine, Kiyomaro",https://myanimelist.net/character/3894/Kiyomaro_Takamine,3894,Main,478
335,Matantei Loki Ragnarok,https://myanimelist.net/anime/335/Matantei_Loki_Ragnarok,TV,Spring,2003,Loki,https://myanimelist.net/character/1761/Loki,1761,Main,152
427,Kaleido Star,https://myanimelist.net/anime/427/Kaleido_Star,TV,Spring,2003,"Oswald, Leon",https://myanimelist.net/character/777/Leon_Oswald,777,Supporting,40
1675,Chou Robot Seimeitai Transformers Micron Densetsu,https://myanimelist.net/anime/1675/Chou_Robot_Seimeitai_Transformers_Micron_Densetsu,TV,Winter,2003,Doubleface,https://myanimelist.net/character/128249/Doubleface,128249,Supporting,1
3265,Princess Tutu Recaps,https://myanimelist.net/anime/3265/Princess_Tutu_Recaps,TV Special,,2002,Fakir,https://myanimelist.net/character/1050/Fakir,1050,Main,845
359,I'll/CKBC,https://myanimelist.net/anime/359/Ill_CKBC,OVA,,2002,"Takayanagi, Gaku",https://myanimelist.net/character/38273/Gaku_Takayanagi,38273,Supporting,0
1084,I''s,https://myanimelist.net/anime/1084/Is,OVA,,2002,"Seto, Ichitaka",https://myanimelist.net/character/7643/Ichitaka_Seto,7643,Main,28
1564,Pokemon Advanced Generation,https://myanimelist.net/anime/1564/Pokemon_Advanced_Generation,TV,Fall,2002,Watt,https://myanimelist.net/character/35787/Watt,35787,Supporting,0
132,GetBackers,https://myanimelist.net/anime/132/GetBackers,TV,Fall,2002,"Kagami, Kyouji",https://myanimelist.net/character/453/Kyouji_Kagami,453,Supporting,11
958,Heat Guy J,https://myanimelist.net/anime/958/Heat_Guy_J,TV,Fall,2002,Boma,https://myanimelist.net/character/9871/Boma,9871,Supporting,15
1628,Maou Dante,https://myanimelist.net/anime/1628/Maou_Dante,TV,Summer,2002,"Ooshiba, Sousuke",https://myanimelist.net/character/214834/Sousuke_Ooshiba,214834,Supporting,0
721,Princess Tutu,https://myanimelist.net/anime/721/Princess_Tutu,TV,Summer,2002,Fakir,https://myanimelist.net/character/1050/Fakir,1050,Main,845
419,Samurai Deeper Kyou,https://myanimelist.net/anime/419/Samurai_Deeper_Kyou,TV,Summer,2002,Kubira (fake),https://myanimelist.net/character/63947/Kubira_fake,63947,Supporting,0
299,.hack//Liminality,https://myanimelist.net/anime/299/hack__Liminality,OVA,,2002,"Kasumi, Tomonari",https://myanimelist.net/character/28286/Tomonari_Kasumi,28286,Supporting,2
982,Cosplay Complex,https://myanimelist.net/anime/982/Cosplay_Complex,OVA,,2002,"Tamiya, Kousuke",https://myanimelist.net/character/254821/Kousuke_Tamiya,254821,Supporting,0
175,Tokyo Underground,https://myanimelist.net/anime/175/Tokyo_Underground,TV,Spring,2002,Sui,https://myanimelist.net/character/94559/Sui,94559,Supporting,1
652,Galaxy Angel Z,https://myanimelist.net/anime/652/Galaxy_Angel_Z,TV,Winter,2002,Great Muscle,https://myanimelist.net/character/263111/Great_Muscle,263111,Supporting,0
2336,Hikaru no Go: New Year Special,https://myanimelist.net/anime/2336/Hikaru_no_Go__New_Year_Special,Special,,2002,"Kishimoto, Kaoru",https://myanimelist.net/character/111995/Kaoru_Kishimoto,111995,Supporting,0
866,Slayers Premium,https://myanimelist.net/anime/866/Slayers_Premium,Movie,,2001,Intelligent Octopus,https://myanimelist.net/character/41935/Intelligent_Octopus,41935,Supporting,0
1678,Cyborg 009: The Cyborg Soldier,https://myanimelist.net/anime/1678/Cyborg_009__The_Cyborg_Soldier,TV,Fall,2001,"Shimamura, Joe",https://myanimelist.net/character/4451/Joe_Shimamura,4451,Main,80
27721,Kasumin,https://myanimelist.net/anime/27721/Kasumin,TV,Fall,2001,"Kasumi, Sentarou",https://myanimelist.net/character/91021/Sentarou_Kasumi,91021,Supporting,0
135,Hikaru no Go,https://myanimelist.net/anime/135/Hikaru_no_Go,TV,Fall,2001,"Kishimoto, Kaoru",https://myanimelist.net/character/111995/Kaoru_Kishimoto,111995,Supporting,0
135,Hikaru no Go,https://myanimelist.net/anime/135/Hikaru_no_Go,TV,Fall,2001,"Honda, Toshinori",https://myanimelist.net/character/125394/Toshinori_Honda,125394,Supporting,1
682,Otogi Story Tenshi no Shippo,https://myanimelist.net/anime/682/Otogi_Story_Tenshi_no_Shippo,TV,Fall,2001,"Genbu, Shin",https://myanimelist.net/character/4217/Shin_Genbu,4217,Supporting,3
4524,Shenmue: The Movie,https://myanimelist.net/anime/4524/Shenmue__The_Movie,Movie,,2001,"Di, Lan",https://myanimelist.net/character/20689/Lan_Di,20689,Main,5
2533,D+vine Luv,https://myanimelist.net/anime/2533/D_vine_Luv,OVA,,2001,Hyde,https://myanimelist.net/character/38621/Hyde,38621,Main,2
3288,Gundam Evolve,https://myanimelist.net/anime/3288/Gundam_Evolve,OVA,,2001,Jonathan,https://myanimelist.net/character/260151/Jonathan,260151,Main,0
5200,Offside (TV),https://myanimelist.net/anime/5200/Offside_TV,TV,Spring,2001,"Akechi, Noriyuki",https://myanimelist.net/character/56421/Noriyuki_Akechi,56421,Supporting,0
909,Geneshaft,https://myanimelist.net/anime/909/Geneshaft,TV,Spring,2001,"Amagiwa, Hiroto",https://myanimelist.net/character/4940/Hiroto_Amagiwa,4940,Main,2
100,Shin Shirayuki-hime Densetsu Prétear,https://myanimelist.net/anime/100/Shin_Shirayuki-hime_Densetsu_Prétear,TV,Spring,2001,Sasame,https://myanimelist.net/character/547/Sasame,547,Main,47
1005,Star Ocean EX,https://myanimelist.net/anime/1005/Star_Ocean_EX,TV,Spring,2001,Gabriel,https://myanimelist.net/character/153746/Gabriel,153746,Supporting,0
2398,Digimon Adventure 02: Diablomon no Gyakushuu,https://myanimelist.net/anime/2398/Digimon_Adventure_02__Diablomon_no_Gyakushuu,Movie,,2001,Tentomon,https://myanimelist.net/character/9953/Tentomon,9953,Main,58
288,Bakuten Shoot Beyblade,https://myanimelist.net/anime/288/Bakuten_Shoot_Beyblade,TV,Winter,2001,Tony,https://myanimelist.net/character/145815/Tony,145815,Supporting,0
764,Zoids Shinseiki/Zero,https://myanimelist.net/anime/764/Zoids_Shinseiki_Zero,TV,Winter,2001,"Cloud, Bit",https://myanimelist.net/character/1239/Bit_Cloud,1239,Main,50
938,Shin Getter Robo tai Neo Getter Robo,https://myanimelist.net/anime/938/Shin_Getter_Robo_tai_Neo_Getter_Robo,OVA,,2000,"Ichimonji, Go",https://myanimelist.net/character/15784/Go_Ichimonji,15784,Main,13
8490,Digimon Adventure 3D: Digimon Grand Prix!,https://myanimelist.net/anime/8490/Digimon_Adventure_3D__Digimon_Grand_Prix,Movie,,2000,Tentomon,https://myanimelist.net/character/9953/Tentomon,9953,Supporting,58
127,Gate Keepers,https://myanimelist.net/anime/127/Gate_Keepers,TV,Spring,2000,"Ukiya, Shun",https://myanimelist.net/character/4452/Shun_Ukiya,4452,Main,9
1313,Digimon Adventure 02,https://myanimelist.net/anime/1313/Digimon_Adventure_02,TV,Spring,2000,"Izumi, Koushirou",https://myanimelist.net/character/2277/Koushirou_Izumi,2277,Supporting,209
1313,Digimon Adventure 02,https://myanimelist.net/anime/1313/Digimon_Adventure_02,TV,Spring,2000,Tentomon,https://myanimelist.net/character/9953/Tentomon,9953,Supporting,58
1313,Digimon Adventure 02,https://myanimelist.net/anime/1313/Digimon_Adventure_02,TV,Spring,2000,"Tachikawa, Keisuke",https://myanimelist.net/character/90959/Keisuke_Tachikawa,90959,Supporting,1
1313,Digimon Adventure 02,https://myanimelist.net/anime/1313/Digimon_Adventure_02,TV,Spring,2000,Steve,https://myanimelist.net/character/229877/Steve,229877,Supporting,0
2397,Digimon Adventure: Bokura no War Game!,https://myanimelist.net/anime/2397/Digimon_Adventure__Bokura_no_War_Game,Movie,,2000,Tentomon,https://myanimelist.net/character/9953/Tentomon,9953,Main,58
21,One Piece,https://myanimelist.net/anime/21/One_Piece,TV,Fall,1999,"Tesoro, Gild",https://myanimelist.net/character/142900/Gild_Tesoro,142900,Supporting,13
21,One Piece,https://myanimelist.net/anime/21/One_Piece,TV,Fall,1999,Hyota,https://myanimelist.net/character/266944/Hyota,266944,Supporting,0
763,Zoids,https://myanimelist.net/anime/763/Zoids,TV,Fall,1999,Hiltz,https://myanimelist.net/character/242026/Hiltz,242026,Supporting,0
763,Zoids,https://myanimelist.net/anime/763/Zoids,TV,Fall,1999,Rokai,https://myanimelist.net/character/242027/Rokai,242027,Supporting,0
1021,Kaikan Phrase,https://myanimelist.net/anime/1021/Kaikan_Phrase,TV,Spring,1999,"Nagai, Yoshihiko",https://myanimelist.net/character/3952/Yoshihiko_Nagai,3952,Main,1
552,Digimon Adventure,https://myanimelist.net/anime/552/Digimon_Adventure,TV,Spring,1999,Tentomon,https://myanimelist.net/character/9953/Tentomon,9953,Main,58
552,Digimon Adventure,https://myanimelist.net/anime/552/Digimon_Adventure,TV,Spring,1999,"Tachikawa, Keisuke",https://myanimelist.net/character/90959/Keisuke_Tachikawa,90959,Supporting,1
2706,Bakusou Kyoudai Let's & Go WGP,https://myanimelist.net/anime/2706/Bakusou_Kyoudai_Lets___Go_WGP,TV,Winter,1997,"Mazzini, Leone",https://myanimelist.net/character/37796/Leone_Mazzini,37796,Supporting,0
235,Meitantei Conan,https://myanimelist.net/anime/235/Meitantei_Conan,TV,Winter,1996,"Higo, Ryuusuke",https://myanimelist.net/character/102569/Ryuusuke_Higo,102569,Supporting,0
235,Meitantei Conan,https://myanimelist.net/anime/235/Meitantei_Conan,TV,Winter,1996,"Masubuchi, Takuya ",https://myanimelist.net/character/118183/Takuya__Masubuchi,118183,Supporting,0
