,Personnel_ID,K_SimilarActors,Total_SharedProjects,K_Reccomendations,True_Positive(Train),Precision(Train),True_Positive(Test),Precision(Test)
0,1,1,4027,10,1,0.1,0,0.0
1,1,1,4027,20,2,0.1,0,0.0
2,1,1,4027,30,4,0.13333333333333333,1,0.03333333333333333
3,1,1,4027,40,7,0.175,2,0.05
4,1,1,4027,50,8,0.16,2,0.04
5,1,2,8054,10,1,0.1,0,0.0
6,1,2,8054,20,3,0.15,0,0.0
7,1,2,8054,30,6,0.2,1,0.03333333333333333
8,1,2,8054,40,7,0.175,2,0.05
9,1,2,8054,50,8,0.16,2,0.04
10,1,3,12081,10,1,0.1,0,0.0
11,1,3,12081,20,2,0.1,0,0.0
12,1,3,12081,30,5,0.16666666666666666,1,0.03333333333333333
13,1,3,12081,40,7,0.175,2,0.05
14,1,3,12081,50,8,0.16,2,0.04
15,1,4,16108,10,1,0.1,0,0.0
16,1,4,16108,20,2,0.1,0,0.0
17,1,4,16108,30,5,0.16666666666666666,1,0.03333333333333333
18,1,4,16108,40,7,0.175,2,0.05
19,1,4,16108,50,8,0.16,2,0.04
20,1,5,20135,10,1,0.1,0,0.0
21,1,5,20135,20,2,0.1,0,0.0
22,1,5,20135,30,4,0.13333333333333333,1,0.03333333333333333
23,1,5,20135,40,7,0.175,2,0.05
24,1,5,20135,50,8,0.16,2,0.04
25,1,6,24162,10,1,0.1,0,0.0
26,1,6,24162,20,2,0.1,0,0.0
27,1,6,24162,30,4,0.13333333333333333,1,0.03333333333333333
28,1,6,24162,40,7,0.175,2,0.05
29,1,6,24162,50,8,0.16,2,0.04
30,1,7,28189,10,1,0.1,0,0.0
31,1,7,28189,20,2,0.1,0,0.0
32,1,7,28189,30,4,0.13333333333333333,1,0.03333333333333333
33,1,7,28189,40,7,0.175,2,0.05
34,1,7,28189,50,8,0.16,2,0.04
35,1,8,32216,10,1,0.1,0,0.0
36,1,8,32216,20,2,0.1,0,0.0
37,1,8,32216,30,5,0.16666666666666666,1,0.03333333333333333
38,1,8,32216,40,7,0.175,2,0.05
39,1,8,32216,50,8,0.16,2,0.04
40,1,9,36243,10,1,0.1,0,0.0
41,1,9,36243,20,2,0.1,0,0.0
42,1,9,36243,30,5,0.16666666666666666,1,0.03333333333333333
43,1,9,36243,40,7,0.175,2,0.05
44,1,9,36243,50,8,0.16,2,0.04
45,1,10,40270,10,1,0.1,0,0.0
46,1,10,40270,20,2,0.1,0,0.0
47,1,10,40270,30,5,0.16666666666666666,1,0.03333333333333333
48,1,10,40270,40,7,0.175,2,0.05
49,1,10,40270,50,8,0.16,2,0.04
50,1,11,44297,10,1,0.1,0,0.0
51,1,11,44297,20,2,0.1,0,0.0
52,1,11,44297,30,4,0.13333333333333333,1,0.03333333333333333
53,1,11,44297,40,7,0.175,2,0.05
54,1,11,44297,50,8,0.16,2,0.04
55,1,12,48324,10,1,0.1,0,0.0
56,1,12,48324,20,2,0.1,0,0.0
57,1,12,48324,30,4,0.13333333333333333,1,0.03333333333333333
58,1,12,48324,40,6,0.15,2,0.05
59,1,12,48324,50,8,0.16,2,0.04
60,1,13,52351,10,1,0.1,0,0.0
61,1,13,52351,20,2,0.1,0,0.0
62,1,13,52351,30,4,0.13333333333333333,1,0.03333333333333333
63,1,13,52351,40,6,0.15,2,0.05
64,1,13,52351,50,8,0.16,2,0.04
65,1,14,56378,10,1,0.1,0,0.0
66,1,14,56378,20,2,0.1,0,0.0
67,1,14,56378,30,4,0.13333333333333333,1,0.03333333333333333
68,1,14,56378,40,6,0.15,2,0.05
69,1,14,56378,50,8,0.16,2,0.04
70,1,15,60405,10,1,0.1,0,0.0
71,1,15,60405,20,2,0.1,0,0.0
72,1,15,60405,30,4,0.13333333333333333,1,0.03333333333333333
73,1,15,60405,40,6,0.15,2,0.05
74,1,15,60405,50,8,0.16,2,0.04
75,1,16,64432,10,1,0.1,0,0.0
76,1,16,64432,20,2,0.1,0,0.0
77,1,16,64432,30,4,0.13333333333333333,1,0.03333333333333333
78,1,16,64432,40,7,0.175,2,0.05
79,1,16,64432,50,8,0.16,2,0.04
80,1,17,68459,10,1,0.1,0,0.0
81,1,17,68459,20,2,0.1,0,0.0
82,1,17,68459,30,4,0.13333333333333333,1,0.03333333333333333
83,1,17,68459,40,7,0.175,2,0.05
84,1,17,68459,50,8,0.16,2,0.04
85,1,18,72486,10,1,0.1,0,0.0
86,1,18,72486,20,2,0.1,0,0.0
87,1,18,72486,30,4,0.13333333333333333,1,0.03333333333333333
88,1,18,72486,40,6,0.15,2,0.05
89,1,18,72486,50,8,0.16,2,0.04
90,1,19,76513,10,1,0.1,0,0.0
91,1,19,76513,20,2,0.1,0,0.0
92,1,19,76513,30,4,0.13333333333333333,1,0.03333333333333333
93,1,19,76513,40,6,0.15,2,0.05
94,1,19,76513,50,8,0.16,2,0.04
95,2,1,4027,10,3,0.3,1,0.1
96,2,1,4027,20,4,0.2,1,0.05
97,2,1,4027,30,4,0.13333333333333333,1,0.03333333333333333
98,2,1,4027,40,5,0.125,1,0.025
99,2,1,4027,50,5,0.1,1,0.02
100,2,2,8054,10,3,0.3,1,0.1
101,2,2,8054,20,4,0.2,1,0.05
102,2,2,8054,30,4,0.13333333333333333,1,0.03333333333333333
103,2,2,8054,40,5,0.125,1,0.025
104,2,2,8054,50,5,0.1,1,0.02
105,2,3,12081,10,3,0.3,1,0.1
106,2,3,12081,20,4,0.2,1,0.05
107,2,3,12081,30,4,0.13333333333333333,1,0.03333333333333333
108,2,3,12081,40,5,0.125,1,0.025
109,2,3,12081,50,5,0.1,1,0.02
110,2,4,16108,10,3,0.3,1,0.1
111,2,4,16108,20,4,0.2,1,0.05
112,2,4,16108,30,4,0.13333333333333333,1,0.03333333333333333
113,2,4,16108,40,5,0.125,1,0.025
114,2,4,16108,50,5,0.1,1,0.02
115,2,5,20135,10,3,0.3,1,0.1
116,2,5,20135,20,4,0.2,1,0.05
117,2,5,20135,30,4,0.13333333333333333,1,0.03333333333333333
118,2,5,20135,40,5,0.125,1,0.025
119,2,5,20135,50,5,0.1,1,0.02
120,2,6,24162,10,3,0.3,1,0.1
121,2,6,24162,20,4,0.2,1,0.05
122,2,6,24162,30,4,0.13333333333333333,1,0.03333333333333333
123,2,6,24162,40,5,0.125,1,0.025
124,2,6,24162,50,5,0.1,1,0.02
125,2,7,28189,10,3,0.3,1,0.1
126,2,7,28189,20,4,0.2,1,0.05
127,2,7,28189,30,4,0.13333333333333333,1,0.03333333333333333
128,2,7,28189,40,5,0.125,1,0.025
129,2,7,28189,50,5,0.1,1,0.02
130,2,8,32216,10,3,0.3,1,0.1
131,2,8,32216,20,4,0.2,1,0.05
132,2,8,32216,30,4,0.13333333333333333,1,0.03333333333333333
133,2,8,32216,40,5,0.125,1,0.025
134,2,8,32216,50,5,0.1,1,0.02
135,2,9,36243,10,3,0.3,1,0.1
136,2,9,36243,20,4,0.2,1,0.05
137,2,9,36243,30,4,0.13333333333333333,1,0.03333333333333333
138,2,9,36243,40,5,0.125,1,0.025
139,2,9,36243,50,5,0.1,1,0.02
140,2,10,40270,10,3,0.3,1,0.1
141,2,10,40270,20,4,0.2,1,0.05
142,2,10,40270,30,4,0.13333333333333333,1,0.03333333333333333
143,2,10,40270,40,5,0.125,1,0.025
144,2,10,40270,50,5,0.1,1,0.02
145,2,11,44297,10,3,0.3,1,0.1
146,2,11,44297,20,4,0.2,1,0.05
147,2,11,44297,30,4,0.13333333333333333,1,0.03333333333333333
148,2,11,44297,40,5,0.125,1,0.025
149,2,11,44297,50,5,0.1,1,0.02
150,2,12,48324,10,3,0.3,1,0.1
151,2,12,48324,20,4,0.2,1,0.05
152,2,12,48324,30,4,0.13333333333333333,1,0.03333333333333333
153,2,12,48324,40,5,0.125,1,0.025
154,2,12,48324,50,5,0.1,1,0.02
155,2,13,52351,10,3,0.3,1,0.1
156,2,13,52351,20,4,0.2,1,0.05
157,2,13,52351,30,4,0.13333333333333333,1,0.03333333333333333
158,2,13,52351,40,5,0.125,1,0.025
159,2,13,52351,50,5,0.1,1,0.02
160,2,14,56378,10,3,0.3,1,0.1
161,2,14,56378,20,4,0.2,1,0.05
162,2,14,56378,30,4,0.13333333333333333,1,0.03333333333333333
163,2,14,56378,40,5,0.125,1,0.025
164,2,14,56378,50,5,0.1,1,0.02
165,2,15,60405,10,3,0.3,1,0.1
166,2,15,60405,20,4,0.2,1,0.05
167,2,15,60405,30,4,0.13333333333333333,1,0.03333333333333333
168,2,15,60405,40,5,0.125,1,0.025
169,2,15,60405,50,5,0.1,1,0.02
170,2,16,64432,10,3,0.3,1,0.1
171,2,16,64432,20,4,0.2,1,0.05
172,2,16,64432,30,4,0.13333333333333333,1,0.03333333333333333
173,2,16,64432,40,5,0.125,1,0.025
174,2,16,64432,50,5,0.1,1,0.02
175,2,17,68459,10,3,0.3,1,0.1
176,2,17,68459,20,4,0.2,1,0.05
177,2,17,68459,30,4,0.13333333333333333,1,0.03333333333333333
178,2,17,68459,40,5,0.125,1,0.025
179,2,17,68459,50,5,0.1,1,0.02
180,2,18,72486,10,3,0.3,1,0.1
181,2,18,72486,20,4,0.2,1,0.05
182,2,18,72486,30,4,0.13333333333333333,1,0.03333333333333333
183,2,18,72486,40,5,0.125,1,0.025
184,2,18,72486,50,5,0.1,1,0.02
185,2,19,76513,10,3,0.3,1,0.1
186,2,19,76513,20,4,0.2,1,0.05
187,2,19,76513,30,4,0.13333333333333333,1,0.03333333333333333
188,2,19,76513,40,5,0.125,1,0.025
189,2,19,76513,50,5,0.1,1,0.02
190,5,1,4027,10,0,0.0,0,0.0
191,5,1,4027,20,1,0.05,0,0.0
192,5,1,4027,30,1,0.03333333333333333,0,0.0
193,5,1,4027,40,1,0.025,0,0.0
194,5,1,4027,50,1,0.02,0,0.0
195,5,2,8054,10,0,0.0,0,0.0
196,5,2,8054,20,0,0.0,0,0.0
197,5,2,8054,30,0,0.0,0,0.0
198,5,2,8054,40,0,0.0,0,0.0
199,5,2,8054,50,0,0.0,0,0.0
200,5,3,12081,10,0,0.0,0,0.0
201,5,3,12081,20,0,0.0,0,0.0
202,5,3,12081,30,0,0.0,0,0.0
203,5,3,12081,40,0,0.0,0,0.0
204,5,3,12081,50,0,0.0,0,0.0
205,5,4,16108,10,0,0.0,0,0.0
206,5,4,16108,20,0,0.0,0,0.0
207,5,4,16108,30,0,0.0,0,0.0
208,5,4,16108,40,0,0.0,0,0.0
209,5,4,16108,50,0,0.0,0,0.0
210,5,5,20135,10,0,0.0,0,0.0
211,5,5,20135,20,0,0.0,0,0.0
212,5,5,20135,30,0,0.0,0,0.0
213,5,5,20135,40,0,0.0,0,0.0
214,5,5,20135,50,0,0.0,0,0.0
215,5,6,24162,10,0,0.0,0,0.0
216,5,6,24162,20,0,0.0,0,0.0
217,5,6,24162,30,0,0.0,0,0.0
218,5,6,24162,40,0,0.0,0,0.0
219,5,6,24162,50,0,0.0,0,0.0
220,5,7,28189,10,0,0.0,0,0.0
221,5,7,28189,20,0,0.0,0,0.0
222,5,7,28189,30,0,0.0,0,0.0
223,5,7,28189,40,0,0.0,0,0.0
224,5,7,28189,50,0,0.0,0,0.0
225,5,8,32216,10,0,0.0,0,0.0
226,5,8,32216,20,0,0.0,0,0.0
227,5,8,32216,30,0,0.0,0,0.0
228,5,8,32216,40,0,0.0,0,0.0
229,5,8,32216,50,0,0.0,0,0.0
230,5,9,36243,10,0,0.0,0,0.0
231,5,9,36243,20,0,0.0,0,0.0
232,5,9,36243,30,0,0.0,0,0.0
233,5,9,36243,40,0,0.0,0,0.0
234,5,9,36243,50,0,0.0,0,0.0
235,5,10,40270,10,0,0.0,0,0.0
236,5,10,40270,20,0,0.0,0,0.0
237,5,10,40270,30,0,0.0,0,0.0
238,5,10,40270,40,0,0.0,0,0.0
239,5,10,40270,50,0,0.0,0,0.0
240,5,11,44297,10,0,0.0,0,0.0
241,5,11,44297,20,0,0.0,0,0.0
242,5,11,44297,30,0,0.0,0,0.0
243,5,11,44297,40,0,0.0,0,0.0
244,5,11,44297,50,0,0.0,0,0.0
245,5,12,48324,10,0,0.0,0,0.0
246,5,12,48324,20,0,0.0,0,0.0
247,5,12,48324,30,0,0.0,0,0.0
248,5,12,48324,40,0,0.0,0,0.0
249,5,12,48324,50,0,0.0,0,0.0
250,5,13,52351,10,0,0.0,0,0.0
251,5,13,52351,20,0,0.0,0,0.0
252,5,13,52351,30,0,0.0,0,0.0
253,5,13,52351,40,0,0.0,0,0.0
254,5,13,52351,50,0,0.0,0,0.0
255,5,14,56378,10,0,0.0,0,0.0
256,5,14,56378,20,0,0.0,0,0.0
257,5,14,56378,30,0,0.0,0,0.0
258,5,14,56378,40,0,0.0,0,0.0
259,5,14,56378,50,0,0.0,0,0.0
260,5,15,60405,10,0,0.0,0,0.0
261,5,15,60405,20,0,0.0,0,0.0
262,5,15,60405,30,0,0.0,0,0.0
263,5,15,60405,40,0,0.0,0,0.0
264,5,15,60405,50,0,0.0,0,0.0
265,5,16,64432,10,0,0.0,0,0.0
266,5,16,64432,20,0,0.0,0,0.0
267,5,16,64432,30,0,0.0,0,0.0
268,5,16,64432,40,0,0.0,0,0.0
269,5,16,64432,50,0,0.0,0,0.0
270,5,17,68459,10,0,0.0,0,0.0
271,5,17,68459,20,0,0.0,0,0.0
272,5,17,68459,30,0,0.0,0,0.0
273,5,17,68459,40,0,0.0,0,0.0
274,5,17,68459,50,0,0.0,0,0.0
275,5,18,72486,10,0,0.0,0,0.0
276,5,18,72486,20,0,0.0,0,0.0
277,5,18,72486,30,0,0.0,0,0.0
278,5,18,72486,40,0,0.0,0,0.0
279,5,18,72486,50,0,0.0,0,0.0
280,5,19,76513,10,0,0.0,0,0.0
281,5,19,76513,20,0,0.0,0,0.0
282,5,19,76513,30,0,0.0,0,0.0
283,5,19,76513,40,0,0.0,0,0.0
284,5,19,76513,50,0,0.0,0,0.0
285,6,1,4027,10,1,0.1,1,0.1
286,6,1,4027,20,1,0.05,1,0.05
287,6,1,4027,30,1,0.03333333333333333,1,0.03333333333333333
288,6,1,4027,40,2,0.05,2,0.05
289,6,1,4027,50,3,0.06,2,0.04
290,6,2,8054,10,1,0.1,1,0.1
291,6,2,8054,20,1,0.05,1,0.05
292,6,2,8054,30,1,0.03333333333333333,1,0.03333333333333333
293,6,2,8054,40,2,0.05,2,0.05
294,6,2,8054,50,3,0.06,2,0.04
295,6,3,12081,10,1,0.1,1,0.1
296,6,3,12081,20,1,0.05,1,0.05
297,6,3,12081,30,1,0.03333333333333333,1,0.03333333333333333
298,6,3,12081,40,2,0.05,2,0.05
299,6,3,12081,50,3,0.06,2,0.04
300,6,4,16108,10,1,0.1,1,0.1
301,6,4,16108,20,1,0.05,1,0.05
302,6,4,16108,30,1,0.03333333333333333,1,0.03333333333333333
303,6,4,16108,40,2,0.05,2,0.05
304,6,4,16108,50,3,0.06,2,0.04
305,6,5,20135,10,1,0.1,1,0.1
306,6,5,20135,20,1,0.05,1,0.05
307,6,5,20135,30,1,0.03333333333333333,1,0.03333333333333333
308,6,5,20135,40,2,0.05,2,0.05
309,6,5,20135,50,3,0.06,2,0.04
310,6,6,24162,10,1,0.1,1,0.1
311,6,6,24162,20,1,0.05,1,0.05
312,6,6,24162,30,1,0.03333333333333333,1,0.03333333333333333
313,6,6,24162,40,2,0.05,2,0.05
314,6,6,24162,50,3,0.06,2,0.04
315,6,7,28189,10,1,0.1,1,0.1
316,6,7,28189,20,1,0.05,1,0.05
317,6,7,28189,30,1,0.03333333333333333,1,0.03333333333333333
318,6,7,28189,40,2,0.05,2,0.05
319,6,7,28189,50,3,0.06,2,0.04
320,6,8,32216,10,1,0.1,1,0.1
321,6,8,32216,20,1,0.05,1,0.05
322,6,8,32216,30,1,0.03333333333333333,1,0.03333333333333333
323,6,8,32216,40,2,0.05,2,0.05
324,6,8,32216,50,3,0.06,2,0.04
325,6,9,36243,10,1,0.1,1,0.1
326,6,9,36243,20,1,0.05,1,0.05
327,6,9,36243,30,1,0.03333333333333333,1,0.03333333333333333
328,6,9,36243,40,2,0.05,2,0.05
329,6,9,36243,50,3,0.06,2,0.04
330,6,10,40270,10,1,0.1,1,0.1
331,6,10,40270,20,1,0.05,1,0.05
332,6,10,40270,30,1,0.03333333333333333,1,0.03333333333333333
333,6,10,40270,40,2,0.05,2,0.05
334,6,10,40270,50,3,0.06,2,0.04
335,6,11,44297,10,1,0.1,1,0.1
336,6,11,44297,20,1,0.05,1,0.05
337,6,11,44297,30,1,0.03333333333333333,1,0.03333333333333333
338,6,11,44297,40,2,0.05,1,0.025
339,6,11,44297,50,2,0.04,2,0.04
340,6,12,48324,10,1,0.1,1,0.1
341,6,12,48324,20,1,0.05,1,0.05
342,6,12,48324,30,1,0.03333333333333333,1,0.03333333333333333
343,6,12,48324,40,2,0.05,1,0.025
344,6,12,48324,50,2,0.04,2,0.04
345,6,13,52351,10,1,0.1,1,0.1
346,6,13,52351,20,1,0.05,1,0.05
347,6,13,52351,30,1,0.03333333333333333,1,0.03333333333333333
348,6,13,52351,40,2,0.05,1,0.025
349,6,13,52351,50,2,0.04,2,0.04
350,6,14,56378,10,1,0.1,1,0.1
351,6,14,56378,20,1,0.05,1,0.05
352,6,14,56378,30,1,0.03333333333333333,1,0.03333333333333333
353,6,14,56378,40,2,0.05,1,0.025
354,6,14,56378,50,2,0.04,2,0.04
355,6,15,60405,10,1,0.1,1,0.1
356,6,15,60405,20,1,0.05,1,0.05
357,6,15,60405,30,1,0.03333333333333333,1,0.03333333333333333
358,6,15,60405,40,2,0.05,1,0.025
359,6,15,60405,50,2,0.04,2,0.04
360,6,16,64432,10,1,0.1,1,0.1
361,6,16,64432,20,1,0.05,1,0.05
362,6,16,64432,30,1,0.03333333333333333,1,0.03333333333333333
363,6,16,64432,40,2,0.05,1,0.025
364,6,16,64432,50,2,0.04,2,0.04
365,6,17,68459,10,1,0.1,1,0.1
366,6,17,68459,20,1,0.05,1,0.05
367,6,17,68459,30,1,0.03333333333333333,1,0.03333333333333333
368,6,17,68459,40,2,0.05,1,0.025
369,6,17,68459,50,2,0.04,2,0.04
370,6,18,72486,10,1,0.1,1,0.1
371,6,18,72486,20,1,0.05,1,0.05
372,6,18,72486,30,1,0.03333333333333333,1,0.03333333333333333
373,6,18,72486,40,2,0.05,1,0.025
374,6,18,72486,50,3,0.06,2,0.04
375,6,19,76513,10,1,0.1,1,0.1
376,6,19,76513,20,1,0.05,1,0.05
377,6,19,76513,30,1,0.03333333333333333,1,0.03333333333333333
378,6,19,76513,40,2,0.05,1,0.025
379,6,19,76513,50,3,0.06,2,0.04
380,8,1,4027,10,1,0.1,0,0.0
381,8,1,4027,20,1,0.05,0,0.0
382,8,1,4027,30,1,0.03333333333333333,0,0.0
383,8,1,4027,40,1,0.025,0,0.0
384,8,1,4027,50,2,0.04,0,0.0
385,8,2,8054,10,1,0.1,0,0.0
386,8,2,8054,20,1,0.05,0,0.0
387,8,2,8054,30,1,0.03333333333333333,0,0.0
388,8,2,8054,40,1,0.025,0,0.0
389,8,2,8054,50,1,0.02,0,0.0
390,8,3,12081,10,1,0.1,0,0.0
391,8,3,12081,20,1,0.05,0,0.0
392,8,3,12081,30,1,0.03333333333333333,0,0.0
393,8,3,12081,40,1,0.025,0,0.0
394,8,3,12081,50,1,0.02,0,0.0
395,8,4,16108,10,1,0.1,0,0.0
396,8,4,16108,20,1,0.05,0,0.0
397,8,4,16108,30,1,0.03333333333333333,0,0.0
398,8,4,16108,40,1,0.025,0,0.0
399,8,4,16108,50,1,0.02,0,0.0
400,8,5,20135,10,1,0.1,0,0.0
401,8,5,20135,20,1,0.05,0,0.0
402,8,5,20135,30,1,0.03333333333333333,0,0.0
403,8,5,20135,40,1,0.025,0,0.0
404,8,5,20135,50,1,0.02,0,0.0
405,8,6,24162,10,1,0.1,0,0.0
406,8,6,24162,20,1,0.05,0,0.0
407,8,6,24162,30,1,0.03333333333333333,0,0.0
408,8,6,24162,40,1,0.025,0,0.0
409,8,6,24162,50,1,0.02,0,0.0
410,8,7,28189,10,1,0.1,0,0.0
411,8,7,28189,20,1,0.05,0,0.0
412,8,7,28189,30,1,0.03333333333333333,0,0.0
413,8,7,28189,40,1,0.025,0,0.0
414,8,7,28189,50,1,0.02,0,0.0
415,8,8,32216,10,1,0.1,0,0.0
416,8,8,32216,20,1,0.05,0,0.0
417,8,8,32216,30,1,0.03333333333333333,0,0.0
418,8,8,32216,40,1,0.025,0,0.0
419,8,8,32216,50,1,0.02,0,0.0
420,8,9,36243,10,1,0.1,0,0.0
421,8,9,36243,20,1,0.05,0,0.0
422,8,9,36243,30,1,0.03333333333333333,0,0.0
423,8,9,36243,40,1,0.025,0,0.0
424,8,9,36243,50,1,0.02,0,0.0
425,8,10,40270,10,1,0.1,0,0.0
426,8,10,40270,20,1,0.05,0,0.0
427,8,10,40270,30,1,0.03333333333333333,0,0.0
428,8,10,40270,40,1,0.025,0,0.0
429,8,10,40270,50,1,0.02,0,0.0
430,8,11,44297,10,1,0.1,0,0.0
431,8,11,44297,20,1,0.05,0,0.0
432,8,11,44297,30,1,0.03333333333333333,0,0.0
433,8,11,44297,40,1,0.025,0,0.0
434,8,11,44297,50,1,0.02,0,0.0
435,8,12,48324,10,1,0.1,0,0.0
436,8,12,48324,20,1,0.05,0,0.0
437,8,12,48324,30,1,0.03333333333333333,0,0.0
438,8,12,48324,40,1,0.025,0,0.0
439,8,12,48324,50,1,0.02,0,0.0
440,8,13,52351,10,1,0.1,0,0.0
441,8,13,52351,20,1,0.05,0,0.0
442,8,13,52351,30,1,0.03333333333333333,0,0.0
443,8,13,52351,40,1,0.025,0,0.0
444,8,13,52351,50,1,0.02,0,0.0
445,8,14,56378,10,1,0.1,0,0.0
446,8,14,56378,20,1,0.05,0,0.0
447,8,14,56378,30,1,0.03333333333333333,0,0.0
448,8,14,56378,40,1,0.025,0,0.0
449,8,14,56378,50,1,0.02,0,0.0
450,8,15,60405,10,1,0.1,0,0.0
451,8,15,60405,20,1,0.05,0,0.0
452,8,15,60405,30,1,0.03333333333333333,0,0.0
453,8,15,60405,40,1,0.025,0,0.0
454,8,15,60405,50,1,0.02,0,0.0
455,8,16,64432,10,1,0.1,0,0.0
456,8,16,64432,20,1,0.05,0,0.0
457,8,16,64432,30,1,0.03333333333333333,0,0.0
458,8,16,64432,40,1,0.025,0,0.0
459,8,16,64432,50,1,0.02,0,0.0
460,8,17,68459,10,1,0.1,0,0.0
461,8,17,68459,20,1,0.05,0,0.0
462,8,17,68459,30,1,0.03333333333333333,0,0.0
463,8,17,68459,40,1,0.025,0,0.0
464,8,17,68459,50,1,0.02,0,0.0
465,8,18,72486,10,1,0.1,0,0.0
466,8,18,72486,20,1,0.05,0,0.0
467,8,18,72486,30,1,0.03333333333333333,0,0.0
468,8,18,72486,40,1,0.025,0,0.0
469,8,18,72486,50,1,0.02,0,0.0
470,8,19,76513,10,1,0.1,0,0.0
471,8,19,76513,20,1,0.05,0,0.0
472,8,19,76513,30,1,0.03333333333333333,0,0.0
473,8,19,76513,40,1,0.025,0,0.0
474,8,19,76513,50,1,0.02,0,0.0
475,13,1,4027,10,0,0.0,0,0.0
476,13,1,4027,20,0,0.0,0,0.0
477,13,1,4027,30,0,0.0,0,0.0
478,13,1,4027,40,1,0.025,1,0.025
479,13,1,4027,50,2,0.04,1,0.02
480,13,2,8054,10,1,0.1,0,0.0
481,13,2,8054,20,1,0.05,0,0.0
482,13,2,8054,30,1,0.03333333333333333,1,0.03333333333333333
483,13,2,8054,40,1,0.025,1,0.025
484,13,2,8054,50,1,0.02,1,0.02
485,13,3,12081,10,0,0.0,0,0.0
486,13,3,12081,20,1,0.05,0,0.0
487,13,3,12081,30,1,0.03333333333333333,0,0.0
488,13,3,12081,40,2,0.05,0,0.0
489,13,3,12081,50,2,0.04,0,0.0
490,13,4,16108,10,1,0.1,0,0.0
491,13,4,16108,20,1,0.05,0,0.0
492,13,4,16108,30,1,0.03333333333333333,0,0.0
493,13,4,16108,40,2,0.05,0,0.0
494,13,4,16108,50,2,0.04,0,0.0
495,13,5,20135,10,1,0.1,0,0.0
496,13,5,20135,20,1,0.05,0,0.0
497,13,5,20135,30,1,0.03333333333333333,0,0.0
498,13,5,20135,40,1,0.025,0,0.0
499,13,5,20135,50,2,0.04,0,0.0
500,13,6,24162,10,1,0.1,0,0.0
501,13,6,24162,20,1,0.05,0,0.0
502,13,6,24162,30,1,0.03333333333333333,0,0.0
503,13,6,24162,40,2,0.05,0,0.0
504,13,6,24162,50,2,0.04,0,0.0
505,13,7,28189,10,1,0.1,0,0.0
506,13,7,28189,20,1,0.05,0,0.0
507,13,7,28189,30,1,0.03333333333333333,0,0.0
508,13,7,28189,40,1,0.025,0,0.0
509,13,7,28189,50,2,0.04,0,0.0
510,13,8,32216,10,1,0.1,0,0.0
511,13,8,32216,20,1,0.05,0,0.0
512,13,8,32216,30,1,0.03333333333333333,0,0.0
513,13,8,32216,40,2,0.05,0,0.0
514,13,8,32216,50,2,0.04,0,0.0
515,13,9,36243,10,1,0.1,0,0.0
516,13,9,36243,20,1,0.05,0,0.0
517,13,9,36243,30,1,0.03333333333333333,0,0.0
518,13,9,36243,40,2,0.05,0,0.0
519,13,9,36243,50,2,0.04,0,0.0
520,13,10,40270,10,1,0.1,0,0.0
521,13,10,40270,20,1,0.05,0,0.0
522,13,10,40270,30,1,0.03333333333333333,0,0.0
523,13,10,40270,40,1,0.025,0,0.0
524,13,10,40270,50,2,0.04,1,0.02
525,13,11,44297,10,1,0.1,0,0.0
526,13,11,44297,20,1,0.05,0,0.0
527,13,11,44297,30,1,0.03333333333333333,0,0.0
528,13,11,44297,40,1,0.025,0,0.0
529,13,11,44297,50,2,0.04,1,0.02
530,13,12,48324,10,1,0.1,0,0.0
531,13,12,48324,20,1,0.05,0,0.0
532,13,12,48324,30,1,0.03333333333333333,0,0.0
533,13,12,48324,40,1,0.025,1,0.025
534,13,12,48324,50,2,0.04,1,0.02
535,13,13,52351,10,1,0.1,0,0.0
536,13,13,52351,20,1,0.05,0,0.0
537,13,13,52351,30,1,0.03333333333333333,0,0.0
538,13,13,52351,40,2,0.05,0,0.0
539,13,13,52351,50,2,0.04,0,0.0
540,13,14,56378,10,1,0.1,0,0.0
541,13,14,56378,20,1,0.05,0,0.0
542,13,14,56378,30,1,0.03333333333333333,0,0.0
543,13,14,56378,40,2,0.05,0,0.0
544,13,14,56378,50,2,0.04,0,0.0
545,13,15,60405,10,1,0.1,0,0.0
546,13,15,60405,20,1,0.05,0,0.0
547,13,15,60405,30,1,0.03333333333333333,0,0.0
548,13,15,60405,40,2,0.05,0,0.0
549,13,15,60405,50,2,0.04,0,0.0
550,13,16,64432,10,1,0.1,0,0.0
551,13,16,64432,20,1,0.05,0,0.0
552,13,16,64432,30,1,0.03333333333333333,0,0.0
553,13,16,64432,40,2,0.05,0,0.0
554,13,16,64432,50,2,0.04,0,0.0
555,13,17,68459,10,1,0.1,0,0.0
556,13,17,68459,20,1,0.05,0,0.0
557,13,17,68459,30,1,0.03333333333333333,0,0.0
558,13,17,68459,40,2,0.05,0,0.0
559,13,17,68459,50,2,0.04,0,0.0
560,13,18,72486,10,1,0.1,0,0.0
561,13,18,72486,20,1,0.05,0,0.0
562,13,18,72486,30,1,0.03333333333333333,0,0.0
563,13,18,72486,40,2,0.05,0,0.0
564,13,18,72486,50,2,0.04,0,0.0
565,13,19,76513,10,1,0.1,0,0.0
566,13,19,76513,20,1,0.05,0,0.0
567,13,19,76513,30,1,0.03333333333333333,0,0.0
568,13,19,76513,40,1,0.025,0,0.0
569,13,19,76513,50,2,0.04,0,0.0
570,17,1,4027,10,1,0.1,0,0.0
571,17,1,4027,20,3,0.15,0,0.0
572,17,1,4027,30,4,0.13333333333333333,0,0.0
573,17,1,4027,40,4,0.1,0,0.0
574,17,1,4027,50,4,0.08,0,0.0
575,17,2,8054,10,3,0.3,0,0.0
576,17,2,8054,20,3,0.15,0,0.0
577,17,2,8054,30,3,0.1,0,0.0
578,17,2,8054,40,4,0.1,0,0.0
579,17,2,8054,50,5,0.1,0,0.0
580,17,3,12081,10,3,0.3,0,0.0
581,17,3,12081,20,3,0.15,0,0.0
582,17,3,12081,30,3,0.1,0,0.0
583,17,3,12081,40,4,0.1,0,0.0
584,17,3,12081,50,5,0.1,0,0.0
585,17,4,16108,10,3,0.3,0,0.0
586,17,4,16108,20,3,0.15,0,0.0
587,17,4,16108,30,3,0.1,0,0.0
588,17,4,16108,40,4,0.1,0,0.0
589,17,4,16108,50,5,0.1,0,0.0
590,17,5,20135,10,3,0.3,0,0.0
591,17,5,20135,20,3,0.15,0,0.0
592,17,5,20135,30,4,0.13333333333333333,0,0.0
593,17,5,20135,40,4,0.1,0,0.0
594,17,5,20135,50,4,0.08,0,0.0
595,17,6,24162,10,3,0.3,0,0.0
596,17,6,24162,20,3,0.15,0,0.0
597,17,6,24162,30,3,0.1,0,0.0
598,17,6,24162,40,4,0.1,0,0.0
599,17,6,24162,50,5,0.1,0,0.0
600,17,7,28189,10,3,0.3,0,0.0
601,17,7,28189,20,3,0.15,0,0.0
602,17,7,28189,30,3,0.1,0,0.0
603,17,7,28189,40,4,0.1,0,0.0
604,17,7,28189,50,5,0.1,0,0.0
605,17,8,32216,10,3,0.3,0,0.0
606,17,8,32216,20,3,0.15,0,0.0
607,17,8,32216,30,3,0.1,0,0.0
608,17,8,32216,40,4,0.1,0,0.0
609,17,8,32216,50,5,0.1,0,0.0
610,17,9,36243,10,3,0.3,0,0.0
611,17,9,36243,20,3,0.15,0,0.0
612,17,9,36243,30,3,0.1,0,0.0
613,17,9,36243,40,4,0.1,0,0.0
614,17,9,36243,50,5,0.1,0,0.0
615,17,10,40270,10,3,0.3,0,0.0
616,17,10,40270,20,3,0.15,0,0.0
617,17,10,40270,30,3,0.1,0,0.0
618,17,10,40270,40,4,0.1,0,0.0
619,17,10,40270,50,5,0.1,0,0.0
620,17,11,44297,10,3,0.3,0,0.0
621,17,11,44297,20,3,0.15,0,0.0
622,17,11,44297,30,3,0.1,0,0.0
623,17,11,44297,40,4,0.1,1,0.025
624,17,11,44297,50,5,0.1,1,0.02
625,17,12,48324,10,3,0.3,0,0.0
626,17,12,48324,20,3,0.15,0,0.0
627,17,12,48324,30,3,0.1,0,0.0
628,17,12,48324,40,4,0.1,1,0.025
629,17,12,48324,50,5,0.1,1,0.02
630,17,13,52351,10,3,0.3,0,0.0
631,17,13,52351,20,3,0.15,0,0.0
632,17,13,52351,30,3,0.1,0,0.0
633,17,13,52351,40,4,0.1,1,0.025
634,17,13,52351,50,5,0.1,1,0.02
635,17,14,56378,10,3,0.3,0,0.0
636,17,14,56378,20,3,0.15,0,0.0
637,17,14,56378,30,3,0.1,0,0.0
638,17,14,56378,40,4,0.1,1,0.025
639,17,14,56378,50,5,0.1,1,0.02
640,17,15,60405,10,3,0.3,0,0.0
641,17,15,60405,20,3,0.15,0,0.0
642,17,15,60405,30,4,0.13333333333333333,0,0.0
643,17,15,60405,40,4,0.1,0,0.0
644,17,15,60405,50,4,0.08,1,0.02
645,17,16,64432,10,3,0.3,0,0.0
646,17,16,64432,20,3,0.15,0,0.0
647,17,16,64432,30,4,0.13333333333333333,0,0.0
648,17,16,64432,40,4,0.1,1,0.025
649,17,16,64432,50,4,0.08,1,0.02
650,17,17,68459,10,2,0.2,0,0.0
651,17,17,68459,20,4,0.2,0,0.0
652,17,17,68459,30,4,0.13333333333333333,0,0.0
653,17,17,68459,40,4,0.1,0,0.0
654,17,17,68459,50,4,0.08,1,0.02
655,17,18,72486,10,2,0.2,0,0.0
656,17,18,72486,20,4,0.2,0,0.0
657,17,18,72486,30,4,0.13333333333333333,0,0.0
658,17,18,72486,40,4,0.1,1,0.025
659,17,18,72486,50,4,0.08,1,0.02
660,17,19,76513,10,2,0.2,0,0.0
661,17,19,76513,20,4,0.2,0,0.0
662,17,19,76513,30,4,0.13333333333333333,0,0.0
663,17,19,76513,40,4,0.1,1,0.025
664,17,19,76513,50,4,0.08,1,0.02
665,20,1,4027,10,4,0.4,1,0.1
666,20,1,4027,20,6,0.3,2,0.1
667,20,1,4027,30,10,0.3333333333333333,2,0.06666666666666667
668,20,1,4027,40,12,0.3,2,0.05
669,20,1,4027,50,14,0.28,2,0.04
670,20,2,8054,10,4,0.4,1,0.1
671,20,2,8054,20,6,0.3,2,0.1
672,20,2,8054,30,10,0.3333333333333333,2,0.06666666666666667
673,20,2,8054,40,12,0.3,2,0.05
674,20,2,8054,50,13,0.26,2,0.04
675,20,3,12081,10,4,0.4,1,0.1
676,20,3,12081,20,6,0.3,2,0.1
677,20,3,12081,30,10,0.3333333333333333,2,0.06666666666666667
678,20,3,12081,40,12,0.3,2,0.05
679,20,3,12081,50,14,0.28,2,0.04
680,20,4,16108,10,4,0.4,1,0.1
681,20,4,16108,20,5,0.25,2,0.1
682,20,4,16108,30,12,0.4,2,0.06666666666666667
683,20,4,16108,40,12,0.3,2,0.05
684,20,4,16108,50,15,0.3,2,0.04
685,20,5,20135,10,4,0.4,1,0.1
686,20,5,20135,20,5,0.25,2,0.1
687,20,5,20135,30,12,0.4,2,0.06666666666666667
688,20,5,20135,40,12,0.3,2,0.05
689,20,5,20135,50,14,0.28,2,0.04
690,20,6,24162,10,4,0.4,1,0.1
691,20,6,24162,20,5,0.25,2,0.1
692,20,6,24162,30,12,0.4,2,0.06666666666666667
693,20,6,24162,40,12,0.3,2,0.05
694,20,6,24162,50,14,0.28,2,0.04
695,20,7,28189,10,4,0.4,1,0.1
696,20,7,28189,20,6,0.3,2,0.1
697,20,7,28189,30,11,0.36666666666666664,2,0.06666666666666667
698,20,7,28189,40,12,0.3,2,0.05
699,20,7,28189,50,14,0.28,2,0.04
700,20,8,32216,10,4,0.4,1,0.1
701,20,8,32216,20,6,0.3,2,0.1
702,20,8,32216,30,11,0.36666666666666664,2,0.06666666666666667
703,20,8,32216,40,12,0.3,2,0.05
704,20,8,32216,50,14,0.28,2,0.04
705,20,9,36243,10,4,0.4,1,0.1
706,20,9,36243,20,5,0.25,2,0.1
707,20,9,36243,30,11,0.36666666666666664,2,0.06666666666666667
708,20,9,36243,40,12,0.3,2,0.05
709,20,9,36243,50,14,0.28,2,0.04
710,20,10,40270,10,4,0.4,1,0.1
711,20,10,40270,20,6,0.3,2,0.1
712,20,10,40270,30,10,0.3333333333333333,2,0.06666666666666667
713,20,10,40270,40,12,0.3,2,0.05
714,20,10,40270,50,14,0.28,2,0.04
715,20,11,44297,10,2,0.2,1,0.1
716,20,11,44297,20,6,0.3,2,0.1
717,20,11,44297,30,9,0.3,2,0.06666666666666667
718,20,11,44297,40,12,0.3,2,0.05
719,20,11,44297,50,15,0.3,3,0.06
720,20,12,48324,10,2,0.2,1,0.1
721,20,12,48324,20,6,0.3,1,0.05
722,20,12,48324,30,9,0.3,2,0.06666666666666667
723,20,12,48324,40,12,0.3,2,0.05
724,20,12,48324,50,15,0.3,2,0.04
725,20,13,52351,10,2,0.2,1,0.1
726,20,13,52351,20,5,0.25,1,0.05
727,20,13,52351,30,9,0.3,2,0.06666666666666667
728,20,13,52351,40,12,0.3,2,0.05
729,20,13,52351,50,15,0.3,2,0.04
730,20,14,56378,10,2,0.2,1,0.1
731,20,14,56378,20,6,0.3,1,0.05
732,20,14,56378,30,9,0.3,2,0.06666666666666667
733,20,14,56378,40,12,0.3,2,0.05
734,20,14,56378,50,15,0.3,2,0.04
735,20,15,60405,10,3,0.3,1,0.1
736,20,15,60405,20,5,0.25,1,0.05
737,20,15,60405,30,9,0.3,2,0.06666666666666667
738,20,15,60405,40,13,0.325,2,0.05
739,20,15,60405,50,15,0.3,3,0.06
740,20,16,64432,10,2,0.2,1,0.1
741,20,16,64432,20,5,0.25,1,0.05
742,20,16,64432,30,8,0.26666666666666666,2,0.06666666666666667
743,20,16,64432,40,12,0.3,2,0.05
744,20,16,64432,50,15,0.3,2,0.04
745,20,17,68459,10,3,0.3,1,0.1
746,20,17,68459,20,5,0.25,1,0.05
747,20,17,68459,30,8,0.26666666666666666,2,0.06666666666666667
748,20,17,68459,40,13,0.325,2,0.05
749,20,17,68459,50,15,0.3,3,0.06
750,20,18,72486,10,3,0.3,1,0.1
751,20,18,72486,20,5,0.25,1,0.05
752,20,18,72486,30,8,0.26666666666666666,2,0.06666666666666667
753,20,18,72486,40,13,0.325,2,0.05
754,20,18,72486,50,15,0.3,3,0.06
755,20,19,76513,10,3,0.3,1,0.1
756,20,19,76513,20,5,0.25,1,0.05
757,20,19,76513,30,9,0.3,2,0.06666666666666667
758,20,19,76513,40,13,0.325,2,0.05
759,20,19,76513,50,15,0.3,3,0.06
760,22,1,4027,10,2,0.2,2,0.2
761,22,1,4027,20,2,0.1,2,0.1
762,22,1,4027,30,2,0.06666666666666667,2,0.06666666666666667
763,22,1,4027,40,2,0.05,2,0.05
764,22,1,4027,50,5,0.1,2,0.04
765,22,2,8054,10,0,0.0,0,0.0
766,22,2,8054,20,2,0.1,2,0.1
767,22,2,8054,30,2,0.06666666666666667,2,0.06666666666666667
768,22,2,8054,40,2,0.05,2,0.05
769,22,2,8054,50,2,0.04,2,0.04
770,22,3,12081,10,0,0.0,0,0.0
771,22,3,12081,20,2,0.1,1,0.05
772,22,3,12081,30,4,0.13333333333333333,2,0.06666666666666667
773,22,3,12081,40,4,0.1,2,0.05
774,22,3,12081,50,6,0.12,3,0.06
775,22,4,16108,10,0,0.0,0,0.0
776,22,4,16108,20,2,0.1,1,0.05
777,22,4,16108,30,4,0.13333333333333333,1,0.03333333333333333
778,22,4,16108,40,4,0.1,1,0.025
779,22,4,16108,50,5,0.1,2,0.04
780,22,5,20135,10,0,0.0,0,0.0
781,22,5,20135,20,2,0.1,1,0.05
782,22,5,20135,30,2,0.06666666666666667,1,0.03333333333333333
783,22,5,20135,40,2,0.05,1,0.025
784,22,5,20135,50,2,0.04,1,0.02
785,22,6,24162,10,0,0.0,0,0.0
786,22,6,24162,20,2,0.1,1,0.05
787,22,6,24162,30,2,0.06666666666666667,1,0.03333333333333333
788,22,6,24162,40,2,0.05,1,0.025
789,22,6,24162,50,2,0.04,1,0.02
790,22,7,28189,10,0,0.0,0,0.0
791,22,7,28189,20,2,0.1,1,0.05
792,22,7,28189,30,3,0.1,1,0.03333333333333333
793,22,7,28189,40,4,0.1,1,0.025
794,22,7,28189,50,5,0.1,2,0.04
795,22,8,32216,10,0,0.0,0,0.0
796,22,8,32216,20,1,0.05,0,0.0
797,22,8,32216,30,2,0.06666666666666667,1,0.03333333333333333
798,22,8,32216,40,4,0.1,1,0.025
799,22,8,32216,50,4,0.08,1,0.02
800,22,9,36243,10,0,0.0,0,0.0
801,22,9,36243,20,1,0.05,0,0.0
802,22,9,36243,30,2,0.06666666666666667,1,0.03333333333333333
803,22,9,36243,40,2,0.05,1,0.025
804,22,9,36243,50,3,0.06,1,0.02
805,22,10,40270,10,0,0.0,0,0.0
806,22,10,40270,20,1,0.05,0,0.0
807,22,10,40270,30,2,0.06666666666666667,1,0.03333333333333333
808,22,10,40270,40,2,0.05,1,0.025
809,22,10,40270,50,4,0.08,2,0.04
810,22,11,44297,10,1,0.1,0,0.0
811,22,11,44297,20,1,0.05,0,0.0
812,22,11,44297,30,2,0.06666666666666667,1,0.03333333333333333
813,22,11,44297,40,2,0.05,1,0.025
814,22,11,44297,50,3,0.06,2,0.04
815,22,12,48324,10,1,0.1,0,0.0
816,22,12,48324,20,1,0.05,0,0.0
817,22,12,48324,30,2,0.06666666666666667,1,0.03333333333333333
818,22,12,48324,40,2,0.05,1,0.025
819,22,12,48324,50,3,0.06,2,0.04
820,22,13,52351,10,1,0.1,0,0.0
821,22,13,52351,20,1,0.05,0,0.0
822,22,13,52351,30,2,0.06666666666666667,1,0.03333333333333333
823,22,13,52351,40,2,0.05,1,0.025
824,22,13,52351,50,3,0.06,2,0.04
825,22,14,56378,10,1,0.1,0,0.0
826,22,14,56378,20,1,0.05,0,0.0
827,22,14,56378,30,2,0.06666666666666667,1,0.03333333333333333
828,22,14,56378,40,2,0.05,1,0.025
829,22,14,56378,50,2,0.04,1,0.02
830,22,15,60405,10,1,0.1,0,0.0
831,22,15,60405,20,1,0.05,0,0.0
832,22,15,60405,30,2,0.06666666666666667,1,0.03333333333333333
833,22,15,60405,40,2,0.05,1,0.025
834,22,15,60405,50,2,0.04,1,0.02
835,22,16,64432,10,1,0.1,0,0.0
836,22,16,64432,20,1,0.05,0,0.0
837,22,16,64432,30,2,0.06666666666666667,1,0.03333333333333333
838,22,16,64432,40,2,0.05,1,0.025
839,22,16,64432,50,2,0.04,1,0.02
840,22,17,68459,10,1,0.1,0,0.0
841,22,17,68459,20,1,0.05,0,0.0
842,22,17,68459,30,2,0.06666666666666667,1,0.03333333333333333
843,22,17,68459,40,2,0.05,1,0.025
844,22,17,68459,50,2,0.04,1,0.02
845,22,18,72486,10,1,0.1,0,0.0
846,22,18,72486,20,1,0.05,0,0.0
847,22,18,72486,30,2,0.06666666666666667,1,0.03333333333333333
848,22,18,72486,40,2,0.05,1,0.025
849,22,18,72486,50,2,0.04,1,0.02
850,22,19,76513,10,1,0.1,0,0.0
851,22,19,76513,20,1,0.05,0,0.0
852,22,19,76513,30,1,0.03333333333333333,0,0.0
853,22,19,76513,40,2,0.05,1,0.025
854,22,19,76513,50,2,0.04,1,0.02
855,25,1,4027,10,0,0.0,0,0.0
856,25,1,4027,20,4,0.2,0,0.0
857,25,1,4027,30,7,0.23333333333333334,0,0.0
858,25,1,4027,40,7,0.175,1,0.025
859,25,1,4027,50,7,0.14,1,0.02
860,25,2,8054,10,0,0.0,0,0.0
861,25,2,8054,20,3,0.15,0,0.0
862,25,2,8054,30,7,0.23333333333333334,0,0.0
863,25,2,8054,40,7,0.175,1,0.025
864,25,2,8054,50,7,0.14,1,0.02
865,25,3,12081,10,0,0.0,0,0.0
866,25,3,12081,20,3,0.15,0,0.0
867,25,3,12081,30,7,0.23333333333333334,0,0.0
868,25,3,12081,40,7,0.175,1,0.025
869,25,3,12081,50,7,0.14,1,0.02
870,25,4,16108,10,0,0.0,0,0.0
871,25,4,16108,20,3,0.15,0,0.0
872,25,4,16108,30,6,0.2,0,0.0
873,25,4,16108,40,7,0.175,1,0.025
874,25,4,16108,50,7,0.14,1,0.02
875,25,5,20135,10,0,0.0,0,0.0
876,25,5,20135,20,3,0.15,0,0.0
877,25,5,20135,30,6,0.2,0,0.0
878,25,5,20135,40,7,0.175,0,0.0
879,25,5,20135,50,7,0.14,1,0.02
880,25,6,24162,10,0,0.0,0,0.0
881,25,6,24162,20,1,0.05,0,0.0
882,25,6,24162,30,6,0.2,0,0.0
883,25,6,24162,40,7,0.175,0,0.0
884,25,6,24162,50,7,0.14,1,0.02
885,25,7,28189,10,0,0.0,0,0.0
886,25,7,28189,20,1,0.05,0,0.0
887,25,7,28189,30,6,0.2,0,0.0
888,25,7,28189,40,7,0.175,0,0.0
889,25,7,28189,50,7,0.14,1,0.02
890,25,8,32216,10,0,0.0,0,0.0
891,25,8,32216,20,1,0.05,0,0.0
892,25,8,32216,30,6,0.2,0,0.0
893,25,8,32216,40,7,0.175,0,0.0
894,25,8,32216,50,7,0.14,1,0.02
895,25,9,36243,10,0,0.0,0,0.0
896,25,9,36243,20,1,0.05,0,0.0
897,25,9,36243,30,6,0.2,0,0.0
898,25,9,36243,40,7,0.175,0,0.0
899,25,9,36243,50,7,0.14,1,0.02
900,25,10,40270,10,0,0.0,0,0.0
901,25,10,40270,20,1,0.05,0,0.0
902,25,10,40270,30,6,0.2,0,0.0
903,25,10,40270,40,7,0.175,0,0.0
904,25,10,40270,50,7,0.14,1,0.02
905,25,11,44297,10,0,0.0,0,0.0
906,25,11,44297,20,1,0.05,0,0.0
907,25,11,44297,30,6,0.2,0,0.0
908,25,11,44297,40,7,0.175,0,0.0
909,25,11,44297,50,7,0.14,1,0.02
910,25,12,48324,10,0,0.0,0,0.0
911,25,12,48324,20,1,0.05,0,0.0
912,25,12,48324,30,6,0.2,0,0.0
913,25,12,48324,40,7,0.175,0,0.0
914,25,12,48324,50,7,0.14,1,0.02
915,25,13,52351,10,0,0.0,0,0.0
916,25,13,52351,20,1,0.05,0,0.0
917,25,13,52351,30,6,0.2,0,0.0
918,25,13,52351,40,7,0.175,0,0.0
919,25,13,52351,50,7,0.14,1,0.02
920,25,14,56378,10,0,0.0,0,0.0
921,25,14,56378,20,1,0.05,0,0.0
922,25,14,56378,30,6,0.2,0,0.0
923,25,14,56378,40,7,0.175,0,0.0
924,25,14,56378,50,7,0.14,1,0.02
925,25,15,60405,10,0,0.0,0,0.0
926,25,15,60405,20,1,0.05,0,0.0
927,25,15,60405,30,6,0.2,0,0.0
928,25,15,60405,40,7,0.175,0,0.0
929,25,15,60405,50,7,0.14,1,0.02
930,25,16,64432,10,0,0.0,0,0.0
931,25,16,64432,20,1,0.05,0,0.0
932,25,16,64432,30,6,0.2,0,0.0
933,25,16,64432,40,6,0.15,0,0.0
934,25,16,64432,50,7,0.14,1,0.02
935,25,17,68459,10,0,0.0,0,0.0
936,25,17,68459,20,1,0.05,0,0.0
937,25,17,68459,30,6,0.2,0,0.0
938,25,17,68459,40,7,0.175,0,0.0
939,25,17,68459,50,7,0.14,1,0.02
940,25,18,72486,10,0,0.0,0,0.0
941,25,18,72486,20,1,0.05,0,0.0
942,25,18,72486,30,6,0.2,0,0.0
943,25,18,72486,40,7,0.175,0,0.0
944,25,18,72486,50,7,0.14,1,0.02
945,25,19,76513,10,0,0.0,0,0.0
946,25,19,76513,20,1,0.05,0,0.0
947,25,19,76513,30,6,0.2,0,0.0
948,25,19,76513,40,7,0.175,0,0.0
949,25,19,76513,50,7,0.14,1,0.02
950,27,1,4027,10,2,0.2,0,0.0
951,27,1,4027,20,7,0.35,1,0.05
952,27,1,4027,30,9,0.3,1,0.03333333333333333
953,27,1,4027,40,11,0.275,2,0.05
954,27,1,4027,50,11,0.22,2,0.04
955,27,2,8054,10,2,0.2,0,0.0
956,27,2,8054,20,7,0.35,1,0.05
957,27,2,8054,30,9,0.3,1,0.03333333333333333
958,27,2,8054,40,11,0.275,2,0.05
959,27,2,8054,50,11,0.22,2,0.04
960,27,3,12081,10,2,0.2,0,0.0
961,27,3,12081,20,7,0.35,1,0.05
962,27,3,12081,30,9,0.3,1,0.03333333333333333
963,27,3,12081,40,11,0.275,2,0.05
964,27,3,12081,50,11,0.22,2,0.04
965,27,4,16108,10,2,0.2,0,0.0
966,27,4,16108,20,7,0.35,1,0.05
967,27,4,16108,30,9,0.3,1,0.03333333333333333
968,27,4,16108,40,11,0.275,2,0.05
969,27,4,16108,50,11,0.22,2,0.04
970,27,5,20135,10,2,0.2,0,0.0
971,27,5,20135,20,6,0.3,1,0.05
972,27,5,20135,30,9,0.3,1,0.03333333333333333
973,27,5,20135,40,11,0.275,2,0.05
974,27,5,20135,50,11,0.22,2,0.04
975,27,6,24162,10,2,0.2,0,0.0
976,27,6,24162,20,7,0.35,1,0.05
977,27,6,24162,30,9,0.3,1,0.03333333333333333
978,27,6,24162,40,11,0.275,2,0.05
979,27,6,24162,50,11,0.22,2,0.04
980,27,7,28189,10,2,0.2,0,0.0
981,27,7,28189,20,7,0.35,1,0.05
982,27,7,28189,30,9,0.3,1,0.03333333333333333
983,27,7,28189,40,11,0.275,2,0.05
984,27,7,28189,50,11,0.22,2,0.04
985,27,8,32216,10,2,0.2,0,0.0
986,27,8,32216,20,7,0.35,1,0.05
987,27,8,32216,30,9,0.3,1,0.03333333333333333
988,27,8,32216,40,11,0.275,2,0.05
989,27,8,32216,50,11,0.22,2,0.04
990,27,9,36243,10,2,0.2,0,0.0
991,27,9,36243,20,6,0.3,1,0.05
992,27,9,36243,30,9,0.3,1,0.03333333333333333
993,27,9,36243,40,11,0.275,2,0.05
994,27,9,36243,50,11,0.22,2,0.04
995,27,10,40270,10,2,0.2,0,0.0
996,27,10,40270,20,6,0.3,1,0.05
997,27,10,40270,30,9,0.3,1,0.03333333333333333
998,27,10,40270,40,11,0.275,2,0.05
999,27,10,40270,50,11,0.22,2,0.04
1000,27,11,44297,10,2,0.2,0,0.0
1001,27,11,44297,20,6,0.3,1,0.05
1002,27,11,44297,30,10,0.3333333333333333,2,0.06666666666666667
1003,27,11,44297,40,11,0.275,2,0.05
1004,27,11,44297,50,11,0.22,2,0.04
1005,27,12,48324,10,2,0.2,0,0.0
1006,27,12,48324,20,6,0.3,1,0.05
1007,27,12,48324,30,10,0.3333333333333333,2,0.06666666666666667
1008,27,12,48324,40,11,0.275,2,0.05
1009,27,12,48324,50,11,0.22,2,0.04
1010,27,13,52351,10,2,0.2,0,0.0
1011,27,13,52351,20,6,0.3,1,0.05
1012,27,13,52351,30,10,0.3333333333333333,2,0.06666666666666667
1013,27,13,52351,40,11,0.275,2,0.05
1014,27,13,52351,50,11,0.22,2,0.04
1015,27,14,56378,10,2,0.2,0,0.0
1016,27,14,56378,20,6,0.3,1,0.05
1017,27,14,56378,30,10,0.3333333333333333,2,0.06666666666666667
1018,27,14,56378,40,11,0.275,2,0.05
1019,27,14,56378,50,11,0.22,2,0.04
1020,27,15,60405,10,2,0.2,0,0.0
1021,27,15,60405,20,6,0.3,1,0.05
1022,27,15,60405,30,9,0.3,1,0.03333333333333333
1023,27,15,60405,40,11,0.275,2,0.05
1024,27,15,60405,50,11,0.22,2,0.04
1025,27,16,64432,10,2,0.2,0,0.0
1026,27,16,64432,20,7,0.35,1,0.05
1027,27,16,64432,30,9,0.3,1,0.03333333333333333
1028,27,16,64432,40,11,0.275,2,0.05
1029,27,16,64432,50,11,0.22,2,0.04
1030,27,17,68459,10,2,0.2,0,0.0
1031,27,17,68459,20,7,0.35,1,0.05
1032,27,17,68459,30,9,0.3,1,0.03333333333333333
1033,27,17,68459,40,11,0.275,2,0.05
1034,27,17,68459,50,11,0.22,2,0.04
1035,27,18,72486,10,2,0.2,0,0.0
1036,27,18,72486,20,7,0.35,1,0.05
1037,27,18,72486,30,10,0.3333333333333333,2,0.06666666666666667
1038,27,18,72486,40,11,0.275,2,0.05
1039,27,18,72486,50,11,0.22,2,0.04
1040,27,19,76513,10,2,0.2,0,0.0
1041,27,19,76513,20,6,0.3,1,0.05
1042,27,19,76513,30,9,0.3,1,0.03333333333333333
1043,27,19,76513,40,11,0.275,2,0.05
1044,27,19,76513,50,11,0.22,2,0.04
1045,28,1,4027,10,3,0.3,0,0.0
1046,28,1,4027,20,3,0.15,0,0.0
1047,28,1,4027,30,4,0.13333333333333333,0,0.0
1048,28,1,4027,40,5,0.125,1,0.025
1049,28,1,4027,50,5,0.1,1,0.02
1050,28,2,8054,10,3,0.3,0,0.0
1051,28,2,8054,20,3,0.15,0,0.0
1052,28,2,8054,30,4,0.13333333333333333,0,0.0
1053,28,2,8054,40,5,0.125,1,0.025
1054,28,2,8054,50,5,0.1,1,0.02
1055,28,3,12081,10,3,0.3,0,0.0
1056,28,3,12081,20,3,0.15,0,0.0
1057,28,3,12081,30,4,0.13333333333333333,0,0.0
1058,28,3,12081,40,5,0.125,1,0.025
1059,28,3,12081,50,5,0.1,1,0.02
1060,28,4,16108,10,3,0.3,0,0.0
1061,28,4,16108,20,4,0.2,0,0.0
1062,28,4,16108,30,4,0.13333333333333333,0,0.0
1063,28,4,16108,40,5,0.125,1,0.025
1064,28,4,16108,50,5,0.1,1,0.02
1065,28,5,20135,10,3,0.3,0,0.0
1066,28,5,20135,20,4,0.2,0,0.0
1067,28,5,20135,30,4,0.13333333333333333,0,0.0
1068,28,5,20135,40,5,0.125,1,0.025
1069,28,5,20135,50,5,0.1,1,0.02
1070,28,6,24162,10,3,0.3,0,0.0
1071,28,6,24162,20,4,0.2,0,0.0
1072,28,6,24162,30,4,0.13333333333333333,0,0.0
1073,28,6,24162,40,5,0.125,1,0.025
1074,28,6,24162,50,5,0.1,1,0.02
1075,28,7,28189,10,3,0.3,0,0.0
1076,28,7,28189,20,4,0.2,0,0.0
1077,28,7,28189,30,4,0.13333333333333333,0,0.0
1078,28,7,28189,40,5,0.125,1,0.025
1079,28,7,28189,50,5,0.1,1,0.02
1080,28,8,32216,10,3,0.3,0,0.0
1081,28,8,32216,20,3,0.15,0,0.0
1082,28,8,32216,30,4,0.13333333333333333,0,0.0
1083,28,8,32216,40,5,0.125,1,0.025
1084,28,8,32216,50,5,0.1,1,0.02
1085,28,9,36243,10,3,0.3,0,0.0
1086,28,9,36243,20,3,0.15,0,0.0
1087,28,9,36243,30,4,0.13333333333333333,0,0.0
1088,28,9,36243,40,5,0.125,1,0.025
1089,28,9,36243,50,6,0.12,1,0.02
1090,28,10,40270,10,3,0.3,0,0.0
1091,28,10,40270,20,4,0.2,0,0.0
1092,28,10,40270,30,5,0.16666666666666666,1,0.03333333333333333
1093,28,10,40270,40,5,0.125,1,0.025
1094,28,10,40270,50,5,0.1,1,0.02
1095,28,11,44297,10,3,0.3,0,0.0
1096,28,11,44297,20,3,0.15,0,0.0
1097,28,11,44297,30,5,0.16666666666666666,1,0.03333333333333333
1098,28,11,44297,40,5,0.125,1,0.025
1099,28,11,44297,50,6,0.12,1,0.02
1100,28,12,48324,10,3,0.3,0,0.0
1101,28,12,48324,20,3,0.15,0,0.0
1102,28,12,48324,30,5,0.16666666666666666,1,0.03333333333333333
1103,28,12,48324,40,5,0.125,1,0.025
1104,28,12,48324,50,6,0.12,1,0.02
1105,28,13,52351,10,3,0.3,0,0.0
1106,28,13,52351,20,3,0.15,0,0.0
1107,28,13,52351,30,5,0.16666666666666666,1,0.03333333333333333
1108,28,13,52351,40,5,0.125,1,0.025
1109,28,13,52351,50,6,0.12,1,0.02
1110,28,14,56378,10,3,0.3,0,0.0
1111,28,14,56378,20,3,0.15,0,0.0
1112,28,14,56378,30,5,0.16666666666666666,1,0.03333333333333333
1113,28,14,56378,40,5,0.125,1,0.025
1114,28,14,56378,50,5,0.1,1,0.02
1115,28,15,60405,10,3,0.3,0,0.0
1116,28,15,60405,20,4,0.2,0,0.0
1117,28,15,60405,30,4,0.13333333333333333,0,0.0
1118,28,15,60405,40,5,0.125,1,0.025
1119,28,15,60405,50,6,0.12,1,0.02
1120,28,16,64432,10,3,0.3,0,0.0
1121,28,16,64432,20,4,0.2,0,0.0
1122,28,16,64432,30,4,0.13333333333333333,0,0.0
1123,28,16,64432,40,5,0.125,1,0.025
1124,28,16,64432,50,5,0.1,1,0.02
1125,28,17,68459,10,3,0.3,0,0.0
1126,28,17,68459,20,4,0.2,0,0.0
1127,28,17,68459,30,5,0.16666666666666666,1,0.03333333333333333
1128,28,17,68459,40,5,0.125,1,0.025
1129,28,17,68459,50,5,0.1,1,0.02
1130,28,18,72486,10,3,0.3,0,0.0
1131,28,18,72486,20,4,0.2,0,0.0
1132,28,18,72486,30,5,0.16666666666666666,1,0.03333333333333333
1133,28,18,72486,40,5,0.125,1,0.025
1134,28,18,72486,50,5,0.1,1,0.02
1135,28,19,76513,10,3,0.3,0,0.0
1136,28,19,76513,20,3,0.15,0,0.0
1137,28,19,76513,30,4,0.13333333333333333,0,0.0
1138,28,19,76513,40,5,0.125,1,0.025
1139,28,19,76513,50,5,0.1,1,0.02
1140,31,1,4027,10,0,0.0,0,0.0
1141,31,1,4027,20,0,0.0,0,0.0
1142,31,1,4027,30,1,0.03333333333333333,0,0.0
1143,31,1,4027,40,1,0.025,0,0.0
1144,31,1,4027,50,1,0.02,0,0.0
1145,31,2,8054,10,0,0.0,0,0.0
1146,31,2,8054,20,0,0.0,0,0.0
1147,31,2,8054,30,0,0.0,0,0.0
1148,31,2,8054,40,0,0.0,0,0.0
1149,31,2,8054,50,0,0.0,0,0.0
1150,31,3,12081,10,0,0.0,0,0.0
1151,31,3,12081,20,0,0.0,0,0.0
1152,31,3,12081,30,0,0.0,0,0.0
1153,31,3,12081,40,1,0.025,0,0.0
1154,31,3,12081,50,1,0.02,0,0.0
1155,31,4,16108,10,0,0.0,0,0.0
1156,31,4,16108,20,0,0.0,0,0.0
1157,31,4,16108,30,0,0.0,0,0.0
1158,31,4,16108,40,0,0.0,0,0.0
1159,31,4,16108,50,0,0.0,0,0.0
1160,31,5,20135,10,0,0.0,0,0.0
1161,31,5,20135,20,0,0.0,0,0.0
1162,31,5,20135,30,0,0.0,0,0.0
1163,31,5,20135,40,0,0.0,0,0.0
1164,31,5,20135,50,1,0.02,0,0.0
1165,31,6,24162,10,0,0.0,0,0.0
1166,31,6,24162,20,0,0.0,0,0.0
1167,31,6,24162,30,0,0.0,0,0.0
1168,31,6,24162,40,0,0.0,0,0.0
1169,31,6,24162,50,0,0.0,0,0.0
1170,31,7,28189,10,0,0.0,0,0.0
1171,31,7,28189,20,0,0.0,0,0.0
1172,31,7,28189,30,0,0.0,0,0.0
1173,31,7,28189,40,1,0.025,0,0.0
1174,31,7,28189,50,1,0.02,0,0.0
1175,31,8,32216,10,0,0.0,0,0.0
1176,31,8,32216,20,0,0.0,0,0.0
1177,31,8,32216,30,0,0.0,0,0.0
1178,31,8,32216,40,1,0.025,0,0.0
1179,31,8,32216,50,1,0.02,0,0.0
1180,31,9,36243,10,0,0.0,0,0.0
1181,31,9,36243,20,0,0.0,0,0.0
1182,31,9,36243,30,0,0.0,0,0.0
1183,31,9,36243,40,1,0.025,0,0.0
1184,31,9,36243,50,1,0.02,0,0.0
1185,31,10,40270,10,0,0.0,0,0.0
1186,31,10,40270,20,0,0.0,0,0.0
1187,31,10,40270,30,0,0.0,0,0.0
1188,31,10,40270,40,1,0.025,0,0.0
1189,31,10,40270,50,2,0.04,0,0.0
1190,31,11,44297,10,0,0.0,0,0.0
1191,31,11,44297,20,0,0.0,0,0.0
1192,31,11,44297,30,0,0.0,0,0.0
1193,31,11,44297,40,0,0.0,0,0.0
1194,31,11,44297,50,2,0.04,0,0.0
1195,31,12,48324,10,0,0.0,0,0.0
1196,31,12,48324,20,0,0.0,0,0.0
1197,31,12,48324,30,1,0.03333333333333333,0,0.0
1198,31,12,48324,40,1,0.025,0,0.0
1199,31,12,48324,50,2,0.04,0,0.0
1200,31,13,52351,10,0,0.0,0,0.0
1201,31,13,52351,20,0,0.0,0,0.0
1202,31,13,52351,30,0,0.0,0,0.0
1203,31,13,52351,40,1,0.025,0,0.0
1204,31,13,52351,50,1,0.02,0,0.0
1205,31,14,56378,10,0,0.0,0,0.0
1206,31,14,56378,20,0,0.0,0,0.0
1207,31,14,56378,30,0,0.0,0,0.0
1208,31,14,56378,40,1,0.025,0,0.0
1209,31,14,56378,50,1,0.02,0,0.0
1210,31,15,60405,10,0,0.0,0,0.0
1211,31,15,60405,20,0,0.0,0,0.0
1212,31,15,60405,30,0,0.0,0,0.0
1213,31,15,60405,40,1,0.025,0,0.0
1214,31,15,60405,50,1,0.02,0,0.0
1215,31,16,64432,10,0,0.0,0,0.0
1216,31,16,64432,20,0,0.0,0,0.0
1217,31,16,64432,30,0,0.0,0,0.0
1218,31,16,64432,40,0,0.0,0,0.0
1219,31,16,64432,50,0,0.0,0,0.0
1220,31,17,68459,10,0,0.0,0,0.0
1221,31,17,68459,20,0,0.0,0,0.0
1222,31,17,68459,30,0,0.0,0,0.0
1223,31,17,68459,40,0,0.0,0,0.0
1224,31,17,68459,50,0,0.0,0,0.0
1225,31,18,72486,10,0,0.0,0,0.0
1226,31,18,72486,20,0,0.0,0,0.0
1227,31,18,72486,30,0,0.0,0,0.0
1228,31,18,72486,40,1,0.025,0,0.0
1229,31,18,72486,50,1,0.02,0,0.0
1230,31,19,76513,10,0,0.0,0,0.0
1231,31,19,76513,20,0,0.0,0,0.0
1232,31,19,76513,30,0,0.0,0,0.0
1233,31,19,76513,40,0,0.0,0,0.0
1234,31,19,76513,50,1,0.02,0,0.0
1235,34,1,4027,10,2,0.2,0,0.0
1236,34,1,4027,20,2,0.1,0,0.0
1237,34,1,4027,30,2,0.06666666666666667,0,0.0
1238,34,1,4027,40,3,0.075,0,0.0
1239,34,1,4027,50,4,0.08,0,0.0
1240,34,2,8054,10,2,0.2,0,0.0
1241,34,2,8054,20,2,0.1,0,0.0
1242,34,2,8054,30,2,0.06666666666666667,0,0.0
1243,34,2,8054,40,3,0.075,0,0.0
1244,34,2,8054,50,4,0.08,0,0.0
1245,34,3,12081,10,2,0.2,0,0.0
1246,34,3,12081,20,2,0.1,0,0.0
1247,34,3,12081,30,2,0.06666666666666667,0,0.0
1248,34,3,12081,40,3,0.075,0,0.0
1249,34,3,12081,50,4,0.08,0,0.0
1250,34,4,16108,10,2,0.2,0,0.0
1251,34,4,16108,20,2,0.1,0,0.0
1252,34,4,16108,30,2,0.06666666666666667,0,0.0
1253,34,4,16108,40,3,0.075,0,0.0
1254,34,4,16108,50,4,0.08,0,0.0
1255,34,5,20135,10,2,0.2,0,0.0
1256,34,5,20135,20,2,0.1,0,0.0
1257,34,5,20135,30,2,0.06666666666666667,0,0.0
1258,34,5,20135,40,3,0.075,0,0.0
1259,34,5,20135,50,4,0.08,0,0.0
1260,34,6,24162,10,2,0.2,0,0.0
1261,34,6,24162,20,2,0.1,0,0.0
1262,34,6,24162,30,2,0.06666666666666667,0,0.0
1263,34,6,24162,40,3,0.075,0,0.0
1264,34,6,24162,50,4,0.08,0,0.0
1265,34,7,28189,10,2,0.2,0,0.0
1266,34,7,28189,20,2,0.1,0,0.0
1267,34,7,28189,30,2,0.06666666666666667,0,0.0
1268,34,7,28189,40,3,0.075,0,0.0
1269,34,7,28189,50,4,0.08,0,0.0
1270,34,8,32216,10,2,0.2,0,0.0
1271,34,8,32216,20,2,0.1,0,0.0
1272,34,8,32216,30,2,0.06666666666666667,0,0.0
1273,34,8,32216,40,3,0.075,0,0.0
1274,34,8,32216,50,4,0.08,0,0.0
1275,34,9,36243,10,2,0.2,0,0.0
1276,34,9,36243,20,2,0.1,0,0.0
1277,34,9,36243,30,2,0.06666666666666667,0,0.0
1278,34,9,36243,40,3,0.075,0,0.0
1279,34,9,36243,50,4,0.08,0,0.0
1280,34,10,40270,10,2,0.2,0,0.0
1281,34,10,40270,20,2,0.1,0,0.0
1282,34,10,40270,30,2,0.06666666666666667,0,0.0
1283,34,10,40270,40,3,0.075,0,0.0
1284,34,10,40270,50,4,0.08,0,0.0
1285,34,11,44297,10,2,0.2,0,0.0
1286,34,11,44297,20,2,0.1,0,0.0
1287,34,11,44297,30,2,0.06666666666666667,0,0.0
1288,34,11,44297,40,3,0.075,0,0.0
1289,34,11,44297,50,4,0.08,0,0.0
1290,34,12,48324,10,2,0.2,0,0.0
1291,34,12,48324,20,2,0.1,0,0.0
1292,34,12,48324,30,2,0.06666666666666667,0,0.0
1293,34,12,48324,40,3,0.075,0,0.0
1294,34,12,48324,50,4,0.08,0,0.0
1295,34,13,52351,10,2,0.2,0,0.0
1296,34,13,52351,20,2,0.1,0,0.0
1297,34,13,52351,30,2,0.06666666666666667,0,0.0
1298,34,13,52351,40,3,0.075,0,0.0
1299,34,13,52351,50,4,0.08,0,0.0
1300,34,14,56378,10,2,0.2,0,0.0
1301,34,14,56378,20,2,0.1,0,0.0
1302,34,14,56378,30,2,0.06666666666666667,0,0.0
1303,34,14,56378,40,3,0.075,0,0.0
1304,34,14,56378,50,4,0.08,0,0.0
1305,34,15,60405,10,2,0.2,0,0.0
1306,34,15,60405,20,2,0.1,0,0.0
1307,34,15,60405,30,2,0.06666666666666667,0,0.0
1308,34,15,60405,40,3,0.075,0,0.0
1309,34,15,60405,50,4,0.08,0,0.0
1310,34,16,64432,10,2,0.2,0,0.0
1311,34,16,64432,20,2,0.1,0,0.0
1312,34,16,64432,30,2,0.06666666666666667,0,0.0
1313,34,16,64432,40,3,0.075,0,0.0
1314,34,16,64432,50,4,0.08,0,0.0
1315,34,17,68459,10,2,0.2,0,0.0
1316,34,17,68459,20,2,0.1,0,0.0
1317,34,17,68459,30,2,0.06666666666666667,0,0.0
1318,34,17,68459,40,3,0.075,0,0.0
1319,34,17,68459,50,4,0.08,0,0.0
1320,34,18,72486,10,2,0.2,0,0.0
1321,34,18,72486,20,2,0.1,0,0.0
1322,34,18,72486,30,2,0.06666666666666667,0,0.0
1323,34,18,72486,40,3,0.075,0,0.0
1324,34,18,72486,50,4,0.08,0,0.0
1325,34,19,76513,10,2,0.2,0,0.0
1326,34,19,76513,20,2,0.1,0,0.0
1327,34,19,76513,30,2,0.06666666666666667,0,0.0
1328,34,19,76513,40,3,0.075,0,0.0
1329,34,19,76513,50,4,0.08,0,0.0
1330,40,1,4027,10,0,0.0,0,0.0
1331,40,1,4027,20,2,0.1,1,0.05
1332,40,1,4027,30,2,0.06666666666666667,1,0.03333333333333333
1333,40,1,4027,40,2,0.05,2,0.05
1334,40,1,4027,50,2,0.04,2,0.04
1335,40,2,8054,10,0,0.0,0,0.0
1336,40,2,8054,20,2,0.1,2,0.1
1337,40,2,8054,30,2,0.06666666666666667,2,0.06666666666666667
1338,40,2,8054,40,2,0.05,2,0.05
1339,40,2,8054,50,2,0.04,2,0.04
1340,40,3,12081,10,0,0.0,0,0.0
1341,40,3,12081,20,2,0.1,2,0.1
1342,40,3,12081,30,2,0.06666666666666667,2,0.06666666666666667
1343,40,3,12081,40,2,0.05,2,0.05
1344,40,3,12081,50,2,0.04,2,0.04
1345,40,4,16108,10,0,0.0,1,0.1
1346,40,4,16108,20,2,0.1,2,0.1
1347,40,4,16108,30,2,0.06666666666666667,2,0.06666666666666667
1348,40,4,16108,40,2,0.05,2,0.05
1349,40,4,16108,50,2,0.04,2,0.04
1350,40,5,20135,10,0,0.0,0,0.0
1351,40,5,20135,20,2,0.1,2,0.1
1352,40,5,20135,30,2,0.06666666666666667,2,0.06666666666666667
1353,40,5,20135,40,2,0.05,2,0.05
1354,40,5,20135,50,2,0.04,2,0.04
1355,40,6,24162,10,0,0.0,0,0.0
1356,40,6,24162,20,2,0.1,2,0.1
1357,40,6,24162,30,2,0.06666666666666667,2,0.06666666666666667
1358,40,6,24162,40,2,0.05,2,0.05
1359,40,6,24162,50,2,0.04,2,0.04
1360,40,7,28189,10,0,0.0,0,0.0
1361,40,7,28189,20,2,0.1,2,0.1
1362,40,7,28189,30,2,0.06666666666666667,2,0.06666666666666667
1363,40,7,28189,40,2,0.05,2,0.05
1364,40,7,28189,50,2,0.04,2,0.04
1365,40,8,32216,10,0,0.0,0,0.0
1366,40,8,32216,20,2,0.1,2,0.1
1367,40,8,32216,30,2,0.06666666666666667,2,0.06666666666666667
1368,40,8,32216,40,2,0.05,2,0.05
1369,40,8,32216,50,2,0.04,2,0.04
1370,40,9,36243,10,0,0.0,0,0.0
1371,40,9,36243,20,2,0.1,2,0.1
1372,40,9,36243,30,2,0.06666666666666667,2,0.06666666666666667
1373,40,9,36243,40,2,0.05,2,0.05
1374,40,9,36243,50,2,0.04,2,0.04
1375,40,10,40270,10,0,0.0,0,0.0
1376,40,10,40270,20,2,0.1,2,0.1
1377,40,10,40270,30,2,0.06666666666666667,2,0.06666666666666667
1378,40,10,40270,40,2,0.05,2,0.05
1379,40,10,40270,50,2,0.04,2,0.04
1380,40,11,44297,10,0,0.0,0,0.0
1381,40,11,44297,20,2,0.1,2,0.1
1382,40,11,44297,30,2,0.06666666666666667,2,0.06666666666666667
1383,40,11,44297,40,2,0.05,2,0.05
1384,40,11,44297,50,2,0.04,2,0.04
1385,40,12,48324,10,0,0.0,0,0.0
1386,40,12,48324,20,2,0.1,2,0.1
1387,40,12,48324,30,2,0.06666666666666667,2,0.06666666666666667
1388,40,12,48324,40,2,0.05,2,0.05
1389,40,12,48324,50,2,0.04,2,0.04
1390,40,13,52351,10,0,0.0,0,0.0
1391,40,13,52351,20,2,0.1,2,0.1
1392,40,13,52351,30,2,0.06666666666666667,2,0.06666666666666667
1393,40,13,52351,40,2,0.05,2,0.05
1394,40,13,52351,50,2,0.04,2,0.04
1395,40,14,56378,10,0,0.0,0,0.0
1396,40,14,56378,20,2,0.1,2,0.1
1397,40,14,56378,30,2,0.06666666666666667,2,0.06666666666666667
1398,40,14,56378,40,2,0.05,2,0.05
1399,40,14,56378,50,2,0.04,2,0.04
1400,40,15,60405,10,0,0.0,0,0.0
1401,40,15,60405,20,2,0.1,2,0.1
1402,40,15,60405,30,2,0.06666666666666667,2,0.06666666666666667
1403,40,15,60405,40,2,0.05,2,0.05
1404,40,15,60405,50,2,0.04,2,0.04
1405,40,16,64432,10,0,0.0,0,0.0
1406,40,16,64432,20,2,0.1,2,0.1
1407,40,16,64432,30,2,0.06666666666666667,2,0.06666666666666667
1408,40,16,64432,40,2,0.05,2,0.05
1409,40,16,64432,50,2,0.04,2,0.04
1410,40,17,68459,10,0,0.0,0,0.0
1411,40,17,68459,20,2,0.1,2,0.1
1412,40,17,68459,30,2,0.06666666666666667,2,0.06666666666666667
1413,40,17,68459,40,2,0.05,2,0.05
1414,40,17,68459,50,2,0.04,2,0.04
1415,40,18,72486,10,0,0.0,0,0.0
1416,40,18,72486,20,2,0.1,2,0.1
1417,40,18,72486,30,2,0.06666666666666667,2,0.06666666666666667
1418,40,18,72486,40,2,0.05,2,0.05
1419,40,18,72486,50,2,0.04,2,0.04
1420,40,19,76513,10,0,0.0,0,0.0
1421,40,19,76513,20,2,0.1,2,0.1
1422,40,19,76513,30,2,0.06666666666666667,2,0.06666666666666667
1423,40,19,76513,40,2,0.05,2,0.05
1424,40,19,76513,50,2,0.04,2,0.04
1425,52,1,4027,10,2,0.2,0,0.0
1426,52,1,4027,20,4,0.2,1,0.05
1427,52,1,4027,30,7,0.23333333333333334,1,0.03333333333333333
1428,52,1,4027,40,9,0.225,1,0.025
1429,52,1,4027,50,9,0.18,1,0.02
1430,52,2,8054,10,1,0.1,0,0.0
1431,52,2,8054,20,1,0.05,0,0.0
1432,52,2,8054,30,2,0.06666666666666667,0,0.0
1433,52,2,8054,40,3,0.075,1,0.025
1434,52,2,8054,50,3,0.06,1,0.02
1435,52,3,12081,10,1,0.1,0,0.0
1436,52,3,12081,20,1,0.05,0,0.0
1437,52,3,12081,30,2,0.06666666666666667,0,0.0
1438,52,3,12081,40,2,0.05,0,0.0
1439,52,3,12081,50,2,0.04,0,0.0
1440,52,4,16108,10,1,0.1,0,0.0
1441,52,4,16108,20,1,0.05,0,0.0
1442,52,4,16108,30,2,0.06666666666666667,0,0.0
1443,52,4,16108,40,2,0.05,0,0.0
1444,52,4,16108,50,2,0.04,0,0.0
1445,52,5,20135,10,1,0.1,0,0.0
1446,52,5,20135,20,1,0.05,0,0.0
1447,52,5,20135,30,2,0.06666666666666667,0,0.0
1448,52,5,20135,40,2,0.05,0,0.0
1449,52,5,20135,50,2,0.04,0,0.0
1450,52,6,24162,10,1,0.1,0,0.0
1451,52,6,24162,20,1,0.05,0,0.0
1452,52,6,24162,30,2,0.06666666666666667,0,0.0
1453,52,6,24162,40,2,0.05,0,0.0
1454,52,6,24162,50,3,0.06,0,0.0
1455,52,7,28189,10,1,0.1,0,0.0
1456,52,7,28189,20,1,0.05,0,0.0
1457,52,7,28189,30,2,0.06666666666666667,0,0.0
1458,52,7,28189,40,2,0.05,0,0.0
1459,52,7,28189,50,3,0.06,0,0.0
1460,52,8,32216,10,1,0.1,0,0.0
1461,52,8,32216,20,1,0.05,0,0.0
1462,52,8,32216,30,2,0.06666666666666667,0,0.0
1463,52,8,32216,40,2,0.05,0,0.0
1464,52,8,32216,50,3,0.06,0,0.0
1465,52,9,36243,10,1,0.1,0,0.0
1466,52,9,36243,20,1,0.05,0,0.0
1467,52,9,36243,30,2,0.06666666666666667,0,0.0
1468,52,9,36243,40,2,0.05,0,0.0
1469,52,9,36243,50,3,0.06,0,0.0
1470,52,10,40270,10,1,0.1,0,0.0
1471,52,10,40270,20,1,0.05,0,0.0
1472,52,10,40270,30,2,0.06666666666666667,0,0.0
1473,52,10,40270,40,2,0.05,0,0.0
1474,52,10,40270,50,3,0.06,0,0.0
1475,52,11,44297,10,1,0.1,0,0.0
1476,52,11,44297,20,1,0.05,0,0.0
1477,52,11,44297,30,2,0.06666666666666667,0,0.0
1478,52,11,44297,40,2,0.05,0,0.0
1479,52,11,44297,50,3,0.06,0,0.0
1480,52,12,48324,10,1,0.1,0,0.0
1481,52,12,48324,20,1,0.05,0,0.0
1482,52,12,48324,30,1,0.03333333333333333,0,0.0
1483,52,12,48324,40,2,0.05,0,0.0
1484,52,12,48324,50,2,0.04,0,0.0
1485,52,13,52351,10,1,0.1,0,0.0
1486,52,13,52351,20,1,0.05,0,0.0
1487,52,13,52351,30,1,0.03333333333333333,0,0.0
1488,52,13,52351,40,2,0.05,0,0.0
1489,52,13,52351,50,3,0.06,0,0.0
1490,52,14,56378,10,1,0.1,0,0.0
1491,52,14,56378,20,1,0.05,0,0.0
1492,52,14,56378,30,1,0.03333333333333333,0,0.0
1493,52,14,56378,40,2,0.05,0,0.0
1494,52,14,56378,50,3,0.06,0,0.0
1495,52,15,60405,10,1,0.1,0,0.0
1496,52,15,60405,20,1,0.05,0,0.0
1497,52,15,60405,30,1,0.03333333333333333,0,0.0
1498,52,15,60405,40,2,0.05,0,0.0
1499,52,15,60405,50,2,0.04,0,0.0
1500,52,16,64432,10,1,0.1,0,0.0
1501,52,16,64432,20,1,0.05,0,0.0
1502,52,16,64432,30,1,0.03333333333333333,0,0.0
1503,52,16,64432,40,2,0.05,0,0.0
1504,52,16,64432,50,2,0.04,0,0.0
1505,52,17,68459,10,1,0.1,0,0.0
1506,52,17,68459,20,1,0.05,0,0.0
1507,52,17,68459,30,1,0.03333333333333333,0,0.0
1508,52,17,68459,40,2,0.05,0,0.0
1509,52,17,68459,50,2,0.04,0,0.0
1510,52,18,72486,10,1,0.1,0,0.0
1511,52,18,72486,20,1,0.05,0,0.0
1512,52,18,72486,30,1,0.03333333333333333,0,0.0
1513,52,18,72486,40,2,0.05,0,0.0
1514,52,18,72486,50,2,0.04,0,0.0
1515,52,19,76513,10,1,0.1,0,0.0
1516,52,19,76513,20,1,0.05,0,0.0
1517,52,19,76513,30,1,0.03333333333333333,0,0.0
1518,52,19,76513,40,2,0.05,0,0.0
1519,52,19,76513,50,2,0.04,0,0.0
1520,54,1,4027,10,2,0.2,0,0.0
1521,54,1,4027,20,2,0.1,0,0.0
1522,54,1,4027,30,5,0.16666666666666666,0,0.0
1523,54,1,4027,40,5,0.125,0,0.0
1524,54,1,4027,50,6,0.12,1,0.02
1525,54,2,8054,10,2,0.2,0,0.0
1526,54,2,8054,20,2,0.1,0,0.0
1527,54,2,8054,30,3,0.1,0,0.0
1528,54,2,8054,40,4,0.1,0,0.0
1529,54,2,8054,50,5,0.1,1,0.02
1530,54,3,12081,10,2,0.2,0,0.0
1531,54,3,12081,20,2,0.1,0,0.0
1532,54,3,12081,30,3,0.1,0,0.0
1533,54,3,12081,40,5,0.125,1,0.025
1534,54,3,12081,50,6,0.12,2,0.04
1535,54,4,16108,10,2,0.2,0,0.0
1536,54,4,16108,20,2,0.1,0,0.0
1537,54,4,16108,30,3,0.1,0,0.0
1538,54,4,16108,40,4,0.1,1,0.025
1539,54,4,16108,50,6,0.12,2,0.04
1540,54,5,20135,10,2,0.2,0,0.0
1541,54,5,20135,20,2,0.1,0,0.0
1542,54,5,20135,30,4,0.13333333333333333,1,0.03333333333333333
1543,54,5,20135,40,4,0.1,1,0.025
1544,54,5,20135,50,6,0.12,2,0.04
1545,54,6,24162,10,2,0.2,0,0.0
1546,54,6,24162,20,2,0.1,0,0.0
1547,54,6,24162,30,3,0.1,0,0.0
1548,54,6,24162,40,3,0.075,0,0.0
1549,54,6,24162,50,5,0.1,2,0.04
1550,54,7,28189,10,2,0.2,0,0.0
1551,54,7,28189,20,2,0.1,0,0.0
1552,54,7,28189,30,3,0.1,0,0.0
1553,54,7,28189,40,4,0.1,1,0.025
1554,54,7,28189,50,5,0.1,2,0.04
1555,54,8,32216,10,2,0.2,0,0.0
1556,54,8,32216,20,2,0.1,0,0.0
1557,54,8,32216,30,3,0.1,0,0.0
1558,54,8,32216,40,5,0.125,2,0.05
1559,54,8,32216,50,5,0.1,2,0.04
1560,54,9,36243,10,2,0.2,0,0.0
1561,54,9,36243,20,2,0.1,0,0.0
1562,54,9,36243,30,3,0.1,0,0.0
1563,54,9,36243,40,5,0.125,2,0.05
1564,54,9,36243,50,5,0.1,2,0.04
1565,54,10,40270,10,2,0.2,0,0.0
1566,54,10,40270,20,2,0.1,0,0.0
1567,54,10,40270,30,3,0.1,0,0.0
1568,54,10,40270,40,5,0.125,2,0.05
1569,54,10,40270,50,5,0.1,2,0.04
1570,54,11,44297,10,2,0.2,0,0.0
1571,54,11,44297,20,2,0.1,0,0.0
1572,54,11,44297,30,4,0.13333333333333333,1,0.03333333333333333
1573,54,11,44297,40,5,0.125,2,0.05
1574,54,11,44297,50,5,0.1,2,0.04
1575,54,12,48324,10,2,0.2,0,0.0
1576,54,12,48324,20,2,0.1,0,0.0
1577,54,12,48324,30,4,0.13333333333333333,1,0.03333333333333333
1578,54,12,48324,40,5,0.125,2,0.05
1579,54,12,48324,50,5,0.1,2,0.04
1580,54,13,52351,10,2,0.2,0,0.0
1581,54,13,52351,20,3,0.15,0,0.0
1582,54,13,52351,30,4,0.13333333333333333,1,0.03333333333333333
1583,54,13,52351,40,5,0.125,2,0.05
1584,54,13,52351,50,5,0.1,2,0.04
1585,54,14,56378,10,2,0.2,0,0.0
1586,54,14,56378,20,3,0.15,0,0.0
1587,54,14,56378,30,4,0.13333333333333333,1,0.03333333333333333
1588,54,14,56378,40,5,0.125,2,0.05
1589,54,14,56378,50,5,0.1,2,0.04
1590,54,15,60405,10,2,0.2,0,0.0
1591,54,15,60405,20,3,0.15,0,0.0
1592,54,15,60405,30,4,0.13333333333333333,1,0.03333333333333333
1593,54,15,60405,40,5,0.125,2,0.05
1594,54,15,60405,50,5,0.1,2,0.04
1595,54,16,64432,10,2,0.2,0,0.0
1596,54,16,64432,20,3,0.15,0,0.0
1597,54,16,64432,30,4,0.13333333333333333,1,0.03333333333333333
1598,54,16,64432,40,5,0.125,2,0.05
1599,54,16,64432,50,5,0.1,2,0.04
1600,54,17,68459,10,2,0.2,0,0.0
1601,54,17,68459,20,2,0.1,0,0.0
1602,54,17,68459,30,4,0.13333333333333333,1,0.03333333333333333
1603,54,17,68459,40,5,0.125,2,0.05
1604,54,17,68459,50,5,0.1,2,0.04
1605,54,18,72486,10,2,0.2,0,0.0
1606,54,18,72486,20,3,0.15,0,0.0
1607,54,18,72486,30,4,0.13333333333333333,1,0.03333333333333333
1608,54,18,72486,40,5,0.125,2,0.05
1609,54,18,72486,50,5,0.1,2,0.04
1610,54,19,76513,10,2,0.2,0,0.0
1611,54,19,76513,20,3,0.15,0,0.0
1612,54,19,76513,30,4,0.13333333333333333,1,0.03333333333333333
1613,54,19,76513,40,5,0.125,2,0.05
1614,54,19,76513,50,5,0.1,2,0.04
1615,61,1,4027,10,0,0.0,0,0.0
1616,61,1,4027,20,4,0.2,0,0.0
1617,61,1,4027,30,4,0.13333333333333333,0,0.0
1618,61,1,4027,40,4,0.1,1,0.025
1619,61,1,4027,50,4,0.08,1,0.02
1620,61,2,8054,10,2,0.2,0,0.0
1621,61,2,8054,20,3,0.15,0,0.0
1622,61,2,8054,30,3,0.1,0,0.0
1623,61,2,8054,40,4,0.1,0,0.0
1624,61,2,8054,50,4,0.08,1,0.02
1625,61,3,12081,10,2,0.2,0,0.0
1626,61,3,12081,20,3,0.15,0,0.0
1627,61,3,12081,30,3,0.1,0,0.0
1628,61,3,12081,40,4,0.1,0,0.0
1629,61,3,12081,50,4,0.08,1,0.02
1630,61,4,16108,10,2,0.2,0,0.0
1631,61,4,16108,20,3,0.15,0,0.0
1632,61,4,16108,30,3,0.1,0,0.0
1633,61,4,16108,40,4,0.1,0,0.0
1634,61,4,16108,50,4,0.08,1,0.02
1635,61,5,20135,10,2,0.2,0,0.0
1636,61,5,20135,20,3,0.15,0,0.0
1637,61,5,20135,30,3,0.1,0,0.0
1638,61,5,20135,40,4,0.1,0,0.0
1639,61,5,20135,50,4,0.08,0,0.0
1640,61,6,24162,10,3,0.3,0,0.0
1641,61,6,24162,20,3,0.15,0,0.0
1642,61,6,24162,30,3,0.1,0,0.0
1643,61,6,24162,40,4,0.1,0,0.0
1644,61,6,24162,50,4,0.08,0,0.0
1645,61,7,28189,10,3,0.3,0,0.0
1646,61,7,28189,20,3,0.15,0,0.0
1647,61,7,28189,30,3,0.1,0,0.0
1648,61,7,28189,40,4,0.1,0,0.0
1649,61,7,28189,50,4,0.08,0,0.0
1650,61,8,32216,10,3,0.3,0,0.0
1651,61,8,32216,20,3,0.15,0,0.0
1652,61,8,32216,30,3,0.1,0,0.0
1653,61,8,32216,40,3,0.075,0,0.0
1654,61,8,32216,50,4,0.08,0,0.0
1655,61,9,36243,10,3,0.3,0,0.0
1656,61,9,36243,20,3,0.15,0,0.0
1657,61,9,36243,30,3,0.1,0,0.0
1658,61,9,36243,40,3,0.075,0,0.0
1659,61,9,36243,50,4,0.08,0,0.0
1660,61,10,40270,10,3,0.3,0,0.0
1661,61,10,40270,20,3,0.15,0,0.0
1662,61,10,40270,30,3,0.1,0,0.0
1663,61,10,40270,40,3,0.075,0,0.0
1664,61,10,40270,50,4,0.08,0,0.0
1665,61,11,44297,10,3,0.3,0,0.0
1666,61,11,44297,20,3,0.15,0,0.0
1667,61,11,44297,30,3,0.1,0,0.0
1668,61,11,44297,40,3,0.075,0,0.0
1669,61,11,44297,50,4,0.08,0,0.0
1670,61,12,48324,10,3,0.3,0,0.0
1671,61,12,48324,20,3,0.15,0,0.0
1672,61,12,48324,30,3,0.1,0,0.0
1673,61,12,48324,40,3,0.075,0,0.0
1674,61,12,48324,50,4,0.08,0,0.0
1675,61,13,52351,10,3,0.3,0,0.0
1676,61,13,52351,20,3,0.15,0,0.0
1677,61,13,52351,30,3,0.1,0,0.0
1678,61,13,52351,40,3,0.075,0,0.0
1679,61,13,52351,50,4,0.08,0,0.0
1680,61,14,56378,10,3,0.3,0,0.0
1681,61,14,56378,20,3,0.15,0,0.0
1682,61,14,56378,30,3,0.1,0,0.0
1683,61,14,56378,40,3,0.075,0,0.0
1684,61,14,56378,50,4,0.08,0,0.0
1685,61,15,60405,10,3,0.3,0,0.0
1686,61,15,60405,20,3,0.15,0,0.0
1687,61,15,60405,30,3,0.1,0,0.0
1688,61,15,60405,40,3,0.075,0,0.0
1689,61,15,60405,50,4,0.08,0,0.0
1690,61,16,64432,10,3,0.3,0,0.0
1691,61,16,64432,20,3,0.15,0,0.0
1692,61,16,64432,30,3,0.1,0,0.0
1693,61,16,64432,40,3,0.075,0,0.0
1694,61,16,64432,50,4,0.08,0,0.0
1695,61,17,68459,10,3,0.3,0,0.0
1696,61,17,68459,20,3,0.15,0,0.0
1697,61,17,68459,30,3,0.1,0,0.0
1698,61,17,68459,40,3,0.075,0,0.0
1699,61,17,68459,50,4,0.08,0,0.0
1700,61,18,72486,10,3,0.3,0,0.0
1701,61,18,72486,20,3,0.15,0,0.0
1702,61,18,72486,30,3,0.1,0,0.0
1703,61,18,72486,40,3,0.075,0,0.0
1704,61,18,72486,50,4,0.08,0,0.0
1705,61,19,76513,10,3,0.3,0,0.0
1706,61,19,76513,20,3,0.15,0,0.0
1707,61,19,76513,30,3,0.1,0,0.0
1708,61,19,76513,40,3,0.075,0,0.0
1709,61,19,76513,50,4,0.08,0,0.0
1710,63,1,4027,10,0,0.0,0,0.0
1711,63,1,4027,20,0,0.0,0,0.0
1712,63,1,4027,30,0,0.0,1,0.03333333333333333
1713,63,1,4027,40,0,0.0,1,0.025
1714,63,1,4027,50,0,0.0,1,0.02
1715,63,2,8054,10,0,0.0,0,0.0
1716,63,2,8054,20,0,0.0,0,0.0
1717,63,2,8054,30,0,0.0,1,0.03333333333333333
1718,63,2,8054,40,0,0.0,1,0.025
1719,63,2,8054,50,0,0.0,1,0.02
1720,63,3,12081,10,0,0.0,0,0.0
1721,63,3,12081,20,0,0.0,0,0.0
1722,63,3,12081,30,0,0.0,0,0.0
1723,63,3,12081,40,0,0.0,1,0.025
1724,63,3,12081,50,0,0.0,1,0.02
1725,63,4,16108,10,0,0.0,0,0.0
1726,63,4,16108,20,0,0.0,0,0.0
1727,63,4,16108,30,0,0.0,0,0.0
1728,63,4,16108,40,0,0.0,1,0.025
1729,63,4,16108,50,0,0.0,1,0.02
1730,63,5,20135,10,0,0.0,0,0.0
1731,63,5,20135,20,0,0.0,0,0.0
1732,63,5,20135,30,0,0.0,0,0.0
1733,63,5,20135,40,1,0.025,0,0.0
1734,63,5,20135,50,1,0.02,0,0.0
1735,63,6,24162,10,0,0.0,0,0.0
1736,63,6,24162,20,0,0.0,0,0.0
1737,63,6,24162,30,0,0.0,0,0.0
1738,63,6,24162,40,0,0.0,0,0.0
1739,63,6,24162,50,1,0.02,0,0.0
1740,63,7,28189,10,0,0.0,0,0.0
1741,63,7,28189,20,0,0.0,0,0.0
1742,63,7,28189,30,0,0.0,0,0.0
1743,63,7,28189,40,0,0.0,0,0.0
1744,63,7,28189,50,1,0.02,0,0.0
1745,63,8,32216,10,0,0.0,0,0.0
1746,63,8,32216,20,0,0.0,0,0.0
1747,63,8,32216,30,0,0.0,0,0.0
1748,63,8,32216,40,0,0.0,0,0.0
1749,63,8,32216,50,0,0.0,0,0.0
1750,63,9,36243,10,0,0.0,0,0.0
1751,63,9,36243,20,0,0.0,0,0.0
1752,63,9,36243,30,0,0.0,0,0.0
1753,63,9,36243,40,0,0.0,0,0.0
1754,63,9,36243,50,1,0.02,0,0.0
1755,63,10,40270,10,0,0.0,0,0.0
1756,63,10,40270,20,0,0.0,0,0.0
1757,63,10,40270,30,0,0.0,0,0.0
1758,63,10,40270,40,0,0.0,0,0.0
1759,63,10,40270,50,1,0.02,0,0.0
1760,63,11,44297,10,0,0.0,0,0.0
1761,63,11,44297,20,0,0.0,0,0.0
1762,63,11,44297,30,0,0.0,0,0.0
1763,63,11,44297,40,0,0.0,0,0.0
1764,63,11,44297,50,1,0.02,0,0.0
1765,63,12,48324,10,0,0.0,0,0.0
1766,63,12,48324,20,0,0.0,0,0.0
1767,63,12,48324,30,0,0.0,0,0.0
1768,63,12,48324,40,0,0.0,0,0.0
1769,63,12,48324,50,0,0.0,0,0.0
1770,63,13,52351,10,0,0.0,0,0.0
1771,63,13,52351,20,0,0.0,0,0.0
1772,63,13,52351,30,0,0.0,0,0.0
1773,63,13,52351,40,0,0.0,0,0.0
1774,63,13,52351,50,1,0.02,0,0.0
1775,63,14,56378,10,0,0.0,0,0.0
1776,63,14,56378,20,0,0.0,0,0.0
1777,63,14,56378,30,0,0.0,0,0.0
1778,63,14,56378,40,1,0.025,0,0.0
1779,63,14,56378,50,1,0.02,0,0.0
1780,63,15,60405,10,0,0.0,0,0.0
1781,63,15,60405,20,0,0.0,0,0.0
1782,63,15,60405,30,0,0.0,0,0.0
1783,63,15,60405,40,1,0.025,0,0.0
1784,63,15,60405,50,1,0.02,0,0.0
1785,63,16,64432,10,0,0.0,0,0.0
1786,63,16,64432,20,0,0.0,0,0.0
1787,63,16,64432,30,0,0.0,0,0.0
1788,63,16,64432,40,1,0.025,1,0.025
1789,63,16,64432,50,1,0.02,1,0.02
1790,63,17,68459,10,0,0.0,0,0.0
1791,63,17,68459,20,0,0.0,0,0.0
1792,63,17,68459,30,0,0.0,0,0.0
1793,63,17,68459,40,1,0.025,1,0.025
1794,63,17,68459,50,1,0.02,1,0.02
1795,63,18,72486,10,0,0.0,0,0.0
1796,63,18,72486,20,0,0.0,0,0.0
1797,63,18,72486,30,0,0.0,0,0.0
1798,63,18,72486,40,1,0.025,1,0.025
1799,63,18,72486,50,1,0.02,1,0.02
1800,63,19,76513,10,0,0.0,0,0.0
1801,63,19,76513,20,0,0.0,0,0.0
1802,63,19,76513,30,0,0.0,0,0.0
1803,63,19,76513,40,1,0.025,1,0.025
1804,63,19,76513,50,1,0.02,1,0.02
1805,65,1,4027,10,0,0.0,0,0.0
1806,65,1,4027,20,0,0.0,0,0.0
1807,65,1,4027,30,2,0.06666666666666667,0,0.0
1808,65,1,4027,40,2,0.05,0,0.0
1809,65,1,4027,50,2,0.04,0,0.0
1810,65,2,8054,10,0,0.0,0,0.0
1811,65,2,8054,20,0,0.0,0,0.0
1812,65,2,8054,30,0,0.0,0,0.0
1813,65,2,8054,40,0,0.0,0,0.0
1814,65,2,8054,50,1,0.02,0,0.0
1815,65,3,12081,10,0,0.0,0,0.0
1816,65,3,12081,20,0,0.0,0,0.0
1817,65,3,12081,30,0,0.0,0,0.0
1818,65,3,12081,40,1,0.025,0,0.0
1819,65,3,12081,50,1,0.02,0,0.0
1820,65,4,16108,10,0,0.0,0,0.0
1821,65,4,16108,20,0,0.0,0,0.0
1822,65,4,16108,30,0,0.0,0,0.0
1823,65,4,16108,40,1,0.025,0,0.0
1824,65,4,16108,50,1,0.02,0,0.0
1825,65,5,20135,10,0,0.0,0,0.0
1826,65,5,20135,20,0,0.0,0,0.0
1827,65,5,20135,30,0,0.0,0,0.0
1828,65,5,20135,40,1,0.025,0,0.0
1829,65,5,20135,50,1,0.02,0,0.0
1830,65,6,24162,10,0,0.0,0,0.0
1831,65,6,24162,20,0,0.0,0,0.0
1832,65,6,24162,30,0,0.0,0,0.0
1833,65,6,24162,40,1,0.025,0,0.0
1834,65,6,24162,50,1,0.02,0,0.0
1835,65,7,28189,10,0,0.0,0,0.0
1836,65,7,28189,20,0,0.0,0,0.0
1837,65,7,28189,30,0,0.0,0,0.0
1838,65,7,28189,40,1,0.025,0,0.0
1839,65,7,28189,50,1,0.02,0,0.0
1840,65,8,32216,10,0,0.0,0,0.0
1841,65,8,32216,20,0,0.0,0,0.0
1842,65,8,32216,30,0,0.0,0,0.0
1843,65,8,32216,40,0,0.0,0,0.0
1844,65,8,32216,50,1,0.02,0,0.0
1845,65,9,36243,10,0,0.0,0,0.0
1846,65,9,36243,20,0,0.0,0,0.0
1847,65,9,36243,30,0,0.0,0,0.0
1848,65,9,36243,40,0,0.0,0,0.0
1849,65,9,36243,50,0,0.0,0,0.0
1850,65,10,40270,10,0,0.0,0,0.0
1851,65,10,40270,20,0,0.0,0,0.0
1852,65,10,40270,30,0,0.0,0,0.0
1853,65,10,40270,40,0,0.0,0,0.0
1854,65,10,40270,50,0,0.0,0,0.0
1855,65,11,44297,10,0,0.0,0,0.0
1856,65,11,44297,20,0,0.0,0,0.0
1857,65,11,44297,30,0,0.0,0,0.0
1858,65,11,44297,40,0,0.0,0,0.0
1859,65,11,44297,50,0,0.0,0,0.0
1860,65,12,48324,10,0,0.0,0,0.0
1861,65,12,48324,20,0,0.0,0,0.0
1862,65,12,48324,30,0,0.0,0,0.0
1863,65,12,48324,40,0,0.0,0,0.0
1864,65,12,48324,50,0,0.0,0,0.0
1865,65,13,52351,10,0,0.0,0,0.0
1866,65,13,52351,20,0,0.0,0,0.0
1867,65,13,52351,30,0,0.0,0,0.0
1868,65,13,52351,40,0,0.0,0,0.0
1869,65,13,52351,50,1,0.02,0,0.0
1870,65,14,56378,10,0,0.0,0,0.0
1871,65,14,56378,20,0,0.0,0,0.0
1872,65,14,56378,30,0,0.0,0,0.0
1873,65,14,56378,40,1,0.025,0,0.0
1874,65,14,56378,50,1,0.02,0,0.0
1875,65,15,60405,10,0,0.0,0,0.0
1876,65,15,60405,20,0,0.0,0,0.0
1877,65,15,60405,30,0,0.0,0,0.0
1878,65,15,60405,40,1,0.025,0,0.0
1879,65,15,60405,50,1,0.02,0,0.0
1880,65,16,64432,10,0,0.0,0,0.0
1881,65,16,64432,20,0,0.0,0,0.0
1882,65,16,64432,30,0,0.0,0,0.0
1883,65,16,64432,40,1,0.025,0,0.0
1884,65,16,64432,50,1,0.02,0,0.0
1885,65,17,68459,10,0,0.0,0,0.0
1886,65,17,68459,20,0,0.0,0,0.0
1887,65,17,68459,30,0,0.0,0,0.0
1888,65,17,68459,40,1,0.025,0,0.0
1889,65,17,68459,50,1,0.02,0,0.0
1890,65,18,72486,10,0,0.0,0,0.0
1891,65,18,72486,20,0,0.0,0,0.0
1892,65,18,72486,30,0,0.0,0,0.0
1893,65,18,72486,40,1,0.025,0,0.0
1894,65,18,72486,50,1,0.02,0,0.0
1895,65,19,76513,10,0,0.0,0,0.0
1896,65,19,76513,20,0,0.0,0,0.0
1897,65,19,76513,30,0,0.0,0,0.0
1898,65,19,76513,40,1,0.025,0,0.0
1899,65,19,76513,50,1,0.02,0,0.0
1900,68,1,4027,10,2,0.2,1,0.1
1901,68,1,4027,20,3,0.15,2,0.1
1902,68,1,4027,30,6,0.2,3,0.1
1903,68,1,4027,40,8,0.2,3,0.075
1904,68,1,4027,50,10,0.2,3,0.06
1905,68,2,8054,10,2,0.2,0,0.0
1906,68,2,8054,20,3,0.15,2,0.1
1907,68,2,8054,30,4,0.13333333333333333,3,0.1
1908,68,2,8054,40,8,0.2,3,0.075
1909,68,2,8054,50,12,0.24,3,0.06
1910,68,3,12081,10,2,0.2,0,0.0
1911,68,3,12081,20,3,0.15,1,0.05
1912,68,3,12081,30,6,0.2,3,0.1
1913,68,3,12081,40,7,0.175,3,0.075
1914,68,3,12081,50,9,0.18,3,0.06
1915,68,4,16108,10,2,0.2,0,0.0
1916,68,4,16108,20,3,0.15,1,0.05
1917,68,4,16108,30,6,0.2,3,0.1
1918,68,4,16108,40,6,0.15,3,0.075
1919,68,4,16108,50,7,0.14,3,0.06
1920,68,5,20135,10,2,0.2,0,0.0
1921,68,5,20135,20,3,0.15,1,0.05
1922,68,5,20135,30,6,0.2,3,0.1
1923,68,5,20135,40,6,0.15,3,0.075
1924,68,5,20135,50,7,0.14,3,0.06
1925,68,6,24162,10,2,0.2,0,0.0
1926,68,6,24162,20,3,0.15,1,0.05
1927,68,6,24162,30,6,0.2,3,0.1
1928,68,6,24162,40,6,0.15,3,0.075
1929,68,6,24162,50,9,0.18,3,0.06
1930,68,7,28189,10,2,0.2,0,0.0
1931,68,7,28189,20,3,0.15,1,0.05
1932,68,7,28189,30,6,0.2,3,0.1
1933,68,7,28189,40,7,0.175,3,0.075
1934,68,7,28189,50,9,0.18,3,0.06
1935,68,8,32216,10,2,0.2,0,0.0
1936,68,8,32216,20,3,0.15,1,0.05
1937,68,8,32216,30,6,0.2,3,0.1
1938,68,8,32216,40,7,0.175,3,0.075
1939,68,8,32216,50,10,0.2,3,0.06
1940,68,9,36243,10,2,0.2,0,0.0
1941,68,9,36243,20,3,0.15,1,0.05
1942,68,9,36243,30,6,0.2,3,0.1
1943,68,9,36243,40,7,0.175,3,0.075
1944,68,9,36243,50,10,0.2,3,0.06
1945,68,10,40270,10,2,0.2,0,0.0
1946,68,10,40270,20,3,0.15,1,0.05
1947,68,10,40270,30,6,0.2,3,0.1
1948,68,10,40270,40,7,0.175,3,0.075
1949,68,10,40270,50,10,0.2,3,0.06
1950,68,11,44297,10,1,0.1,1,0.1
1951,68,11,44297,20,3,0.15,2,0.1
1952,68,11,44297,30,6,0.2,3,0.1
1953,68,11,44297,40,7,0.175,3,0.075
1954,68,11,44297,50,8,0.16,3,0.06
1955,68,12,48324,10,1,0.1,1,0.1
1956,68,12,48324,20,3,0.15,2,0.1
1957,68,12,48324,30,6,0.2,3,0.1
1958,68,12,48324,40,7,0.175,3,0.075
1959,68,12,48324,50,8,0.16,3,0.06
1960,68,13,52351,10,2,0.2,1,0.1
1961,68,13,52351,20,3,0.15,2,0.1
1962,68,13,52351,30,6,0.2,3,0.1
1963,68,13,52351,40,7,0.175,3,0.075
1964,68,13,52351,50,10,0.2,3,0.06
1965,68,14,56378,10,2,0.2,1,0.1
1966,68,14,56378,20,3,0.15,2,0.1
1967,68,14,56378,30,6,0.2,3,0.1
1968,68,14,56378,40,7,0.175,3,0.075
1969,68,14,56378,50,10,0.2,3,0.06
1970,68,15,60405,10,2,0.2,1,0.1
1971,68,15,60405,20,3,0.15,2,0.1
1972,68,15,60405,30,6,0.2,3,0.1
1973,68,15,60405,40,7,0.175,3,0.075
1974,68,15,60405,50,10,0.2,3,0.06
1975,68,16,64432,10,2,0.2,1,0.1
1976,68,16,64432,20,3,0.15,2,0.1
1977,68,16,64432,30,6,0.2,3,0.1
1978,68,16,64432,40,7,0.175,3,0.075
1979,68,16,64432,50,10,0.2,3,0.06
1980,68,17,68459,10,2,0.2,1,0.1
1981,68,17,68459,20,3,0.15,2,0.1
1982,68,17,68459,30,6,0.2,3,0.1
1983,68,17,68459,40,7,0.175,3,0.075
1984,68,17,68459,50,10,0.2,3,0.06
1985,68,18,72486,10,2,0.2,1,0.1
1986,68,18,72486,20,3,0.15,2,0.1
1987,68,18,72486,30,6,0.2,3,0.1
1988,68,18,72486,40,7,0.175,3,0.075
1989,68,18,72486,50,11,0.22,3,0.06
1990,68,19,76513,10,2,0.2,1,0.1
1991,68,19,76513,20,3,0.15,2,0.1
1992,68,19,76513,30,6,0.2,3,0.1
1993,68,19,76513,40,7,0.175,3,0.075
1994,68,19,76513,50,10,0.2,3,0.06
1995,70,1,4027,10,2,0.2,0,0.0
1996,70,1,4027,20,2,0.1,0,0.0
1997,70,1,4027,30,2,0.06666666666666667,0,0.0
1998,70,1,4027,40,2,0.05,1,0.025
1999,70,1,4027,50,3,0.06,1,0.02
2000,70,2,8054,10,2,0.2,1,0.1
2001,70,2,8054,20,2,0.1,1,0.05
2002,70,2,8054,30,2,0.06666666666666667,1,0.03333333333333333
2003,70,2,8054,40,3,0.075,1,0.025
2004,70,2,8054,50,3,0.06,1,0.02
2005,70,3,12081,10,2,0.2,1,0.1
2006,70,3,12081,20,2,0.1,1,0.05
2007,70,3,12081,30,3,0.1,1,0.03333333333333333
2008,70,3,12081,40,3,0.075,1,0.025
2009,70,3,12081,50,3,0.06,1,0.02
2010,70,4,16108,10,2,0.2,1,0.1
2011,70,4,16108,20,2,0.1,1,0.05
2012,70,4,16108,30,2,0.06666666666666667,1,0.03333333333333333
2013,70,4,16108,40,3,0.075,1,0.025
2014,70,4,16108,50,3,0.06,1,0.02
2015,70,5,20135,10,2,0.2,1,0.1
2016,70,5,20135,20,2,0.1,1,0.05
2017,70,5,20135,30,2,0.06666666666666667,1,0.03333333333333333
2018,70,5,20135,40,3,0.075,1,0.025
2019,70,5,20135,50,3,0.06,1,0.02
2020,70,6,24162,10,2,0.2,1,0.1
2021,70,6,24162,20,2,0.1,1,0.05
2022,70,6,24162,30,2,0.06666666666666667,1,0.03333333333333333
2023,70,6,24162,40,3,0.075,1,0.025
2024,70,6,24162,50,3,0.06,1,0.02
2025,70,7,28189,10,2,0.2,1,0.1
2026,70,7,28189,20,2,0.1,1,0.05
2027,70,7,28189,30,2,0.06666666666666667,1,0.03333333333333333
2028,70,7,28189,40,3,0.075,1,0.025
2029,70,7,28189,50,3,0.06,1,0.02
2030,70,8,32216,10,2,0.2,1,0.1
2031,70,8,32216,20,2,0.1,1,0.05
2032,70,8,32216,30,2,0.06666666666666667,1,0.03333333333333333
2033,70,8,32216,40,2,0.05,1,0.025
2034,70,8,32216,50,3,0.06,1,0.02
2035,70,9,36243,10,2,0.2,1,0.1
2036,70,9,36243,20,2,0.1,1,0.05
2037,70,9,36243,30,2,0.06666666666666667,1,0.03333333333333333
2038,70,9,36243,40,2,0.05,1,0.025
2039,70,9,36243,50,3,0.06,1,0.02
2040,70,10,40270,10,2,0.2,1,0.1
2041,70,10,40270,20,2,0.1,1,0.05
2042,70,10,40270,30,2,0.06666666666666667,1,0.03333333333333333
2043,70,10,40270,40,2,0.05,1,0.025
2044,70,10,40270,50,3,0.06,1,0.02
2045,70,11,44297,10,2,0.2,1,0.1
2046,70,11,44297,20,2,0.1,1,0.05
2047,70,11,44297,30,2,0.06666666666666667,1,0.03333333333333333
2048,70,11,44297,40,2,0.05,1,0.025
2049,70,11,44297,50,3,0.06,1,0.02
2050,70,12,48324,10,2,0.2,1,0.1
2051,70,12,48324,20,2,0.1,1,0.05
2052,70,12,48324,30,2,0.06666666666666667,1,0.03333333333333333
2053,70,12,48324,40,2,0.05,1,0.025
2054,70,12,48324,50,3,0.06,1,0.02
2055,70,13,52351,10,2,0.2,1,0.1
2056,70,13,52351,20,2,0.1,1,0.05
2057,70,13,52351,30,2,0.06666666666666667,1,0.03333333333333333
2058,70,13,52351,40,2,0.05,1,0.025
2059,70,13,52351,50,3,0.06,1,0.02
2060,70,14,56378,10,2,0.2,1,0.1
2061,70,14,56378,20,2,0.1,1,0.05
2062,70,14,56378,30,2,0.06666666666666667,1,0.03333333333333333
2063,70,14,56378,40,2,0.05,1,0.025
2064,70,14,56378,50,3,0.06,1,0.02
2065,70,15,60405,10,2,0.2,1,0.1
2066,70,15,60405,20,2,0.1,1,0.05
2067,70,15,60405,30,2,0.06666666666666667,1,0.03333333333333333
2068,70,15,60405,40,2,0.05,1,0.025
2069,70,15,60405,50,3,0.06,1,0.02
2070,70,16,64432,10,2,0.2,1,0.1
2071,70,16,64432,20,2,0.1,1,0.05
2072,70,16,64432,30,2,0.06666666666666667,1,0.03333333333333333
2073,70,16,64432,40,2,0.05,1,0.025
2074,70,16,64432,50,3,0.06,1,0.02
2075,70,17,68459,10,2,0.2,1,0.1
2076,70,17,68459,20,2,0.1,1,0.05
2077,70,17,68459,30,2,0.06666666666666667,1,0.03333333333333333
2078,70,17,68459,40,2,0.05,1,0.025
2079,70,17,68459,50,3,0.06,1,0.02
2080,70,18,72486,10,2,0.2,1,0.1
2081,70,18,72486,20,2,0.1,1,0.05
2082,70,18,72486,30,2,0.06666666666666667,1,0.03333333333333333
2083,70,18,72486,40,2,0.05,1,0.025
2084,70,18,72486,50,2,0.04,1,0.02
2085,70,19,76513,10,2,0.2,1,0.1
2086,70,19,76513,20,2,0.1,1,0.05
2087,70,19,76513,30,2,0.06666666666666667,1,0.03333333333333333
2088,70,19,76513,40,2,0.05,1,0.025
2089,70,19,76513,50,2,0.04,1,0.02
2090,74,1,4027,10,7,0.7,1,0.1
2091,74,1,4027,20,10,0.5,3,0.15
2092,74,1,4027,30,14,0.4666666666666667,3,0.1
2093,74,1,4027,40,21,0.525,3,0.075
2094,74,1,4027,50,22,0.44,3,0.06
2095,74,2,8054,10,7,0.7,1,0.1
2096,74,2,8054,20,10,0.5,3,0.15
2097,74,2,8054,30,14,0.4666666666666667,3,0.1
2098,74,2,8054,40,20,0.5,3,0.075
2099,74,2,8054,50,22,0.44,3,0.06
2100,74,3,12081,10,7,0.7,1,0.1
2101,74,3,12081,20,10,0.5,3,0.15
2102,74,3,12081,30,14,0.4666666666666667,3,0.1
2103,74,3,12081,40,20,0.5,3,0.075
2104,74,3,12081,50,22,0.44,3,0.06
2105,74,4,16108,10,6,0.6,1,0.1
2106,74,4,16108,20,10,0.5,3,0.15
2107,74,4,16108,30,12,0.4,3,0.1
2108,74,4,16108,40,18,0.45,3,0.075
2109,74,4,16108,50,22,0.44,3,0.06
2110,74,5,20135,10,7,0.7,1,0.1
2111,74,5,20135,20,10,0.5,3,0.15
2112,74,5,20135,30,12,0.4,3,0.1
2113,74,5,20135,40,15,0.375,3,0.075
2114,74,5,20135,50,20,0.4,3,0.06
2115,74,6,24162,10,7,0.7,1,0.1
2116,74,6,24162,20,11,0.55,3,0.15
2117,74,6,24162,30,11,0.36666666666666664,3,0.1
2118,74,6,24162,40,14,0.35,3,0.075
2119,74,6,24162,50,17,0.34,3,0.06
2120,74,7,28189,10,6,0.6,1,0.1
2121,74,7,28189,20,11,0.55,3,0.15
2122,74,7,28189,30,11,0.36666666666666664,3,0.1
2123,74,7,28189,40,14,0.35,3,0.075
2124,74,7,28189,50,17,0.34,3,0.06
2125,74,8,32216,10,6,0.6,1,0.1
2126,74,8,32216,20,11,0.55,3,0.15
2127,74,8,32216,30,11,0.36666666666666664,3,0.1
2128,74,8,32216,40,14,0.35,3,0.075
2129,74,8,32216,50,16,0.32,3,0.06
2130,74,9,36243,10,6,0.6,1,0.1
2131,74,9,36243,20,10,0.5,3,0.15
2132,74,9,36243,30,11,0.36666666666666664,3,0.1
2133,74,9,36243,40,15,0.375,3,0.075
2134,74,9,36243,50,15,0.3,3,0.06
2135,74,10,40270,10,6,0.6,1,0.1
2136,74,10,40270,20,10,0.5,3,0.15
2137,74,10,40270,30,12,0.4,3,0.1
2138,74,10,40270,40,15,0.375,3,0.075
2139,74,10,40270,50,19,0.38,3,0.06
2140,74,11,44297,10,5,0.5,1,0.1
2141,74,11,44297,20,10,0.5,3,0.15
2142,74,11,44297,30,11,0.36666666666666664,3,0.1
2143,74,11,44297,40,15,0.375,3,0.075
2144,74,11,44297,50,15,0.3,3,0.06
2145,74,12,48324,10,5,0.5,1,0.1
2146,74,12,48324,20,11,0.55,3,0.15
2147,74,12,48324,30,11,0.36666666666666664,3,0.1
2148,74,12,48324,40,14,0.35,3,0.075
2149,74,12,48324,50,15,0.3,3,0.06
2150,74,13,52351,10,6,0.6,1,0.1
2151,74,13,52351,20,11,0.55,3,0.15
2152,74,13,52351,30,11,0.36666666666666664,3,0.1
2153,74,13,52351,40,12,0.3,3,0.075
2154,74,13,52351,50,14,0.28,3,0.06
2155,74,14,56378,10,6,0.6,1,0.1
2156,74,14,56378,20,11,0.55,3,0.15
2157,74,14,56378,30,11,0.36666666666666664,3,0.1
2158,74,14,56378,40,12,0.3,3,0.075
2159,74,14,56378,50,14,0.28,3,0.06
2160,74,15,60405,10,6,0.6,1,0.1
2161,74,15,60405,20,11,0.55,3,0.15
2162,74,15,60405,30,11,0.36666666666666664,3,0.1
2163,74,15,60405,40,12,0.3,3,0.075
2164,74,15,60405,50,14,0.28,3,0.06
2165,74,16,64432,10,5,0.5,1,0.1
2166,74,16,64432,20,11,0.55,3,0.15
2167,74,16,64432,30,16,0.5333333333333333,3,0.1
2168,74,16,64432,40,18,0.45,3,0.075
2169,74,16,64432,50,19,0.38,3,0.06
2170,74,17,68459,10,5,0.5,1,0.1
2171,74,17,68459,20,10,0.5,2,0.1
2172,74,17,68459,30,16,0.5333333333333333,3,0.1
2173,74,17,68459,40,17,0.425,3,0.075
2174,74,17,68459,50,18,0.36,3,0.06
2175,74,18,72486,10,7,0.7,1,0.1
2176,74,18,72486,20,8,0.4,2,0.1
2177,74,18,72486,30,14,0.4666666666666667,2,0.06666666666666667
2178,74,18,72486,40,18,0.45,4,0.1
2179,74,18,72486,50,18,0.36,4,0.08
2180,74,19,76513,10,7,0.7,1,0.1
2181,74,19,76513,20,9,0.45,2,0.1
2182,74,19,76513,30,14,0.4666666666666667,2,0.06666666666666667
2183,74,19,76513,40,18,0.45,4,0.1
2184,74,19,76513,50,18,0.36,4,0.08
2185,78,1,4027,10,8,0.8,1,0.1
2186,78,1,4027,20,9,0.45,1,0.05
2187,78,1,4027,30,10,0.3333333333333333,1,0.03333333333333333
2188,78,1,4027,40,13,0.325,2,0.05
2189,78,1,4027,50,14,0.28,2,0.04
2190,78,2,8054,10,7,0.7,1,0.1
2191,78,2,8054,20,9,0.45,1,0.05
2192,78,2,8054,30,9,0.3,1,0.03333333333333333
2193,78,2,8054,40,10,0.25,1,0.025
2194,78,2,8054,50,13,0.26,2,0.04
2195,78,3,12081,10,7,0.7,1,0.1
2196,78,3,12081,20,9,0.45,1,0.05
2197,78,3,12081,30,9,0.3,1,0.03333333333333333
2198,78,3,12081,40,11,0.275,1,0.025
2199,78,3,12081,50,13,0.26,2,0.04
2200,78,4,16108,10,6,0.6,0,0.0
2201,78,4,16108,20,8,0.4,1,0.05
2202,78,4,16108,30,9,0.3,1,0.03333333333333333
2203,78,4,16108,40,10,0.25,1,0.025
2204,78,4,16108,50,11,0.22,1,0.02
2205,78,5,20135,10,6,0.6,0,0.0
2206,78,5,20135,20,8,0.4,1,0.05
2207,78,5,20135,30,9,0.3,1,0.03333333333333333
2208,78,5,20135,40,11,0.275,1,0.025
2209,78,5,20135,50,11,0.22,1,0.02
2210,78,6,24162,10,6,0.6,0,0.0
2211,78,6,24162,20,7,0.35,1,0.05
2212,78,6,24162,30,9,0.3,1,0.03333333333333333
2213,78,6,24162,40,10,0.25,1,0.025
2214,78,6,24162,50,11,0.22,1,0.02
2215,78,7,28189,10,6,0.6,0,0.0
2216,78,7,28189,20,7,0.35,1,0.05
2217,78,7,28189,30,9,0.3,1,0.03333333333333333
2218,78,7,28189,40,9,0.225,1,0.025
2219,78,7,28189,50,11,0.22,1,0.02
2220,78,8,32216,10,6,0.6,0,0.0
2221,78,8,32216,20,7,0.35,1,0.05
2222,78,8,32216,30,8,0.26666666666666666,1,0.03333333333333333
2223,78,8,32216,40,9,0.225,1,0.025
2224,78,8,32216,50,11,0.22,1,0.02
2225,78,9,36243,10,6,0.6,0,0.0
2226,78,9,36243,20,7,0.35,1,0.05
2227,78,9,36243,30,8,0.26666666666666666,1,0.03333333333333333
2228,78,9,36243,40,9,0.225,1,0.025
2229,78,9,36243,50,11,0.22,1,0.02
2230,78,10,40270,10,5,0.5,0,0.0
2231,78,10,40270,20,7,0.35,1,0.05
2232,78,10,40270,30,8,0.26666666666666666,1,0.03333333333333333
2233,78,10,40270,40,9,0.225,1,0.025
2234,78,10,40270,50,11,0.22,1,0.02
2235,78,11,44297,10,5,0.5,0,0.0
2236,78,11,44297,20,7,0.35,1,0.05
2237,78,11,44297,30,8,0.26666666666666666,1,0.03333333333333333
2238,78,11,44297,40,8,0.2,1,0.025
2239,78,11,44297,50,11,0.22,1,0.02
2240,78,12,48324,10,5,0.5,0,0.0
2241,78,12,48324,20,6,0.3,0,0.0
2242,78,12,48324,30,7,0.23333333333333334,1,0.03333333333333333
2243,78,12,48324,40,8,0.2,1,0.025
2244,78,12,48324,50,11,0.22,1,0.02
2245,78,13,52351,10,4,0.4,0,0.0
2246,78,13,52351,20,6,0.3,0,0.0
2247,78,13,52351,30,7,0.23333333333333334,1,0.03333333333333333
2248,78,13,52351,40,8,0.2,1,0.025
2249,78,13,52351,50,11,0.22,1,0.02
2250,78,14,56378,10,4,0.4,0,0.0
2251,78,14,56378,20,6,0.3,0,0.0
2252,78,14,56378,30,7,0.23333333333333334,1,0.03333333333333333
2253,78,14,56378,40,8,0.2,1,0.025
2254,78,14,56378,50,11,0.22,1,0.02
2255,78,15,60405,10,4,0.4,0,0.0
2256,78,15,60405,20,6,0.3,0,0.0
2257,78,15,60405,30,7,0.23333333333333334,1,0.03333333333333333
2258,78,15,60405,40,8,0.2,1,0.025
2259,78,15,60405,50,11,0.22,1,0.02
2260,78,16,64432,10,4,0.4,0,0.0
2261,78,16,64432,20,6,0.3,0,0.0
2262,78,16,64432,30,7,0.23333333333333334,1,0.03333333333333333
2263,78,16,64432,40,8,0.2,1,0.025
2264,78,16,64432,50,11,0.22,1,0.02
2265,78,17,68459,10,4,0.4,0,0.0
2266,78,17,68459,20,6,0.3,0,0.0
2267,78,17,68459,30,6,0.2,0,0.0
2268,78,17,68459,40,7,0.175,1,0.025
2269,78,17,68459,50,10,0.2,1,0.02
2270,78,18,72486,10,4,0.4,0,0.0
2271,78,18,72486,20,6,0.3,0,0.0
2272,78,18,72486,30,6,0.2,0,0.0
2273,78,18,72486,40,7,0.175,1,0.025
2274,78,18,72486,50,10,0.2,1,0.02
2275,78,19,76513,10,4,0.4,0,0.0
2276,78,19,76513,20,6,0.3,0,0.0
2277,78,19,76513,30,6,0.2,0,0.0
2278,78,19,76513,40,7,0.175,1,0.025
2279,78,19,76513,50,10,0.2,1,0.02
2280,79,1,4027,10,2,0.2,1,0.1
2281,79,1,4027,20,3,0.15,2,0.1
2282,79,1,4027,30,4,0.13333333333333333,2,0.06666666666666667
2283,79,1,4027,40,5,0.125,2,0.05
2284,79,1,4027,50,12,0.24,4,0.08
2285,79,2,8054,10,2,0.2,1,0.1
2286,79,2,8054,20,2,0.1,1,0.05
2287,79,2,8054,30,4,0.13333333333333333,1,0.03333333333333333
2288,79,2,8054,40,9,0.225,3,0.075
2289,79,2,8054,50,14,0.28,4,0.08
2290,79,3,12081,10,2,0.2,1,0.1
2291,79,3,12081,20,2,0.1,1,0.05
2292,79,3,12081,30,4,0.13333333333333333,1,0.03333333333333333
2293,79,3,12081,40,9,0.225,3,0.075
2294,79,3,12081,50,14,0.28,4,0.08
2295,79,4,16108,10,2,0.2,1,0.1
2296,79,4,16108,20,2,0.1,1,0.05
2297,79,4,16108,30,4,0.13333333333333333,1,0.03333333333333333
2298,79,4,16108,40,10,0.25,4,0.1
2299,79,4,16108,50,14,0.28,4,0.08
2300,79,5,20135,10,2,0.2,1,0.1
2301,79,5,20135,20,2,0.1,1,0.05
2302,79,5,20135,30,4,0.13333333333333333,1,0.03333333333333333
2303,79,5,20135,40,10,0.25,4,0.1
2304,79,5,20135,50,14,0.28,4,0.08
2305,79,6,24162,10,2,0.2,1,0.1
2306,79,6,24162,20,2,0.1,1,0.05
2307,79,6,24162,30,4,0.13333333333333333,1,0.03333333333333333
2308,79,6,24162,40,10,0.25,4,0.1
2309,79,6,24162,50,14,0.28,4,0.08
2310,79,7,28189,10,2,0.2,1,0.1
2311,79,7,28189,20,2,0.1,1,0.05
2312,79,7,28189,30,4,0.13333333333333333,1,0.03333333333333333
2313,79,7,28189,40,10,0.25,4,0.1
2314,79,7,28189,50,14,0.28,4,0.08
2315,79,8,32216,10,2,0.2,1,0.1
2316,79,8,32216,20,3,0.15,1,0.05
2317,79,8,32216,30,4,0.13333333333333333,1,0.03333333333333333
2318,79,8,32216,40,9,0.225,4,0.1
2319,79,8,32216,50,14,0.28,4,0.08
2320,79,9,36243,10,2,0.2,1,0.1
2321,79,9,36243,20,2,0.1,1,0.05
2322,79,9,36243,30,4,0.13333333333333333,1,0.03333333333333333
2323,79,9,36243,40,8,0.2,3,0.075
2324,79,9,36243,50,15,0.3,4,0.08
2325,79,10,40270,10,2,0.2,1,0.1
2326,79,10,40270,20,2,0.1,1,0.05
2327,79,10,40270,30,4,0.13333333333333333,1,0.03333333333333333
2328,79,10,40270,40,8,0.2,3,0.075
2329,79,10,40270,50,15,0.3,4,0.08
2330,79,11,44297,10,2,0.2,1,0.1
2331,79,11,44297,20,2,0.1,1,0.05
2332,79,11,44297,30,4,0.13333333333333333,1,0.03333333333333333
2333,79,11,44297,40,8,0.2,3,0.075
2334,79,11,44297,50,15,0.3,4,0.08
2335,79,12,48324,10,2,0.2,1,0.1
2336,79,12,48324,20,2,0.1,1,0.05
2337,79,12,48324,30,4,0.13333333333333333,1,0.03333333333333333
2338,79,12,48324,40,10,0.25,3,0.075
2339,79,12,48324,50,15,0.3,4,0.08
2340,79,13,52351,10,2,0.2,1,0.1
2341,79,13,52351,20,2,0.1,1,0.05
2342,79,13,52351,30,4,0.13333333333333333,1,0.03333333333333333
2343,79,13,52351,40,10,0.25,3,0.075
2344,79,13,52351,50,15,0.3,4,0.08
2345,79,14,56378,10,2,0.2,1,0.1
2346,79,14,56378,20,2,0.1,1,0.05
2347,79,14,56378,30,4,0.13333333333333333,1,0.03333333333333333
2348,79,14,56378,40,10,0.25,4,0.1
2349,79,14,56378,50,15,0.3,4,0.08
2350,79,15,60405,10,2,0.2,1,0.1
2351,79,15,60405,20,2,0.1,1,0.05
2352,79,15,60405,30,4,0.13333333333333333,1,0.03333333333333333
2353,79,15,60405,40,10,0.25,4,0.1
2354,79,15,60405,50,15,0.3,4,0.08
2355,79,16,64432,10,2,0.2,1,0.1
2356,79,16,64432,20,2,0.1,1,0.05
2357,79,16,64432,30,4,0.13333333333333333,2,0.06666666666666667
2358,79,16,64432,40,9,0.225,5,0.125
2359,79,16,64432,50,15,0.3,5,0.1
2360,79,17,68459,10,2,0.2,1,0.1
2361,79,17,68459,20,2,0.1,1,0.05
2362,79,17,68459,30,4,0.13333333333333333,2,0.06666666666666667
2363,79,17,68459,40,9,0.225,5,0.125
2364,79,17,68459,50,15,0.3,5,0.1
2365,79,18,72486,10,2,0.2,1,0.1
2366,79,18,72486,20,2,0.1,1,0.05
2367,79,18,72486,30,4,0.13333333333333333,2,0.06666666666666667
2368,79,18,72486,40,9,0.225,5,0.125
2369,79,18,72486,50,15,0.3,6,0.12
2370,79,19,76513,10,2,0.2,1,0.1
2371,79,19,76513,20,2,0.1,1,0.05
2372,79,19,76513,30,4,0.13333333333333333,1,0.03333333333333333
2373,79,19,76513,40,9,0.225,5,0.125
2374,79,19,76513,50,15,0.3,6,0.12
2375,86,1,4027,10,7,0.7,1,0.1
2376,86,1,4027,20,11,0.55,2,0.1
2377,86,1,4027,30,14,0.4666666666666667,4,0.13333333333333333
2378,86,1,4027,40,14,0.35,4,0.1
2379,86,1,4027,50,14,0.28,4,0.08
2380,86,2,8054,10,6,0.6,1,0.1
2381,86,2,8054,20,11,0.55,2,0.1
2382,86,2,8054,30,13,0.43333333333333335,3,0.1
2383,86,2,8054,40,14,0.35,4,0.1
2384,86,2,8054,50,14,0.28,4,0.08
2385,86,3,12081,10,7,0.7,1,0.1
2386,86,3,12081,20,11,0.55,2,0.1
2387,86,3,12081,30,13,0.43333333333333335,3,0.1
2388,86,3,12081,40,14,0.35,4,0.1
2389,86,3,12081,50,14,0.28,4,0.08
2390,86,4,16108,10,7,0.7,1,0.1
2391,86,4,16108,20,11,0.55,2,0.1
2392,86,4,16108,30,13,0.43333333333333335,3,0.1
2393,86,4,16108,40,14,0.35,4,0.1
2394,86,4,16108,50,14,0.28,4,0.08
2395,86,5,20135,10,6,0.6,1,0.1
2396,86,5,20135,20,10,0.5,2,0.1
2397,86,5,20135,30,14,0.4666666666666667,4,0.13333333333333333
2398,86,5,20135,40,14,0.35,4,0.1
2399,86,5,20135,50,14,0.28,4,0.08
2400,86,6,24162,10,7,0.7,1,0.1
2401,86,6,24162,20,10,0.5,2,0.1
2402,86,6,24162,30,14,0.4666666666666667,4,0.13333333333333333
2403,86,6,24162,40,14,0.35,4,0.1
2404,86,6,24162,50,14,0.28,4,0.08
2405,86,7,28189,10,7,0.7,1,0.1
2406,86,7,28189,20,10,0.5,2,0.1
2407,86,7,28189,30,14,0.4666666666666667,4,0.13333333333333333
2408,86,7,28189,40,14,0.35,4,0.1
2409,86,7,28189,50,14,0.28,4,0.08
2410,86,8,32216,10,7,0.7,1,0.1
2411,86,8,32216,20,10,0.5,2,0.1
2412,86,8,32216,30,13,0.43333333333333335,4,0.13333333333333333
2413,86,8,32216,40,13,0.325,4,0.1
2414,86,8,32216,50,14,0.28,4,0.08
2415,86,9,36243,10,6,0.6,1,0.1
2416,86,9,36243,20,10,0.5,2,0.1
2417,86,9,36243,30,13,0.43333333333333335,4,0.13333333333333333
2418,86,9,36243,40,13,0.325,4,0.1
2419,86,9,36243,50,13,0.26,4,0.08
2420,86,10,40270,10,8,0.8,1,0.1
2421,86,10,40270,20,10,0.5,2,0.1
2422,86,10,40270,30,13,0.43333333333333335,4,0.13333333333333333
2423,86,10,40270,40,13,0.325,4,0.1
2424,86,10,40270,50,13,0.26,4,0.08
2425,86,11,44297,10,6,0.6,1,0.1
2426,86,11,44297,20,10,0.5,2,0.1
2427,86,11,44297,30,13,0.43333333333333335,4,0.13333333333333333
2428,86,11,44297,40,13,0.325,4,0.1
2429,86,11,44297,50,13,0.26,4,0.08
2430,86,12,48324,10,6,0.6,1,0.1
2431,86,12,48324,20,10,0.5,2,0.1
2432,86,12,48324,30,13,0.43333333333333335,4,0.13333333333333333
2433,86,12,48324,40,13,0.325,4,0.1
2434,86,12,48324,50,13,0.26,4,0.08
2435,86,13,52351,10,6,0.6,1,0.1
2436,86,13,52351,20,10,0.5,2,0.1
2437,86,13,52351,30,13,0.43333333333333335,4,0.13333333333333333
2438,86,13,52351,40,13,0.325,4,0.1
2439,86,13,52351,50,13,0.26,4,0.08
2440,86,14,56378,10,6,0.6,1,0.1
2441,86,14,56378,20,10,0.5,2,0.1
2442,86,14,56378,30,13,0.43333333333333335,4,0.13333333333333333
2443,86,14,56378,40,13,0.325,4,0.1
2444,86,14,56378,50,13,0.26,4,0.08
2445,86,15,60405,10,6,0.6,1,0.1
2446,86,15,60405,20,10,0.5,2,0.1
2447,86,15,60405,30,13,0.43333333333333335,4,0.13333333333333333
2448,86,15,60405,40,13,0.325,4,0.1
2449,86,15,60405,50,14,0.28,4,0.08
2450,86,16,64432,10,6,0.6,1,0.1
2451,86,16,64432,20,10,0.5,2,0.1
2452,86,16,64432,30,12,0.4,4,0.13333333333333333
2453,86,16,64432,40,14,0.35,4,0.1
2454,86,16,64432,50,14,0.28,4,0.08
2455,86,17,68459,10,6,0.6,1,0.1
2456,86,17,68459,20,10,0.5,2,0.1
2457,86,17,68459,30,12,0.4,4,0.13333333333333333
2458,86,17,68459,40,14,0.35,4,0.1
2459,86,17,68459,50,14,0.28,4,0.08
2460,86,18,72486,10,6,0.6,1,0.1
2461,86,18,72486,20,10,0.5,2,0.1
2462,86,18,72486,30,12,0.4,4,0.13333333333333333
2463,86,18,72486,40,14,0.35,4,0.1
2464,86,18,72486,50,14,0.28,4,0.08
2465,86,19,76513,10,6,0.6,1,0.1
2466,86,19,76513,20,10,0.5,2,0.1
2467,86,19,76513,30,12,0.4,4,0.13333333333333333
2468,86,19,76513,40,14,0.35,4,0.1
2469,86,19,76513,50,14,0.28,4,0.08
2470,87,1,4027,10,7,0.7,2,0.2
2471,87,1,4027,20,14,0.7,4,0.2
2472,87,1,4027,30,14,0.4666666666666667,4,0.13333333333333333
2473,87,1,4027,40,16,0.4,4,0.1
2474,87,1,4027,50,19,0.38,5,0.1
2475,87,2,8054,10,2,0.2,2,0.2
2476,87,2,8054,20,12,0.6,3,0.15
2477,87,2,8054,30,14,0.4666666666666667,4,0.13333333333333333
2478,87,2,8054,40,15,0.375,4,0.1
2479,87,2,8054,50,15,0.3,4,0.08
2480,87,3,12081,10,7,0.7,2,0.2
2481,87,3,12081,20,14,0.7,4,0.2
2482,87,3,12081,30,14,0.4666666666666667,4,0.13333333333333333
2483,87,3,12081,40,16,0.4,4,0.1
2484,87,3,12081,50,17,0.34,4,0.08
2485,87,4,16108,10,7,0.7,2,0.2
2486,87,4,16108,20,14,0.7,4,0.2
2487,87,4,16108,30,14,0.4666666666666667,4,0.13333333333333333
2488,87,4,16108,40,16,0.4,4,0.1
2489,87,4,16108,50,18,0.36,5,0.1
2490,87,5,20135,10,7,0.7,2,0.2
2491,87,5,20135,20,14,0.7,4,0.2
2492,87,5,20135,30,14,0.4666666666666667,4,0.13333333333333333
2493,87,5,20135,40,16,0.4,4,0.1
2494,87,5,20135,50,18,0.36,5,0.1
2495,87,6,24162,10,6,0.6,2,0.2
2496,87,6,24162,20,14,0.7,4,0.2
2497,87,6,24162,30,14,0.4666666666666667,4,0.13333333333333333
2498,87,6,24162,40,17,0.425,4,0.1
2499,87,6,24162,50,17,0.34,4,0.08
2500,87,7,28189,10,6,0.6,2,0.2
2501,87,7,28189,20,14,0.7,4,0.2
2502,87,7,28189,30,14,0.4666666666666667,4,0.13333333333333333
2503,87,7,28189,40,16,0.4,5,0.125
2504,87,7,28189,50,17,0.34,5,0.1
2505,87,8,32216,10,6,0.6,2,0.2
2506,87,8,32216,20,14,0.7,4,0.2
2507,87,8,32216,30,14,0.4666666666666667,4,0.13333333333333333
2508,87,8,32216,40,15,0.375,5,0.125
2509,87,8,32216,50,17,0.34,5,0.1
2510,87,9,36243,10,6,0.6,2,0.2
2511,87,9,36243,20,14,0.7,4,0.2
2512,87,9,36243,30,14,0.4666666666666667,5,0.16666666666666666
2513,87,9,36243,40,14,0.35,5,0.125
2514,87,9,36243,50,16,0.32,5,0.1
2515,87,10,40270,10,3,0.3,2,0.2
2516,87,10,40270,20,12,0.6,3,0.15
2517,87,10,40270,30,14,0.4666666666666667,5,0.16666666666666666
2518,87,10,40270,40,14,0.35,5,0.125
2519,87,10,40270,50,15,0.3,5,0.1
2520,87,11,44297,10,2,0.2,2,0.2
2521,87,11,44297,20,12,0.6,3,0.15
2522,87,11,44297,30,14,0.4666666666666667,5,0.16666666666666666
2523,87,11,44297,40,14,0.35,5,0.125
2524,87,11,44297,50,15,0.3,5,0.1
2525,87,12,48324,10,2,0.2,2,0.2
2526,87,12,48324,20,12,0.6,3,0.15
2527,87,12,48324,30,14,0.4666666666666667,5,0.16666666666666666
2528,87,12,48324,40,14,0.35,5,0.125
2529,87,12,48324,50,15,0.3,5,0.1
2530,87,13,52351,10,2,0.2,2,0.2
2531,87,13,52351,20,11,0.55,2,0.1
2532,87,13,52351,30,14,0.4666666666666667,5,0.16666666666666666
2533,87,13,52351,40,14,0.35,5,0.125
2534,87,13,52351,50,15,0.3,5,0.1
2535,87,14,56378,10,2,0.2,2,0.2
2536,87,14,56378,20,11,0.55,2,0.1
2537,87,14,56378,30,14,0.4666666666666667,5,0.16666666666666666
2538,87,14,56378,40,14,0.35,5,0.125
2539,87,14,56378,50,15,0.3,5,0.1
2540,87,15,60405,10,2,0.2,2,0.2
2541,87,15,60405,20,11,0.55,2,0.1
2542,87,15,60405,30,14,0.4666666666666667,5,0.16666666666666666
2543,87,15,60405,40,14,0.35,5,0.125
2544,87,15,60405,50,15,0.3,5,0.1
2545,87,16,64432,10,2,0.2,2,0.2
2546,87,16,64432,20,11,0.55,2,0.1
2547,87,16,64432,30,14,0.4666666666666667,5,0.16666666666666666
2548,87,16,64432,40,14,0.35,5,0.125
2549,87,16,64432,50,14,0.28,5,0.1
2550,87,17,68459,10,2,0.2,2,0.2
2551,87,17,68459,20,11,0.55,2,0.1
2552,87,17,68459,30,14,0.4666666666666667,5,0.16666666666666666
2553,87,17,68459,40,14,0.35,5,0.125
2554,87,17,68459,50,14,0.28,5,0.1
2555,87,18,72486,10,2,0.2,2,0.2
2556,87,18,72486,20,11,0.55,2,0.1
2557,87,18,72486,30,14,0.4666666666666667,5,0.16666666666666666
2558,87,18,72486,40,14,0.35,5,0.125
2559,87,18,72486,50,14,0.28,5,0.1
2560,87,19,76513,10,2,0.2,2,0.2
2561,87,19,76513,20,11,0.55,2,0.1
2562,87,19,76513,30,14,0.4666666666666667,5,0.16666666666666666
2563,87,19,76513,40,14,0.35,5,0.125
2564,87,19,76513,50,14,0.28,5,0.1
2565,90,1,4027,10,0,0.0,0,0.0
2566,90,1,4027,20,4,0.2,2,0.1
2567,90,1,4027,30,4,0.13333333333333333,2,0.06666666666666667
2568,90,1,4027,40,4,0.1,2,0.05
2569,90,1,4027,50,6,0.12,5,0.1
2570,90,2,8054,10,0,0.0,0,0.0
2571,90,2,8054,20,2,0.1,2,0.1
2572,90,2,8054,30,4,0.13333333333333333,2,0.06666666666666667
2573,90,2,8054,40,4,0.1,2,0.05
2574,90,2,8054,50,6,0.12,5,0.1
2575,90,3,12081,10,0,0.0,0,0.0
2576,90,3,12081,20,3,0.15,2,0.1
2577,90,3,12081,30,4,0.13333333333333333,2,0.06666666666666667
2578,90,3,12081,40,4,0.1,2,0.05
2579,90,3,12081,50,4,0.08,3,0.06
2580,90,4,16108,10,0,0.0,0,0.0
2581,90,4,16108,20,3,0.15,2,0.1
2582,90,4,16108,30,4,0.13333333333333333,2,0.06666666666666667
2583,90,4,16108,40,4,0.1,3,0.075
2584,90,4,16108,50,5,0.1,4,0.08
2585,90,5,20135,10,0,0.0,0,0.0
2586,90,5,20135,20,2,0.1,2,0.1
2587,90,5,20135,30,4,0.13333333333333333,2,0.06666666666666667
2588,90,5,20135,40,5,0.125,4,0.1
2589,90,5,20135,50,6,0.12,5,0.1
2590,90,6,24162,10,0,0.0,0,0.0
2591,90,6,24162,20,2,0.1,2,0.1
2592,90,6,24162,30,4,0.13333333333333333,2,0.06666666666666667
2593,90,6,24162,40,5,0.125,4,0.1
2594,90,6,24162,50,7,0.14,5,0.1
2595,90,7,28189,10,0,0.0,0,0.0
2596,90,7,28189,20,0,0.0,0,0.0
2597,90,7,28189,30,4,0.13333333333333333,2,0.06666666666666667
2598,90,7,28189,40,5,0.125,4,0.1
2599,90,7,28189,50,7,0.14,5,0.1
2600,90,8,32216,10,0,0.0,0,0.0
2601,90,8,32216,20,0,0.0,0,0.0
2602,90,8,32216,30,4,0.13333333333333333,2,0.06666666666666667
2603,90,8,32216,40,5,0.125,4,0.1
2604,90,8,32216,50,7,0.14,5,0.1
2605,90,9,36243,10,0,0.0,0,0.0
2606,90,9,36243,20,0,0.0,0,0.0
2607,90,9,36243,30,4,0.13333333333333333,2,0.06666666666666667
2608,90,9,36243,40,5,0.125,4,0.1
2609,90,9,36243,50,7,0.14,5,0.1
2610,90,10,40270,10,0,0.0,0,0.0
2611,90,10,40270,20,0,0.0,0,0.0
2612,90,10,40270,30,4,0.13333333333333333,2,0.06666666666666667
2613,90,10,40270,40,5,0.125,4,0.1
2614,90,10,40270,50,8,0.16,6,0.12
2615,90,11,44297,10,0,0.0,0,0.0
2616,90,11,44297,20,0,0.0,0,0.0
2617,90,11,44297,30,4,0.13333333333333333,2,0.06666666666666667
2618,90,11,44297,40,5,0.125,4,0.1
2619,90,11,44297,50,7,0.14,5,0.1
2620,90,12,48324,10,0,0.0,0,0.0
2621,90,12,48324,20,0,0.0,0,0.0
2622,90,12,48324,30,4,0.13333333333333333,2,0.06666666666666667
2623,90,12,48324,40,5,0.125,4,0.1
2624,90,12,48324,50,7,0.14,5,0.1
2625,90,13,52351,10,0,0.0,0,0.0
2626,90,13,52351,20,0,0.0,0,0.0
2627,90,13,52351,30,4,0.13333333333333333,2,0.06666666666666667
2628,90,13,52351,40,5,0.125,3,0.075
2629,90,13,52351,50,7,0.14,5,0.1
2630,90,14,56378,10,0,0.0,0,0.0
2631,90,14,56378,20,0,0.0,0,0.0
2632,90,14,56378,30,4,0.13333333333333333,2,0.06666666666666667
2633,90,14,56378,40,4,0.1,3,0.075
2634,90,14,56378,50,7,0.14,5,0.1
2635,90,15,60405,10,0,0.0,0,0.0
2636,90,15,60405,20,0,0.0,0,0.0
2637,90,15,60405,30,4,0.13333333333333333,2,0.06666666666666667
2638,90,15,60405,40,4,0.1,3,0.075
2639,90,15,60405,50,7,0.14,5,0.1
2640,90,16,64432,10,0,0.0,0,0.0
2641,90,16,64432,20,0,0.0,0,0.0
2642,90,16,64432,30,4,0.13333333333333333,2,0.06666666666666667
2643,90,16,64432,40,5,0.125,3,0.075
2644,90,16,64432,50,7,0.14,5,0.1
2645,90,17,68459,10,0,0.0,0,0.0
2646,90,17,68459,20,0,0.0,0,0.0
2647,90,17,68459,30,4,0.13333333333333333,2,0.06666666666666667
2648,90,17,68459,40,4,0.1,3,0.075
2649,90,17,68459,50,7,0.14,5,0.1
2650,90,18,72486,10,0,0.0,0,0.0
2651,90,18,72486,20,0,0.0,0,0.0
2652,90,18,72486,30,4,0.13333333333333333,2,0.06666666666666667
2653,90,18,72486,40,4,0.1,4,0.1
2654,90,18,72486,50,7,0.14,6,0.12
2655,90,19,76513,10,0,0.0,0,0.0
2656,90,19,76513,20,0,0.0,0,0.0
2657,90,19,76513,30,4,0.13333333333333333,2,0.06666666666666667
2658,90,19,76513,40,5,0.125,3,0.075
2659,90,19,76513,50,7,0.14,6,0.12
2660,91,1,4027,10,0,0.0,0,0.0
2661,91,1,4027,20,0,0.0,0,0.0
2662,91,1,4027,30,0,0.0,0,0.0
2663,91,1,4027,40,2,0.05,0,0.0
2664,91,1,4027,50,3,0.06,1,0.02
2665,91,2,8054,10,0,0.0,0,0.0
2666,91,2,8054,20,0,0.0,0,0.0
2667,91,2,8054,30,0,0.0,0,0.0
2668,91,2,8054,40,2,0.05,0,0.0
2669,91,2,8054,50,3,0.06,1,0.02
2670,91,3,12081,10,0,0.0,1,0.1
2671,91,3,12081,20,0,0.0,1,0.05
2672,91,3,12081,30,0,0.0,1,0.03333333333333333
2673,91,3,12081,40,0,0.0,1,0.025
2674,91,3,12081,50,0,0.0,1,0.02
2675,91,4,16108,10,0,0.0,1,0.1
2676,91,4,16108,20,0,0.0,1,0.05
2677,91,4,16108,30,0,0.0,1,0.03333333333333333
2678,91,4,16108,40,0,0.0,1,0.025
2679,91,4,16108,50,0,0.0,1,0.02
2680,91,5,20135,10,0,0.0,1,0.1
2681,91,5,20135,20,0,0.0,1,0.05
2682,91,5,20135,30,0,0.0,1,0.03333333333333333
2683,91,5,20135,40,0,0.0,1,0.025
2684,91,5,20135,50,0,0.0,1,0.02
2685,91,6,24162,10,0,0.0,1,0.1
2686,91,6,24162,20,0,0.0,1,0.05
2687,91,6,24162,30,0,0.0,1,0.03333333333333333
2688,91,6,24162,40,0,0.0,1,0.025
2689,91,6,24162,50,0,0.0,1,0.02
2690,91,7,28189,10,0,0.0,1,0.1
2691,91,7,28189,20,0,0.0,1,0.05
2692,91,7,28189,30,0,0.0,1,0.03333333333333333
2693,91,7,28189,40,0,0.0,1,0.025
2694,91,7,28189,50,0,0.0,1,0.02
2695,91,8,32216,10,0,0.0,1,0.1
2696,91,8,32216,20,0,0.0,1,0.05
2697,91,8,32216,30,0,0.0,1,0.03333333333333333
2698,91,8,32216,40,0,0.0,1,0.025
2699,91,8,32216,50,0,0.0,1,0.02
2700,91,9,36243,10,0,0.0,1,0.1
2701,91,9,36243,20,0,0.0,1,0.05
2702,91,9,36243,30,0,0.0,1,0.03333333333333333
2703,91,9,36243,40,1,0.025,1,0.025
2704,91,9,36243,50,1,0.02,1,0.02
2705,91,10,40270,10,0,0.0,1,0.1
2706,91,10,40270,20,0,0.0,1,0.05
2707,91,10,40270,30,0,0.0,1,0.03333333333333333
2708,91,10,40270,40,0,0.0,1,0.025
2709,91,10,40270,50,0,0.0,1,0.02
2710,91,11,44297,10,0,0.0,1,0.1
2711,91,11,44297,20,0,0.0,1,0.05
2712,91,11,44297,30,0,0.0,1,0.03333333333333333
2713,91,11,44297,40,0,0.0,1,0.025
2714,91,11,44297,50,0,0.0,1,0.02
2715,91,12,48324,10,0,0.0,1,0.1
2716,91,12,48324,20,0,0.0,1,0.05
2717,91,12,48324,30,0,0.0,1,0.03333333333333333
2718,91,12,48324,40,0,0.0,1,0.025
2719,91,12,48324,50,0,0.0,1,0.02
2720,91,13,52351,10,0,0.0,1,0.1
2721,91,13,52351,20,0,0.0,1,0.05
2722,91,13,52351,30,0,0.0,1,0.03333333333333333
2723,91,13,52351,40,0,0.0,1,0.025
2724,91,13,52351,50,0,0.0,1,0.02
2725,91,14,56378,10,0,0.0,1,0.1
2726,91,14,56378,20,0,0.0,1,0.05
2727,91,14,56378,30,0,0.0,1,0.03333333333333333
2728,91,14,56378,40,0,0.0,1,0.025
2729,91,14,56378,50,0,0.0,1,0.02
2730,91,15,60405,10,0,0.0,0,0.0
2731,91,15,60405,20,0,0.0,0,0.0
2732,91,15,60405,30,1,0.03333333333333333,1,0.03333333333333333
2733,91,15,60405,40,1,0.025,1,0.025
2734,91,15,60405,50,1,0.02,1,0.02
2735,91,16,64432,10,0,0.0,0,0.0
2736,91,16,64432,20,0,0.0,0,0.0
2737,91,16,64432,30,1,0.03333333333333333,1,0.03333333333333333
2738,91,16,64432,40,1,0.025,1,0.025
2739,91,16,64432,50,1,0.02,1,0.02
2740,91,17,68459,10,0,0.0,0,0.0
2741,91,17,68459,20,0,0.0,0,0.0
2742,91,17,68459,30,0,0.0,0,0.0
2743,91,17,68459,40,1,0.025,1,0.025
2744,91,17,68459,50,1,0.02,1,0.02
2745,91,18,72486,10,0,0.0,1,0.1
2746,91,18,72486,20,0,0.0,1,0.05
2747,91,18,72486,30,0,0.0,1,0.03333333333333333
2748,91,18,72486,40,2,0.05,1,0.025
2749,91,18,72486,50,3,0.06,2,0.04
2750,91,19,76513,10,0,0.0,1,0.1
2751,91,19,76513,20,0,0.0,1,0.05
2752,91,19,76513,30,1,0.03333333333333333,1,0.03333333333333333
2753,91,19,76513,40,3,0.075,2,0.05
2754,91,19,76513,50,3,0.06,2,0.04
2755,92,1,4027,10,5,0.5,1,0.1
2756,92,1,4027,20,5,0.25,1,0.05
2757,92,1,4027,30,9,0.3,1,0.03333333333333333
2758,92,1,4027,40,11,0.275,1,0.025
2759,92,1,4027,50,17,0.34,3,0.06
2760,92,2,8054,10,5,0.5,1,0.1
2761,92,2,8054,20,5,0.25,1,0.05
2762,92,2,8054,30,9,0.3,1,0.03333333333333333
2763,92,2,8054,40,11,0.275,1,0.025
2764,92,2,8054,50,17,0.34,3,0.06
2765,92,3,12081,10,5,0.5,1,0.1
2766,92,3,12081,20,5,0.25,1,0.05
2767,92,3,12081,30,7,0.23333333333333334,1,0.03333333333333333
2768,92,3,12081,40,11,0.275,1,0.025
2769,92,3,12081,50,17,0.34,3,0.06
2770,92,4,16108,10,5,0.5,1,0.1
2771,92,4,16108,20,5,0.25,1,0.05
2772,92,4,16108,30,6,0.2,1,0.03333333333333333
2773,92,4,16108,40,11,0.275,1,0.025
2774,92,4,16108,50,15,0.3,3,0.06
2775,92,5,20135,10,5,0.5,1,0.1
2776,92,5,20135,20,6,0.3,1,0.05
2777,92,5,20135,30,6,0.2,1,0.03333333333333333
2778,92,5,20135,40,7,0.175,1,0.025
2779,92,5,20135,50,12,0.24,2,0.04
2780,92,6,24162,10,5,0.5,1,0.1
2781,92,6,24162,20,6,0.3,1,0.05
2782,92,6,24162,30,6,0.2,1,0.03333333333333333
2783,92,6,24162,40,7,0.175,1,0.025
2784,92,6,24162,50,12,0.24,2,0.04
2785,92,7,28189,10,5,0.5,1,0.1
2786,92,7,28189,20,6,0.3,1,0.05
2787,92,7,28189,30,6,0.2,1,0.03333333333333333
2788,92,7,28189,40,7,0.175,1,0.025
2789,92,7,28189,50,12,0.24,2,0.04
2790,92,8,32216,10,5,0.5,1,0.1
2791,92,8,32216,20,6,0.3,1,0.05
2792,92,8,32216,30,6,0.2,1,0.03333333333333333
2793,92,8,32216,40,7,0.175,1,0.025
2794,92,8,32216,50,11,0.22,1,0.02
2795,92,9,36243,10,5,0.5,1,0.1
2796,92,9,36243,20,6,0.3,1,0.05
2797,92,9,36243,30,6,0.2,1,0.03333333333333333
2798,92,9,36243,40,7,0.175,1,0.025
2799,92,9,36243,50,11,0.22,1,0.02
2800,92,10,40270,10,5,0.5,1,0.1
2801,92,10,40270,20,6,0.3,1,0.05
2802,92,10,40270,30,6,0.2,1,0.03333333333333333
2803,92,10,40270,40,6,0.15,1,0.025
2804,92,10,40270,50,11,0.22,1,0.02
2805,92,11,44297,10,5,0.5,1,0.1
2806,92,11,44297,20,6,0.3,1,0.05
2807,92,11,44297,30,6,0.2,1,0.03333333333333333
2808,92,11,44297,40,6,0.15,1,0.025
2809,92,11,44297,50,9,0.18,1,0.02
2810,92,12,48324,10,5,0.5,0,0.0
2811,92,12,48324,20,6,0.3,1,0.05
2812,92,12,48324,30,6,0.2,1,0.03333333333333333
2813,92,12,48324,40,6,0.15,1,0.025
2814,92,12,48324,50,9,0.18,1,0.02
2815,92,13,52351,10,5,0.5,0,0.0
2816,92,13,52351,20,6,0.3,1,0.05
2817,92,13,52351,30,6,0.2,1,0.03333333333333333
2818,92,13,52351,40,6,0.15,1,0.025
2819,92,13,52351,50,9,0.18,1,0.02
2820,92,14,56378,10,5,0.5,0,0.0
2821,92,14,56378,20,6,0.3,1,0.05
2822,92,14,56378,30,6,0.2,1,0.03333333333333333
2823,92,14,56378,40,6,0.15,1,0.025
2824,92,14,56378,50,6,0.12,1,0.02
2825,92,15,60405,10,5,0.5,0,0.0
2826,92,15,60405,20,6,0.3,1,0.05
2827,92,15,60405,30,6,0.2,1,0.03333333333333333
2828,92,15,60405,40,6,0.15,1,0.025
2829,92,15,60405,50,6,0.12,1,0.02
2830,92,16,64432,10,5,0.5,0,0.0
2831,92,16,64432,20,6,0.3,1,0.05
2832,92,16,64432,30,6,0.2,1,0.03333333333333333
2833,92,16,64432,40,6,0.15,1,0.025
2834,92,16,64432,50,6,0.12,1,0.02
2835,92,17,68459,10,5,0.5,0,0.0
2836,92,17,68459,20,6,0.3,1,0.05
2837,92,17,68459,30,6,0.2,1,0.03333333333333333
2838,92,17,68459,40,6,0.15,1,0.025
2839,92,17,68459,50,6,0.12,1,0.02
2840,92,18,72486,10,5,0.5,0,0.0
2841,92,18,72486,20,6,0.3,1,0.05
2842,92,18,72486,30,6,0.2,1,0.03333333333333333
2843,92,18,72486,40,6,0.15,1,0.025
2844,92,18,72486,50,6,0.12,1,0.02
2845,92,19,76513,10,5,0.5,0,0.0
2846,92,19,76513,20,6,0.3,1,0.05
2847,92,19,76513,30,6,0.2,1,0.03333333333333333
2848,92,19,76513,40,6,0.15,1,0.025
2849,92,19,76513,50,6,0.12,1,0.02
2850,93,1,4027,10,0,0.0,0,0.0
2851,93,1,4027,20,0,0.0,0,0.0
2852,93,1,4027,30,0,0.0,0,0.0
2853,93,1,4027,40,0,0.0,0,0.0
2854,93,1,4027,50,1,0.02,1,0.02
2855,93,2,8054,10,0,0.0,0,0.0
2856,93,2,8054,20,0,0.0,0,0.0
2857,93,2,8054,30,0,0.0,0,0.0
2858,93,2,8054,40,0,0.0,1,0.025
2859,93,2,8054,50,1,0.02,1,0.02
2860,93,3,12081,10,0,0.0,0,0.0
2861,93,3,12081,20,0,0.0,0,0.0
2862,93,3,12081,30,0,0.0,0,0.0
2863,93,3,12081,40,0,0.0,0,0.0
2864,93,3,12081,50,1,0.02,2,0.04
2865,93,4,16108,10,0,0.0,0,0.0
2866,93,4,16108,20,0,0.0,0,0.0
2867,93,4,16108,30,0,0.0,0,0.0
2868,93,4,16108,40,0,0.0,0,0.0
2869,93,4,16108,50,0,0.0,0,0.0
2870,93,5,20135,10,0,0.0,0,0.0
2871,93,5,20135,20,0,0.0,0,0.0
2872,93,5,20135,30,0,0.0,0,0.0
2873,93,5,20135,40,0,0.0,0,0.0
2874,93,5,20135,50,0,0.0,1,0.02
2875,93,6,24162,10,0,0.0,0,0.0
2876,93,6,24162,20,0,0.0,0,0.0
2877,93,6,24162,30,0,0.0,0,0.0
2878,93,6,24162,40,0,0.0,0,0.0
2879,93,6,24162,50,0,0.0,0,0.0
2880,93,7,28189,10,0,0.0,0,0.0
2881,93,7,28189,20,0,0.0,0,0.0
2882,93,7,28189,30,0,0.0,0,0.0
2883,93,7,28189,40,0,0.0,0,0.0
2884,93,7,28189,50,0,0.0,0,0.0
2885,93,8,32216,10,0,0.0,0,0.0
2886,93,8,32216,20,0,0.0,0,0.0
2887,93,8,32216,30,0,0.0,0,0.0
2888,93,8,32216,40,0,0.0,0,0.0
2889,93,8,32216,50,0,0.0,0,0.0
2890,93,9,36243,10,0,0.0,0,0.0
2891,93,9,36243,20,0,0.0,0,0.0
2892,93,9,36243,30,0,0.0,0,0.0
2893,93,9,36243,40,0,0.0,0,0.0
2894,93,9,36243,50,0,0.0,0,0.0
2895,93,10,40270,10,0,0.0,0,0.0
2896,93,10,40270,20,0,0.0,0,0.0
2897,93,10,40270,30,0,0.0,0,0.0
2898,93,10,40270,40,0,0.0,0,0.0
2899,93,10,40270,50,0,0.0,0,0.0
2900,93,11,44297,10,0,0.0,0,0.0
2901,93,11,44297,20,0,0.0,0,0.0
2902,93,11,44297,30,0,0.0,0,0.0
2903,93,11,44297,40,0,0.0,0,0.0
2904,93,11,44297,50,0,0.0,0,0.0
2905,93,12,48324,10,0,0.0,0,0.0
2906,93,12,48324,20,0,0.0,0,0.0
2907,93,12,48324,30,0,0.0,0,0.0
2908,93,12,48324,40,0,0.0,0,0.0
2909,93,12,48324,50,0,0.0,0,0.0
2910,93,13,52351,10,0,0.0,0,0.0
2911,93,13,52351,20,0,0.0,0,0.0
2912,93,13,52351,30,0,0.0,0,0.0
2913,93,13,52351,40,0,0.0,0,0.0
2914,93,13,52351,50,0,0.0,0,0.0
2915,93,14,56378,10,0,0.0,0,0.0
2916,93,14,56378,20,0,0.0,0,0.0
2917,93,14,56378,30,0,0.0,0,0.0
2918,93,14,56378,40,0,0.0,0,0.0
2919,93,14,56378,50,0,0.0,0,0.0
2920,93,15,60405,10,0,0.0,0,0.0
2921,93,15,60405,20,0,0.0,0,0.0
2922,93,15,60405,30,0,0.0,0,0.0
2923,93,15,60405,40,0,0.0,0,0.0
2924,93,15,60405,50,0,0.0,0,0.0
2925,93,16,64432,10,0,0.0,0,0.0
2926,93,16,64432,20,0,0.0,0,0.0
2927,93,16,64432,30,0,0.0,0,0.0
2928,93,16,64432,40,0,0.0,0,0.0
2929,93,16,64432,50,0,0.0,0,0.0
2930,93,17,68459,10,0,0.0,0,0.0
2931,93,17,68459,20,0,0.0,0,0.0
2932,93,17,68459,30,0,0.0,0,0.0
2933,93,17,68459,40,0,0.0,0,0.0
2934,93,17,68459,50,0,0.0,0,0.0
2935,93,18,72486,10,0,0.0,0,0.0
2936,93,18,72486,20,0,0.0,0,0.0
2937,93,18,72486,30,0,0.0,0,0.0
2938,93,18,72486,40,0,0.0,0,0.0
2939,93,18,72486,50,0,0.0,0,0.0
2940,93,19,76513,10,0,0.0,0,0.0
2941,93,19,76513,20,0,0.0,0,0.0
2942,93,19,76513,30,0,0.0,0,0.0
2943,93,19,76513,40,0,0.0,0,0.0
2944,93,19,76513,50,0,0.0,0,0.0
2945,94,1,4027,10,7,0.7,0,0.0
2946,94,1,4027,20,11,0.55,1,0.05
2947,94,1,4027,30,12,0.4,2,0.06666666666666667
2948,94,1,4027,40,14,0.35,2,0.05
2949,94,1,4027,50,15,0.3,2,0.04
2950,94,2,8054,10,7,0.7,0,0.0
2951,94,2,8054,20,11,0.55,1,0.05
2952,94,2,8054,30,12,0.4,2,0.06666666666666667
2953,94,2,8054,40,15,0.375,2,0.05
2954,94,2,8054,50,17,0.34,2,0.04
2955,94,3,12081,10,7,0.7,0,0.0
2956,94,3,12081,20,10,0.5,0,0.0
2957,94,3,12081,30,13,0.43333333333333335,1,0.03333333333333333
2958,94,3,12081,40,15,0.375,1,0.025
2959,94,3,12081,50,16,0.32,1,0.02
2960,94,4,16108,10,7,0.7,0,0.0
2961,94,4,16108,20,10,0.5,0,0.0
2962,94,4,16108,30,14,0.4666666666666667,1,0.03333333333333333
2963,94,4,16108,40,15,0.375,1,0.025
2964,94,4,16108,50,15,0.3,1,0.02
2965,94,5,20135,10,7,0.7,0,0.0
2966,94,5,20135,20,10,0.5,0,0.0
2967,94,5,20135,30,14,0.4666666666666667,1,0.03333333333333333
2968,94,5,20135,40,15,0.375,1,0.025
2969,94,5,20135,50,15,0.3,1,0.02
2970,94,6,24162,10,7,0.7,0,0.0
2971,94,6,24162,20,10,0.5,0,0.0
2972,94,6,24162,30,13,0.43333333333333335,1,0.03333333333333333
2973,94,6,24162,40,15,0.375,1,0.025
2974,94,6,24162,50,15,0.3,1,0.02
2975,94,7,28189,10,7,0.7,0,0.0
2976,94,7,28189,20,10,0.5,0,0.0
2977,94,7,28189,30,13,0.43333333333333335,1,0.03333333333333333
2978,94,7,28189,40,15,0.375,1,0.025
2979,94,7,28189,50,15,0.3,1,0.02
2980,94,8,32216,10,7,0.7,0,0.0
2981,94,8,32216,20,10,0.5,0,0.0
2982,94,8,32216,30,13,0.43333333333333335,1,0.03333333333333333
2983,94,8,32216,40,15,0.375,1,0.025
2984,94,8,32216,50,15,0.3,1,0.02
2985,94,9,36243,10,7,0.7,0,0.0
2986,94,9,36243,20,10,0.5,0,0.0
2987,94,9,36243,30,13,0.43333333333333335,1,0.03333333333333333
2988,94,9,36243,40,15,0.375,1,0.025
2989,94,9,36243,50,15,0.3,1,0.02
2990,94,10,40270,10,7,0.7,0,0.0
2991,94,10,40270,20,10,0.5,0,0.0
2992,94,10,40270,30,13,0.43333333333333335,1,0.03333333333333333
2993,94,10,40270,40,15,0.375,1,0.025
2994,94,10,40270,50,15,0.3,1,0.02
2995,94,11,44297,10,7,0.7,0,0.0
2996,94,11,44297,20,10,0.5,0,0.0
2997,94,11,44297,30,12,0.4,1,0.03333333333333333
2998,94,11,44297,40,15,0.375,1,0.025
2999,94,11,44297,50,15,0.3,1,0.02
3000,94,12,48324,10,7,0.7,0,0.0
3001,94,12,48324,20,10,0.5,0,0.0
3002,94,12,48324,30,12,0.4,1,0.03333333333333333
3003,94,12,48324,40,15,0.375,1,0.025
3004,94,12,48324,50,15,0.3,1,0.02
3005,94,13,52351,10,7,0.7,0,0.0
3006,94,13,52351,20,11,0.55,0,0.0
3007,94,13,52351,30,12,0.4,1,0.03333333333333333
3008,94,13,52351,40,15,0.375,1,0.025
3009,94,13,52351,50,15,0.3,1,0.02
3010,94,14,56378,10,7,0.7,0,0.0
3011,94,14,56378,20,10,0.5,0,0.0
3012,94,14,56378,30,12,0.4,1,0.03333333333333333
3013,94,14,56378,40,15,0.375,1,0.025
3014,94,14,56378,50,15,0.3,1,0.02
3015,94,15,60405,10,7,0.7,0,0.0
3016,94,15,60405,20,10,0.5,0,0.0
3017,94,15,60405,30,13,0.43333333333333335,1,0.03333333333333333
3018,94,15,60405,40,15,0.375,1,0.025
3019,94,15,60405,50,15,0.3,1,0.02
3020,94,16,64432,10,7,0.7,0,0.0
3021,94,16,64432,20,10,0.5,0,0.0
3022,94,16,64432,30,13,0.43333333333333335,1,0.03333333333333333
3023,94,16,64432,40,15,0.375,1,0.025
3024,94,16,64432,50,15,0.3,1,0.02
3025,94,17,68459,10,7,0.7,0,0.0
3026,94,17,68459,20,9,0.45,0,0.0
3027,94,17,68459,30,13,0.43333333333333335,1,0.03333333333333333
3028,94,17,68459,40,15,0.375,1,0.025
3029,94,17,68459,50,15,0.3,1,0.02
3030,94,18,72486,10,7,0.7,0,0.0
3031,94,18,72486,20,12,0.6,0,0.0
3032,94,18,72486,30,15,0.5,1,0.03333333333333333
3033,94,18,72486,40,21,0.525,2,0.05
3034,94,18,72486,50,23,0.46,2,0.04
3035,94,19,76513,10,7,0.7,0,0.0
3036,94,19,76513,20,11,0.55,0,0.0
3037,94,19,76513,30,15,0.5,1,0.03333333333333333
3038,94,19,76513,40,21,0.525,2,0.05
3039,94,19,76513,50,23,0.46,2,0.04
3040,95,1,4027,10,2,0.2,0,0.0
3041,95,1,4027,20,2,0.1,0,0.0
3042,95,1,4027,30,3,0.1,0,0.0
3043,95,1,4027,40,3,0.075,0,0.0
3044,95,1,4027,50,5,0.1,1,0.02
3045,95,2,8054,10,0,0.0,0,0.0
3046,95,2,8054,20,0,0.0,0,0.0
3047,95,2,8054,30,0,0.0,0,0.0
3048,95,2,8054,40,3,0.075,1,0.025
3049,95,2,8054,50,4,0.08,1,0.02
3050,95,3,12081,10,0,0.0,0,0.0
3051,95,3,12081,20,2,0.1,0,0.0
3052,95,3,12081,30,2,0.06666666666666667,0,0.0
3053,95,3,12081,40,2,0.05,0,0.0
3054,95,3,12081,50,4,0.08,0,0.0
3055,95,4,16108,10,0,0.0,0,0.0
3056,95,4,16108,20,2,0.1,0,0.0
3057,95,4,16108,30,2,0.06666666666666667,0,0.0
3058,95,4,16108,40,2,0.05,0,0.0
3059,95,4,16108,50,4,0.08,1,0.02
3060,95,5,20135,10,0,0.0,0,0.0
3061,95,5,20135,20,0,0.0,0,0.0
3062,95,5,20135,30,2,0.06666666666666667,0,0.0
3063,95,5,20135,40,3,0.075,1,0.025
3064,95,5,20135,50,3,0.06,1,0.02
3065,95,6,24162,10,0,0.0,0,0.0
3066,95,6,24162,20,2,0.1,0,0.0
3067,95,6,24162,30,2,0.06666666666666667,0,0.0
3068,95,6,24162,40,2,0.05,0,0.0
3069,95,6,24162,50,4,0.08,0,0.0
3070,95,7,28189,10,2,0.2,0,0.0
3071,95,7,28189,20,2,0.1,0,0.0
3072,95,7,28189,30,2,0.06666666666666667,0,0.0
3073,95,7,28189,40,2,0.05,0,0.0
3074,95,7,28189,50,5,0.1,1,0.02
3075,95,8,32216,10,0,0.0,0,0.0
3076,95,8,32216,20,2,0.1,0,0.0
3077,95,8,32216,30,2,0.06666666666666667,0,0.0
3078,95,8,32216,40,3,0.075,1,0.025
3079,95,8,32216,50,5,0.1,2,0.04
3080,95,9,36243,10,0,0.0,0,0.0
3081,95,9,36243,20,2,0.1,0,0.0
3082,95,9,36243,30,3,0.1,1,0.03333333333333333
3083,95,9,36243,40,5,0.125,2,0.05
3084,95,9,36243,50,6,0.12,2,0.04
3085,95,10,40270,10,0,0.0,0,0.0
3086,95,10,40270,20,2,0.1,0,0.0
3087,95,10,40270,30,4,0.13333333333333333,1,0.03333333333333333
3088,95,10,40270,40,5,0.125,2,0.05
3089,95,10,40270,50,6,0.12,2,0.04
3090,95,11,44297,10,0,0.0,0,0.0
3091,95,11,44297,20,2,0.1,1,0.05
3092,95,11,44297,30,4,0.13333333333333333,1,0.03333333333333333
3093,95,11,44297,40,5,0.125,2,0.05
3094,95,11,44297,50,6,0.12,2,0.04
3095,95,12,48324,10,0,0.0,0,0.0
3096,95,12,48324,20,1,0.05,1,0.05
3097,95,12,48324,30,4,0.13333333333333333,1,0.03333333333333333
3098,95,12,48324,40,5,0.125,2,0.05
3099,95,12,48324,50,6,0.12,2,0.04
3100,95,13,52351,10,0,0.0,0,0.0
3101,95,13,52351,20,2,0.1,0,0.0
3102,95,13,52351,30,3,0.1,1,0.03333333333333333
3103,95,13,52351,40,5,0.125,2,0.05
3104,95,13,52351,50,5,0.1,2,0.04
3105,95,14,56378,10,0,0.0,0,0.0
3106,95,14,56378,20,0,0.0,0,0.0
3107,95,14,56378,30,3,0.1,1,0.03333333333333333
3108,95,14,56378,40,5,0.125,2,0.05
3109,95,14,56378,50,6,0.12,2,0.04
3110,95,15,60405,10,0,0.0,0,0.0
3111,95,15,60405,20,0,0.0,0,0.0
3112,95,15,60405,30,2,0.06666666666666667,0,0.0
3113,95,15,60405,40,5,0.125,2,0.05
3114,95,15,60405,50,5,0.1,2,0.04
3115,95,16,64432,10,0,0.0,0,0.0
3116,95,16,64432,20,0,0.0,0,0.0
3117,95,16,64432,30,3,0.1,0,0.0
3118,95,16,64432,40,5,0.125,2,0.05
3119,95,16,64432,50,5,0.1,2,0.04
3120,95,17,68459,10,0,0.0,0,0.0
3121,95,17,68459,20,1,0.05,0,0.0
3122,95,17,68459,30,3,0.1,1,0.03333333333333333
3123,95,17,68459,40,4,0.1,1,0.025
3124,95,17,68459,50,5,0.1,2,0.04
3125,95,18,72486,10,0,0.0,0,0.0
3126,95,18,72486,20,1,0.05,0,0.0
3127,95,18,72486,30,3,0.1,1,0.03333333333333333
3128,95,18,72486,40,4,0.1,1,0.025
3129,95,18,72486,50,5,0.1,2,0.04
3130,95,19,76513,10,0,0.0,0,0.0
3131,95,19,76513,20,1,0.05,0,0.0
3132,95,19,76513,30,2,0.06666666666666667,1,0.03333333333333333
3133,95,19,76513,40,2,0.05,1,0.025
3134,95,19,76513,50,5,0.1,2,0.04
3135,97,1,4027,10,1,0.1,0,0.0
3136,97,1,4027,20,1,0.05,0,0.0
3137,97,1,4027,30,1,0.03333333333333333,0,0.0
3138,97,1,4027,40,2,0.05,0,0.0
3139,97,1,4027,50,2,0.04,0,0.0
3140,97,2,8054,10,1,0.1,0,0.0
3141,97,2,8054,20,1,0.05,0,0.0
3142,97,2,8054,30,1,0.03333333333333333,0,0.0
3143,97,2,8054,40,2,0.05,0,0.0
3144,97,2,8054,50,3,0.06,1,0.02
3145,97,3,12081,10,1,0.1,0,0.0
3146,97,3,12081,20,1,0.05,0,0.0
3147,97,3,12081,30,1,0.03333333333333333,0,0.0
3148,97,3,12081,40,2,0.05,0,0.0
3149,97,3,12081,50,2,0.04,1,0.02
3150,97,4,16108,10,1,0.1,0,0.0
3151,97,4,16108,20,1,0.05,0,0.0
3152,97,4,16108,30,1,0.03333333333333333,0,0.0
3153,97,4,16108,40,2,0.05,0,0.0
3154,97,4,16108,50,2,0.04,1,0.02
3155,97,5,20135,10,1,0.1,0,0.0
3156,97,5,20135,20,1,0.05,0,0.0
3157,97,5,20135,30,1,0.03333333333333333,0,0.0
3158,97,5,20135,40,2,0.05,0,0.0
3159,97,5,20135,50,2,0.04,1,0.02
3160,97,6,24162,10,1,0.1,0,0.0
3161,97,6,24162,20,1,0.05,0,0.0
3162,97,6,24162,30,1,0.03333333333333333,0,0.0
3163,97,6,24162,40,2,0.05,0,0.0
3164,97,6,24162,50,2,0.04,1,0.02
3165,97,7,28189,10,1,0.1,0,0.0
3166,97,7,28189,20,1,0.05,0,0.0
3167,97,7,28189,30,1,0.03333333333333333,0,0.0
3168,97,7,28189,40,2,0.05,0,0.0
3169,97,7,28189,50,2,0.04,1,0.02
3170,97,8,32216,10,1,0.1,0,0.0
3171,97,8,32216,20,1,0.05,0,0.0
3172,97,8,32216,30,1,0.03333333333333333,0,0.0
3173,97,8,32216,40,2,0.05,0,0.0
3174,97,8,32216,50,2,0.04,1,0.02
3175,97,9,36243,10,1,0.1,0,0.0
3176,97,9,36243,20,1,0.05,0,0.0
3177,97,9,36243,30,1,0.03333333333333333,0,0.0
3178,97,9,36243,40,2,0.05,0,0.0
3179,97,9,36243,50,2,0.04,1,0.02
3180,97,10,40270,10,1,0.1,0,0.0
3181,97,10,40270,20,1,0.05,0,0.0
3182,97,10,40270,30,1,0.03333333333333333,0,0.0
3183,97,10,40270,40,2,0.05,0,0.0
3184,97,10,40270,50,2,0.04,1,0.02
3185,97,11,44297,10,1,0.1,0,0.0
3186,97,11,44297,20,1,0.05,0,0.0
3187,97,11,44297,30,1,0.03333333333333333,0,0.0
3188,97,11,44297,40,2,0.05,0,0.0
3189,97,11,44297,50,2,0.04,1,0.02
3190,97,12,48324,10,1,0.1,0,0.0
3191,97,12,48324,20,1,0.05,0,0.0
3192,97,12,48324,30,1,0.03333333333333333,0,0.0
3193,97,12,48324,40,2,0.05,0,0.0
3194,97,12,48324,50,2,0.04,1,0.02
3195,97,13,52351,10,1,0.1,0,0.0
3196,97,13,52351,20,1,0.05,0,0.0
3197,97,13,52351,30,1,0.03333333333333333,0,0.0
3198,97,13,52351,40,2,0.05,0,0.0
3199,97,13,52351,50,2,0.04,1,0.02
3200,97,14,56378,10,1,0.1,0,0.0
3201,97,14,56378,20,1,0.05,0,0.0
3202,97,14,56378,30,1,0.03333333333333333,0,0.0
3203,97,14,56378,40,2,0.05,0,0.0
3204,97,14,56378,50,2,0.04,1,0.02
3205,97,15,60405,10,1,0.1,0,0.0
3206,97,15,60405,20,1,0.05,0,0.0
3207,97,15,60405,30,1,0.03333333333333333,0,0.0
3208,97,15,60405,40,2,0.05,0,0.0
3209,97,15,60405,50,2,0.04,1,0.02
3210,97,16,64432,10,1,0.1,0,0.0
3211,97,16,64432,20,1,0.05,0,0.0
3212,97,16,64432,30,1,0.03333333333333333,0,0.0
3213,97,16,64432,40,2,0.05,0,0.0
3214,97,16,64432,50,2,0.04,1,0.02
3215,97,17,68459,10,1,0.1,0,0.0
3216,97,17,68459,20,1,0.05,0,0.0
3217,97,17,68459,30,1,0.03333333333333333,0,0.0
3218,97,17,68459,40,2,0.05,0,0.0
3219,97,17,68459,50,2,0.04,1,0.02
3220,97,18,72486,10,1,0.1,0,0.0
3221,97,18,72486,20,1,0.05,0,0.0
3222,97,18,72486,30,1,0.03333333333333333,0,0.0
3223,97,18,72486,40,2,0.05,0,0.0
3224,97,18,72486,50,2,0.04,1,0.02
3225,97,19,76513,10,1,0.1,0,0.0
3226,97,19,76513,20,1,0.05,0,0.0
3227,97,19,76513,30,1,0.03333333333333333,0,0.0
3228,97,19,76513,40,2,0.05,0,0.0
3229,97,19,76513,50,2,0.04,1,0.02
3230,98,1,4027,10,0,0.0,0,0.0
3231,98,1,4027,20,1,0.05,0,0.0
3232,98,1,4027,30,1,0.03333333333333333,0,0.0
3233,98,1,4027,40,1,0.025,0,0.0
3234,98,1,4027,50,1,0.02,0,0.0
3235,98,2,8054,10,0,0.0,0,0.0
3236,98,2,8054,20,1,0.05,0,0.0
3237,98,2,8054,30,1,0.03333333333333333,0,0.0
3238,98,2,8054,40,1,0.025,0,0.0
3239,98,2,8054,50,1,0.02,0,0.0
3240,98,3,12081,10,0,0.0,0,0.0
3241,98,3,12081,20,0,0.0,0,0.0
3242,98,3,12081,30,1,0.03333333333333333,0,0.0
3243,98,3,12081,40,2,0.05,0,0.0
3244,98,3,12081,50,3,0.06,1,0.02
3245,98,4,16108,10,0,0.0,0,0.0
3246,98,4,16108,20,1,0.05,0,0.0
3247,98,4,16108,30,1,0.03333333333333333,0,0.0
3248,98,4,16108,40,1,0.025,0,0.0
3249,98,4,16108,50,2,0.04,0,0.0
3250,98,5,20135,10,0,0.0,0,0.0
3251,98,5,20135,20,0,0.0,0,0.0
3252,98,5,20135,30,1,0.03333333333333333,0,0.0
3253,98,5,20135,40,1,0.025,0,0.0
3254,98,5,20135,50,3,0.06,1,0.02
3255,98,6,24162,10,0,0.0,0,0.0
3256,98,6,24162,20,0,0.0,0,0.0
3257,98,6,24162,30,1,0.03333333333333333,0,0.0
3258,98,6,24162,40,2,0.05,0,0.0
3259,98,6,24162,50,3,0.06,1,0.02
3260,98,7,28189,10,0,0.0,0,0.0
3261,98,7,28189,20,0,0.0,0,0.0
3262,98,7,28189,30,1,0.03333333333333333,0,0.0
3263,98,7,28189,40,1,0.025,0,0.0
3264,98,7,28189,50,3,0.06,1,0.02
3265,98,8,32216,10,0,0.0,0,0.0
3266,98,8,32216,20,0,0.0,0,0.0
3267,98,8,32216,30,1,0.03333333333333333,0,0.0
3268,98,8,32216,40,3,0.075,1,0.025
3269,98,8,32216,50,4,0.08,1,0.02
3270,98,9,36243,10,0,0.0,0,0.0
3271,98,9,36243,20,0,0.0,0,0.0
3272,98,9,36243,30,0,0.0,0,0.0
3273,98,9,36243,40,0,0.0,0,0.0
3274,98,9,36243,50,4,0.08,1,0.02
3275,98,10,40270,10,0,0.0,0,0.0
3276,98,10,40270,20,0,0.0,0,0.0
3277,98,10,40270,30,0,0.0,0,0.0
3278,98,10,40270,40,1,0.025,1,0.025
3279,98,10,40270,50,3,0.06,1,0.02
3280,98,11,44297,10,0,0.0,0,0.0
3281,98,11,44297,20,0,0.0,0,0.0
3282,98,11,44297,30,0,0.0,0,0.0
3283,98,11,44297,40,1,0.025,1,0.025
3284,98,11,44297,50,3,0.06,1,0.02
3285,98,12,48324,10,0,0.0,0,0.0
3286,98,12,48324,20,0,0.0,0,0.0
3287,98,12,48324,30,0,0.0,0,0.0
3288,98,12,48324,40,1,0.025,1,0.025
3289,98,12,48324,50,3,0.06,1,0.02
3290,98,13,52351,10,0,0.0,0,0.0
3291,98,13,52351,20,0,0.0,0,0.0
3292,98,13,52351,30,0,0.0,0,0.0
3293,98,13,52351,40,2,0.05,1,0.025
3294,98,13,52351,50,3,0.06,1,0.02
3295,98,14,56378,10,0,0.0,0,0.0
3296,98,14,56378,20,0,0.0,0,0.0
3297,98,14,56378,30,0,0.0,0,0.0
3298,98,14,56378,40,1,0.025,1,0.025
3299,98,14,56378,50,3,0.06,1,0.02
3300,98,15,60405,10,0,0.0,0,0.0
3301,98,15,60405,20,0,0.0,0,0.0
3302,98,15,60405,30,0,0.0,0,0.0
3303,98,15,60405,40,1,0.025,1,0.025
3304,98,15,60405,50,3,0.06,1,0.02
3305,98,16,64432,10,0,0.0,0,0.0
3306,98,16,64432,20,0,0.0,0,0.0
3307,98,16,64432,30,0,0.0,0,0.0
3308,98,16,64432,40,2,0.05,1,0.025
3309,98,16,64432,50,3,0.06,1,0.02
3310,98,17,68459,10,0,0.0,0,0.0
3311,98,17,68459,20,0,0.0,0,0.0
3312,98,17,68459,30,1,0.03333333333333333,1,0.03333333333333333
3313,98,17,68459,40,2,0.05,1,0.025
3314,98,17,68459,50,3,0.06,1,0.02
3315,98,18,72486,10,0,0.0,0,0.0
3316,98,18,72486,20,0,0.0,0,0.0
3317,98,18,72486,30,1,0.03333333333333333,1,0.03333333333333333
3318,98,18,72486,40,2,0.05,1,0.025
3319,98,18,72486,50,3,0.06,1,0.02
3320,98,19,76513,10,0,0.0,0,0.0
3321,98,19,76513,20,0,0.0,0,0.0
3322,98,19,76513,30,1,0.03333333333333333,1,0.03333333333333333
3323,98,19,76513,40,2,0.05,1,0.025
3324,98,19,76513,50,3,0.06,1,0.02
3325,99,1,4027,10,8,0.8,1,0.1
3326,99,1,4027,20,16,0.8,2,0.1
3327,99,1,4027,30,18,0.6,2,0.06666666666666667
3328,99,1,4027,40,23,0.575,4,0.1
3329,99,1,4027,50,25,0.5,5,0.1
3330,99,2,8054,10,10,1.0,2,0.2
3331,99,2,8054,20,18,0.9,2,0.1
3332,99,2,8054,30,24,0.8,4,0.13333333333333333
3333,99,2,8054,40,25,0.625,5,0.125
3334,99,2,8054,50,30,0.6,6,0.12
3335,99,3,12081,10,9,0.9,2,0.2
3336,99,3,12081,20,18,0.9,2,0.1
3337,99,3,12081,30,23,0.7666666666666667,3,0.1
3338,99,3,12081,40,24,0.6,4,0.1
3339,99,3,12081,50,29,0.58,6,0.12
3340,99,4,16108,10,9,0.9,2,0.2
3341,99,4,16108,20,18,0.9,2,0.1
3342,99,4,16108,30,21,0.7,2,0.06666666666666667
3343,99,4,16108,40,24,0.6,4,0.1
3344,99,4,16108,50,26,0.52,5,0.1
3345,99,5,20135,10,9,0.9,2,0.2
3346,99,5,20135,20,18,0.9,2,0.1
3347,99,5,20135,30,21,0.7,2,0.06666666666666667
3348,99,5,20135,40,24,0.6,4,0.1
3349,99,5,20135,50,26,0.52,5,0.1
3350,99,6,24162,10,9,0.9,2,0.2
3351,99,6,24162,20,18,0.9,2,0.1
3352,99,6,24162,30,21,0.7,2,0.06666666666666667
3353,99,6,24162,40,24,0.6,4,0.1
3354,99,6,24162,50,27,0.54,5,0.1
3355,99,7,28189,10,9,0.9,2,0.2
3356,99,7,28189,20,18,0.9,2,0.1
3357,99,7,28189,30,21,0.7,2,0.06666666666666667
3358,99,7,28189,40,24,0.6,4,0.1
3359,99,7,28189,50,27,0.54,5,0.1
3360,99,8,32216,10,9,0.9,2,0.2
3361,99,8,32216,20,18,0.9,2,0.1
3362,99,8,32216,30,20,0.6666666666666666,2,0.06666666666666667
3363,99,8,32216,40,24,0.6,4,0.1
3364,99,8,32216,50,27,0.54,5,0.1
3365,99,9,36243,10,9,0.9,2,0.2
3366,99,9,36243,20,18,0.9,2,0.1
3367,99,9,36243,30,20,0.6666666666666666,2,0.06666666666666667
3368,99,9,36243,40,24,0.6,4,0.1
3369,99,9,36243,50,27,0.54,5,0.1
3370,99,10,40270,10,9,0.9,2,0.2
3371,99,10,40270,20,18,0.9,2,0.1
3372,99,10,40270,30,20,0.6666666666666666,2,0.06666666666666667
3373,99,10,40270,40,24,0.6,4,0.1
3374,99,10,40270,50,27,0.54,5,0.1
3375,99,11,44297,10,9,0.9,2,0.2
3376,99,11,44297,20,18,0.9,2,0.1
3377,99,11,44297,30,20,0.6666666666666666,2,0.06666666666666667
3378,99,11,44297,40,24,0.6,4,0.1
3379,99,11,44297,50,27,0.54,5,0.1
3380,99,12,48324,10,9,0.9,2,0.2
3381,99,12,48324,20,18,0.9,2,0.1
3382,99,12,48324,30,20,0.6666666666666666,2,0.06666666666666667
3383,99,12,48324,40,24,0.6,4,0.1
3384,99,12,48324,50,26,0.52,5,0.1
3385,99,13,52351,10,9,0.9,2,0.2
3386,99,13,52351,20,18,0.9,2,0.1
3387,99,13,52351,30,19,0.6333333333333333,2,0.06666666666666667
3388,99,13,52351,40,22,0.55,3,0.075
3389,99,13,52351,50,25,0.5,5,0.1
3390,99,14,56378,10,9,0.9,2,0.2
3391,99,14,56378,20,18,0.9,2,0.1
3392,99,14,56378,30,19,0.6333333333333333,2,0.06666666666666667
3393,99,14,56378,40,22,0.55,3,0.075
3394,99,14,56378,50,24,0.48,4,0.08
3395,99,15,60405,10,8,0.8,2,0.2
3396,99,15,60405,20,17,0.85,2,0.1
3397,99,15,60405,30,18,0.6,2,0.06666666666666667
3398,99,15,60405,40,19,0.475,2,0.05
3399,99,15,60405,50,24,0.48,4,0.08
3400,99,16,64432,10,5,0.5,1,0.1
3401,99,16,64432,20,14,0.7,2,0.1
3402,99,16,64432,30,18,0.6,2,0.06666666666666667
3403,99,16,64432,40,19,0.475,2,0.05
3404,99,16,64432,50,23,0.46,3,0.06
3405,99,17,68459,10,5,0.5,1,0.1
3406,99,17,68459,20,14,0.7,2,0.1
3407,99,17,68459,30,18,0.6,2,0.06666666666666667
3408,99,17,68459,40,19,0.475,2,0.05
3409,99,17,68459,50,21,0.42,2,0.04
3410,99,18,72486,10,5,0.5,1,0.1
3411,99,18,72486,20,14,0.7,2,0.1
3412,99,18,72486,30,18,0.6,2,0.06666666666666667
3413,99,18,72486,40,19,0.475,2,0.05
3414,99,18,72486,50,21,0.42,2,0.04
3415,99,19,76513,10,5,0.5,1,0.1
3416,99,19,76513,20,14,0.7,2,0.1
3417,99,19,76513,30,18,0.6,2,0.06666666666666667
3418,99,19,76513,40,19,0.475,2,0.05
3419,99,19,76513,50,21,0.42,2,0.04
3420,100,1,4027,10,2,0.2,0,0.0
3421,100,1,4027,20,2,0.1,0,0.0
3422,100,1,4027,30,4,0.13333333333333333,0,0.0
3423,100,1,4027,40,6,0.15,0,0.0
3424,100,1,4027,50,11,0.22,1,0.02
3425,100,2,8054,10,2,0.2,0,0.0
3426,100,2,8054,20,2,0.1,0,0.0
3427,100,2,8054,30,4,0.13333333333333333,0,0.0
3428,100,2,8054,40,6,0.15,0,0.0
3429,100,2,8054,50,11,0.22,1,0.02
3430,100,3,12081,10,2,0.2,0,0.0
3431,100,3,12081,20,2,0.1,0,0.0
3432,100,3,12081,30,2,0.06666666666666667,0,0.0
3433,100,3,12081,40,7,0.175,0,0.0
3434,100,3,12081,50,11,0.22,1,0.02
3435,100,4,16108,10,2,0.2,0,0.0
3436,100,4,16108,20,2,0.1,0,0.0
3437,100,4,16108,30,2,0.06666666666666667,0,0.0
3438,100,4,16108,40,5,0.125,0,0.0
3439,100,4,16108,50,11,0.22,1,0.02
3440,100,5,20135,10,2,0.2,0,0.0
3441,100,5,20135,20,2,0.1,0,0.0
3442,100,5,20135,30,2,0.06666666666666667,0,0.0
3443,100,5,20135,40,5,0.125,0,0.0
3444,100,5,20135,50,11,0.22,1,0.02
3445,100,6,24162,10,2,0.2,0,0.0
3446,100,6,24162,20,2,0.1,0,0.0
3447,100,6,24162,30,2,0.06666666666666667,0,0.0
3448,100,6,24162,40,5,0.125,0,0.0
3449,100,6,24162,50,11,0.22,1,0.02
3450,100,7,28189,10,2,0.2,0,0.0
3451,100,7,28189,20,2,0.1,0,0.0
3452,100,7,28189,30,2,0.06666666666666667,0,0.0
3453,100,7,28189,40,4,0.1,0,0.0
3454,100,7,28189,50,10,0.2,1,0.02
3455,100,8,32216,10,2,0.2,0,0.0
3456,100,8,32216,20,2,0.1,0,0.0
3457,100,8,32216,30,2,0.06666666666666667,0,0.0
3458,100,8,32216,40,4,0.1,0,0.0
3459,100,8,32216,50,10,0.2,1,0.02
3460,100,9,36243,10,2,0.2,0,0.0
3461,100,9,36243,20,2,0.1,0,0.0
3462,100,9,36243,30,2,0.06666666666666667,0,0.0
3463,100,9,36243,40,5,0.125,0,0.0
3464,100,9,36243,50,11,0.22,1,0.02
3465,100,10,40270,10,2,0.2,0,0.0
3466,100,10,40270,20,2,0.1,0,0.0
3467,100,10,40270,30,2,0.06666666666666667,0,0.0
3468,100,10,40270,40,5,0.125,0,0.0
3469,100,10,40270,50,10,0.2,1,0.02
3470,100,11,44297,10,2,0.2,0,0.0
3471,100,11,44297,20,2,0.1,0,0.0
3472,100,11,44297,30,2,0.06666666666666667,0,0.0
3473,100,11,44297,40,5,0.125,0,0.0
3474,100,11,44297,50,11,0.22,1,0.02
3475,100,12,48324,10,2,0.2,0,0.0
3476,100,12,48324,20,2,0.1,0,0.0
3477,100,12,48324,30,2,0.06666666666666667,0,0.0
3478,100,12,48324,40,5,0.125,0,0.0
3479,100,12,48324,50,11,0.22,1,0.02
3480,100,13,52351,10,2,0.2,0,0.0
3481,100,13,52351,20,2,0.1,0,0.0
3482,100,13,52351,30,2,0.06666666666666667,0,0.0
3483,100,13,52351,40,4,0.1,0,0.0
3484,100,13,52351,50,10,0.2,1,0.02
3485,100,14,56378,10,2,0.2,0,0.0
3486,100,14,56378,20,2,0.1,0,0.0
3487,100,14,56378,30,2,0.06666666666666667,0,0.0
3488,100,14,56378,40,4,0.1,0,0.0
3489,100,14,56378,50,9,0.18,1,0.02
3490,100,15,60405,10,2,0.2,0,0.0
3491,100,15,60405,20,2,0.1,0,0.0
3492,100,15,60405,30,2,0.06666666666666667,0,0.0
3493,100,15,60405,40,4,0.1,0,0.0
3494,100,15,60405,50,9,0.18,1,0.02
3495,100,16,64432,10,2,0.2,0,0.0
3496,100,16,64432,20,2,0.1,0,0.0
3497,100,16,64432,30,2,0.06666666666666667,0,0.0
3498,100,16,64432,40,4,0.1,0,0.0
3499,100,16,64432,50,10,0.2,1,0.02
3500,100,17,68459,10,2,0.2,0,0.0
3501,100,17,68459,20,2,0.1,0,0.0
3502,100,17,68459,30,2,0.06666666666666667,0,0.0
3503,100,17,68459,40,4,0.1,0,0.0
3504,100,17,68459,50,9,0.18,1,0.02
3505,100,18,72486,10,2,0.2,0,0.0
3506,100,18,72486,20,2,0.1,0,0.0
3507,100,18,72486,30,2,0.06666666666666667,0,0.0
3508,100,18,72486,40,4,0.1,0,0.0
3509,100,18,72486,50,9,0.18,1,0.02
3510,100,19,76513,10,2,0.2,0,0.0
3511,100,19,76513,20,2,0.1,0,0.0
3512,100,19,76513,30,2,0.06666666666666667,0,0.0
3513,100,19,76513,40,4,0.1,0,0.0
3514,100,19,76513,50,9,0.18,1,0.02
3515,112,1,4027,10,1,0.1,0,0.0
3516,112,1,4027,20,2,0.1,0,0.0
3517,112,1,4027,30,2,0.06666666666666667,0,0.0
3518,112,1,4027,40,2,0.05,0,0.0
3519,112,1,4027,50,2,0.04,0,0.0
3520,112,2,8054,10,1,0.1,0,0.0
3521,112,2,8054,20,2,0.1,0,0.0
3522,112,2,8054,30,2,0.06666666666666667,0,0.0
3523,112,2,8054,40,2,0.05,0,0.0
3524,112,2,8054,50,2,0.04,0,0.0
3525,112,3,12081,10,1,0.1,0,0.0
3526,112,3,12081,20,2,0.1,0,0.0
3527,112,3,12081,30,2,0.06666666666666667,0,0.0
3528,112,3,12081,40,2,0.05,0,0.0
3529,112,3,12081,50,2,0.04,0,0.0
3530,112,4,16108,10,1,0.1,0,0.0
3531,112,4,16108,20,2,0.1,0,0.0
3532,112,4,16108,30,2,0.06666666666666667,0,0.0
3533,112,4,16108,40,2,0.05,0,0.0
3534,112,4,16108,50,2,0.04,0,0.0
3535,112,5,20135,10,1,0.1,0,0.0
3536,112,5,20135,20,2,0.1,0,0.0
3537,112,5,20135,30,2,0.06666666666666667,0,0.0
3538,112,5,20135,40,2,0.05,0,0.0
3539,112,5,20135,50,2,0.04,0,0.0
3540,112,6,24162,10,1,0.1,0,0.0
3541,112,6,24162,20,2,0.1,0,0.0
3542,112,6,24162,30,2,0.06666666666666667,0,0.0
3543,112,6,24162,40,2,0.05,0,0.0
3544,112,6,24162,50,2,0.04,0,0.0
3545,112,7,28189,10,1,0.1,0,0.0
3546,112,7,28189,20,2,0.1,0,0.0
3547,112,7,28189,30,2,0.06666666666666667,0,0.0
3548,112,7,28189,40,2,0.05,0,0.0
3549,112,7,28189,50,2,0.04,0,0.0
3550,112,8,32216,10,1,0.1,0,0.0
3551,112,8,32216,20,2,0.1,0,0.0
3552,112,8,32216,30,2,0.06666666666666667,0,0.0
3553,112,8,32216,40,2,0.05,0,0.0
3554,112,8,32216,50,2,0.04,0,0.0
3555,112,9,36243,10,1,0.1,0,0.0
3556,112,9,36243,20,2,0.1,0,0.0
3557,112,9,36243,30,2,0.06666666666666667,0,0.0
3558,112,9,36243,40,2,0.05,0,0.0
3559,112,9,36243,50,2,0.04,0,0.0
3560,112,10,40270,10,1,0.1,0,0.0
3561,112,10,40270,20,2,0.1,0,0.0
3562,112,10,40270,30,2,0.06666666666666667,0,0.0
3563,112,10,40270,40,2,0.05,0,0.0
3564,112,10,40270,50,2,0.04,0,0.0
3565,112,11,44297,10,1,0.1,0,0.0
3566,112,11,44297,20,2,0.1,0,0.0
3567,112,11,44297,30,2,0.06666666666666667,0,0.0
3568,112,11,44297,40,2,0.05,0,0.0
3569,112,11,44297,50,2,0.04,0,0.0
3570,112,12,48324,10,1,0.1,0,0.0
3571,112,12,48324,20,2,0.1,0,0.0
3572,112,12,48324,30,2,0.06666666666666667,0,0.0
3573,112,12,48324,40,2,0.05,0,0.0
3574,112,12,48324,50,2,0.04,0,0.0
3575,112,13,52351,10,1,0.1,0,0.0
3576,112,13,52351,20,2,0.1,0,0.0
3577,112,13,52351,30,2,0.06666666666666667,0,0.0
3578,112,13,52351,40,2,0.05,0,0.0
3579,112,13,52351,50,2,0.04,0,0.0
3580,112,14,56378,10,1,0.1,0,0.0
3581,112,14,56378,20,2,0.1,0,0.0
3582,112,14,56378,30,2,0.06666666666666667,0,0.0
3583,112,14,56378,40,2,0.05,0,0.0
3584,112,14,56378,50,2,0.04,0,0.0
3585,112,15,60405,10,1,0.1,0,0.0
3586,112,15,60405,20,2,0.1,0,0.0
3587,112,15,60405,30,2,0.06666666666666667,0,0.0
3588,112,15,60405,40,2,0.05,0,0.0
3589,112,15,60405,50,2,0.04,0,0.0
3590,112,16,64432,10,1,0.1,0,0.0
3591,112,16,64432,20,2,0.1,0,0.0
3592,112,16,64432,30,2,0.06666666666666667,0,0.0
3593,112,16,64432,40,2,0.05,0,0.0
3594,112,16,64432,50,2,0.04,0,0.0
3595,112,17,68459,10,1,0.1,0,0.0
3596,112,17,68459,20,2,0.1,0,0.0
3597,112,17,68459,30,2,0.06666666666666667,0,0.0
3598,112,17,68459,40,2,0.05,0,0.0
3599,112,17,68459,50,2,0.04,0,0.0
3600,112,18,72486,10,1,0.1,0,0.0
3601,112,18,72486,20,2,0.1,0,0.0
3602,112,18,72486,30,2,0.06666666666666667,0,0.0
3603,112,18,72486,40,2,0.05,0,0.0
3604,112,18,72486,50,2,0.04,0,0.0
3605,112,19,76513,10,1,0.1,0,0.0
3606,112,19,76513,20,2,0.1,0,0.0
3607,112,19,76513,30,2,0.06666666666666667,0,0.0
3608,112,19,76513,40,2,0.05,0,0.0
3609,112,19,76513,50,2,0.04,0,0.0
3610,113,1,4027,10,1,0.1,0,0.0
3611,113,1,4027,20,1,0.05,0,0.0
3612,113,1,4027,30,1,0.03333333333333333,0,0.0
3613,113,1,4027,40,2,0.05,0,0.0
3614,113,1,4027,50,2,0.04,0,0.0
3615,113,2,8054,10,1,0.1,0,0.0
3616,113,2,8054,20,1,0.05,0,0.0
3617,113,2,8054,30,1,0.03333333333333333,0,0.0
3618,113,2,8054,40,2,0.05,0,0.0
3619,113,2,8054,50,2,0.04,0,0.0
3620,113,3,12081,10,1,0.1,0,0.0
3621,113,3,12081,20,1,0.05,0,0.0
3622,113,3,12081,30,1,0.03333333333333333,0,0.0
3623,113,3,12081,40,2,0.05,0,0.0
3624,113,3,12081,50,2,0.04,0,0.0
3625,113,4,16108,10,1,0.1,0,0.0
3626,113,4,16108,20,1,0.05,0,0.0
3627,113,4,16108,30,1,0.03333333333333333,0,0.0
3628,113,4,16108,40,2,0.05,0,0.0
3629,113,4,16108,50,2,0.04,0,0.0
3630,113,5,20135,10,1,0.1,0,0.0
3631,113,5,20135,20,1,0.05,0,0.0
3632,113,5,20135,30,1,0.03333333333333333,0,0.0
3633,113,5,20135,40,2,0.05,0,0.0
3634,113,5,20135,50,2,0.04,0,0.0
3635,113,6,24162,10,1,0.1,0,0.0
3636,113,6,24162,20,1,0.05,0,0.0
3637,113,6,24162,30,1,0.03333333333333333,0,0.0
3638,113,6,24162,40,2,0.05,0,0.0
3639,113,6,24162,50,2,0.04,0,0.0
3640,113,7,28189,10,1,0.1,0,0.0
3641,113,7,28189,20,1,0.05,0,0.0
3642,113,7,28189,30,1,0.03333333333333333,0,0.0
3643,113,7,28189,40,2,0.05,0,0.0
3644,113,7,28189,50,2,0.04,0,0.0
3645,113,8,32216,10,1,0.1,0,0.0
3646,113,8,32216,20,1,0.05,0,0.0
3647,113,8,32216,30,1,0.03333333333333333,0,0.0
3648,113,8,32216,40,2,0.05,0,0.0
3649,113,8,32216,50,2,0.04,0,0.0
3650,113,9,36243,10,1,0.1,0,0.0
3651,113,9,36243,20,1,0.05,0,0.0
3652,113,9,36243,30,1,0.03333333333333333,0,0.0
3653,113,9,36243,40,2,0.05,0,0.0
3654,113,9,36243,50,2,0.04,0,0.0
3655,113,10,40270,10,1,0.1,0,0.0
3656,113,10,40270,20,1,0.05,0,0.0
3657,113,10,40270,30,1,0.03333333333333333,0,0.0
3658,113,10,40270,40,2,0.05,0,0.0
3659,113,10,40270,50,2,0.04,0,0.0
3660,113,11,44297,10,1,0.1,0,0.0
3661,113,11,44297,20,1,0.05,0,0.0
3662,113,11,44297,30,1,0.03333333333333333,0,0.0
3663,113,11,44297,40,2,0.05,0,0.0
3664,113,11,44297,50,2,0.04,0,0.0
3665,113,12,48324,10,1,0.1,0,0.0
3666,113,12,48324,20,1,0.05,0,0.0
3667,113,12,48324,30,1,0.03333333333333333,0,0.0
3668,113,12,48324,40,2,0.05,0,0.0
3669,113,12,48324,50,2,0.04,0,0.0
3670,113,13,52351,10,1,0.1,0,0.0
3671,113,13,52351,20,1,0.05,0,0.0
3672,113,13,52351,30,1,0.03333333333333333,0,0.0
3673,113,13,52351,40,2,0.05,0,0.0
3674,113,13,52351,50,2,0.04,0,0.0
3675,113,14,56378,10,1,0.1,0,0.0
3676,113,14,56378,20,1,0.05,0,0.0
3677,113,14,56378,30,1,0.03333333333333333,0,0.0
3678,113,14,56378,40,2,0.05,0,0.0
3679,113,14,56378,50,2,0.04,0,0.0
3680,113,15,60405,10,1,0.1,0,0.0
3681,113,15,60405,20,1,0.05,0,0.0
3682,113,15,60405,30,1,0.03333333333333333,0,0.0
3683,113,15,60405,40,2,0.05,0,0.0
3684,113,15,60405,50,2,0.04,0,0.0
3685,113,16,64432,10,1,0.1,0,0.0
3686,113,16,64432,20,1,0.05,0,0.0
3687,113,16,64432,30,1,0.03333333333333333,0,0.0
3688,113,16,64432,40,2,0.05,0,0.0
3689,113,16,64432,50,2,0.04,0,0.0
3690,113,17,68459,10,1,0.1,0,0.0
3691,113,17,68459,20,1,0.05,0,0.0
3692,113,17,68459,30,1,0.03333333333333333,0,0.0
3693,113,17,68459,40,2,0.05,0,0.0
3694,113,17,68459,50,2,0.04,0,0.0
3695,113,18,72486,10,1,0.1,0,0.0
3696,113,18,72486,20,1,0.05,0,0.0
3697,113,18,72486,30,1,0.03333333333333333,0,0.0
3698,113,18,72486,40,2,0.05,0,0.0
3699,113,18,72486,50,2,0.04,0,0.0
3700,113,19,76513,10,1,0.1,0,0.0
3701,113,19,76513,20,1,0.05,0,0.0
3702,113,19,76513,30,1,0.03333333333333333,0,0.0
3703,113,19,76513,40,2,0.05,0,0.0
3704,113,19,76513,50,2,0.04,0,0.0
3705,118,1,4027,10,1,0.1,0,0.0
3706,118,1,4027,20,1,0.05,0,0.0
3707,118,1,4027,30,1,0.03333333333333333,0,0.0
3708,118,1,4027,40,1,0.025,0,0.0
3709,118,1,4027,50,1,0.02,0,0.0
3710,118,2,8054,10,1,0.1,0,0.0
3711,118,2,8054,20,1,0.05,0,0.0
3712,118,2,8054,30,1,0.03333333333333333,0,0.0
3713,118,2,8054,40,2,0.05,0,0.0
3714,118,2,8054,50,2,0.04,0,0.0
3715,118,3,12081,10,1,0.1,0,0.0
3716,118,3,12081,20,1,0.05,0,0.0
3717,118,3,12081,30,1,0.03333333333333333,0,0.0
3718,118,3,12081,40,1,0.025,0,0.0
3719,118,3,12081,50,2,0.04,0,0.0
3720,118,4,16108,10,1,0.1,0,0.0
3721,118,4,16108,20,1,0.05,0,0.0
3722,118,4,16108,30,1,0.03333333333333333,0,0.0
3723,118,4,16108,40,1,0.025,0,0.0
3724,118,4,16108,50,2,0.04,0,0.0
3725,118,5,20135,10,1,0.1,0,0.0
3726,118,5,20135,20,1,0.05,0,0.0
3727,118,5,20135,30,1,0.03333333333333333,0,0.0
3728,118,5,20135,40,1,0.025,0,0.0
3729,118,5,20135,50,2,0.04,0,0.0
3730,118,6,24162,10,1,0.1,0,0.0
3731,118,6,24162,20,1,0.05,0,0.0
3732,118,6,24162,30,1,0.03333333333333333,0,0.0
3733,118,6,24162,40,2,0.05,0,0.0
3734,118,6,24162,50,2,0.04,0,0.0
3735,118,7,28189,10,1,0.1,0,0.0
3736,118,7,28189,20,1,0.05,0,0.0
3737,118,7,28189,30,1,0.03333333333333333,0,0.0
3738,118,7,28189,40,2,0.05,0,0.0
3739,118,7,28189,50,2,0.04,0,0.0
3740,118,8,32216,10,1,0.1,0,0.0
3741,118,8,32216,20,1,0.05,0,0.0
3742,118,8,32216,30,1,0.03333333333333333,0,0.0
3743,118,8,32216,40,2,0.05,0,0.0
3744,118,8,32216,50,2,0.04,0,0.0
3745,118,9,36243,10,1,0.1,0,0.0
3746,118,9,36243,20,1,0.05,0,0.0
3747,118,9,36243,30,1,0.03333333333333333,0,0.0
3748,118,9,36243,40,2,0.05,0,0.0
3749,118,9,36243,50,2,0.04,0,0.0
3750,118,10,40270,10,1,0.1,0,0.0
3751,118,10,40270,20,1,0.05,0,0.0
3752,118,10,40270,30,1,0.03333333333333333,0,0.0
3753,118,10,40270,40,2,0.05,0,0.0
3754,118,10,40270,50,2,0.04,0,0.0
3755,118,11,44297,10,1,0.1,0,0.0
3756,118,11,44297,20,1,0.05,0,0.0
3757,118,11,44297,30,1,0.03333333333333333,0,0.0
3758,118,11,44297,40,2,0.05,0,0.0
3759,118,11,44297,50,2,0.04,0,0.0
3760,118,12,48324,10,1,0.1,0,0.0
3761,118,12,48324,20,1,0.05,0,0.0
3762,118,12,48324,30,1,0.03333333333333333,0,0.0
3763,118,12,48324,40,2,0.05,0,0.0
3764,118,12,48324,50,2,0.04,0,0.0
3765,118,13,52351,10,1,0.1,0,0.0
3766,118,13,52351,20,1,0.05,0,0.0
3767,118,13,52351,30,1,0.03333333333333333,0,0.0
3768,118,13,52351,40,2,0.05,0,0.0
3769,118,13,52351,50,2,0.04,0,0.0
3770,118,14,56378,10,1,0.1,0,0.0
3771,118,14,56378,20,1,0.05,0,0.0
3772,118,14,56378,30,1,0.03333333333333333,0,0.0
3773,118,14,56378,40,2,0.05,0,0.0
3774,118,14,56378,50,2,0.04,0,0.0
3775,118,15,60405,10,1,0.1,0,0.0
3776,118,15,60405,20,1,0.05,0,0.0
3777,118,15,60405,30,1,0.03333333333333333,0,0.0
3778,118,15,60405,40,2,0.05,0,0.0
3779,118,15,60405,50,2,0.04,0,0.0
3780,118,16,64432,10,1,0.1,0,0.0
3781,118,16,64432,20,1,0.05,0,0.0
3782,118,16,64432,30,1,0.03333333333333333,0,0.0
3783,118,16,64432,40,2,0.05,0,0.0
3784,118,16,64432,50,2,0.04,0,0.0
3785,118,17,68459,10,1,0.1,0,0.0
3786,118,17,68459,20,1,0.05,0,0.0
3787,118,17,68459,30,1,0.03333333333333333,0,0.0
3788,118,17,68459,40,2,0.05,0,0.0
3789,118,17,68459,50,2,0.04,0,0.0
3790,118,18,72486,10,1,0.1,0,0.0
3791,118,18,72486,20,1,0.05,0,0.0
3792,118,18,72486,30,1,0.03333333333333333,0,0.0
3793,118,18,72486,40,2,0.05,0,0.0
3794,118,18,72486,50,2,0.04,0,0.0
3795,118,19,76513,10,1,0.1,0,0.0
3796,118,19,76513,20,1,0.05,0,0.0
3797,118,19,76513,30,1,0.03333333333333333,0,0.0
3798,118,19,76513,40,2,0.05,0,0.0
3799,118,19,76513,50,2,0.04,0,0.0
3800,128,1,4027,10,0,0.0,1,0.1
3801,128,1,4027,20,0,0.0,1,0.05
3802,128,1,4027,30,0,0.0,1,0.03333333333333333
3803,128,1,4027,40,0,0.0,1,0.025
3804,128,1,4027,50,0,0.0,1,0.02
3805,128,2,8054,10,0,0.0,0,0.0
3806,128,2,8054,20,0,0.0,0,0.0
3807,128,2,8054,30,0,0.0,0,0.0
3808,128,2,8054,40,0,0.0,0,0.0
3809,128,2,8054,50,0,0.0,0,0.0
3810,128,3,12081,10,0,0.0,0,0.0
3811,128,3,12081,20,0,0.0,0,0.0
3812,128,3,12081,30,0,0.0,0,0.0
3813,128,3,12081,40,0,0.0,0,0.0
3814,128,3,12081,50,0,0.0,0,0.0
3815,128,4,16108,10,0,0.0,0,0.0
3816,128,4,16108,20,0,0.0,0,0.0
3817,128,4,16108,30,0,0.0,0,0.0
3818,128,4,16108,40,0,0.0,0,0.0
3819,128,4,16108,50,0,0.0,0,0.0
3820,128,5,20135,10,0,0.0,0,0.0
3821,128,5,20135,20,0,0.0,0,0.0
3822,128,5,20135,30,0,0.0,0,0.0
3823,128,5,20135,40,0,0.0,0,0.0
3824,128,5,20135,50,0,0.0,0,0.0
3825,128,6,24162,10,0,0.0,0,0.0
3826,128,6,24162,20,0,0.0,0,0.0
3827,128,6,24162,30,0,0.0,0,0.0
3828,128,6,24162,40,0,0.0,0,0.0
3829,128,6,24162,50,0,0.0,0,0.0
3830,128,7,28189,10,0,0.0,0,0.0
3831,128,7,28189,20,0,0.0,0,0.0
3832,128,7,28189,30,0,0.0,0,0.0
3833,128,7,28189,40,0,0.0,0,0.0
3834,128,7,28189,50,0,0.0,0,0.0
3835,128,8,32216,10,0,0.0,0,0.0
3836,128,8,32216,20,0,0.0,0,0.0
3837,128,8,32216,30,0,0.0,0,0.0
3838,128,8,32216,40,0,0.0,0,0.0
3839,128,8,32216,50,0,0.0,0,0.0
3840,128,9,36243,10,0,0.0,0,0.0
3841,128,9,36243,20,0,0.0,0,0.0
3842,128,9,36243,30,0,0.0,0,0.0
3843,128,9,36243,40,0,0.0,0,0.0
3844,128,9,36243,50,0,0.0,0,0.0
3845,128,10,40270,10,0,0.0,0,0.0
3846,128,10,40270,20,0,0.0,0,0.0
3847,128,10,40270,30,0,0.0,0,0.0
3848,128,10,40270,40,0,0.0,0,0.0
3849,128,10,40270,50,0,0.0,0,0.0
3850,128,11,44297,10,0,0.0,0,0.0
3851,128,11,44297,20,0,0.0,0,0.0
3852,128,11,44297,30,0,0.0,0,0.0
3853,128,11,44297,40,0,0.0,0,0.0
3854,128,11,44297,50,0,0.0,0,0.0
3855,128,12,48324,10,0,0.0,0,0.0
3856,128,12,48324,20,0,0.0,0,0.0
3857,128,12,48324,30,0,0.0,0,0.0
3858,128,12,48324,40,0,0.0,0,0.0
3859,128,12,48324,50,0,0.0,0,0.0
3860,128,13,52351,10,0,0.0,0,0.0
3861,128,13,52351,20,0,0.0,0,0.0
3862,128,13,52351,30,0,0.0,0,0.0
3863,128,13,52351,40,0,0.0,0,0.0
3864,128,13,52351,50,0,0.0,0,0.0
3865,128,14,56378,10,0,0.0,0,0.0
3866,128,14,56378,20,0,0.0,0,0.0
3867,128,14,56378,30,0,0.0,0,0.0
3868,128,14,56378,40,0,0.0,0,0.0
3869,128,14,56378,50,0,0.0,0,0.0
3870,128,15,60405,10,0,0.0,0,0.0
3871,128,15,60405,20,0,0.0,0,0.0
3872,128,15,60405,30,0,0.0,0,0.0
3873,128,15,60405,40,0,0.0,0,0.0
3874,128,15,60405,50,0,0.0,0,0.0
3875,128,16,64432,10,0,0.0,0,0.0
3876,128,16,64432,20,0,0.0,0,0.0
3877,128,16,64432,30,0,0.0,0,0.0
3878,128,16,64432,40,0,0.0,0,0.0
3879,128,16,64432,50,0,0.0,0,0.0
3880,128,17,68459,10,0,0.0,0,0.0
3881,128,17,68459,20,0,0.0,0,0.0
3882,128,17,68459,30,0,0.0,0,0.0
3883,128,17,68459,40,0,0.0,0,0.0
3884,128,17,68459,50,0,0.0,0,0.0
3885,128,18,72486,10,0,0.0,0,0.0
3886,128,18,72486,20,0,0.0,0,0.0
3887,128,18,72486,30,0,0.0,0,0.0
3888,128,18,72486,40,0,0.0,0,0.0
3889,128,18,72486,50,0,0.0,0,0.0
3890,128,19,76513,10,0,0.0,0,0.0
3891,128,19,76513,20,0,0.0,0,0.0
3892,128,19,76513,30,0,0.0,0,0.0
3893,128,19,76513,40,0,0.0,0,0.0
3894,128,19,76513,50,0,0.0,0,0.0
3895,137,1,4027,10,3,0.3,0,0.0
3896,137,1,4027,20,4,0.2,1,0.05
3897,137,1,4027,30,5,0.16666666666666666,2,0.06666666666666667
3898,137,1,4027,40,5,0.125,2,0.05
3899,137,1,4027,50,6,0.12,2,0.04
3900,137,2,8054,10,3,0.3,0,0.0
3901,137,2,8054,20,4,0.2,1,0.05
3902,137,2,8054,30,5,0.16666666666666666,2,0.06666666666666667
3903,137,2,8054,40,5,0.125,2,0.05
3904,137,2,8054,50,7,0.14,2,0.04
3905,137,3,12081,10,3,0.3,0,0.0
3906,137,3,12081,20,4,0.2,1,0.05
3907,137,3,12081,30,5,0.16666666666666666,2,0.06666666666666667
3908,137,3,12081,40,5,0.125,2,0.05
3909,137,3,12081,50,7,0.14,2,0.04
3910,137,4,16108,10,3,0.3,0,0.0
3911,137,4,16108,20,4,0.2,1,0.05
3912,137,4,16108,30,5,0.16666666666666666,2,0.06666666666666667
3913,137,4,16108,40,5,0.125,2,0.05
3914,137,4,16108,50,7,0.14,2,0.04
3915,137,5,20135,10,3,0.3,0,0.0
3916,137,5,20135,20,4,0.2,1,0.05
3917,137,5,20135,30,5,0.16666666666666666,2,0.06666666666666667
3918,137,5,20135,40,6,0.15,2,0.05
3919,137,5,20135,50,7,0.14,2,0.04
3920,137,6,24162,10,3,0.3,0,0.0
3921,137,6,24162,20,4,0.2,1,0.05
3922,137,6,24162,30,5,0.16666666666666666,2,0.06666666666666667
3923,137,6,24162,40,6,0.15,2,0.05
3924,137,6,24162,50,7,0.14,2,0.04
3925,137,7,28189,10,3,0.3,0,0.0
3926,137,7,28189,20,4,0.2,1,0.05
3927,137,7,28189,30,5,0.16666666666666666,2,0.06666666666666667
3928,137,7,28189,40,5,0.125,2,0.05
3929,137,7,28189,50,7,0.14,2,0.04
3930,137,8,32216,10,3,0.3,0,0.0
3931,137,8,32216,20,4,0.2,1,0.05
3932,137,8,32216,30,5,0.16666666666666666,2,0.06666666666666667
3933,137,8,32216,40,5,0.125,2,0.05
3934,137,8,32216,50,7,0.14,2,0.04
3935,137,9,36243,10,3,0.3,0,0.0
3936,137,9,36243,20,4,0.2,1,0.05
3937,137,9,36243,30,5,0.16666666666666666,2,0.06666666666666667
3938,137,9,36243,40,5,0.125,2,0.05
3939,137,9,36243,50,6,0.12,2,0.04
3940,137,10,40270,10,3,0.3,0,0.0
3941,137,10,40270,20,4,0.2,1,0.05
3942,137,10,40270,30,5,0.16666666666666666,2,0.06666666666666667
3943,137,10,40270,40,5,0.125,2,0.05
3944,137,10,40270,50,7,0.14,2,0.04
3945,137,11,44297,10,3,0.3,0,0.0
3946,137,11,44297,20,4,0.2,1,0.05
3947,137,11,44297,30,5,0.16666666666666666,2,0.06666666666666667
3948,137,11,44297,40,5,0.125,2,0.05
3949,137,11,44297,50,7,0.14,2,0.04
3950,137,12,48324,10,3,0.3,0,0.0
3951,137,12,48324,20,4,0.2,1,0.05
3952,137,12,48324,30,5,0.16666666666666666,2,0.06666666666666667
3953,137,12,48324,40,5,0.125,2,0.05
3954,137,12,48324,50,7,0.14,2,0.04
3955,137,13,52351,10,3,0.3,0,0.0
3956,137,13,52351,20,4,0.2,1,0.05
3957,137,13,52351,30,5,0.16666666666666666,2,0.06666666666666667
3958,137,13,52351,40,5,0.125,2,0.05
3959,137,13,52351,50,6,0.12,2,0.04
3960,137,14,56378,10,3,0.3,0,0.0
3961,137,14,56378,20,4,0.2,1,0.05
3962,137,14,56378,30,5,0.16666666666666666,2,0.06666666666666667
3963,137,14,56378,40,5,0.125,2,0.05
3964,137,14,56378,50,6,0.12,2,0.04
3965,137,15,60405,10,3,0.3,0,0.0
3966,137,15,60405,20,4,0.2,1,0.05
3967,137,15,60405,30,5,0.16666666666666666,2,0.06666666666666667
3968,137,15,60405,40,5,0.125,2,0.05
3969,137,15,60405,50,6,0.12,2,0.04
3970,137,16,64432,10,3,0.3,0,0.0
3971,137,16,64432,20,4,0.2,1,0.05
3972,137,16,64432,30,5,0.16666666666666666,2,0.06666666666666667
3973,137,16,64432,40,5,0.125,2,0.05
3974,137,16,64432,50,6,0.12,2,0.04
3975,137,17,68459,10,3,0.3,0,0.0
3976,137,17,68459,20,4,0.2,1,0.05
3977,137,17,68459,30,5,0.16666666666666666,2,0.06666666666666667
3978,137,17,68459,40,5,0.125,2,0.05
3979,137,17,68459,50,6,0.12,2,0.04
3980,137,18,72486,10,3,0.3,0,0.0
3981,137,18,72486,20,4,0.2,1,0.05
3982,137,18,72486,30,5,0.16666666666666666,2,0.06666666666666667
3983,137,18,72486,40,5,0.125,2,0.05
3984,137,18,72486,50,6,0.12,2,0.04
3985,137,19,76513,10,3,0.3,0,0.0
3986,137,19,76513,20,4,0.2,1,0.05
3987,137,19,76513,30,5,0.16666666666666666,2,0.06666666666666667
3988,137,19,76513,40,5,0.125,2,0.05
3989,137,19,76513,50,6,0.12,2,0.04
3990,146,1,4027,10,9,0.9,4,0.4
3991,146,1,4027,20,11,0.55,4,0.2
3992,146,1,4027,30,11,0.36666666666666664,4,0.13333333333333333
3993,146,1,4027,40,11,0.275,4,0.1
3994,146,1,4027,50,11,0.22,4,0.08
3995,146,2,8054,10,9,0.9,4,0.4
3996,146,2,8054,20,11,0.55,4,0.2
3997,146,2,8054,30,11,0.36666666666666664,4,0.13333333333333333
3998,146,2,8054,40,11,0.275,4,0.1
3999,146,2,8054,50,11,0.22,4,0.08
4000,146,3,12081,10,9,0.9,4,0.4
4001,146,3,12081,20,11,0.55,4,0.2
4002,146,3,12081,30,11,0.36666666666666664,4,0.13333333333333333
4003,146,3,12081,40,11,0.275,4,0.1
4004,146,3,12081,50,11,0.22,4,0.08
4005,146,4,16108,10,9,0.9,4,0.4
4006,146,4,16108,20,11,0.55,4,0.2
4007,146,4,16108,30,11,0.36666666666666664,4,0.13333333333333333
4008,146,4,16108,40,11,0.275,4,0.1
4009,146,4,16108,50,11,0.22,4,0.08
4010,146,5,20135,10,9,0.9,4,0.4
4011,146,5,20135,20,11,0.55,4,0.2
4012,146,5,20135,30,11,0.36666666666666664,4,0.13333333333333333
4013,146,5,20135,40,11,0.275,4,0.1
4014,146,5,20135,50,11,0.22,4,0.08
4015,146,6,24162,10,9,0.9,4,0.4
4016,146,6,24162,20,11,0.55,4,0.2
4017,146,6,24162,30,11,0.36666666666666664,4,0.13333333333333333
4018,146,6,24162,40,11,0.275,4,0.1
4019,146,6,24162,50,11,0.22,4,0.08
4020,146,7,28189,10,9,0.9,4,0.4
4021,146,7,28189,20,11,0.55,4,0.2
4022,146,7,28189,30,11,0.36666666666666664,4,0.13333333333333333
4023,146,7,28189,40,11,0.275,4,0.1
4024,146,7,28189,50,11,0.22,4,0.08
4025,146,8,32216,10,9,0.9,4,0.4
4026,146,8,32216,20,11,0.55,4,0.2
4027,146,8,32216,30,11,0.36666666666666664,4,0.13333333333333333
4028,146,8,32216,40,11,0.275,4,0.1
4029,146,8,32216,50,11,0.22,4,0.08
4030,146,9,36243,10,9,0.9,4,0.4
4031,146,9,36243,20,11,0.55,4,0.2
4032,146,9,36243,30,11,0.36666666666666664,4,0.13333333333333333
4033,146,9,36243,40,11,0.275,4,0.1
4034,146,9,36243,50,11,0.22,4,0.08
4035,146,10,40270,10,9,0.9,4,0.4
4036,146,10,40270,20,11,0.55,4,0.2
4037,146,10,40270,30,11,0.36666666666666664,4,0.13333333333333333
4038,146,10,40270,40,11,0.275,4,0.1
4039,146,10,40270,50,11,0.22,4,0.08
4040,146,11,44297,10,9,0.9,4,0.4
4041,146,11,44297,20,9,0.45,4,0.2
4042,146,11,44297,30,10,0.3333333333333333,4,0.13333333333333333
4043,146,11,44297,40,11,0.275,4,0.1
4044,146,11,44297,50,11,0.22,4,0.08
4045,146,12,48324,10,9,0.9,4,0.4
4046,146,12,48324,20,9,0.45,4,0.2
4047,146,12,48324,30,10,0.3333333333333333,4,0.13333333333333333
4048,146,12,48324,40,11,0.275,4,0.1
4049,146,12,48324,50,11,0.22,4,0.08
4050,146,13,52351,10,9,0.9,4,0.4
4051,146,13,52351,20,9,0.45,4,0.2
4052,146,13,52351,30,10,0.3333333333333333,4,0.13333333333333333
4053,146,13,52351,40,11,0.275,4,0.1
4054,146,13,52351,50,11,0.22,4,0.08
4055,146,14,56378,10,9,0.9,4,0.4
4056,146,14,56378,20,9,0.45,4,0.2
4057,146,14,56378,30,10,0.3333333333333333,4,0.13333333333333333
4058,146,14,56378,40,11,0.275,4,0.1
4059,146,14,56378,50,11,0.22,4,0.08
4060,146,15,60405,10,9,0.9,4,0.4
4061,146,15,60405,20,9,0.45,4,0.2
4062,146,15,60405,30,10,0.3333333333333333,4,0.13333333333333333
4063,146,15,60405,40,11,0.275,4,0.1
4064,146,15,60405,50,11,0.22,4,0.08
4065,146,16,64432,10,9,0.9,4,0.4
4066,146,16,64432,20,9,0.45,4,0.2
4067,146,16,64432,30,10,0.3333333333333333,4,0.13333333333333333
4068,146,16,64432,40,11,0.275,4,0.1
4069,146,16,64432,50,11,0.22,4,0.08
4070,146,17,68459,10,9,0.9,4,0.4
4071,146,17,68459,20,9,0.45,4,0.2
4072,146,17,68459,30,10,0.3333333333333333,4,0.13333333333333333
4073,146,17,68459,40,11,0.275,4,0.1
4074,146,17,68459,50,11,0.22,4,0.08
4075,146,18,72486,10,9,0.9,4,0.4
4076,146,18,72486,20,9,0.45,4,0.2
4077,146,18,72486,30,10,0.3333333333333333,4,0.13333333333333333
4078,146,18,72486,40,11,0.275,4,0.1
4079,146,18,72486,50,11,0.22,4,0.08
4080,146,19,76513,10,9,0.9,4,0.4
4081,146,19,76513,20,9,0.45,4,0.2
4082,146,19,76513,30,10,0.3333333333333333,4,0.13333333333333333
4083,146,19,76513,40,11,0.275,4,0.1
4084,146,19,76513,50,11,0.22,4,0.08
4085,158,1,4027,10,0,0.0,0,0.0
4086,158,1,4027,20,0,0.0,0,0.0
4087,158,1,4027,30,2,0.06666666666666667,2,0.06666666666666667
4088,158,1,4027,40,2,0.05,2,0.05
4089,158,1,4027,50,2,0.04,2,0.04
4090,158,2,8054,10,0,0.0,0,0.0
4091,158,2,8054,20,0,0.0,0,0.0
4092,158,2,8054,30,2,0.06666666666666667,2,0.06666666666666667
4093,158,2,8054,40,2,0.05,2,0.05
4094,158,2,8054,50,2,0.04,2,0.04
4095,158,3,12081,10,0,0.0,0,0.0
4096,158,3,12081,20,0,0.0,0,0.0
4097,158,3,12081,30,2,0.06666666666666667,2,0.06666666666666667
4098,158,3,12081,40,2,0.05,2,0.05
4099,158,3,12081,50,2,0.04,2,0.04
4100,158,4,16108,10,0,0.0,0,0.0
4101,158,4,16108,20,0,0.0,0,0.0
4102,158,4,16108,30,2,0.06666666666666667,2,0.06666666666666667
4103,158,4,16108,40,2,0.05,2,0.05
4104,158,4,16108,50,2,0.04,2,0.04
4105,158,5,20135,10,0,0.0,0,0.0
4106,158,5,20135,20,1,0.05,0,0.0
4107,158,5,20135,30,2,0.06666666666666667,2,0.06666666666666667
4108,158,5,20135,40,2,0.05,2,0.05
4109,158,5,20135,50,2,0.04,2,0.04
4110,158,6,24162,10,0,0.0,0,0.0
4111,158,6,24162,20,1,0.05,0,0.0
4112,158,6,24162,30,2,0.06666666666666667,2,0.06666666666666667
4113,158,6,24162,40,2,0.05,2,0.05
4114,158,6,24162,50,2,0.04,2,0.04
4115,158,7,28189,10,0,0.0,0,0.0
4116,158,7,28189,20,0,0.0,0,0.0
4117,158,7,28189,30,2,0.06666666666666667,2,0.06666666666666667
4118,158,7,28189,40,2,0.05,2,0.05
4119,158,7,28189,50,2,0.04,2,0.04
4120,158,8,32216,10,0,0.0,0,0.0
4121,158,8,32216,20,0,0.0,0,0.0
4122,158,8,32216,30,2,0.06666666666666667,2,0.06666666666666667
4123,158,8,32216,40,2,0.05,2,0.05
4124,158,8,32216,50,2,0.04,2,0.04
4125,158,9,36243,10,0,0.0,0,0.0
4126,158,9,36243,20,0,0.0,0,0.0
4127,158,9,36243,30,1,0.03333333333333333,1,0.03333333333333333
4128,158,9,36243,40,2,0.05,2,0.05
4129,158,9,36243,50,2,0.04,2,0.04
4130,158,10,40270,10,0,0.0,0,0.0
4131,158,10,40270,20,0,0.0,0,0.0
4132,158,10,40270,30,1,0.03333333333333333,1,0.03333333333333333
4133,158,10,40270,40,2,0.05,2,0.05
4134,158,10,40270,50,2,0.04,2,0.04
4135,158,11,44297,10,0,0.0,0,0.0
4136,158,11,44297,20,0,0.0,0,0.0
4137,158,11,44297,30,1,0.03333333333333333,0,0.0
4138,158,11,44297,40,2,0.05,2,0.05
4139,158,11,44297,50,2,0.04,2,0.04
4140,158,12,48324,10,0,0.0,0,0.0
4141,158,12,48324,20,0,0.0,0,0.0
4142,158,12,48324,30,1,0.03333333333333333,0,0.0
4143,158,12,48324,40,2,0.05,2,0.05
4144,158,12,48324,50,2,0.04,2,0.04
4145,158,13,52351,10,0,0.0,0,0.0
4146,158,13,52351,20,0,0.0,0,0.0
4147,158,13,52351,30,1,0.03333333333333333,0,0.0
4148,158,13,52351,40,2,0.05,2,0.05
4149,158,13,52351,50,2,0.04,2,0.04
4150,158,14,56378,10,0,0.0,0,0.0
4151,158,14,56378,20,0,0.0,0,0.0
4152,158,14,56378,30,1,0.03333333333333333,0,0.0
4153,158,14,56378,40,2,0.05,2,0.05
4154,158,14,56378,50,2,0.04,2,0.04
4155,158,15,60405,10,0,0.0,0,0.0
4156,158,15,60405,20,0,0.0,0,0.0
4157,158,15,60405,30,0,0.0,0,0.0
4158,158,15,60405,40,2,0.05,2,0.05
4159,158,15,60405,50,2,0.04,2,0.04
4160,158,16,64432,10,0,0.0,0,0.0
4161,158,16,64432,20,0,0.0,0,0.0
4162,158,16,64432,30,0,0.0,0,0.0
4163,158,16,64432,40,2,0.05,2,0.05
4164,158,16,64432,50,3,0.06,2,0.04
4165,158,17,68459,10,0,0.0,0,0.0
4166,158,17,68459,20,0,0.0,0,0.0
4167,158,17,68459,30,0,0.0,0,0.0
4168,158,17,68459,40,2,0.05,1,0.025
4169,158,17,68459,50,3,0.06,2,0.04
4170,158,18,72486,10,0,0.0,0,0.0
4171,158,18,72486,20,0,0.0,0,0.0
4172,158,18,72486,30,0,0.0,0,0.0
4173,158,18,72486,40,2,0.05,1,0.025
4174,158,18,72486,50,2,0.04,2,0.04
4175,158,19,76513,10,0,0.0,0,0.0
4176,158,19,76513,20,0,0.0,0,0.0
4177,158,19,76513,30,0,0.0,0,0.0
4178,158,19,76513,40,2,0.05,1,0.025
4179,158,19,76513,50,2,0.04,2,0.04
4180,159,1,4027,10,1,0.1,1,0.1
4181,159,1,4027,20,3,0.15,1,0.05
4182,159,1,4027,30,5,0.16666666666666666,1,0.03333333333333333
4183,159,1,4027,40,5,0.125,1,0.025
4184,159,1,4027,50,8,0.16,4,0.08
4185,159,2,8054,10,0,0.0,0,0.0
4186,159,2,8054,20,3,0.15,1,0.05
4187,159,2,8054,30,5,0.16666666666666666,1,0.03333333333333333
4188,159,2,8054,40,6,0.15,1,0.025
4189,159,2,8054,50,8,0.16,3,0.06
4190,159,3,12081,10,0,0.0,0,0.0
4191,159,3,12081,20,3,0.15,1,0.05
4192,159,3,12081,30,5,0.16666666666666666,1,0.03333333333333333
4193,159,3,12081,40,6,0.15,1,0.025
4194,159,3,12081,50,8,0.16,3,0.06
4195,159,4,16108,10,0,0.0,0,0.0
4196,159,4,16108,20,3,0.15,1,0.05
4197,159,4,16108,30,6,0.2,1,0.03333333333333333
4198,159,4,16108,40,6,0.15,1,0.025
4199,159,4,16108,50,8,0.16,3,0.06
4200,159,5,20135,10,0,0.0,0,0.0
4201,159,5,20135,20,3,0.15,1,0.05
4202,159,5,20135,30,5,0.16666666666666666,1,0.03333333333333333
4203,159,5,20135,40,6,0.15,1,0.025
4204,159,5,20135,50,8,0.16,3,0.06
4205,159,6,24162,10,0,0.0,0,0.0
4206,159,6,24162,20,3,0.15,1,0.05
4207,159,6,24162,30,5,0.16666666666666666,1,0.03333333333333333
4208,159,6,24162,40,6,0.15,1,0.025
4209,159,6,24162,50,8,0.16,3,0.06
4210,159,7,28189,10,0,0.0,0,0.0
4211,159,7,28189,20,3,0.15,1,0.05
4212,159,7,28189,30,6,0.2,1,0.03333333333333333
4213,159,7,28189,40,6,0.15,1,0.025
4214,159,7,28189,50,8,0.16,3,0.06
4215,159,8,32216,10,0,0.0,0,0.0
4216,159,8,32216,20,3,0.15,1,0.05
4217,159,8,32216,30,6,0.2,1,0.03333333333333333
4218,159,8,32216,40,6,0.15,1,0.025
4219,159,8,32216,50,8,0.16,3,0.06
4220,159,9,36243,10,0,0.0,0,0.0
4221,159,9,36243,20,3,0.15,1,0.05
4222,159,9,36243,30,6,0.2,1,0.03333333333333333
4223,159,9,36243,40,6,0.15,1,0.025
4224,159,9,36243,50,8,0.16,3,0.06
4225,159,10,40270,10,0,0.0,0,0.0
4226,159,10,40270,20,3,0.15,1,0.05
4227,159,10,40270,30,5,0.16666666666666666,1,0.03333333333333333
4228,159,10,40270,40,5,0.125,1,0.025
4229,159,10,40270,50,8,0.16,3,0.06
4230,159,11,44297,10,0,0.0,0,0.0
4231,159,11,44297,20,3,0.15,1,0.05
4232,159,11,44297,30,5,0.16666666666666666,1,0.03333333333333333
4233,159,11,44297,40,5,0.125,1,0.025
4234,159,11,44297,50,8,0.16,3,0.06
4235,159,12,48324,10,0,0.0,0,0.0
4236,159,12,48324,20,3,0.15,1,0.05
4237,159,12,48324,30,5,0.16666666666666666,1,0.03333333333333333
4238,159,12,48324,40,5,0.125,1,0.025
4239,159,12,48324,50,8,0.16,3,0.06
4240,159,13,52351,10,0,0.0,0,0.0
4241,159,13,52351,20,3,0.15,1,0.05
4242,159,13,52351,30,5,0.16666666666666666,1,0.03333333333333333
4243,159,13,52351,40,5,0.125,1,0.025
4244,159,13,52351,50,8,0.16,3,0.06
4245,159,14,56378,10,0,0.0,0,0.0
4246,159,14,56378,20,3,0.15,1,0.05
4247,159,14,56378,30,5,0.16666666666666666,1,0.03333333333333333
4248,159,14,56378,40,5,0.125,1,0.025
4249,159,14,56378,50,8,0.16,3,0.06
4250,159,15,60405,10,0,0.0,0,0.0
4251,159,15,60405,20,3,0.15,1,0.05
4252,159,15,60405,30,5,0.16666666666666666,1,0.03333333333333333
4253,159,15,60405,40,5,0.125,1,0.025
4254,159,15,60405,50,9,0.18,4,0.08
4255,159,16,64432,10,0,0.0,0,0.0
4256,159,16,64432,20,3,0.15,1,0.05
4257,159,16,64432,30,5,0.16666666666666666,1,0.03333333333333333
4258,159,16,64432,40,5,0.125,1,0.025
4259,159,16,64432,50,9,0.18,4,0.08
4260,159,17,68459,10,0,0.0,0,0.0
4261,159,17,68459,20,4,0.2,1,0.05
4262,159,17,68459,30,5,0.16666666666666666,1,0.03333333333333333
4263,159,17,68459,40,6,0.15,1,0.025
4264,159,17,68459,50,8,0.16,3,0.06
4265,159,18,72486,10,0,0.0,0,0.0
4266,159,18,72486,20,4,0.2,1,0.05
4267,159,18,72486,30,5,0.16666666666666666,1,0.03333333333333333
4268,159,18,72486,40,6,0.15,1,0.025
4269,159,18,72486,50,8,0.16,3,0.06
4270,159,19,76513,10,1,0.1,0,0.0
4271,159,19,76513,20,4,0.2,1,0.05
4272,159,19,76513,30,6,0.2,1,0.03333333333333333
4273,159,19,76513,40,6,0.15,1,0.025
4274,159,19,76513,50,8,0.16,3,0.06
4275,160,1,4027,10,4,0.4,0,0.0
4276,160,1,4027,20,5,0.25,0,0.0
4277,160,1,4027,30,9,0.3,1,0.03333333333333333
4278,160,1,4027,40,9,0.225,1,0.025
4279,160,1,4027,50,11,0.22,1,0.02
4280,160,2,8054,10,4,0.4,0,0.0
4281,160,2,8054,20,5,0.25,0,0.0
4282,160,2,8054,30,7,0.23333333333333334,1,0.03333333333333333
4283,160,2,8054,40,8,0.2,1,0.025
4284,160,2,8054,50,10,0.2,1,0.02
4285,160,3,12081,10,4,0.4,0,0.0
4286,160,3,12081,20,5,0.25,0,0.0
4287,160,3,12081,30,7,0.23333333333333334,1,0.03333333333333333
4288,160,3,12081,40,8,0.2,1,0.025
4289,160,3,12081,50,9,0.18,1,0.02
4290,160,4,16108,10,4,0.4,0,0.0
4291,160,4,16108,20,5,0.25,0,0.0
4292,160,4,16108,30,7,0.23333333333333334,1,0.03333333333333333
4293,160,4,16108,40,8,0.2,1,0.025
4294,160,4,16108,50,10,0.2,1,0.02
4295,160,5,20135,10,4,0.4,0,0.0
4296,160,5,20135,20,5,0.25,0,0.0
4297,160,5,20135,30,7,0.23333333333333334,1,0.03333333333333333
4298,160,5,20135,40,8,0.2,1,0.025
4299,160,5,20135,50,10,0.2,1,0.02
4300,160,6,24162,10,4,0.4,0,0.0
4301,160,6,24162,20,5,0.25,0,0.0
4302,160,6,24162,30,7,0.23333333333333334,1,0.03333333333333333
4303,160,6,24162,40,8,0.2,1,0.025
4304,160,6,24162,50,10,0.2,1,0.02
4305,160,7,28189,10,4,0.4,0,0.0
4306,160,7,28189,20,5,0.25,0,0.0
4307,160,7,28189,30,7,0.23333333333333334,1,0.03333333333333333
4308,160,7,28189,40,8,0.2,1,0.025
4309,160,7,28189,50,10,0.2,1,0.02
4310,160,8,32216,10,4,0.4,0,0.0
4311,160,8,32216,20,5,0.25,0,0.0
4312,160,8,32216,30,7,0.23333333333333334,1,0.03333333333333333
4313,160,8,32216,40,8,0.2,1,0.025
4314,160,8,32216,50,10,0.2,1,0.02
4315,160,9,36243,10,4,0.4,0,0.0
4316,160,9,36243,20,5,0.25,0,0.0
4317,160,9,36243,30,7,0.23333333333333334,1,0.03333333333333333
4318,160,9,36243,40,8,0.2,1,0.025
4319,160,9,36243,50,10,0.2,1,0.02
4320,160,10,40270,10,4,0.4,0,0.0
4321,160,10,40270,20,5,0.25,0,0.0
4322,160,10,40270,30,7,0.23333333333333334,1,0.03333333333333333
4323,160,10,40270,40,8,0.2,1,0.025
4324,160,10,40270,50,10,0.2,1,0.02
4325,160,11,44297,10,4,0.4,0,0.0
4326,160,11,44297,20,5,0.25,0,0.0
4327,160,11,44297,30,7,0.23333333333333334,1,0.03333333333333333
4328,160,11,44297,40,8,0.2,1,0.025
4329,160,11,44297,50,10,0.2,1,0.02
4330,160,12,48324,10,4,0.4,0,0.0
4331,160,12,48324,20,5,0.25,0,0.0
4332,160,12,48324,30,7,0.23333333333333334,1,0.03333333333333333
4333,160,12,48324,40,8,0.2,1,0.025
4334,160,12,48324,50,10,0.2,1,0.02
4335,160,13,52351,10,4,0.4,0,0.0
4336,160,13,52351,20,5,0.25,0,0.0
4337,160,13,52351,30,7,0.23333333333333334,1,0.03333333333333333
4338,160,13,52351,40,8,0.2,1,0.025
4339,160,13,52351,50,9,0.18,1,0.02
4340,160,14,56378,10,4,0.4,0,0.0
4341,160,14,56378,20,5,0.25,0,0.0
4342,160,14,56378,30,7,0.23333333333333334,1,0.03333333333333333
4343,160,14,56378,40,8,0.2,1,0.025
4344,160,14,56378,50,9,0.18,1,0.02
4345,160,15,60405,10,4,0.4,0,0.0
4346,160,15,60405,20,5,0.25,0,0.0
4347,160,15,60405,30,7,0.23333333333333334,1,0.03333333333333333
4348,160,15,60405,40,8,0.2,1,0.025
4349,160,15,60405,50,9,0.18,1,0.02
4350,160,16,64432,10,4,0.4,0,0.0
4351,160,16,64432,20,5,0.25,0,0.0
4352,160,16,64432,30,7,0.23333333333333334,1,0.03333333333333333
4353,160,16,64432,40,8,0.2,1,0.025
4354,160,16,64432,50,9,0.18,1,0.02
4355,160,17,68459,10,4,0.4,0,0.0
4356,160,17,68459,20,5,0.25,0,0.0
4357,160,17,68459,30,7,0.23333333333333334,1,0.03333333333333333
4358,160,17,68459,40,8,0.2,1,0.025
4359,160,17,68459,50,9,0.18,1,0.02
4360,160,18,72486,10,4,0.4,0,0.0
4361,160,18,72486,20,5,0.25,0,0.0
4362,160,18,72486,30,7,0.23333333333333334,1,0.03333333333333333
4363,160,18,72486,40,8,0.2,1,0.025
4364,160,18,72486,50,9,0.18,1,0.02
4365,160,19,76513,10,3,0.3,0,0.0
4366,160,19,76513,20,4,0.2,0,0.0
4367,160,19,76513,30,7,0.23333333333333334,1,0.03333333333333333
4368,160,19,76513,40,7,0.175,1,0.025
4369,160,19,76513,50,9,0.18,1,0.02
4370,167,1,4027,10,0,0.0,0,0.0
4371,167,1,4027,20,1,0.05,1,0.05
4372,167,1,4027,30,1,0.03333333333333333,1,0.03333333333333333
4373,167,1,4027,40,2,0.05,1,0.025
4374,167,1,4027,50,2,0.04,1,0.02
4375,167,2,8054,10,0,0.0,0,0.0
4376,167,2,8054,20,1,0.05,1,0.05
4377,167,2,8054,30,1,0.03333333333333333,1,0.03333333333333333
4378,167,2,8054,40,2,0.05,1,0.025
4379,167,2,8054,50,2,0.04,1,0.02
4380,167,3,12081,10,0,0.0,0,0.0
4381,167,3,12081,20,1,0.05,1,0.05
4382,167,3,12081,30,1,0.03333333333333333,1,0.03333333333333333
4383,167,3,12081,40,2,0.05,1,0.025
4384,167,3,12081,50,2,0.04,1,0.02
4385,167,4,16108,10,0,0.0,0,0.0
4386,167,4,16108,20,1,0.05,1,0.05
4387,167,4,16108,30,1,0.03333333333333333,1,0.03333333333333333
4388,167,4,16108,40,2,0.05,1,0.025
4389,167,4,16108,50,2,0.04,1,0.02
4390,167,5,20135,10,0,0.0,0,0.0
4391,167,5,20135,20,1,0.05,1,0.05
4392,167,5,20135,30,1,0.03333333333333333,1,0.03333333333333333
4393,167,5,20135,40,2,0.05,1,0.025
4394,167,5,20135,50,2,0.04,1,0.02
4395,167,6,24162,10,0,0.0,0,0.0
4396,167,6,24162,20,1,0.05,1,0.05
4397,167,6,24162,30,1,0.03333333333333333,1,0.03333333333333333
4398,167,6,24162,40,2,0.05,1,0.025
4399,167,6,24162,50,2,0.04,1,0.02
4400,167,7,28189,10,0,0.0,0,0.0
4401,167,7,28189,20,1,0.05,1,0.05
4402,167,7,28189,30,1,0.03333333333333333,1,0.03333333333333333
4403,167,7,28189,40,2,0.05,1,0.025
4404,167,7,28189,50,2,0.04,1,0.02
4405,167,8,32216,10,0,0.0,0,0.0
4406,167,8,32216,20,1,0.05,1,0.05
4407,167,8,32216,30,1,0.03333333333333333,1,0.03333333333333333
4408,167,8,32216,40,2,0.05,1,0.025
4409,167,8,32216,50,2,0.04,1,0.02
4410,167,9,36243,10,0,0.0,0,0.0
4411,167,9,36243,20,1,0.05,1,0.05
4412,167,9,36243,30,1,0.03333333333333333,1,0.03333333333333333
4413,167,9,36243,40,2,0.05,1,0.025
4414,167,9,36243,50,2,0.04,1,0.02
4415,167,10,40270,10,0,0.0,0,0.0
4416,167,10,40270,20,1,0.05,1,0.05
4417,167,10,40270,30,1,0.03333333333333333,1,0.03333333333333333
4418,167,10,40270,40,2,0.05,1,0.025
4419,167,10,40270,50,2,0.04,1,0.02
4420,167,11,44297,10,0,0.0,0,0.0
4421,167,11,44297,20,1,0.05,1,0.05
4422,167,11,44297,30,1,0.03333333333333333,1,0.03333333333333333
4423,167,11,44297,40,2,0.05,1,0.025
4424,167,11,44297,50,2,0.04,1,0.02
4425,167,12,48324,10,0,0.0,0,0.0
4426,167,12,48324,20,1,0.05,1,0.05
4427,167,12,48324,30,1,0.03333333333333333,1,0.03333333333333333
4428,167,12,48324,40,2,0.05,1,0.025
4429,167,12,48324,50,2,0.04,1,0.02
4430,167,13,52351,10,0,0.0,0,0.0
4431,167,13,52351,20,1,0.05,1,0.05
4432,167,13,52351,30,1,0.03333333333333333,1,0.03333333333333333
4433,167,13,52351,40,2,0.05,1,0.025
4434,167,13,52351,50,2,0.04,1,0.02
4435,167,14,56378,10,0,0.0,0,0.0
4436,167,14,56378,20,1,0.05,1,0.05
4437,167,14,56378,30,1,0.03333333333333333,1,0.03333333333333333
4438,167,14,56378,40,2,0.05,1,0.025
4439,167,14,56378,50,2,0.04,1,0.02
4440,167,15,60405,10,0,0.0,0,0.0
4441,167,15,60405,20,1,0.05,1,0.05
4442,167,15,60405,30,1,0.03333333333333333,1,0.03333333333333333
4443,167,15,60405,40,2,0.05,1,0.025
4444,167,15,60405,50,2,0.04,1,0.02
4445,167,16,64432,10,0,0.0,0,0.0
4446,167,16,64432,20,1,0.05,1,0.05
4447,167,16,64432,30,1,0.03333333333333333,1,0.03333333333333333
4448,167,16,64432,40,2,0.05,1,0.025
4449,167,16,64432,50,2,0.04,1,0.02
4450,167,17,68459,10,0,0.0,0,0.0
4451,167,17,68459,20,1,0.05,1,0.05
4452,167,17,68459,30,1,0.03333333333333333,1,0.03333333333333333
4453,167,17,68459,40,2,0.05,1,0.025
4454,167,17,68459,50,2,0.04,1,0.02
4455,167,18,72486,10,0,0.0,0,0.0
4456,167,18,72486,20,1,0.05,1,0.05
4457,167,18,72486,30,1,0.03333333333333333,1,0.03333333333333333
4458,167,18,72486,40,2,0.05,1,0.025
4459,167,18,72486,50,2,0.04,1,0.02
4460,167,19,76513,10,0,0.0,0,0.0
4461,167,19,76513,20,1,0.05,1,0.05
4462,167,19,76513,30,1,0.03333333333333333,1,0.03333333333333333
4463,167,19,76513,40,2,0.05,1,0.025
4464,167,19,76513,50,2,0.04,1,0.02
4465,177,1,4027,10,1,0.1,0,0.0
4466,177,1,4027,20,1,0.05,0,0.0
4467,177,1,4027,30,1,0.03333333333333333,0,0.0
4468,177,1,4027,40,2,0.05,1,0.025
4469,177,1,4027,50,3,0.06,1,0.02
4470,177,2,8054,10,1,0.1,0,0.0
4471,177,2,8054,20,1,0.05,0,0.0
4472,177,2,8054,30,1,0.03333333333333333,0,0.0
4473,177,2,8054,40,1,0.025,0,0.0
4474,177,2,8054,50,2,0.04,0,0.0
4475,177,3,12081,10,1,0.1,0,0.0
4476,177,3,12081,20,1,0.05,0,0.0
4477,177,3,12081,30,1,0.03333333333333333,0,0.0
4478,177,3,12081,40,1,0.025,0,0.0
4479,177,3,12081,50,2,0.04,0,0.0
4480,177,4,16108,10,1,0.1,0,0.0
4481,177,4,16108,20,1,0.05,0,0.0
4482,177,4,16108,30,1,0.03333333333333333,0,0.0
4483,177,4,16108,40,1,0.025,0,0.0
4484,177,4,16108,50,2,0.04,0,0.0
4485,177,5,20135,10,1,0.1,0,0.0
4486,177,5,20135,20,1,0.05,0,0.0
4487,177,5,20135,30,1,0.03333333333333333,0,0.0
4488,177,5,20135,40,1,0.025,0,0.0
4489,177,5,20135,50,2,0.04,0,0.0
4490,177,6,24162,10,0,0.0,0,0.0
4491,177,6,24162,20,0,0.0,0,0.0
4492,177,6,24162,30,1,0.03333333333333333,0,0.0
4493,177,6,24162,40,1,0.025,0,0.0
4494,177,6,24162,50,1,0.02,0,0.0
4495,177,7,28189,10,0,0.0,0,0.0
4496,177,7,28189,20,0,0.0,0,0.0
4497,177,7,28189,30,1,0.03333333333333333,0,0.0
4498,177,7,28189,40,1,0.025,0,0.0
4499,177,7,28189,50,1,0.02,0,0.0
4500,177,8,32216,10,0,0.0,0,0.0
4501,177,8,32216,20,0,0.0,0,0.0
4502,177,8,32216,30,1,0.03333333333333333,0,0.0
4503,177,8,32216,40,1,0.025,0,0.0
4504,177,8,32216,50,1,0.02,0,0.0
4505,177,9,36243,10,0,0.0,0,0.0
4506,177,9,36243,20,0,0.0,0,0.0
4507,177,9,36243,30,1,0.03333333333333333,0,0.0
4508,177,9,36243,40,2,0.05,1,0.025
4509,177,9,36243,50,2,0.04,1,0.02
4510,177,10,40270,10,0,0.0,0,0.0
4511,177,10,40270,20,1,0.05,0,0.0
4512,177,10,40270,30,1,0.03333333333333333,0,0.0
4513,177,10,40270,40,2,0.05,1,0.025
4514,177,10,40270,50,2,0.04,1,0.02
4515,177,11,44297,10,1,0.1,0,0.0
4516,177,11,44297,20,1,0.05,0,0.0
4517,177,11,44297,30,2,0.06666666666666667,1,0.03333333333333333
4518,177,11,44297,40,2,0.05,1,0.025
4519,177,11,44297,50,2,0.04,1,0.02
4520,177,12,48324,10,1,0.1,0,0.0
4521,177,12,48324,20,1,0.05,0,0.0
4522,177,12,48324,30,2,0.06666666666666667,1,0.03333333333333333
4523,177,12,48324,40,2,0.05,1,0.025
4524,177,12,48324,50,2,0.04,1,0.02
4525,177,13,52351,10,1,0.1,0,0.0
4526,177,13,52351,20,1,0.05,0,0.0
4527,177,13,52351,30,2,0.06666666666666667,1,0.03333333333333333
4528,177,13,52351,40,2,0.05,1,0.025
4529,177,13,52351,50,2,0.04,1,0.02
4530,177,14,56378,10,1,0.1,0,0.0
4531,177,14,56378,20,1,0.05,0,0.0
4532,177,14,56378,30,2,0.06666666666666667,1,0.03333333333333333
4533,177,14,56378,40,2,0.05,1,0.025
4534,177,14,56378,50,2,0.04,1,0.02
4535,177,15,60405,10,1,0.1,0,0.0
4536,177,15,60405,20,1,0.05,0,0.0
4537,177,15,60405,30,2,0.06666666666666667,1,0.03333333333333333
4538,177,15,60405,40,2,0.05,1,0.025
4539,177,15,60405,50,2,0.04,1,0.02
4540,177,16,64432,10,1,0.1,0,0.0
4541,177,16,64432,20,1,0.05,0,0.0
4542,177,16,64432,30,2,0.06666666666666667,1,0.03333333333333333
4543,177,16,64432,40,2,0.05,1,0.025
4544,177,16,64432,50,2,0.04,1,0.02
4545,177,17,68459,10,1,0.1,0,0.0
4546,177,17,68459,20,1,0.05,0,0.0
4547,177,17,68459,30,2,0.06666666666666667,1,0.03333333333333333
4548,177,17,68459,40,2,0.05,1,0.025
4549,177,17,68459,50,2,0.04,1,0.02
4550,177,18,72486,10,1,0.1,0,0.0
4551,177,18,72486,20,1,0.05,0,0.0
4552,177,18,72486,30,2,0.06666666666666667,1,0.03333333333333333
4553,177,18,72486,40,2,0.05,1,0.025
4554,177,18,72486,50,2,0.04,1,0.02
4555,177,19,76513,10,1,0.1,0,0.0
4556,177,19,76513,20,1,0.05,0,0.0
4557,177,19,76513,30,2,0.06666666666666667,1,0.03333333333333333
4558,177,19,76513,40,2,0.05,1,0.025
4559,177,19,76513,50,3,0.06,1,0.02
4560,178,1,4027,10,1,0.1,0,0.0
4561,178,1,4027,20,1,0.05,0,0.0
4562,178,1,4027,30,1,0.03333333333333333,0,0.0
4563,178,1,4027,40,3,0.075,0,0.0
4564,178,1,4027,50,4,0.08,0,0.0
4565,178,2,8054,10,1,0.1,0,0.0
4566,178,2,8054,20,1,0.05,0,0.0
4567,178,2,8054,30,2,0.06666666666666667,0,0.0
4568,178,2,8054,40,3,0.075,0,0.0
4569,178,2,8054,50,4,0.08,0,0.0
4570,178,3,12081,10,1,0.1,0,0.0
4571,178,3,12081,20,1,0.05,0,0.0
4572,178,3,12081,30,1,0.03333333333333333,0,0.0
4573,178,3,12081,40,3,0.075,0,0.0
4574,178,3,12081,50,4,0.08,0,0.0
4575,178,4,16108,10,1,0.1,0,0.0
4576,178,4,16108,20,1,0.05,0,0.0
4577,178,4,16108,30,1,0.03333333333333333,0,0.0
4578,178,4,16108,40,3,0.075,0,0.0
4579,178,4,16108,50,4,0.08,0,0.0
4580,178,5,20135,10,1,0.1,0,0.0
4581,178,5,20135,20,1,0.05,0,0.0
4582,178,5,20135,30,1,0.03333333333333333,0,0.0
4583,178,5,20135,40,3,0.075,0,0.0
4584,178,5,20135,50,4,0.08,0,0.0
4585,178,6,24162,10,1,0.1,0,0.0
4586,178,6,24162,20,1,0.05,0,0.0
4587,178,6,24162,30,1,0.03333333333333333,0,0.0
4588,178,6,24162,40,3,0.075,0,0.0
4589,178,6,24162,50,4,0.08,0,0.0
4590,178,7,28189,10,1,0.1,0,0.0
4591,178,7,28189,20,1,0.05,0,0.0
4592,178,7,28189,30,1,0.03333333333333333,0,0.0
4593,178,7,28189,40,3,0.075,0,0.0
4594,178,7,28189,50,4,0.08,0,0.0
4595,178,8,32216,10,1,0.1,0,0.0
4596,178,8,32216,20,1,0.05,0,0.0
4597,178,8,32216,30,1,0.03333333333333333,0,0.0
4598,178,8,32216,40,3,0.075,0,0.0
4599,178,8,32216,50,4,0.08,0,0.0
4600,178,9,36243,10,1,0.1,0,0.0
4601,178,9,36243,20,1,0.05,0,0.0
4602,178,9,36243,30,1,0.03333333333333333,0,0.0
4603,178,9,36243,40,3,0.075,0,0.0
4604,178,9,36243,50,4,0.08,0,0.0
4605,178,10,40270,10,1,0.1,0,0.0
4606,178,10,40270,20,1,0.05,0,0.0
4607,178,10,40270,30,1,0.03333333333333333,0,0.0
4608,178,10,40270,40,3,0.075,0,0.0
4609,178,10,40270,50,4,0.08,0,0.0
4610,178,11,44297,10,1,0.1,0,0.0
4611,178,11,44297,20,1,0.05,0,0.0
4612,178,11,44297,30,1,0.03333333333333333,0,0.0
4613,178,11,44297,40,3,0.075,0,0.0
4614,178,11,44297,50,4,0.08,0,0.0
4615,178,12,48324,10,1,0.1,0,0.0
4616,178,12,48324,20,1,0.05,0,0.0
4617,178,12,48324,30,1,0.03333333333333333,0,0.0
4618,178,12,48324,40,3,0.075,0,0.0
4619,178,12,48324,50,4,0.08,0,0.0
4620,178,13,52351,10,1,0.1,0,0.0
4621,178,13,52351,20,1,0.05,0,0.0
4622,178,13,52351,30,1,0.03333333333333333,0,0.0
4623,178,13,52351,40,3,0.075,0,0.0
4624,178,13,52351,50,4,0.08,0,0.0
4625,178,14,56378,10,1,0.1,0,0.0
4626,178,14,56378,20,1,0.05,0,0.0
4627,178,14,56378,30,1,0.03333333333333333,0,0.0
4628,178,14,56378,40,3,0.075,0,0.0
4629,178,14,56378,50,4,0.08,0,0.0
4630,178,15,60405,10,1,0.1,0,0.0
4631,178,15,60405,20,1,0.05,0,0.0
4632,178,15,60405,30,1,0.03333333333333333,0,0.0
4633,178,15,60405,40,3,0.075,0,0.0
4634,178,15,60405,50,4,0.08,0,0.0
4635,178,16,64432,10,1,0.1,0,0.0
4636,178,16,64432,20,1,0.05,0,0.0
4637,178,16,64432,30,1,0.03333333333333333,0,0.0
4638,178,16,64432,40,3,0.075,0,0.0
4639,178,16,64432,50,4,0.08,0,0.0
4640,178,17,68459,10,1,0.1,0,0.0
4641,178,17,68459,20,1,0.05,0,0.0
4642,178,17,68459,30,1,0.03333333333333333,0,0.0
4643,178,17,68459,40,3,0.075,0,0.0
4644,178,17,68459,50,4,0.08,0,0.0
4645,178,18,72486,10,1,0.1,0,0.0
4646,178,18,72486,20,1,0.05,0,0.0
4647,178,18,72486,30,1,0.03333333333333333,0,0.0
4648,178,18,72486,40,3,0.075,0,0.0
4649,178,18,72486,50,4,0.08,0,0.0
4650,178,19,76513,10,1,0.1,0,0.0
4651,178,19,76513,20,1,0.05,0,0.0
4652,178,19,76513,30,1,0.03333333333333333,0,0.0
4653,178,19,76513,40,3,0.075,0,0.0
4654,178,19,76513,50,4,0.08,0,0.0
4655,183,1,4027,10,0,0.0,0,0.0
4656,183,1,4027,20,1,0.05,1,0.05
4657,183,1,4027,30,1,0.03333333333333333,1,0.03333333333333333
4658,183,1,4027,40,1,0.025,1,0.025
4659,183,1,4027,50,1,0.02,1,0.02
4660,183,2,8054,10,0,0.0,0,0.0
4661,183,2,8054,20,0,0.0,0,0.0
4662,183,2,8054,30,1,0.03333333333333333,1,0.03333333333333333
4663,183,2,8054,40,1,0.025,1,0.025
4664,183,2,8054,50,1,0.02,1,0.02
4665,183,3,12081,10,0,0.0,0,0.0
4666,183,3,12081,20,0,0.0,0,0.0
4667,183,3,12081,30,0,0.0,0,0.0
4668,183,3,12081,40,0,0.0,0,0.0
4669,183,3,12081,50,0,0.0,0,0.0
4670,183,4,16108,10,0,0.0,0,0.0
4671,183,4,16108,20,0,0.0,0,0.0
4672,183,4,16108,30,0,0.0,0,0.0
4673,183,4,16108,40,0,0.0,0,0.0
4674,183,4,16108,50,0,0.0,0,0.0
4675,183,5,20135,10,0,0.0,0,0.0
4676,183,5,20135,20,0,0.0,0,0.0
4677,183,5,20135,30,0,0.0,0,0.0
4678,183,5,20135,40,0,0.0,0,0.0
4679,183,5,20135,50,0,0.0,0,0.0
4680,183,6,24162,10,0,0.0,0,0.0
4681,183,6,24162,20,0,0.0,0,0.0
4682,183,6,24162,30,0,0.0,0,0.0
4683,183,6,24162,40,0,0.0,0,0.0
4684,183,6,24162,50,0,0.0,0,0.0
4685,183,7,28189,10,0,0.0,0,0.0
4686,183,7,28189,20,0,0.0,0,0.0
4687,183,7,28189,30,0,0.0,0,0.0
4688,183,7,28189,40,0,0.0,0,0.0
4689,183,7,28189,50,0,0.0,0,0.0
4690,183,8,32216,10,0,0.0,0,0.0
4691,183,8,32216,20,0,0.0,0,0.0
4692,183,8,32216,30,0,0.0,0,0.0
4693,183,8,32216,40,0,0.0,0,0.0
4694,183,8,32216,50,0,0.0,0,0.0
4695,183,9,36243,10,0,0.0,0,0.0
4696,183,9,36243,20,0,0.0,0,0.0
4697,183,9,36243,30,0,0.0,0,0.0
4698,183,9,36243,40,0,0.0,0,0.0
4699,183,9,36243,50,0,0.0,0,0.0
4700,183,10,40270,10,0,0.0,0,0.0
4701,183,10,40270,20,0,0.0,0,0.0
4702,183,10,40270,30,0,0.0,0,0.0
4703,183,10,40270,40,0,0.0,0,0.0
4704,183,10,40270,50,0,0.0,0,0.0
4705,183,11,44297,10,0,0.0,0,0.0
4706,183,11,44297,20,0,0.0,0,0.0
4707,183,11,44297,30,0,0.0,0,0.0
4708,183,11,44297,40,0,0.0,0,0.0
4709,183,11,44297,50,0,0.0,0,0.0
4710,183,12,48324,10,0,0.0,0,0.0
4711,183,12,48324,20,0,0.0,0,0.0
4712,183,12,48324,30,0,0.0,0,0.0
4713,183,12,48324,40,0,0.0,0,0.0
4714,183,12,48324,50,1,0.02,1,0.02
4715,183,13,52351,10,0,0.0,0,0.0
4716,183,13,52351,20,0,0.0,0,0.0
4717,183,13,52351,30,0,0.0,0,0.0
4718,183,13,52351,40,1,0.025,1,0.025
4719,183,13,52351,50,1,0.02,1,0.02
4720,183,14,56378,10,0,0.0,0,0.0
4721,183,14,56378,20,0,0.0,0,0.0
4722,183,14,56378,30,0,0.0,0,0.0
4723,183,14,56378,40,0,0.0,0,0.0
4724,183,14,56378,50,0,0.0,0,0.0
4725,183,15,60405,10,0,0.0,0,0.0
4726,183,15,60405,20,0,0.0,0,0.0
4727,183,15,60405,30,0,0.0,0,0.0
4728,183,15,60405,40,0,0.0,0,0.0
4729,183,15,60405,50,1,0.02,1,0.02
4730,183,16,64432,10,0,0.0,0,0.0
4731,183,16,64432,20,0,0.0,0,0.0
4732,183,16,64432,30,0,0.0,0,0.0
4733,183,16,64432,40,0,0.0,0,0.0
4734,183,16,64432,50,1,0.02,1,0.02
4735,183,17,68459,10,0,0.0,0,0.0
4736,183,17,68459,20,0,0.0,0,0.0
4737,183,17,68459,30,0,0.0,0,0.0
4738,183,17,68459,40,0,0.0,0,0.0
4739,183,17,68459,50,0,0.0,0,0.0
4740,183,18,72486,10,0,0.0,0,0.0
4741,183,18,72486,20,0,0.0,0,0.0
4742,183,18,72486,30,0,0.0,0,0.0
4743,183,18,72486,40,0,0.0,0,0.0
4744,183,18,72486,50,0,0.0,0,0.0
4745,183,19,76513,10,0,0.0,0,0.0
4746,183,19,76513,20,0,0.0,0,0.0
4747,183,19,76513,30,0,0.0,0,0.0
4748,183,19,76513,40,0,0.0,0,0.0
4749,183,19,76513,50,0,0.0,0,0.0
4750,184,1,4027,10,2,0.2,1,0.1
4751,184,1,4027,20,3,0.15,1,0.05
4752,184,1,4027,30,3,0.1,1,0.03333333333333333
4753,184,1,4027,40,6,0.15,2,0.05
4754,184,1,4027,50,7,0.14,2,0.04
4755,184,2,8054,10,2,0.2,0,0.0
4756,184,2,8054,20,3,0.15,1,0.05
4757,184,2,8054,30,3,0.1,1,0.03333333333333333
4758,184,2,8054,40,5,0.125,1,0.025
4759,184,2,8054,50,6,0.12,2,0.04
4760,184,3,12081,10,2,0.2,0,0.0
4761,184,3,12081,20,2,0.1,0,0.0
4762,184,3,12081,30,3,0.1,1,0.03333333333333333
4763,184,3,12081,40,5,0.125,1,0.025
4764,184,3,12081,50,7,0.14,3,0.06
4765,184,4,16108,10,2,0.2,0,0.0
4766,184,4,16108,20,2,0.1,0,0.0
4767,184,4,16108,30,3,0.1,1,0.03333333333333333
4768,184,4,16108,40,5,0.125,1,0.025
4769,184,4,16108,50,6,0.12,2,0.04
4770,184,5,20135,10,2,0.2,0,0.0
4771,184,5,20135,20,2,0.1,0,0.0
4772,184,5,20135,30,4,0.13333333333333333,1,0.03333333333333333
4773,184,5,20135,40,5,0.125,1,0.025
4774,184,5,20135,50,6,0.12,2,0.04
4775,184,6,24162,10,2,0.2,0,0.0
4776,184,6,24162,20,2,0.1,0,0.0
4777,184,6,24162,30,4,0.13333333333333333,1,0.03333333333333333
4778,184,6,24162,40,5,0.125,1,0.025
4779,184,6,24162,50,7,0.14,3,0.06
4780,184,7,28189,10,3,0.3,1,0.1
4781,184,7,28189,20,3,0.15,1,0.05
4782,184,7,28189,30,6,0.2,2,0.06666666666666667
4783,184,7,28189,40,6,0.15,2,0.05
4784,184,7,28189,50,7,0.14,2,0.04
4785,184,8,32216,10,3,0.3,1,0.1
4786,184,8,32216,20,3,0.15,1,0.05
4787,184,8,32216,30,6,0.2,2,0.06666666666666667
4788,184,8,32216,40,6,0.15,2,0.05
4789,184,8,32216,50,7,0.14,2,0.04
4790,184,9,36243,10,3,0.3,1,0.1
4791,184,9,36243,20,3,0.15,1,0.05
4792,184,9,36243,30,6,0.2,2,0.06666666666666667
4793,184,9,36243,40,6,0.15,2,0.05
4794,184,9,36243,50,7,0.14,2,0.04
4795,184,10,40270,10,3,0.3,1,0.1
4796,184,10,40270,20,3,0.15,1,0.05
4797,184,10,40270,30,6,0.2,2,0.06666666666666667
4798,184,10,40270,40,7,0.175,2,0.05
4799,184,10,40270,50,7,0.14,2,0.04
4800,184,11,44297,10,3,0.3,1,0.1
4801,184,11,44297,20,3,0.15,1,0.05
4802,184,11,44297,30,6,0.2,2,0.06666666666666667
4803,184,11,44297,40,7,0.175,2,0.05
4804,184,11,44297,50,7,0.14,2,0.04
4805,184,12,48324,10,3,0.3,1,0.1
4806,184,12,48324,20,3,0.15,1,0.05
4807,184,12,48324,30,6,0.2,2,0.06666666666666667
4808,184,12,48324,40,7,0.175,2,0.05
4809,184,12,48324,50,7,0.14,2,0.04
4810,184,13,52351,10,3,0.3,1,0.1
4811,184,13,52351,20,3,0.15,1,0.05
4812,184,13,52351,30,6,0.2,2,0.06666666666666667
4813,184,13,52351,40,7,0.175,2,0.05
4814,184,13,52351,50,7,0.14,2,0.04
4815,184,14,56378,10,3,0.3,1,0.1
4816,184,14,56378,20,3,0.15,1,0.05
4817,184,14,56378,30,6,0.2,2,0.06666666666666667
4818,184,14,56378,40,7,0.175,2,0.05
4819,184,14,56378,50,7,0.14,2,0.04
4820,184,15,60405,10,2,0.2,1,0.1
4821,184,15,60405,20,3,0.15,1,0.05
4822,184,15,60405,30,6,0.2,2,0.06666666666666667
4823,184,15,60405,40,7,0.175,2,0.05
4824,184,15,60405,50,7,0.14,2,0.04
4825,184,16,64432,10,2,0.2,1,0.1
4826,184,16,64432,20,3,0.15,1,0.05
4827,184,16,64432,30,6,0.2,2,0.06666666666666667
4828,184,16,64432,40,7,0.175,2,0.05
4829,184,16,64432,50,7,0.14,2,0.04
4830,184,17,68459,10,2,0.2,1,0.1
4831,184,17,68459,20,3,0.15,1,0.05
4832,184,17,68459,30,6,0.2,2,0.06666666666666667
4833,184,17,68459,40,7,0.175,2,0.05
4834,184,17,68459,50,7,0.14,2,0.04
4835,184,18,72486,10,3,0.3,1,0.1
4836,184,18,72486,20,3,0.15,1,0.05
4837,184,18,72486,30,6,0.2,2,0.06666666666666667
4838,184,18,72486,40,7,0.175,2,0.05
4839,184,18,72486,50,7,0.14,2,0.04
4840,184,19,76513,10,3,0.3,1,0.1
4841,184,19,76513,20,3,0.15,1,0.05
4842,184,19,76513,30,6,0.2,2,0.06666666666666667
4843,184,19,76513,40,7,0.175,2,0.05
4844,184,19,76513,50,7,0.14,2,0.04
4845,185,1,4027,10,4,0.4,0,0.0
4846,185,1,4027,20,8,0.4,0,0.0
4847,185,1,4027,30,8,0.26666666666666666,0,0.0
4848,185,1,4027,40,9,0.225,0,0.0
4849,185,1,4027,50,9,0.18,0,0.0
4850,185,2,8054,10,4,0.4,0,0.0
4851,185,2,8054,20,8,0.4,0,0.0
4852,185,2,8054,30,8,0.26666666666666666,0,0.0
4853,185,2,8054,40,9,0.225,0,0.0
4854,185,2,8054,50,9,0.18,0,0.0
4855,185,3,12081,10,4,0.4,0,0.0
4856,185,3,12081,20,8,0.4,0,0.0
4857,185,3,12081,30,8,0.26666666666666666,0,0.0
4858,185,3,12081,40,9,0.225,0,0.0
4859,185,3,12081,50,9,0.18,0,0.0
4860,185,4,16108,10,4,0.4,0,0.0
4861,185,4,16108,20,8,0.4,0,0.0
4862,185,4,16108,30,8,0.26666666666666666,0,0.0
4863,185,4,16108,40,9,0.225,0,0.0
4864,185,4,16108,50,9,0.18,0,0.0
4865,185,5,20135,10,4,0.4,0,0.0
4866,185,5,20135,20,8,0.4,0,0.0
4867,185,5,20135,30,8,0.26666666666666666,0,0.0
4868,185,5,20135,40,9,0.225,0,0.0
4869,185,5,20135,50,9,0.18,0,0.0
4870,185,6,24162,10,4,0.4,0,0.0
4871,185,6,24162,20,8,0.4,0,0.0
4872,185,6,24162,30,8,0.26666666666666666,0,0.0
4873,185,6,24162,40,9,0.225,0,0.0
4874,185,6,24162,50,9,0.18,0,0.0
4875,185,7,28189,10,4,0.4,0,0.0
4876,185,7,28189,20,8,0.4,0,0.0
4877,185,7,28189,30,8,0.26666666666666666,0,0.0
4878,185,7,28189,40,9,0.225,0,0.0
4879,185,7,28189,50,9,0.18,0,0.0
4880,185,8,32216,10,4,0.4,0,0.0
4881,185,8,32216,20,8,0.4,0,0.0
4882,185,8,32216,30,8,0.26666666666666666,0,0.0
4883,185,8,32216,40,9,0.225,0,0.0
4884,185,8,32216,50,9,0.18,0,0.0
4885,185,9,36243,10,4,0.4,0,0.0
4886,185,9,36243,20,8,0.4,0,0.0
4887,185,9,36243,30,8,0.26666666666666666,0,0.0
4888,185,9,36243,40,9,0.225,0,0.0
4889,185,9,36243,50,9,0.18,0,0.0
4890,185,10,40270,10,4,0.4,0,0.0
4891,185,10,40270,20,8,0.4,0,0.0
4892,185,10,40270,30,8,0.26666666666666666,0,0.0
4893,185,10,40270,40,9,0.225,0,0.0
4894,185,10,40270,50,9,0.18,0,0.0
4895,185,11,44297,10,4,0.4,0,0.0
4896,185,11,44297,20,8,0.4,0,0.0
4897,185,11,44297,30,8,0.26666666666666666,0,0.0
4898,185,11,44297,40,9,0.225,0,0.0
4899,185,11,44297,50,9,0.18,0,0.0
4900,185,12,48324,10,4,0.4,0,0.0
4901,185,12,48324,20,8,0.4,0,0.0
4902,185,12,48324,30,8,0.26666666666666666,0,0.0
4903,185,12,48324,40,9,0.225,0,0.0
4904,185,12,48324,50,9,0.18,0,0.0
4905,185,13,52351,10,4,0.4,0,0.0
4906,185,13,52351,20,7,0.35,0,0.0
4907,185,13,52351,30,8,0.26666666666666666,0,0.0
4908,185,13,52351,40,9,0.225,0,0.0
4909,185,13,52351,50,9,0.18,0,0.0
4910,185,14,56378,10,4,0.4,0,0.0
4911,185,14,56378,20,7,0.35,0,0.0
4912,185,14,56378,30,8,0.26666666666666666,0,0.0
4913,185,14,56378,40,8,0.2,0,0.0
4914,185,14,56378,50,9,0.18,0,0.0
4915,185,15,60405,10,4,0.4,0,0.0
4916,185,15,60405,20,7,0.35,0,0.0
4917,185,15,60405,30,8,0.26666666666666666,0,0.0
4918,185,15,60405,40,8,0.2,0,0.0
4919,185,15,60405,50,9,0.18,0,0.0
4920,185,16,64432,10,4,0.4,0,0.0
4921,185,16,64432,20,7,0.35,0,0.0
4922,185,16,64432,30,8,0.26666666666666666,0,0.0
4923,185,16,64432,40,8,0.2,0,0.0
4924,185,16,64432,50,9,0.18,0,0.0
4925,185,17,68459,10,4,0.4,0,0.0
4926,185,17,68459,20,7,0.35,0,0.0
4927,185,17,68459,30,8,0.26666666666666666,0,0.0
4928,185,17,68459,40,8,0.2,0,0.0
4929,185,17,68459,50,9,0.18,0,0.0
4930,185,18,72486,10,4,0.4,0,0.0
4931,185,18,72486,20,7,0.35,0,0.0
4932,185,18,72486,30,8,0.26666666666666666,0,0.0
4933,185,18,72486,40,8,0.2,0,0.0
4934,185,18,72486,50,9,0.18,0,0.0
4935,185,19,76513,10,4,0.4,0,0.0
4936,185,19,76513,20,6,0.3,0,0.0
4937,185,19,76513,30,8,0.26666666666666666,0,0.0
4938,185,19,76513,40,8,0.2,0,0.0
4939,185,19,76513,50,9,0.18,0,0.0
4940,189,1,4027,10,6,0.6,1,0.1
4941,189,1,4027,20,10,0.5,2,0.1
4942,189,1,4027,30,14,0.4666666666666667,2,0.06666666666666667
4943,189,1,4027,40,19,0.475,2,0.05
4944,189,1,4027,50,25,0.5,2,0.04
4945,189,2,8054,10,6,0.6,1,0.1
4946,189,2,8054,20,10,0.5,2,0.1
4947,189,2,8054,30,12,0.4,2,0.06666666666666667
4948,189,2,8054,40,20,0.5,2,0.05
4949,189,2,8054,50,24,0.48,2,0.04
4950,189,3,12081,10,6,0.6,1,0.1
4951,189,3,12081,20,9,0.45,2,0.1
4952,189,3,12081,30,14,0.4666666666666667,2,0.06666666666666667
4953,189,3,12081,40,17,0.425,2,0.05
4954,189,3,12081,50,22,0.44,2,0.04
4955,189,4,16108,10,6,0.6,1,0.1
4956,189,4,16108,20,9,0.45,2,0.1
4957,189,4,16108,30,13,0.43333333333333335,2,0.06666666666666667
4958,189,4,16108,40,16,0.4,2,0.05
4959,189,4,16108,50,18,0.36,2,0.04
4960,189,5,20135,10,6,0.6,1,0.1
4961,189,5,20135,20,10,0.5,1,0.05
4962,189,5,20135,30,13,0.43333333333333335,2,0.06666666666666667
4963,189,5,20135,40,14,0.35,2,0.05
4964,189,5,20135,50,18,0.36,2,0.04
4965,189,6,24162,10,7,0.7,1,0.1
4966,189,6,24162,20,10,0.5,1,0.05
4967,189,6,24162,30,12,0.4,2,0.06666666666666667
4968,189,6,24162,40,14,0.35,2,0.05
4969,189,6,24162,50,18,0.36,3,0.06
4970,189,7,28189,10,7,0.7,1,0.1
4971,189,7,28189,20,8,0.4,1,0.05
4972,189,7,28189,30,10,0.3333333333333333,1,0.03333333333333333
4973,189,7,28189,40,12,0.3,1,0.025
4974,189,7,28189,50,14,0.28,3,0.06
4975,189,8,32216,10,7,0.7,1,0.1
4976,189,8,32216,20,8,0.4,1,0.05
4977,189,8,32216,30,10,0.3333333333333333,1,0.03333333333333333
4978,189,8,32216,40,13,0.325,2,0.05
4979,189,8,32216,50,14,0.28,3,0.06
4980,189,9,36243,10,7,0.7,1,0.1
4981,189,9,36243,20,8,0.4,1,0.05
4982,189,9,36243,30,10,0.3333333333333333,1,0.03333333333333333
4983,189,9,36243,40,13,0.325,2,0.05
4984,189,9,36243,50,14,0.28,3,0.06
4985,189,10,40270,10,7,0.7,1,0.1
4986,189,10,40270,20,8,0.4,1,0.05
4987,189,10,40270,30,10,0.3333333333333333,1,0.03333333333333333
4988,189,10,40270,40,12,0.3,2,0.05
4989,189,10,40270,50,14,0.28,3,0.06
4990,189,11,44297,10,7,0.7,1,0.1
4991,189,11,44297,20,8,0.4,1,0.05
4992,189,11,44297,30,9,0.3,1,0.03333333333333333
4993,189,11,44297,40,12,0.3,2,0.05
4994,189,11,44297,50,14,0.28,2,0.04
4995,189,12,48324,10,7,0.7,1,0.1
4996,189,12,48324,20,7,0.35,1,0.05
4997,189,12,48324,30,9,0.3,1,0.03333333333333333
4998,189,12,48324,40,10,0.25,2,0.05
4999,189,12,48324,50,14,0.28,2,0.04
5000,189,13,52351,10,6,0.6,1,0.1
5001,189,13,52351,20,7,0.35,1,0.05
5002,189,13,52351,30,9,0.3,2,0.06666666666666667
5003,189,13,52351,40,10,0.25,2,0.05
5004,189,13,52351,50,13,0.26,2,0.04
5005,189,14,56378,10,6,0.6,1,0.1
5006,189,14,56378,20,8,0.4,1,0.05
5007,189,14,56378,30,9,0.3,2,0.06666666666666667
5008,189,14,56378,40,10,0.25,2,0.05
5009,189,14,56378,50,13,0.26,2,0.04
5010,189,15,60405,10,6,0.6,1,0.1
5011,189,15,60405,20,8,0.4,1,0.05
5012,189,15,60405,30,8,0.26666666666666666,1,0.03333333333333333
5013,189,15,60405,40,10,0.25,2,0.05
5014,189,15,60405,50,11,0.22,2,0.04
5015,189,16,64432,10,6,0.6,1,0.1
5016,189,16,64432,20,7,0.35,1,0.05
5017,189,16,64432,30,8,0.26666666666666666,1,0.03333333333333333
5018,189,16,64432,40,10,0.25,2,0.05
5019,189,16,64432,50,11,0.22,2,0.04
5020,189,17,68459,10,6,0.6,1,0.1
5021,189,17,68459,20,7,0.35,1,0.05
5022,189,17,68459,30,9,0.3,2,0.06666666666666667
5023,189,17,68459,40,10,0.25,2,0.05
5024,189,17,68459,50,11,0.22,2,0.04
5025,189,18,72486,10,6,0.6,1,0.1
5026,189,18,72486,20,7,0.35,1,0.05
5027,189,18,72486,30,9,0.3,2,0.06666666666666667
5028,189,18,72486,40,10,0.25,2,0.05
5029,189,18,72486,50,11,0.22,2,0.04
5030,189,19,76513,10,6,0.6,1,0.1
5031,189,19,76513,20,7,0.35,2,0.1
5032,189,19,76513,30,9,0.3,2,0.06666666666666667
5033,189,19,76513,40,10,0.25,2,0.05
5034,189,19,76513,50,12,0.24,2,0.04
5035,192,1,4027,10,5,0.5,2,0.2
5036,192,1,4027,20,5,0.25,3,0.15
5037,192,1,4027,30,6,0.2,3,0.1
5038,192,1,4027,40,9,0.225,4,0.1
5039,192,1,4027,50,12,0.24,4,0.08
5040,192,2,8054,10,4,0.4,1,0.1
5041,192,2,8054,20,5,0.25,2,0.1
5042,192,2,8054,30,6,0.2,3,0.1
5043,192,2,8054,40,8,0.2,4,0.1
5044,192,2,8054,50,12,0.24,5,0.1
5045,192,3,12081,10,3,0.3,0,0.0
5046,192,3,12081,20,5,0.25,1,0.05
5047,192,3,12081,30,7,0.23333333333333334,2,0.06666666666666667
5048,192,3,12081,40,8,0.2,4,0.1
5049,192,3,12081,50,12,0.24,5,0.1
5050,192,4,16108,10,3,0.3,0,0.0
5051,192,4,16108,20,5,0.25,1,0.05
5052,192,4,16108,30,7,0.23333333333333334,2,0.06666666666666667
5053,192,4,16108,40,8,0.2,4,0.1
5054,192,4,16108,50,12,0.24,5,0.1
5055,192,5,20135,10,3,0.3,0,0.0
5056,192,5,20135,20,5,0.25,1,0.05
5057,192,5,20135,30,7,0.23333333333333334,2,0.06666666666666667
5058,192,5,20135,40,8,0.2,3,0.075
5059,192,5,20135,50,11,0.22,5,0.1
5060,192,6,24162,10,2,0.2,0,0.0
5061,192,6,24162,20,4,0.2,0,0.0
5062,192,6,24162,30,7,0.23333333333333334,2,0.06666666666666667
5063,192,6,24162,40,8,0.2,3,0.075
5064,192,6,24162,50,11,0.22,5,0.1
5065,192,7,28189,10,2,0.2,0,0.0
5066,192,7,28189,20,4,0.2,0,0.0
5067,192,7,28189,30,6,0.2,1,0.03333333333333333
5068,192,7,28189,40,8,0.2,3,0.075
5069,192,7,28189,50,10,0.2,5,0.1
5070,192,8,32216,10,2,0.2,0,0.0
5071,192,8,32216,20,4,0.2,0,0.0
5072,192,8,32216,30,6,0.2,1,0.03333333333333333
5073,192,8,32216,40,8,0.2,3,0.075
5074,192,8,32216,50,9,0.18,5,0.1
5075,192,9,36243,10,1,0.1,0,0.0
5076,192,9,36243,20,4,0.2,0,0.0
5077,192,9,36243,30,6,0.2,1,0.03333333333333333
5078,192,9,36243,40,8,0.2,3,0.075
5079,192,9,36243,50,10,0.2,4,0.08
5080,192,10,40270,10,1,0.1,0,0.0
5081,192,10,40270,20,4,0.2,0,0.0
5082,192,10,40270,30,5,0.16666666666666666,0,0.0
5083,192,10,40270,40,8,0.2,3,0.075
5084,192,10,40270,50,10,0.2,4,0.08
5085,192,11,44297,10,1,0.1,0,0.0
5086,192,11,44297,20,4,0.2,0,0.0
5087,192,11,44297,30,5,0.16666666666666666,0,0.0
5088,192,11,44297,40,7,0.175,2,0.05
5089,192,11,44297,50,10,0.2,4,0.08
5090,192,12,48324,10,1,0.1,0,0.0
5091,192,12,48324,20,4,0.2,0,0.0
5092,192,12,48324,30,5,0.16666666666666666,0,0.0
5093,192,12,48324,40,7,0.175,2,0.05
5094,192,12,48324,50,9,0.18,3,0.06
5095,192,13,52351,10,1,0.1,0,0.0
5096,192,13,52351,20,4,0.2,0,0.0
5097,192,13,52351,30,5,0.16666666666666666,0,0.0
5098,192,13,52351,40,7,0.175,2,0.05
5099,192,13,52351,50,9,0.18,3,0.06
5100,192,14,56378,10,1,0.1,0,0.0
5101,192,14,56378,20,4,0.2,0,0.0
5102,192,14,56378,30,5,0.16666666666666666,0,0.0
5103,192,14,56378,40,7,0.175,2,0.05
5104,192,14,56378,50,9,0.18,3,0.06
5105,192,15,60405,10,1,0.1,0,0.0
5106,192,15,60405,20,4,0.2,0,0.0
5107,192,15,60405,30,5,0.16666666666666666,0,0.0
5108,192,15,60405,40,6,0.15,1,0.025
5109,192,15,60405,50,9,0.18,3,0.06
5110,192,16,64432,10,1,0.1,0,0.0
5111,192,16,64432,20,3,0.15,0,0.0
5112,192,16,64432,30,5,0.16666666666666666,0,0.0
5113,192,16,64432,40,6,0.15,1,0.025
5114,192,16,64432,50,9,0.18,3,0.06
5115,192,17,68459,10,1,0.1,0,0.0
5116,192,17,68459,20,3,0.15,0,0.0
5117,192,17,68459,30,5,0.16666666666666666,0,0.0
5118,192,17,68459,40,6,0.15,1,0.025
5119,192,17,68459,50,9,0.18,3,0.06
5120,192,18,72486,10,1,0.1,0,0.0
5121,192,18,72486,20,4,0.2,0,0.0
5122,192,18,72486,30,5,0.16666666666666666,0,0.0
5123,192,18,72486,40,7,0.175,2,0.05
5124,192,18,72486,50,9,0.18,3,0.06
5125,192,19,76513,10,1,0.1,0,0.0
5126,192,19,76513,20,3,0.15,0,0.0
5127,192,19,76513,30,5,0.16666666666666666,0,0.0
5128,192,19,76513,40,6,0.15,1,0.025
5129,192,19,76513,50,9,0.18,3,0.06
5130,193,1,4027,10,0,0.0,0,0.0
5131,193,1,4027,20,2,0.1,1,0.05
5132,193,1,4027,30,2,0.06666666666666667,1,0.03333333333333333
5133,193,1,4027,40,3,0.075,1,0.025
5134,193,1,4027,50,4,0.08,1,0.02
5135,193,2,8054,10,0,0.0,0,0.0
5136,193,2,8054,20,2,0.1,1,0.05
5137,193,2,8054,30,2,0.06666666666666667,1,0.03333333333333333
5138,193,2,8054,40,2,0.05,1,0.025
5139,193,2,8054,50,2,0.04,1,0.02
5140,193,3,12081,10,0,0.0,0,0.0
5141,193,3,12081,20,2,0.1,1,0.05
5142,193,3,12081,30,2,0.06666666666666667,1,0.03333333333333333
5143,193,3,12081,40,2,0.05,1,0.025
5144,193,3,12081,50,2,0.04,1,0.02
5145,193,4,16108,10,0,0.0,0,0.0
5146,193,4,16108,20,2,0.1,1,0.05
5147,193,4,16108,30,2,0.06666666666666667,1,0.03333333333333333
5148,193,4,16108,40,2,0.05,1,0.025
5149,193,4,16108,50,2,0.04,1,0.02
5150,193,5,20135,10,0,0.0,0,0.0
5151,193,5,20135,20,2,0.1,1,0.05
5152,193,5,20135,30,2,0.06666666666666667,1,0.03333333333333333
5153,193,5,20135,40,2,0.05,1,0.025
5154,193,5,20135,50,2,0.04,1,0.02
5155,193,6,24162,10,0,0.0,0,0.0
5156,193,6,24162,20,2,0.1,1,0.05
5157,193,6,24162,30,2,0.06666666666666667,1,0.03333333333333333
5158,193,6,24162,40,2,0.05,1,0.025
5159,193,6,24162,50,2,0.04,1,0.02
5160,193,7,28189,10,0,0.0,0,0.0
5161,193,7,28189,20,2,0.1,1,0.05
5162,193,7,28189,30,2,0.06666666666666667,1,0.03333333333333333
5163,193,7,28189,40,2,0.05,1,0.025
5164,193,7,28189,50,2,0.04,1,0.02
5165,193,8,32216,10,0,0.0,0,0.0
5166,193,8,32216,20,2,0.1,1,0.05
5167,193,8,32216,30,2,0.06666666666666667,1,0.03333333333333333
5168,193,8,32216,40,2,0.05,1,0.025
5169,193,8,32216,50,2,0.04,1,0.02
5170,193,9,36243,10,0,0.0,0,0.0
5171,193,9,36243,20,2,0.1,1,0.05
5172,193,9,36243,30,2,0.06666666666666667,1,0.03333333333333333
5173,193,9,36243,40,2,0.05,1,0.025
5174,193,9,36243,50,2,0.04,1,0.02
5175,193,10,40270,10,0,0.0,0,0.0
5176,193,10,40270,20,2,0.1,1,0.05
5177,193,10,40270,30,2,0.06666666666666667,1,0.03333333333333333
5178,193,10,40270,40,2,0.05,1,0.025
5179,193,10,40270,50,2,0.04,1,0.02
5180,193,11,44297,10,0,0.0,0,0.0
5181,193,11,44297,20,2,0.1,1,0.05
5182,193,11,44297,30,2,0.06666666666666667,1,0.03333333333333333
5183,193,11,44297,40,2,0.05,1,0.025
5184,193,11,44297,50,2,0.04,1,0.02
5185,193,12,48324,10,0,0.0,0,0.0
5186,193,12,48324,20,2,0.1,1,0.05
5187,193,12,48324,30,2,0.06666666666666667,1,0.03333333333333333
5188,193,12,48324,40,2,0.05,1,0.025
5189,193,12,48324,50,3,0.06,1,0.02
5190,193,13,52351,10,0,0.0,0,0.0
5191,193,13,52351,20,2,0.1,1,0.05
5192,193,13,52351,30,2,0.06666666666666667,1,0.03333333333333333
5193,193,13,52351,40,2,0.05,1,0.025
5194,193,13,52351,50,3,0.06,1,0.02
5195,193,14,56378,10,0,0.0,0,0.0
5196,193,14,56378,20,2,0.1,1,0.05
5197,193,14,56378,30,2,0.06666666666666667,1,0.03333333333333333
5198,193,14,56378,40,2,0.05,1,0.025
5199,193,14,56378,50,3,0.06,1,0.02
5200,193,15,60405,10,0,0.0,0,0.0
5201,193,15,60405,20,2,0.1,1,0.05
5202,193,15,60405,30,2,0.06666666666666667,1,0.03333333333333333
5203,193,15,60405,40,2,0.05,1,0.025
5204,193,15,60405,50,3,0.06,1,0.02
5205,193,16,64432,10,0,0.0,0,0.0
5206,193,16,64432,20,2,0.1,1,0.05
5207,193,16,64432,30,2,0.06666666666666667,1,0.03333333333333333
5208,193,16,64432,40,2,0.05,1,0.025
5209,193,16,64432,50,3,0.06,1,0.02
5210,193,17,68459,10,0,0.0,0,0.0
5211,193,17,68459,20,2,0.1,1,0.05
5212,193,17,68459,30,2,0.06666666666666667,1,0.03333333333333333
5213,193,17,68459,40,2,0.05,1,0.025
5214,193,17,68459,50,3,0.06,1,0.02
5215,193,18,72486,10,0,0.0,0,0.0
5216,193,18,72486,20,2,0.1,1,0.05
5217,193,18,72486,30,2,0.06666666666666667,1,0.03333333333333333
5218,193,18,72486,40,2,0.05,1,0.025
5219,193,18,72486,50,3,0.06,1,0.02
5220,193,19,76513,10,0,0.0,0,0.0
5221,193,19,76513,20,2,0.1,1,0.05
5222,193,19,76513,30,2,0.06666666666666667,1,0.03333333333333333
5223,193,19,76513,40,2,0.05,1,0.025
5224,193,19,76513,50,3,0.06,1,0.02
5225,195,1,4027,10,2,0.2,0,0.0
5226,195,1,4027,20,2,0.1,1,0.05
5227,195,1,4027,30,2,0.06666666666666667,1,0.03333333333333333
5228,195,1,4027,40,3,0.075,1,0.025
5229,195,1,4027,50,4,0.08,1,0.02
5230,195,2,8054,10,2,0.2,0,0.0
5231,195,2,8054,20,2,0.1,1,0.05
5232,195,2,8054,30,2,0.06666666666666667,1,0.03333333333333333
5233,195,2,8054,40,3,0.075,1,0.025
5234,195,2,8054,50,4,0.08,1,0.02
5235,195,3,12081,10,2,0.2,0,0.0
5236,195,3,12081,20,2,0.1,1,0.05
5237,195,3,12081,30,2,0.06666666666666667,1,0.03333333333333333
5238,195,3,12081,40,3,0.075,1,0.025
5239,195,3,12081,50,3,0.06,1,0.02
5240,195,4,16108,10,2,0.2,0,0.0
5241,195,4,16108,20,2,0.1,1,0.05
5242,195,4,16108,30,2,0.06666666666666667,1,0.03333333333333333
5243,195,4,16108,40,3,0.075,1,0.025
5244,195,4,16108,50,3,0.06,1,0.02
5245,195,5,20135,10,2,0.2,0,0.0
5246,195,5,20135,20,2,0.1,1,0.05
5247,195,5,20135,30,2,0.06666666666666667,1,0.03333333333333333
5248,195,5,20135,40,3,0.075,1,0.025
5249,195,5,20135,50,3,0.06,1,0.02
5250,195,6,24162,10,2,0.2,0,0.0
5251,195,6,24162,20,2,0.1,1,0.05
5252,195,6,24162,30,2,0.06666666666666667,1,0.03333333333333333
5253,195,6,24162,40,3,0.075,1,0.025
5254,195,6,24162,50,3,0.06,1,0.02
5255,195,7,28189,10,2,0.2,0,0.0
5256,195,7,28189,20,2,0.1,1,0.05
5257,195,7,28189,30,2,0.06666666666666667,1,0.03333333333333333
5258,195,7,28189,40,3,0.075,1,0.025
5259,195,7,28189,50,4,0.08,1,0.02
5260,195,8,32216,10,2,0.2,0,0.0
5261,195,8,32216,20,2,0.1,1,0.05
5262,195,8,32216,30,2,0.06666666666666667,1,0.03333333333333333
5263,195,8,32216,40,3,0.075,1,0.025
5264,195,8,32216,50,3,0.06,1,0.02
5265,195,9,36243,10,2,0.2,0,0.0
5266,195,9,36243,20,2,0.1,1,0.05
5267,195,9,36243,30,2,0.06666666666666667,1,0.03333333333333333
5268,195,9,36243,40,3,0.075,1,0.025
5269,195,9,36243,50,4,0.08,1,0.02
5270,195,10,40270,10,2,0.2,0,0.0
5271,195,10,40270,20,2,0.1,1,0.05
5272,195,10,40270,30,2,0.06666666666666667,1,0.03333333333333333
5273,195,10,40270,40,3,0.075,1,0.025
5274,195,10,40270,50,4,0.08,1,0.02
5275,195,11,44297,10,2,0.2,0,0.0
5276,195,11,44297,20,2,0.1,1,0.05
5277,195,11,44297,30,2,0.06666666666666667,1,0.03333333333333333
5278,195,11,44297,40,3,0.075,1,0.025
5279,195,11,44297,50,4,0.08,1,0.02
5280,195,12,48324,10,2,0.2,0,0.0
5281,195,12,48324,20,2,0.1,1,0.05
5282,195,12,48324,30,2,0.06666666666666667,1,0.03333333333333333
5283,195,12,48324,40,3,0.075,1,0.025
5284,195,12,48324,50,4,0.08,1,0.02
5285,195,13,52351,10,2,0.2,0,0.0
5286,195,13,52351,20,2,0.1,1,0.05
5287,195,13,52351,30,2,0.06666666666666667,1,0.03333333333333333
5288,195,13,52351,40,3,0.075,1,0.025
5289,195,13,52351,50,4,0.08,1,0.02
5290,195,14,56378,10,2,0.2,0,0.0
5291,195,14,56378,20,2,0.1,1,0.05
5292,195,14,56378,30,2,0.06666666666666667,1,0.03333333333333333
5293,195,14,56378,40,3,0.075,1,0.025
5294,195,14,56378,50,3,0.06,1,0.02
5295,195,15,60405,10,2,0.2,0,0.0
5296,195,15,60405,20,2,0.1,1,0.05
5297,195,15,60405,30,2,0.06666666666666667,1,0.03333333333333333
5298,195,15,60405,40,3,0.075,1,0.025
5299,195,15,60405,50,3,0.06,1,0.02
5300,195,16,64432,10,2,0.2,0,0.0
5301,195,16,64432,20,2,0.1,1,0.05
5302,195,16,64432,30,2,0.06666666666666667,1,0.03333333333333333
5303,195,16,64432,40,3,0.075,1,0.025
5304,195,16,64432,50,4,0.08,1,0.02
5305,195,17,68459,10,2,0.2,0,0.0
5306,195,17,68459,20,2,0.1,1,0.05
5307,195,17,68459,30,2,0.06666666666666667,1,0.03333333333333333
5308,195,17,68459,40,3,0.075,1,0.025
5309,195,17,68459,50,4,0.08,1,0.02
5310,195,18,72486,10,2,0.2,0,0.0
5311,195,18,72486,20,2,0.1,1,0.05
5312,195,18,72486,30,2,0.06666666666666667,1,0.03333333333333333
5313,195,18,72486,40,3,0.075,1,0.025
5314,195,18,72486,50,4,0.08,1,0.02
5315,195,19,76513,10,2,0.2,0,0.0
5316,195,19,76513,20,2,0.1,1,0.05
5317,195,19,76513,30,2,0.06666666666666667,1,0.03333333333333333
5318,195,19,76513,40,2,0.05,1,0.025
5319,195,19,76513,50,3,0.06,1,0.02
5320,201,1,4027,10,7,0.7,0,0.0
5321,201,1,4027,20,10,0.5,1,0.05
5322,201,1,4027,30,10,0.3333333333333333,1,0.03333333333333333
5323,201,1,4027,40,10,0.25,1,0.025
5324,201,1,4027,50,11,0.22,1,0.02
5325,201,2,8054,10,7,0.7,0,0.0
5326,201,2,8054,20,10,0.5,1,0.05
5327,201,2,8054,30,10,0.3333333333333333,1,0.03333333333333333
5328,201,2,8054,40,10,0.25,1,0.025
5329,201,2,8054,50,11,0.22,1,0.02
5330,201,3,12081,10,7,0.7,0,0.0
5331,201,3,12081,20,10,0.5,1,0.05
5332,201,3,12081,30,10,0.3333333333333333,1,0.03333333333333333
5333,201,3,12081,40,10,0.25,1,0.025
5334,201,3,12081,50,11,0.22,1,0.02
5335,201,4,16108,10,7,0.7,0,0.0
5336,201,4,16108,20,10,0.5,1,0.05
5337,201,4,16108,30,10,0.3333333333333333,1,0.03333333333333333
5338,201,4,16108,40,10,0.25,1,0.025
5339,201,4,16108,50,10,0.2,1,0.02
5340,201,5,20135,10,7,0.7,0,0.0
5341,201,5,20135,20,10,0.5,1,0.05
5342,201,5,20135,30,10,0.3333333333333333,1,0.03333333333333333
5343,201,5,20135,40,10,0.25,1,0.025
5344,201,5,20135,50,10,0.2,1,0.02
5345,201,6,24162,10,7,0.7,0,0.0
5346,201,6,24162,20,10,0.5,1,0.05
5347,201,6,24162,30,10,0.3333333333333333,1,0.03333333333333333
5348,201,6,24162,40,10,0.25,1,0.025
5349,201,6,24162,50,10,0.2,1,0.02
5350,201,7,28189,10,7,0.7,0,0.0
5351,201,7,28189,20,10,0.5,1,0.05
5352,201,7,28189,30,10,0.3333333333333333,1,0.03333333333333333
5353,201,7,28189,40,10,0.25,1,0.025
5354,201,7,28189,50,10,0.2,1,0.02
5355,201,8,32216,10,7,0.7,0,0.0
5356,201,8,32216,20,10,0.5,1,0.05
5357,201,8,32216,30,10,0.3333333333333333,1,0.03333333333333333
5358,201,8,32216,40,10,0.25,1,0.025
5359,201,8,32216,50,10,0.2,1,0.02
5360,201,9,36243,10,7,0.7,0,0.0
5361,201,9,36243,20,10,0.5,1,0.05
5362,201,9,36243,30,10,0.3333333333333333,1,0.03333333333333333
5363,201,9,36243,40,10,0.25,1,0.025
5364,201,9,36243,50,10,0.2,1,0.02
5365,201,10,40270,10,7,0.7,0,0.0
5366,201,10,40270,20,10,0.5,1,0.05
5367,201,10,40270,30,10,0.3333333333333333,1,0.03333333333333333
5368,201,10,40270,40,10,0.25,1,0.025
5369,201,10,40270,50,11,0.22,1,0.02
5370,201,11,44297,10,7,0.7,0,0.0
5371,201,11,44297,20,10,0.5,1,0.05
5372,201,11,44297,30,10,0.3333333333333333,1,0.03333333333333333
5373,201,11,44297,40,10,0.25,1,0.025
5374,201,11,44297,50,11,0.22,1,0.02
5375,201,12,48324,10,7,0.7,0,0.0
5376,201,12,48324,20,10,0.5,1,0.05
5377,201,12,48324,30,10,0.3333333333333333,1,0.03333333333333333
5378,201,12,48324,40,10,0.25,1,0.025
5379,201,12,48324,50,11,0.22,1,0.02
5380,201,13,52351,10,7,0.7,0,0.0
5381,201,13,52351,20,10,0.5,1,0.05
5382,201,13,52351,30,10,0.3333333333333333,1,0.03333333333333333
5383,201,13,52351,40,10,0.25,1,0.025
5384,201,13,52351,50,11,0.22,1,0.02
5385,201,14,56378,10,7,0.7,0,0.0
5386,201,14,56378,20,10,0.5,1,0.05
5387,201,14,56378,30,10,0.3333333333333333,1,0.03333333333333333
5388,201,14,56378,40,10,0.25,1,0.025
5389,201,14,56378,50,11,0.22,1,0.02
5390,201,15,60405,10,7,0.7,0,0.0
5391,201,15,60405,20,10,0.5,1,0.05
5392,201,15,60405,30,10,0.3333333333333333,1,0.03333333333333333
5393,201,15,60405,40,10,0.25,1,0.025
5394,201,15,60405,50,11,0.22,1,0.02
5395,201,16,64432,10,7,0.7,0,0.0
5396,201,16,64432,20,10,0.5,1,0.05
5397,201,16,64432,30,10,0.3333333333333333,1,0.03333333333333333
5398,201,16,64432,40,10,0.25,1,0.025
5399,201,16,64432,50,11,0.22,1,0.02
5400,201,17,68459,10,7,0.7,0,0.0
5401,201,17,68459,20,10,0.5,1,0.05
5402,201,17,68459,30,10,0.3333333333333333,1,0.03333333333333333
5403,201,17,68459,40,10,0.25,1,0.025
5404,201,17,68459,50,10,0.2,1,0.02
5405,201,18,72486,10,7,0.7,0,0.0
5406,201,18,72486,20,10,0.5,1,0.05
5407,201,18,72486,30,10,0.3333333333333333,1,0.03333333333333333
5408,201,18,72486,40,10,0.25,1,0.025
5409,201,18,72486,50,10,0.2,1,0.02
5410,201,19,76513,10,7,0.7,0,0.0
5411,201,19,76513,20,10,0.5,1,0.05
5412,201,19,76513,30,10,0.3333333333333333,1,0.03333333333333333
5413,201,19,76513,40,10,0.25,1,0.025
5414,201,19,76513,50,10,0.2,1,0.02
5415,207,1,4027,10,3,0.3,3,0.3
5416,207,1,4027,20,7,0.35,4,0.2
5417,207,1,4027,30,7,0.23333333333333334,4,0.13333333333333333
5418,207,1,4027,40,7,0.175,4,0.1
5419,207,1,4027,50,7,0.14,4,0.08
5420,207,2,8054,10,3,0.3,3,0.3
5421,207,2,8054,20,7,0.35,4,0.2
5422,207,2,8054,30,7,0.23333333333333334,4,0.13333333333333333
5423,207,2,8054,40,7,0.175,4,0.1
5424,207,2,8054,50,7,0.14,4,0.08
5425,207,3,12081,10,3,0.3,3,0.3
5426,207,3,12081,20,7,0.35,4,0.2
5427,207,3,12081,30,7,0.23333333333333334,4,0.13333333333333333
5428,207,3,12081,40,7,0.175,4,0.1
5429,207,3,12081,50,7,0.14,4,0.08
5430,207,4,16108,10,3,0.3,3,0.3
5431,207,4,16108,20,7,0.35,4,0.2
5432,207,4,16108,30,7,0.23333333333333334,4,0.13333333333333333
5433,207,4,16108,40,7,0.175,4,0.1
5434,207,4,16108,50,7,0.14,4,0.08
5435,207,5,20135,10,3,0.3,3,0.3
5436,207,5,20135,20,6,0.3,3,0.15
5437,207,5,20135,30,7,0.23333333333333334,4,0.13333333333333333
5438,207,5,20135,40,7,0.175,4,0.1
5439,207,5,20135,50,7,0.14,4,0.08
5440,207,6,24162,10,3,0.3,3,0.3
5441,207,6,24162,20,6,0.3,3,0.15
5442,207,6,24162,30,7,0.23333333333333334,4,0.13333333333333333
5443,207,6,24162,40,7,0.175,4,0.1
5444,207,6,24162,50,7,0.14,4,0.08
5445,207,7,28189,10,3,0.3,3,0.3
5446,207,7,28189,20,6,0.3,3,0.15
5447,207,7,28189,30,7,0.23333333333333334,4,0.13333333333333333
5448,207,7,28189,40,7,0.175,4,0.1
5449,207,7,28189,50,7,0.14,4,0.08
5450,207,8,32216,10,3,0.3,3,0.3
5451,207,8,32216,20,3,0.15,3,0.15
5452,207,8,32216,30,7,0.23333333333333334,4,0.13333333333333333
5453,207,8,32216,40,7,0.175,4,0.1
5454,207,8,32216,50,7,0.14,4,0.08
5455,207,9,36243,10,3,0.3,3,0.3
5456,207,9,36243,20,3,0.15,3,0.15
5457,207,9,36243,30,7,0.23333333333333334,4,0.13333333333333333
5458,207,9,36243,40,7,0.175,4,0.1
5459,207,9,36243,50,7,0.14,4,0.08
5460,207,10,40270,10,3,0.3,3,0.3
5461,207,10,40270,20,3,0.15,3,0.15
5462,207,10,40270,30,7,0.23333333333333334,4,0.13333333333333333
5463,207,10,40270,40,7,0.175,4,0.1
5464,207,10,40270,50,7,0.14,4,0.08
5465,207,11,44297,10,3,0.3,3,0.3
5466,207,11,44297,20,3,0.15,3,0.15
5467,207,11,44297,30,7,0.23333333333333334,4,0.13333333333333333
5468,207,11,44297,40,7,0.175,4,0.1
5469,207,11,44297,50,7,0.14,4,0.08
5470,207,12,48324,10,3,0.3,3,0.3
5471,207,12,48324,20,3,0.15,3,0.15
5472,207,12,48324,30,7,0.23333333333333334,4,0.13333333333333333
5473,207,12,48324,40,7,0.175,4,0.1
5474,207,12,48324,50,7,0.14,4,0.08
5475,207,13,52351,10,3,0.3,3,0.3
5476,207,13,52351,20,3,0.15,3,0.15
5477,207,13,52351,30,7,0.23333333333333334,4,0.13333333333333333
5478,207,13,52351,40,7,0.175,4,0.1
5479,207,13,52351,50,7,0.14,4,0.08
5480,207,14,56378,10,3,0.3,3,0.3
5481,207,14,56378,20,3,0.15,3,0.15
5482,207,14,56378,30,7,0.23333333333333334,4,0.13333333333333333
5483,207,14,56378,40,7,0.175,4,0.1
5484,207,14,56378,50,9,0.18,4,0.08
5485,207,15,60405,10,3,0.3,3,0.3
5486,207,15,60405,20,3,0.15,3,0.15
5487,207,15,60405,30,7,0.23333333333333334,4,0.13333333333333333
5488,207,15,60405,40,8,0.2,4,0.1
5489,207,15,60405,50,10,0.2,4,0.08
5490,207,16,64432,10,3,0.3,3,0.3
5491,207,16,64432,20,3,0.15,3,0.15
5492,207,16,64432,30,7,0.23333333333333334,4,0.13333333333333333
5493,207,16,64432,40,8,0.2,4,0.1
5494,207,16,64432,50,10,0.2,4,0.08
5495,207,17,68459,10,3,0.3,3,0.3
5496,207,17,68459,20,3,0.15,3,0.15
5497,207,17,68459,30,7,0.23333333333333334,4,0.13333333333333333
5498,207,17,68459,40,7,0.175,4,0.1
5499,207,17,68459,50,9,0.18,4,0.08
5500,207,18,72486,10,3,0.3,3,0.3
5501,207,18,72486,20,3,0.15,3,0.15
5502,207,18,72486,30,6,0.2,3,0.1
5503,207,18,72486,40,7,0.175,4,0.1
5504,207,18,72486,50,7,0.14,4,0.08
5505,207,19,76513,10,3,0.3,3,0.3
5506,207,19,76513,20,3,0.15,3,0.15
5507,207,19,76513,30,6,0.2,3,0.1
5508,207,19,76513,40,7,0.175,4,0.1
5509,207,19,76513,50,7,0.14,4,0.08
5510,212,1,4027,10,0,0.0,1,0.1
5511,212,1,4027,20,0,0.0,1,0.05
5512,212,1,4027,30,2,0.06666666666666667,3,0.1
5513,212,1,4027,40,3,0.075,3,0.075
5514,212,1,4027,50,4,0.08,4,0.08
5515,212,2,8054,10,0,0.0,1,0.1
5516,212,2,8054,20,1,0.05,2,0.1
5517,212,2,8054,30,2,0.06666666666666667,4,0.13333333333333333
5518,212,2,8054,40,3,0.075,4,0.1
5519,212,2,8054,50,5,0.1,4,0.08
5520,212,3,12081,10,0,0.0,0,0.0
5521,212,3,12081,20,1,0.05,2,0.1
5522,212,3,12081,30,1,0.03333333333333333,2,0.06666666666666667
5523,212,3,12081,40,1,0.025,2,0.05
5524,212,3,12081,50,3,0.06,4,0.08
5525,212,4,16108,10,0,0.0,1,0.1
5526,212,4,16108,20,1,0.05,3,0.15
5527,212,4,16108,30,1,0.03333333333333333,4,0.13333333333333333
5528,212,4,16108,40,1,0.025,4,0.1
5529,212,4,16108,50,2,0.04,4,0.08
5530,212,5,20135,10,0,0.0,1,0.1
5531,212,5,20135,20,1,0.05,3,0.15
5532,212,5,20135,30,1,0.03333333333333333,4,0.13333333333333333
5533,212,5,20135,40,1,0.025,4,0.1
5534,212,5,20135,50,1,0.02,4,0.08
5535,212,6,24162,10,0,0.0,1,0.1
5536,212,6,24162,20,1,0.05,3,0.15
5537,212,6,24162,30,1,0.03333333333333333,4,0.13333333333333333
5538,212,6,24162,40,1,0.025,4,0.1
5539,212,6,24162,50,1,0.02,4,0.08
5540,212,7,28189,10,0,0.0,1,0.1
5541,212,7,28189,20,1,0.05,3,0.15
5542,212,7,28189,30,1,0.03333333333333333,4,0.13333333333333333
5543,212,7,28189,40,1,0.025,4,0.1
5544,212,7,28189,50,1,0.02,4,0.08
5545,212,8,32216,10,0,0.0,2,0.2
5546,212,8,32216,20,1,0.05,4,0.2
5547,212,8,32216,30,1,0.03333333333333333,4,0.13333333333333333
5548,212,8,32216,40,1,0.025,4,0.1
5549,212,8,32216,50,1,0.02,4,0.08
5550,212,9,36243,10,0,0.0,2,0.2
5551,212,9,36243,20,1,0.05,4,0.2
5552,212,9,36243,30,1,0.03333333333333333,4,0.13333333333333333
5553,212,9,36243,40,1,0.025,4,0.1
5554,212,9,36243,50,1,0.02,4,0.08
5555,212,10,40270,10,0,0.0,2,0.2
5556,212,10,40270,20,1,0.05,4,0.2
5557,212,10,40270,30,1,0.03333333333333333,4,0.13333333333333333
5558,212,10,40270,40,1,0.025,4,0.1
5559,212,10,40270,50,1,0.02,4,0.08
5560,212,11,44297,10,0,0.0,2,0.2
5561,212,11,44297,20,1,0.05,4,0.2
5562,212,11,44297,30,1,0.03333333333333333,4,0.13333333333333333
5563,212,11,44297,40,1,0.025,4,0.1
5564,212,11,44297,50,1,0.02,4,0.08
5565,212,12,48324,10,0,0.0,2,0.2
5566,212,12,48324,20,1,0.05,4,0.2
5567,212,12,48324,30,1,0.03333333333333333,4,0.13333333333333333
5568,212,12,48324,40,1,0.025,4,0.1
5569,212,12,48324,50,1,0.02,4,0.08
5570,212,13,52351,10,0,0.0,2,0.2
5571,212,13,52351,20,1,0.05,4,0.2
5572,212,13,52351,30,1,0.03333333333333333,4,0.13333333333333333
5573,212,13,52351,40,1,0.025,4,0.1
5574,212,13,52351,50,1,0.02,4,0.08
5575,212,14,56378,10,0,0.0,2,0.2
5576,212,14,56378,20,1,0.05,3,0.15
5577,212,14,56378,30,1,0.03333333333333333,4,0.13333333333333333
5578,212,14,56378,40,1,0.025,4,0.1
5579,212,14,56378,50,1,0.02,4,0.08
5580,212,15,60405,10,0,0.0,1,0.1
5581,212,15,60405,20,1,0.05,3,0.15
5582,212,15,60405,30,1,0.03333333333333333,4,0.13333333333333333
5583,212,15,60405,40,1,0.025,4,0.1
5584,212,15,60405,50,1,0.02,4,0.08
5585,212,16,64432,10,0,0.0,1,0.1
5586,212,16,64432,20,1,0.05,3,0.15
5587,212,16,64432,30,1,0.03333333333333333,4,0.13333333333333333
5588,212,16,64432,40,1,0.025,4,0.1
5589,212,16,64432,50,1,0.02,4,0.08
5590,212,17,68459,10,0,0.0,1,0.1
5591,212,17,68459,20,1,0.05,3,0.15
5592,212,17,68459,30,1,0.03333333333333333,4,0.13333333333333333
5593,212,17,68459,40,1,0.025,4,0.1
5594,212,17,68459,50,1,0.02,4,0.08
5595,212,18,72486,10,0,0.0,1,0.1
5596,212,18,72486,20,1,0.05,3,0.15
5597,212,18,72486,30,1,0.03333333333333333,4,0.13333333333333333
5598,212,18,72486,40,1,0.025,4,0.1
5599,212,18,72486,50,1,0.02,4,0.08
5600,212,19,76513,10,0,0.0,1,0.1
5601,212,19,76513,20,1,0.05,3,0.15
5602,212,19,76513,30,1,0.03333333333333333,4,0.13333333333333333
5603,212,19,76513,40,1,0.025,4,0.1
5604,212,19,76513,50,1,0.02,4,0.08
5605,236,1,4027,10,1,0.1,0,0.0
5606,236,1,4027,20,2,0.1,1,0.05
5607,236,1,4027,30,7,0.23333333333333334,3,0.1
5608,236,1,4027,40,8,0.2,4,0.1
5609,236,1,4027,50,8,0.16,4,0.08
5610,236,2,8054,10,1,0.1,0,0.0
5611,236,2,8054,20,3,0.15,2,0.1
5612,236,2,8054,30,6,0.2,3,0.1
5613,236,2,8054,40,8,0.2,4,0.1
5614,236,2,8054,50,8,0.16,5,0.1
5615,236,3,12081,10,1,0.1,0,0.0
5616,236,3,12081,20,3,0.15,2,0.1
5617,236,3,12081,30,6,0.2,3,0.1
5618,236,3,12081,40,8,0.2,4,0.1
5619,236,3,12081,50,8,0.16,4,0.08
5620,236,4,16108,10,1,0.1,0,0.0
5621,236,4,16108,20,3,0.15,2,0.1
5622,236,4,16108,30,6,0.2,3,0.1
5623,236,4,16108,40,8,0.2,4,0.1
5624,236,4,16108,50,8,0.16,5,0.1
5625,236,5,20135,10,1,0.1,0,0.0
5626,236,5,20135,20,3,0.15,2,0.1
5627,236,5,20135,30,6,0.2,3,0.1
5628,236,5,20135,40,8,0.2,4,0.1
5629,236,5,20135,50,8,0.16,5,0.1
5630,236,6,24162,10,1,0.1,0,0.0
5631,236,6,24162,20,2,0.1,1,0.05
5632,236,6,24162,30,6,0.2,3,0.1
5633,236,6,24162,40,8,0.2,4,0.1
5634,236,6,24162,50,8,0.16,4,0.08
5635,236,7,28189,10,1,0.1,0,0.0
5636,236,7,28189,20,2,0.1,1,0.05
5637,236,7,28189,30,6,0.2,3,0.1
5638,236,7,28189,40,8,0.2,4,0.1
5639,236,7,28189,50,8,0.16,4,0.08
5640,236,8,32216,10,1,0.1,0,0.0
5641,236,8,32216,20,2,0.1,1,0.05
5642,236,8,32216,30,6,0.2,3,0.1
5643,236,8,32216,40,8,0.2,4,0.1
5644,236,8,32216,50,8,0.16,4,0.08
5645,236,9,36243,10,1,0.1,0,0.0
5646,236,9,36243,20,2,0.1,1,0.05
5647,236,9,36243,30,5,0.16666666666666666,3,0.1
5648,236,9,36243,40,8,0.2,4,0.1
5649,236,9,36243,50,8,0.16,4,0.08
5650,236,10,40270,10,1,0.1,0,0.0
5651,236,10,40270,20,2,0.1,1,0.05
5652,236,10,40270,30,6,0.2,3,0.1
5653,236,10,40270,40,8,0.2,4,0.1
5654,236,10,40270,50,8,0.16,4,0.08
5655,236,11,44297,10,1,0.1,0,0.0
5656,236,11,44297,20,2,0.1,1,0.05
5657,236,11,44297,30,6,0.2,3,0.1
5658,236,11,44297,40,8,0.2,4,0.1
5659,236,11,44297,50,8,0.16,4,0.08
5660,236,12,48324,10,1,0.1,0,0.0
5661,236,12,48324,20,2,0.1,1,0.05
5662,236,12,48324,30,6,0.2,3,0.1
5663,236,12,48324,40,8,0.2,4,0.1
5664,236,12,48324,50,8,0.16,4,0.08
5665,236,13,52351,10,1,0.1,0,0.0
5666,236,13,52351,20,2,0.1,1,0.05
5667,236,13,52351,30,6,0.2,3,0.1
5668,236,13,52351,40,8,0.2,4,0.1
5669,236,13,52351,50,8,0.16,4,0.08
5670,236,14,56378,10,1,0.1,0,0.0
5671,236,14,56378,20,2,0.1,1,0.05
5672,236,14,56378,30,5,0.16666666666666666,3,0.1
5673,236,14,56378,40,8,0.2,4,0.1
5674,236,14,56378,50,8,0.16,4,0.08
5675,236,15,60405,10,1,0.1,0,0.0
5676,236,15,60405,20,2,0.1,1,0.05
5677,236,15,60405,30,5,0.16666666666666666,3,0.1
5678,236,15,60405,40,8,0.2,4,0.1
5679,236,15,60405,50,8,0.16,4,0.08
5680,236,16,64432,10,1,0.1,0,0.0
5681,236,16,64432,20,2,0.1,1,0.05
5682,236,16,64432,30,5,0.16666666666666666,3,0.1
5683,236,16,64432,40,8,0.2,4,0.1
5684,236,16,64432,50,8,0.16,4,0.08
5685,236,17,68459,10,1,0.1,0,0.0
5686,236,17,68459,20,2,0.1,1,0.05
5687,236,17,68459,30,5,0.16666666666666666,3,0.1
5688,236,17,68459,40,7,0.175,4,0.1
5689,236,17,68459,50,8,0.16,4,0.08
5690,236,18,72486,10,1,0.1,0,0.0
5691,236,18,72486,20,2,0.1,1,0.05
5692,236,18,72486,30,5,0.16666666666666666,3,0.1
5693,236,18,72486,40,8,0.2,4,0.1
5694,236,18,72486,50,8,0.16,4,0.08
5695,236,19,76513,10,1,0.1,0,0.0
5696,236,19,76513,20,2,0.1,1,0.05
5697,236,19,76513,30,5,0.16666666666666666,3,0.1
5698,236,19,76513,40,8,0.2,4,0.1
5699,236,19,76513,50,8,0.16,4,0.08
5700,241,1,4027,10,2,0.2,1,0.1
5701,241,1,4027,20,2,0.1,1,0.05
5702,241,1,4027,30,2,0.06666666666666667,1,0.03333333333333333
5703,241,1,4027,40,2,0.05,1,0.025
5704,241,1,4027,50,3,0.06,2,0.04
5705,241,2,8054,10,2,0.2,1,0.1
5706,241,2,8054,20,2,0.1,1,0.05
5707,241,2,8054,30,2,0.06666666666666667,1,0.03333333333333333
5708,241,2,8054,40,2,0.05,1,0.025
5709,241,2,8054,50,2,0.04,1,0.02
5710,241,3,12081,10,2,0.2,1,0.1
5711,241,3,12081,20,2,0.1,1,0.05
5712,241,3,12081,30,2,0.06666666666666667,1,0.03333333333333333
5713,241,3,12081,40,4,0.1,3,0.075
5714,241,3,12081,50,5,0.1,3,0.06
5715,241,4,16108,10,2,0.2,1,0.1
5716,241,4,16108,20,2,0.1,1,0.05
5717,241,4,16108,30,2,0.06666666666666667,1,0.03333333333333333
5718,241,4,16108,40,4,0.1,3,0.075
5719,241,4,16108,50,5,0.1,3,0.06
5720,241,5,20135,10,2,0.2,1,0.1
5721,241,5,20135,20,2,0.1,1,0.05
5722,241,5,20135,30,2,0.06666666666666667,1,0.03333333333333333
5723,241,5,20135,40,2,0.05,1,0.025
5724,241,5,20135,50,4,0.08,3,0.06
5725,241,6,24162,10,2,0.2,1,0.1
5726,241,6,24162,20,2,0.1,1,0.05
5727,241,6,24162,30,2,0.06666666666666667,1,0.03333333333333333
5728,241,6,24162,40,2,0.05,1,0.025
5729,241,6,24162,50,4,0.08,3,0.06
5730,241,7,28189,10,2,0.2,1,0.1
5731,241,7,28189,20,2,0.1,1,0.05
5732,241,7,28189,30,2,0.06666666666666667,1,0.03333333333333333
5733,241,7,28189,40,2,0.05,1,0.025
5734,241,7,28189,50,4,0.08,3,0.06
5735,241,8,32216,10,2,0.2,1,0.1
5736,241,8,32216,20,2,0.1,1,0.05
5737,241,8,32216,30,2,0.06666666666666667,1,0.03333333333333333
5738,241,8,32216,40,2,0.05,1,0.025
5739,241,8,32216,50,4,0.08,3,0.06
5740,241,9,36243,10,2,0.2,1,0.1
5741,241,9,36243,20,2,0.1,1,0.05
5742,241,9,36243,30,2,0.06666666666666667,1,0.03333333333333333
5743,241,9,36243,40,4,0.1,3,0.075
5744,241,9,36243,50,4,0.08,3,0.06
5745,241,10,40270,10,2,0.2,1,0.1
5746,241,10,40270,20,2,0.1,1,0.05
5747,241,10,40270,30,2,0.06666666666666667,1,0.03333333333333333
5748,241,10,40270,40,4,0.1,3,0.075
5749,241,10,40270,50,4,0.08,3,0.06
5750,241,11,44297,10,2,0.2,1,0.1
5751,241,11,44297,20,2,0.1,1,0.05
5752,241,11,44297,30,2,0.06666666666666667,1,0.03333333333333333
5753,241,11,44297,40,4,0.1,3,0.075
5754,241,11,44297,50,4,0.08,3,0.06
5755,241,12,48324,10,2,0.2,1,0.1
5756,241,12,48324,20,2,0.1,1,0.05
5757,241,12,48324,30,2,0.06666666666666667,1,0.03333333333333333
5758,241,12,48324,40,4,0.1,3,0.075
5759,241,12,48324,50,5,0.1,3,0.06
5760,241,13,52351,10,2,0.2,1,0.1
5761,241,13,52351,20,2,0.1,1,0.05
5762,241,13,52351,30,2,0.06666666666666667,1,0.03333333333333333
5763,241,13,52351,40,2,0.05,1,0.025
5764,241,13,52351,50,4,0.08,3,0.06
5765,241,14,56378,10,2,0.2,1,0.1
5766,241,14,56378,20,2,0.1,1,0.05
5767,241,14,56378,30,2,0.06666666666666667,1,0.03333333333333333
5768,241,14,56378,40,4,0.1,3,0.075
5769,241,14,56378,50,4,0.08,3,0.06
5770,241,15,60405,10,2,0.2,1,0.1
5771,241,15,60405,20,2,0.1,1,0.05
5772,241,15,60405,30,2,0.06666666666666667,1,0.03333333333333333
5773,241,15,60405,40,4,0.1,3,0.075
5774,241,15,60405,50,4,0.08,3,0.06
5775,241,16,64432,10,2,0.2,1,0.1
5776,241,16,64432,20,2,0.1,1,0.05
5777,241,16,64432,30,2,0.06666666666666667,1,0.03333333333333333
5778,241,16,64432,40,4,0.1,3,0.075
5779,241,16,64432,50,4,0.08,3,0.06
5780,241,17,68459,10,2,0.2,1,0.1
5781,241,17,68459,20,2,0.1,1,0.05
5782,241,17,68459,30,2,0.06666666666666667,1,0.03333333333333333
5783,241,17,68459,40,4,0.1,3,0.075
5784,241,17,68459,50,4,0.08,3,0.06
5785,241,18,72486,10,2,0.2,1,0.1
5786,241,18,72486,20,2,0.1,1,0.05
5787,241,18,72486,30,2,0.06666666666666667,1,0.03333333333333333
5788,241,18,72486,40,3,0.075,2,0.05
5789,241,18,72486,50,4,0.08,3,0.06
5790,241,19,76513,10,2,0.2,1,0.1
5791,241,19,76513,20,2,0.1,1,0.05
5792,241,19,76513,30,2,0.06666666666666667,1,0.03333333333333333
5793,241,19,76513,40,3,0.075,2,0.05
5794,241,19,76513,50,4,0.08,3,0.06
5795,243,1,4027,10,0,0.0,0,0.0
5796,243,1,4027,20,2,0.1,0,0.0
5797,243,1,4027,30,2,0.06666666666666667,0,0.0
5798,243,1,4027,40,2,0.05,0,0.0
5799,243,1,4027,50,3,0.06,0,0.0
5800,243,2,8054,10,0,0.0,0,0.0
5801,243,2,8054,20,0,0.0,0,0.0
5802,243,2,8054,30,0,0.0,0,0.0
5803,243,2,8054,40,0,0.0,0,0.0
5804,243,2,8054,50,0,0.0,0,0.0
5805,243,3,12081,10,0,0.0,0,0.0
5806,243,3,12081,20,0,0.0,0,0.0
5807,243,3,12081,30,0,0.0,0,0.0
5808,243,3,12081,40,0,0.0,0,0.0
5809,243,3,12081,50,0,0.0,0,0.0
5810,243,4,16108,10,0,0.0,0,0.0
5811,243,4,16108,20,0,0.0,0,0.0
5812,243,4,16108,30,0,0.0,0,0.0
5813,243,4,16108,40,0,0.0,0,0.0
5814,243,4,16108,50,0,0.0,0,0.0
5815,243,5,20135,10,0,0.0,0,0.0
5816,243,5,20135,20,0,0.0,0,0.0
5817,243,5,20135,30,0,0.0,0,0.0
5818,243,5,20135,40,0,0.0,0,0.0
5819,243,5,20135,50,0,0.0,0,0.0
5820,243,6,24162,10,0,0.0,0,0.0
5821,243,6,24162,20,0,0.0,0,0.0
5822,243,6,24162,30,0,0.0,0,0.0
5823,243,6,24162,40,1,0.025,0,0.0
5824,243,6,24162,50,2,0.04,0,0.0
5825,243,7,28189,10,0,0.0,0,0.0
5826,243,7,28189,20,0,0.0,0,0.0
5827,243,7,28189,30,0,0.0,0,0.0
5828,243,7,28189,40,1,0.025,0,0.0
5829,243,7,28189,50,1,0.02,0,0.0
5830,243,8,32216,10,0,0.0,0,0.0
5831,243,8,32216,20,0,0.0,0,0.0
5832,243,8,32216,30,0,0.0,0,0.0
5833,243,8,32216,40,1,0.025,0,0.0
5834,243,8,32216,50,1,0.02,0,0.0
5835,243,9,36243,10,0,0.0,0,0.0
5836,243,9,36243,20,0,0.0,0,0.0
5837,243,9,36243,30,0,0.0,0,0.0
5838,243,9,36243,40,1,0.025,0,0.0
5839,243,9,36243,50,2,0.04,0,0.0
5840,243,10,40270,10,0,0.0,0,0.0
5841,243,10,40270,20,0,0.0,0,0.0
5842,243,10,40270,30,0,0.0,0,0.0
5843,243,10,40270,40,1,0.025,0,0.0
5844,243,10,40270,50,2,0.04,0,0.0
5845,243,11,44297,10,0,0.0,0,0.0
5846,243,11,44297,20,0,0.0,0,0.0
5847,243,11,44297,30,0,0.0,0,0.0
5848,243,11,44297,40,0,0.0,0,0.0
5849,243,11,44297,50,2,0.04,0,0.0
5850,243,12,48324,10,0,0.0,0,0.0
5851,243,12,48324,20,0,0.0,0,0.0
5852,243,12,48324,30,2,0.06666666666666667,0,0.0
5853,243,12,48324,40,2,0.05,0,0.0
5854,243,12,48324,50,2,0.04,0,0.0
5855,243,13,52351,10,0,0.0,0,0.0
5856,243,13,52351,20,0,0.0,0,0.0
5857,243,13,52351,30,2,0.06666666666666667,0,0.0
5858,243,13,52351,40,2,0.05,0,0.0
5859,243,13,52351,50,4,0.08,0,0.0
5860,243,14,56378,10,0,0.0,0,0.0
5861,243,14,56378,20,0,0.0,0,0.0
5862,243,14,56378,30,2,0.06666666666666667,0,0.0
5863,243,14,56378,40,2,0.05,0,0.0
5864,243,14,56378,50,4,0.08,0,0.0
5865,243,15,60405,10,0,0.0,0,0.0
5866,243,15,60405,20,0,0.0,0,0.0
5867,243,15,60405,30,2,0.06666666666666667,0,0.0
5868,243,15,60405,40,3,0.075,0,0.0
5869,243,15,60405,50,5,0.1,0,0.0
5870,243,16,64432,10,0,0.0,0,0.0
5871,243,16,64432,20,0,0.0,0,0.0
5872,243,16,64432,30,0,0.0,0,0.0
5873,243,16,64432,40,2,0.05,0,0.0
5874,243,16,64432,50,4,0.08,0,0.0
5875,243,17,68459,10,0,0.0,0,0.0
5876,243,17,68459,20,0,0.0,0,0.0
5877,243,17,68459,30,0,0.0,0,0.0
5878,243,17,68459,40,2,0.05,0,0.0
5879,243,17,68459,50,5,0.1,0,0.0
5880,243,18,72486,10,0,0.0,0,0.0
5881,243,18,72486,20,0,0.0,0,0.0
5882,243,18,72486,30,1,0.03333333333333333,0,0.0
5883,243,18,72486,40,2,0.05,0,0.0
5884,243,18,72486,50,5,0.1,0,0.0
5885,243,19,76513,10,0,0.0,0,0.0
5886,243,19,76513,20,0,0.0,0,0.0
5887,243,19,76513,30,1,0.03333333333333333,0,0.0
5888,243,19,76513,40,2,0.05,0,0.0
5889,243,19,76513,50,5,0.1,0,0.0
5890,245,1,4027,10,0,0.0,1,0.1
5891,245,1,4027,20,0,0.0,1,0.05
5892,245,1,4027,30,0,0.0,1,0.03333333333333333
5893,245,1,4027,40,1,0.025,1,0.025
5894,245,1,4027,50,1,0.02,2,0.04
5895,245,2,8054,10,0,0.0,1,0.1
5896,245,2,8054,20,0,0.0,1,0.05
5897,245,2,8054,30,0,0.0,1,0.03333333333333333
5898,245,2,8054,40,0,0.0,1,0.025
5899,245,2,8054,50,0,0.0,1,0.02
5900,245,3,12081,10,0,0.0,1,0.1
5901,245,3,12081,20,0,0.0,1,0.05
5902,245,3,12081,30,0,0.0,1,0.03333333333333333
5903,245,3,12081,40,0,0.0,1,0.025
5904,245,3,12081,50,0,0.0,1,0.02
5905,245,4,16108,10,0,0.0,1,0.1
5906,245,4,16108,20,0,0.0,1,0.05
5907,245,4,16108,30,0,0.0,1,0.03333333333333333
5908,245,4,16108,40,0,0.0,1,0.025
5909,245,4,16108,50,0,0.0,1,0.02
5910,245,5,20135,10,0,0.0,1,0.1
5911,245,5,20135,20,0,0.0,1,0.05
5912,245,5,20135,30,0,0.0,1,0.03333333333333333
5913,245,5,20135,40,0,0.0,1,0.025
5914,245,5,20135,50,0,0.0,1,0.02
5915,245,6,24162,10,0,0.0,1,0.1
5916,245,6,24162,20,0,0.0,1,0.05
5917,245,6,24162,30,0,0.0,1,0.03333333333333333
5918,245,6,24162,40,0,0.0,1,0.025
5919,245,6,24162,50,0,0.0,1,0.02
5920,245,7,28189,10,0,0.0,1,0.1
5921,245,7,28189,20,0,0.0,1,0.05
5922,245,7,28189,30,0,0.0,1,0.03333333333333333
5923,245,7,28189,40,0,0.0,1,0.025
5924,245,7,28189,50,0,0.0,1,0.02
5925,245,8,32216,10,0,0.0,1,0.1
5926,245,8,32216,20,0,0.0,1,0.05
5927,245,8,32216,30,0,0.0,1,0.03333333333333333
5928,245,8,32216,40,0,0.0,1,0.025
5929,245,8,32216,50,0,0.0,1,0.02
5930,245,9,36243,10,0,0.0,1,0.1
5931,245,9,36243,20,0,0.0,1,0.05
5932,245,9,36243,30,0,0.0,1,0.03333333333333333
5933,245,9,36243,40,0,0.0,1,0.025
5934,245,9,36243,50,0,0.0,1,0.02
5935,245,10,40270,10,0,0.0,1,0.1
5936,245,10,40270,20,0,0.0,1,0.05
5937,245,10,40270,30,0,0.0,1,0.03333333333333333
5938,245,10,40270,40,0,0.0,1,0.025
5939,245,10,40270,50,0,0.0,1,0.02
5940,245,11,44297,10,0,0.0,1,0.1
5941,245,11,44297,20,0,0.0,1,0.05
5942,245,11,44297,30,0,0.0,1,0.03333333333333333
5943,245,11,44297,40,0,0.0,1,0.025
5944,245,11,44297,50,0,0.0,1,0.02
5945,245,12,48324,10,0,0.0,1,0.1
5946,245,12,48324,20,0,0.0,1,0.05
5947,245,12,48324,30,0,0.0,1,0.03333333333333333
5948,245,12,48324,40,0,0.0,1,0.025
5949,245,12,48324,50,0,0.0,1,0.02
5950,245,13,52351,10,0,0.0,1,0.1
5951,245,13,52351,20,0,0.0,1,0.05
5952,245,13,52351,30,0,0.0,1,0.03333333333333333
5953,245,13,52351,40,0,0.0,1,0.025
5954,245,13,52351,50,0,0.0,1,0.02
5955,245,14,56378,10,0,0.0,1,0.1
5956,245,14,56378,20,0,0.0,1,0.05
5957,245,14,56378,30,0,0.0,1,0.03333333333333333
5958,245,14,56378,40,0,0.0,1,0.025
5959,245,14,56378,50,0,0.0,1,0.02
5960,245,15,60405,10,0,0.0,1,0.1
5961,245,15,60405,20,0,0.0,1,0.05
5962,245,15,60405,30,0,0.0,1,0.03333333333333333
5963,245,15,60405,40,0,0.0,1,0.025
5964,245,15,60405,50,0,0.0,1,0.02
5965,245,16,64432,10,0,0.0,1,0.1
5966,245,16,64432,20,0,0.0,1,0.05
5967,245,16,64432,30,0,0.0,1,0.03333333333333333
5968,245,16,64432,40,0,0.0,1,0.025
5969,245,16,64432,50,0,0.0,1,0.02
5970,245,17,68459,10,0,0.0,1,0.1
5971,245,17,68459,20,0,0.0,1,0.05
5972,245,17,68459,30,0,0.0,1,0.03333333333333333
5973,245,17,68459,40,0,0.0,1,0.025
5974,245,17,68459,50,0,0.0,1,0.02
5975,245,18,72486,10,0,0.0,1,0.1
5976,245,18,72486,20,0,0.0,1,0.05
5977,245,18,72486,30,0,0.0,1,0.03333333333333333
5978,245,18,72486,40,0,0.0,1,0.025
5979,245,18,72486,50,0,0.0,1,0.02
5980,245,19,76513,10,0,0.0,1,0.1
5981,245,19,76513,20,0,0.0,1,0.05
5982,245,19,76513,30,0,0.0,1,0.03333333333333333
5983,245,19,76513,40,0,0.0,1,0.025
5984,245,19,76513,50,0,0.0,1,0.02
5985,253,1,4027,10,1,0.1,1,0.1
5986,253,1,4027,20,4,0.2,4,0.2
5987,253,1,4027,30,5,0.16666666666666666,4,0.13333333333333333
5988,253,1,4027,40,7,0.175,6,0.15
5989,253,1,4027,50,9,0.18,7,0.14
5990,253,2,8054,10,1,0.1,1,0.1
5991,253,2,8054,20,4,0.2,3,0.15
5992,253,2,8054,30,5,0.16666666666666666,4,0.13333333333333333
5993,253,2,8054,40,5,0.125,4,0.1
5994,253,2,8054,50,8,0.16,7,0.14
5995,253,3,12081,10,1,0.1,1,0.1
5996,253,3,12081,20,3,0.15,3,0.15
5997,253,3,12081,30,4,0.13333333333333333,4,0.13333333333333333
5998,253,3,12081,40,5,0.125,4,0.1
5999,253,3,12081,50,8,0.16,7,0.14
6000,253,4,16108,10,0,0.0,0,0.0
6001,253,4,16108,20,3,0.15,3,0.15
6002,253,4,16108,30,4,0.13333333333333333,4,0.13333333333333333
6003,253,4,16108,40,4,0.1,4,0.1
6004,253,4,16108,50,8,0.16,7,0.14
6005,253,5,20135,10,0,0.0,0,0.0
6006,253,5,20135,20,3,0.15,3,0.15
6007,253,5,20135,30,4,0.13333333333333333,4,0.13333333333333333
6008,253,5,20135,40,4,0.1,4,0.1
6009,253,5,20135,50,7,0.14,7,0.14
6010,253,6,24162,10,0,0.0,0,0.0
6011,253,6,24162,20,3,0.15,3,0.15
6012,253,6,24162,30,4,0.13333333333333333,4,0.13333333333333333
6013,253,6,24162,40,4,0.1,4,0.1
6014,253,6,24162,50,7,0.14,7,0.14
6015,253,7,28189,10,0,0.0,0,0.0
6016,253,7,28189,20,3,0.15,3,0.15
6017,253,7,28189,30,4,0.13333333333333333,4,0.13333333333333333
6018,253,7,28189,40,4,0.1,4,0.1
6019,253,7,28189,50,7,0.14,7,0.14
6020,253,8,32216,10,0,0.0,0,0.0
6021,253,8,32216,20,3,0.15,3,0.15
6022,253,8,32216,30,4,0.13333333333333333,4,0.13333333333333333
6023,253,8,32216,40,4,0.1,4,0.1
6024,253,8,32216,50,7,0.14,7,0.14
6025,253,9,36243,10,0,0.0,0,0.0
6026,253,9,36243,20,3,0.15,3,0.15
6027,253,9,36243,30,4,0.13333333333333333,4,0.13333333333333333
6028,253,9,36243,40,4,0.1,4,0.1
6029,253,9,36243,50,7,0.14,7,0.14
6030,253,10,40270,10,0,0.0,0,0.0
6031,253,10,40270,20,3,0.15,3,0.15
6032,253,10,40270,30,4,0.13333333333333333,4,0.13333333333333333
6033,253,10,40270,40,4,0.1,4,0.1
6034,253,10,40270,50,7,0.14,7,0.14
6035,253,11,44297,10,0,0.0,0,0.0
6036,253,11,44297,20,3,0.15,3,0.15
6037,253,11,44297,30,4,0.13333333333333333,4,0.13333333333333333
6038,253,11,44297,40,4,0.1,4,0.1
6039,253,11,44297,50,7,0.14,7,0.14
6040,253,12,48324,10,0,0.0,0,0.0
6041,253,12,48324,20,3,0.15,3,0.15
6042,253,12,48324,30,4,0.13333333333333333,4,0.13333333333333333
6043,253,12,48324,40,4,0.1,4,0.1
6044,253,12,48324,50,7,0.14,7,0.14
6045,253,13,52351,10,0,0.0,0,0.0
6046,253,13,52351,20,3,0.15,3,0.15
6047,253,13,52351,30,4,0.13333333333333333,4,0.13333333333333333
6048,253,13,52351,40,4,0.1,4,0.1
6049,253,13,52351,50,7,0.14,7,0.14
6050,253,14,56378,10,0,0.0,0,0.0
6051,253,14,56378,20,4,0.2,4,0.2
6052,253,14,56378,30,4,0.13333333333333333,4,0.13333333333333333
6053,253,14,56378,40,4,0.1,4,0.1
6054,253,14,56378,50,7,0.14,7,0.14
6055,253,15,60405,10,1,0.1,0,0.0
6056,253,15,60405,20,4,0.2,3,0.15
6057,253,15,60405,30,5,0.16666666666666666,4,0.13333333333333333
6058,253,15,60405,40,5,0.125,4,0.1
6059,253,15,60405,50,8,0.16,7,0.14
6060,253,16,64432,10,0,0.0,0,0.0
6061,253,16,64432,20,4,0.2,3,0.15
6062,253,16,64432,30,5,0.16666666666666666,4,0.13333333333333333
6063,253,16,64432,40,5,0.125,4,0.1
6064,253,16,64432,50,8,0.16,7,0.14
6065,253,17,68459,10,0,0.0,0,0.0
6066,253,17,68459,20,4,0.2,3,0.15
6067,253,17,68459,30,5,0.16666666666666666,4,0.13333333333333333
6068,253,17,68459,40,5,0.125,4,0.1
6069,253,17,68459,50,8,0.16,7,0.14
6070,253,18,72486,10,0,0.0,0,0.0
6071,253,18,72486,20,4,0.2,3,0.15
6072,253,18,72486,30,5,0.16666666666666666,4,0.13333333333333333
6073,253,18,72486,40,5,0.125,4,0.1
6074,253,18,72486,50,8,0.16,7,0.14
6075,253,19,76513,10,0,0.0,0,0.0
6076,253,19,76513,20,4,0.2,3,0.15
6077,253,19,76513,30,5,0.16666666666666666,4,0.13333333333333333
6078,253,19,76513,40,5,0.125,4,0.1
6079,253,19,76513,50,8,0.16,7,0.14
6080,270,1,4027,10,4,0.4,1,0.1
6081,270,1,4027,20,9,0.45,1,0.05
6082,270,1,4027,30,13,0.43333333333333335,1,0.03333333333333333
6083,270,1,4027,40,13,0.325,2,0.05
6084,270,1,4027,50,16,0.32,2,0.04
6085,270,2,8054,10,4,0.4,1,0.1
6086,270,2,8054,20,8,0.4,1,0.05
6087,270,2,8054,30,13,0.43333333333333335,1,0.03333333333333333
6088,270,2,8054,40,14,0.35,2,0.05
6089,270,2,8054,50,16,0.32,2,0.04
6090,270,3,12081,10,4,0.4,1,0.1
6091,270,3,12081,20,7,0.35,1,0.05
6092,270,3,12081,30,13,0.43333333333333335,1,0.03333333333333333
6093,270,3,12081,40,14,0.35,2,0.05
6094,270,3,12081,50,16,0.32,2,0.04
6095,270,4,16108,10,4,0.4,1,0.1
6096,270,4,16108,20,7,0.35,1,0.05
6097,270,4,16108,30,13,0.43333333333333335,1,0.03333333333333333
6098,270,4,16108,40,14,0.35,2,0.05
6099,270,4,16108,50,16,0.32,2,0.04
6100,270,5,20135,10,4,0.4,1,0.1
6101,270,5,20135,20,7,0.35,1,0.05
6102,270,5,20135,30,13,0.43333333333333335,1,0.03333333333333333
6103,270,5,20135,40,14,0.35,2,0.05
6104,270,5,20135,50,16,0.32,2,0.04
6105,270,6,24162,10,4,0.4,1,0.1
6106,270,6,24162,20,7,0.35,1,0.05
6107,270,6,24162,30,13,0.43333333333333335,1,0.03333333333333333
6108,270,6,24162,40,14,0.35,2,0.05
6109,270,6,24162,50,16,0.32,2,0.04
6110,270,7,28189,10,4,0.4,1,0.1
6111,270,7,28189,20,7,0.35,1,0.05
6112,270,7,28189,30,13,0.43333333333333335,1,0.03333333333333333
6113,270,7,28189,40,14,0.35,2,0.05
6114,270,7,28189,50,16,0.32,2,0.04
6115,270,8,32216,10,4,0.4,1,0.1
6116,270,8,32216,20,7,0.35,1,0.05
6117,270,8,32216,30,13,0.43333333333333335,1,0.03333333333333333
6118,270,8,32216,40,14,0.35,2,0.05
6119,270,8,32216,50,16,0.32,2,0.04
6120,270,9,36243,10,4,0.4,1,0.1
6121,270,9,36243,20,7,0.35,1,0.05
6122,270,9,36243,30,13,0.43333333333333335,1,0.03333333333333333
6123,270,9,36243,40,13,0.325,2,0.05
6124,270,9,36243,50,16,0.32,2,0.04
6125,270,10,40270,10,4,0.4,1,0.1
6126,270,10,40270,20,7,0.35,1,0.05
6127,270,10,40270,30,13,0.43333333333333335,1,0.03333333333333333
6128,270,10,40270,40,13,0.325,2,0.05
6129,270,10,40270,50,14,0.28,2,0.04
6130,270,11,44297,10,4,0.4,1,0.1
6131,270,11,44297,20,9,0.45,1,0.05
6132,270,11,44297,30,13,0.43333333333333335,1,0.03333333333333333
6133,270,11,44297,40,13,0.325,2,0.05
6134,270,11,44297,50,15,0.3,2,0.04
6135,270,12,48324,10,4,0.4,1,0.1
6136,270,12,48324,20,9,0.45,1,0.05
6137,270,12,48324,30,13,0.43333333333333335,1,0.03333333333333333
6138,270,12,48324,40,13,0.325,2,0.05
6139,270,12,48324,50,16,0.32,2,0.04
6140,270,13,52351,10,4,0.4,1,0.1
6141,270,13,52351,20,9,0.45,1,0.05
6142,270,13,52351,30,13,0.43333333333333335,1,0.03333333333333333
6143,270,13,52351,40,13,0.325,2,0.05
6144,270,13,52351,50,16,0.32,2,0.04
6145,270,14,56378,10,4,0.4,1,0.1
6146,270,14,56378,20,8,0.4,1,0.05
6147,270,14,56378,30,13,0.43333333333333335,1,0.03333333333333333
6148,270,14,56378,40,13,0.325,2,0.05
6149,270,14,56378,50,16,0.32,2,0.04
6150,270,15,60405,10,4,0.4,1,0.1
6151,270,15,60405,20,9,0.45,1,0.05
6152,270,15,60405,30,13,0.43333333333333335,1,0.03333333333333333
6153,270,15,60405,40,13,0.325,2,0.05
6154,270,15,60405,50,16,0.32,2,0.04
6155,270,16,64432,10,4,0.4,1,0.1
6156,270,16,64432,20,9,0.45,1,0.05
6157,270,16,64432,30,13,0.43333333333333335,1,0.03333333333333333
6158,270,16,64432,40,13,0.325,2,0.05
6159,270,16,64432,50,16,0.32,2,0.04
6160,270,17,68459,10,4,0.4,1,0.1
6161,270,17,68459,20,9,0.45,1,0.05
6162,270,17,68459,30,13,0.43333333333333335,1,0.03333333333333333
6163,270,17,68459,40,13,0.325,1,0.025
6164,270,17,68459,50,16,0.32,2,0.04
6165,270,18,72486,10,4,0.4,1,0.1
6166,270,18,72486,20,9,0.45,1,0.05
6167,270,18,72486,30,12,0.4,1,0.03333333333333333
6168,270,18,72486,40,13,0.325,1,0.025
6169,270,18,72486,50,16,0.32,2,0.04
6170,270,19,76513,10,4,0.4,1,0.1
6171,270,19,76513,20,9,0.45,1,0.05
6172,270,19,76513,30,13,0.43333333333333335,1,0.03333333333333333
6173,270,19,76513,40,13,0.325,2,0.05
6174,270,19,76513,50,16,0.32,2,0.04
6175,283,1,4027,10,6,0.6,2,0.2
6176,283,1,4027,20,7,0.35,3,0.15
6177,283,1,4027,30,7,0.23333333333333334,3,0.1
6178,283,1,4027,40,12,0.3,3,0.075
6179,283,1,4027,50,14,0.28,3,0.06
6180,283,2,8054,10,6,0.6,2,0.2
6181,283,2,8054,20,7,0.35,3,0.15
6182,283,2,8054,30,7,0.23333333333333334,3,0.1
6183,283,2,8054,40,11,0.275,3,0.075
6184,283,2,8054,50,14,0.28,3,0.06
6185,283,3,12081,10,6,0.6,3,0.3
6186,283,3,12081,20,7,0.35,3,0.15
6187,283,3,12081,30,7,0.23333333333333334,3,0.1
6188,283,3,12081,40,12,0.3,3,0.075
6189,283,3,12081,50,14,0.28,3,0.06
6190,283,4,16108,10,6,0.6,3,0.3
6191,283,4,16108,20,7,0.35,3,0.15
6192,283,4,16108,30,7,0.23333333333333334,3,0.1
6193,283,4,16108,40,9,0.225,3,0.075
6194,283,4,16108,50,14,0.28,3,0.06
6195,283,5,20135,10,6,0.6,3,0.3
6196,283,5,20135,20,7,0.35,3,0.15
6197,283,5,20135,30,7,0.23333333333333334,3,0.1
6198,283,5,20135,40,8,0.2,3,0.075
6199,283,5,20135,50,14,0.28,3,0.06
6200,283,6,24162,10,6,0.6,3,0.3
6201,283,6,24162,20,7,0.35,3,0.15
6202,283,6,24162,30,7,0.23333333333333334,3,0.1
6203,283,6,24162,40,8,0.2,3,0.075
6204,283,6,24162,50,14,0.28,3,0.06
6205,283,7,28189,10,6,0.6,3,0.3
6206,283,7,28189,20,7,0.35,3,0.15
6207,283,7,28189,30,7,0.23333333333333334,3,0.1
6208,283,7,28189,40,8,0.2,3,0.075
6209,283,7,28189,50,14,0.28,3,0.06
6210,283,8,32216,10,6,0.6,3,0.3
6211,283,8,32216,20,7,0.35,3,0.15
6212,283,8,32216,30,7,0.23333333333333334,3,0.1
6213,283,8,32216,40,8,0.2,3,0.075
6214,283,8,32216,50,14,0.28,3,0.06
6215,283,9,36243,10,6,0.6,3,0.3
6216,283,9,36243,20,7,0.35,3,0.15
6217,283,9,36243,30,7,0.23333333333333334,3,0.1
6218,283,9,36243,40,8,0.2,3,0.075
6219,283,9,36243,50,14,0.28,3,0.06
6220,283,10,40270,10,6,0.6,3,0.3
6221,283,10,40270,20,7,0.35,3,0.15
6222,283,10,40270,30,7,0.23333333333333334,3,0.1
6223,283,10,40270,40,11,0.275,3,0.075
6224,283,10,40270,50,15,0.3,3,0.06
6225,283,11,44297,10,6,0.6,3,0.3
6226,283,11,44297,20,7,0.35,3,0.15
6227,283,11,44297,30,7,0.23333333333333334,3,0.1
6228,283,11,44297,40,11,0.275,3,0.075
6229,283,11,44297,50,15,0.3,3,0.06
6230,283,12,48324,10,6,0.6,3,0.3
6231,283,12,48324,20,7,0.35,3,0.15
6232,283,12,48324,30,7,0.23333333333333334,3,0.1
6233,283,12,48324,40,11,0.275,3,0.075
6234,283,12,48324,50,15,0.3,3,0.06
6235,283,13,52351,10,6,0.6,3,0.3
6236,283,13,52351,20,7,0.35,3,0.15
6237,283,13,52351,30,7,0.23333333333333334,3,0.1
6238,283,13,52351,40,11,0.275,3,0.075
6239,283,13,52351,50,15,0.3,3,0.06
6240,283,14,56378,10,6,0.6,2,0.2
6241,283,14,56378,20,7,0.35,3,0.15
6242,283,14,56378,30,7,0.23333333333333334,3,0.1
6243,283,14,56378,40,11,0.275,3,0.075
6244,283,14,56378,50,14,0.28,3,0.06
6245,283,15,60405,10,6,0.6,2,0.2
6246,283,15,60405,20,7,0.35,3,0.15
6247,283,15,60405,30,7,0.23333333333333334,3,0.1
6248,283,15,60405,40,11,0.275,3,0.075
6249,283,15,60405,50,14,0.28,3,0.06
6250,283,16,64432,10,6,0.6,2,0.2
6251,283,16,64432,20,7,0.35,3,0.15
6252,283,16,64432,30,7,0.23333333333333334,3,0.1
6253,283,16,64432,40,11,0.275,3,0.075
6254,283,16,64432,50,14,0.28,3,0.06
6255,283,17,68459,10,6,0.6,2,0.2
6256,283,17,68459,20,7,0.35,3,0.15
6257,283,17,68459,30,7,0.23333333333333334,3,0.1
6258,283,17,68459,40,11,0.275,3,0.075
6259,283,17,68459,50,14,0.28,3,0.06
6260,283,18,72486,10,6,0.6,2,0.2
6261,283,18,72486,20,7,0.35,3,0.15
6262,283,18,72486,30,7,0.23333333333333334,3,0.1
6263,283,18,72486,40,11,0.275,3,0.075
6264,283,18,72486,50,14,0.28,3,0.06
6265,283,19,76513,10,6,0.6,2,0.2
6266,283,19,76513,20,7,0.35,3,0.15
6267,283,19,76513,30,7,0.23333333333333334,3,0.1
6268,283,19,76513,40,11,0.275,3,0.075
6269,283,19,76513,50,14,0.28,3,0.06
6270,313,1,4027,10,3,0.3,1,0.1
6271,313,1,4027,20,5,0.25,1,0.05
6272,313,1,4027,30,5,0.16666666666666666,2,0.06666666666666667
6273,313,1,4027,40,6,0.15,3,0.075
6274,313,1,4027,50,7,0.14,4,0.08
6275,313,2,8054,10,3,0.3,1,0.1
6276,313,2,8054,20,5,0.25,1,0.05
6277,313,2,8054,30,5,0.16666666666666666,2,0.06666666666666667
6278,313,2,8054,40,6,0.15,3,0.075
6279,313,2,8054,50,7,0.14,4,0.08
6280,313,3,12081,10,3,0.3,1,0.1
6281,313,3,12081,20,5,0.25,1,0.05
6282,313,3,12081,30,5,0.16666666666666666,2,0.06666666666666667
6283,313,3,12081,40,6,0.15,3,0.075
6284,313,3,12081,50,7,0.14,4,0.08
6285,313,4,16108,10,3,0.3,1,0.1
6286,313,4,16108,20,5,0.25,1,0.05
6287,313,4,16108,30,5,0.16666666666666666,2,0.06666666666666667
6288,313,4,16108,40,6,0.15,3,0.075
6289,313,4,16108,50,7,0.14,4,0.08
6290,313,5,20135,10,3,0.3,1,0.1
6291,313,5,20135,20,5,0.25,1,0.05
6292,313,5,20135,30,5,0.16666666666666666,2,0.06666666666666667
6293,313,5,20135,40,6,0.15,3,0.075
6294,313,5,20135,50,7,0.14,4,0.08
6295,313,6,24162,10,3,0.3,1,0.1
6296,313,6,24162,20,5,0.25,1,0.05
6297,313,6,24162,30,5,0.16666666666666666,2,0.06666666666666667
6298,313,6,24162,40,6,0.15,3,0.075
6299,313,6,24162,50,7,0.14,4,0.08
6300,313,7,28189,10,3,0.3,1,0.1
6301,313,7,28189,20,5,0.25,1,0.05
6302,313,7,28189,30,5,0.16666666666666666,2,0.06666666666666667
6303,313,7,28189,40,6,0.15,3,0.075
6304,313,7,28189,50,7,0.14,4,0.08
6305,313,8,32216,10,3,0.3,1,0.1
6306,313,8,32216,20,5,0.25,1,0.05
6307,313,8,32216,30,5,0.16666666666666666,2,0.06666666666666667
6308,313,8,32216,40,6,0.15,3,0.075
6309,313,8,32216,50,7,0.14,4,0.08
6310,313,9,36243,10,3,0.3,1,0.1
6311,313,9,36243,20,5,0.25,1,0.05
6312,313,9,36243,30,5,0.16666666666666666,2,0.06666666666666667
6313,313,9,36243,40,6,0.15,3,0.075
6314,313,9,36243,50,7,0.14,4,0.08
6315,313,10,40270,10,3,0.3,1,0.1
6316,313,10,40270,20,5,0.25,1,0.05
6317,313,10,40270,30,5,0.16666666666666666,2,0.06666666666666667
6318,313,10,40270,40,6,0.15,3,0.075
6319,313,10,40270,50,7,0.14,4,0.08
6320,313,11,44297,10,3,0.3,1,0.1
6321,313,11,44297,20,5,0.25,1,0.05
6322,313,11,44297,30,5,0.16666666666666666,2,0.06666666666666667
6323,313,11,44297,40,6,0.15,3,0.075
6324,313,11,44297,50,7,0.14,4,0.08
6325,313,12,48324,10,3,0.3,1,0.1
6326,313,12,48324,20,5,0.25,1,0.05
6327,313,12,48324,30,5,0.16666666666666666,2,0.06666666666666667
6328,313,12,48324,40,6,0.15,3,0.075
6329,313,12,48324,50,7,0.14,4,0.08
6330,313,13,52351,10,3,0.3,1,0.1
6331,313,13,52351,20,5,0.25,1,0.05
6332,313,13,52351,30,5,0.16666666666666666,2,0.06666666666666667
6333,313,13,52351,40,6,0.15,3,0.075
6334,313,13,52351,50,7,0.14,4,0.08
6335,313,14,56378,10,3,0.3,1,0.1
6336,313,14,56378,20,5,0.25,1,0.05
6337,313,14,56378,30,5,0.16666666666666666,2,0.06666666666666667
6338,313,14,56378,40,6,0.15,3,0.075
6339,313,14,56378,50,7,0.14,4,0.08
6340,313,15,60405,10,3,0.3,1,0.1
6341,313,15,60405,20,5,0.25,1,0.05
6342,313,15,60405,30,5,0.16666666666666666,2,0.06666666666666667
6343,313,15,60405,40,6,0.15,3,0.075
6344,313,15,60405,50,7,0.14,4,0.08
6345,313,16,64432,10,3,0.3,1,0.1
6346,313,16,64432,20,5,0.25,1,0.05
6347,313,16,64432,30,5,0.16666666666666666,2,0.06666666666666667
6348,313,16,64432,40,6,0.15,3,0.075
6349,313,16,64432,50,7,0.14,4,0.08
6350,313,17,68459,10,3,0.3,1,0.1
6351,313,17,68459,20,5,0.25,1,0.05
6352,313,17,68459,30,5,0.16666666666666666,2,0.06666666666666667
6353,313,17,68459,40,6,0.15,3,0.075
6354,313,17,68459,50,7,0.14,4,0.08
6355,313,18,72486,10,3,0.3,1,0.1
6356,313,18,72486,20,5,0.25,1,0.05
6357,313,18,72486,30,5,0.16666666666666666,2,0.06666666666666667
6358,313,18,72486,40,6,0.15,3,0.075
6359,313,18,72486,50,7,0.14,4,0.08
6360,313,19,76513,10,3,0.3,1,0.1
6361,313,19,76513,20,5,0.25,1,0.05
6362,313,19,76513,30,5,0.16666666666666666,2,0.06666666666666667
6363,313,19,76513,40,6,0.15,3,0.075
6364,313,19,76513,50,7,0.14,4,0.08
6365,336,1,4027,10,3,0.3,1,0.1
6366,336,1,4027,20,5,0.25,1,0.05
6367,336,1,4027,30,5,0.16666666666666666,1,0.03333333333333333
6368,336,1,4027,40,5,0.125,1,0.025
6369,336,1,4027,50,5,0.1,1,0.02
6370,336,2,8054,10,4,0.4,1,0.1
6371,336,2,8054,20,5,0.25,1,0.05
6372,336,2,8054,30,5,0.16666666666666666,1,0.03333333333333333
6373,336,2,8054,40,5,0.125,1,0.025
6374,336,2,8054,50,5,0.1,1,0.02
6375,336,3,12081,10,4,0.4,1,0.1
6376,336,3,12081,20,5,0.25,1,0.05
6377,336,3,12081,30,5,0.16666666666666666,1,0.03333333333333333
6378,336,3,12081,40,5,0.125,1,0.025
6379,336,3,12081,50,5,0.1,1,0.02
6380,336,4,16108,10,4,0.4,1,0.1
6381,336,4,16108,20,5,0.25,1,0.05
6382,336,4,16108,30,5,0.16666666666666666,1,0.03333333333333333
6383,336,4,16108,40,5,0.125,1,0.025
6384,336,4,16108,50,5,0.1,1,0.02
6385,336,5,20135,10,4,0.4,1,0.1
6386,336,5,20135,20,5,0.25,1,0.05
6387,336,5,20135,30,5,0.16666666666666666,1,0.03333333333333333
6388,336,5,20135,40,5,0.125,1,0.025
6389,336,5,20135,50,5,0.1,1,0.02
6390,336,6,24162,10,3,0.3,1,0.1
6391,336,6,24162,20,5,0.25,1,0.05
6392,336,6,24162,30,5,0.16666666666666666,1,0.03333333333333333
6393,336,6,24162,40,5,0.125,1,0.025
6394,336,6,24162,50,5,0.1,1,0.02
6395,336,7,28189,10,4,0.4,1,0.1
6396,336,7,28189,20,5,0.25,1,0.05
6397,336,7,28189,30,5,0.16666666666666666,1,0.03333333333333333
6398,336,7,28189,40,5,0.125,1,0.025
6399,336,7,28189,50,5,0.1,1,0.02
6400,336,8,32216,10,3,0.3,1,0.1
6401,336,8,32216,20,5,0.25,1,0.05
6402,336,8,32216,30,5,0.16666666666666666,1,0.03333333333333333
6403,336,8,32216,40,5,0.125,1,0.025
6404,336,8,32216,50,5,0.1,1,0.02
6405,336,9,36243,10,3,0.3,1,0.1
6406,336,9,36243,20,5,0.25,1,0.05
6407,336,9,36243,30,5,0.16666666666666666,1,0.03333333333333333
6408,336,9,36243,40,5,0.125,1,0.025
6409,336,9,36243,50,5,0.1,1,0.02
6410,336,10,40270,10,3,0.3,1,0.1
6411,336,10,40270,20,5,0.25,1,0.05
6412,336,10,40270,30,5,0.16666666666666666,1,0.03333333333333333
6413,336,10,40270,40,5,0.125,1,0.025
6414,336,10,40270,50,5,0.1,1,0.02
6415,336,11,44297,10,4,0.4,1,0.1
6416,336,11,44297,20,5,0.25,1,0.05
6417,336,11,44297,30,5,0.16666666666666666,1,0.03333333333333333
6418,336,11,44297,40,5,0.125,1,0.025
6419,336,11,44297,50,5,0.1,1,0.02
6420,336,12,48324,10,4,0.4,1,0.1
6421,336,12,48324,20,5,0.25,1,0.05
6422,336,12,48324,30,5,0.16666666666666666,1,0.03333333333333333
6423,336,12,48324,40,5,0.125,1,0.025
6424,336,12,48324,50,5,0.1,1,0.02
6425,336,13,52351,10,4,0.4,1,0.1
6426,336,13,52351,20,5,0.25,1,0.05
6427,336,13,52351,30,5,0.16666666666666666,1,0.03333333333333333
6428,336,13,52351,40,5,0.125,1,0.025
6429,336,13,52351,50,5,0.1,1,0.02
6430,336,14,56378,10,3,0.3,1,0.1
6431,336,14,56378,20,5,0.25,1,0.05
6432,336,14,56378,30,5,0.16666666666666666,1,0.03333333333333333
6433,336,14,56378,40,5,0.125,1,0.025
6434,336,14,56378,50,5,0.1,1,0.02
6435,336,15,60405,10,4,0.4,1,0.1
6436,336,15,60405,20,5,0.25,1,0.05
6437,336,15,60405,30,5,0.16666666666666666,1,0.03333333333333333
6438,336,15,60405,40,5,0.125,1,0.025
6439,336,15,60405,50,5,0.1,1,0.02
6440,336,16,64432,10,4,0.4,1,0.1
6441,336,16,64432,20,5,0.25,1,0.05
6442,336,16,64432,30,5,0.16666666666666666,1,0.03333333333333333
6443,336,16,64432,40,5,0.125,1,0.025
6444,336,16,64432,50,5,0.1,1,0.02
6445,336,17,68459,10,4,0.4,1,0.1
6446,336,17,68459,20,5,0.25,1,0.05
6447,336,17,68459,30,5,0.16666666666666666,1,0.03333333333333333
6448,336,17,68459,40,5,0.125,1,0.025
6449,336,17,68459,50,5,0.1,1,0.02
6450,336,18,72486,10,4,0.4,1,0.1
6451,336,18,72486,20,5,0.25,1,0.05
6452,336,18,72486,30,5,0.16666666666666666,1,0.03333333333333333
6453,336,18,72486,40,5,0.125,1,0.025
6454,336,18,72486,50,5,0.1,1,0.02
6455,336,19,76513,10,4,0.4,1,0.1
6456,336,19,76513,20,5,0.25,1,0.05
6457,336,19,76513,30,5,0.16666666666666666,1,0.03333333333333333
6458,336,19,76513,40,5,0.125,1,0.025
6459,336,19,76513,50,5,0.1,1,0.02
6460,337,1,4027,10,1,0.1,0,0.0
6461,337,1,4027,20,2,0.1,0,0.0
6462,337,1,4027,30,2,0.06666666666666667,0,0.0
6463,337,1,4027,40,2,0.05,0,0.0
6464,337,1,4027,50,2,0.04,0,0.0
6465,337,2,8054,10,1,0.1,0,0.0
6466,337,2,8054,20,2,0.1,0,0.0
6467,337,2,8054,30,2,0.06666666666666667,0,0.0
6468,337,2,8054,40,2,0.05,0,0.0
6469,337,2,8054,50,2,0.04,0,0.0
6470,337,3,12081,10,1,0.1,0,0.0
6471,337,3,12081,20,2,0.1,0,0.0
6472,337,3,12081,30,2,0.06666666666666667,0,0.0
6473,337,3,12081,40,2,0.05,0,0.0
6474,337,3,12081,50,2,0.04,0,0.0
6475,337,4,16108,10,1,0.1,0,0.0
6476,337,4,16108,20,2,0.1,0,0.0
6477,337,4,16108,30,2,0.06666666666666667,0,0.0
6478,337,4,16108,40,2,0.05,0,0.0
6479,337,4,16108,50,3,0.06,0,0.0
6480,337,5,20135,10,1,0.1,0,0.0
6481,337,5,20135,20,2,0.1,0,0.0
6482,337,5,20135,30,2,0.06666666666666667,0,0.0
6483,337,5,20135,40,2,0.05,0,0.0
6484,337,5,20135,50,3,0.06,0,0.0
6485,337,6,24162,10,1,0.1,0,0.0
6486,337,6,24162,20,2,0.1,0,0.0
6487,337,6,24162,30,2,0.06666666666666667,0,0.0
6488,337,6,24162,40,2,0.05,0,0.0
6489,337,6,24162,50,3,0.06,0,0.0
6490,337,7,28189,10,1,0.1,0,0.0
6491,337,7,28189,20,2,0.1,0,0.0
6492,337,7,28189,30,2,0.06666666666666667,0,0.0
6493,337,7,28189,40,2,0.05,0,0.0
6494,337,7,28189,50,3,0.06,0,0.0
6495,337,8,32216,10,1,0.1,0,0.0
6496,337,8,32216,20,2,0.1,0,0.0
6497,337,8,32216,30,2,0.06666666666666667,0,0.0
6498,337,8,32216,40,2,0.05,0,0.0
6499,337,8,32216,50,2,0.04,0,0.0
6500,337,9,36243,10,1,0.1,0,0.0
6501,337,9,36243,20,2,0.1,0,0.0
6502,337,9,36243,30,2,0.06666666666666667,0,0.0
6503,337,9,36243,40,2,0.05,0,0.0
6504,337,9,36243,50,2,0.04,0,0.0
6505,337,10,40270,10,1,0.1,0,0.0
6506,337,10,40270,20,2,0.1,0,0.0
6507,337,10,40270,30,2,0.06666666666666667,0,0.0
6508,337,10,40270,40,2,0.05,0,0.0
6509,337,10,40270,50,2,0.04,0,0.0
6510,337,11,44297,10,1,0.1,0,0.0
6511,337,11,44297,20,2,0.1,0,0.0
6512,337,11,44297,30,2,0.06666666666666667,0,0.0
6513,337,11,44297,40,2,0.05,0,0.0
6514,337,11,44297,50,2,0.04,0,0.0
6515,337,12,48324,10,1,0.1,0,0.0
6516,337,12,48324,20,2,0.1,0,0.0
6517,337,12,48324,30,2,0.06666666666666667,0,0.0
6518,337,12,48324,40,2,0.05,0,0.0
6519,337,12,48324,50,2,0.04,0,0.0
6520,337,13,52351,10,1,0.1,0,0.0
6521,337,13,52351,20,2,0.1,0,0.0
6522,337,13,52351,30,2,0.06666666666666667,0,0.0
6523,337,13,52351,40,2,0.05,0,0.0
6524,337,13,52351,50,2,0.04,0,0.0
6525,337,14,56378,10,1,0.1,0,0.0
6526,337,14,56378,20,2,0.1,0,0.0
6527,337,14,56378,30,2,0.06666666666666667,0,0.0
6528,337,14,56378,40,2,0.05,0,0.0
6529,337,14,56378,50,3,0.06,0,0.0
6530,337,15,60405,10,1,0.1,0,0.0
6531,337,15,60405,20,2,0.1,0,0.0
6532,337,15,60405,30,2,0.06666666666666667,0,0.0
6533,337,15,60405,40,2,0.05,0,0.0
6534,337,15,60405,50,3,0.06,0,0.0
6535,337,16,64432,10,1,0.1,0,0.0
6536,337,16,64432,20,2,0.1,0,0.0
6537,337,16,64432,30,2,0.06666666666666667,0,0.0
6538,337,16,64432,40,2,0.05,0,0.0
6539,337,16,64432,50,3,0.06,0,0.0
6540,337,17,68459,10,1,0.1,0,0.0
6541,337,17,68459,20,2,0.1,0,0.0
6542,337,17,68459,30,2,0.06666666666666667,0,0.0
6543,337,17,68459,40,2,0.05,0,0.0
6544,337,17,68459,50,3,0.06,0,0.0
6545,337,18,72486,10,1,0.1,0,0.0
6546,337,18,72486,20,2,0.1,0,0.0
6547,337,18,72486,30,2,0.06666666666666667,0,0.0
6548,337,18,72486,40,2,0.05,0,0.0
6549,337,18,72486,50,3,0.06,0,0.0
6550,337,19,76513,10,1,0.1,0,0.0
6551,337,19,76513,20,2,0.1,0,0.0
6552,337,19,76513,30,2,0.06666666666666667,0,0.0
6553,337,19,76513,40,2,0.05,0,0.0
6554,337,19,76513,50,3,0.06,0,0.0
6555,340,1,4027,10,3,0.3,0,0.0
6556,340,1,4027,20,5,0.25,0,0.0
6557,340,1,4027,30,10,0.3333333333333333,0,0.0
6558,340,1,4027,40,13,0.325,0,0.0
6559,340,1,4027,50,16,0.32,0,0.0
6560,340,2,8054,10,3,0.3,0,0.0
6561,340,2,8054,20,4,0.2,0,0.0
6562,340,2,8054,30,10,0.3333333333333333,0,0.0
6563,340,2,8054,40,12,0.3,0,0.0
6564,340,2,8054,50,16,0.32,0,0.0
6565,340,3,12081,10,3,0.3,0,0.0
6566,340,3,12081,20,4,0.2,0,0.0
6567,340,3,12081,30,10,0.3333333333333333,0,0.0
6568,340,3,12081,40,13,0.325,0,0.0
6569,340,3,12081,50,16,0.32,0,0.0
6570,340,4,16108,10,3,0.3,0,0.0
6571,340,4,16108,20,4,0.2,0,0.0
6572,340,4,16108,30,10,0.3333333333333333,0,0.0
6573,340,4,16108,40,13,0.325,0,0.0
6574,340,4,16108,50,17,0.34,0,0.0
6575,340,5,20135,10,3,0.3,0,0.0
6576,340,5,20135,20,4,0.2,0,0.0
6577,340,5,20135,30,10,0.3333333333333333,0,0.0
6578,340,5,20135,40,12,0.3,0,0.0
6579,340,5,20135,50,16,0.32,0,0.0
6580,340,6,24162,10,3,0.3,0,0.0
6581,340,6,24162,20,4,0.2,0,0.0
6582,340,6,24162,30,10,0.3333333333333333,0,0.0
6583,340,6,24162,40,13,0.325,0,0.0
6584,340,6,24162,50,16,0.32,0,0.0
6585,340,7,28189,10,3,0.3,0,0.0
6586,340,7,28189,20,4,0.2,0,0.0
6587,340,7,28189,30,10,0.3333333333333333,0,0.0
6588,340,7,28189,40,12,0.3,0,0.0
6589,340,7,28189,50,17,0.34,0,0.0
6590,340,8,32216,10,3,0.3,0,0.0
6591,340,8,32216,20,4,0.2,0,0.0
6592,340,8,32216,30,10,0.3333333333333333,0,0.0
6593,340,8,32216,40,12,0.3,0,0.0
6594,340,8,32216,50,17,0.34,0,0.0
6595,340,9,36243,10,3,0.3,0,0.0
6596,340,9,36243,20,4,0.2,0,0.0
6597,340,9,36243,30,10,0.3333333333333333,0,0.0
6598,340,9,36243,40,12,0.3,0,0.0
6599,340,9,36243,50,17,0.34,0,0.0
6600,340,10,40270,10,3,0.3,0,0.0
6601,340,10,40270,20,5,0.25,0,0.0
6602,340,10,40270,30,10,0.3333333333333333,0,0.0
6603,340,10,40270,40,12,0.3,0,0.0
6604,340,10,40270,50,17,0.34,0,0.0
6605,340,11,44297,10,3,0.3,0,0.0
6606,340,11,44297,20,5,0.25,0,0.0
6607,340,11,44297,30,10,0.3333333333333333,0,0.0
6608,340,11,44297,40,12,0.3,0,0.0
6609,340,11,44297,50,17,0.34,0,0.0
6610,340,12,48324,10,3,0.3,0,0.0
6611,340,12,48324,20,5,0.25,0,0.0
6612,340,12,48324,30,10,0.3333333333333333,0,0.0
6613,340,12,48324,40,12,0.3,0,0.0
6614,340,12,48324,50,16,0.32,0,0.0
6615,340,13,52351,10,3,0.3,0,0.0
6616,340,13,52351,20,5,0.25,0,0.0
6617,340,13,52351,30,10,0.3333333333333333,0,0.0
6618,340,13,52351,40,11,0.275,0,0.0
6619,340,13,52351,50,16,0.32,0,0.0
6620,340,14,56378,10,3,0.3,0,0.0
6621,340,14,56378,20,5,0.25,0,0.0
6622,340,14,56378,30,10,0.3333333333333333,0,0.0
6623,340,14,56378,40,11,0.275,0,0.0
6624,340,14,56378,50,16,0.32,0,0.0
6625,340,15,60405,10,3,0.3,0,0.0
6626,340,15,60405,20,4,0.2,0,0.0
6627,340,15,60405,30,9,0.3,0,0.0
6628,340,15,60405,40,11,0.275,0,0.0
6629,340,15,60405,50,16,0.32,0,0.0
6630,340,16,64432,10,3,0.3,0,0.0
6631,340,16,64432,20,4,0.2,0,0.0
6632,340,16,64432,30,10,0.3333333333333333,0,0.0
6633,340,16,64432,40,11,0.275,0,0.0
6634,340,16,64432,50,16,0.32,0,0.0
6635,340,17,68459,10,3,0.3,0,0.0
6636,340,17,68459,20,4,0.2,0,0.0
6637,340,17,68459,30,10,0.3333333333333333,0,0.0
6638,340,17,68459,40,11,0.275,0,0.0
6639,340,17,68459,50,16,0.32,0,0.0
6640,340,18,72486,10,3,0.3,0,0.0
6641,340,18,72486,20,4,0.2,0,0.0
6642,340,18,72486,30,10,0.3333333333333333,0,0.0
6643,340,18,72486,40,11,0.275,0,0.0
6644,340,18,72486,50,16,0.32,0,0.0
6645,340,19,76513,10,2,0.2,0,0.0
6646,340,19,76513,20,3,0.15,0,0.0
6647,340,19,76513,30,8,0.26666666666666666,0,0.0
6648,340,19,76513,40,11,0.275,0,0.0
6649,340,19,76513,50,16,0.32,0,0.0
6650,348,1,4027,10,1,0.1,0,0.0
6651,348,1,4027,20,2,0.1,0,0.0
6652,348,1,4027,30,2,0.06666666666666667,0,0.0
6653,348,1,4027,40,2,0.05,0,0.0
6654,348,1,4027,50,2,0.04,0,0.0
6655,348,2,8054,10,1,0.1,0,0.0
6656,348,2,8054,20,1,0.05,0,0.0
6657,348,2,8054,30,1,0.03333333333333333,0,0.0
6658,348,2,8054,40,2,0.05,0,0.0
6659,348,2,8054,50,2,0.04,0,0.0
6660,348,3,12081,10,1,0.1,0,0.0
6661,348,3,12081,20,1,0.05,0,0.0
6662,348,3,12081,30,1,0.03333333333333333,0,0.0
6663,348,3,12081,40,1,0.025,0,0.0
6664,348,3,12081,50,2,0.04,0,0.0
6665,348,4,16108,10,1,0.1,0,0.0
6666,348,4,16108,20,1,0.05,0,0.0
6667,348,4,16108,30,1,0.03333333333333333,0,0.0
6668,348,4,16108,40,1,0.025,0,0.0
6669,348,4,16108,50,2,0.04,0,0.0
6670,348,5,20135,10,1,0.1,0,0.0
6671,348,5,20135,20,1,0.05,0,0.0
6672,348,5,20135,30,1,0.03333333333333333,0,0.0
6673,348,5,20135,40,1,0.025,0,0.0
6674,348,5,20135,50,2,0.04,0,0.0
6675,348,6,24162,10,1,0.1,0,0.0
6676,348,6,24162,20,1,0.05,0,0.0
6677,348,6,24162,30,1,0.03333333333333333,0,0.0
6678,348,6,24162,40,1,0.025,0,0.0
6679,348,6,24162,50,2,0.04,0,0.0
6680,348,7,28189,10,1,0.1,0,0.0
6681,348,7,28189,20,1,0.05,0,0.0
6682,348,7,28189,30,1,0.03333333333333333,0,0.0
6683,348,7,28189,40,1,0.025,0,0.0
6684,348,7,28189,50,2,0.04,0,0.0
6685,348,8,32216,10,1,0.1,0,0.0
6686,348,8,32216,20,1,0.05,0,0.0
6687,348,8,32216,30,1,0.03333333333333333,0,0.0
6688,348,8,32216,40,1,0.025,0,0.0
6689,348,8,32216,50,2,0.04,0,0.0
6690,348,9,36243,10,1,0.1,0,0.0
6691,348,9,36243,20,1,0.05,0,0.0
6692,348,9,36243,30,1,0.03333333333333333,0,0.0
6693,348,9,36243,40,1,0.025,0,0.0
6694,348,9,36243,50,2,0.04,0,0.0
6695,348,10,40270,10,1,0.1,0,0.0
6696,348,10,40270,20,1,0.05,0,0.0
6697,348,10,40270,30,1,0.03333333333333333,0,0.0
6698,348,10,40270,40,1,0.025,0,0.0
6699,348,10,40270,50,2,0.04,0,0.0
6700,348,11,44297,10,1,0.1,0,0.0
6701,348,11,44297,20,1,0.05,0,0.0
6702,348,11,44297,30,1,0.03333333333333333,0,0.0
6703,348,11,44297,40,1,0.025,0,0.0
6704,348,11,44297,50,2,0.04,0,0.0
6705,348,12,48324,10,1,0.1,0,0.0
6706,348,12,48324,20,1,0.05,0,0.0
6707,348,12,48324,30,1,0.03333333333333333,0,0.0
6708,348,12,48324,40,1,0.025,0,0.0
6709,348,12,48324,50,1,0.02,0,0.0
6710,348,13,52351,10,1,0.1,0,0.0
6711,348,13,52351,20,1,0.05,0,0.0
6712,348,13,52351,30,1,0.03333333333333333,0,0.0
6713,348,13,52351,40,1,0.025,0,0.0
6714,348,13,52351,50,1,0.02,0,0.0
6715,348,14,56378,10,1,0.1,0,0.0
6716,348,14,56378,20,1,0.05,0,0.0
6717,348,14,56378,30,1,0.03333333333333333,0,0.0
6718,348,14,56378,40,1,0.025,0,0.0
6719,348,14,56378,50,1,0.02,0,0.0
6720,348,15,60405,10,1,0.1,0,0.0
6721,348,15,60405,20,1,0.05,0,0.0
6722,348,15,60405,30,1,0.03333333333333333,0,0.0
6723,348,15,60405,40,1,0.025,0,0.0
6724,348,15,60405,50,2,0.04,0,0.0
6725,348,16,64432,10,1,0.1,0,0.0
6726,348,16,64432,20,1,0.05,0,0.0
6727,348,16,64432,30,1,0.03333333333333333,0,0.0
6728,348,16,64432,40,1,0.025,0,0.0
6729,348,16,64432,50,2,0.04,0,0.0
6730,348,17,68459,10,1,0.1,0,0.0
6731,348,17,68459,20,1,0.05,0,0.0
6732,348,17,68459,30,1,0.03333333333333333,0,0.0
6733,348,17,68459,40,1,0.025,0,0.0
6734,348,17,68459,50,2,0.04,0,0.0
6735,348,18,72486,10,1,0.1,0,0.0
6736,348,18,72486,20,1,0.05,0,0.0
6737,348,18,72486,30,1,0.03333333333333333,0,0.0
6738,348,18,72486,40,1,0.025,0,0.0
6739,348,18,72486,50,2,0.04,0,0.0
6740,348,19,76513,10,1,0.1,0,0.0
6741,348,19,76513,20,1,0.05,0,0.0
6742,348,19,76513,30,1,0.03333333333333333,0,0.0
6743,348,19,76513,40,1,0.025,0,0.0
6744,348,19,76513,50,2,0.04,0,0.0
6745,356,1,4027,10,1,0.1,0,0.0
6746,356,1,4027,20,3,0.15,0,0.0
6747,356,1,4027,30,3,0.1,0,0.0
6748,356,1,4027,40,4,0.1,0,0.0
6749,356,1,4027,50,4,0.08,1,0.02
6750,356,2,8054,10,1,0.1,0,0.0
6751,356,2,8054,20,3,0.15,0,0.0
6752,356,2,8054,30,3,0.1,0,0.0
6753,356,2,8054,40,3,0.075,1,0.025
6754,356,2,8054,50,4,0.08,1,0.02
6755,356,3,12081,10,1,0.1,0,0.0
6756,356,3,12081,20,3,0.15,0,0.0
6757,356,3,12081,30,3,0.1,0,0.0
6758,356,3,12081,40,3,0.075,1,0.025
6759,356,3,12081,50,4,0.08,1,0.02
6760,356,4,16108,10,1,0.1,0,0.0
6761,356,4,16108,20,3,0.15,0,0.0
6762,356,4,16108,30,3,0.1,0,0.0
6763,356,4,16108,40,3,0.075,1,0.025
6764,356,4,16108,50,4,0.08,1,0.02
6765,356,5,20135,10,1,0.1,0,0.0
6766,356,5,20135,20,3,0.15,0,0.0
6767,356,5,20135,30,3,0.1,0,0.0
6768,356,5,20135,40,3,0.075,1,0.025
6769,356,5,20135,50,4,0.08,1,0.02
6770,356,6,24162,10,1,0.1,0,0.0
6771,356,6,24162,20,3,0.15,0,0.0
6772,356,6,24162,30,3,0.1,0,0.0
6773,356,6,24162,40,3,0.075,1,0.025
6774,356,6,24162,50,4,0.08,1,0.02
6775,356,7,28189,10,1,0.1,0,0.0
6776,356,7,28189,20,3,0.15,0,0.0
6777,356,7,28189,30,3,0.1,0,0.0
6778,356,7,28189,40,3,0.075,1,0.025
6779,356,7,28189,50,4,0.08,1,0.02
6780,356,8,32216,10,1,0.1,0,0.0
6781,356,8,32216,20,2,0.1,0,0.0
6782,356,8,32216,30,3,0.1,0,0.0
6783,356,8,32216,40,3,0.075,1,0.025
6784,356,8,32216,50,4,0.08,1,0.02
6785,356,9,36243,10,1,0.1,0,0.0
6786,356,9,36243,20,2,0.1,0,0.0
6787,356,9,36243,30,3,0.1,0,0.0
6788,356,9,36243,40,3,0.075,1,0.025
6789,356,9,36243,50,4,0.08,1,0.02
6790,356,10,40270,10,1,0.1,0,0.0
6791,356,10,40270,20,2,0.1,0,0.0
6792,356,10,40270,30,3,0.1,0,0.0
6793,356,10,40270,40,3,0.075,1,0.025
6794,356,10,40270,50,4,0.08,1,0.02
6795,356,11,44297,10,1,0.1,0,0.0
6796,356,11,44297,20,2,0.1,0,0.0
6797,356,11,44297,30,3,0.1,1,0.03333333333333333
6798,356,11,44297,40,3,0.075,1,0.025
6799,356,11,44297,50,4,0.08,1,0.02
6800,356,12,48324,10,1,0.1,0,0.0
6801,356,12,48324,20,2,0.1,0,0.0
6802,356,12,48324,30,3,0.1,1,0.03333333333333333
6803,356,12,48324,40,3,0.075,1,0.025
6804,356,12,48324,50,5,0.1,1,0.02
6805,356,13,52351,10,1,0.1,0,0.0
6806,356,13,52351,20,2,0.1,0,0.0
6807,356,13,52351,30,3,0.1,1,0.03333333333333333
6808,356,13,52351,40,3,0.075,1,0.025
6809,356,13,52351,50,4,0.08,1,0.02
6810,356,14,56378,10,1,0.1,0,0.0
6811,356,14,56378,20,2,0.1,0,0.0
6812,356,14,56378,30,3,0.1,1,0.03333333333333333
6813,356,14,56378,40,3,0.075,1,0.025
6814,356,14,56378,50,5,0.1,1,0.02
6815,356,15,60405,10,1,0.1,0,0.0
6816,356,15,60405,20,2,0.1,0,0.0
6817,356,15,60405,30,3,0.1,1,0.03333333333333333
6818,356,15,60405,40,3,0.075,1,0.025
6819,356,15,60405,50,5,0.1,1,0.02
6820,356,16,64432,10,1,0.1,0,0.0
6821,356,16,64432,20,2,0.1,0,0.0
6822,356,16,64432,30,3,0.1,1,0.03333333333333333
6823,356,16,64432,40,3,0.075,1,0.025
6824,356,16,64432,50,5,0.1,1,0.02
6825,356,17,68459,10,1,0.1,0,0.0
6826,356,17,68459,20,2,0.1,0,0.0
6827,356,17,68459,30,3,0.1,1,0.03333333333333333
6828,356,17,68459,40,3,0.075,1,0.025
6829,356,17,68459,50,4,0.08,1,0.02
6830,356,18,72486,10,1,0.1,0,0.0
6831,356,18,72486,20,2,0.1,0,0.0
6832,356,18,72486,30,3,0.1,0,0.0
6833,356,18,72486,40,3,0.075,1,0.025
6834,356,18,72486,50,4,0.08,1,0.02
6835,356,19,76513,10,1,0.1,0,0.0
6836,356,19,76513,20,1,0.05,1,0.05
6837,356,19,76513,30,3,0.1,1,0.03333333333333333
6838,356,19,76513,40,3,0.075,1,0.025
6839,356,19,76513,50,5,0.1,1,0.02
6840,357,1,4027,10,0,0.0,0,0.0
6841,357,1,4027,20,1,0.05,1,0.05
6842,357,1,4027,30,1,0.03333333333333333,1,0.03333333333333333
6843,357,1,4027,40,1,0.025,2,0.05
6844,357,1,4027,50,3,0.06,2,0.04
6845,357,2,8054,10,0,0.0,0,0.0
6846,357,2,8054,20,1,0.05,1,0.05
6847,357,2,8054,30,1,0.03333333333333333,1,0.03333333333333333
6848,357,2,8054,40,1,0.025,2,0.05
6849,357,2,8054,50,4,0.08,3,0.06
6850,357,3,12081,10,1,0.1,1,0.1
6851,357,3,12081,20,1,0.05,1,0.05
6852,357,3,12081,30,1,0.03333333333333333,2,0.06666666666666667
6853,357,3,12081,40,1,0.025,2,0.05
6854,357,3,12081,50,4,0.08,3,0.06
6855,357,4,16108,10,0,0.0,0,0.0
6856,357,4,16108,20,1,0.05,1,0.05
6857,357,4,16108,30,1,0.03333333333333333,1,0.03333333333333333
6858,357,4,16108,40,1,0.025,2,0.05
6859,357,4,16108,50,4,0.08,3,0.06
6860,357,5,20135,10,0,0.0,0,0.0
6861,357,5,20135,20,1,0.05,1,0.05
6862,357,5,20135,30,1,0.03333333333333333,1,0.03333333333333333
6863,357,5,20135,40,1,0.025,2,0.05
6864,357,5,20135,50,4,0.08,3,0.06
6865,357,6,24162,10,0,0.0,0,0.0
6866,357,6,24162,20,1,0.05,1,0.05
6867,357,6,24162,30,1,0.03333333333333333,1,0.03333333333333333
6868,357,6,24162,40,1,0.025,2,0.05
6869,357,6,24162,50,4,0.08,3,0.06
6870,357,7,28189,10,0,0.0,0,0.0
6871,357,7,28189,20,1,0.05,1,0.05
6872,357,7,28189,30,1,0.03333333333333333,1,0.03333333333333333
6873,357,7,28189,40,1,0.025,2,0.05
6874,357,7,28189,50,4,0.08,3,0.06
6875,357,8,32216,10,0,0.0,0,0.0
6876,357,8,32216,20,1,0.05,1,0.05
6877,357,8,32216,30,1,0.03333333333333333,1,0.03333333333333333
6878,357,8,32216,40,1,0.025,2,0.05
6879,357,8,32216,50,4,0.08,3,0.06
6880,357,9,36243,10,0,0.0,0,0.0
6881,357,9,36243,20,1,0.05,1,0.05
6882,357,9,36243,30,1,0.03333333333333333,1,0.03333333333333333
6883,357,9,36243,40,1,0.025,2,0.05
6884,357,9,36243,50,4,0.08,3,0.06
6885,357,10,40270,10,0,0.0,0,0.0
6886,357,10,40270,20,1,0.05,1,0.05
6887,357,10,40270,30,1,0.03333333333333333,1,0.03333333333333333
6888,357,10,40270,40,1,0.025,2,0.05
6889,357,10,40270,50,4,0.08,3,0.06
6890,357,11,44297,10,0,0.0,0,0.0
6891,357,11,44297,20,1,0.05,1,0.05
6892,357,11,44297,30,1,0.03333333333333333,1,0.03333333333333333
6893,357,11,44297,40,1,0.025,2,0.05
6894,357,11,44297,50,4,0.08,3,0.06
6895,357,12,48324,10,0,0.0,0,0.0
6896,357,12,48324,20,1,0.05,1,0.05
6897,357,12,48324,30,1,0.03333333333333333,1,0.03333333333333333
6898,357,12,48324,40,1,0.025,2,0.05
6899,357,12,48324,50,4,0.08,3,0.06
6900,357,13,52351,10,0,0.0,0,0.0
6901,357,13,52351,20,1,0.05,1,0.05
6902,357,13,52351,30,1,0.03333333333333333,1,0.03333333333333333
6903,357,13,52351,40,1,0.025,2,0.05
6904,357,13,52351,50,4,0.08,3,0.06
6905,357,14,56378,10,0,0.0,0,0.0
6906,357,14,56378,20,1,0.05,1,0.05
6907,357,14,56378,30,1,0.03333333333333333,1,0.03333333333333333
6908,357,14,56378,40,1,0.025,2,0.05
6909,357,14,56378,50,4,0.08,3,0.06
6910,357,15,60405,10,0,0.0,0,0.0
6911,357,15,60405,20,1,0.05,1,0.05
6912,357,15,60405,30,1,0.03333333333333333,1,0.03333333333333333
6913,357,15,60405,40,1,0.025,2,0.05
6914,357,15,60405,50,4,0.08,3,0.06
6915,357,16,64432,10,0,0.0,0,0.0
6916,357,16,64432,20,1,0.05,1,0.05
6917,357,16,64432,30,1,0.03333333333333333,1,0.03333333333333333
6918,357,16,64432,40,1,0.025,2,0.05
6919,357,16,64432,50,4,0.08,3,0.06
6920,357,17,68459,10,0,0.0,0,0.0
6921,357,17,68459,20,1,0.05,1,0.05
6922,357,17,68459,30,1,0.03333333333333333,1,0.03333333333333333
6923,357,17,68459,40,1,0.025,2,0.05
6924,357,17,68459,50,4,0.08,3,0.06
6925,357,18,72486,10,0,0.0,0,0.0
6926,357,18,72486,20,1,0.05,1,0.05
6927,357,18,72486,30,1,0.03333333333333333,1,0.03333333333333333
6928,357,18,72486,40,1,0.025,2,0.05
6929,357,18,72486,50,4,0.08,3,0.06
6930,357,19,76513,10,0,0.0,0,0.0
6931,357,19,76513,20,1,0.05,1,0.05
6932,357,19,76513,30,1,0.03333333333333333,2,0.06666666666666667
6933,357,19,76513,40,1,0.025,2,0.05
6934,357,19,76513,50,4,0.08,3,0.06
6935,379,1,4027,10,0,0.0,0,0.0
6936,379,1,4027,20,1,0.05,1,0.05
6937,379,1,4027,30,1,0.03333333333333333,1,0.03333333333333333
6938,379,1,4027,40,4,0.1,1,0.025
6939,379,1,4027,50,5,0.1,1,0.02
6940,379,2,8054,10,0,0.0,0,0.0
6941,379,2,8054,20,1,0.05,1,0.05
6942,379,2,8054,30,1,0.03333333333333333,1,0.03333333333333333
6943,379,2,8054,40,5,0.125,1,0.025
6944,379,2,8054,50,5,0.1,1,0.02
6945,379,3,12081,10,0,0.0,0,0.0
6946,379,3,12081,20,1,0.05,1,0.05
6947,379,3,12081,30,1,0.03333333333333333,1,0.03333333333333333
6948,379,3,12081,40,2,0.05,1,0.025
6949,379,3,12081,50,5,0.1,1,0.02
6950,379,4,16108,10,0,0.0,0,0.0
6951,379,4,16108,20,1,0.05,1,0.05
6952,379,4,16108,30,1,0.03333333333333333,1,0.03333333333333333
6953,379,4,16108,40,4,0.1,1,0.025
6954,379,4,16108,50,5,0.1,1,0.02
6955,379,5,20135,10,0,0.0,0,0.0
6956,379,5,20135,20,1,0.05,1,0.05
6957,379,5,20135,30,1,0.03333333333333333,1,0.03333333333333333
6958,379,5,20135,40,4,0.1,1,0.025
6959,379,5,20135,50,5,0.1,1,0.02
6960,379,6,24162,10,0,0.0,0,0.0
6961,379,6,24162,20,1,0.05,1,0.05
6962,379,6,24162,30,1,0.03333333333333333,1,0.03333333333333333
6963,379,6,24162,40,4,0.1,1,0.025
6964,379,6,24162,50,5,0.1,1,0.02
6965,379,7,28189,10,0,0.0,0,0.0
6966,379,7,28189,20,1,0.05,1,0.05
6967,379,7,28189,30,1,0.03333333333333333,1,0.03333333333333333
6968,379,7,28189,40,1,0.025,1,0.025
6969,379,7,28189,50,4,0.08,1,0.02
6970,379,8,32216,10,0,0.0,0,0.0
6971,379,8,32216,20,0,0.0,0,0.0
6972,379,8,32216,30,1,0.03333333333333333,1,0.03333333333333333
6973,379,8,32216,40,1,0.025,1,0.025
6974,379,8,32216,50,4,0.08,1,0.02
6975,379,9,36243,10,0,0.0,0,0.0
6976,379,9,36243,20,0,0.0,0,0.0
6977,379,9,36243,30,1,0.03333333333333333,1,0.03333333333333333
6978,379,9,36243,40,1,0.025,1,0.025
6979,379,9,36243,50,4,0.08,1,0.02
6980,379,10,40270,10,0,0.0,0,0.0
6981,379,10,40270,20,0,0.0,0,0.0
6982,379,10,40270,30,1,0.03333333333333333,1,0.03333333333333333
6983,379,10,40270,40,1,0.025,1,0.025
6984,379,10,40270,50,3,0.06,1,0.02
6985,379,11,44297,10,0,0.0,0,0.0
6986,379,11,44297,20,0,0.0,0,0.0
6987,379,11,44297,30,2,0.06666666666666667,1,0.03333333333333333
6988,379,11,44297,40,3,0.075,1,0.025
6989,379,11,44297,50,3,0.06,1,0.02
6990,379,12,48324,10,0,0.0,0,0.0
6991,379,12,48324,20,1,0.05,0,0.0
6992,379,12,48324,30,2,0.06666666666666667,0,0.0
6993,379,12,48324,40,3,0.075,1,0.025
6994,379,12,48324,50,3,0.06,1,0.02
6995,379,13,52351,10,0,0.0,0,0.0
6996,379,13,52351,20,1,0.05,0,0.0
6997,379,13,52351,30,2,0.06666666666666667,0,0.0
6998,379,13,52351,40,3,0.075,1,0.025
6999,379,13,52351,50,3,0.06,1,0.02
7000,379,14,56378,10,0,0.0,0,0.0
7001,379,14,56378,20,1,0.05,0,0.0
7002,379,14,56378,30,3,0.1,1,0.03333333333333333
7003,379,14,56378,40,3,0.075,1,0.025
7004,379,14,56378,50,3,0.06,1,0.02
7005,379,15,60405,10,0,0.0,0,0.0
7006,379,15,60405,20,1,0.05,0,0.0
7007,379,15,60405,30,3,0.1,1,0.03333333333333333
7008,379,15,60405,40,3,0.075,1,0.025
7009,379,15,60405,50,3,0.06,1,0.02
7010,379,16,64432,10,0,0.0,0,0.0
7011,379,16,64432,20,2,0.1,0,0.0
7012,379,16,64432,30,2,0.06666666666666667,0,0.0
7013,379,16,64432,40,3,0.075,1,0.025
7014,379,16,64432,50,8,0.16,1,0.02
7015,379,17,68459,10,0,0.0,0,0.0
7016,379,17,68459,20,2,0.1,0,0.0
7017,379,17,68459,30,2,0.06666666666666667,0,0.0
7018,379,17,68459,40,3,0.075,1,0.025
7019,379,17,68459,50,6,0.12,1,0.02
7020,379,18,72486,10,0,0.0,0,0.0
7021,379,18,72486,20,2,0.1,0,0.0
7022,379,18,72486,30,2,0.06666666666666667,0,0.0
7023,379,18,72486,40,3,0.075,1,0.025
7024,379,18,72486,50,7,0.14,1,0.02
7025,379,19,76513,10,0,0.0,0,0.0
7026,379,19,76513,20,2,0.1,0,0.0
7027,379,19,76513,30,2,0.06666666666666667,0,0.0
7028,379,19,76513,40,3,0.075,1,0.025
7029,379,19,76513,50,7,0.14,1,0.02
7030,395,1,4027,10,10,1.0,2,0.2
7031,395,1,4027,20,17,0.85,4,0.2
7032,395,1,4027,30,22,0.7333333333333333,5,0.16666666666666666
7033,395,1,4027,40,25,0.625,5,0.125
7034,395,1,4027,50,26,0.52,5,0.1
7035,395,2,8054,10,10,1.0,2,0.2
7036,395,2,8054,20,16,0.8,3,0.15
7037,395,2,8054,30,22,0.7333333333333333,5,0.16666666666666666
7038,395,2,8054,40,25,0.625,5,0.125
7039,395,2,8054,50,26,0.52,5,0.1
7040,395,3,12081,10,10,1.0,2,0.2
7041,395,3,12081,20,16,0.8,3,0.15
7042,395,3,12081,30,23,0.7666666666666667,5,0.16666666666666666
7043,395,3,12081,40,25,0.625,5,0.125
7044,395,3,12081,50,26,0.52,5,0.1
7045,395,4,16108,10,10,1.0,2,0.2
7046,395,4,16108,20,17,0.85,4,0.2
7047,395,4,16108,30,22,0.7333333333333333,5,0.16666666666666666
7048,395,4,16108,40,25,0.625,5,0.125
7049,395,4,16108,50,27,0.54,5,0.1
7050,395,5,20135,10,10,1.0,2,0.2
7051,395,5,20135,20,17,0.85,4,0.2
7052,395,5,20135,30,23,0.7666666666666667,5,0.16666666666666666
7053,395,5,20135,40,26,0.65,5,0.125
7054,395,5,20135,50,27,0.54,5,0.1
7055,395,6,24162,10,10,1.0,2,0.2
7056,395,6,24162,20,17,0.85,4,0.2
7057,395,6,24162,30,23,0.7666666666666667,5,0.16666666666666666
7058,395,6,24162,40,26,0.65,5,0.125
7059,395,6,24162,50,27,0.54,5,0.1
7060,395,7,28189,10,10,1.0,2,0.2
7061,395,7,28189,20,17,0.85,4,0.2
7062,395,7,28189,30,22,0.7333333333333333,5,0.16666666666666666
7063,395,7,28189,40,26,0.65,5,0.125
7064,395,7,28189,50,27,0.54,5,0.1
7065,395,8,32216,10,10,1.0,2,0.2
7066,395,8,32216,20,17,0.85,4,0.2
7067,395,8,32216,30,23,0.7666666666666667,5,0.16666666666666666
7068,395,8,32216,40,26,0.65,5,0.125
7069,395,8,32216,50,27,0.54,5,0.1
7070,395,9,36243,10,10,1.0,2,0.2
7071,395,9,36243,20,17,0.85,4,0.2
7072,395,9,36243,30,23,0.7666666666666667,5,0.16666666666666666
7073,395,9,36243,40,26,0.65,5,0.125
7074,395,9,36243,50,27,0.54,5,0.1
7075,395,10,40270,10,10,1.0,2,0.2
7076,395,10,40270,20,17,0.85,4,0.2
7077,395,10,40270,30,23,0.7666666666666667,5,0.16666666666666666
7078,395,10,40270,40,26,0.65,5,0.125
7079,395,10,40270,50,27,0.54,5,0.1
7080,395,11,44297,10,10,1.0,2,0.2
7081,395,11,44297,20,16,0.8,3,0.15
7082,395,11,44297,30,23,0.7666666666666667,5,0.16666666666666666
7083,395,11,44297,40,25,0.625,5,0.125
7084,395,11,44297,50,27,0.54,5,0.1
7085,395,12,48324,10,10,1.0,2,0.2
7086,395,12,48324,20,16,0.8,3,0.15
7087,395,12,48324,30,23,0.7666666666666667,5,0.16666666666666666
7088,395,12,48324,40,25,0.625,5,0.125
7089,395,12,48324,50,27,0.54,5,0.1
7090,395,13,52351,10,10,1.0,2,0.2
7091,395,13,52351,20,17,0.85,3,0.15
7092,395,13,52351,30,23,0.7666666666666667,5,0.16666666666666666
7093,395,13,52351,40,26,0.65,5,0.125
7094,395,13,52351,50,27,0.54,5,0.1
7095,395,14,56378,10,9,0.9,2,0.2
7096,395,14,56378,20,17,0.85,3,0.15
7097,395,14,56378,30,23,0.7666666666666667,5,0.16666666666666666
7098,395,14,56378,40,25,0.625,5,0.125
7099,395,14,56378,50,27,0.54,5,0.1
7100,395,15,60405,10,9,0.9,2,0.2
7101,395,15,60405,20,16,0.8,3,0.15
7102,395,15,60405,30,23,0.7666666666666667,5,0.16666666666666666
7103,395,15,60405,40,25,0.625,5,0.125
7104,395,15,60405,50,27,0.54,5,0.1
7105,395,16,64432,10,9,0.9,2,0.2
7106,395,16,64432,20,16,0.8,3,0.15
7107,395,16,64432,30,23,0.7666666666666667,5,0.16666666666666666
7108,395,16,64432,40,25,0.625,5,0.125
7109,395,16,64432,50,27,0.54,5,0.1
7110,395,17,68459,10,9,0.9,2,0.2
7111,395,17,68459,20,16,0.8,3,0.15
7112,395,17,68459,30,23,0.7666666666666667,5,0.16666666666666666
7113,395,17,68459,40,25,0.625,5,0.125
7114,395,17,68459,50,27,0.54,5,0.1
7115,395,18,72486,10,9,0.9,2,0.2
7116,395,18,72486,20,16,0.8,3,0.15
7117,395,18,72486,30,23,0.7666666666666667,5,0.16666666666666666
7118,395,18,72486,40,25,0.625,5,0.125
7119,395,18,72486,50,27,0.54,5,0.1
7120,395,19,76513,10,9,0.9,2,0.2
7121,395,19,76513,20,15,0.75,3,0.15
7122,395,19,76513,30,22,0.7333333333333333,5,0.16666666666666666
7123,395,19,76513,40,24,0.6,5,0.125
7124,395,19,76513,50,26,0.52,5,0.1
7125,413,1,4027,10,4,0.4,0,0.0
7126,413,1,4027,20,6,0.3,0,0.0
7127,413,1,4027,30,6,0.2,0,0.0
7128,413,1,4027,40,6,0.15,0,0.0
7129,413,1,4027,50,6,0.12,0,0.0
7130,413,2,8054,10,3,0.3,0,0.0
7131,413,2,8054,20,4,0.2,0,0.0
7132,413,2,8054,30,4,0.13333333333333333,0,0.0
7133,413,2,8054,40,4,0.1,0,0.0
7134,413,2,8054,50,6,0.12,0,0.0
7135,413,3,12081,10,4,0.4,0,0.0
7136,413,3,12081,20,4,0.2,0,0.0
7137,413,3,12081,30,4,0.13333333333333333,0,0.0
7138,413,3,12081,40,4,0.1,0,0.0
7139,413,3,12081,50,4,0.08,0,0.0
7140,413,4,16108,10,3,0.3,0,0.0
7141,413,4,16108,20,4,0.2,0,0.0
7142,413,4,16108,30,4,0.13333333333333333,0,0.0
7143,413,4,16108,40,5,0.125,0,0.0
7144,413,4,16108,50,5,0.1,0,0.0
7145,413,5,20135,10,3,0.3,0,0.0
7146,413,5,20135,20,4,0.2,0,0.0
7147,413,5,20135,30,4,0.13333333333333333,0,0.0
7148,413,5,20135,40,4,0.1,0,0.0
7149,413,5,20135,50,5,0.1,0,0.0
7150,413,6,24162,10,2,0.2,0,0.0
7151,413,6,24162,20,2,0.1,0,0.0
7152,413,6,24162,30,5,0.16666666666666666,0,0.0
7153,413,6,24162,40,6,0.15,0,0.0
7154,413,6,24162,50,6,0.12,0,0.0
7155,413,7,28189,10,2,0.2,0,0.0
7156,413,7,28189,20,2,0.1,0,0.0
7157,413,7,28189,30,5,0.16666666666666666,0,0.0
7158,413,7,28189,40,6,0.15,0,0.0
7159,413,7,28189,50,6,0.12,0,0.0
7160,413,8,32216,10,2,0.2,0,0.0
7161,413,8,32216,20,2,0.1,0,0.0
7162,413,8,32216,30,5,0.16666666666666666,0,0.0
7163,413,8,32216,40,6,0.15,0,0.0
7164,413,8,32216,50,6,0.12,0,0.0
7165,413,9,36243,10,2,0.2,0,0.0
7166,413,9,36243,20,2,0.1,0,0.0
7167,413,9,36243,30,5,0.16666666666666666,0,0.0
7168,413,9,36243,40,6,0.15,0,0.0
7169,413,9,36243,50,6,0.12,0,0.0
7170,413,10,40270,10,2,0.2,0,0.0
7171,413,10,40270,20,3,0.15,0,0.0
7172,413,10,40270,30,6,0.2,0,0.0
7173,413,10,40270,40,6,0.15,0,0.0
7174,413,10,40270,50,6,0.12,0,0.0
7175,413,11,44297,10,2,0.2,0,0.0
7176,413,11,44297,20,5,0.25,0,0.0
7177,413,11,44297,30,6,0.2,0,0.0
7178,413,11,44297,40,6,0.15,0,0.0
7179,413,11,44297,50,6,0.12,0,0.0
7180,413,12,48324,10,2,0.2,0,0.0
7181,413,12,48324,20,5,0.25,0,0.0
7182,413,12,48324,30,6,0.2,0,0.0
7183,413,12,48324,40,6,0.15,0,0.0
7184,413,12,48324,50,6,0.12,0,0.0
7185,413,13,52351,10,2,0.2,0,0.0
7186,413,13,52351,20,5,0.25,0,0.0
7187,413,13,52351,30,6,0.2,0,0.0
7188,413,13,52351,40,6,0.15,0,0.0
7189,413,13,52351,50,6,0.12,0,0.0
7190,413,14,56378,10,2,0.2,0,0.0
7191,413,14,56378,20,2,0.1,0,0.0
7192,413,14,56378,30,6,0.2,0,0.0
7193,413,14,56378,40,6,0.15,0,0.0
7194,413,14,56378,50,6,0.12,0,0.0
7195,413,15,60405,10,2,0.2,0,0.0
7196,413,15,60405,20,2,0.1,0,0.0
7197,413,15,60405,30,6,0.2,0,0.0
7198,413,15,60405,40,6,0.15,0,0.0
7199,413,15,60405,50,6,0.12,0,0.0
7200,413,16,64432,10,2,0.2,0,0.0
7201,413,16,64432,20,2,0.1,0,0.0
7202,413,16,64432,30,6,0.2,0,0.0
7203,413,16,64432,40,6,0.15,0,0.0
7204,413,16,64432,50,6,0.12,0,0.0
7205,413,17,68459,10,2,0.2,0,0.0
7206,413,17,68459,20,2,0.1,0,0.0
7207,413,17,68459,30,6,0.2,0,0.0
7208,413,17,68459,40,6,0.15,0,0.0
7209,413,17,68459,50,6,0.12,0,0.0
7210,413,18,72486,10,2,0.2,0,0.0
7211,413,18,72486,20,3,0.15,0,0.0
7212,413,18,72486,30,6,0.2,0,0.0
7213,413,18,72486,40,6,0.15,0,0.0
7214,413,18,72486,50,6,0.12,0,0.0
7215,413,19,76513,10,2,0.2,0,0.0
7216,413,19,76513,20,3,0.15,0,0.0
7217,413,19,76513,30,6,0.2,0,0.0
7218,413,19,76513,40,6,0.15,0,0.0
7219,413,19,76513,50,6,0.12,0,0.0
7220,414,1,4027,10,3,0.3,0,0.0
7221,414,1,4027,20,4,0.2,0,0.0
7222,414,1,4027,30,5,0.16666666666666666,1,0.03333333333333333
7223,414,1,4027,40,7,0.175,1,0.025
7224,414,1,4027,50,9,0.18,2,0.04
7225,414,2,8054,10,3,0.3,0,0.0
7226,414,2,8054,20,4,0.2,0,0.0
7227,414,2,8054,30,6,0.2,1,0.03333333333333333
7228,414,2,8054,40,7,0.175,2,0.05
7229,414,2,8054,50,12,0.24,3,0.06
7230,414,3,12081,10,3,0.3,0,0.0
7231,414,3,12081,20,4,0.2,0,0.0
7232,414,3,12081,30,5,0.16666666666666666,1,0.03333333333333333
7233,414,3,12081,40,7,0.175,1,0.025
7234,414,3,12081,50,12,0.24,3,0.06
7235,414,4,16108,10,3,0.3,0,0.0
7236,414,4,16108,20,4,0.2,0,0.0
7237,414,4,16108,30,5,0.16666666666666666,1,0.03333333333333333
7238,414,4,16108,40,7,0.175,1,0.025
7239,414,4,16108,50,12,0.24,3,0.06
7240,414,5,20135,10,2,0.2,0,0.0
7241,414,5,20135,20,4,0.2,0,0.0
7242,414,5,20135,30,5,0.16666666666666666,1,0.03333333333333333
7243,414,5,20135,40,7,0.175,1,0.025
7244,414,5,20135,50,12,0.24,3,0.06
7245,414,6,24162,10,2,0.2,0,0.0
7246,414,6,24162,20,4,0.2,0,0.0
7247,414,6,24162,30,5,0.16666666666666666,1,0.03333333333333333
7248,414,6,24162,40,8,0.2,1,0.025
7249,414,6,24162,50,12,0.24,3,0.06
7250,414,7,28189,10,2,0.2,0,0.0
7251,414,7,28189,20,4,0.2,0,0.0
7252,414,7,28189,30,5,0.16666666666666666,1,0.03333333333333333
7253,414,7,28189,40,8,0.2,1,0.025
7254,414,7,28189,50,11,0.22,2,0.04
7255,414,8,32216,10,2,0.2,0,0.0
7256,414,8,32216,20,4,0.2,0,0.0
7257,414,8,32216,30,5,0.16666666666666666,1,0.03333333333333333
7258,414,8,32216,40,8,0.2,2,0.05
7259,414,8,32216,50,11,0.22,2,0.04
7260,414,9,36243,10,2,0.2,0,0.0
7261,414,9,36243,20,4,0.2,0,0.0
7262,414,9,36243,30,5,0.16666666666666666,1,0.03333333333333333
7263,414,9,36243,40,8,0.2,2,0.05
7264,414,9,36243,50,12,0.24,3,0.06
7265,414,10,40270,10,2,0.2,0,0.0
7266,414,10,40270,20,4,0.2,0,0.0
7267,414,10,40270,30,5,0.16666666666666666,1,0.03333333333333333
7268,414,10,40270,40,8,0.2,2,0.05
7269,414,10,40270,50,13,0.26,3,0.06
7270,414,11,44297,10,2,0.2,0,0.0
7271,414,11,44297,20,4,0.2,0,0.0
7272,414,11,44297,30,6,0.2,1,0.03333333333333333
7273,414,11,44297,40,8,0.2,2,0.05
7274,414,11,44297,50,12,0.24,3,0.06
7275,414,12,48324,10,2,0.2,0,0.0
7276,414,12,48324,20,4,0.2,0,0.0
7277,414,12,48324,30,6,0.2,1,0.03333333333333333
7278,414,12,48324,40,8,0.2,2,0.05
7279,414,12,48324,50,12,0.24,3,0.06
7280,414,13,52351,10,2,0.2,0,0.0
7281,414,13,52351,20,4,0.2,0,0.0
7282,414,13,52351,30,6,0.2,1,0.03333333333333333
7283,414,13,52351,40,9,0.225,2,0.05
7284,414,13,52351,50,11,0.22,2,0.04
7285,414,14,56378,10,2,0.2,0,0.0
7286,414,14,56378,20,4,0.2,0,0.0
7287,414,14,56378,30,7,0.23333333333333334,1,0.03333333333333333
7288,414,14,56378,40,9,0.225,2,0.05
7289,414,14,56378,50,11,0.22,2,0.04
7290,414,15,60405,10,2,0.2,0,0.0
7291,414,15,60405,20,4,0.2,0,0.0
7292,414,15,60405,30,7,0.23333333333333334,1,0.03333333333333333
7293,414,15,60405,40,9,0.225,2,0.05
7294,414,15,60405,50,11,0.22,2,0.04
7295,414,16,64432,10,2,0.2,0,0.0
7296,414,16,64432,20,4,0.2,0,0.0
7297,414,16,64432,30,6,0.2,1,0.03333333333333333
7298,414,16,64432,40,9,0.225,2,0.05
7299,414,16,64432,50,11,0.22,2,0.04
7300,414,17,68459,10,2,0.2,0,0.0
7301,414,17,68459,20,4,0.2,0,0.0
7302,414,17,68459,30,6,0.2,1,0.03333333333333333
7303,414,17,68459,40,9,0.225,2,0.05
7304,414,17,68459,50,11,0.22,2,0.04
7305,414,18,72486,10,2,0.2,0,0.0
7306,414,18,72486,20,6,0.3,0,0.0
7307,414,18,72486,30,7,0.23333333333333334,1,0.03333333333333333
7308,414,18,72486,40,9,0.225,2,0.05
7309,414,18,72486,50,11,0.22,2,0.04
7310,414,19,76513,10,2,0.2,0,0.0
7311,414,19,76513,20,5,0.25,0,0.0
7312,414,19,76513,30,7,0.23333333333333334,1,0.03333333333333333
7313,414,19,76513,40,9,0.225,2,0.05
7314,414,19,76513,50,11,0.22,2,0.04
7315,428,1,4027,10,0,0.0,0,0.0
7316,428,1,4027,20,0,0.0,0,0.0
7317,428,1,4027,30,1,0.03333333333333333,0,0.0
7318,428,1,4027,40,1,0.025,0,0.0
7319,428,1,4027,50,1,0.02,0,0.0
7320,428,2,8054,10,0,0.0,0,0.0
7321,428,2,8054,20,1,0.05,0,0.0
7322,428,2,8054,30,1,0.03333333333333333,0,0.0
7323,428,2,8054,40,1,0.025,0,0.0
7324,428,2,8054,50,1,0.02,1,0.02
7325,428,3,12081,10,0,0.0,0,0.0
7326,428,3,12081,20,1,0.05,0,0.0
7327,428,3,12081,30,1,0.03333333333333333,0,0.0
7328,428,3,12081,40,1,0.025,0,0.0
7329,428,3,12081,50,2,0.04,1,0.02
7330,428,4,16108,10,0,0.0,0,0.0
7331,428,4,16108,20,1,0.05,0,0.0
7332,428,4,16108,30,1,0.03333333333333333,0,0.0
7333,428,4,16108,40,1,0.025,0,0.0
7334,428,4,16108,50,2,0.04,1,0.02
7335,428,5,20135,10,0,0.0,0,0.0
7336,428,5,20135,20,1,0.05,0,0.0
7337,428,5,20135,30,1,0.03333333333333333,0,0.0
7338,428,5,20135,40,1,0.025,0,0.0
7339,428,5,20135,50,2,0.04,1,0.02
7340,428,6,24162,10,0,0.0,0,0.0
7341,428,6,24162,20,1,0.05,0,0.0
7342,428,6,24162,30,1,0.03333333333333333,0,0.0
7343,428,6,24162,40,1,0.025,0,0.0
7344,428,6,24162,50,2,0.04,1,0.02
7345,428,7,28189,10,0,0.0,0,0.0
7346,428,7,28189,20,1,0.05,0,0.0
7347,428,7,28189,30,1,0.03333333333333333,0,0.0
7348,428,7,28189,40,1,0.025,0,0.0
7349,428,7,28189,50,2,0.04,1,0.02
7350,428,8,32216,10,0,0.0,0,0.0
7351,428,8,32216,20,1,0.05,0,0.0
7352,428,8,32216,30,1,0.03333333333333333,0,0.0
7353,428,8,32216,40,1,0.025,0,0.0
7354,428,8,32216,50,2,0.04,1,0.02
7355,428,9,36243,10,0,0.0,0,0.0
7356,428,9,36243,20,1,0.05,0,0.0
7357,428,9,36243,30,1,0.03333333333333333,0,0.0
7358,428,9,36243,40,1,0.025,0,0.0
7359,428,9,36243,50,2,0.04,0,0.0
7360,428,10,40270,10,0,0.0,0,0.0
7361,428,10,40270,20,0,0.0,0,0.0
7362,428,10,40270,30,1,0.03333333333333333,0,0.0
7363,428,10,40270,40,1,0.025,1,0.025
7364,428,10,40270,50,2,0.04,1,0.02
7365,428,11,44297,10,0,0.0,0,0.0
7366,428,11,44297,20,0,0.0,0,0.0
7367,428,11,44297,30,1,0.03333333333333333,0,0.0
7368,428,11,44297,40,2,0.05,1,0.025
7369,428,11,44297,50,2,0.04,1,0.02
7370,428,12,48324,10,0,0.0,0,0.0
7371,428,12,48324,20,0,0.0,0,0.0
7372,428,12,48324,30,1,0.03333333333333333,0,0.0
7373,428,12,48324,40,2,0.05,1,0.025
7374,428,12,48324,50,2,0.04,1,0.02
7375,428,13,52351,10,0,0.0,0,0.0
7376,428,13,52351,20,0,0.0,0,0.0
7377,428,13,52351,30,1,0.03333333333333333,0,0.0
7378,428,13,52351,40,2,0.05,1,0.025
7379,428,13,52351,50,2,0.04,1,0.02
7380,428,14,56378,10,0,0.0,0,0.0
7381,428,14,56378,20,0,0.0,0,0.0
7382,428,14,56378,30,1,0.03333333333333333,0,0.0
7383,428,14,56378,40,1,0.025,0,0.0
7384,428,14,56378,50,2,0.04,1,0.02
7385,428,15,60405,10,0,0.0,0,0.0
7386,428,15,60405,20,0,0.0,0,0.0
7387,428,15,60405,30,1,0.03333333333333333,0,0.0
7388,428,15,60405,40,1,0.025,0,0.0
7389,428,15,60405,50,2,0.04,0,0.0
7390,428,16,64432,10,0,0.0,0,0.0
7391,428,16,64432,20,0,0.0,0,0.0
7392,428,16,64432,30,1,0.03333333333333333,0,0.0
7393,428,16,64432,40,1,0.025,0,0.0
7394,428,16,64432,50,2,0.04,0,0.0
7395,428,17,68459,10,0,0.0,0,0.0
7396,428,17,68459,20,0,0.0,0,0.0
7397,428,17,68459,30,1,0.03333333333333333,0,0.0
7398,428,17,68459,40,2,0.05,1,0.025
7399,428,17,68459,50,2,0.04,1,0.02
7400,428,18,72486,10,0,0.0,0,0.0
7401,428,18,72486,20,0,0.0,0,0.0
7402,428,18,72486,30,1,0.03333333333333333,0,0.0
7403,428,18,72486,40,2,0.05,1,0.025
7404,428,18,72486,50,2,0.04,1,0.02
7405,428,19,76513,10,0,0.0,0,0.0
7406,428,19,76513,20,0,0.0,0,0.0
7407,428,19,76513,30,1,0.03333333333333333,0,0.0
7408,428,19,76513,40,2,0.05,1,0.025
7409,428,19,76513,50,2,0.04,1,0.02
7410,472,1,4027,10,1,0.1,1,0.1
7411,472,1,4027,20,3,0.15,2,0.1
7412,472,1,4027,30,3,0.1,2,0.06666666666666667
7413,472,1,4027,40,4,0.1,3,0.075
7414,472,1,4027,50,5,0.1,5,0.1
7415,472,2,8054,10,1,0.1,1,0.1
7416,472,2,8054,20,3,0.15,2,0.1
7417,472,2,8054,30,3,0.1,2,0.06666666666666667
7418,472,2,8054,40,3,0.075,2,0.05
7419,472,2,8054,50,5,0.1,5,0.1
7420,472,3,12081,10,1,0.1,1,0.1
7421,472,3,12081,20,3,0.15,2,0.1
7422,472,3,12081,30,3,0.1,2,0.06666666666666667
7423,472,3,12081,40,3,0.075,2,0.05
7424,472,3,12081,50,5,0.1,5,0.1
7425,472,4,16108,10,1,0.1,1,0.1
7426,472,4,16108,20,2,0.1,2,0.1
7427,472,4,16108,30,3,0.1,2,0.06666666666666667
7428,472,4,16108,40,3,0.075,2,0.05
7429,472,4,16108,50,5,0.1,5,0.1
7430,472,5,20135,10,1,0.1,1,0.1
7431,472,5,20135,20,2,0.1,2,0.1
7432,472,5,20135,30,3,0.1,2,0.06666666666666667
7433,472,5,20135,40,3,0.075,2,0.05
7434,472,5,20135,50,5,0.1,5,0.1
7435,472,6,24162,10,1,0.1,1,0.1
7436,472,6,24162,20,2,0.1,2,0.1
7437,472,6,24162,30,3,0.1,2,0.06666666666666667
7438,472,6,24162,40,3,0.075,2,0.05
7439,472,6,24162,50,5,0.1,5,0.1
7440,472,7,28189,10,1,0.1,1,0.1
7441,472,7,28189,20,2,0.1,2,0.1
7442,472,7,28189,30,3,0.1,2,0.06666666666666667
7443,472,7,28189,40,3,0.075,2,0.05
7444,472,7,28189,50,5,0.1,5,0.1
7445,472,8,32216,10,1,0.1,1,0.1
7446,472,8,32216,20,3,0.15,2,0.1
7447,472,8,32216,30,3,0.1,2,0.06666666666666667
7448,472,8,32216,40,3,0.075,2,0.05
7449,472,8,32216,50,5,0.1,5,0.1
7450,472,9,36243,10,1,0.1,1,0.1
7451,472,9,36243,20,3,0.15,2,0.1
7452,472,9,36243,30,3,0.1,2,0.06666666666666667
7453,472,9,36243,40,3,0.075,2,0.05
7454,472,9,36243,50,5,0.1,5,0.1
7455,472,10,40270,10,1,0.1,1,0.1
7456,472,10,40270,20,3,0.15,2,0.1
7457,472,10,40270,30,3,0.1,2,0.06666666666666667
7458,472,10,40270,40,3,0.075,2,0.05
7459,472,10,40270,50,5,0.1,5,0.1
7460,472,11,44297,10,0,0.0,0,0.0
7461,472,11,44297,20,2,0.1,2,0.1
7462,472,11,44297,30,3,0.1,2,0.06666666666666667
7463,472,11,44297,40,3,0.075,2,0.05
7464,472,11,44297,50,5,0.1,5,0.1
7465,472,12,48324,10,0,0.0,0,0.0
7466,472,12,48324,20,2,0.1,2,0.1
7467,472,12,48324,30,3,0.1,2,0.06666666666666667
7468,472,12,48324,40,3,0.075,2,0.05
7469,472,12,48324,50,5,0.1,5,0.1
7470,472,13,52351,10,0,0.0,0,0.0
7471,472,13,52351,20,2,0.1,2,0.1
7472,472,13,52351,30,3,0.1,2,0.06666666666666667
7473,472,13,52351,40,3,0.075,2,0.05
7474,472,13,52351,50,5,0.1,5,0.1
7475,472,14,56378,10,0,0.0,0,0.0
7476,472,14,56378,20,2,0.1,2,0.1
7477,472,14,56378,30,3,0.1,2,0.06666666666666667
7478,472,14,56378,40,3,0.075,2,0.05
7479,472,14,56378,50,5,0.1,5,0.1
7480,472,15,60405,10,0,0.0,0,0.0
7481,472,15,60405,20,2,0.1,2,0.1
7482,472,15,60405,30,3,0.1,2,0.06666666666666667
7483,472,15,60405,40,3,0.075,2,0.05
7484,472,15,60405,50,5,0.1,5,0.1
7485,472,16,64432,10,0,0.0,0,0.0
7486,472,16,64432,20,2,0.1,2,0.1
7487,472,16,64432,30,3,0.1,2,0.06666666666666667
7488,472,16,64432,40,3,0.075,2,0.05
7489,472,16,64432,50,5,0.1,5,0.1
7490,472,17,68459,10,0,0.0,0,0.0
7491,472,17,68459,20,3,0.15,2,0.1
7492,472,17,68459,30,3,0.1,2,0.06666666666666667
7493,472,17,68459,40,3,0.075,2,0.05
7494,472,17,68459,50,5,0.1,5,0.1
7495,472,18,72486,10,0,0.0,0,0.0
7496,472,18,72486,20,3,0.15,2,0.1
7497,472,18,72486,30,3,0.1,2,0.06666666666666667
7498,472,18,72486,40,3,0.075,2,0.05
7499,472,18,72486,50,5,0.1,5,0.1
7500,472,19,76513,10,0,0.0,0,0.0
7501,472,19,76513,20,3,0.15,2,0.1
7502,472,19,76513,30,3,0.1,2,0.06666666666666667
7503,472,19,76513,40,3,0.075,2,0.05
7504,472,19,76513,50,5,0.1,5,0.1
7505,489,1,4027,10,5,0.5,0,0.0
7506,489,1,4027,20,8,0.4,1,0.05
7507,489,1,4027,30,10,0.3333333333333333,1,0.03333333333333333
7508,489,1,4027,40,13,0.325,2,0.05
7509,489,1,4027,50,17,0.34,3,0.06
7510,489,2,8054,10,4,0.4,0,0.0
7511,489,2,8054,20,8,0.4,1,0.05
7512,489,2,8054,30,10,0.3333333333333333,1,0.03333333333333333
7513,489,2,8054,40,13,0.325,2,0.05
7514,489,2,8054,50,18,0.36,4,0.08
7515,489,3,12081,10,4,0.4,0,0.0
7516,489,3,12081,20,8,0.4,1,0.05
7517,489,3,12081,30,10,0.3333333333333333,1,0.03333333333333333
7518,489,3,12081,40,13,0.325,2,0.05
7519,489,3,12081,50,18,0.36,4,0.08
7520,489,4,16108,10,4,0.4,0,0.0
7521,489,4,16108,20,8,0.4,1,0.05
7522,489,4,16108,30,9,0.3,1,0.03333333333333333
7523,489,4,16108,40,11,0.275,1,0.025
7524,489,4,16108,50,15,0.3,2,0.04
7525,489,5,20135,10,4,0.4,0,0.0
7526,489,5,20135,20,8,0.4,1,0.05
7527,489,5,20135,30,9,0.3,1,0.03333333333333333
7528,489,5,20135,40,11,0.275,1,0.025
7529,489,5,20135,50,15,0.3,2,0.04
7530,489,6,24162,10,5,0.5,0,0.0
7531,489,6,24162,20,8,0.4,1,0.05
7532,489,6,24162,30,10,0.3333333333333333,1,0.03333333333333333
7533,489,6,24162,40,12,0.3,1,0.025
7534,489,6,24162,50,15,0.3,2,0.04
7535,489,7,28189,10,5,0.5,0,0.0
7536,489,7,28189,20,8,0.4,1,0.05
7537,489,7,28189,30,10,0.3333333333333333,1,0.03333333333333333
7538,489,7,28189,40,14,0.35,2,0.05
7539,489,7,28189,50,15,0.3,2,0.04
7540,489,8,32216,10,5,0.5,0,0.0
7541,489,8,32216,20,8,0.4,1,0.05
7542,489,8,32216,30,9,0.3,1,0.03333333333333333
7543,489,8,32216,40,14,0.35,2,0.05
7544,489,8,32216,50,15,0.3,2,0.04
7545,489,9,36243,10,5,0.5,0,0.0
7546,489,9,36243,20,7,0.35,1,0.05
7547,489,9,36243,30,9,0.3,1,0.03333333333333333
7548,489,9,36243,40,10,0.25,1,0.025
7549,489,9,36243,50,13,0.26,1,0.02
7550,489,10,40270,10,5,0.5,0,0.0
7551,489,10,40270,20,8,0.4,1,0.05
7552,489,10,40270,30,9,0.3,1,0.03333333333333333
7553,489,10,40270,40,9,0.225,1,0.025
7554,489,10,40270,50,10,0.2,1,0.02
7555,489,11,44297,10,7,0.7,0,0.0
7556,489,11,44297,20,8,0.4,1,0.05
7557,489,11,44297,30,9,0.3,1,0.03333333333333333
7558,489,11,44297,40,9,0.225,1,0.025
7559,489,11,44297,50,9,0.18,1,0.02
7560,489,12,48324,10,7,0.7,0,0.0
7561,489,12,48324,20,8,0.4,1,0.05
7562,489,12,48324,30,9,0.3,1,0.03333333333333333
7563,489,12,48324,40,9,0.225,1,0.025
7564,489,12,48324,50,11,0.22,2,0.04
7565,489,13,52351,10,7,0.7,0,0.0
7566,489,13,52351,20,7,0.35,0,0.0
7567,489,13,52351,30,9,0.3,1,0.03333333333333333
7568,489,13,52351,40,9,0.225,1,0.025
7569,489,13,52351,50,12,0.24,2,0.04
7570,489,14,56378,10,7,0.7,0,0.0
7571,489,14,56378,20,7,0.35,0,0.0
7572,489,14,56378,30,9,0.3,1,0.03333333333333333
7573,489,14,56378,40,9,0.225,1,0.025
7574,489,14,56378,50,12,0.24,2,0.04
7575,489,15,60405,10,7,0.7,0,0.0
7576,489,15,60405,20,7,0.35,0,0.0
7577,489,15,60405,30,9,0.3,1,0.03333333333333333
7578,489,15,60405,40,9,0.225,1,0.025
7579,489,15,60405,50,12,0.24,2,0.04
7580,489,16,64432,10,7,0.7,0,0.0
7581,489,16,64432,20,7,0.35,0,0.0
7582,489,16,64432,30,9,0.3,1,0.03333333333333333
7583,489,16,64432,40,9,0.225,1,0.025
7584,489,16,64432,50,12,0.24,2,0.04
7585,489,17,68459,10,7,0.7,0,0.0
7586,489,17,68459,20,7,0.35,0,0.0
7587,489,17,68459,30,9,0.3,1,0.03333333333333333
7588,489,17,68459,40,9,0.225,1,0.025
7589,489,17,68459,50,12,0.24,2,0.04
7590,489,18,72486,10,7,0.7,0,0.0
7591,489,18,72486,20,7,0.35,0,0.0
7592,489,18,72486,30,9,0.3,1,0.03333333333333333
7593,489,18,72486,40,9,0.225,1,0.025
7594,489,18,72486,50,12,0.24,2,0.04
7595,489,19,76513,10,7,0.7,0,0.0
7596,489,19,76513,20,7,0.35,0,0.0
7597,489,19,76513,30,9,0.3,1,0.03333333333333333
7598,489,19,76513,40,9,0.225,1,0.025
7599,489,19,76513,50,12,0.24,2,0.04
7600,494,1,4027,10,0,0.0,0,0.0
7601,494,1,4027,20,0,0.0,0,0.0
7602,494,1,4027,30,0,0.0,0,0.0
7603,494,1,4027,40,0,0.0,0,0.0
7604,494,1,4027,50,0,0.0,0,0.0
7605,494,2,8054,10,0,0.0,0,0.0
7606,494,2,8054,20,0,0.0,0,0.0
7607,494,2,8054,30,0,0.0,0,0.0
7608,494,2,8054,40,1,0.025,1,0.025
7609,494,2,8054,50,2,0.04,2,0.04
7610,494,3,12081,10,0,0.0,0,0.0
7611,494,3,12081,20,0,0.0,0,0.0
7612,494,3,12081,30,0,0.0,0,0.0
7613,494,3,12081,40,0,0.0,0,0.0
7614,494,3,12081,50,0,0.0,0,0.0
7615,494,4,16108,10,0,0.0,0,0.0
7616,494,4,16108,20,0,0.0,0,0.0
7617,494,4,16108,30,0,0.0,0,0.0
7618,494,4,16108,40,0,0.0,0,0.0
7619,494,4,16108,50,0,0.0,0,0.0
7620,494,5,20135,10,0,0.0,0,0.0
7621,494,5,20135,20,0,0.0,0,0.0
7622,494,5,20135,30,0,0.0,0,0.0
7623,494,5,20135,40,0,0.0,0,0.0
7624,494,5,20135,50,0,0.0,0,0.0
7625,494,6,24162,10,0,0.0,0,0.0
7626,494,6,24162,20,0,0.0,0,0.0
7627,494,6,24162,30,0,0.0,0,0.0
7628,494,6,24162,40,0,0.0,0,0.0
7629,494,6,24162,50,0,0.0,0,0.0
7630,494,7,28189,10,0,0.0,0,0.0
7631,494,7,28189,20,0,0.0,0,0.0
7632,494,7,28189,30,0,0.0,0,0.0
7633,494,7,28189,40,0,0.0,0,0.0
7634,494,7,28189,50,0,0.0,0,0.0
7635,494,8,32216,10,0,0.0,0,0.0
7636,494,8,32216,20,0,0.0,0,0.0
7637,494,8,32216,30,0,0.0,0,0.0
7638,494,8,32216,40,0,0.0,0,0.0
7639,494,8,32216,50,3,0.06,2,0.04
7640,494,9,36243,10,0,0.0,0,0.0
7641,494,9,36243,20,0,0.0,0,0.0
7642,494,9,36243,30,0,0.0,0,0.0
7643,494,9,36243,40,1,0.025,1,0.025
7644,494,9,36243,50,1,0.02,1,0.02
7645,494,10,40270,10,0,0.0,0,0.0
7646,494,10,40270,20,0,0.0,0,0.0
7647,494,10,40270,30,0,0.0,0,0.0
7648,494,10,40270,40,0,0.0,0,0.0
7649,494,10,40270,50,1,0.02,1,0.02
7650,494,11,44297,10,0,0.0,0,0.0
7651,494,11,44297,20,0,0.0,0,0.0
7652,494,11,44297,30,0,0.0,0,0.0
7653,494,11,44297,40,1,0.025,1,0.025
7654,494,11,44297,50,1,0.02,1,0.02
7655,494,12,48324,10,0,0.0,0,0.0
7656,494,12,48324,20,0,0.0,0,0.0
7657,494,12,48324,30,1,0.03333333333333333,1,0.03333333333333333
7658,494,12,48324,40,2,0.05,1,0.025
7659,494,12,48324,50,3,0.06,2,0.04
7660,494,13,52351,10,0,0.0,0,0.0
7661,494,13,52351,20,0,0.0,0,0.0
7662,494,13,52351,30,0,0.0,0,0.0
7663,494,13,52351,40,1,0.025,1,0.025
7664,494,13,52351,50,2,0.04,1,0.02
7665,494,14,56378,10,0,0.0,0,0.0
7666,494,14,56378,20,1,0.05,1,0.05
7667,494,14,56378,30,1,0.03333333333333333,1,0.03333333333333333
7668,494,14,56378,40,1,0.025,1,0.025
7669,494,14,56378,50,2,0.04,1,0.02
7670,494,15,60405,10,0,0.0,0,0.0
7671,494,15,60405,20,0,0.0,0,0.0
7672,494,15,60405,30,1,0.03333333333333333,1,0.03333333333333333
7673,494,15,60405,40,1,0.025,1,0.025
7674,494,15,60405,50,2,0.04,1,0.02
7675,494,16,64432,10,0,0.0,0,0.0
7676,494,16,64432,20,0,0.0,0,0.0
7677,494,16,64432,30,1,0.03333333333333333,1,0.03333333333333333
7678,494,16,64432,40,1,0.025,1,0.025
7679,494,16,64432,50,1,0.02,1,0.02
7680,494,17,68459,10,0,0.0,0,0.0
7681,494,17,68459,20,0,0.0,0,0.0
7682,494,17,68459,30,1,0.03333333333333333,1,0.03333333333333333
7683,494,17,68459,40,1,0.025,1,0.025
7684,494,17,68459,50,1,0.02,1,0.02
7685,494,18,72486,10,0,0.0,0,0.0
7686,494,18,72486,20,0,0.0,0,0.0
7687,494,18,72486,30,0,0.0,0,0.0
7688,494,18,72486,40,0,0.0,0,0.0
7689,494,18,72486,50,0,0.0,0,0.0
7690,494,19,76513,10,0,0.0,0,0.0
7691,494,19,76513,20,0,0.0,0,0.0
7692,494,19,76513,30,0,0.0,0,0.0
7693,494,19,76513,40,0,0.0,0,0.0
7694,494,19,76513,50,0,0.0,0,0.0
7695,513,1,4027,10,3,0.3,0,0.0
7696,513,1,4027,20,4,0.2,0,0.0
7697,513,1,4027,30,5,0.16666666666666666,0,0.0
7698,513,1,4027,40,5,0.125,0,0.0
7699,513,1,4027,50,6,0.12,0,0.0
7700,513,2,8054,10,3,0.3,0,0.0
7701,513,2,8054,20,5,0.25,0,0.0
7702,513,2,8054,30,5,0.16666666666666666,0,0.0
7703,513,2,8054,40,5,0.125,0,0.0
7704,513,2,8054,50,6,0.12,0,0.0
7705,513,3,12081,10,3,0.3,0,0.0
7706,513,3,12081,20,5,0.25,0,0.0
7707,513,3,12081,30,5,0.16666666666666666,0,0.0
7708,513,3,12081,40,5,0.125,0,0.0
7709,513,3,12081,50,6,0.12,0,0.0
7710,513,4,16108,10,3,0.3,0,0.0
7711,513,4,16108,20,5,0.25,0,0.0
7712,513,4,16108,30,5,0.16666666666666666,0,0.0
7713,513,4,16108,40,5,0.125,0,0.0
7714,513,4,16108,50,6,0.12,0,0.0
7715,513,5,20135,10,3,0.3,0,0.0
7716,513,5,20135,20,5,0.25,0,0.0
7717,513,5,20135,30,5,0.16666666666666666,0,0.0
7718,513,5,20135,40,5,0.125,0,0.0
7719,513,5,20135,50,6,0.12,0,0.0
7720,513,6,24162,10,3,0.3,0,0.0
7721,513,6,24162,20,5,0.25,0,0.0
7722,513,6,24162,30,5,0.16666666666666666,0,0.0
7723,513,6,24162,40,5,0.125,0,0.0
7724,513,6,24162,50,6,0.12,0,0.0
7725,513,7,28189,10,3,0.3,0,0.0
7726,513,7,28189,20,5,0.25,0,0.0
7727,513,7,28189,30,5,0.16666666666666666,0,0.0
7728,513,7,28189,40,5,0.125,0,0.0
7729,513,7,28189,50,6,0.12,0,0.0
7730,513,8,32216,10,3,0.3,0,0.0
7731,513,8,32216,20,5,0.25,0,0.0
7732,513,8,32216,30,5,0.16666666666666666,0,0.0
7733,513,8,32216,40,5,0.125,0,0.0
7734,513,8,32216,50,6,0.12,0,0.0
7735,513,9,36243,10,3,0.3,0,0.0
7736,513,9,36243,20,5,0.25,0,0.0
7737,513,9,36243,30,5,0.16666666666666666,0,0.0
7738,513,9,36243,40,5,0.125,0,0.0
7739,513,9,36243,50,6,0.12,0,0.0
7740,513,10,40270,10,3,0.3,0,0.0
7741,513,10,40270,20,5,0.25,0,0.0
7742,513,10,40270,30,5,0.16666666666666666,0,0.0
7743,513,10,40270,40,5,0.125,0,0.0
7744,513,10,40270,50,6,0.12,0,0.0
7745,513,11,44297,10,3,0.3,0,0.0
7746,513,11,44297,20,5,0.25,0,0.0
7747,513,11,44297,30,5,0.16666666666666666,0,0.0
7748,513,11,44297,40,5,0.125,0,0.0
7749,513,11,44297,50,6,0.12,0,0.0
7750,513,12,48324,10,3,0.3,0,0.0
7751,513,12,48324,20,5,0.25,0,0.0
7752,513,12,48324,30,5,0.16666666666666666,0,0.0
7753,513,12,48324,40,5,0.125,0,0.0
7754,513,12,48324,50,6,0.12,0,0.0
7755,513,13,52351,10,3,0.3,0,0.0
7756,513,13,52351,20,5,0.25,0,0.0
7757,513,13,52351,30,5,0.16666666666666666,0,0.0
7758,513,13,52351,40,5,0.125,0,0.0
7759,513,13,52351,50,6,0.12,0,0.0
7760,513,14,56378,10,3,0.3,0,0.0
7761,513,14,56378,20,5,0.25,0,0.0
7762,513,14,56378,30,5,0.16666666666666666,0,0.0
7763,513,14,56378,40,5,0.125,0,0.0
7764,513,14,56378,50,6,0.12,0,0.0
7765,513,15,60405,10,3,0.3,0,0.0
7766,513,15,60405,20,5,0.25,0,0.0
7767,513,15,60405,30,5,0.16666666666666666,0,0.0
7768,513,15,60405,40,5,0.125,0,0.0
7769,513,15,60405,50,6,0.12,0,0.0
7770,513,16,64432,10,3,0.3,0,0.0
7771,513,16,64432,20,5,0.25,0,0.0
7772,513,16,64432,30,5,0.16666666666666666,0,0.0
7773,513,16,64432,40,5,0.125,0,0.0
7774,513,16,64432,50,6,0.12,0,0.0
7775,513,17,68459,10,3,0.3,0,0.0
7776,513,17,68459,20,4,0.2,0,0.0
7777,513,17,68459,30,5,0.16666666666666666,0,0.0
7778,513,17,68459,40,5,0.125,0,0.0
7779,513,17,68459,50,5,0.1,0,0.0
7780,513,18,72486,10,3,0.3,0,0.0
7781,513,18,72486,20,5,0.25,0,0.0
7782,513,18,72486,30,5,0.16666666666666666,0,0.0
7783,513,18,72486,40,5,0.125,0,0.0
7784,513,18,72486,50,5,0.1,0,0.0
7785,513,19,76513,10,3,0.3,0,0.0
7786,513,19,76513,20,5,0.25,0,0.0
7787,513,19,76513,30,5,0.16666666666666666,0,0.0
7788,513,19,76513,40,5,0.125,0,0.0
7789,513,19,76513,50,5,0.1,0,0.0
7790,556,1,4027,10,1,0.1,0,0.0
7791,556,1,4027,20,2,0.1,0,0.0
7792,556,1,4027,30,3,0.1,0,0.0
7793,556,1,4027,40,3,0.075,0,0.0
7794,556,1,4027,50,3,0.06,0,0.0
7795,556,2,8054,10,1,0.1,0,0.0
7796,556,2,8054,20,3,0.15,0,0.0
7797,556,2,8054,30,3,0.1,0,0.0
7798,556,2,8054,40,3,0.075,0,0.0
7799,556,2,8054,50,3,0.06,0,0.0
7800,556,3,12081,10,0,0.0,0,0.0
7801,556,3,12081,20,2,0.1,0,0.0
7802,556,3,12081,30,3,0.1,0,0.0
7803,556,3,12081,40,3,0.075,0,0.0
7804,556,3,12081,50,3,0.06,0,0.0
7805,556,4,16108,10,0,0.0,0,0.0
7806,556,4,16108,20,2,0.1,0,0.0
7807,556,4,16108,30,3,0.1,0,0.0
7808,556,4,16108,40,3,0.075,0,0.0
7809,556,4,16108,50,3,0.06,0,0.0
7810,556,5,20135,10,0,0.0,0,0.0
7811,556,5,20135,20,1,0.05,0,0.0
7812,556,5,20135,30,3,0.1,0,0.0
7813,556,5,20135,40,3,0.075,0,0.0
7814,556,5,20135,50,3,0.06,0,0.0
7815,556,6,24162,10,0,0.0,0,0.0
7816,556,6,24162,20,1,0.05,0,0.0
7817,556,6,24162,30,3,0.1,0,0.0
7818,556,6,24162,40,3,0.075,0,0.0
7819,556,6,24162,50,3,0.06,0,0.0
7820,556,7,28189,10,0,0.0,0,0.0
7821,556,7,28189,20,1,0.05,0,0.0
7822,556,7,28189,30,2,0.06666666666666667,0,0.0
7823,556,7,28189,40,3,0.075,0,0.0
7824,556,7,28189,50,3,0.06,0,0.0
7825,556,8,32216,10,0,0.0,0,0.0
7826,556,8,32216,20,1,0.05,0,0.0
7827,556,8,32216,30,2,0.06666666666666667,0,0.0
7828,556,8,32216,40,3,0.075,0,0.0
7829,556,8,32216,50,3,0.06,0,0.0
7830,556,9,36243,10,0,0.0,0,0.0
7831,556,9,36243,20,1,0.05,0,0.0
7832,556,9,36243,30,2,0.06666666666666667,0,0.0
7833,556,9,36243,40,3,0.075,0,0.0
7834,556,9,36243,50,3,0.06,0,0.0
7835,556,10,40270,10,0,0.0,0,0.0
7836,556,10,40270,20,1,0.05,0,0.0
7837,556,10,40270,30,2,0.06666666666666667,0,0.0
7838,556,10,40270,40,3,0.075,0,0.0
7839,556,10,40270,50,3,0.06,0,0.0
7840,556,11,44297,10,0,0.0,0,0.0
7841,556,11,44297,20,1,0.05,0,0.0
7842,556,11,44297,30,2,0.06666666666666667,0,0.0
7843,556,11,44297,40,3,0.075,0,0.0
7844,556,11,44297,50,3,0.06,0,0.0
7845,556,12,48324,10,0,0.0,0,0.0
7846,556,12,48324,20,1,0.05,0,0.0
7847,556,12,48324,30,2,0.06666666666666667,0,0.0
7848,556,12,48324,40,3,0.075,0,0.0
7849,556,12,48324,50,3,0.06,0,0.0
7850,556,13,52351,10,0,0.0,0,0.0
7851,556,13,52351,20,1,0.05,0,0.0
7852,556,13,52351,30,3,0.1,0,0.0
7853,556,13,52351,40,3,0.075,0,0.0
7854,556,13,52351,50,3,0.06,0,0.0
7855,556,14,56378,10,0,0.0,0,0.0
7856,556,14,56378,20,1,0.05,0,0.0
7857,556,14,56378,30,3,0.1,0,0.0
7858,556,14,56378,40,3,0.075,0,0.0
7859,556,14,56378,50,3,0.06,0,0.0
7860,556,15,60405,10,0,0.0,0,0.0
7861,556,15,60405,20,1,0.05,0,0.0
7862,556,15,60405,30,3,0.1,0,0.0
7863,556,15,60405,40,3,0.075,0,0.0
7864,556,15,60405,50,3,0.06,0,0.0
7865,556,16,64432,10,0,0.0,0,0.0
7866,556,16,64432,20,1,0.05,0,0.0
7867,556,16,64432,30,3,0.1,0,0.0
7868,556,16,64432,40,3,0.075,0,0.0
7869,556,16,64432,50,3,0.06,0,0.0
7870,556,17,68459,10,0,0.0,0,0.0
7871,556,17,68459,20,1,0.05,0,0.0
7872,556,17,68459,30,3,0.1,0,0.0
7873,556,17,68459,40,3,0.075,0,0.0
7874,556,17,68459,50,3,0.06,0,0.0
7875,556,18,72486,10,0,0.0,0,0.0
7876,556,18,72486,20,1,0.05,0,0.0
7877,556,18,72486,30,3,0.1,0,0.0
7878,556,18,72486,40,3,0.075,0,0.0
7879,556,18,72486,50,3,0.06,0,0.0
7880,556,19,76513,10,0,0.0,0,0.0
7881,556,19,76513,20,1,0.05,0,0.0
7882,556,19,76513,30,3,0.1,0,0.0
7883,556,19,76513,40,3,0.075,0,0.0
7884,556,19,76513,50,3,0.06,0,0.0
7885,591,1,4027,10,7,0.7,0,0.0
7886,591,1,4027,20,14,0.7,1,0.05
7887,591,1,4027,30,17,0.5666666666666667,5,0.16666666666666666
7888,591,1,4027,40,22,0.55,5,0.125
7889,591,1,4027,50,24,0.48,5,0.1
7890,591,2,8054,10,7,0.7,0,0.0
7891,591,2,8054,20,15,0.75,1,0.05
7892,591,2,8054,30,21,0.7,2,0.06666666666666667
7893,591,2,8054,40,23,0.575,2,0.05
7894,591,2,8054,50,24,0.48,4,0.08
7895,591,3,12081,10,7,0.7,0,0.0
7896,591,3,12081,20,14,0.7,1,0.05
7897,591,3,12081,30,20,0.6666666666666666,2,0.06666666666666667
7898,591,3,12081,40,23,0.575,3,0.075
7899,591,3,12081,50,26,0.52,5,0.1
7900,591,4,16108,10,6,0.6,0,0.0
7901,591,4,16108,20,12,0.6,1,0.05
7902,591,4,16108,30,15,0.5,1,0.03333333333333333
7903,591,4,16108,40,21,0.525,2,0.05
7904,591,4,16108,50,25,0.5,3,0.06
7905,591,5,20135,10,6,0.6,0,0.0
7906,591,5,20135,20,12,0.6,1,0.05
7907,591,5,20135,30,15,0.5,1,0.03333333333333333
7908,591,5,20135,40,21,0.525,2,0.05
7909,591,5,20135,50,25,0.5,3,0.06
7910,591,6,24162,10,6,0.6,0,0.0
7911,591,6,24162,20,12,0.6,1,0.05
7912,591,6,24162,30,15,0.5,1,0.03333333333333333
7913,591,6,24162,40,21,0.525,2,0.05
7914,591,6,24162,50,26,0.52,3,0.06
7915,591,7,28189,10,6,0.6,0,0.0
7916,591,7,28189,20,12,0.6,1,0.05
7917,591,7,28189,30,15,0.5,1,0.03333333333333333
7918,591,7,28189,40,21,0.525,2,0.05
7919,591,7,28189,50,26,0.52,3,0.06
7920,591,8,32216,10,6,0.6,0,0.0
7921,591,8,32216,20,12,0.6,1,0.05
7922,591,8,32216,30,15,0.5,1,0.03333333333333333
7923,591,8,32216,40,21,0.525,2,0.05
7924,591,8,32216,50,26,0.52,3,0.06
7925,591,9,36243,10,6,0.6,0,0.0
7926,591,9,36243,20,11,0.55,1,0.05
7927,591,9,36243,30,15,0.5,1,0.03333333333333333
7928,591,9,36243,40,20,0.5,2,0.05
7929,591,9,36243,50,24,0.48,2,0.04
7930,591,10,40270,10,6,0.6,0,0.0
7931,591,10,40270,20,11,0.55,1,0.05
7932,591,10,40270,30,16,0.5333333333333333,1,0.03333333333333333
7933,591,10,40270,40,20,0.5,2,0.05
7934,591,10,40270,50,24,0.48,2,0.04
7935,591,11,44297,10,6,0.6,0,0.0
7936,591,11,44297,20,11,0.55,1,0.05
7937,591,11,44297,30,15,0.5,1,0.03333333333333333
7938,591,11,44297,40,20,0.5,2,0.05
7939,591,11,44297,50,24,0.48,2,0.04
7940,591,12,48324,10,6,0.6,0,0.0
7941,591,12,48324,20,11,0.55,1,0.05
7942,591,12,48324,30,16,0.5333333333333333,1,0.03333333333333333
7943,591,12,48324,40,20,0.5,2,0.05
7944,591,12,48324,50,25,0.5,3,0.06
7945,591,13,52351,10,6,0.6,0,0.0
7946,591,13,52351,20,11,0.55,1,0.05
7947,591,13,52351,30,16,0.5333333333333333,1,0.03333333333333333
7948,591,13,52351,40,20,0.5,2,0.05
7949,591,13,52351,50,26,0.52,3,0.06
7950,591,14,56378,10,6,0.6,0,0.0
7951,591,14,56378,20,11,0.55,1,0.05
7952,591,14,56378,30,16,0.5333333333333333,2,0.06666666666666667
7953,591,14,56378,40,20,0.5,3,0.075
7954,591,14,56378,50,25,0.5,4,0.08
7955,591,15,60405,10,6,0.6,0,0.0
7956,591,15,60405,20,11,0.55,1,0.05
7957,591,15,60405,30,16,0.5333333333333333,2,0.06666666666666667
7958,591,15,60405,40,20,0.5,3,0.075
7959,591,15,60405,50,26,0.52,4,0.08
7960,591,16,64432,10,6,0.6,0,0.0
7961,591,16,64432,20,11,0.55,1,0.05
7962,591,16,64432,30,14,0.4666666666666667,2,0.06666666666666667
7963,591,16,64432,40,20,0.5,3,0.075
7964,591,16,64432,50,25,0.5,4,0.08
7965,591,17,68459,10,7,0.7,0,0.0
7966,591,17,68459,20,11,0.55,2,0.1
7967,591,17,68459,30,14,0.4666666666666667,2,0.06666666666666667
7968,591,17,68459,40,20,0.5,3,0.075
7969,591,17,68459,50,25,0.5,4,0.08
7970,591,18,72486,10,7,0.7,0,0.0
7971,591,18,72486,20,11,0.55,2,0.1
7972,591,18,72486,30,14,0.4666666666666667,2,0.06666666666666667
7973,591,18,72486,40,20,0.5,3,0.075
7974,591,18,72486,50,25,0.5,4,0.08
7975,591,19,76513,10,7,0.7,0,0.0
7976,591,19,76513,20,11,0.55,1,0.05
7977,591,19,76513,30,14,0.4666666666666667,2,0.06666666666666667
7978,591,19,76513,40,20,0.5,3,0.075
7979,591,19,76513,50,25,0.5,4,0.08
7980,599,1,4027,10,1,0.1,0,0.0
7981,599,1,4027,20,5,0.25,0,0.0
7982,599,1,4027,30,5,0.16666666666666666,0,0.0
7983,599,1,4027,40,7,0.175,0,0.0
7984,599,1,4027,50,10,0.2,1,0.02
7985,599,2,8054,10,1,0.1,0,0.0
7986,599,2,8054,20,4,0.2,0,0.0
7987,599,2,8054,30,5,0.16666666666666666,0,0.0
7988,599,2,8054,40,7,0.175,0,0.0
7989,599,2,8054,50,11,0.22,1,0.02
7990,599,3,12081,10,1,0.1,0,0.0
7991,599,3,12081,20,5,0.25,0,0.0
7992,599,3,12081,30,5,0.16666666666666666,0,0.0
7993,599,3,12081,40,7,0.175,0,0.0
7994,599,3,12081,50,10,0.2,1,0.02
7995,599,4,16108,10,1,0.1,0,0.0
7996,599,4,16108,20,5,0.25,0,0.0
7997,599,4,16108,30,5,0.16666666666666666,0,0.0
7998,599,4,16108,40,7,0.175,0,0.0
7999,599,4,16108,50,10,0.2,1,0.02
8000,599,5,20135,10,1,0.1,0,0.0
8001,599,5,20135,20,5,0.25,0,0.0
8002,599,5,20135,30,5,0.16666666666666666,0,0.0
8003,599,5,20135,40,7,0.175,0,0.0
8004,599,5,20135,50,10,0.2,1,0.02
8005,599,6,24162,10,1,0.1,0,0.0
8006,599,6,24162,20,5,0.25,0,0.0
8007,599,6,24162,30,5,0.16666666666666666,0,0.0
8008,599,6,24162,40,7,0.175,0,0.0
8009,599,6,24162,50,10,0.2,1,0.02
8010,599,7,28189,10,1,0.1,0,0.0
8011,599,7,28189,20,5,0.25,0,0.0
8012,599,7,28189,30,5,0.16666666666666666,0,0.0
8013,599,7,28189,40,7,0.175,0,0.0
8014,599,7,28189,50,10,0.2,1,0.02
8015,599,8,32216,10,1,0.1,0,0.0
8016,599,8,32216,20,3,0.15,0,0.0
8017,599,8,32216,30,5,0.16666666666666666,0,0.0
8018,599,8,32216,40,7,0.175,0,0.0
8019,599,8,32216,50,10,0.2,1,0.02
8020,599,9,36243,10,1,0.1,0,0.0
8021,599,9,36243,20,3,0.15,0,0.0
8022,599,9,36243,30,5,0.16666666666666666,0,0.0
8023,599,9,36243,40,7,0.175,0,0.0
8024,599,9,36243,50,9,0.18,1,0.02
8025,599,10,40270,10,1,0.1,0,0.0
8026,599,10,40270,20,4,0.2,0,0.0
8027,599,10,40270,30,5,0.16666666666666666,0,0.0
8028,599,10,40270,40,7,0.175,0,0.0
8029,599,10,40270,50,9,0.18,1,0.02
8030,599,11,44297,10,1,0.1,0,0.0
8031,599,11,44297,20,2,0.1,0,0.0
8032,599,11,44297,30,5,0.16666666666666666,0,0.0
8033,599,11,44297,40,7,0.175,0,0.0
8034,599,11,44297,50,8,0.16,0,0.0
8035,599,12,48324,10,1,0.1,0,0.0
8036,599,12,48324,20,2,0.1,0,0.0
8037,599,12,48324,30,5,0.16666666666666666,0,0.0
8038,599,12,48324,40,7,0.175,0,0.0
8039,599,12,48324,50,8,0.16,0,0.0
8040,599,13,52351,10,1,0.1,0,0.0
8041,599,13,52351,20,2,0.1,0,0.0
8042,599,13,52351,30,5,0.16666666666666666,0,0.0
8043,599,13,52351,40,7,0.175,0,0.0
8044,599,13,52351,50,8,0.16,0,0.0
8045,599,14,56378,10,1,0.1,0,0.0
8046,599,14,56378,20,2,0.1,0,0.0
8047,599,14,56378,30,5,0.16666666666666666,0,0.0
8048,599,14,56378,40,7,0.175,0,0.0
8049,599,14,56378,50,8,0.16,0,0.0
8050,599,15,60405,10,1,0.1,0,0.0
8051,599,15,60405,20,2,0.1,0,0.0
8052,599,15,60405,30,5,0.16666666666666666,0,0.0
8053,599,15,60405,40,7,0.175,0,0.0
8054,599,15,60405,50,8,0.16,0,0.0
8055,599,16,64432,10,1,0.1,0,0.0
8056,599,16,64432,20,2,0.1,0,0.0
8057,599,16,64432,30,5,0.16666666666666666,0,0.0
8058,599,16,64432,40,7,0.175,0,0.0
8059,599,16,64432,50,8,0.16,0,0.0
8060,599,17,68459,10,1,0.1,0,0.0
8061,599,17,68459,20,2,0.1,0,0.0
8062,599,17,68459,30,5,0.16666666666666666,0,0.0
8063,599,17,68459,40,7,0.175,0,0.0
8064,599,17,68459,50,8,0.16,0,0.0
8065,599,18,72486,10,1,0.1,0,0.0
8066,599,18,72486,20,2,0.1,0,0.0
8067,599,18,72486,30,5,0.16666666666666666,0,0.0
8068,599,18,72486,40,7,0.175,0,0.0
8069,599,18,72486,50,8,0.16,0,0.0
8070,599,19,76513,10,1,0.1,0,0.0
8071,599,19,76513,20,2,0.1,0,0.0
8072,599,19,76513,30,5,0.16666666666666666,0,0.0
8073,599,19,76513,40,7,0.175,0,0.0
8074,599,19,76513,50,8,0.16,1,0.02
8075,600,1,4027,10,1,0.1,0,0.0
8076,600,1,4027,20,1,0.05,0,0.0
8077,600,1,4027,30,1,0.03333333333333333,0,0.0
8078,600,1,4027,40,5,0.125,0,0.0
8079,600,1,4027,50,7,0.14,0,0.0
8080,600,2,8054,10,1,0.1,0,0.0
8081,600,2,8054,20,1,0.05,0,0.0
8082,600,2,8054,30,1,0.03333333333333333,0,0.0
8083,600,2,8054,40,5,0.125,0,0.0
8084,600,2,8054,50,7,0.14,0,0.0
8085,600,3,12081,10,1,0.1,0,0.0
8086,600,3,12081,20,1,0.05,0,0.0
8087,600,3,12081,30,1,0.03333333333333333,0,0.0
8088,600,3,12081,40,5,0.125,0,0.0
8089,600,3,12081,50,7,0.14,0,0.0
8090,600,4,16108,10,1,0.1,0,0.0
8091,600,4,16108,20,1,0.05,0,0.0
8092,600,4,16108,30,1,0.03333333333333333,0,0.0
8093,600,4,16108,40,5,0.125,0,0.0
8094,600,4,16108,50,7,0.14,0,0.0
8095,600,5,20135,10,1,0.1,0,0.0
8096,600,5,20135,20,1,0.05,0,0.0
8097,600,5,20135,30,1,0.03333333333333333,0,0.0
8098,600,5,20135,40,5,0.125,0,0.0
8099,600,5,20135,50,7,0.14,0,0.0
8100,600,6,24162,10,1,0.1,0,0.0
8101,600,6,24162,20,1,0.05,0,0.0
8102,600,6,24162,30,1,0.03333333333333333,0,0.0
8103,600,6,24162,40,5,0.125,0,0.0
8104,600,6,24162,50,7,0.14,0,0.0
8105,600,7,28189,10,1,0.1,0,0.0
8106,600,7,28189,20,1,0.05,0,0.0
8107,600,7,28189,30,1,0.03333333333333333,0,0.0
8108,600,7,28189,40,5,0.125,0,0.0
8109,600,7,28189,50,7,0.14,0,0.0
8110,600,8,32216,10,1,0.1,0,0.0
8111,600,8,32216,20,1,0.05,0,0.0
8112,600,8,32216,30,1,0.03333333333333333,0,0.0
8113,600,8,32216,40,5,0.125,0,0.0
8114,600,8,32216,50,7,0.14,0,0.0
8115,600,9,36243,10,1,0.1,0,0.0
8116,600,9,36243,20,1,0.05,0,0.0
8117,600,9,36243,30,1,0.03333333333333333,0,0.0
8118,600,9,36243,40,5,0.125,0,0.0
8119,600,9,36243,50,7,0.14,0,0.0
8120,600,10,40270,10,1,0.1,0,0.0
8121,600,10,40270,20,1,0.05,0,0.0
8122,600,10,40270,30,1,0.03333333333333333,0,0.0
8123,600,10,40270,40,5,0.125,0,0.0
8124,600,10,40270,50,6,0.12,0,0.0
8125,600,11,44297,10,1,0.1,0,0.0
8126,600,11,44297,20,1,0.05,0,0.0
8127,600,11,44297,30,1,0.03333333333333333,0,0.0
8128,600,11,44297,40,2,0.05,0,0.0
8129,600,11,44297,50,5,0.1,0,0.0
8130,600,12,48324,10,1,0.1,0,0.0
8131,600,12,48324,20,1,0.05,0,0.0
8132,600,12,48324,30,1,0.03333333333333333,0,0.0
8133,600,12,48324,40,2,0.05,0,0.0
8134,600,12,48324,50,5,0.1,0,0.0
8135,600,13,52351,10,1,0.1,0,0.0
8136,600,13,52351,20,1,0.05,0,0.0
8137,600,13,52351,30,1,0.03333333333333333,0,0.0
8138,600,13,52351,40,2,0.05,0,0.0
8139,600,13,52351,50,5,0.1,0,0.0
8140,600,14,56378,10,1,0.1,0,0.0
8141,600,14,56378,20,1,0.05,0,0.0
8142,600,14,56378,30,1,0.03333333333333333,0,0.0
8143,600,14,56378,40,3,0.075,0,0.0
8144,600,14,56378,50,5,0.1,0,0.0
8145,600,15,60405,10,1,0.1,0,0.0
8146,600,15,60405,20,1,0.05,0,0.0
8147,600,15,60405,30,1,0.03333333333333333,0,0.0
8148,600,15,60405,40,3,0.075,0,0.0
8149,600,15,60405,50,5,0.1,0,0.0
8150,600,16,64432,10,1,0.1,0,0.0
8151,600,16,64432,20,1,0.05,0,0.0
8152,600,16,64432,30,1,0.03333333333333333,0,0.0
8153,600,16,64432,40,3,0.075,0,0.0
8154,600,16,64432,50,5,0.1,0,0.0
8155,600,17,68459,10,1,0.1,0,0.0
8156,600,17,68459,20,1,0.05,0,0.0
8157,600,17,68459,30,1,0.03333333333333333,0,0.0
8158,600,17,68459,40,3,0.075,0,0.0
8159,600,17,68459,50,5,0.1,0,0.0
8160,600,18,72486,10,1,0.1,0,0.0
8161,600,18,72486,20,1,0.05,0,0.0
8162,600,18,72486,30,1,0.03333333333333333,0,0.0
8163,600,18,72486,40,3,0.075,0,0.0
8164,600,18,72486,50,5,0.1,0,0.0
8165,600,19,76513,10,1,0.1,0,0.0
8166,600,19,76513,20,1,0.05,0,0.0
8167,600,19,76513,30,1,0.03333333333333333,0,0.0
8168,600,19,76513,40,3,0.075,0,0.0
8169,600,19,76513,50,5,0.1,0,0.0
8170,655,1,4027,10,4,0.4,0,0.0
8171,655,1,4027,20,4,0.2,0,0.0
8172,655,1,4027,30,5,0.16666666666666666,0,0.0
8173,655,1,4027,40,5,0.125,0,0.0
8174,655,1,4027,50,8,0.16,0,0.0
8175,655,2,8054,10,4,0.4,0,0.0
8176,655,2,8054,20,4,0.2,0,0.0
8177,655,2,8054,30,5,0.16666666666666666,0,0.0
8178,655,2,8054,40,5,0.125,0,0.0
8179,655,2,8054,50,7,0.14,0,0.0
8180,655,3,12081,10,4,0.4,0,0.0
8181,655,3,12081,20,4,0.2,0,0.0
8182,655,3,12081,30,5,0.16666666666666666,0,0.0
8183,655,3,12081,40,5,0.125,0,0.0
8184,655,3,12081,50,8,0.16,0,0.0
8185,655,4,16108,10,4,0.4,0,0.0
8186,655,4,16108,20,4,0.2,0,0.0
8187,655,4,16108,30,5,0.16666666666666666,0,0.0
8188,655,4,16108,40,5,0.125,0,0.0
8189,655,4,16108,50,8,0.16,0,0.0
8190,655,5,20135,10,4,0.4,0,0.0
8191,655,5,20135,20,4,0.2,0,0.0
8192,655,5,20135,30,5,0.16666666666666666,0,0.0
8193,655,5,20135,40,5,0.125,0,0.0
8194,655,5,20135,50,8,0.16,0,0.0
8195,655,6,24162,10,4,0.4,0,0.0
8196,655,6,24162,20,4,0.2,0,0.0
8197,655,6,24162,30,5,0.16666666666666666,0,0.0
8198,655,6,24162,40,5,0.125,0,0.0
8199,655,6,24162,50,8,0.16,0,0.0
8200,655,7,28189,10,4,0.4,0,0.0
8201,655,7,28189,20,4,0.2,0,0.0
8202,655,7,28189,30,5,0.16666666666666666,0,0.0
8203,655,7,28189,40,5,0.125,0,0.0
8204,655,7,28189,50,8,0.16,0,0.0
8205,655,8,32216,10,4,0.4,0,0.0
8206,655,8,32216,20,4,0.2,0,0.0
8207,655,8,32216,30,5,0.16666666666666666,0,0.0
8208,655,8,32216,40,5,0.125,0,0.0
8209,655,8,32216,50,8,0.16,0,0.0
8210,655,9,36243,10,4,0.4,0,0.0
8211,655,9,36243,20,4,0.2,0,0.0
8212,655,9,36243,30,5,0.16666666666666666,0,0.0
8213,655,9,36243,40,5,0.125,0,0.0
8214,655,9,36243,50,8,0.16,0,0.0
8215,655,10,40270,10,4,0.4,0,0.0
8216,655,10,40270,20,4,0.2,0,0.0
8217,655,10,40270,30,5,0.16666666666666666,0,0.0
8218,655,10,40270,40,5,0.125,0,0.0
8219,655,10,40270,50,8,0.16,0,0.0
8220,655,11,44297,10,4,0.4,0,0.0
8221,655,11,44297,20,4,0.2,0,0.0
8222,655,11,44297,30,5,0.16666666666666666,0,0.0
8223,655,11,44297,40,5,0.125,0,0.0
8224,655,11,44297,50,8,0.16,0,0.0
8225,655,12,48324,10,4,0.4,0,0.0
8226,655,12,48324,20,4,0.2,0,0.0
8227,655,12,48324,30,5,0.16666666666666666,0,0.0
8228,655,12,48324,40,5,0.125,0,0.0
8229,655,12,48324,50,8,0.16,0,0.0
8230,655,13,52351,10,4,0.4,0,0.0
8231,655,13,52351,20,4,0.2,0,0.0
8232,655,13,52351,30,5,0.16666666666666666,0,0.0
8233,655,13,52351,40,5,0.125,0,0.0
8234,655,13,52351,50,8,0.16,0,0.0
8235,655,14,56378,10,4,0.4,0,0.0
8236,655,14,56378,20,4,0.2,0,0.0
8237,655,14,56378,30,5,0.16666666666666666,0,0.0
8238,655,14,56378,40,5,0.125,0,0.0
8239,655,14,56378,50,8,0.16,0,0.0
8240,655,15,60405,10,4,0.4,0,0.0
8241,655,15,60405,20,4,0.2,0,0.0
8242,655,15,60405,30,5,0.16666666666666666,0,0.0
8243,655,15,60405,40,5,0.125,0,0.0
8244,655,15,60405,50,8,0.16,0,0.0
8245,655,16,64432,10,4,0.4,0,0.0
8246,655,16,64432,20,4,0.2,0,0.0
8247,655,16,64432,30,5,0.16666666666666666,0,0.0
8248,655,16,64432,40,5,0.125,0,0.0
8249,655,16,64432,50,8,0.16,0,0.0
8250,655,17,68459,10,4,0.4,0,0.0
8251,655,17,68459,20,4,0.2,0,0.0
8252,655,17,68459,30,5,0.16666666666666666,0,0.0
8253,655,17,68459,40,5,0.125,0,0.0
8254,655,17,68459,50,8,0.16,0,0.0
8255,655,18,72486,10,4,0.4,0,0.0
8256,655,18,72486,20,4,0.2,0,0.0
8257,655,18,72486,30,5,0.16666666666666666,0,0.0
8258,655,18,72486,40,5,0.125,0,0.0
8259,655,18,72486,50,8,0.16,0,0.0
8260,655,19,76513,10,4,0.4,0,0.0
8261,655,19,76513,20,4,0.2,0,0.0
8262,655,19,76513,30,5,0.16666666666666666,0,0.0
8263,655,19,76513,40,5,0.125,0,0.0
8264,655,19,76513,50,8,0.16,0,0.0
8265,672,1,4027,10,4,0.4,0,0.0
8266,672,1,4027,20,8,0.4,1,0.05
8267,672,1,4027,30,10,0.3333333333333333,1,0.03333333333333333
8268,672,1,4027,40,12,0.3,1,0.025
8269,672,1,4027,50,15,0.3,1,0.02
8270,672,2,8054,10,3,0.3,0,0.0
8271,672,2,8054,20,8,0.4,1,0.05
8272,672,2,8054,30,8,0.26666666666666666,1,0.03333333333333333
8273,672,2,8054,40,11,0.275,1,0.025
8274,672,2,8054,50,14,0.28,1,0.02
8275,672,3,12081,10,3,0.3,0,0.0
8276,672,3,12081,20,8,0.4,1,0.05
8277,672,3,12081,30,9,0.3,1,0.03333333333333333
8278,672,3,12081,40,11,0.275,1,0.025
8279,672,3,12081,50,15,0.3,2,0.04
8280,672,4,16108,10,3,0.3,0,0.0
8281,672,4,16108,20,8,0.4,1,0.05
8282,672,4,16108,30,8,0.26666666666666666,1,0.03333333333333333
8283,672,4,16108,40,8,0.2,1,0.025
8284,672,4,16108,50,14,0.28,1,0.02
8285,672,5,20135,10,5,0.5,0,0.0
8286,672,5,20135,20,9,0.45,1,0.05
8287,672,5,20135,30,12,0.4,1,0.03333333333333333
8288,672,5,20135,40,13,0.325,1,0.025
8289,672,5,20135,50,16,0.32,2,0.04
8290,672,6,24162,10,5,0.5,1,0.1
8291,672,6,24162,20,10,0.5,1,0.05
8292,672,6,24162,30,13,0.43333333333333335,2,0.06666666666666667
8293,672,6,24162,40,16,0.4,2,0.05
8294,672,6,24162,50,17,0.34,2,0.04
8295,672,7,28189,10,3,0.3,0,0.0
8296,672,7,28189,20,8,0.4,1,0.05
8297,672,7,28189,30,9,0.3,1,0.03333333333333333
8298,672,7,28189,40,11,0.275,1,0.025
8299,672,7,28189,50,15,0.3,1,0.02
8300,672,8,32216,10,3,0.3,0,0.0
8301,672,8,32216,20,8,0.4,1,0.05
8302,672,8,32216,30,9,0.3,1,0.03333333333333333
8303,672,8,32216,40,11,0.275,1,0.025
8304,672,8,32216,50,15,0.3,1,0.02
8305,672,9,36243,10,3,0.3,0,0.0
8306,672,9,36243,20,8,0.4,1,0.05
8307,672,9,36243,30,8,0.26666666666666666,1,0.03333333333333333
8308,672,9,36243,40,11,0.275,1,0.025
8309,672,9,36243,50,14,0.28,1,0.02
8310,672,10,40270,10,2,0.2,0,0.0
8311,672,10,40270,20,7,0.35,0,0.0
8312,672,10,40270,30,8,0.26666666666666666,1,0.03333333333333333
8313,672,10,40270,40,10,0.25,1,0.025
8314,672,10,40270,50,12,0.24,1,0.02
8315,672,11,44297,10,2,0.2,0,0.0
8316,672,11,44297,20,7,0.35,0,0.0
8317,672,11,44297,30,8,0.26666666666666666,1,0.03333333333333333
8318,672,11,44297,40,11,0.275,1,0.025
8319,672,11,44297,50,12,0.24,1,0.02
8320,672,12,48324,10,2,0.2,0,0.0
8321,672,12,48324,20,7,0.35,0,0.0
8322,672,12,48324,30,8,0.26666666666666666,1,0.03333333333333333
8323,672,12,48324,40,10,0.25,1,0.025
8324,672,12,48324,50,12,0.24,1,0.02
8325,672,13,52351,10,2,0.2,0,0.0
8326,672,13,52351,20,5,0.25,0,0.0
8327,672,13,52351,30,7,0.23333333333333334,0,0.0
8328,672,13,52351,40,9,0.225,1,0.025
8329,672,13,52351,50,10,0.2,1,0.02
8330,672,14,56378,10,2,0.2,0,0.0
8331,672,14,56378,20,5,0.25,0,0.0
8332,672,14,56378,30,7,0.23333333333333334,0,0.0
8333,672,14,56378,40,9,0.225,0,0.0
8334,672,14,56378,50,10,0.2,1,0.02
8335,672,15,60405,10,2,0.2,0,0.0
8336,672,15,60405,20,4,0.2,0,0.0
8337,672,15,60405,30,6,0.2,0,0.0
8338,672,15,60405,40,9,0.225,0,0.0
8339,672,15,60405,50,10,0.2,1,0.02
8340,672,16,64432,10,2,0.2,0,0.0
8341,672,16,64432,20,4,0.2,0,0.0
8342,672,16,64432,30,5,0.16666666666666666,0,0.0
8343,672,16,64432,40,8,0.2,0,0.0
8344,672,16,64432,50,9,0.18,0,0.0
8345,672,17,68459,10,2,0.2,0,0.0
8346,672,17,68459,20,4,0.2,0,0.0
8347,672,17,68459,30,4,0.13333333333333333,0,0.0
8348,672,17,68459,40,8,0.2,0,0.0
8349,672,17,68459,50,9,0.18,0,0.0
8350,672,18,72486,10,2,0.2,0,0.0
8351,672,18,72486,20,4,0.2,0,0.0
8352,672,18,72486,30,4,0.13333333333333333,0,0.0
8353,672,18,72486,40,7,0.175,0,0.0
8354,672,18,72486,50,9,0.18,0,0.0
8355,672,19,76513,10,2,0.2,0,0.0
8356,672,19,76513,20,4,0.2,0,0.0
8357,672,19,76513,30,4,0.13333333333333333,0,0.0
8358,672,19,76513,40,7,0.175,0,0.0
8359,672,19,76513,50,9,0.18,0,0.0
8360,720,1,4027,10,10,1.0,1,0.1
8361,720,1,4027,20,20,1.0,1,0.05
8362,720,1,4027,30,24,0.8,2,0.06666666666666667
8363,720,1,4027,40,27,0.675,5,0.125
8364,720,1,4027,50,27,0.54,5,0.1
8365,720,2,8054,10,10,1.0,1,0.1
8366,720,2,8054,20,20,1.0,1,0.05
8367,720,2,8054,30,23,0.7666666666666667,2,0.06666666666666667
8368,720,2,8054,40,24,0.6,3,0.075
8369,720,2,8054,50,28,0.56,6,0.12
8370,720,3,12081,10,10,1.0,1,0.1
8371,720,3,12081,20,19,0.95,1,0.05
8372,720,3,12081,30,23,0.7666666666666667,2,0.06666666666666667
8373,720,3,12081,40,23,0.575,3,0.075
8374,720,3,12081,50,26,0.52,4,0.08
8375,720,4,16108,10,10,1.0,1,0.1
8376,720,4,16108,20,17,0.85,2,0.1
8377,720,4,16108,30,22,0.7333333333333333,2,0.06666666666666667
8378,720,4,16108,40,24,0.6,3,0.075
8379,720,4,16108,50,26,0.52,4,0.08
8380,720,5,20135,10,10,1.0,1,0.1
8381,720,5,20135,20,16,0.8,2,0.1
8382,720,5,20135,30,22,0.7333333333333333,2,0.06666666666666667
8383,720,5,20135,40,23,0.575,2,0.05
8384,720,5,20135,50,26,0.52,4,0.08
8385,720,6,24162,10,10,1.0,1,0.1
8386,720,6,24162,20,18,0.9,1,0.05
8387,720,6,24162,30,23,0.7666666666666667,2,0.06666666666666667
8388,720,6,24162,40,24,0.6,3,0.075
8389,720,6,24162,50,26,0.52,4,0.08
8390,720,7,28189,10,10,1.0,1,0.1
8391,720,7,28189,20,17,0.85,1,0.05
8392,720,7,28189,30,23,0.7666666666666667,2,0.06666666666666667
8393,720,7,28189,40,23,0.575,3,0.075
8394,720,7,28189,50,26,0.52,4,0.08
8395,720,8,32216,10,10,1.0,1,0.1
8396,720,8,32216,20,17,0.85,1,0.05
8397,720,8,32216,30,23,0.7666666666666667,2,0.06666666666666667
8398,720,8,32216,40,23,0.575,3,0.075
8399,720,8,32216,50,26,0.52,4,0.08
8400,720,9,36243,10,10,1.0,1,0.1
8401,720,9,36243,20,16,0.8,1,0.05
8402,720,9,36243,30,22,0.7333333333333333,2,0.06666666666666667
8403,720,9,36243,40,23,0.575,3,0.075
8404,720,9,36243,50,26,0.52,4,0.08
8405,720,10,40270,10,9,0.9,1,0.1
8406,720,10,40270,20,17,0.85,1,0.05
8407,720,10,40270,30,22,0.7333333333333333,2,0.06666666666666667
8408,720,10,40270,40,23,0.575,3,0.075
8409,720,10,40270,50,25,0.5,4,0.08
8410,720,11,44297,10,8,0.8,1,0.1
8411,720,11,44297,20,18,0.9,1,0.05
8412,720,11,44297,30,22,0.7333333333333333,2,0.06666666666666667
8413,720,11,44297,40,23,0.575,3,0.075
8414,720,11,44297,50,25,0.5,4,0.08
8415,720,12,48324,10,8,0.8,1,0.1
8416,720,12,48324,20,18,0.9,1,0.05
8417,720,12,48324,30,22,0.7333333333333333,2,0.06666666666666667
8418,720,12,48324,40,23,0.575,3,0.075
8419,720,12,48324,50,24,0.48,3,0.06
8420,720,13,52351,10,8,0.8,1,0.1
8421,720,13,52351,20,17,0.85,1,0.05
8422,720,13,52351,30,23,0.7666666666666667,2,0.06666666666666667
8423,720,13,52351,40,23,0.575,3,0.075
8424,720,13,52351,50,24,0.48,3,0.06
8425,720,14,56378,10,8,0.8,1,0.1
8426,720,14,56378,20,17,0.85,1,0.05
8427,720,14,56378,30,23,0.7666666666666667,2,0.06666666666666667
8428,720,14,56378,40,23,0.575,3,0.075
8429,720,14,56378,50,24,0.48,3,0.06
8430,720,15,60405,10,8,0.8,1,0.1
8431,720,15,60405,20,17,0.85,1,0.05
8432,720,15,60405,30,23,0.7666666666666667,2,0.06666666666666667
8433,720,15,60405,40,23,0.575,3,0.075
8434,720,15,60405,50,24,0.48,3,0.06
8435,720,16,64432,10,8,0.8,1,0.1
8436,720,16,64432,20,17,0.85,1,0.05
8437,720,16,64432,30,20,0.6666666666666666,1,0.03333333333333333
8438,720,16,64432,40,22,0.55,1,0.025
8439,720,16,64432,50,23,0.46,3,0.06
8440,720,17,68459,10,8,0.8,1,0.1
8441,720,17,68459,20,18,0.9,1,0.05
8442,720,17,68459,30,20,0.6666666666666666,1,0.03333333333333333
8443,720,17,68459,40,22,0.55,2,0.05
8444,720,17,68459,50,23,0.46,3,0.06
8445,720,18,72486,10,8,0.8,1,0.1
8446,720,18,72486,20,17,0.85,1,0.05
8447,720,18,72486,30,20,0.6666666666666666,1,0.03333333333333333
8448,720,18,72486,40,22,0.55,2,0.05
8449,720,18,72486,50,23,0.46,3,0.06
8450,720,19,76513,10,8,0.8,1,0.1
8451,720,19,76513,20,17,0.85,1,0.05
8452,720,19,76513,30,20,0.6666666666666666,1,0.03333333333333333
8453,720,19,76513,40,22,0.55,2,0.05
8454,720,19,76513,50,23,0.46,3,0.06
8455,735,1,4027,10,2,0.2,0,0.0
8456,735,1,4027,20,4,0.2,0,0.0
8457,735,1,4027,30,5,0.16666666666666666,0,0.0
8458,735,1,4027,40,5,0.125,0,0.0
8459,735,1,4027,50,6,0.12,0,0.0
8460,735,2,8054,10,2,0.2,0,0.0
8461,735,2,8054,20,5,0.25,0,0.0
8462,735,2,8054,30,5,0.16666666666666666,0,0.0
8463,735,2,8054,40,5,0.125,0,0.0
8464,735,2,8054,50,6,0.12,0,0.0
8465,735,3,12081,10,2,0.2,0,0.0
8466,735,3,12081,20,5,0.25,0,0.0
8467,735,3,12081,30,5,0.16666666666666666,0,0.0
8468,735,3,12081,40,5,0.125,0,0.0
8469,735,3,12081,50,6,0.12,0,0.0
8470,735,4,16108,10,3,0.3,0,0.0
8471,735,4,16108,20,5,0.25,0,0.0
8472,735,4,16108,30,5,0.16666666666666666,0,0.0
8473,735,4,16108,40,5,0.125,0,0.0
8474,735,4,16108,50,6,0.12,0,0.0
8475,735,5,20135,10,4,0.4,0,0.0
8476,735,5,20135,20,5,0.25,0,0.0
8477,735,5,20135,30,5,0.16666666666666666,0,0.0
8478,735,5,20135,40,6,0.15,0,0.0
8479,735,5,20135,50,6,0.12,0,0.0
8480,735,6,24162,10,4,0.4,0,0.0
8481,735,6,24162,20,5,0.25,0,0.0
8482,735,6,24162,30,5,0.16666666666666666,0,0.0
8483,735,6,24162,40,6,0.15,0,0.0
8484,735,6,24162,50,6,0.12,0,0.0
8485,735,7,28189,10,4,0.4,0,0.0
8486,735,7,28189,20,5,0.25,0,0.0
8487,735,7,28189,30,5,0.16666666666666666,0,0.0
8488,735,7,28189,40,6,0.15,0,0.0
8489,735,7,28189,50,6,0.12,0,0.0
8490,735,8,32216,10,4,0.4,0,0.0
8491,735,8,32216,20,5,0.25,0,0.0
8492,735,8,32216,30,5,0.16666666666666666,0,0.0
8493,735,8,32216,40,6,0.15,0,0.0
8494,735,8,32216,50,6,0.12,0,0.0
8495,735,9,36243,10,4,0.4,0,0.0
8496,735,9,36243,20,5,0.25,0,0.0
8497,735,9,36243,30,5,0.16666666666666666,0,0.0
8498,735,9,36243,40,6,0.15,0,0.0
8499,735,9,36243,50,6,0.12,0,0.0
8500,735,10,40270,10,4,0.4,0,0.0
8501,735,10,40270,20,5,0.25,0,0.0
8502,735,10,40270,30,5,0.16666666666666666,0,0.0
8503,735,10,40270,40,6,0.15,0,0.0
8504,735,10,40270,50,6,0.12,0,0.0
8505,735,11,44297,10,4,0.4,0,0.0
8506,735,11,44297,20,5,0.25,0,0.0
8507,735,11,44297,30,5,0.16666666666666666,0,0.0
8508,735,11,44297,40,6,0.15,0,0.0
8509,735,11,44297,50,6,0.12,0,0.0
8510,735,12,48324,10,4,0.4,0,0.0
8511,735,12,48324,20,5,0.25,0,0.0
8512,735,12,48324,30,5,0.16666666666666666,0,0.0
8513,735,12,48324,40,6,0.15,0,0.0
8514,735,12,48324,50,6,0.12,0,0.0
8515,735,13,52351,10,4,0.4,0,0.0
8516,735,13,52351,20,5,0.25,0,0.0
8517,735,13,52351,30,5,0.16666666666666666,0,0.0
8518,735,13,52351,40,6,0.15,0,0.0
8519,735,13,52351,50,6,0.12,0,0.0
8520,735,14,56378,10,4,0.4,0,0.0
8521,735,14,56378,20,5,0.25,0,0.0
8522,735,14,56378,30,5,0.16666666666666666,0,0.0
8523,735,14,56378,40,6,0.15,0,0.0
8524,735,14,56378,50,6,0.12,0,0.0
8525,735,15,60405,10,4,0.4,0,0.0
8526,735,15,60405,20,5,0.25,0,0.0
8527,735,15,60405,30,5,0.16666666666666666,0,0.0
8528,735,15,60405,40,6,0.15,0,0.0
8529,735,15,60405,50,6,0.12,0,0.0
8530,735,16,64432,10,4,0.4,0,0.0
8531,735,16,64432,20,5,0.25,0,0.0
8532,735,16,64432,30,5,0.16666666666666666,0,0.0
8533,735,16,64432,40,6,0.15,0,0.0
8534,735,16,64432,50,6,0.12,0,0.0
8535,735,17,68459,10,4,0.4,0,0.0
8536,735,17,68459,20,5,0.25,0,0.0
8537,735,17,68459,30,6,0.2,0,0.0
8538,735,17,68459,40,6,0.15,0,0.0
8539,735,17,68459,50,6,0.12,0,0.0
8540,735,18,72486,10,4,0.4,0,0.0
8541,735,18,72486,20,5,0.25,0,0.0
8542,735,18,72486,30,6,0.2,0,0.0
8543,735,18,72486,40,6,0.15,0,0.0
8544,735,18,72486,50,6,0.12,0,0.0
8545,735,19,76513,10,4,0.4,0,0.0
8546,735,19,76513,20,5,0.25,0,0.0
8547,735,19,76513,30,6,0.2,0,0.0
8548,735,19,76513,40,6,0.15,0,0.0
8549,735,19,76513,50,6,0.12,0,0.0
8550,762,1,4027,10,0,0.0,0,0.0
8551,762,1,4027,20,0,0.0,0,0.0
8552,762,1,4027,30,0,0.0,0,0.0
8553,762,1,4027,40,0,0.0,0,0.0
8554,762,1,4027,50,0,0.0,0,0.0
8555,762,2,8054,10,0,0.0,0,0.0
8556,762,2,8054,20,0,0.0,0,0.0
8557,762,2,8054,30,0,0.0,0,0.0
8558,762,2,8054,40,0,0.0,0,0.0
8559,762,2,8054,50,0,0.0,0,0.0
8560,762,3,12081,10,0,0.0,0,0.0
8561,762,3,12081,20,0,0.0,0,0.0
8562,762,3,12081,30,0,0.0,0,0.0
8563,762,3,12081,40,0,0.0,0,0.0
8564,762,3,12081,50,0,0.0,0,0.0
8565,762,4,16108,10,0,0.0,0,0.0
8566,762,4,16108,20,0,0.0,0,0.0
8567,762,4,16108,30,0,0.0,0,0.0
8568,762,4,16108,40,0,0.0,0,0.0
8569,762,4,16108,50,0,0.0,0,0.0
8570,762,5,20135,10,0,0.0,0,0.0
8571,762,5,20135,20,0,0.0,0,0.0
8572,762,5,20135,30,0,0.0,0,0.0
8573,762,5,20135,40,0,0.0,0,0.0
8574,762,5,20135,50,0,0.0,0,0.0
8575,762,6,24162,10,0,0.0,0,0.0
8576,762,6,24162,20,0,0.0,0,0.0
8577,762,6,24162,30,0,0.0,0,0.0
8578,762,6,24162,40,0,0.0,0,0.0
8579,762,6,24162,50,0,0.0,0,0.0
8580,762,7,28189,10,0,0.0,0,0.0
8581,762,7,28189,20,0,0.0,0,0.0
8582,762,7,28189,30,0,0.0,0,0.0
8583,762,7,28189,40,0,0.0,0,0.0
8584,762,7,28189,50,0,0.0,0,0.0
8585,762,8,32216,10,0,0.0,0,0.0
8586,762,8,32216,20,0,0.0,0,0.0
8587,762,8,32216,30,0,0.0,0,0.0
8588,762,8,32216,40,0,0.0,0,0.0
8589,762,8,32216,50,0,0.0,0,0.0
8590,762,9,36243,10,0,0.0,0,0.0
8591,762,9,36243,20,0,0.0,0,0.0
8592,762,9,36243,30,0,0.0,0,0.0
8593,762,9,36243,40,0,0.0,0,0.0
8594,762,9,36243,50,0,0.0,0,0.0
8595,762,10,40270,10,0,0.0,0,0.0
8596,762,10,40270,20,0,0.0,0,0.0
8597,762,10,40270,30,0,0.0,0,0.0
8598,762,10,40270,40,0,0.0,0,0.0
8599,762,10,40270,50,0,0.0,0,0.0
8600,762,11,44297,10,0,0.0,0,0.0
8601,762,11,44297,20,0,0.0,0,0.0
8602,762,11,44297,30,0,0.0,0,0.0
8603,762,11,44297,40,0,0.0,0,0.0
8604,762,11,44297,50,0,0.0,0,0.0
8605,762,12,48324,10,0,0.0,0,0.0
8606,762,12,48324,20,0,0.0,0,0.0
8607,762,12,48324,30,0,0.0,0,0.0
8608,762,12,48324,40,0,0.0,0,0.0
8609,762,12,48324,50,0,0.0,0,0.0
8610,762,13,52351,10,0,0.0,0,0.0
8611,762,13,52351,20,0,0.0,0,0.0
8612,762,13,52351,30,0,0.0,0,0.0
8613,762,13,52351,40,0,0.0,0,0.0
8614,762,13,52351,50,0,0.0,0,0.0
8615,762,14,56378,10,0,0.0,0,0.0
8616,762,14,56378,20,0,0.0,0,0.0
8617,762,14,56378,30,0,0.0,0,0.0
8618,762,14,56378,40,0,0.0,0,0.0
8619,762,14,56378,50,0,0.0,0,0.0
8620,762,15,60405,10,0,0.0,0,0.0
8621,762,15,60405,20,0,0.0,0,0.0
8622,762,15,60405,30,0,0.0,0,0.0
8623,762,15,60405,40,0,0.0,0,0.0
8624,762,15,60405,50,1,0.02,0,0.0
8625,762,16,64432,10,0,0.0,0,0.0
8626,762,16,64432,20,0,0.0,0,0.0
8627,762,16,64432,30,0,0.0,0,0.0
8628,762,16,64432,40,0,0.0,0,0.0
8629,762,16,64432,50,1,0.02,0,0.0
8630,762,17,68459,10,0,0.0,0,0.0
8631,762,17,68459,20,0,0.0,0,0.0
8632,762,17,68459,30,0,0.0,0,0.0
8633,762,17,68459,40,0,0.0,0,0.0
8634,762,17,68459,50,1,0.02,0,0.0
8635,762,18,72486,10,0,0.0,0,0.0
8636,762,18,72486,20,0,0.0,0,0.0
8637,762,18,72486,30,0,0.0,0,0.0
8638,762,18,72486,40,0,0.0,0,0.0
8639,762,18,72486,50,1,0.02,0,0.0
8640,762,19,76513,10,0,0.0,0,0.0
8641,762,19,76513,20,0,0.0,0,0.0
8642,762,19,76513,30,0,0.0,0,0.0
8643,762,19,76513,40,0,0.0,0,0.0
8644,762,19,76513,50,1,0.02,0,0.0
8645,792,1,4027,10,0,0.0,0,0.0
8646,792,1,4027,20,1,0.05,0,0.0
8647,792,1,4027,30,2,0.06666666666666667,0,0.0
8648,792,1,4027,40,2,0.05,0,0.0
8649,792,1,4027,50,2,0.04,0,0.0
8650,792,2,8054,10,0,0.0,1,0.1
8651,792,2,8054,20,1,0.05,1,0.05
8652,792,2,8054,30,2,0.06666666666666667,1,0.03333333333333333
8653,792,2,8054,40,4,0.1,2,0.05
8654,792,2,8054,50,6,0.12,2,0.04
8655,792,3,12081,10,0,0.0,1,0.1
8656,792,3,12081,20,0,0.0,1,0.05
8657,792,3,12081,30,2,0.06666666666666667,1,0.03333333333333333
8658,792,3,12081,40,3,0.075,1,0.025
8659,792,3,12081,50,3,0.06,1,0.02
8660,792,4,16108,10,0,0.0,0,0.0
8661,792,4,16108,20,1,0.05,1,0.05
8662,792,4,16108,30,2,0.06666666666666667,1,0.03333333333333333
8663,792,4,16108,40,2,0.05,1,0.025
8664,792,4,16108,50,3,0.06,1,0.02
8665,792,5,20135,10,0,0.0,0,0.0
8666,792,5,20135,20,2,0.1,1,0.05
8667,792,5,20135,30,2,0.06666666666666667,1,0.03333333333333333
8668,792,5,20135,40,2,0.05,1,0.025
8669,792,5,20135,50,3,0.06,1,0.02
8670,792,6,24162,10,0,0.0,0,0.0
8671,792,6,24162,20,0,0.0,0,0.0
8672,792,6,24162,30,2,0.06666666666666667,0,0.0
8673,792,6,24162,40,2,0.05,1,0.025
8674,792,6,24162,50,2,0.04,1,0.02
8675,792,7,28189,10,0,0.0,0,0.0
8676,792,7,28189,20,2,0.1,0,0.0
8677,792,7,28189,30,2,0.06666666666666667,0,0.0
8678,792,7,28189,40,2,0.05,1,0.025
8679,792,7,28189,50,3,0.06,1,0.02
8680,792,8,32216,10,0,0.0,0,0.0
8681,792,8,32216,20,1,0.05,0,0.0
8682,792,8,32216,30,2,0.06666666666666667,0,0.0
8683,792,8,32216,40,2,0.05,0,0.0
8684,792,8,32216,50,3,0.06,0,0.0
8685,792,9,36243,10,0,0.0,0,0.0
8686,792,9,36243,20,1,0.05,0,0.0
8687,792,9,36243,30,2,0.06666666666666667,0,0.0
8688,792,9,36243,40,2,0.05,0,0.0
8689,792,9,36243,50,4,0.08,1,0.02
8690,792,10,40270,10,0,0.0,0,0.0
8691,792,10,40270,20,0,0.0,0,0.0
8692,792,10,40270,30,2,0.06666666666666667,0,0.0
8693,792,10,40270,40,2,0.05,0,0.0
8694,792,10,40270,50,2,0.04,0,0.0
8695,792,11,44297,10,0,0.0,0,0.0
8696,792,11,44297,20,0,0.0,0,0.0
8697,792,11,44297,30,1,0.03333333333333333,0,0.0
8698,792,11,44297,40,2,0.05,0,0.0
8699,792,11,44297,50,2,0.04,0,0.0
8700,792,12,48324,10,0,0.0,0,0.0
8701,792,12,48324,20,0,0.0,0,0.0
8702,792,12,48324,30,2,0.06666666666666667,0,0.0
8703,792,12,48324,40,2,0.05,0,0.0
8704,792,12,48324,50,2,0.04,0,0.0
8705,792,13,52351,10,0,0.0,0,0.0
8706,792,13,52351,20,0,0.0,0,0.0
8707,792,13,52351,30,2,0.06666666666666667,0,0.0
8708,792,13,52351,40,2,0.05,0,0.0
8709,792,13,52351,50,2,0.04,0,0.0
8710,792,14,56378,10,0,0.0,0,0.0
8711,792,14,56378,20,0,0.0,0,0.0
8712,792,14,56378,30,1,0.03333333333333333,0,0.0
8713,792,14,56378,40,2,0.05,0,0.0
8714,792,14,56378,50,2,0.04,0,0.0
8715,792,15,60405,10,0,0.0,0,0.0
8716,792,15,60405,20,0,0.0,0,0.0
8717,792,15,60405,30,1,0.03333333333333333,0,0.0
8718,792,15,60405,40,2,0.05,0,0.0
8719,792,15,60405,50,2,0.04,0,0.0
8720,792,16,64432,10,0,0.0,0,0.0
8721,792,16,64432,20,0,0.0,0,0.0
8722,792,16,64432,30,1,0.03333333333333333,0,0.0
8723,792,16,64432,40,2,0.05,0,0.0
8724,792,16,64432,50,2,0.04,0,0.0
8725,792,17,68459,10,0,0.0,0,0.0
8726,792,17,68459,20,0,0.0,0,0.0
8727,792,17,68459,30,1,0.03333333333333333,0,0.0
8728,792,17,68459,40,2,0.05,0,0.0
8729,792,17,68459,50,2,0.04,0,0.0
8730,792,18,72486,10,0,0.0,0,0.0
8731,792,18,72486,20,2,0.1,0,0.0
8732,792,18,72486,30,2,0.06666666666666667,0,0.0
8733,792,18,72486,40,2,0.05,0,0.0
8734,792,18,72486,50,2,0.04,0,0.0
8735,792,19,76513,10,2,0.2,0,0.0
8736,792,19,76513,20,2,0.1,0,0.0
8737,792,19,76513,30,2,0.06666666666666667,0,0.0
8738,792,19,76513,40,2,0.05,0,0.0
8739,792,19,76513,50,2,0.04,0,0.0
8740,817,1,4027,10,0,0.0,0,0.0
8741,817,1,4027,20,0,0.0,0,0.0
8742,817,1,4027,30,0,0.0,0,0.0
8743,817,1,4027,40,0,0.0,0,0.0
8744,817,1,4027,50,0,0.0,0,0.0
8745,817,2,8054,10,0,0.0,0,0.0
8746,817,2,8054,20,0,0.0,0,0.0
8747,817,2,8054,30,0,0.0,0,0.0
8748,817,2,8054,40,0,0.0,0,0.0
8749,817,2,8054,50,0,0.0,0,0.0
8750,817,3,12081,10,0,0.0,0,0.0
8751,817,3,12081,20,0,0.0,0,0.0
8752,817,3,12081,30,0,0.0,0,0.0
8753,817,3,12081,40,0,0.0,0,0.0
8754,817,3,12081,50,0,0.0,0,0.0
8755,817,4,16108,10,0,0.0,0,0.0
8756,817,4,16108,20,0,0.0,0,0.0
8757,817,4,16108,30,0,0.0,0,0.0
8758,817,4,16108,40,0,0.0,0,0.0
8759,817,4,16108,50,0,0.0,0,0.0
8760,817,5,20135,10,0,0.0,0,0.0
8761,817,5,20135,20,0,0.0,0,0.0
8762,817,5,20135,30,0,0.0,0,0.0
8763,817,5,20135,40,0,0.0,0,0.0
8764,817,5,20135,50,0,0.0,0,0.0
8765,817,6,24162,10,0,0.0,0,0.0
8766,817,6,24162,20,0,0.0,0,0.0
8767,817,6,24162,30,0,0.0,0,0.0
8768,817,6,24162,40,0,0.0,0,0.0
8769,817,6,24162,50,0,0.0,0,0.0
8770,817,7,28189,10,0,0.0,0,0.0
8771,817,7,28189,20,0,0.0,0,0.0
8772,817,7,28189,30,0,0.0,0,0.0
8773,817,7,28189,40,0,0.0,0,0.0
8774,817,7,28189,50,0,0.0,0,0.0
8775,817,8,32216,10,0,0.0,0,0.0
8776,817,8,32216,20,0,0.0,0,0.0
8777,817,8,32216,30,0,0.0,0,0.0
8778,817,8,32216,40,0,0.0,0,0.0
8779,817,8,32216,50,0,0.0,0,0.0
8780,817,9,36243,10,0,0.0,0,0.0
8781,817,9,36243,20,0,0.0,0,0.0
8782,817,9,36243,30,0,0.0,0,0.0
8783,817,9,36243,40,0,0.0,0,0.0
8784,817,9,36243,50,0,0.0,0,0.0
8785,817,10,40270,10,0,0.0,0,0.0
8786,817,10,40270,20,0,0.0,0,0.0
8787,817,10,40270,30,0,0.0,0,0.0
8788,817,10,40270,40,0,0.0,0,0.0
8789,817,10,40270,50,0,0.0,0,0.0
8790,817,11,44297,10,0,0.0,0,0.0
8791,817,11,44297,20,0,0.0,0,0.0
8792,817,11,44297,30,0,0.0,0,0.0
8793,817,11,44297,40,0,0.0,0,0.0
8794,817,11,44297,50,0,0.0,0,0.0
8795,817,12,48324,10,0,0.0,0,0.0
8796,817,12,48324,20,0,0.0,0,0.0
8797,817,12,48324,30,0,0.0,0,0.0
8798,817,12,48324,40,0,0.0,0,0.0
8799,817,12,48324,50,0,0.0,0,0.0
8800,817,13,52351,10,0,0.0,0,0.0
8801,817,13,52351,20,0,0.0,0,0.0
8802,817,13,52351,30,0,0.0,0,0.0
8803,817,13,52351,40,0,0.0,0,0.0
8804,817,13,52351,50,0,0.0,0,0.0
8805,817,14,56378,10,0,0.0,0,0.0
8806,817,14,56378,20,0,0.0,0,0.0
8807,817,14,56378,30,0,0.0,0,0.0
8808,817,14,56378,40,0,0.0,0,0.0
8809,817,14,56378,50,0,0.0,0,0.0
8810,817,15,60405,10,0,0.0,0,0.0
8811,817,15,60405,20,0,0.0,0,0.0
8812,817,15,60405,30,0,0.0,0,0.0
8813,817,15,60405,40,0,0.0,0,0.0
8814,817,15,60405,50,0,0.0,0,0.0
8815,817,16,64432,10,0,0.0,0,0.0
8816,817,16,64432,20,0,0.0,0,0.0
8817,817,16,64432,30,0,0.0,0,0.0
8818,817,16,64432,40,0,0.0,0,0.0
8819,817,16,64432,50,0,0.0,0,0.0
8820,817,17,68459,10,0,0.0,0,0.0
8821,817,17,68459,20,0,0.0,0,0.0
8822,817,17,68459,30,0,0.0,0,0.0
8823,817,17,68459,40,0,0.0,0,0.0
8824,817,17,68459,50,0,0.0,0,0.0
8825,817,18,72486,10,0,0.0,0,0.0
8826,817,18,72486,20,0,0.0,0,0.0
8827,817,18,72486,30,0,0.0,0,0.0
8828,817,18,72486,40,0,0.0,0,0.0
8829,817,18,72486,50,0,0.0,0,0.0
8830,817,19,76513,10,0,0.0,0,0.0
8831,817,19,76513,20,0,0.0,0,0.0
8832,817,19,76513,30,0,0.0,0,0.0
8833,817,19,76513,40,0,0.0,0,0.0
8834,817,19,76513,50,0,0.0,0,0.0
8835,819,1,4027,10,1,0.1,0,0.0
8836,819,1,4027,20,1,0.05,0,0.0
8837,819,1,4027,30,3,0.1,0,0.0
8838,819,1,4027,40,3,0.075,0,0.0
8839,819,1,4027,50,3,0.06,1,0.02
8840,819,2,8054,10,1,0.1,0,0.0
8841,819,2,8054,20,1,0.05,0,0.0
8842,819,2,8054,30,2,0.06666666666666667,0,0.0
8843,819,2,8054,40,3,0.075,0,0.0
8844,819,2,8054,50,3,0.06,1,0.02
8845,819,3,12081,10,1,0.1,0,0.0
8846,819,3,12081,20,1,0.05,0,0.0
8847,819,3,12081,30,2,0.06666666666666667,0,0.0
8848,819,3,12081,40,3,0.075,1,0.025
8849,819,3,12081,50,3,0.06,1,0.02
8850,819,4,16108,10,1,0.1,0,0.0
8851,819,4,16108,20,1,0.05,0,0.0
8852,819,4,16108,30,2,0.06666666666666667,0,0.0
8853,819,4,16108,40,2,0.05,1,0.025
8854,819,4,16108,50,3,0.06,1,0.02
8855,819,5,20135,10,1,0.1,0,0.0
8856,819,5,20135,20,1,0.05,0,0.0
8857,819,5,20135,30,1,0.03333333333333333,0,0.0
8858,819,5,20135,40,2,0.05,1,0.025
8859,819,5,20135,50,3,0.06,1,0.02
8860,819,6,24162,10,1,0.1,0,0.0
8861,819,6,24162,20,1,0.05,0,0.0
8862,819,6,24162,30,1,0.03333333333333333,0,0.0
8863,819,6,24162,40,2,0.05,1,0.025
8864,819,6,24162,50,3,0.06,1,0.02
8865,819,7,28189,10,1,0.1,0,0.0
8866,819,7,28189,20,1,0.05,0,0.0
8867,819,7,28189,30,1,0.03333333333333333,0,0.0
8868,819,7,28189,40,2,0.05,1,0.025
8869,819,7,28189,50,3,0.06,1,0.02
8870,819,8,32216,10,1,0.1,0,0.0
8871,819,8,32216,20,1,0.05,0,0.0
8872,819,8,32216,30,2,0.06666666666666667,0,0.0
8873,819,8,32216,40,2,0.05,1,0.025
8874,819,8,32216,50,3,0.06,1,0.02
8875,819,9,36243,10,1,0.1,0,0.0
8876,819,9,36243,20,1,0.05,0,0.0
8877,819,9,36243,30,2,0.06666666666666667,0,0.0
8878,819,9,36243,40,2,0.05,1,0.025
8879,819,9,36243,50,2,0.04,1,0.02
8880,819,10,40270,10,1,0.1,0,0.0
8881,819,10,40270,20,1,0.05,0,0.0
8882,819,10,40270,30,2,0.06666666666666667,0,0.0
8883,819,10,40270,40,2,0.05,1,0.025
8884,819,10,40270,50,3,0.06,1,0.02
8885,819,11,44297,10,1,0.1,0,0.0
8886,819,11,44297,20,1,0.05,0,0.0
8887,819,11,44297,30,2,0.06666666666666667,0,0.0
8888,819,11,44297,40,2,0.05,1,0.025
8889,819,11,44297,50,3,0.06,1,0.02
8890,819,12,48324,10,1,0.1,0,0.0
8891,819,12,48324,20,1,0.05,0,0.0
8892,819,12,48324,30,2,0.06666666666666667,0,0.0
8893,819,12,48324,40,2,0.05,1,0.025
8894,819,12,48324,50,3,0.06,1,0.02
8895,819,13,52351,10,1,0.1,0,0.0
8896,819,13,52351,20,1,0.05,0,0.0
8897,819,13,52351,30,2,0.06666666666666667,0,0.0
8898,819,13,52351,40,2,0.05,1,0.025
8899,819,13,52351,50,3,0.06,1,0.02
8900,819,14,56378,10,1,0.1,0,0.0
8901,819,14,56378,20,1,0.05,0,0.0
8902,819,14,56378,30,2,0.06666666666666667,0,0.0
8903,819,14,56378,40,2,0.05,1,0.025
8904,819,14,56378,50,3,0.06,1,0.02
8905,819,15,60405,10,1,0.1,0,0.0
8906,819,15,60405,20,1,0.05,0,0.0
8907,819,15,60405,30,2,0.06666666666666667,0,0.0
8908,819,15,60405,40,2,0.05,1,0.025
8909,819,15,60405,50,3,0.06,1,0.02
8910,819,16,64432,10,1,0.1,0,0.0
8911,819,16,64432,20,1,0.05,0,0.0
8912,819,16,64432,30,2,0.06666666666666667,0,0.0
8913,819,16,64432,40,2,0.05,1,0.025
8914,819,16,64432,50,3,0.06,1,0.02
8915,819,17,68459,10,1,0.1,0,0.0
8916,819,17,68459,20,1,0.05,0,0.0
8917,819,17,68459,30,2,0.06666666666666667,0,0.0
8918,819,17,68459,40,2,0.05,1,0.025
8919,819,17,68459,50,3,0.06,1,0.02
8920,819,18,72486,10,1,0.1,0,0.0
8921,819,18,72486,20,1,0.05,0,0.0
8922,819,18,72486,30,2,0.06666666666666667,0,0.0
8923,819,18,72486,40,2,0.05,1,0.025
8924,819,18,72486,50,3,0.06,1,0.02
8925,819,19,76513,10,1,0.1,0,0.0
8926,819,19,76513,20,1,0.05,0,0.0
8927,819,19,76513,30,2,0.06666666666666667,0,0.0
8928,819,19,76513,40,3,0.075,1,0.025
8929,819,19,76513,50,3,0.06,1,0.02
8930,857,1,4027,10,0,0.0,1,0.1
8931,857,1,4027,20,0,0.0,1,0.05
8932,857,1,4027,30,0,0.0,1,0.03333333333333333
8933,857,1,4027,40,0,0.0,1,0.025
8934,857,1,4027,50,0,0.0,1,0.02
8935,857,2,8054,10,0,0.0,1,0.1
8936,857,2,8054,20,0,0.0,1,0.05
8937,857,2,8054,30,0,0.0,1,0.03333333333333333
8938,857,2,8054,40,0,0.0,1,0.025
8939,857,2,8054,50,0,0.0,1,0.02
8940,857,3,12081,10,0,0.0,1,0.1
8941,857,3,12081,20,0,0.0,1,0.05
8942,857,3,12081,30,0,0.0,1,0.03333333333333333
8943,857,3,12081,40,0,0.0,1,0.025
8944,857,3,12081,50,0,0.0,1,0.02
8945,857,4,16108,10,0,0.0,1,0.1
8946,857,4,16108,20,0,0.0,1,0.05
8947,857,4,16108,30,0,0.0,1,0.03333333333333333
8948,857,4,16108,40,0,0.0,1,0.025
8949,857,4,16108,50,0,0.0,1,0.02
8950,857,5,20135,10,0,0.0,1,0.1
8951,857,5,20135,20,0,0.0,1,0.05
8952,857,5,20135,30,0,0.0,1,0.03333333333333333
8953,857,5,20135,40,0,0.0,1,0.025
8954,857,5,20135,50,0,0.0,1,0.02
8955,857,6,24162,10,0,0.0,1,0.1
8956,857,6,24162,20,0,0.0,1,0.05
8957,857,6,24162,30,0,0.0,1,0.03333333333333333
8958,857,6,24162,40,0,0.0,1,0.025
8959,857,6,24162,50,0,0.0,1,0.02
8960,857,7,28189,10,0,0.0,1,0.1
8961,857,7,28189,20,0,0.0,1,0.05
8962,857,7,28189,30,0,0.0,1,0.03333333333333333
8963,857,7,28189,40,0,0.0,1,0.025
8964,857,7,28189,50,0,0.0,1,0.02
8965,857,8,32216,10,0,0.0,1,0.1
8966,857,8,32216,20,0,0.0,1,0.05
8967,857,8,32216,30,0,0.0,1,0.03333333333333333
8968,857,8,32216,40,0,0.0,1,0.025
8969,857,8,32216,50,0,0.0,1,0.02
8970,857,9,36243,10,0,0.0,1,0.1
8971,857,9,36243,20,0,0.0,1,0.05
8972,857,9,36243,30,0,0.0,1,0.03333333333333333
8973,857,9,36243,40,0,0.0,1,0.025
8974,857,9,36243,50,0,0.0,1,0.02
8975,857,10,40270,10,0,0.0,1,0.1
8976,857,10,40270,20,0,0.0,1,0.05
8977,857,10,40270,30,0,0.0,1,0.03333333333333333
8978,857,10,40270,40,0,0.0,1,0.025
8979,857,10,40270,50,0,0.0,1,0.02
8980,857,11,44297,10,0,0.0,1,0.1
8981,857,11,44297,20,0,0.0,1,0.05
8982,857,11,44297,30,0,0.0,1,0.03333333333333333
8983,857,11,44297,40,0,0.0,1,0.025
8984,857,11,44297,50,0,0.0,1,0.02
8985,857,12,48324,10,0,0.0,1,0.1
8986,857,12,48324,20,0,0.0,1,0.05
8987,857,12,48324,30,0,0.0,1,0.03333333333333333
8988,857,12,48324,40,0,0.0,1,0.025
8989,857,12,48324,50,0,0.0,1,0.02
8990,857,13,52351,10,0,0.0,1,0.1
8991,857,13,52351,20,0,0.0,1,0.05
8992,857,13,52351,30,0,0.0,1,0.03333333333333333
8993,857,13,52351,40,0,0.0,1,0.025
8994,857,13,52351,50,0,0.0,1,0.02
8995,857,14,56378,10,0,0.0,1,0.1
8996,857,14,56378,20,0,0.0,1,0.05
8997,857,14,56378,30,0,0.0,1,0.03333333333333333
8998,857,14,56378,40,0,0.0,1,0.025
8999,857,14,56378,50,0,0.0,1,0.02
9000,857,15,60405,10,0,0.0,1,0.1
9001,857,15,60405,20,0,0.0,1,0.05
9002,857,15,60405,30,0,0.0,1,0.03333333333333333
9003,857,15,60405,40,0,0.0,1,0.025
9004,857,15,60405,50,0,0.0,1,0.02
9005,857,16,64432,10,0,0.0,1,0.1
9006,857,16,64432,20,0,0.0,1,0.05
9007,857,16,64432,30,0,0.0,1,0.03333333333333333
9008,857,16,64432,40,0,0.0,1,0.025
9009,857,16,64432,50,0,0.0,1,0.02
9010,857,17,68459,10,0,0.0,1,0.1
9011,857,17,68459,20,0,0.0,1,0.05
9012,857,17,68459,30,0,0.0,1,0.03333333333333333
9013,857,17,68459,40,0,0.0,1,0.025
9014,857,17,68459,50,0,0.0,1,0.02
9015,857,18,72486,10,0,0.0,1,0.1
9016,857,18,72486,20,0,0.0,1,0.05
9017,857,18,72486,30,0,0.0,1,0.03333333333333333
9018,857,18,72486,40,0,0.0,1,0.025
9019,857,18,72486,50,0,0.0,1,0.02
9020,857,19,76513,10,0,0.0,1,0.1
9021,857,19,76513,20,0,0.0,1,0.05
9022,857,19,76513,30,0,0.0,1,0.03333333333333333
9023,857,19,76513,40,0,0.0,1,0.025
9024,857,19,76513,50,0,0.0,1,0.02
9025,859,1,4027,10,1,0.1,0,0.0
9026,859,1,4027,20,4,0.2,1,0.05
9027,859,1,4027,30,5,0.16666666666666666,2,0.06666666666666667
9028,859,1,4027,40,5,0.125,3,0.075
9029,859,1,4027,50,5,0.1,3,0.06
9030,859,2,8054,10,1,0.1,0,0.0
9031,859,2,8054,20,4,0.2,1,0.05
9032,859,2,8054,30,5,0.16666666666666666,2,0.06666666666666667
9033,859,2,8054,40,5,0.125,3,0.075
9034,859,2,8054,50,5,0.1,3,0.06
9035,859,3,12081,10,2,0.2,0,0.0
9036,859,3,12081,20,4,0.2,1,0.05
9037,859,3,12081,30,5,0.16666666666666666,2,0.06666666666666667
9038,859,3,12081,40,5,0.125,3,0.075
9039,859,3,12081,50,5,0.1,3,0.06
9040,859,4,16108,10,1,0.1,0,0.0
9041,859,4,16108,20,4,0.2,2,0.1
9042,859,4,16108,30,5,0.16666666666666666,2,0.06666666666666667
9043,859,4,16108,40,5,0.125,3,0.075
9044,859,4,16108,50,5,0.1,3,0.06
9045,859,5,20135,10,1,0.1,0,0.0
9046,859,5,20135,20,4,0.2,1,0.05
9047,859,5,20135,30,5,0.16666666666666666,2,0.06666666666666667
9048,859,5,20135,40,5,0.125,3,0.075
9049,859,5,20135,50,5,0.1,3,0.06
9050,859,6,24162,10,1,0.1,0,0.0
9051,859,6,24162,20,4,0.2,2,0.1
9052,859,6,24162,30,5,0.16666666666666666,2,0.06666666666666667
9053,859,6,24162,40,5,0.125,3,0.075
9054,859,6,24162,50,5,0.1,3,0.06
9055,859,7,28189,10,1,0.1,0,0.0
9056,859,7,28189,20,4,0.2,2,0.1
9057,859,7,28189,30,5,0.16666666666666666,2,0.06666666666666667
9058,859,7,28189,40,5,0.125,3,0.075
9059,859,7,28189,50,5,0.1,3,0.06
9060,859,8,32216,10,1,0.1,0,0.0
9061,859,8,32216,20,4,0.2,2,0.1
9062,859,8,32216,30,5,0.16666666666666666,2,0.06666666666666667
9063,859,8,32216,40,5,0.125,3,0.075
9064,859,8,32216,50,5,0.1,3,0.06
9065,859,9,36243,10,1,0.1,0,0.0
9066,859,9,36243,20,4,0.2,2,0.1
9067,859,9,36243,30,5,0.16666666666666666,2,0.06666666666666667
9068,859,9,36243,40,5,0.125,3,0.075
9069,859,9,36243,50,5,0.1,3,0.06
9070,859,10,40270,10,1,0.1,0,0.0
9071,859,10,40270,20,4,0.2,2,0.1
9072,859,10,40270,30,5,0.16666666666666666,2,0.06666666666666667
9073,859,10,40270,40,5,0.125,3,0.075
9074,859,10,40270,50,5,0.1,3,0.06
9075,859,11,44297,10,2,0.2,0,0.0
9076,859,11,44297,20,4,0.2,2,0.1
9077,859,11,44297,30,5,0.16666666666666666,2,0.06666666666666667
9078,859,11,44297,40,5,0.125,3,0.075
9079,859,11,44297,50,5,0.1,3,0.06
9080,859,12,48324,10,2,0.2,0,0.0
9081,859,12,48324,20,4,0.2,2,0.1
9082,859,12,48324,30,5,0.16666666666666666,2,0.06666666666666667
9083,859,12,48324,40,5,0.125,3,0.075
9084,859,12,48324,50,5,0.1,3,0.06
9085,859,13,52351,10,1,0.1,0,0.0
9086,859,13,52351,20,4,0.2,2,0.1
9087,859,13,52351,30,5,0.16666666666666666,2,0.06666666666666667
9088,859,13,52351,40,5,0.125,3,0.075
9089,859,13,52351,50,5,0.1,3,0.06
9090,859,14,56378,10,1,0.1,0,0.0
9091,859,14,56378,20,4,0.2,2,0.1
9092,859,14,56378,30,5,0.16666666666666666,2,0.06666666666666667
9093,859,14,56378,40,5,0.125,3,0.075
9094,859,14,56378,50,5,0.1,3,0.06
9095,859,15,60405,10,2,0.2,0,0.0
9096,859,15,60405,20,4,0.2,2,0.1
9097,859,15,60405,30,5,0.16666666666666666,2,0.06666666666666667
9098,859,15,60405,40,5,0.125,3,0.075
9099,859,15,60405,50,5,0.1,3,0.06
9100,859,16,64432,10,1,0.1,0,0.0
9101,859,16,64432,20,4,0.2,2,0.1
9102,859,16,64432,30,5,0.16666666666666666,2,0.06666666666666667
9103,859,16,64432,40,5,0.125,3,0.075
9104,859,16,64432,50,5,0.1,3,0.06
9105,859,17,68459,10,1,0.1,0,0.0
9106,859,17,68459,20,4,0.2,1,0.05
9107,859,17,68459,30,5,0.16666666666666666,2,0.06666666666666667
9108,859,17,68459,40,5,0.125,3,0.075
9109,859,17,68459,50,5,0.1,3,0.06
9110,859,18,72486,10,1,0.1,0,0.0
9111,859,18,72486,20,4,0.2,1,0.05
9112,859,18,72486,30,5,0.16666666666666666,2,0.06666666666666667
9113,859,18,72486,40,5,0.125,3,0.075
9114,859,18,72486,50,5,0.1,3,0.06
9115,859,19,76513,10,1,0.1,0,0.0
9116,859,19,76513,20,4,0.2,1,0.05
9117,859,19,76513,30,5,0.16666666666666666,2,0.06666666666666667
9118,859,19,76513,40,5,0.125,3,0.075
9119,859,19,76513,50,5,0.1,3,0.06
9120,860,1,4027,10,0,0.0,0,0.0
9121,860,1,4027,20,3,0.15,1,0.05
9122,860,1,4027,30,3,0.1,1,0.03333333333333333
9123,860,1,4027,40,7,0.175,1,0.025
9124,860,1,4027,50,10,0.2,2,0.04
9125,860,2,8054,10,0,0.0,0,0.0
9126,860,2,8054,20,3,0.15,1,0.05
9127,860,2,8054,30,3,0.1,1,0.03333333333333333
9128,860,2,8054,40,7,0.175,1,0.025
9129,860,2,8054,50,10,0.2,2,0.04
9130,860,3,12081,10,0,0.0,1,0.1
9131,860,3,12081,20,3,0.15,1,0.05
9132,860,3,12081,30,3,0.1,1,0.03333333333333333
9133,860,3,12081,40,8,0.2,1,0.025
9134,860,3,12081,50,10,0.2,2,0.04
9135,860,4,16108,10,0,0.0,1,0.1
9136,860,4,16108,20,3,0.15,1,0.05
9137,860,4,16108,30,3,0.1,1,0.03333333333333333
9138,860,4,16108,40,6,0.15,1,0.025
9139,860,4,16108,50,10,0.2,2,0.04
9140,860,5,20135,10,0,0.0,1,0.1
9141,860,5,20135,20,3,0.15,1,0.05
9142,860,5,20135,30,3,0.1,1,0.03333333333333333
9143,860,5,20135,40,6,0.15,1,0.025
9144,860,5,20135,50,10,0.2,2,0.04
9145,860,6,24162,10,0,0.0,1,0.1
9146,860,6,24162,20,3,0.15,1,0.05
9147,860,6,24162,30,3,0.1,1,0.03333333333333333
9148,860,6,24162,40,6,0.15,1,0.025
9149,860,6,24162,50,10,0.2,2,0.04
9150,860,7,28189,10,0,0.0,1,0.1
9151,860,7,28189,20,3,0.15,1,0.05
9152,860,7,28189,30,3,0.1,1,0.03333333333333333
9153,860,7,28189,40,6,0.15,1,0.025
9154,860,7,28189,50,10,0.2,2,0.04
9155,860,8,32216,10,1,0.1,0,0.0
9156,860,8,32216,20,3,0.15,1,0.05
9157,860,8,32216,30,3,0.1,1,0.03333333333333333
9158,860,8,32216,40,6,0.15,1,0.025
9159,860,8,32216,50,10,0.2,2,0.04
9160,860,9,36243,10,0,0.0,1,0.1
9161,860,9,36243,20,3,0.15,1,0.05
9162,860,9,36243,30,3,0.1,1,0.03333333333333333
9163,860,9,36243,40,7,0.175,1,0.025
9164,860,9,36243,50,10,0.2,2,0.04
9165,860,10,40270,10,0,0.0,1,0.1
9166,860,10,40270,20,3,0.15,1,0.05
9167,860,10,40270,30,3,0.1,1,0.03333333333333333
9168,860,10,40270,40,7,0.175,1,0.025
9169,860,10,40270,50,10,0.2,2,0.04
9170,860,11,44297,10,1,0.1,1,0.1
9171,860,11,44297,20,3,0.15,1,0.05
9172,860,11,44297,30,3,0.1,1,0.03333333333333333
9173,860,11,44297,40,7,0.175,1,0.025
9174,860,11,44297,50,10,0.2,2,0.04
9175,860,12,48324,10,2,0.2,0,0.0
9176,860,12,48324,20,3,0.15,1,0.05
9177,860,12,48324,30,3,0.1,1,0.03333333333333333
9178,860,12,48324,40,5,0.125,1,0.025
9179,860,12,48324,50,10,0.2,2,0.04
9180,860,13,52351,10,2,0.2,0,0.0
9181,860,13,52351,20,3,0.15,1,0.05
9182,860,13,52351,30,3,0.1,1,0.03333333333333333
9183,860,13,52351,40,5,0.125,1,0.025
9184,860,13,52351,50,10,0.2,2,0.04
9185,860,14,56378,10,2,0.2,0,0.0
9186,860,14,56378,20,3,0.15,1,0.05
9187,860,14,56378,30,3,0.1,1,0.03333333333333333
9188,860,14,56378,40,5,0.125,1,0.025
9189,860,14,56378,50,10,0.2,2,0.04
9190,860,15,60405,10,2,0.2,0,0.0
9191,860,15,60405,20,3,0.15,0,0.0
9192,860,15,60405,30,3,0.1,1,0.03333333333333333
9193,860,15,60405,40,5,0.125,1,0.025
9194,860,15,60405,50,10,0.2,2,0.04
9195,860,16,64432,10,2,0.2,0,0.0
9196,860,16,64432,20,3,0.15,0,0.0
9197,860,16,64432,30,3,0.1,1,0.03333333333333333
9198,860,16,64432,40,5,0.125,1,0.025
9199,860,16,64432,50,10,0.2,2,0.04
9200,860,17,68459,10,2,0.2,0,0.0
9201,860,17,68459,20,3,0.15,0,0.0
9202,860,17,68459,30,3,0.1,1,0.03333333333333333
9203,860,17,68459,40,5,0.125,1,0.025
9204,860,17,68459,50,10,0.2,1,0.02
9205,860,18,72486,10,2,0.2,0,0.0
9206,860,18,72486,20,3,0.15,0,0.0
9207,860,18,72486,30,3,0.1,0,0.0
9208,860,18,72486,40,4,0.1,1,0.025
9209,860,18,72486,50,10,0.2,1,0.02
9210,860,19,76513,10,2,0.2,0,0.0
9211,860,19,76513,20,3,0.15,0,0.0
9212,860,19,76513,30,3,0.1,0,0.0
9213,860,19,76513,40,5,0.125,1,0.025
9214,860,19,76513,50,10,0.2,1,0.02
9215,869,1,4027,10,0,0.0,0,0.0
9216,869,1,4027,20,0,0.0,0,0.0
9217,869,1,4027,30,0,0.0,0,0.0
9218,869,1,4027,40,0,0.0,0,0.0
9219,869,1,4027,50,0,0.0,0,0.0
9220,869,2,8054,10,0,0.0,0,0.0
9221,869,2,8054,20,0,0.0,0,0.0
9222,869,2,8054,30,0,0.0,0,0.0
9223,869,2,8054,40,0,0.0,0,0.0
9224,869,2,8054,50,0,0.0,0,0.0
9225,869,3,12081,10,0,0.0,0,0.0
9226,869,3,12081,20,0,0.0,0,0.0
9227,869,3,12081,30,0,0.0,0,0.0
9228,869,3,12081,40,0,0.0,0,0.0
9229,869,3,12081,50,1,0.02,1,0.02
9230,869,4,16108,10,0,0.0,0,0.0
9231,869,4,16108,20,0,0.0,0,0.0
9232,869,4,16108,30,0,0.0,0,0.0
9233,869,4,16108,40,0,0.0,0,0.0
9234,869,4,16108,50,1,0.02,1,0.02
9235,869,5,20135,10,0,0.0,0,0.0
9236,869,5,20135,20,0,0.0,0,0.0
9237,869,5,20135,30,0,0.0,0,0.0
9238,869,5,20135,40,0,0.0,0,0.0
9239,869,5,20135,50,1,0.02,1,0.02
9240,869,6,24162,10,0,0.0,0,0.0
9241,869,6,24162,20,0,0.0,0,0.0
9242,869,6,24162,30,0,0.0,0,0.0
9243,869,6,24162,40,0,0.0,0,0.0
9244,869,6,24162,50,1,0.02,1,0.02
9245,869,7,28189,10,0,0.0,0,0.0
9246,869,7,28189,20,0,0.0,0,0.0
9247,869,7,28189,30,0,0.0,0,0.0
9248,869,7,28189,40,0,0.0,0,0.0
9249,869,7,28189,50,1,0.02,1,0.02
9250,869,8,32216,10,0,0.0,0,0.0
9251,869,8,32216,20,0,0.0,0,0.0
9252,869,8,32216,30,0,0.0,0,0.0
9253,869,8,32216,40,0,0.0,0,0.0
9254,869,8,32216,50,1,0.02,1,0.02
9255,869,9,36243,10,0,0.0,0,0.0
9256,869,9,36243,20,0,0.0,0,0.0
9257,869,9,36243,30,0,0.0,0,0.0
9258,869,9,36243,40,0,0.0,0,0.0
9259,869,9,36243,50,0,0.0,1,0.02
9260,869,10,40270,10,0,0.0,0,0.0
9261,869,10,40270,20,0,0.0,0,0.0
9262,869,10,40270,30,0,0.0,0,0.0
9263,869,10,40270,40,0,0.0,0,0.0
9264,869,10,40270,50,0,0.0,1,0.02
9265,869,11,44297,10,0,0.0,0,0.0
9266,869,11,44297,20,0,0.0,0,0.0
9267,869,11,44297,30,0,0.0,0,0.0
9268,869,11,44297,40,0,0.0,0,0.0
9269,869,11,44297,50,0,0.0,1,0.02
9270,869,12,48324,10,0,0.0,0,0.0
9271,869,12,48324,20,0,0.0,0,0.0
9272,869,12,48324,30,0,0.0,0,0.0
9273,869,12,48324,40,0,0.0,0,0.0
9274,869,12,48324,50,0,0.0,1,0.02
9275,869,13,52351,10,0,0.0,0,0.0
9276,869,13,52351,20,0,0.0,0,0.0
9277,869,13,52351,30,0,0.0,0,0.0
9278,869,13,52351,40,0,0.0,0,0.0
9279,869,13,52351,50,0,0.0,1,0.02
9280,869,14,56378,10,0,0.0,0,0.0
9281,869,14,56378,20,0,0.0,0,0.0
9282,869,14,56378,30,0,0.0,0,0.0
9283,869,14,56378,40,0,0.0,0,0.0
9284,869,14,56378,50,0,0.0,1,0.02
9285,869,15,60405,10,0,0.0,0,0.0
9286,869,15,60405,20,0,0.0,0,0.0
9287,869,15,60405,30,0,0.0,0,0.0
9288,869,15,60405,40,0,0.0,0,0.0
9289,869,15,60405,50,0,0.0,1,0.02
9290,869,16,64432,10,0,0.0,0,0.0
9291,869,16,64432,20,0,0.0,0,0.0
9292,869,16,64432,30,0,0.0,0,0.0
9293,869,16,64432,40,0,0.0,0,0.0
9294,869,16,64432,50,0,0.0,1,0.02
9295,869,17,68459,10,0,0.0,0,0.0
9296,869,17,68459,20,0,0.0,0,0.0
9297,869,17,68459,30,0,0.0,0,0.0
9298,869,17,68459,40,0,0.0,0,0.0
9299,869,17,68459,50,0,0.0,1,0.02
9300,869,18,72486,10,0,0.0,0,0.0
9301,869,18,72486,20,0,0.0,0,0.0
9302,869,18,72486,30,0,0.0,0,0.0
9303,869,18,72486,40,0,0.0,0,0.0
9304,869,18,72486,50,0,0.0,1,0.02
9305,869,19,76513,10,0,0.0,0,0.0
9306,869,19,76513,20,0,0.0,0,0.0
9307,869,19,76513,30,0,0.0,0,0.0
9308,869,19,76513,40,0,0.0,0,0.0
9309,869,19,76513,50,0,0.0,1,0.02
9310,872,1,4027,10,4,0.4,1,0.1
9311,872,1,4027,20,7,0.35,2,0.1
9312,872,1,4027,30,9,0.3,2,0.06666666666666667
9313,872,1,4027,40,11,0.275,2,0.05
9314,872,1,4027,50,12,0.24,2,0.04
9315,872,2,8054,10,3,0.3,1,0.1
9316,872,2,8054,20,6,0.3,2,0.1
9317,872,2,8054,30,8,0.26666666666666666,2,0.06666666666666667
9318,872,2,8054,40,10,0.25,2,0.05
9319,872,2,8054,50,12,0.24,2,0.04
9320,872,3,12081,10,3,0.3,1,0.1
9321,872,3,12081,20,6,0.3,2,0.1
9322,872,3,12081,30,8,0.26666666666666666,2,0.06666666666666667
9323,872,3,12081,40,10,0.25,2,0.05
9324,872,3,12081,50,12,0.24,2,0.04
9325,872,4,16108,10,2,0.2,0,0.0
9326,872,4,16108,20,5,0.25,2,0.1
9327,872,4,16108,30,7,0.23333333333333334,2,0.06666666666666667
9328,872,4,16108,40,10,0.25,2,0.05
9329,872,4,16108,50,12,0.24,2,0.04
9330,872,5,20135,10,2,0.2,0,0.0
9331,872,5,20135,20,5,0.25,2,0.1
9332,872,5,20135,30,7,0.23333333333333334,2,0.06666666666666667
9333,872,5,20135,40,10,0.25,2,0.05
9334,872,5,20135,50,12,0.24,2,0.04
9335,872,6,24162,10,1,0.1,0,0.0
9336,872,6,24162,20,5,0.25,2,0.1
9337,872,6,24162,30,6,0.2,2,0.06666666666666667
9338,872,6,24162,40,10,0.25,2,0.05
9339,872,6,24162,50,12,0.24,2,0.04
9340,872,7,28189,10,1,0.1,0,0.0
9341,872,7,28189,20,5,0.25,2,0.1
9342,872,7,28189,30,6,0.2,2,0.06666666666666667
9343,872,7,28189,40,9,0.225,2,0.05
9344,872,7,28189,50,12,0.24,2,0.04
9345,872,8,32216,10,1,0.1,0,0.0
9346,872,8,32216,20,5,0.25,2,0.1
9347,872,8,32216,30,6,0.2,2,0.06666666666666667
9348,872,8,32216,40,9,0.225,2,0.05
9349,872,8,32216,50,12,0.24,2,0.04
9350,872,9,36243,10,1,0.1,0,0.0
9351,872,9,36243,20,5,0.25,2,0.1
9352,872,9,36243,30,6,0.2,2,0.06666666666666667
9353,872,9,36243,40,9,0.225,2,0.05
9354,872,9,36243,50,12,0.24,2,0.04
9355,872,10,40270,10,1,0.1,0,0.0
9356,872,10,40270,20,5,0.25,2,0.1
9357,872,10,40270,30,6,0.2,2,0.06666666666666667
9358,872,10,40270,40,9,0.225,2,0.05
9359,872,10,40270,50,12,0.24,2,0.04
9360,872,11,44297,10,1,0.1,0,0.0
9361,872,11,44297,20,5,0.25,2,0.1
9362,872,11,44297,30,6,0.2,2,0.06666666666666667
9363,872,11,44297,40,9,0.225,2,0.05
9364,872,11,44297,50,11,0.22,2,0.04
9365,872,12,48324,10,1,0.1,0,0.0
9366,872,12,48324,20,4,0.2,1,0.05
9367,872,12,48324,30,6,0.2,2,0.06666666666666667
9368,872,12,48324,40,8,0.2,2,0.05
9369,872,12,48324,50,11,0.22,2,0.04
9370,872,13,52351,10,1,0.1,0,0.0
9371,872,13,52351,20,4,0.2,1,0.05
9372,872,13,52351,30,6,0.2,2,0.06666666666666667
9373,872,13,52351,40,8,0.2,2,0.05
9374,872,13,52351,50,11,0.22,2,0.04
9375,872,14,56378,10,1,0.1,0,0.0
9376,872,14,56378,20,4,0.2,1,0.05
9377,872,14,56378,30,6,0.2,2,0.06666666666666667
9378,872,14,56378,40,8,0.2,2,0.05
9379,872,14,56378,50,11,0.22,2,0.04
9380,872,15,60405,10,1,0.1,0,0.0
9381,872,15,60405,20,4,0.2,1,0.05
9382,872,15,60405,30,6,0.2,2,0.06666666666666667
9383,872,15,60405,40,8,0.2,2,0.05
9384,872,15,60405,50,11,0.22,2,0.04
9385,872,16,64432,10,1,0.1,0,0.0
9386,872,16,64432,20,4,0.2,1,0.05
9387,872,16,64432,30,6,0.2,2,0.06666666666666667
9388,872,16,64432,40,8,0.2,2,0.05
9389,872,16,64432,50,11,0.22,2,0.04
9390,872,17,68459,10,1,0.1,0,0.0
9391,872,17,68459,20,4,0.2,1,0.05
9392,872,17,68459,30,6,0.2,2,0.06666666666666667
9393,872,17,68459,40,8,0.2,2,0.05
9394,872,17,68459,50,11,0.22,2,0.04
9395,872,18,72486,10,1,0.1,0,0.0
9396,872,18,72486,20,4,0.2,1,0.05
9397,872,18,72486,30,6,0.2,2,0.06666666666666667
9398,872,18,72486,40,8,0.2,2,0.05
9399,872,18,72486,50,11,0.22,2,0.04
9400,872,19,76513,10,1,0.1,0,0.0
9401,872,19,76513,20,4,0.2,1,0.05
9402,872,19,76513,30,6,0.2,2,0.06666666666666667
9403,872,19,76513,40,8,0.2,2,0.05
9404,872,19,76513,50,11,0.22,2,0.04
9405,885,1,4027,10,0,0.0,0,0.0
9406,885,1,4027,20,0,0.0,0,0.0
9407,885,1,4027,30,0,0.0,0,0.0
9408,885,1,4027,40,0,0.0,0,0.0
9409,885,1,4027,50,0,0.0,0,0.0
9410,885,2,8054,10,0,0.0,0,0.0
9411,885,2,8054,20,0,0.0,0,0.0
9412,885,2,8054,30,1,0.03333333333333333,0,0.0
9413,885,2,8054,40,1,0.025,0,0.0
9414,885,2,8054,50,1,0.02,0,0.0
9415,885,3,12081,10,0,0.0,0,0.0
9416,885,3,12081,20,0,0.0,0,0.0
9417,885,3,12081,30,0,0.0,0,0.0
9418,885,3,12081,40,0,0.0,0,0.0
9419,885,3,12081,50,1,0.02,0,0.0
9420,885,4,16108,10,0,0.0,0,0.0
9421,885,4,16108,20,0,0.0,0,0.0
9422,885,4,16108,30,0,0.0,0,0.0
9423,885,4,16108,40,0,0.0,0,0.0
9424,885,4,16108,50,0,0.0,0,0.0
9425,885,5,20135,10,0,0.0,0,0.0
9426,885,5,20135,20,0,0.0,0,0.0
9427,885,5,20135,30,0,0.0,0,0.0
9428,885,5,20135,40,1,0.025,1,0.025
9429,885,5,20135,50,1,0.02,2,0.04
9430,885,6,24162,10,0,0.0,0,0.0
9431,885,6,24162,20,0,0.0,0,0.0
9432,885,6,24162,30,0,0.0,0,0.0
9433,885,6,24162,40,0,0.0,0,0.0
9434,885,6,24162,50,1,0.02,2,0.04
9435,885,7,28189,10,0,0.0,0,0.0
9436,885,7,28189,20,0,0.0,0,0.0
9437,885,7,28189,30,0,0.0,0,0.0
9438,885,7,28189,40,1,0.025,2,0.05
9439,885,7,28189,50,1,0.02,2,0.04
9440,885,8,32216,10,0,0.0,0,0.0
9441,885,8,32216,20,0,0.0,0,0.0
9442,885,8,32216,30,0,0.0,0,0.0
9443,885,8,32216,40,0,0.0,0,0.0
9444,885,8,32216,50,0,0.0,0,0.0
9445,885,9,36243,10,0,0.0,0,0.0
9446,885,9,36243,20,0,0.0,0,0.0
9447,885,9,36243,30,0,0.0,0,0.0
9448,885,9,36243,40,0,0.0,0,0.0
9449,885,9,36243,50,0,0.0,1,0.02
9450,885,10,40270,10,0,0.0,0,0.0
9451,885,10,40270,20,0,0.0,0,0.0
9452,885,10,40270,30,0,0.0,0,0.0
9453,885,10,40270,40,0,0.0,0,0.0
9454,885,10,40270,50,0,0.0,0,0.0
9455,885,11,44297,10,0,0.0,0,0.0
9456,885,11,44297,20,0,0.0,0,0.0
9457,885,11,44297,30,0,0.0,0,0.0
9458,885,11,44297,40,0,0.0,0,0.0
9459,885,11,44297,50,1,0.02,0,0.0
9460,885,12,48324,10,0,0.0,0,0.0
9461,885,12,48324,20,0,0.0,0,0.0
9462,885,12,48324,30,0,0.0,0,0.0
9463,885,12,48324,40,0,0.0,0,0.0
9464,885,12,48324,50,1,0.02,1,0.02
9465,885,13,52351,10,0,0.0,0,0.0
9466,885,13,52351,20,0,0.0,0,0.0
9467,885,13,52351,30,0,0.0,0,0.0
9468,885,13,52351,40,0,0.0,0,0.0
9469,885,13,52351,50,1,0.02,1,0.02
9470,885,14,56378,10,0,0.0,0,0.0
9471,885,14,56378,20,0,0.0,0,0.0
9472,885,14,56378,30,0,0.0,0,0.0
9473,885,14,56378,40,0,0.0,0,0.0
9474,885,14,56378,50,0,0.0,0,0.0
9475,885,15,60405,10,0,0.0,0,0.0
9476,885,15,60405,20,0,0.0,0,0.0
9477,885,15,60405,30,0,0.0,0,0.0
9478,885,15,60405,40,0,0.0,0,0.0
9479,885,15,60405,50,1,0.02,1,0.02
9480,885,16,64432,10,0,0.0,0,0.0
9481,885,16,64432,20,0,0.0,0,0.0
9482,885,16,64432,30,0,0.0,0,0.0
9483,885,16,64432,40,0,0.0,0,0.0
9484,885,16,64432,50,1,0.02,1,0.02
9485,885,17,68459,10,0,0.0,0,0.0
9486,885,17,68459,20,0,0.0,0,0.0
9487,885,17,68459,30,0,0.0,0,0.0
9488,885,17,68459,40,0,0.0,0,0.0
9489,885,17,68459,50,0,0.0,0,0.0
9490,885,18,72486,10,0,0.0,0,0.0
9491,885,18,72486,20,0,0.0,0,0.0
9492,885,18,72486,30,0,0.0,0,0.0
9493,885,18,72486,40,0,0.0,0,0.0
9494,885,18,72486,50,0,0.0,0,0.0
9495,885,19,76513,10,0,0.0,0,0.0
9496,885,19,76513,20,0,0.0,0,0.0
9497,885,19,76513,30,0,0.0,0,0.0
9498,885,19,76513,40,0,0.0,0,0.0
9499,885,19,76513,50,2,0.04,1,0.02
9500,890,1,4027,10,3,0.3,0,0.0
9501,890,1,4027,20,3,0.15,0,0.0
9502,890,1,4027,30,3,0.1,0,0.0
9503,890,1,4027,40,3,0.075,0,0.0
9504,890,1,4027,50,3,0.06,0,0.0
9505,890,2,8054,10,3,0.3,0,0.0
9506,890,2,8054,20,3,0.15,0,0.0
9507,890,2,8054,30,3,0.1,0,0.0
9508,890,2,8054,40,3,0.075,0,0.0
9509,890,2,8054,50,3,0.06,0,0.0
9510,890,3,12081,10,3,0.3,0,0.0
9511,890,3,12081,20,3,0.15,0,0.0
9512,890,3,12081,30,3,0.1,0,0.0
9513,890,3,12081,40,3,0.075,0,0.0
9514,890,3,12081,50,3,0.06,0,0.0
9515,890,4,16108,10,3,0.3,0,0.0
9516,890,4,16108,20,3,0.15,0,0.0
9517,890,4,16108,30,3,0.1,0,0.0
9518,890,4,16108,40,3,0.075,0,0.0
9519,890,4,16108,50,3,0.06,0,0.0
9520,890,5,20135,10,3,0.3,0,0.0
9521,890,5,20135,20,3,0.15,0,0.0
9522,890,5,20135,30,3,0.1,0,0.0
9523,890,5,20135,40,3,0.075,0,0.0
9524,890,5,20135,50,3,0.06,0,0.0
9525,890,6,24162,10,3,0.3,0,0.0
9526,890,6,24162,20,3,0.15,0,0.0
9527,890,6,24162,30,3,0.1,0,0.0
9528,890,6,24162,40,3,0.075,0,0.0
9529,890,6,24162,50,3,0.06,0,0.0
9530,890,7,28189,10,3,0.3,0,0.0
9531,890,7,28189,20,3,0.15,0,0.0
9532,890,7,28189,30,3,0.1,0,0.0
9533,890,7,28189,40,3,0.075,0,0.0
9534,890,7,28189,50,3,0.06,0,0.0
9535,890,8,32216,10,3,0.3,0,0.0
9536,890,8,32216,20,3,0.15,0,0.0
9537,890,8,32216,30,3,0.1,0,0.0
9538,890,8,32216,40,3,0.075,0,0.0
9539,890,8,32216,50,3,0.06,0,0.0
9540,890,9,36243,10,3,0.3,0,0.0
9541,890,9,36243,20,3,0.15,0,0.0
9542,890,9,36243,30,3,0.1,0,0.0
9543,890,9,36243,40,3,0.075,0,0.0
9544,890,9,36243,50,3,0.06,0,0.0
9545,890,10,40270,10,3,0.3,0,0.0
9546,890,10,40270,20,3,0.15,0,0.0
9547,890,10,40270,30,3,0.1,0,0.0
9548,890,10,40270,40,3,0.075,0,0.0
9549,890,10,40270,50,3,0.06,0,0.0
9550,890,11,44297,10,3,0.3,0,0.0
9551,890,11,44297,20,3,0.15,0,0.0
9552,890,11,44297,30,3,0.1,0,0.0
9553,890,11,44297,40,3,0.075,0,0.0
9554,890,11,44297,50,3,0.06,0,0.0
9555,890,12,48324,10,3,0.3,0,0.0
9556,890,12,48324,20,3,0.15,0,0.0
9557,890,12,48324,30,3,0.1,0,0.0
9558,890,12,48324,40,3,0.075,0,0.0
9559,890,12,48324,50,3,0.06,0,0.0
9560,890,13,52351,10,3,0.3,0,0.0
9561,890,13,52351,20,3,0.15,0,0.0
9562,890,13,52351,30,3,0.1,0,0.0
9563,890,13,52351,40,3,0.075,0,0.0
9564,890,13,52351,50,3,0.06,0,0.0
9565,890,14,56378,10,3,0.3,0,0.0
9566,890,14,56378,20,3,0.15,0,0.0
9567,890,14,56378,30,3,0.1,0,0.0
9568,890,14,56378,40,3,0.075,0,0.0
9569,890,14,56378,50,3,0.06,0,0.0
9570,890,15,60405,10,3,0.3,0,0.0
9571,890,15,60405,20,3,0.15,0,0.0
9572,890,15,60405,30,3,0.1,0,0.0
9573,890,15,60405,40,3,0.075,0,0.0
9574,890,15,60405,50,3,0.06,0,0.0
9575,890,16,64432,10,3,0.3,0,0.0
9576,890,16,64432,20,3,0.15,0,0.0
9577,890,16,64432,30,3,0.1,0,0.0
9578,890,16,64432,40,3,0.075,0,0.0
9579,890,16,64432,50,3,0.06,0,0.0
9580,890,17,68459,10,3,0.3,0,0.0
9581,890,17,68459,20,3,0.15,0,0.0
9582,890,17,68459,30,3,0.1,0,0.0
9583,890,17,68459,40,3,0.075,0,0.0
9584,890,17,68459,50,3,0.06,0,0.0
9585,890,18,72486,10,3,0.3,0,0.0
9586,890,18,72486,20,3,0.15,0,0.0
9587,890,18,72486,30,3,0.1,0,0.0
9588,890,18,72486,40,3,0.075,0,0.0
9589,890,18,72486,50,3,0.06,0,0.0
9590,890,19,76513,10,3,0.3,0,0.0
9591,890,19,76513,20,3,0.15,0,0.0
9592,890,19,76513,30,3,0.1,0,0.0
9593,890,19,76513,40,3,0.075,0,0.0
9594,890,19,76513,50,3,0.06,0,0.0
9595,891,1,4027,10,9,0.9,0,0.0
9596,891,1,4027,20,13,0.65,1,0.05
9597,891,1,4027,30,17,0.5666666666666667,2,0.06666666666666667
9598,891,1,4027,40,23,0.575,3,0.075
9599,891,1,4027,50,25,0.5,3,0.06
9600,891,2,8054,10,9,0.9,0,0.0
9601,891,2,8054,20,13,0.65,0,0.0
9602,891,2,8054,30,16,0.5333333333333333,0,0.0
9603,891,2,8054,40,20,0.5,0,0.0
9604,891,2,8054,50,23,0.46,1,0.02
9605,891,3,12081,10,9,0.9,0,0.0
9606,891,3,12081,20,13,0.65,0,0.0
9607,891,3,12081,30,15,0.5,0,0.0
9608,891,3,12081,40,18,0.45,0,0.0
9609,891,3,12081,50,20,0.4,0,0.0
9610,891,4,16108,10,9,0.9,0,0.0
9611,891,4,16108,20,13,0.65,0,0.0
9612,891,4,16108,30,16,0.5333333333333333,0,0.0
9613,891,4,16108,40,19,0.475,0,0.0
9614,891,4,16108,50,20,0.4,0,0.0
9615,891,5,20135,10,9,0.9,0,0.0
9616,891,5,20135,20,13,0.65,0,0.0
9617,891,5,20135,30,16,0.5333333333333333,0,0.0
9618,891,5,20135,40,18,0.45,0,0.0
9619,891,5,20135,50,20,0.4,0,0.0
9620,891,6,24162,10,9,0.9,0,0.0
9621,891,6,24162,20,14,0.7,0,0.0
9622,891,6,24162,30,15,0.5,0,0.0
9623,891,6,24162,40,19,0.475,0,0.0
9624,891,6,24162,50,21,0.42,0,0.0
9625,891,7,28189,10,10,1.0,0,0.0
9626,891,7,28189,20,15,0.75,1,0.05
9627,891,7,28189,30,21,0.7,2,0.06666666666666667
9628,891,7,28189,40,26,0.65,3,0.075
9629,891,7,28189,50,27,0.54,3,0.06
9630,891,8,32216,10,10,1.0,0,0.0
9631,891,8,32216,20,15,0.75,1,0.05
9632,891,8,32216,30,22,0.7333333333333333,2,0.06666666666666667
9633,891,8,32216,40,25,0.625,3,0.075
9634,891,8,32216,50,27,0.54,3,0.06
9635,891,9,36243,10,10,1.0,0,0.0
9636,891,9,36243,20,15,0.75,1,0.05
9637,891,9,36243,30,22,0.7333333333333333,2,0.06666666666666667
9638,891,9,36243,40,26,0.65,3,0.075
9639,891,9,36243,50,29,0.58,3,0.06
9640,891,10,40270,10,9,0.9,0,0.0
9641,891,10,40270,20,14,0.7,0,0.0
9642,891,10,40270,30,21,0.7,2,0.06666666666666667
9643,891,10,40270,40,25,0.625,3,0.075
9644,891,10,40270,50,29,0.58,3,0.06
9645,891,11,44297,10,9,0.9,0,0.0
9646,891,11,44297,20,14,0.7,1,0.05
9647,891,11,44297,30,24,0.8,2,0.06666666666666667
9648,891,11,44297,40,26,0.65,3,0.075
9649,891,11,44297,50,29,0.58,3,0.06
9650,891,12,48324,10,9,0.9,0,0.0
9651,891,12,48324,20,15,0.75,0,0.0
9652,891,12,48324,30,23,0.7666666666666667,2,0.06666666666666667
9653,891,12,48324,40,25,0.625,3,0.075
9654,891,12,48324,50,28,0.56,4,0.08
9655,891,13,52351,10,9,0.9,0,0.0
9656,891,13,52351,20,14,0.7,0,0.0
9657,891,13,52351,30,23,0.7666666666666667,2,0.06666666666666667
9658,891,13,52351,40,26,0.65,2,0.05
9659,891,13,52351,50,28,0.56,4,0.08
9660,891,14,56378,10,9,0.9,0,0.0
9661,891,14,56378,20,15,0.75,0,0.0
9662,891,14,56378,30,22,0.7333333333333333,1,0.03333333333333333
9663,891,14,56378,40,24,0.6,3,0.075
9664,891,14,56378,50,26,0.52,3,0.06
9665,891,15,60405,10,9,0.9,0,0.0
9666,891,15,60405,20,16,0.8,1,0.05
9667,891,15,60405,30,21,0.7,2,0.06666666666666667
9668,891,15,60405,40,23,0.575,3,0.075
9669,891,15,60405,50,27,0.54,4,0.08
9670,891,16,64432,10,9,0.9,0,0.0
9671,891,16,64432,20,18,0.9,1,0.05
9672,891,16,64432,30,21,0.7,2,0.06666666666666667
9673,891,16,64432,40,23,0.575,4,0.1
9674,891,16,64432,50,27,0.54,4,0.08
9675,891,17,68459,10,9,0.9,0,0.0
9676,891,17,68459,20,18,0.9,1,0.05
9677,891,17,68459,30,22,0.7333333333333333,3,0.1
9678,891,17,68459,40,25,0.625,4,0.1
9679,891,17,68459,50,28,0.56,4,0.08
9680,891,18,72486,10,9,0.9,0,0.0
9681,891,18,72486,20,16,0.8,2,0.1
9682,891,18,72486,30,21,0.7,3,0.1
9683,891,18,72486,40,25,0.625,4,0.1
9684,891,18,72486,50,27,0.54,4,0.08
9685,891,19,76513,10,9,0.9,0,0.0
9686,891,19,76513,20,16,0.8,2,0.1
9687,891,19,76513,30,20,0.6666666666666666,3,0.1
9688,891,19,76513,40,25,0.625,4,0.1
9689,891,19,76513,50,27,0.54,4,0.08
9690,1047,1,4027,10,2,0.2,0,0.0
9691,1047,1,4027,20,3,0.15,0,0.0
9692,1047,1,4027,30,5,0.16666666666666666,0,0.0
9693,1047,1,4027,40,5,0.125,0,0.0
9694,1047,1,4027,50,5,0.1,0,0.0
9695,1047,2,8054,10,2,0.2,0,0.0
9696,1047,2,8054,20,4,0.2,0,0.0
9697,1047,2,8054,30,5,0.16666666666666666,0,0.0
9698,1047,2,8054,40,8,0.2,0,0.0
9699,1047,2,8054,50,8,0.16,0,0.0
9700,1047,3,12081,10,2,0.2,0,0.0
9701,1047,3,12081,20,3,0.15,0,0.0
9702,1047,3,12081,30,5,0.16666666666666666,0,0.0
9703,1047,3,12081,40,5,0.125,0,0.0
9704,1047,3,12081,50,5,0.1,0,0.0
9705,1047,4,16108,10,2,0.2,0,0.0
9706,1047,4,16108,20,3,0.15,0,0.0
9707,1047,4,16108,30,5,0.16666666666666666,0,0.0
9708,1047,4,16108,40,5,0.125,0,0.0
9709,1047,4,16108,50,5,0.1,0,0.0
9710,1047,5,20135,10,2,0.2,0,0.0
9711,1047,5,20135,20,3,0.15,0,0.0
9712,1047,5,20135,30,5,0.16666666666666666,0,0.0
9713,1047,5,20135,40,5,0.125,0,0.0
9714,1047,5,20135,50,5,0.1,0,0.0
9715,1047,6,24162,10,2,0.2,0,0.0
9716,1047,6,24162,20,3,0.15,0,0.0
9717,1047,6,24162,30,5,0.16666666666666666,0,0.0
9718,1047,6,24162,40,5,0.125,0,0.0
9719,1047,6,24162,50,5,0.1,0,0.0
9720,1047,7,28189,10,2,0.2,0,0.0
9721,1047,7,28189,20,3,0.15,0,0.0
9722,1047,7,28189,30,5,0.16666666666666666,0,0.0
9723,1047,7,28189,40,5,0.125,0,0.0
9724,1047,7,28189,50,5,0.1,0,0.0
9725,1047,8,32216,10,2,0.2,0,0.0
9726,1047,8,32216,20,3,0.15,0,0.0
9727,1047,8,32216,30,5,0.16666666666666666,0,0.0
9728,1047,8,32216,40,5,0.125,0,0.0
9729,1047,8,32216,50,5,0.1,0,0.0
9730,1047,9,36243,10,2,0.2,0,0.0
9731,1047,9,36243,20,3,0.15,0,0.0
9732,1047,9,36243,30,5,0.16666666666666666,0,0.0
9733,1047,9,36243,40,5,0.125,0,0.0
9734,1047,9,36243,50,5,0.1,0,0.0
9735,1047,10,40270,10,2,0.2,0,0.0
9736,1047,10,40270,20,3,0.15,0,0.0
9737,1047,10,40270,30,5,0.16666666666666666,0,0.0
9738,1047,10,40270,40,5,0.125,0,0.0
9739,1047,10,40270,50,5,0.1,0,0.0
9740,1047,11,44297,10,2,0.2,0,0.0
9741,1047,11,44297,20,3,0.15,0,0.0
9742,1047,11,44297,30,5,0.16666666666666666,0,0.0
9743,1047,11,44297,40,5,0.125,0,0.0
9744,1047,11,44297,50,5,0.1,0,0.0
9745,1047,12,48324,10,2,0.2,0,0.0
9746,1047,12,48324,20,3,0.15,0,0.0
9747,1047,12,48324,30,5,0.16666666666666666,0,0.0
9748,1047,12,48324,40,5,0.125,0,0.0
9749,1047,12,48324,50,5,0.1,0,0.0
9750,1047,13,52351,10,2,0.2,0,0.0
9751,1047,13,52351,20,3,0.15,0,0.0
9752,1047,13,52351,30,5,0.16666666666666666,0,0.0
9753,1047,13,52351,40,5,0.125,0,0.0
9754,1047,13,52351,50,5,0.1,0,0.0
9755,1047,14,56378,10,2,0.2,0,0.0
9756,1047,14,56378,20,3,0.15,0,0.0
9757,1047,14,56378,30,5,0.16666666666666666,0,0.0
9758,1047,14,56378,40,5,0.125,0,0.0
9759,1047,14,56378,50,5,0.1,0,0.0
9760,1047,15,60405,10,2,0.2,0,0.0
9761,1047,15,60405,20,3,0.15,0,0.0
9762,1047,15,60405,30,5,0.16666666666666666,0,0.0
9763,1047,15,60405,40,5,0.125,0,0.0
9764,1047,15,60405,50,5,0.1,0,0.0
9765,1047,16,64432,10,2,0.2,0,0.0
9766,1047,16,64432,20,3,0.15,0,0.0
9767,1047,16,64432,30,5,0.16666666666666666,0,0.0
9768,1047,16,64432,40,5,0.125,0,0.0
9769,1047,16,64432,50,5,0.1,0,0.0
9770,1047,17,68459,10,2,0.2,0,0.0
9771,1047,17,68459,20,3,0.15,0,0.0
9772,1047,17,68459,30,5,0.16666666666666666,0,0.0
9773,1047,17,68459,40,5,0.125,0,0.0
9774,1047,17,68459,50,5,0.1,0,0.0
9775,1047,18,72486,10,2,0.2,0,0.0
9776,1047,18,72486,20,3,0.15,0,0.0
9777,1047,18,72486,30,5,0.16666666666666666,0,0.0
9778,1047,18,72486,40,5,0.125,0,0.0
9779,1047,18,72486,50,5,0.1,0,0.0
9780,1047,19,76513,10,2,0.2,0,0.0
9781,1047,19,76513,20,3,0.15,0,0.0
9782,1047,19,76513,30,5,0.16666666666666666,0,0.0
9783,1047,19,76513,40,5,0.125,0,0.0
9784,1047,19,76513,50,5,0.1,0,0.0
9785,1154,1,4027,10,1,0.1,0,0.0
9786,1154,1,4027,20,2,0.1,0,0.0
9787,1154,1,4027,30,2,0.06666666666666667,0,0.0
9788,1154,1,4027,40,2,0.05,0,0.0
9789,1154,1,4027,50,2,0.04,0,0.0
9790,1154,2,8054,10,1,0.1,0,0.0
9791,1154,2,8054,20,2,0.1,0,0.0
9792,1154,2,8054,30,2,0.06666666666666667,0,0.0
9793,1154,2,8054,40,2,0.05,0,0.0
9794,1154,2,8054,50,2,0.04,0,0.0
9795,1154,3,12081,10,1,0.1,0,0.0
9796,1154,3,12081,20,2,0.1,0,0.0
9797,1154,3,12081,30,2,0.06666666666666667,0,0.0
9798,1154,3,12081,40,2,0.05,0,0.0
9799,1154,3,12081,50,2,0.04,0,0.0
9800,1154,4,16108,10,1,0.1,0,0.0
9801,1154,4,16108,20,2,0.1,0,0.0
9802,1154,4,16108,30,2,0.06666666666666667,0,0.0
9803,1154,4,16108,40,2,0.05,0,0.0
9804,1154,4,16108,50,2,0.04,0,0.0
9805,1154,5,20135,10,1,0.1,0,0.0
9806,1154,5,20135,20,2,0.1,0,0.0
9807,1154,5,20135,30,2,0.06666666666666667,0,0.0
9808,1154,5,20135,40,2,0.05,0,0.0
9809,1154,5,20135,50,2,0.04,0,0.0
9810,1154,6,24162,10,1,0.1,0,0.0
9811,1154,6,24162,20,2,0.1,0,0.0
9812,1154,6,24162,30,2,0.06666666666666667,0,0.0
9813,1154,6,24162,40,2,0.05,0,0.0
9814,1154,6,24162,50,2,0.04,0,0.0
9815,1154,7,28189,10,1,0.1,0,0.0
9816,1154,7,28189,20,2,0.1,0,0.0
9817,1154,7,28189,30,2,0.06666666666666667,0,0.0
9818,1154,7,28189,40,2,0.05,0,0.0
9819,1154,7,28189,50,2,0.04,0,0.0
9820,1154,8,32216,10,1,0.1,0,0.0
9821,1154,8,32216,20,2,0.1,0,0.0
9822,1154,8,32216,30,2,0.06666666666666667,0,0.0
9823,1154,8,32216,40,2,0.05,0,0.0
9824,1154,8,32216,50,2,0.04,0,0.0
9825,1154,9,36243,10,1,0.1,0,0.0
9826,1154,9,36243,20,2,0.1,0,0.0
9827,1154,9,36243,30,2,0.06666666666666667,0,0.0
9828,1154,9,36243,40,2,0.05,0,0.0
9829,1154,9,36243,50,2,0.04,0,0.0
9830,1154,10,40270,10,1,0.1,0,0.0
9831,1154,10,40270,20,2,0.1,0,0.0
9832,1154,10,40270,30,2,0.06666666666666667,0,0.0
9833,1154,10,40270,40,2,0.05,0,0.0
9834,1154,10,40270,50,2,0.04,0,0.0
9835,1154,11,44297,10,1,0.1,0,0.0
9836,1154,11,44297,20,2,0.1,0,0.0
9837,1154,11,44297,30,2,0.06666666666666667,0,0.0
9838,1154,11,44297,40,2,0.05,0,0.0
9839,1154,11,44297,50,2,0.04,0,0.0
9840,1154,12,48324,10,1,0.1,0,0.0
9841,1154,12,48324,20,2,0.1,0,0.0
9842,1154,12,48324,30,2,0.06666666666666667,0,0.0
9843,1154,12,48324,40,2,0.05,0,0.0
9844,1154,12,48324,50,2,0.04,0,0.0
9845,1154,13,52351,10,1,0.1,0,0.0
9846,1154,13,52351,20,2,0.1,0,0.0
9847,1154,13,52351,30,2,0.06666666666666667,0,0.0
9848,1154,13,52351,40,2,0.05,0,0.0
9849,1154,13,52351,50,2,0.04,0,0.0
9850,1154,14,56378,10,1,0.1,0,0.0
9851,1154,14,56378,20,2,0.1,0,0.0
9852,1154,14,56378,30,2,0.06666666666666667,0,0.0
9853,1154,14,56378,40,2,0.05,0,0.0
9854,1154,14,56378,50,2,0.04,0,0.0
9855,1154,15,60405,10,1,0.1,0,0.0
9856,1154,15,60405,20,2,0.1,0,0.0
9857,1154,15,60405,30,2,0.06666666666666667,0,0.0
9858,1154,15,60405,40,2,0.05,0,0.0
9859,1154,15,60405,50,2,0.04,0,0.0
9860,1154,16,64432,10,1,0.1,0,0.0
9861,1154,16,64432,20,2,0.1,0,0.0
9862,1154,16,64432,30,2,0.06666666666666667,0,0.0
9863,1154,16,64432,40,2,0.05,0,0.0
9864,1154,16,64432,50,2,0.04,0,0.0
9865,1154,17,68459,10,1,0.1,0,0.0
9866,1154,17,68459,20,2,0.1,0,0.0
9867,1154,17,68459,30,2,0.06666666666666667,0,0.0
9868,1154,17,68459,40,2,0.05,0,0.0
9869,1154,17,68459,50,2,0.04,0,0.0
9870,1154,18,72486,10,1,0.1,0,0.0
9871,1154,18,72486,20,2,0.1,0,0.0
9872,1154,18,72486,30,2,0.06666666666666667,0,0.0
9873,1154,18,72486,40,2,0.05,0,0.0
9874,1154,18,72486,50,2,0.04,0,0.0
9875,1154,19,76513,10,1,0.1,0,0.0
9876,1154,19,76513,20,2,0.1,0,0.0
9877,1154,19,76513,30,2,0.06666666666666667,0,0.0
9878,1154,19,76513,40,2,0.05,0,0.0
9879,1154,19,76513,50,2,0.04,0,0.0
9880,1489,1,4027,10,3,0.3,0,0.0
9881,1489,1,4027,20,3,0.15,0,0.0
9882,1489,1,4027,30,3,0.1,0,0.0
9883,1489,1,4027,40,3,0.075,0,0.0
9884,1489,1,4027,50,3,0.06,0,0.0
9885,1489,2,8054,10,3,0.3,0,0.0
9886,1489,2,8054,20,3,0.15,0,0.0
9887,1489,2,8054,30,3,0.1,0,0.0
9888,1489,2,8054,40,3,0.075,0,0.0
9889,1489,2,8054,50,3,0.06,0,0.0
9890,1489,3,12081,10,3,0.3,0,0.0
9891,1489,3,12081,20,3,0.15,0,0.0
9892,1489,3,12081,30,3,0.1,0,0.0
9893,1489,3,12081,40,3,0.075,0,0.0
9894,1489,3,12081,50,3,0.06,0,0.0
9895,1489,4,16108,10,3,0.3,0,0.0
9896,1489,4,16108,20,3,0.15,0,0.0
9897,1489,4,16108,30,3,0.1,0,0.0
9898,1489,4,16108,40,3,0.075,0,0.0
9899,1489,4,16108,50,3,0.06,0,0.0
9900,1489,5,20135,10,3,0.3,0,0.0
9901,1489,5,20135,20,3,0.15,0,0.0
9902,1489,5,20135,30,3,0.1,0,0.0
9903,1489,5,20135,40,3,0.075,0,0.0
9904,1489,5,20135,50,3,0.06,0,0.0
9905,1489,6,24162,10,3,0.3,0,0.0
9906,1489,6,24162,20,3,0.15,0,0.0
9907,1489,6,24162,30,3,0.1,0,0.0
9908,1489,6,24162,40,3,0.075,0,0.0
9909,1489,6,24162,50,3,0.06,0,0.0
9910,1489,7,28189,10,3,0.3,0,0.0
9911,1489,7,28189,20,3,0.15,0,0.0
9912,1489,7,28189,30,3,0.1,0,0.0
9913,1489,7,28189,40,3,0.075,0,0.0
9914,1489,7,28189,50,3,0.06,0,0.0
9915,1489,8,32216,10,3,0.3,0,0.0
9916,1489,8,32216,20,3,0.15,0,0.0
9917,1489,8,32216,30,3,0.1,0,0.0
9918,1489,8,32216,40,3,0.075,0,0.0
9919,1489,8,32216,50,3,0.06,0,0.0
9920,1489,9,36243,10,3,0.3,0,0.0
9921,1489,9,36243,20,3,0.15,0,0.0
9922,1489,9,36243,30,3,0.1,0,0.0
9923,1489,9,36243,40,3,0.075,0,0.0
9924,1489,9,36243,50,3,0.06,0,0.0
9925,1489,10,40270,10,3,0.3,0,0.0
9926,1489,10,40270,20,3,0.15,0,0.0
9927,1489,10,40270,30,3,0.1,0,0.0
9928,1489,10,40270,40,3,0.075,0,0.0
9929,1489,10,40270,50,3,0.06,0,0.0
9930,1489,11,44297,10,3,0.3,0,0.0
9931,1489,11,44297,20,3,0.15,0,0.0
9932,1489,11,44297,30,3,0.1,0,0.0
9933,1489,11,44297,40,3,0.075,0,0.0
9934,1489,11,44297,50,3,0.06,0,0.0
9935,1489,12,48324,10,3,0.3,0,0.0
9936,1489,12,48324,20,3,0.15,0,0.0
9937,1489,12,48324,30,3,0.1,0,0.0
9938,1489,12,48324,40,3,0.075,0,0.0
9939,1489,12,48324,50,3,0.06,0,0.0
9940,1489,13,52351,10,3,0.3,0,0.0
9941,1489,13,52351,20,3,0.15,0,0.0
9942,1489,13,52351,30,3,0.1,0,0.0
9943,1489,13,52351,40,3,0.075,0,0.0
9944,1489,13,52351,50,3,0.06,0,0.0
9945,1489,14,56378,10,3,0.3,0,0.0
9946,1489,14,56378,20,3,0.15,0,0.0
9947,1489,14,56378,30,3,0.1,0,0.0
9948,1489,14,56378,40,3,0.075,0,0.0
9949,1489,14,56378,50,3,0.06,0,0.0
9950,1489,15,60405,10,3,0.3,0,0.0
9951,1489,15,60405,20,3,0.15,0,0.0
9952,1489,15,60405,30,3,0.1,0,0.0
9953,1489,15,60405,40,3,0.075,0,0.0
9954,1489,15,60405,50,3,0.06,0,0.0
9955,1489,16,64432,10,3,0.3,0,0.0
9956,1489,16,64432,20,3,0.15,0,0.0
9957,1489,16,64432,30,3,0.1,0,0.0
9958,1489,16,64432,40,3,0.075,0,0.0
9959,1489,16,64432,50,3,0.06,0,0.0
9960,1489,17,68459,10,3,0.3,0,0.0
9961,1489,17,68459,20,3,0.15,0,0.0
9962,1489,17,68459,30,3,0.1,0,0.0
9963,1489,17,68459,40,3,0.075,0,0.0
9964,1489,17,68459,50,3,0.06,0,0.0
9965,1489,18,72486,10,3,0.3,0,0.0
9966,1489,18,72486,20,3,0.15,0,0.0
9967,1489,18,72486,30,3,0.1,0,0.0
9968,1489,18,72486,40,3,0.075,0,0.0
9969,1489,18,72486,50,3,0.06,0,0.0
9970,1489,19,76513,10,3,0.3,0,0.0
9971,1489,19,76513,20,3,0.15,0,0.0
9972,1489,19,76513,30,3,0.1,0,0.0
9973,1489,19,76513,40,3,0.075,0,0.0
9974,1489,19,76513,50,3,0.06,0,0.0
9975,1602,1,4027,10,1,0.1,0,0.0
9976,1602,1,4027,20,1,0.05,2,0.1
9977,1602,1,4027,30,2,0.06666666666666667,2,0.06666666666666667
9978,1602,1,4027,40,5,0.125,4,0.1
9979,1602,1,4027,50,6,0.12,4,0.08
9980,1602,2,8054,10,1,0.1,0,0.0
9981,1602,2,8054,20,1,0.05,2,0.1
9982,1602,2,8054,30,2,0.06666666666666667,2,0.06666666666666667
9983,1602,2,8054,40,4,0.1,4,0.1
9984,1602,2,8054,50,6,0.12,4,0.08
9985,1602,3,12081,10,1,0.1,0,0.0
9986,1602,3,12081,20,1,0.05,2,0.1
9987,1602,3,12081,30,2,0.06666666666666667,2,0.06666666666666667
9988,1602,3,12081,40,5,0.125,4,0.1
9989,1602,3,12081,50,6,0.12,4,0.08
9990,1602,4,16108,10,1,0.1,0,0.0
9991,1602,4,16108,20,1,0.05,2,0.1
9992,1602,4,16108,30,2,0.06666666666666667,2,0.06666666666666667
9993,1602,4,16108,40,5,0.125,4,0.1
9994,1602,4,16108,50,6,0.12,4,0.08
9995,1602,5,20135,10,1,0.1,0,0.0
9996,1602,5,20135,20,1,0.05,2,0.1
9997,1602,5,20135,30,2,0.06666666666666667,2,0.06666666666666667
9998,1602,5,20135,40,5,0.125,4,0.1
9999,1602,5,20135,50,6,0.12,4,0.08
10000,1602,6,24162,10,1,0.1,0,0.0
10001,1602,6,24162,20,1,0.05,2,0.1
10002,1602,6,24162,30,2,0.06666666666666667,2,0.06666666666666667
10003,1602,6,24162,40,5,0.125,4,0.1
10004,1602,6,24162,50,6,0.12,4,0.08
10005,1602,7,28189,10,1,0.1,0,0.0
10006,1602,7,28189,20,1,0.05,2,0.1
10007,1602,7,28189,30,2,0.06666666666666667,2,0.06666666666666667
10008,1602,7,28189,40,4,0.1,4,0.1
10009,1602,7,28189,50,6,0.12,4,0.08
10010,1602,8,32216,10,1,0.1,0,0.0
10011,1602,8,32216,20,1,0.05,2,0.1
10012,1602,8,32216,30,2,0.06666666666666667,2,0.06666666666666667
10013,1602,8,32216,40,4,0.1,4,0.1
10014,1602,8,32216,50,6,0.12,4,0.08
10015,1602,9,36243,10,1,0.1,0,0.0
10016,1602,9,36243,20,1,0.05,2,0.1
10017,1602,9,36243,30,2,0.06666666666666667,2,0.06666666666666667
10018,1602,9,36243,40,4,0.1,4,0.1
10019,1602,9,36243,50,6,0.12,4,0.08
10020,1602,10,40270,10,1,0.1,0,0.0
10021,1602,10,40270,20,1,0.05,2,0.1
10022,1602,10,40270,30,2,0.06666666666666667,2,0.06666666666666667
10023,1602,10,40270,40,4,0.1,4,0.1
10024,1602,10,40270,50,6,0.12,4,0.08
10025,1602,11,44297,10,1,0.1,0,0.0
10026,1602,11,44297,20,1,0.05,2,0.1
10027,1602,11,44297,30,2,0.06666666666666667,2,0.06666666666666667
10028,1602,11,44297,40,4,0.1,4,0.1
10029,1602,11,44297,50,7,0.14,4,0.08
10030,1602,12,48324,10,1,0.1,0,0.0
10031,1602,12,48324,20,1,0.05,2,0.1
10032,1602,12,48324,30,2,0.06666666666666667,2,0.06666666666666667
10033,1602,12,48324,40,4,0.1,4,0.1
10034,1602,12,48324,50,7,0.14,4,0.08
10035,1602,13,52351,10,1,0.1,0,0.0
10036,1602,13,52351,20,1,0.05,2,0.1
10037,1602,13,52351,30,2,0.06666666666666667,2,0.06666666666666667
10038,1602,13,52351,40,4,0.1,4,0.1
10039,1602,13,52351,50,7,0.14,4,0.08
10040,1602,14,56378,10,1,0.1,0,0.0
10041,1602,14,56378,20,1,0.05,2,0.1
10042,1602,14,56378,30,2,0.06666666666666667,2,0.06666666666666667
10043,1602,14,56378,40,4,0.1,4,0.1
10044,1602,14,56378,50,7,0.14,4,0.08
10045,1602,15,60405,10,1,0.1,0,0.0
10046,1602,15,60405,20,1,0.05,2,0.1
10047,1602,15,60405,30,2,0.06666666666666667,2,0.06666666666666667
10048,1602,15,60405,40,4,0.1,4,0.1
10049,1602,15,60405,50,7,0.14,4,0.08
10050,1602,16,64432,10,1,0.1,0,0.0
10051,1602,16,64432,20,1,0.05,2,0.1
10052,1602,16,64432,30,2,0.06666666666666667,2,0.06666666666666667
10053,1602,16,64432,40,4,0.1,4,0.1
10054,1602,16,64432,50,7,0.14,4,0.08
10055,1602,17,68459,10,1,0.1,0,0.0
10056,1602,17,68459,20,1,0.05,2,0.1
10057,1602,17,68459,30,2,0.06666666666666667,2,0.06666666666666667
10058,1602,17,68459,40,4,0.1,4,0.1
10059,1602,17,68459,50,7,0.14,4,0.08
10060,1602,18,72486,10,1,0.1,0,0.0
10061,1602,18,72486,20,1,0.05,2,0.1
10062,1602,18,72486,30,1,0.03333333333333333,2,0.06666666666666667
10063,1602,18,72486,40,4,0.1,4,0.1
10064,1602,18,72486,50,7,0.14,4,0.08
10065,1602,19,76513,10,1,0.1,0,0.0
10066,1602,19,76513,20,1,0.05,2,0.1
10067,1602,19,76513,30,2,0.06666666666666667,2,0.06666666666666667
10068,1602,19,76513,40,4,0.1,4,0.1
10069,1602,19,76513,50,7,0.14,4,0.08
10070,1650,1,4027,10,1,0.1,0,0.0
10071,1650,1,4027,20,2,0.1,0,0.0
10072,1650,1,4027,30,2,0.06666666666666667,0,0.0
10073,1650,1,4027,40,5,0.125,1,0.025
10074,1650,1,4027,50,5,0.1,1,0.02
10075,1650,2,8054,10,2,0.2,0,0.0
10076,1650,2,8054,20,2,0.1,0,0.0
10077,1650,2,8054,30,2,0.06666666666666667,0,0.0
10078,1650,2,8054,40,4,0.1,0,0.0
10079,1650,2,8054,50,5,0.1,1,0.02
10080,1650,3,12081,10,2,0.2,0,0.0
10081,1650,3,12081,20,2,0.1,0,0.0
10082,1650,3,12081,30,2,0.06666666666666667,0,0.0
10083,1650,3,12081,40,2,0.05,0,0.0
10084,1650,3,12081,50,5,0.1,1,0.02
10085,1650,4,16108,10,2,0.2,0,0.0
10086,1650,4,16108,20,2,0.1,0,0.0
10087,1650,4,16108,30,2,0.06666666666666667,0,0.0
10088,1650,4,16108,40,2,0.05,0,0.0
10089,1650,4,16108,50,5,0.1,1,0.02
10090,1650,5,20135,10,2,0.2,0,0.0
10091,1650,5,20135,20,2,0.1,0,0.0
10092,1650,5,20135,30,2,0.06666666666666667,0,0.0
10093,1650,5,20135,40,2,0.05,0,0.0
10094,1650,5,20135,50,5,0.1,1,0.02
10095,1650,6,24162,10,2,0.2,0,0.0
10096,1650,6,24162,20,2,0.1,0,0.0
10097,1650,6,24162,30,2,0.06666666666666667,0,0.0
10098,1650,6,24162,40,2,0.05,0,0.0
10099,1650,6,24162,50,5,0.1,1,0.02
10100,1650,7,28189,10,2,0.2,0,0.0
10101,1650,7,28189,20,2,0.1,0,0.0
10102,1650,7,28189,30,2,0.06666666666666667,0,0.0
10103,1650,7,28189,40,2,0.05,0,0.0
10104,1650,7,28189,50,4,0.08,0,0.0
10105,1650,8,32216,10,2,0.2,0,0.0
10106,1650,8,32216,20,2,0.1,0,0.0
10107,1650,8,32216,30,2,0.06666666666666667,0,0.0
10108,1650,8,32216,40,2,0.05,0,0.0
10109,1650,8,32216,50,5,0.1,1,0.02
10110,1650,9,36243,10,2,0.2,0,0.0
10111,1650,9,36243,20,2,0.1,0,0.0
10112,1650,9,36243,30,2,0.06666666666666667,0,0.0
10113,1650,9,36243,40,2,0.05,0,0.0
10114,1650,9,36243,50,5,0.1,1,0.02
10115,1650,10,40270,10,2,0.2,0,0.0
10116,1650,10,40270,20,2,0.1,0,0.0
10117,1650,10,40270,30,2,0.06666666666666667,0,0.0
10118,1650,10,40270,40,2,0.05,0,0.0
10119,1650,10,40270,50,5,0.1,1,0.02
10120,1650,11,44297,10,2,0.2,0,0.0
10121,1650,11,44297,20,2,0.1,0,0.0
10122,1650,11,44297,30,2,0.06666666666666667,0,0.0
10123,1650,11,44297,40,3,0.075,1,0.025
10124,1650,11,44297,50,5,0.1,1,0.02
10125,1650,12,48324,10,2,0.2,0,0.0
10126,1650,12,48324,20,2,0.1,0,0.0
10127,1650,12,48324,30,2,0.06666666666666667,0,0.0
10128,1650,12,48324,40,3,0.075,1,0.025
10129,1650,12,48324,50,4,0.08,1,0.02
10130,1650,13,52351,10,2,0.2,0,0.0
10131,1650,13,52351,20,2,0.1,0,0.0
10132,1650,13,52351,30,2,0.06666666666666667,0,0.0
10133,1650,13,52351,40,4,0.1,1,0.025
10134,1650,13,52351,50,4,0.08,1,0.02
10135,1650,14,56378,10,2,0.2,0,0.0
10136,1650,14,56378,20,2,0.1,0,0.0
10137,1650,14,56378,30,2,0.06666666666666667,0,0.0
10138,1650,14,56378,40,4,0.1,1,0.025
10139,1650,14,56378,50,4,0.08,1,0.02
10140,1650,15,60405,10,2,0.2,0,0.0
10141,1650,15,60405,20,2,0.1,0,0.0
10142,1650,15,60405,30,2,0.06666666666666667,0,0.0
10143,1650,15,60405,40,3,0.075,1,0.025
10144,1650,15,60405,50,4,0.08,1,0.02
10145,1650,16,64432,10,2,0.2,0,0.0
10146,1650,16,64432,20,2,0.1,0,0.0
10147,1650,16,64432,30,2,0.06666666666666667,0,0.0
10148,1650,16,64432,40,4,0.1,1,0.025
10149,1650,16,64432,50,4,0.08,1,0.02
10150,1650,17,68459,10,2,0.2,0,0.0
10151,1650,17,68459,20,2,0.1,0,0.0
10152,1650,17,68459,30,2,0.06666666666666667,0,0.0
10153,1650,17,68459,40,4,0.1,1,0.025
10154,1650,17,68459,50,4,0.08,1,0.02
10155,1650,18,72486,10,2,0.2,0,0.0
10156,1650,18,72486,20,2,0.1,0,0.0
10157,1650,18,72486,30,2,0.06666666666666667,0,0.0
10158,1650,18,72486,40,4,0.1,1,0.025
10159,1650,18,72486,50,4,0.08,1,0.02
10160,1650,19,76513,10,2,0.2,0,0.0
10161,1650,19,76513,20,2,0.1,0,0.0
10162,1650,19,76513,30,2,0.06666666666666667,0,0.0
10163,1650,19,76513,40,4,0.1,1,0.025
10164,1650,19,76513,50,4,0.08,1,0.02
10165,1762,1,4027,10,1,0.1,0,0.0
10166,1762,1,4027,20,1,0.05,0,0.0
10167,1762,1,4027,30,1,0.03333333333333333,0,0.0
10168,1762,1,4027,40,2,0.05,0,0.0
10169,1762,1,4027,50,5,0.1,1,0.02
10170,1762,2,8054,10,1,0.1,0,0.0
10171,1762,2,8054,20,1,0.05,0,0.0
10172,1762,2,8054,30,1,0.03333333333333333,0,0.0
10173,1762,2,8054,40,4,0.1,0,0.0
10174,1762,2,8054,50,4,0.08,0,0.0
10175,1762,3,12081,10,1,0.1,0,0.0
10176,1762,3,12081,20,1,0.05,0,0.0
10177,1762,3,12081,30,1,0.03333333333333333,0,0.0
10178,1762,3,12081,40,4,0.1,0,0.0
10179,1762,3,12081,50,4,0.08,0,0.0
10180,1762,4,16108,10,1,0.1,0,0.0
10181,1762,4,16108,20,1,0.05,0,0.0
10182,1762,4,16108,30,1,0.03333333333333333,0,0.0
10183,1762,4,16108,40,3,0.075,0,0.0
10184,1762,4,16108,50,4,0.08,0,0.0
10185,1762,5,20135,10,1,0.1,0,0.0
10186,1762,5,20135,20,1,0.05,0,0.0
10187,1762,5,20135,30,1,0.03333333333333333,0,0.0
10188,1762,5,20135,40,3,0.075,0,0.0
10189,1762,5,20135,50,4,0.08,0,0.0
10190,1762,6,24162,10,1,0.1,0,0.0
10191,1762,6,24162,20,1,0.05,0,0.0
10192,1762,6,24162,30,1,0.03333333333333333,0,0.0
10193,1762,6,24162,40,3,0.075,0,0.0
10194,1762,6,24162,50,4,0.08,0,0.0
10195,1762,7,28189,10,1,0.1,0,0.0
10196,1762,7,28189,20,1,0.05,0,0.0
10197,1762,7,28189,30,1,0.03333333333333333,0,0.0
10198,1762,7,28189,40,3,0.075,0,0.0
10199,1762,7,28189,50,4,0.08,0,0.0
10200,1762,8,32216,10,1,0.1,0,0.0
10201,1762,8,32216,20,1,0.05,0,0.0
10202,1762,8,32216,30,1,0.03333333333333333,0,0.0
10203,1762,8,32216,40,3,0.075,0,0.0
10204,1762,8,32216,50,4,0.08,0,0.0
10205,1762,9,36243,10,1,0.1,0,0.0
10206,1762,9,36243,20,1,0.05,0,0.0
10207,1762,9,36243,30,1,0.03333333333333333,0,0.0
10208,1762,9,36243,40,3,0.075,0,0.0
10209,1762,9,36243,50,4,0.08,0,0.0
10210,1762,10,40270,10,1,0.1,0,0.0
10211,1762,10,40270,20,1,0.05,0,0.0
10212,1762,10,40270,30,1,0.03333333333333333,0,0.0
10213,1762,10,40270,40,3,0.075,0,0.0
10214,1762,10,40270,50,4,0.08,0,0.0
10215,1762,11,44297,10,1,0.1,0,0.0
10216,1762,11,44297,20,1,0.05,0,0.0
10217,1762,11,44297,30,1,0.03333333333333333,0,0.0
10218,1762,11,44297,40,3,0.075,0,0.0
10219,1762,11,44297,50,4,0.08,0,0.0
10220,1762,12,48324,10,1,0.1,0,0.0
10221,1762,12,48324,20,1,0.05,0,0.0
10222,1762,12,48324,30,1,0.03333333333333333,0,0.0
10223,1762,12,48324,40,3,0.075,0,0.0
10224,1762,12,48324,50,4,0.08,0,0.0
10225,1762,13,52351,10,1,0.1,0,0.0
10226,1762,13,52351,20,1,0.05,0,0.0
10227,1762,13,52351,30,1,0.03333333333333333,0,0.0
10228,1762,13,52351,40,3,0.075,0,0.0
10229,1762,13,52351,50,4,0.08,0,0.0
10230,1762,14,56378,10,1,0.1,0,0.0
10231,1762,14,56378,20,1,0.05,0,0.0
10232,1762,14,56378,30,1,0.03333333333333333,0,0.0
10233,1762,14,56378,40,3,0.075,0,0.0
10234,1762,14,56378,50,4,0.08,0,0.0
10235,1762,15,60405,10,1,0.1,0,0.0
10236,1762,15,60405,20,1,0.05,0,0.0
10237,1762,15,60405,30,1,0.03333333333333333,0,0.0
10238,1762,15,60405,40,3,0.075,0,0.0
10239,1762,15,60405,50,4,0.08,0,0.0
10240,1762,16,64432,10,1,0.1,0,0.0
10241,1762,16,64432,20,1,0.05,0,0.0
10242,1762,16,64432,30,1,0.03333333333333333,0,0.0
10243,1762,16,64432,40,3,0.075,0,0.0
10244,1762,16,64432,50,4,0.08,0,0.0
10245,1762,17,68459,10,1,0.1,0,0.0
10246,1762,17,68459,20,1,0.05,0,0.0
10247,1762,17,68459,30,1,0.03333333333333333,0,0.0
10248,1762,17,68459,40,3,0.075,0,0.0
10249,1762,17,68459,50,4,0.08,0,0.0
10250,1762,18,72486,10,1,0.1,0,0.0
10251,1762,18,72486,20,1,0.05,0,0.0
10252,1762,18,72486,30,1,0.03333333333333333,0,0.0
10253,1762,18,72486,40,3,0.075,0,0.0
10254,1762,18,72486,50,4,0.08,0,0.0
10255,1762,19,76513,10,1,0.1,0,0.0
10256,1762,19,76513,20,1,0.05,0,0.0
10257,1762,19,76513,30,1,0.03333333333333333,0,0.0
10258,1762,19,76513,40,3,0.075,0,0.0
10259,1762,19,76513,50,4,0.08,0,0.0
10260,1764,1,4027,10,0,0.0,0,0.0
10261,1764,1,4027,20,1,0.05,0,0.0
10262,1764,1,4027,30,3,0.1,1,0.03333333333333333
10263,1764,1,4027,40,4,0.1,2,0.05
10264,1764,1,4027,50,4,0.08,2,0.04
10265,1764,2,8054,10,0,0.0,0,0.0
10266,1764,2,8054,20,1,0.05,0,0.0
10267,1764,2,8054,30,3,0.1,1,0.03333333333333333
10268,1764,2,8054,40,4,0.1,2,0.05
10269,1764,2,8054,50,4,0.08,2,0.04
10270,1764,3,12081,10,0,0.0,0,0.0
10271,1764,3,12081,20,2,0.1,0,0.0
10272,1764,3,12081,30,4,0.13333333333333333,0,0.0
10273,1764,3,12081,40,4,0.1,2,0.05
10274,1764,3,12081,50,4,0.08,2,0.04
10275,1764,4,16108,10,0,0.0,0,0.0
10276,1764,4,16108,20,1,0.05,0,0.0
10277,1764,4,16108,30,3,0.1,0,0.0
10278,1764,4,16108,40,3,0.075,1,0.025
10279,1764,4,16108,50,3,0.06,1,0.02
10280,1764,5,20135,10,0,0.0,0,0.0
10281,1764,5,20135,20,1,0.05,0,0.0
10282,1764,5,20135,30,1,0.03333333333333333,0,0.0
10283,1764,5,20135,40,3,0.075,0,0.0
10284,1764,5,20135,50,3,0.06,1,0.02
10285,1764,6,24162,10,0,0.0,0,0.0
10286,1764,6,24162,20,1,0.05,0,0.0
10287,1764,6,24162,30,1,0.03333333333333333,0,0.0
10288,1764,6,24162,40,3,0.075,0,0.0
10289,1764,6,24162,50,3,0.06,1,0.02
10290,1764,7,28189,10,0,0.0,0,0.0
10291,1764,7,28189,20,0,0.0,0,0.0
10292,1764,7,28189,30,1,0.03333333333333333,0,0.0
10293,1764,7,28189,40,3,0.075,1,0.025
10294,1764,7,28189,50,4,0.08,1,0.02
10295,1764,8,32216,10,0,0.0,0,0.0
10296,1764,8,32216,20,0,0.0,0,0.0
10297,1764,8,32216,30,1,0.03333333333333333,0,0.0
10298,1764,8,32216,40,3,0.075,0,0.0
10299,1764,8,32216,50,3,0.06,1,0.02
10300,1764,9,36243,10,0,0.0,0,0.0
10301,1764,9,36243,20,1,0.05,0,0.0
10302,1764,9,36243,30,2,0.06666666666666667,0,0.0
10303,1764,9,36243,40,3,0.075,1,0.025
10304,1764,9,36243,50,3,0.06,1,0.02
10305,1764,10,40270,10,0,0.0,0,0.0
10306,1764,10,40270,20,1,0.05,0,0.0
10307,1764,10,40270,30,2,0.06666666666666667,0,0.0
10308,1764,10,40270,40,3,0.075,1,0.025
10309,1764,10,40270,50,3,0.06,1,0.02
10310,1764,11,44297,10,0,0.0,0,0.0
10311,1764,11,44297,20,1,0.05,0,0.0
10312,1764,11,44297,30,2,0.06666666666666667,0,0.0
10313,1764,11,44297,40,3,0.075,1,0.025
10314,1764,11,44297,50,3,0.06,1,0.02
10315,1764,12,48324,10,0,0.0,0,0.0
10316,1764,12,48324,20,1,0.05,0,0.0
10317,1764,12,48324,30,3,0.1,0,0.0
10318,1764,12,48324,40,3,0.075,1,0.025
10319,1764,12,48324,50,3,0.06,2,0.04
10320,1764,13,52351,10,0,0.0,0,0.0
10321,1764,13,52351,20,1,0.05,0,0.0
10322,1764,13,52351,30,3,0.1,0,0.0
10323,1764,13,52351,40,3,0.075,1,0.025
10324,1764,13,52351,50,3,0.06,2,0.04
10325,1764,14,56378,10,0,0.0,0,0.0
10326,1764,14,56378,20,2,0.1,0,0.0
10327,1764,14,56378,30,3,0.1,0,0.0
10328,1764,14,56378,40,3,0.075,1,0.025
10329,1764,14,56378,50,3,0.06,2,0.04
10330,1764,15,60405,10,0,0.0,0,0.0
10331,1764,15,60405,20,2,0.1,0,0.0
10332,1764,15,60405,30,2,0.06666666666666667,0,0.0
10333,1764,15,60405,40,3,0.075,1,0.025
10334,1764,15,60405,50,3,0.06,2,0.04
10335,1764,16,64432,10,0,0.0,0,0.0
10336,1764,16,64432,20,2,0.1,0,0.0
10337,1764,16,64432,30,3,0.1,0,0.0
10338,1764,16,64432,40,3,0.075,1,0.025
10339,1764,16,64432,50,3,0.06,1,0.02
10340,1764,17,68459,10,0,0.0,0,0.0
10341,1764,17,68459,20,2,0.1,0,0.0
10342,1764,17,68459,30,2,0.06666666666666667,0,0.0
10343,1764,17,68459,40,3,0.075,1,0.025
10344,1764,17,68459,50,3,0.06,2,0.04
10345,1764,18,72486,10,0,0.0,0,0.0
10346,1764,18,72486,20,1,0.05,0,0.0
10347,1764,18,72486,30,2,0.06666666666666667,0,0.0
10348,1764,18,72486,40,3,0.075,1,0.025
10349,1764,18,72486,50,3,0.06,2,0.04
10350,1764,19,76513,10,0,0.0,0,0.0
10351,1764,19,76513,20,2,0.1,0,0.0
10352,1764,19,76513,30,2,0.06666666666666667,0,0.0
10353,1764,19,76513,40,3,0.075,1,0.025
10354,1764,19,76513,50,3,0.06,2,0.04
10355,1804,1,4027,10,7,0.7,0,0.0
10356,1804,1,4027,20,8,0.4,0,0.0
10357,1804,1,4027,30,10,0.3333333333333333,0,0.0
10358,1804,1,4027,40,12,0.3,0,0.0
10359,1804,1,4027,50,13,0.26,0,0.0
10360,1804,2,8054,10,7,0.7,0,0.0
10361,1804,2,8054,20,8,0.4,0,0.0
10362,1804,2,8054,30,10,0.3333333333333333,0,0.0
10363,1804,2,8054,40,13,0.325,0,0.0
10364,1804,2,8054,50,13,0.26,0,0.0
10365,1804,3,12081,10,7,0.7,0,0.0
10366,1804,3,12081,20,8,0.4,0,0.0
10367,1804,3,12081,30,10,0.3333333333333333,0,0.0
10368,1804,3,12081,40,13,0.325,0,0.0
10369,1804,3,12081,50,13,0.26,0,0.0
10370,1804,4,16108,10,6,0.6,0,0.0
10371,1804,4,16108,20,8,0.4,0,0.0
10372,1804,4,16108,30,10,0.3333333333333333,0,0.0
10373,1804,4,16108,40,13,0.325,0,0.0
10374,1804,4,16108,50,13,0.26,0,0.0
10375,1804,5,20135,10,6,0.6,0,0.0
10376,1804,5,20135,20,8,0.4,0,0.0
10377,1804,5,20135,30,10,0.3333333333333333,0,0.0
10378,1804,5,20135,40,13,0.325,0,0.0
10379,1804,5,20135,50,13,0.26,0,0.0
10380,1804,6,24162,10,7,0.7,0,0.0
10381,1804,6,24162,20,8,0.4,0,0.0
10382,1804,6,24162,30,10,0.3333333333333333,0,0.0
10383,1804,6,24162,40,13,0.325,0,0.0
10384,1804,6,24162,50,13,0.26,0,0.0
10385,1804,7,28189,10,7,0.7,0,0.0
10386,1804,7,28189,20,8,0.4,0,0.0
10387,1804,7,28189,30,10,0.3333333333333333,0,0.0
10388,1804,7,28189,40,13,0.325,0,0.0
10389,1804,7,28189,50,13,0.26,0,0.0
10390,1804,8,32216,10,6,0.6,0,0.0
10391,1804,8,32216,20,8,0.4,0,0.0
10392,1804,8,32216,30,10,0.3333333333333333,0,0.0
10393,1804,8,32216,40,13,0.325,0,0.0
10394,1804,8,32216,50,13,0.26,0,0.0
10395,1804,9,36243,10,6,0.6,0,0.0
10396,1804,9,36243,20,8,0.4,0,0.0
10397,1804,9,36243,30,10,0.3333333333333333,0,0.0
10398,1804,9,36243,40,13,0.325,0,0.0
10399,1804,9,36243,50,13,0.26,0,0.0
10400,1804,10,40270,10,6,0.6,0,0.0
10401,1804,10,40270,20,8,0.4,0,0.0
10402,1804,10,40270,30,10,0.3333333333333333,0,0.0
10403,1804,10,40270,40,13,0.325,0,0.0
10404,1804,10,40270,50,13,0.26,0,0.0
10405,1804,11,44297,10,6,0.6,0,0.0
10406,1804,11,44297,20,8,0.4,0,0.0
10407,1804,11,44297,30,10,0.3333333333333333,0,0.0
10408,1804,11,44297,40,13,0.325,0,0.0
10409,1804,11,44297,50,13,0.26,0,0.0
10410,1804,12,48324,10,6,0.6,0,0.0
10411,1804,12,48324,20,8,0.4,0,0.0
10412,1804,12,48324,30,10,0.3333333333333333,0,0.0
10413,1804,12,48324,40,13,0.325,0,0.0
10414,1804,12,48324,50,13,0.26,0,0.0
10415,1804,13,52351,10,6,0.6,0,0.0
10416,1804,13,52351,20,8,0.4,0,0.0
10417,1804,13,52351,30,10,0.3333333333333333,0,0.0
10418,1804,13,52351,40,13,0.325,0,0.0
10419,1804,13,52351,50,13,0.26,0,0.0
10420,1804,14,56378,10,5,0.5,0,0.0
10421,1804,14,56378,20,8,0.4,0,0.0
10422,1804,14,56378,30,10,0.3333333333333333,0,0.0
10423,1804,14,56378,40,13,0.325,0,0.0
10424,1804,14,56378,50,13,0.26,0,0.0
10425,1804,15,60405,10,5,0.5,0,0.0
10426,1804,15,60405,20,8,0.4,0,0.0
10427,1804,15,60405,30,10,0.3333333333333333,0,0.0
10428,1804,15,60405,40,13,0.325,0,0.0
10429,1804,15,60405,50,13,0.26,0,0.0
10430,1804,16,64432,10,5,0.5,0,0.0
10431,1804,16,64432,20,8,0.4,0,0.0
10432,1804,16,64432,30,10,0.3333333333333333,0,0.0
10433,1804,16,64432,40,12,0.3,0,0.0
10434,1804,16,64432,50,13,0.26,0,0.0
10435,1804,17,68459,10,6,0.6,0,0.0
10436,1804,17,68459,20,8,0.4,0,0.0
10437,1804,17,68459,30,10,0.3333333333333333,0,0.0
10438,1804,17,68459,40,12,0.3,0,0.0
10439,1804,17,68459,50,13,0.26,0,0.0
10440,1804,18,72486,10,6,0.6,0,0.0
10441,1804,18,72486,20,8,0.4,0,0.0
10442,1804,18,72486,30,10,0.3333333333333333,0,0.0
10443,1804,18,72486,40,13,0.325,0,0.0
10444,1804,18,72486,50,13,0.26,0,0.0
10445,1804,19,76513,10,5,0.5,0,0.0
10446,1804,19,76513,20,8,0.4,0,0.0
10447,1804,19,76513,30,10,0.3333333333333333,0,0.0
10448,1804,19,76513,40,12,0.3,0,0.0
10449,1804,19,76513,50,13,0.26,0,0.0
10450,5250,1,4027,10,0,0.0,0,0.0
10451,5250,1,4027,20,0,0.0,0,0.0
10452,5250,1,4027,30,0,0.0,0,0.0
10453,5250,1,4027,40,1,0.025,0,0.0
10454,5250,1,4027,50,2,0.04,0,0.0
10455,5250,2,8054,10,0,0.0,0,0.0
10456,5250,2,8054,20,0,0.0,0,0.0
10457,5250,2,8054,30,0,0.0,0,0.0
10458,5250,2,8054,40,1,0.025,0,0.0
10459,5250,2,8054,50,2,0.04,1,0.02
10460,5250,3,12081,10,0,0.0,0,0.0
10461,5250,3,12081,20,0,0.0,0,0.0
10462,5250,3,12081,30,1,0.03333333333333333,0,0.0
10463,5250,3,12081,40,2,0.05,0,0.0
10464,5250,3,12081,50,2,0.04,1,0.02
10465,5250,4,16108,10,0,0.0,0,0.0
10466,5250,4,16108,20,0,0.0,0,0.0
10467,5250,4,16108,30,1,0.03333333333333333,0,0.0
10468,5250,4,16108,40,2,0.05,0,0.0
10469,5250,4,16108,50,3,0.06,0,0.0
10470,5250,5,20135,10,0,0.0,0,0.0
10471,5250,5,20135,20,1,0.05,0,0.0
10472,5250,5,20135,30,2,0.06666666666666667,0,0.0
10473,5250,5,20135,40,2,0.05,0,0.0
10474,5250,5,20135,50,5,0.1,1,0.02
10475,5250,6,24162,10,0,0.0,0,0.0
10476,5250,6,24162,20,1,0.05,0,0.0
10477,5250,6,24162,30,2,0.06666666666666667,0,0.0
10478,5250,6,24162,40,3,0.075,0,0.0
10479,5250,6,24162,50,5,0.1,1,0.02
10480,5250,7,28189,10,0,0.0,0,0.0
10481,5250,7,28189,20,1,0.05,0,0.0
10482,5250,7,28189,30,2,0.06666666666666667,0,0.0
10483,5250,7,28189,40,3,0.075,0,0.0
10484,5250,7,28189,50,5,0.1,1,0.02
10485,5250,8,32216,10,0,0.0,0,0.0
10486,5250,8,32216,20,1,0.05,0,0.0
10487,5250,8,32216,30,2,0.06666666666666667,0,0.0
10488,5250,8,32216,40,3,0.075,0,0.0
10489,5250,8,32216,50,5,0.1,1,0.02
10490,5250,9,36243,10,0,0.0,0,0.0
10491,5250,9,36243,20,1,0.05,0,0.0
10492,5250,9,36243,30,2,0.06666666666666667,0,0.0
10493,5250,9,36243,40,3,0.075,0,0.0
10494,5250,9,36243,50,5,0.1,1,0.02
10495,5250,10,40270,10,0,0.0,0,0.0
10496,5250,10,40270,20,1,0.05,0,0.0
10497,5250,10,40270,30,2,0.06666666666666667,0,0.0
10498,5250,10,40270,40,3,0.075,0,0.0
10499,5250,10,40270,50,5,0.1,1,0.02
10500,5250,11,44297,10,0,0.0,0,0.0
10501,5250,11,44297,20,1,0.05,0,0.0
10502,5250,11,44297,30,2,0.06666666666666667,0,0.0
10503,5250,11,44297,40,3,0.075,0,0.0
10504,5250,11,44297,50,5,0.1,1,0.02
10505,5250,12,48324,10,0,0.0,0,0.0
10506,5250,12,48324,20,1,0.05,0,0.0
10507,5250,12,48324,30,2,0.06666666666666667,0,0.0
10508,5250,12,48324,40,3,0.075,0,0.0
10509,5250,12,48324,50,5,0.1,1,0.02
10510,5250,13,52351,10,0,0.0,0,0.0
10511,5250,13,52351,20,1,0.05,0,0.0
10512,5250,13,52351,30,2,0.06666666666666667,0,0.0
10513,5250,13,52351,40,3,0.075,0,0.0
10514,5250,13,52351,50,5,0.1,1,0.02
10515,5250,14,56378,10,0,0.0,0,0.0
10516,5250,14,56378,20,1,0.05,0,0.0
10517,5250,14,56378,30,2,0.06666666666666667,0,0.0
10518,5250,14,56378,40,3,0.075,0,0.0
10519,5250,14,56378,50,5,0.1,1,0.02
10520,5250,15,60405,10,0,0.0,0,0.0
10521,5250,15,60405,20,1,0.05,0,0.0
10522,5250,15,60405,30,2,0.06666666666666667,0,0.0
10523,5250,15,60405,40,3,0.075,0,0.0
10524,5250,15,60405,50,5,0.1,1,0.02
10525,5250,16,64432,10,0,0.0,0,0.0
10526,5250,16,64432,20,1,0.05,0,0.0
10527,5250,16,64432,30,2,0.06666666666666667,0,0.0
10528,5250,16,64432,40,3,0.075,0,0.0
10529,5250,16,64432,50,5,0.1,1,0.02
10530,5250,17,68459,10,0,0.0,0,0.0
10531,5250,17,68459,20,2,0.1,0,0.0
10532,5250,17,68459,30,2,0.06666666666666667,0,0.0
10533,5250,17,68459,40,3,0.075,0,0.0
10534,5250,17,68459,50,5,0.1,1,0.02
10535,5250,18,72486,10,0,0.0,0,0.0
10536,5250,18,72486,20,2,0.1,0,0.0
10537,5250,18,72486,30,2,0.06666666666666667,0,0.0
10538,5250,18,72486,40,3,0.075,0,0.0
10539,5250,18,72486,50,5,0.1,1,0.02
10540,5250,19,76513,10,0,0.0,0,0.0
10541,5250,19,76513,20,1,0.05,0,0.0
10542,5250,19,76513,30,2,0.06666666666666667,0,0.0
10543,5250,19,76513,40,3,0.075,0,0.0
10544,5250,19,76513,50,5,0.1,1,0.02
10545,5476,1,4027,10,4,0.4,0,0.0
10546,5476,1,4027,20,4,0.2,0,0.0
10547,5476,1,4027,30,7,0.23333333333333334,0,0.0
10548,5476,1,4027,40,9,0.225,0,0.0
10549,5476,1,4027,50,13,0.26,1,0.02
10550,5476,2,8054,10,3,0.3,0,0.0
10551,5476,2,8054,20,4,0.2,0,0.0
10552,5476,2,8054,30,4,0.13333333333333333,0,0.0
10553,5476,2,8054,40,7,0.175,0,0.0
10554,5476,2,8054,50,12,0.24,1,0.02
10555,5476,3,12081,10,3,0.3,0,0.0
10556,5476,3,12081,20,4,0.2,0,0.0
10557,5476,3,12081,30,4,0.13333333333333333,0,0.0
10558,5476,3,12081,40,7,0.175,0,0.0
10559,5476,3,12081,50,12,0.24,0,0.0
10560,5476,4,16108,10,3,0.3,0,0.0
10561,5476,4,16108,20,4,0.2,0,0.0
10562,5476,4,16108,30,4,0.13333333333333333,0,0.0
10563,5476,4,16108,40,4,0.1,0,0.0
10564,5476,4,16108,50,12,0.24,0,0.0
10565,5476,5,20135,10,3,0.3,0,0.0
10566,5476,5,20135,20,4,0.2,0,0.0
10567,5476,5,20135,30,4,0.13333333333333333,0,0.0
10568,5476,5,20135,40,4,0.1,0,0.0
10569,5476,5,20135,50,12,0.24,0,0.0
10570,5476,6,24162,10,3,0.3,0,0.0
10571,5476,6,24162,20,4,0.2,0,0.0
10572,5476,6,24162,30,4,0.13333333333333333,0,0.0
10573,5476,6,24162,40,5,0.125,0,0.0
10574,5476,6,24162,50,11,0.22,0,0.0
10575,5476,7,28189,10,3,0.3,0,0.0
10576,5476,7,28189,20,4,0.2,0,0.0
10577,5476,7,28189,30,4,0.13333333333333333,0,0.0
10578,5476,7,28189,40,5,0.125,0,0.0
10579,5476,7,28189,50,11,0.22,0,0.0
10580,5476,8,32216,10,3,0.3,0,0.0
10581,5476,8,32216,20,4,0.2,0,0.0
10582,5476,8,32216,30,4,0.13333333333333333,0,0.0
10583,5476,8,32216,40,5,0.125,0,0.0
10584,5476,8,32216,50,11,0.22,0,0.0
10585,5476,9,36243,10,3,0.3,0,0.0
10586,5476,9,36243,20,4,0.2,0,0.0
10587,5476,9,36243,30,4,0.13333333333333333,0,0.0
10588,5476,9,36243,40,6,0.15,0,0.0
10589,5476,9,36243,50,11,0.22,0,0.0
10590,5476,10,40270,10,3,0.3,0,0.0
10591,5476,10,40270,20,3,0.15,0,0.0
10592,5476,10,40270,30,4,0.13333333333333333,0,0.0
10593,5476,10,40270,40,5,0.125,0,0.0
10594,5476,10,40270,50,6,0.12,0,0.0
10595,5476,11,44297,10,3,0.3,0,0.0
10596,5476,11,44297,20,3,0.15,0,0.0
10597,5476,11,44297,30,4,0.13333333333333333,0,0.0
10598,5476,11,44297,40,5,0.125,0,0.0
10599,5476,11,44297,50,6,0.12,0,0.0
10600,5476,12,48324,10,3,0.3,0,0.0
10601,5476,12,48324,20,3,0.15,0,0.0
10602,5476,12,48324,30,4,0.13333333333333333,0,0.0
10603,5476,12,48324,40,5,0.125,0,0.0
10604,5476,12,48324,50,6,0.12,0,0.0
10605,5476,13,52351,10,3,0.3,0,0.0
10606,5476,13,52351,20,3,0.15,0,0.0
10607,5476,13,52351,30,4,0.13333333333333333,0,0.0
10608,5476,13,52351,40,5,0.125,0,0.0
10609,5476,13,52351,50,6,0.12,0,0.0
10610,5476,14,56378,10,3,0.3,0,0.0
10611,5476,14,56378,20,3,0.15,0,0.0
10612,5476,14,56378,30,4,0.13333333333333333,0,0.0
10613,5476,14,56378,40,5,0.125,0,0.0
10614,5476,14,56378,50,6,0.12,1,0.02
10615,5476,15,60405,10,3,0.3,0,0.0
10616,5476,15,60405,20,3,0.15,0,0.0
10617,5476,15,60405,30,4,0.13333333333333333,0,0.0
10618,5476,15,60405,40,5,0.125,0,0.0
10619,5476,15,60405,50,6,0.12,0,0.0
10620,5476,16,64432,10,3,0.3,0,0.0
10621,5476,16,64432,20,3,0.15,0,0.0
10622,5476,16,64432,30,4,0.13333333333333333,0,0.0
10623,5476,16,64432,40,5,0.125,0,0.0
10624,5476,16,64432,50,6,0.12,0,0.0
10625,5476,17,68459,10,3,0.3,0,0.0
10626,5476,17,68459,20,3,0.15,0,0.0
10627,5476,17,68459,30,4,0.13333333333333333,0,0.0
10628,5476,17,68459,40,5,0.125,0,0.0
10629,5476,17,68459,50,6,0.12,1,0.02
10630,5476,18,72486,10,3,0.3,0,0.0
10631,5476,18,72486,20,3,0.15,0,0.0
10632,5476,18,72486,30,4,0.13333333333333333,0,0.0
10633,5476,18,72486,40,5,0.125,0,0.0
10634,5476,18,72486,50,6,0.12,0,0.0
10635,5476,19,76513,10,3,0.3,0,0.0
10636,5476,19,76513,20,3,0.15,0,0.0
10637,5476,19,76513,30,4,0.13333333333333333,0,0.0
10638,5476,19,76513,40,5,0.125,0,0.0
10639,5476,19,76513,50,6,0.12,0,0.0
10640,5626,1,4027,10,0,0.0,0,0.0
10641,5626,1,4027,20,0,0.0,0,0.0
10642,5626,1,4027,30,0,0.0,0,0.0
10643,5626,1,4027,40,1,0.025,0,0.0
10644,5626,1,4027,50,2,0.04,1,0.02
10645,5626,2,8054,10,0,0.0,0,0.0
10646,5626,2,8054,20,0,0.0,0,0.0
10647,5626,2,8054,30,0,0.0,0,0.0
10648,5626,2,8054,40,1,0.025,0,0.0
10649,5626,2,8054,50,2,0.04,1,0.02
10650,5626,3,12081,10,0,0.0,0,0.0
10651,5626,3,12081,20,0,0.0,0,0.0
10652,5626,3,12081,30,0,0.0,0,0.0
10653,5626,3,12081,40,0,0.0,0,0.0
10654,5626,3,12081,50,0,0.0,0,0.0
10655,5626,4,16108,10,0,0.0,0,0.0
10656,5626,4,16108,20,0,0.0,0,0.0
10657,5626,4,16108,30,0,0.0,0,0.0
10658,5626,4,16108,40,0,0.0,0,0.0
10659,5626,4,16108,50,1,0.02,0,0.0
10660,5626,5,20135,10,0,0.0,0,0.0
10661,5626,5,20135,20,0,0.0,0,0.0
10662,5626,5,20135,30,0,0.0,0,0.0
10663,5626,5,20135,40,2,0.05,1,0.025
10664,5626,5,20135,50,3,0.06,1,0.02
10665,5626,6,24162,10,0,0.0,0,0.0
10666,5626,6,24162,20,0,0.0,0,0.0
10667,5626,6,24162,30,0,0.0,0,0.0
10668,5626,6,24162,40,2,0.05,1,0.025
10669,5626,6,24162,50,3,0.06,1,0.02
10670,5626,7,28189,10,0,0.0,0,0.0
10671,5626,7,28189,20,0,0.0,0,0.0
10672,5626,7,28189,30,0,0.0,0,0.0
10673,5626,7,28189,40,2,0.05,1,0.025
10674,5626,7,28189,50,3,0.06,1,0.02
10675,5626,8,32216,10,0,0.0,0,0.0
10676,5626,8,32216,20,0,0.0,0,0.0
10677,5626,8,32216,30,0,0.0,0,0.0
10678,5626,8,32216,40,0,0.0,0,0.0
10679,5626,8,32216,50,1,0.02,0,0.0
10680,5626,9,36243,10,0,0.0,0,0.0
10681,5626,9,36243,20,0,0.0,0,0.0
10682,5626,9,36243,30,0,0.0,0,0.0
10683,5626,9,36243,40,0,0.0,0,0.0
10684,5626,9,36243,50,2,0.04,0,0.0
10685,5626,10,40270,10,0,0.0,0,0.0
10686,5626,10,40270,20,0,0.0,0,0.0
10687,5626,10,40270,30,0,0.0,0,0.0
10688,5626,10,40270,40,0,0.0,0,0.0
10689,5626,10,40270,50,2,0.04,0,0.0
10690,5626,11,44297,10,0,0.0,0,0.0
10691,5626,11,44297,20,0,0.0,0,0.0
10692,5626,11,44297,30,0,0.0,0,0.0
10693,5626,11,44297,40,0,0.0,0,0.0
10694,5626,11,44297,50,2,0.04,0,0.0
10695,5626,12,48324,10,0,0.0,0,0.0
10696,5626,12,48324,20,0,0.0,0,0.0
10697,5626,12,48324,30,0,0.0,0,0.0
10698,5626,12,48324,40,1,0.025,0,0.0
10699,5626,12,48324,50,3,0.06,1,0.02
10700,5626,13,52351,10,0,0.0,0,0.0
10701,5626,13,52351,20,0,0.0,0,0.0
10702,5626,13,52351,30,0,0.0,0,0.0
10703,5626,13,52351,40,1,0.025,0,0.0
10704,5626,13,52351,50,3,0.06,1,0.02
10705,5626,14,56378,10,0,0.0,0,0.0
10706,5626,14,56378,20,0,0.0,0,0.0
10707,5626,14,56378,30,0,0.0,0,0.0
10708,5626,14,56378,40,1,0.025,0,0.0
10709,5626,14,56378,50,3,0.06,2,0.04
10710,5626,15,60405,10,0,0.0,0,0.0
10711,5626,15,60405,20,0,0.0,0,0.0
10712,5626,15,60405,30,0,0.0,0,0.0
10713,5626,15,60405,40,1,0.025,0,0.0
10714,5626,15,60405,50,3,0.06,2,0.04
10715,5626,16,64432,10,0,0.0,0,0.0
10716,5626,16,64432,20,0,0.0,0,0.0
10717,5626,16,64432,30,0,0.0,0,0.0
10718,5626,16,64432,40,2,0.05,1,0.025
10719,5626,16,64432,50,3,0.06,1,0.02
10720,5626,17,68459,10,0,0.0,0,0.0
10721,5626,17,68459,20,0,0.0,0,0.0
10722,5626,17,68459,30,0,0.0,0,0.0
10723,5626,17,68459,40,2,0.05,1,0.025
10724,5626,17,68459,50,3,0.06,1,0.02
10725,5626,18,72486,10,0,0.0,0,0.0
10726,5626,18,72486,20,0,0.0,0,0.0
10727,5626,18,72486,30,0,0.0,0,0.0
10728,5626,18,72486,40,1,0.025,0,0.0
10729,5626,18,72486,50,3,0.06,1,0.02
10730,5626,19,76513,10,0,0.0,0,0.0
10731,5626,19,76513,20,0,0.0,0,0.0
10732,5626,19,76513,30,0,0.0,0,0.0
10733,5626,19,76513,40,1,0.025,0,0.0
10734,5626,19,76513,50,2,0.04,1,0.02
10735,6560,1,4027,10,4,0.4,1,0.1
10736,6560,1,4027,20,10,0.5,3,0.15
10737,6560,1,4027,30,11,0.36666666666666664,3,0.1
10738,6560,1,4027,40,11,0.275,3,0.075
10739,6560,1,4027,50,11,0.22,3,0.06
10740,6560,2,8054,10,5,0.5,2,0.2
10741,6560,2,8054,20,9,0.45,3,0.15
10742,6560,2,8054,30,10,0.3333333333333333,3,0.1
10743,6560,2,8054,40,10,0.25,3,0.075
10744,6560,2,8054,50,11,0.22,3,0.06
10745,6560,3,12081,10,4,0.4,1,0.1
10746,6560,3,12081,20,5,0.25,2,0.1
10747,6560,3,12081,30,8,0.26666666666666666,3,0.1
10748,6560,3,12081,40,8,0.2,3,0.075
10749,6560,3,12081,50,10,0.2,3,0.06
10750,6560,4,16108,10,4,0.4,1,0.1
10751,6560,4,16108,20,4,0.2,1,0.05
10752,6560,4,16108,30,8,0.26666666666666666,3,0.1
10753,6560,4,16108,40,8,0.2,3,0.075
10754,6560,4,16108,50,9,0.18,3,0.06
10755,6560,5,20135,10,4,0.4,1,0.1
10756,6560,5,20135,20,4,0.2,1,0.05
10757,6560,5,20135,30,5,0.16666666666666666,2,0.06666666666666667
10758,6560,5,20135,40,8,0.2,3,0.075
10759,6560,5,20135,50,8,0.16,3,0.06
10760,6560,6,24162,10,4,0.4,1,0.1
10761,6560,6,24162,20,8,0.4,3,0.15
10762,6560,6,24162,30,10,0.3333333333333333,3,0.1
10763,6560,6,24162,40,10,0.25,3,0.075
10764,6560,6,24162,50,10,0.2,3,0.06
10765,6560,7,28189,10,4,0.4,1,0.1
10766,6560,7,28189,20,8,0.4,3,0.15
10767,6560,7,28189,30,10,0.3333333333333333,3,0.1
10768,6560,7,28189,40,10,0.25,3,0.075
10769,6560,7,28189,50,10,0.2,3,0.06
10770,6560,8,32216,10,4,0.4,1,0.1
10771,6560,8,32216,20,7,0.35,3,0.15
10772,6560,8,32216,30,8,0.26666666666666666,3,0.1
10773,6560,8,32216,40,9,0.225,3,0.075
10774,6560,8,32216,50,10,0.2,3,0.06
10775,6560,9,36243,10,4,0.4,1,0.1
10776,6560,9,36243,20,7,0.35,3,0.15
10777,6560,9,36243,30,8,0.26666666666666666,3,0.1
10778,6560,9,36243,40,9,0.225,3,0.075
10779,6560,9,36243,50,10,0.2,3,0.06
10780,6560,10,40270,10,4,0.4,1,0.1
10781,6560,10,40270,20,7,0.35,3,0.15
10782,6560,10,40270,30,8,0.26666666666666666,3,0.1
10783,6560,10,40270,40,8,0.2,3,0.075
10784,6560,10,40270,50,10,0.2,3,0.06
10785,6560,11,44297,10,4,0.4,1,0.1
10786,6560,11,44297,20,5,0.25,2,0.1
10787,6560,11,44297,30,8,0.26666666666666666,3,0.1
10788,6560,11,44297,40,8,0.2,3,0.075
10789,6560,11,44297,50,10,0.2,3,0.06
10790,6560,12,48324,10,4,0.4,1,0.1
10791,6560,12,48324,20,4,0.2,1,0.05
10792,6560,12,48324,30,7,0.23333333333333334,3,0.1
10793,6560,12,48324,40,8,0.2,3,0.075
10794,6560,12,48324,50,8,0.16,3,0.06
10795,6560,13,52351,10,4,0.4,1,0.1
10796,6560,13,52351,20,4,0.2,1,0.05
10797,6560,13,52351,30,4,0.13333333333333333,1,0.03333333333333333
10798,6560,13,52351,40,8,0.2,3,0.075
10799,6560,13,52351,50,8,0.16,3,0.06
10800,6560,14,56378,10,4,0.4,1,0.1
10801,6560,14,56378,20,4,0.2,1,0.05
10802,6560,14,56378,30,4,0.13333333333333333,1,0.03333333333333333
10803,6560,14,56378,40,6,0.15,2,0.05
10804,6560,14,56378,50,8,0.16,3,0.06
10805,6560,15,60405,10,4,0.4,1,0.1
10806,6560,15,60405,20,4,0.2,1,0.05
10807,6560,15,60405,30,4,0.13333333333333333,1,0.03333333333333333
10808,6560,15,60405,40,5,0.125,2,0.05
10809,6560,15,60405,50,8,0.16,3,0.06
10810,6560,16,64432,10,4,0.4,1,0.1
10811,6560,16,64432,20,4,0.2,1,0.05
10812,6560,16,64432,30,4,0.13333333333333333,1,0.03333333333333333
10813,6560,16,64432,40,4,0.1,1,0.025
10814,6560,16,64432,50,8,0.16,3,0.06
10815,6560,17,68459,10,3,0.3,1,0.1
10816,6560,17,68459,20,4,0.2,1,0.05
10817,6560,17,68459,30,4,0.13333333333333333,1,0.03333333333333333
10818,6560,17,68459,40,4,0.1,1,0.025
10819,6560,17,68459,50,7,0.14,3,0.06
10820,6560,18,72486,10,3,0.3,1,0.1
10821,6560,18,72486,20,4,0.2,1,0.05
10822,6560,18,72486,30,4,0.13333333333333333,1,0.03333333333333333
10823,6560,18,72486,40,4,0.1,1,0.025
10824,6560,18,72486,50,7,0.14,2,0.04
10825,6560,19,76513,10,3,0.3,1,0.1
10826,6560,19,76513,20,4,0.2,1,0.05
10827,6560,19,76513,30,4,0.13333333333333333,1,0.03333333333333333
10828,6560,19,76513,40,4,0.1,1,0.025
10829,6560,19,76513,50,5,0.1,1,0.02
10830,6634,1,4027,10,1,0.1,0,0.0
10831,6634,1,4027,20,1,0.05,0,0.0
10832,6634,1,4027,30,1,0.03333333333333333,0,0.0
10833,6634,1,4027,40,1,0.025,0,0.0
10834,6634,1,4027,50,4,0.08,0,0.0
10835,6634,2,8054,10,1,0.1,0,0.0
10836,6634,2,8054,20,1,0.05,0,0.0
10837,6634,2,8054,30,1,0.03333333333333333,0,0.0
10838,6634,2,8054,40,2,0.05,0,0.0
10839,6634,2,8054,50,4,0.08,0,0.0
10840,6634,3,12081,10,1,0.1,0,0.0
10841,6634,3,12081,20,1,0.05,0,0.0
10842,6634,3,12081,30,1,0.03333333333333333,0,0.0
10843,6634,3,12081,40,2,0.05,0,0.0
10844,6634,3,12081,50,5,0.1,0,0.0
10845,6634,4,16108,10,1,0.1,0,0.0
10846,6634,4,16108,20,1,0.05,0,0.0
10847,6634,4,16108,30,1,0.03333333333333333,0,0.0
10848,6634,4,16108,40,2,0.05,0,0.0
10849,6634,4,16108,50,4,0.08,0,0.0
10850,6634,5,20135,10,1,0.1,0,0.0
10851,6634,5,20135,20,1,0.05,0,0.0
10852,6634,5,20135,30,1,0.03333333333333333,0,0.0
10853,6634,5,20135,40,1,0.025,0,0.0
10854,6634,5,20135,50,4,0.08,0,0.0
10855,6634,6,24162,10,1,0.1,0,0.0
10856,6634,6,24162,20,1,0.05,0,0.0
10857,6634,6,24162,30,1,0.03333333333333333,0,0.0
10858,6634,6,24162,40,1,0.025,0,0.0
10859,6634,6,24162,50,4,0.08,0,0.0
10860,6634,7,28189,10,1,0.1,0,0.0
10861,6634,7,28189,20,1,0.05,0,0.0
10862,6634,7,28189,30,1,0.03333333333333333,0,0.0
10863,6634,7,28189,40,1,0.025,0,0.0
10864,6634,7,28189,50,4,0.08,0,0.0
10865,6634,8,32216,10,1,0.1,0,0.0
10866,6634,8,32216,20,1,0.05,0,0.0
10867,6634,8,32216,30,1,0.03333333333333333,0,0.0
10868,6634,8,32216,40,1,0.025,0,0.0
10869,6634,8,32216,50,4,0.08,0,0.0
10870,6634,9,36243,10,1,0.1,0,0.0
10871,6634,9,36243,20,1,0.05,0,0.0
10872,6634,9,36243,30,1,0.03333333333333333,0,0.0
10873,6634,9,36243,40,1,0.025,0,0.0
10874,6634,9,36243,50,4,0.08,0,0.0
10875,6634,10,40270,10,1,0.1,0,0.0
10876,6634,10,40270,20,1,0.05,0,0.0
10877,6634,10,40270,30,1,0.03333333333333333,0,0.0
10878,6634,10,40270,40,1,0.025,0,0.0
10879,6634,10,40270,50,5,0.1,0,0.0
10880,6634,11,44297,10,1,0.1,0,0.0
10881,6634,11,44297,20,1,0.05,0,0.0
10882,6634,11,44297,30,1,0.03333333333333333,0,0.0
10883,6634,11,44297,40,1,0.025,0,0.0
10884,6634,11,44297,50,4,0.08,0,0.0
10885,6634,12,48324,10,1,0.1,0,0.0
10886,6634,12,48324,20,1,0.05,0,0.0
10887,6634,12,48324,30,1,0.03333333333333333,0,0.0
10888,6634,12,48324,40,1,0.025,0,0.0
10889,6634,12,48324,50,4,0.08,0,0.0
10890,6634,13,52351,10,1,0.1,0,0.0
10891,6634,13,52351,20,1,0.05,0,0.0
10892,6634,13,52351,30,1,0.03333333333333333,0,0.0
10893,6634,13,52351,40,1,0.025,0,0.0
10894,6634,13,52351,50,4,0.08,0,0.0
10895,6634,14,56378,10,1,0.1,0,0.0
10896,6634,14,56378,20,1,0.05,0,0.0
10897,6634,14,56378,30,1,0.03333333333333333,0,0.0
10898,6634,14,56378,40,1,0.025,0,0.0
10899,6634,14,56378,50,4,0.08,0,0.0
10900,6634,15,60405,10,1,0.1,0,0.0
10901,6634,15,60405,20,1,0.05,0,0.0
10902,6634,15,60405,30,1,0.03333333333333333,0,0.0
10903,6634,15,60405,40,1,0.025,0,0.0
10904,6634,15,60405,50,4,0.08,0,0.0
10905,6634,16,64432,10,1,0.1,0,0.0
10906,6634,16,64432,20,1,0.05,0,0.0
10907,6634,16,64432,30,1,0.03333333333333333,0,0.0
10908,6634,16,64432,40,1,0.025,0,0.0
10909,6634,16,64432,50,4,0.08,0,0.0
10910,6634,17,68459,10,1,0.1,0,0.0
10911,6634,17,68459,20,1,0.05,0,0.0
10912,6634,17,68459,30,1,0.03333333333333333,0,0.0
10913,6634,17,68459,40,1,0.025,0,0.0
10914,6634,17,68459,50,4,0.08,0,0.0
10915,6634,18,72486,10,1,0.1,0,0.0
10916,6634,18,72486,20,1,0.05,0,0.0
10917,6634,18,72486,30,1,0.03333333333333333,0,0.0
10918,6634,18,72486,40,1,0.025,0,0.0
10919,6634,18,72486,50,4,0.08,0,0.0
10920,6634,19,76513,10,1,0.1,0,0.0
10921,6634,19,76513,20,1,0.05,0,0.0
10922,6634,19,76513,30,1,0.03333333333333333,0,0.0
10923,6634,19,76513,40,1,0.025,0,0.0
10924,6634,19,76513,50,4,0.08,0,0.0
10925,6686,1,4027,10,2,0.2,2,0.2
10926,6686,1,4027,20,4,0.2,4,0.2
10927,6686,1,4027,30,5,0.16666666666666666,5,0.16666666666666666
10928,6686,1,4027,40,5,0.125,5,0.125
10929,6686,1,4027,50,5,0.1,5,0.1
10930,6686,2,8054,10,2,0.2,2,0.2
10931,6686,2,8054,20,2,0.1,2,0.1
10932,6686,2,8054,30,4,0.13333333333333333,3,0.1
10933,6686,2,8054,40,9,0.225,5,0.125
10934,6686,2,8054,50,9,0.18,5,0.1
10935,6686,3,12081,10,1,0.1,0,0.0
10936,6686,3,12081,20,6,0.3,2,0.1
10937,6686,3,12081,30,6,0.2,2,0.06666666666666667
10938,6686,3,12081,40,6,0.15,2,0.05
10939,6686,3,12081,50,6,0.12,2,0.04
10940,6686,4,16108,10,1,0.1,0,0.0
10941,6686,4,16108,20,5,0.25,2,0.1
10942,6686,4,16108,30,6,0.2,2,0.06666666666666667
10943,6686,4,16108,40,6,0.15,2,0.05
10944,6686,4,16108,50,6,0.12,2,0.04
10945,6686,5,20135,10,2,0.2,1,0.1
10946,6686,5,20135,20,3,0.15,2,0.1
10947,6686,5,20135,30,4,0.13333333333333333,2,0.06666666666666667
10948,6686,5,20135,40,7,0.175,3,0.075
10949,6686,5,20135,50,8,0.16,4,0.08
10950,6686,6,24162,10,2,0.2,2,0.2
10951,6686,6,24162,20,2,0.1,2,0.1
10952,6686,6,24162,30,3,0.1,3,0.1
10953,6686,6,24162,40,5,0.125,5,0.125
10954,6686,6,24162,50,5,0.1,5,0.1
10955,6686,7,28189,10,2,0.2,1,0.1
10956,6686,7,28189,20,2,0.1,2,0.1
10957,6686,7,28189,30,3,0.1,3,0.1
10958,6686,7,28189,40,5,0.125,5,0.125
10959,6686,7,28189,50,5,0.1,5,0.1
10960,6686,8,32216,10,2,0.2,1,0.1
10961,6686,8,32216,20,2,0.1,2,0.1
10962,6686,8,32216,30,3,0.1,3,0.1
10963,6686,8,32216,40,5,0.125,5,0.125
10964,6686,8,32216,50,5,0.1,5,0.1
10965,6686,9,36243,10,2,0.2,1,0.1
10966,6686,9,36243,20,2,0.1,1,0.05
10967,6686,9,36243,30,3,0.1,3,0.1
10968,6686,9,36243,40,5,0.125,5,0.125
10969,6686,9,36243,50,5,0.1,5,0.1
10970,6686,10,40270,10,2,0.2,1,0.1
10971,6686,10,40270,20,2,0.1,2,0.1
10972,6686,10,40270,30,3,0.1,3,0.1
10973,6686,10,40270,40,4,0.1,4,0.1
10974,6686,10,40270,50,5,0.1,5,0.1
10975,6686,11,44297,10,2,0.2,1,0.1
10976,6686,11,44297,20,2,0.1,2,0.1
10977,6686,11,44297,30,3,0.1,3,0.1
10978,6686,11,44297,40,4,0.1,4,0.1
10979,6686,11,44297,50,5,0.1,5,0.1
10980,6686,12,48324,10,2,0.2,1,0.1
10981,6686,12,48324,20,2,0.1,2,0.1
10982,6686,12,48324,30,3,0.1,3,0.1
10983,6686,12,48324,40,5,0.125,5,0.125
10984,6686,12,48324,50,5,0.1,5,0.1
10985,6686,13,52351,10,2,0.2,1,0.1
10986,6686,13,52351,20,2,0.1,2,0.1
10987,6686,13,52351,30,3,0.1,3,0.1
10988,6686,13,52351,40,4,0.1,4,0.1
10989,6686,13,52351,50,5,0.1,5,0.1
10990,6686,14,56378,10,2,0.2,1,0.1
10991,6686,14,56378,20,2,0.1,2,0.1
10992,6686,14,56378,30,3,0.1,3,0.1
10993,6686,14,56378,40,5,0.125,5,0.125
10994,6686,14,56378,50,5,0.1,5,0.1
10995,6686,15,60405,10,2,0.2,2,0.2
10996,6686,15,60405,20,2,0.1,2,0.1
10997,6686,15,60405,30,3,0.1,3,0.1
10998,6686,15,60405,40,5,0.125,5,0.125
10999,6686,15,60405,50,6,0.12,5,0.1
11000,6686,16,64432,10,2,0.2,1,0.1
11001,6686,16,64432,20,2,0.1,1,0.05
11002,6686,16,64432,30,2,0.06666666666666667,1,0.03333333333333333
11003,6686,16,64432,40,5,0.125,5,0.125
11004,6686,16,64432,50,5,0.1,5,0.1
11005,6686,17,68459,10,1,0.1,0,0.0
11006,6686,17,68459,20,4,0.2,1,0.05
11007,6686,17,68459,30,6,0.2,1,0.03333333333333333
11008,6686,17,68459,40,6,0.15,1,0.025
11009,6686,17,68459,50,6,0.12,2,0.04
11010,6686,18,72486,10,1,0.1,0,0.0
11011,6686,18,72486,20,4,0.2,1,0.05
11012,6686,18,72486,30,6,0.2,1,0.03333333333333333
11013,6686,18,72486,40,6,0.15,1,0.025
11014,6686,18,72486,50,6,0.12,2,0.04
11015,6686,19,76513,10,1,0.1,0,0.0
11016,6686,19,76513,20,4,0.2,1,0.05
11017,6686,19,76513,30,6,0.2,1,0.03333333333333333
11018,6686,19,76513,40,6,0.15,2,0.05
11019,6686,19,76513,50,7,0.14,3,0.06
11020,6729,1,4027,10,2,0.2,2,0.2
11021,6729,1,4027,20,5,0.25,5,0.25
11022,6729,1,4027,30,7,0.23333333333333334,6,0.2
11023,6729,1,4027,40,7,0.175,6,0.15
11024,6729,1,4027,50,10,0.2,7,0.14
11025,6729,2,8054,10,2,0.2,2,0.2
11026,6729,2,8054,20,5,0.25,5,0.25
11027,6729,2,8054,30,7,0.23333333333333334,6,0.2
11028,6729,2,8054,40,7,0.175,6,0.15
11029,6729,2,8054,50,10,0.2,7,0.14
11030,6729,3,12081,10,3,0.3,2,0.2
11031,6729,3,12081,20,6,0.3,4,0.2
11032,6729,3,12081,30,7,0.23333333333333334,6,0.2
11033,6729,3,12081,40,7,0.175,6,0.15
11034,6729,3,12081,50,10,0.2,7,0.14
11035,6729,4,16108,10,3,0.3,2,0.2
11036,6729,4,16108,20,6,0.3,4,0.2
11037,6729,4,16108,30,7,0.23333333333333334,6,0.2
11038,6729,4,16108,40,7,0.175,6,0.15
11039,6729,4,16108,50,10,0.2,7,0.14
11040,6729,5,20135,10,3,0.3,2,0.2
11041,6729,5,20135,20,6,0.3,4,0.2
11042,6729,5,20135,30,7,0.23333333333333334,6,0.2
11043,6729,5,20135,40,7,0.175,6,0.15
11044,6729,5,20135,50,10,0.2,7,0.14
11045,6729,6,24162,10,3,0.3,2,0.2
11046,6729,6,24162,20,5,0.25,5,0.25
11047,6729,6,24162,30,7,0.23333333333333334,6,0.2
11048,6729,6,24162,40,7,0.175,6,0.15
11049,6729,6,24162,50,10,0.2,7,0.14
11050,6729,7,28189,10,3,0.3,2,0.2
11051,6729,7,28189,20,5,0.25,5,0.25
11052,6729,7,28189,30,7,0.23333333333333334,6,0.2
11053,6729,7,28189,40,7,0.175,6,0.15
11054,6729,7,28189,50,10,0.2,7,0.14
11055,6729,8,32216,10,3,0.3,2,0.2
11056,6729,8,32216,20,5,0.25,5,0.25
11057,6729,8,32216,30,6,0.2,5,0.16666666666666666
11058,6729,8,32216,40,7,0.175,6,0.15
11059,6729,8,32216,50,9,0.18,6,0.12
11060,6729,9,36243,10,2,0.2,2,0.2
11061,6729,9,36243,20,5,0.25,5,0.25
11062,6729,9,36243,30,6,0.2,5,0.16666666666666666
11063,6729,9,36243,40,7,0.175,6,0.15
11064,6729,9,36243,50,9,0.18,6,0.12
11065,6729,10,40270,10,2,0.2,2,0.2
11066,6729,10,40270,20,5,0.25,5,0.25
11067,6729,10,40270,30,7,0.23333333333333334,6,0.2
11068,6729,10,40270,40,7,0.175,6,0.15
11069,6729,10,40270,50,9,0.18,6,0.12
11070,6729,11,44297,10,2,0.2,2,0.2
11071,6729,11,44297,20,6,0.3,4,0.2
11072,6729,11,44297,30,7,0.23333333333333334,6,0.2
11073,6729,11,44297,40,7,0.175,6,0.15
11074,6729,11,44297,50,10,0.2,7,0.14
11075,6729,12,48324,10,2,0.2,2,0.2
11076,6729,12,48324,20,6,0.3,4,0.2
11077,6729,12,48324,30,7,0.23333333333333334,6,0.2
11078,6729,12,48324,40,7,0.175,6,0.15
11079,6729,12,48324,50,10,0.2,7,0.14
11080,6729,13,52351,10,2,0.2,2,0.2
11081,6729,13,52351,20,6,0.3,4,0.2
11082,6729,13,52351,30,7,0.23333333333333334,6,0.2
11083,6729,13,52351,40,7,0.175,6,0.15
11084,6729,13,52351,50,10,0.2,7,0.14
11085,6729,14,56378,10,2,0.2,2,0.2
11086,6729,14,56378,20,5,0.25,5,0.25
11087,6729,14,56378,30,7,0.23333333333333334,6,0.2
11088,6729,14,56378,40,7,0.175,6,0.15
11089,6729,14,56378,50,10,0.2,7,0.14
11090,6729,15,60405,10,2,0.2,2,0.2
11091,6729,15,60405,20,5,0.25,5,0.25
11092,6729,15,60405,30,7,0.23333333333333334,6,0.2
11093,6729,15,60405,40,7,0.175,6,0.15
11094,6729,15,60405,50,10,0.2,7,0.14
11095,6729,16,64432,10,2,0.2,2,0.2
11096,6729,16,64432,20,5,0.25,5,0.25
11097,6729,16,64432,30,7,0.23333333333333334,6,0.2
11098,6729,16,64432,40,7,0.175,6,0.15
11099,6729,16,64432,50,9,0.18,6,0.12
11100,6729,17,68459,10,2,0.2,2,0.2
11101,6729,17,68459,20,7,0.35,5,0.25
11102,6729,17,68459,30,7,0.23333333333333334,6,0.2
11103,6729,17,68459,40,8,0.2,7,0.175
11104,6729,17,68459,50,10,0.2,7,0.14
11105,6729,18,72486,10,2,0.2,2,0.2
11106,6729,18,72486,20,7,0.35,5,0.25
11107,6729,18,72486,30,7,0.23333333333333334,6,0.2
11108,6729,18,72486,40,8,0.2,7,0.175
11109,6729,18,72486,50,10,0.2,7,0.14
11110,6729,19,76513,10,2,0.2,2,0.2
11111,6729,19,76513,20,7,0.35,5,0.25
11112,6729,19,76513,30,7,0.23333333333333334,6,0.2
11113,6729,19,76513,40,8,0.2,7,0.175
11114,6729,19,76513,50,10,0.2,7,0.14
11115,6996,1,4027,10,1,0.1,0,0.0
11116,6996,1,4027,20,3,0.15,0,0.0
11117,6996,1,4027,30,3,0.1,0,0.0
11118,6996,1,4027,40,3,0.075,0,0.0
11119,6996,1,4027,50,3,0.06,1,0.02
11120,6996,2,8054,10,1,0.1,0,0.0
11121,6996,2,8054,20,3,0.15,0,0.0
11122,6996,2,8054,30,3,0.1,0,0.0
11123,6996,2,8054,40,3,0.075,0,0.0
11124,6996,2,8054,50,3,0.06,0,0.0
11125,6996,3,12081,10,1,0.1,0,0.0
11126,6996,3,12081,20,1,0.05,0,0.0
11127,6996,3,12081,30,3,0.1,0,0.0
11128,6996,3,12081,40,3,0.075,0,0.0
11129,6996,3,12081,50,3,0.06,0,0.0
11130,6996,4,16108,10,1,0.1,0,0.0
11131,6996,4,16108,20,1,0.05,0,0.0
11132,6996,4,16108,30,3,0.1,0,0.0
11133,6996,4,16108,40,3,0.075,0,0.0
11134,6996,4,16108,50,3,0.06,0,0.0
11135,6996,5,20135,10,1,0.1,0,0.0
11136,6996,5,20135,20,1,0.05,0,0.0
11137,6996,5,20135,30,3,0.1,0,0.0
11138,6996,5,20135,40,3,0.075,0,0.0
11139,6996,5,20135,50,3,0.06,0,0.0
11140,6996,6,24162,10,1,0.1,0,0.0
11141,6996,6,24162,20,1,0.05,0,0.0
11142,6996,6,24162,30,3,0.1,0,0.0
11143,6996,6,24162,40,3,0.075,0,0.0
11144,6996,6,24162,50,3,0.06,0,0.0
11145,6996,7,28189,10,1,0.1,0,0.0
11146,6996,7,28189,20,1,0.05,0,0.0
11147,6996,7,28189,30,3,0.1,0,0.0
11148,6996,7,28189,40,3,0.075,0,0.0
11149,6996,7,28189,50,3,0.06,0,0.0
11150,6996,8,32216,10,1,0.1,0,0.0
11151,6996,8,32216,20,3,0.15,0,0.0
11152,6996,8,32216,30,3,0.1,0,0.0
11153,6996,8,32216,40,3,0.075,0,0.0
11154,6996,8,32216,50,3,0.06,0,0.0
11155,6996,9,36243,10,1,0.1,0,0.0
11156,6996,9,36243,20,3,0.15,0,0.0
11157,6996,9,36243,30,3,0.1,0,0.0
11158,6996,9,36243,40,3,0.075,0,0.0
11159,6996,9,36243,50,3,0.06,0,0.0
11160,6996,10,40270,10,1,0.1,0,0.0
11161,6996,10,40270,20,3,0.15,0,0.0
11162,6996,10,40270,30,3,0.1,0,0.0
11163,6996,10,40270,40,3,0.075,0,0.0
11164,6996,10,40270,50,3,0.06,0,0.0
11165,6996,11,44297,10,1,0.1,0,0.0
11166,6996,11,44297,20,3,0.15,0,0.0
11167,6996,11,44297,30,3,0.1,0,0.0
11168,6996,11,44297,40,3,0.075,0,0.0
11169,6996,11,44297,50,3,0.06,0,0.0
11170,6996,12,48324,10,1,0.1,0,0.0
11171,6996,12,48324,20,3,0.15,0,0.0
11172,6996,12,48324,30,3,0.1,0,0.0
11173,6996,12,48324,40,3,0.075,0,0.0
11174,6996,12,48324,50,3,0.06,0,0.0
11175,6996,13,52351,10,1,0.1,0,0.0
11176,6996,13,52351,20,3,0.15,0,0.0
11177,6996,13,52351,30,3,0.1,0,0.0
11178,6996,13,52351,40,3,0.075,0,0.0
11179,6996,13,52351,50,3,0.06,0,0.0
11180,6996,14,56378,10,1,0.1,0,0.0
11181,6996,14,56378,20,3,0.15,0,0.0
11182,6996,14,56378,30,3,0.1,0,0.0
11183,6996,14,56378,40,3,0.075,0,0.0
11184,6996,14,56378,50,3,0.06,0,0.0
11185,6996,15,60405,10,1,0.1,0,0.0
11186,6996,15,60405,20,3,0.15,0,0.0
11187,6996,15,60405,30,3,0.1,0,0.0
11188,6996,15,60405,40,3,0.075,0,0.0
11189,6996,15,60405,50,3,0.06,0,0.0
11190,6996,16,64432,10,1,0.1,0,0.0
11191,6996,16,64432,20,2,0.1,0,0.0
11192,6996,16,64432,30,3,0.1,0,0.0
11193,6996,16,64432,40,3,0.075,0,0.0
11194,6996,16,64432,50,3,0.06,0,0.0
11195,6996,17,68459,10,1,0.1,0,0.0
11196,6996,17,68459,20,2,0.1,0,0.0
11197,6996,17,68459,30,3,0.1,0,0.0
11198,6996,17,68459,40,3,0.075,0,0.0
11199,6996,17,68459,50,3,0.06,0,0.0
11200,6996,18,72486,10,1,0.1,0,0.0
11201,6996,18,72486,20,2,0.1,0,0.0
11202,6996,18,72486,30,3,0.1,0,0.0
11203,6996,18,72486,40,3,0.075,0,0.0
11204,6996,18,72486,50,3,0.06,0,0.0
11205,6996,19,76513,10,1,0.1,0,0.0
11206,6996,19,76513,20,2,0.1,0,0.0
11207,6996,19,76513,30,3,0.1,0,0.0
11208,6996,19,76513,40,3,0.075,0,0.0
11209,6996,19,76513,50,3,0.06,0,0.0
11210,7263,1,4027,10,4,0.4,0,0.0
11211,7263,1,4027,20,6,0.3,0,0.0
11212,7263,1,4027,30,6,0.2,0,0.0
11213,7263,1,4027,40,8,0.2,0,0.0
11214,7263,1,4027,50,11,0.22,1,0.02
11215,7263,2,8054,10,5,0.5,0,0.0
11216,7263,2,8054,20,6,0.3,0,0.0
11217,7263,2,8054,30,6,0.2,0,0.0
11218,7263,2,8054,40,8,0.2,0,0.0
11219,7263,2,8054,50,11,0.22,1,0.02
11220,7263,3,12081,10,5,0.5,0,0.0
11221,7263,3,12081,20,6,0.3,0,0.0
11222,7263,3,12081,30,6,0.2,0,0.0
11223,7263,3,12081,40,8,0.2,0,0.0
11224,7263,3,12081,50,11,0.22,1,0.02
11225,7263,4,16108,10,5,0.5,0,0.0
11226,7263,4,16108,20,6,0.3,0,0.0
11227,7263,4,16108,30,6,0.2,0,0.0
11228,7263,4,16108,40,8,0.2,0,0.0
11229,7263,4,16108,50,11,0.22,1,0.02
11230,7263,5,20135,10,5,0.5,0,0.0
11231,7263,5,20135,20,6,0.3,0,0.0
11232,7263,5,20135,30,6,0.2,0,0.0
11233,7263,5,20135,40,8,0.2,0,0.0
11234,7263,5,20135,50,11,0.22,1,0.02
11235,7263,6,24162,10,5,0.5,0,0.0
11236,7263,6,24162,20,6,0.3,0,0.0
11237,7263,6,24162,30,6,0.2,0,0.0
11238,7263,6,24162,40,8,0.2,0,0.0
11239,7263,6,24162,50,11,0.22,1,0.02
11240,7263,7,28189,10,5,0.5,0,0.0
11241,7263,7,28189,20,6,0.3,0,0.0
11242,7263,7,28189,30,6,0.2,0,0.0
11243,7263,7,28189,40,8,0.2,0,0.0
11244,7263,7,28189,50,11,0.22,1,0.02
11245,7263,8,32216,10,5,0.5,0,0.0
11246,7263,8,32216,20,5,0.25,0,0.0
11247,7263,8,32216,30,6,0.2,0,0.0
11248,7263,8,32216,40,8,0.2,0,0.0
11249,7263,8,32216,50,11,0.22,1,0.02
11250,7263,9,36243,10,5,0.5,0,0.0
11251,7263,9,36243,20,5,0.25,0,0.0
11252,7263,9,36243,30,6,0.2,0,0.0
11253,7263,9,36243,40,8,0.2,0,0.0
11254,7263,9,36243,50,11,0.22,1,0.02
11255,7263,10,40270,10,5,0.5,0,0.0
11256,7263,10,40270,20,5,0.25,0,0.0
11257,7263,10,40270,30,6,0.2,0,0.0
11258,7263,10,40270,40,8,0.2,0,0.0
11259,7263,10,40270,50,11,0.22,1,0.02
11260,7263,11,44297,10,4,0.4,0,0.0
11261,7263,11,44297,20,5,0.25,0,0.0
11262,7263,11,44297,30,6,0.2,0,0.0
11263,7263,11,44297,40,8,0.2,0,0.0
11264,7263,11,44297,50,11,0.22,1,0.02
11265,7263,12,48324,10,4,0.4,0,0.0
11266,7263,12,48324,20,5,0.25,0,0.0
11267,7263,12,48324,30,6,0.2,0,0.0
11268,7263,12,48324,40,8,0.2,0,0.0
11269,7263,12,48324,50,11,0.22,1,0.02
11270,7263,13,52351,10,4,0.4,0,0.0
11271,7263,13,52351,20,5,0.25,0,0.0
11272,7263,13,52351,30,6,0.2,0,0.0
11273,7263,13,52351,40,8,0.2,0,0.0
11274,7263,13,52351,50,10,0.2,1,0.02
11275,7263,14,56378,10,4,0.4,0,0.0
11276,7263,14,56378,20,5,0.25,0,0.0
11277,7263,14,56378,30,6,0.2,0,0.0
11278,7263,14,56378,40,8,0.2,0,0.0
11279,7263,14,56378,50,10,0.2,1,0.02
11280,7263,15,60405,10,3,0.3,0,0.0
11281,7263,15,60405,20,5,0.25,0,0.0
11282,7263,15,60405,30,6,0.2,0,0.0
11283,7263,15,60405,40,8,0.2,0,0.0
11284,7263,15,60405,50,10,0.2,1,0.02
11285,7263,16,64432,10,4,0.4,0,0.0
11286,7263,16,64432,20,5,0.25,0,0.0
11287,7263,16,64432,30,6,0.2,0,0.0
11288,7263,16,64432,40,8,0.2,0,0.0
11289,7263,16,64432,50,10,0.2,1,0.02
11290,7263,17,68459,10,4,0.4,0,0.0
11291,7263,17,68459,20,5,0.25,0,0.0
11292,7263,17,68459,30,6,0.2,0,0.0
11293,7263,17,68459,40,8,0.2,1,0.025
11294,7263,17,68459,50,10,0.2,1,0.02
11295,7263,18,72486,10,4,0.4,0,0.0
11296,7263,18,72486,20,5,0.25,0,0.0
11297,7263,18,72486,30,6,0.2,0,0.0
11298,7263,18,72486,40,8,0.2,1,0.025
11299,7263,18,72486,50,10,0.2,1,0.02
11300,7263,19,76513,10,3,0.3,0,0.0
11301,7263,19,76513,20,5,0.25,0,0.0
11302,7263,19,76513,30,6,0.2,0,0.0
11303,7263,19,76513,40,8,0.2,1,0.025
11304,7263,19,76513,50,10,0.2,1,0.02
11305,7288,1,4027,10,2,0.2,2,0.2
11306,7288,1,4027,20,4,0.2,2,0.1
11307,7288,1,4027,30,4,0.13333333333333333,2,0.06666666666666667
11308,7288,1,4027,40,4,0.1,2,0.05
11309,7288,1,4027,50,4,0.08,2,0.04
11310,7288,2,8054,10,2,0.2,2,0.2
11311,7288,2,8054,20,4,0.2,2,0.1
11312,7288,2,8054,30,4,0.13333333333333333,2,0.06666666666666667
11313,7288,2,8054,40,4,0.1,2,0.05
11314,7288,2,8054,50,4,0.08,2,0.04
11315,7288,3,12081,10,2,0.2,2,0.2
11316,7288,3,12081,20,4,0.2,2,0.1
11317,7288,3,12081,30,4,0.13333333333333333,2,0.06666666666666667
11318,7288,3,12081,40,4,0.1,2,0.05
11319,7288,3,12081,50,4,0.08,2,0.04
11320,7288,4,16108,10,2,0.2,2,0.2
11321,7288,4,16108,20,4,0.2,2,0.1
11322,7288,4,16108,30,4,0.13333333333333333,2,0.06666666666666667
11323,7288,4,16108,40,4,0.1,2,0.05
11324,7288,4,16108,50,4,0.08,2,0.04
11325,7288,5,20135,10,2,0.2,2,0.2
11326,7288,5,20135,20,4,0.2,2,0.1
11327,7288,5,20135,30,4,0.13333333333333333,2,0.06666666666666667
11328,7288,5,20135,40,4,0.1,2,0.05
11329,7288,5,20135,50,4,0.08,2,0.04
11330,7288,6,24162,10,2,0.2,2,0.2
11331,7288,6,24162,20,4,0.2,2,0.1
11332,7288,6,24162,30,4,0.13333333333333333,2,0.06666666666666667
11333,7288,6,24162,40,4,0.1,2,0.05
11334,7288,6,24162,50,4,0.08,2,0.04
11335,7288,7,28189,10,2,0.2,2,0.2
11336,7288,7,28189,20,4,0.2,2,0.1
11337,7288,7,28189,30,4,0.13333333333333333,2,0.06666666666666667
11338,7288,7,28189,40,4,0.1,2,0.05
11339,7288,7,28189,50,4,0.08,2,0.04
11340,7288,8,32216,10,3,0.3,2,0.2
11341,7288,8,32216,20,4,0.2,2,0.1
11342,7288,8,32216,30,4,0.13333333333333333,2,0.06666666666666667
11343,7288,8,32216,40,4,0.1,2,0.05
11344,7288,8,32216,50,4,0.08,2,0.04
11345,7288,9,36243,10,3,0.3,2,0.2
11346,7288,9,36243,20,4,0.2,2,0.1
11347,7288,9,36243,30,4,0.13333333333333333,2,0.06666666666666667
11348,7288,9,36243,40,4,0.1,2,0.05
11349,7288,9,36243,50,4,0.08,2,0.04
11350,7288,10,40270,10,3,0.3,2,0.2
11351,7288,10,40270,20,4,0.2,2,0.1
11352,7288,10,40270,30,4,0.13333333333333333,2,0.06666666666666667
11353,7288,10,40270,40,4,0.1,2,0.05
11354,7288,10,40270,50,4,0.08,2,0.04
11355,7288,11,44297,10,3,0.3,2,0.2
11356,7288,11,44297,20,4,0.2,2,0.1
11357,7288,11,44297,30,4,0.13333333333333333,2,0.06666666666666667
11358,7288,11,44297,40,4,0.1,2,0.05
11359,7288,11,44297,50,4,0.08,2,0.04
11360,7288,12,48324,10,3,0.3,2,0.2
11361,7288,12,48324,20,4,0.2,2,0.1
11362,7288,12,48324,30,4,0.13333333333333333,2,0.06666666666666667
11363,7288,12,48324,40,4,0.1,2,0.05
11364,7288,12,48324,50,4,0.08,2,0.04
11365,7288,13,52351,10,3,0.3,2,0.2
11366,7288,13,52351,20,4,0.2,2,0.1
11367,7288,13,52351,30,4,0.13333333333333333,2,0.06666666666666667
11368,7288,13,52351,40,4,0.1,2,0.05
11369,7288,13,52351,50,4,0.08,2,0.04
11370,7288,14,56378,10,3,0.3,2,0.2
11371,7288,14,56378,20,4,0.2,2,0.1
11372,7288,14,56378,30,4,0.13333333333333333,2,0.06666666666666667
11373,7288,14,56378,40,4,0.1,2,0.05
11374,7288,14,56378,50,4,0.08,2,0.04
11375,7288,15,60405,10,3,0.3,2,0.2
11376,7288,15,60405,20,4,0.2,2,0.1
11377,7288,15,60405,30,4,0.13333333333333333,2,0.06666666666666667
11378,7288,15,60405,40,4,0.1,2,0.05
11379,7288,15,60405,50,4,0.08,2,0.04
11380,7288,16,64432,10,3,0.3,2,0.2
11381,7288,16,64432,20,4,0.2,2,0.1
11382,7288,16,64432,30,4,0.13333333333333333,2,0.06666666666666667
11383,7288,16,64432,40,4,0.1,2,0.05
11384,7288,16,64432,50,4,0.08,2,0.04
11385,7288,17,68459,10,3,0.3,2,0.2
11386,7288,17,68459,20,4,0.2,2,0.1
11387,7288,17,68459,30,4,0.13333333333333333,2,0.06666666666666667
11388,7288,17,68459,40,4,0.1,2,0.05
11389,7288,17,68459,50,4,0.08,2,0.04
11390,7288,18,72486,10,3,0.3,2,0.2
11391,7288,18,72486,20,4,0.2,2,0.1
11392,7288,18,72486,30,4,0.13333333333333333,2,0.06666666666666667
11393,7288,18,72486,40,4,0.1,2,0.05
11394,7288,18,72486,50,4,0.08,2,0.04
11395,7288,19,76513,10,3,0.3,2,0.2
11396,7288,19,76513,20,4,0.2,2,0.1
11397,7288,19,76513,30,4,0.13333333333333333,2,0.06666666666666667
11398,7288,19,76513,40,4,0.1,2,0.05
11399,7288,19,76513,50,4,0.08,2,0.04
11400,7695,1,4027,10,2,0.2,0,0.0
11401,7695,1,4027,20,2,0.1,0,0.0
11402,7695,1,4027,30,3,0.1,0,0.0
11403,7695,1,4027,40,3,0.075,0,0.0
11404,7695,1,4027,50,4,0.08,0,0.0
11405,7695,2,8054,10,2,0.2,0,0.0
11406,7695,2,8054,20,2,0.1,0,0.0
11407,7695,2,8054,30,3,0.1,0,0.0
11408,7695,2,8054,40,3,0.075,0,0.0
11409,7695,2,8054,50,4,0.08,0,0.0
11410,7695,3,12081,10,2,0.2,0,0.0
11411,7695,3,12081,20,2,0.1,0,0.0
11412,7695,3,12081,30,3,0.1,0,0.0
11413,7695,3,12081,40,3,0.075,0,0.0
11414,7695,3,12081,50,5,0.1,0,0.0
11415,7695,4,16108,10,2,0.2,0,0.0
11416,7695,4,16108,20,2,0.1,0,0.0
11417,7695,4,16108,30,2,0.06666666666666667,0,0.0
11418,7695,4,16108,40,3,0.075,0,0.0
11419,7695,4,16108,50,4,0.08,0,0.0
11420,7695,5,20135,10,2,0.2,0,0.0
11421,7695,5,20135,20,2,0.1,0,0.0
11422,7695,5,20135,30,2,0.06666666666666667,0,0.0
11423,7695,5,20135,40,3,0.075,0,0.0
11424,7695,5,20135,50,4,0.08,0,0.0
11425,7695,6,24162,10,2,0.2,0,0.0
11426,7695,6,24162,20,2,0.1,0,0.0
11427,7695,6,24162,30,3,0.1,0,0.0
11428,7695,6,24162,40,3,0.075,0,0.0
11429,7695,6,24162,50,4,0.08,0,0.0
11430,7695,7,28189,10,2,0.2,0,0.0
11431,7695,7,28189,20,2,0.1,0,0.0
11432,7695,7,28189,30,2,0.06666666666666667,0,0.0
11433,7695,7,28189,40,3,0.075,0,0.0
11434,7695,7,28189,50,3,0.06,0,0.0
11435,7695,8,32216,10,2,0.2,0,0.0
11436,7695,8,32216,20,2,0.1,0,0.0
11437,7695,8,32216,30,3,0.1,0,0.0
11438,7695,8,32216,40,3,0.075,0,0.0
11439,7695,8,32216,50,4,0.08,0,0.0
11440,7695,9,36243,10,2,0.2,0,0.0
11441,7695,9,36243,20,2,0.1,0,0.0
11442,7695,9,36243,30,3,0.1,0,0.0
11443,7695,9,36243,40,3,0.075,0,0.0
11444,7695,9,36243,50,4,0.08,0,0.0
11445,7695,10,40270,10,2,0.2,0,0.0
11446,7695,10,40270,20,2,0.1,0,0.0
11447,7695,10,40270,30,3,0.1,0,0.0
11448,7695,10,40270,40,4,0.1,0,0.0
11449,7695,10,40270,50,4,0.08,0,0.0
11450,7695,11,44297,10,2,0.2,0,0.0
11451,7695,11,44297,20,2,0.1,0,0.0
11452,7695,11,44297,30,3,0.1,0,0.0
11453,7695,11,44297,40,4,0.1,0,0.0
11454,7695,11,44297,50,4,0.08,0,0.0
11455,7695,12,48324,10,2,0.2,0,0.0
11456,7695,12,48324,20,2,0.1,0,0.0
11457,7695,12,48324,30,3,0.1,0,0.0
11458,7695,12,48324,40,4,0.1,0,0.0
11459,7695,12,48324,50,4,0.08,0,0.0
11460,7695,13,52351,10,2,0.2,0,0.0
11461,7695,13,52351,20,2,0.1,0,0.0
11462,7695,13,52351,30,3,0.1,0,0.0
11463,7695,13,52351,40,4,0.1,0,0.0
11464,7695,13,52351,50,4,0.08,0,0.0
11465,7695,14,56378,10,2,0.2,0,0.0
11466,7695,14,56378,20,2,0.1,0,0.0
11467,7695,14,56378,30,3,0.1,0,0.0
11468,7695,14,56378,40,4,0.1,0,0.0
11469,7695,14,56378,50,4,0.08,0,0.0
11470,7695,15,60405,10,2,0.2,0,0.0
11471,7695,15,60405,20,2,0.1,0,0.0
11472,7695,15,60405,30,3,0.1,0,0.0
11473,7695,15,60405,40,3,0.075,0,0.0
11474,7695,15,60405,50,4,0.08,0,0.0
11475,7695,16,64432,10,2,0.2,0,0.0
11476,7695,16,64432,20,2,0.1,0,0.0
11477,7695,16,64432,30,3,0.1,0,0.0
11478,7695,16,64432,40,3,0.075,0,0.0
11479,7695,16,64432,50,4,0.08,0,0.0
11480,7695,17,68459,10,2,0.2,0,0.0
11481,7695,17,68459,20,2,0.1,0,0.0
11482,7695,17,68459,30,3,0.1,0,0.0
11483,7695,17,68459,40,4,0.1,0,0.0
11484,7695,17,68459,50,4,0.08,0,0.0
11485,7695,18,72486,10,2,0.2,0,0.0
11486,7695,18,72486,20,2,0.1,0,0.0
11487,7695,18,72486,30,3,0.1,0,0.0
11488,7695,18,72486,40,4,0.1,0,0.0
11489,7695,18,72486,50,4,0.08,0,0.0
11490,7695,19,76513,10,2,0.2,0,0.0
11491,7695,19,76513,20,2,0.1,0,0.0
11492,7695,19,76513,30,3,0.1,0,0.0
11493,7695,19,76513,40,4,0.1,0,0.0
11494,7695,19,76513,50,4,0.08,0,0.0
11495,8555,1,4027,10,6,0.6,0,0.0
11496,8555,1,4027,20,13,0.65,1,0.05
11497,8555,1,4027,30,15,0.5,2,0.06666666666666667
11498,8555,1,4027,40,15,0.375,2,0.05
11499,8555,1,4027,50,15,0.3,2,0.04
11500,8555,2,8054,10,6,0.6,0,0.0
11501,8555,2,8054,20,13,0.65,1,0.05
11502,8555,2,8054,30,15,0.5,2,0.06666666666666667
11503,8555,2,8054,40,15,0.375,2,0.05
11504,8555,2,8054,50,15,0.3,2,0.04
11505,8555,3,12081,10,6,0.6,0,0.0
11506,8555,3,12081,20,13,0.65,1,0.05
11507,8555,3,12081,30,14,0.4666666666666667,1,0.03333333333333333
11508,8555,3,12081,40,15,0.375,2,0.05
11509,8555,3,12081,50,15,0.3,2,0.04
11510,8555,4,16108,10,6,0.6,0,0.0
11511,8555,4,16108,20,12,0.6,1,0.05
11512,8555,4,16108,30,14,0.4666666666666667,1,0.03333333333333333
11513,8555,4,16108,40,15,0.375,2,0.05
11514,8555,4,16108,50,15,0.3,2,0.04
11515,8555,5,20135,10,6,0.6,0,0.0
11516,8555,5,20135,20,6,0.3,0,0.0
11517,8555,5,20135,30,12,0.4,1,0.03333333333333333
11518,8555,5,20135,40,14,0.35,1,0.025
11519,8555,5,20135,50,15,0.3,2,0.04
11520,8555,6,24162,10,6,0.6,0,0.0
11521,8555,6,24162,20,6,0.3,0,0.0
11522,8555,6,24162,30,13,0.43333333333333335,1,0.03333333333333333
11523,8555,6,24162,40,14,0.35,1,0.025
11524,8555,6,24162,50,15,0.3,1,0.02
11525,8555,7,28189,10,6,0.6,0,0.0
11526,8555,7,28189,20,6,0.3,0,0.0
11527,8555,7,28189,30,13,0.43333333333333335,1,0.03333333333333333
11528,8555,7,28189,40,14,0.35,1,0.025
11529,8555,7,28189,50,15,0.3,1,0.02
11530,8555,8,32216,10,6,0.6,0,0.0
11531,8555,8,32216,20,6,0.3,0,0.0
11532,8555,8,32216,30,12,0.4,1,0.03333333333333333
11533,8555,8,32216,40,14,0.35,1,0.025
11534,8555,8,32216,50,15,0.3,1,0.02
11535,8555,9,36243,10,6,0.6,0,0.0
11536,8555,9,36243,20,6,0.3,0,0.0
11537,8555,9,36243,30,12,0.4,1,0.03333333333333333
11538,8555,9,36243,40,14,0.35,1,0.025
11539,8555,9,36243,50,15,0.3,1,0.02
11540,8555,10,40270,10,6,0.6,0,0.0
11541,8555,10,40270,20,6,0.3,0,0.0
11542,8555,10,40270,30,11,0.36666666666666664,0,0.0
11543,8555,10,40270,40,14,0.35,1,0.025
11544,8555,10,40270,50,15,0.3,1,0.02
11545,8555,11,44297,10,6,0.6,0,0.0
11546,8555,11,44297,20,6,0.3,0,0.0
11547,8555,11,44297,30,11,0.36666666666666664,0,0.0
11548,8555,11,44297,40,14,0.35,1,0.025
11549,8555,11,44297,50,15,0.3,1,0.02
11550,8555,12,48324,10,6,0.6,0,0.0
11551,8555,12,48324,20,6,0.3,0,0.0
11552,8555,12,48324,30,11,0.36666666666666664,0,0.0
11553,8555,12,48324,40,14,0.35,1,0.025
11554,8555,12,48324,50,15,0.3,1,0.02
11555,8555,13,52351,10,6,0.6,0,0.0
11556,8555,13,52351,20,6,0.3,0,0.0
11557,8555,13,52351,30,11,0.36666666666666664,0,0.0
11558,8555,13,52351,40,14,0.35,1,0.025
11559,8555,13,52351,50,17,0.34,1,0.02
11560,8555,14,56378,10,6,0.6,0,0.0
11561,8555,14,56378,20,6,0.3,0,0.0
11562,8555,14,56378,30,12,0.4,0,0.0
11563,8555,14,56378,40,14,0.35,1,0.025
11564,8555,14,56378,50,17,0.34,1,0.02
11565,8555,15,60405,10,6,0.6,0,0.0
11566,8555,15,60405,20,6,0.3,0,0.0
11567,8555,15,60405,30,10,0.3333333333333333,0,0.0
11568,8555,15,60405,40,16,0.4,1,0.025
11569,8555,15,60405,50,17,0.34,1,0.02
11570,8555,16,64432,10,5,0.5,0,0.0
11571,8555,16,64432,20,6,0.3,0,0.0
11572,8555,16,64432,30,11,0.36666666666666664,0,0.0
11573,8555,16,64432,40,15,0.375,0,0.0
11574,8555,16,64432,50,17,0.34,3,0.06
11575,8555,17,68459,10,6,0.6,0,0.0
11576,8555,17,68459,20,6,0.3,0,0.0
11577,8555,17,68459,30,8,0.26666666666666666,0,0.0
11578,8555,17,68459,40,14,0.35,0,0.0
11579,8555,17,68459,50,16,0.32,1,0.02
11580,8555,18,72486,10,6,0.6,0,0.0
11581,8555,18,72486,20,6,0.3,0,0.0
11582,8555,18,72486,30,9,0.3,0,0.0
11583,8555,18,72486,40,14,0.35,0,0.0
11584,8555,18,72486,50,16,0.32,1,0.02
11585,8555,19,76513,10,6,0.6,0,0.0
11586,8555,19,76513,20,6,0.3,0,0.0
11587,8555,19,76513,30,9,0.3,0,0.0
11588,8555,19,76513,40,14,0.35,0,0.0
11589,8555,19,76513,50,16,0.32,1,0.02
11590,9087,1,4027,10,4,0.4,0,0.0
11591,9087,1,4027,20,8,0.4,3,0.15
11592,9087,1,4027,30,11,0.36666666666666664,4,0.13333333333333333
11593,9087,1,4027,40,15,0.375,4,0.1
11594,9087,1,4027,50,17,0.34,4,0.08
11595,9087,2,8054,10,2,0.2,0,0.0
11596,9087,2,8054,20,3,0.15,0,0.0
11597,9087,2,8054,30,4,0.13333333333333333,0,0.0
11598,9087,2,8054,40,4,0.1,0,0.0
11599,9087,2,8054,50,4,0.08,0,0.0
11600,9087,3,12081,10,3,0.3,0,0.0
11601,9087,3,12081,20,5,0.25,0,0.0
11602,9087,3,12081,30,5,0.16666666666666666,0,0.0
11603,9087,3,12081,40,7,0.175,0,0.0
11604,9087,3,12081,50,8,0.16,1,0.02
11605,9087,4,16108,10,3,0.3,0,0.0
11606,9087,4,16108,20,5,0.25,0,0.0
11607,9087,4,16108,30,5,0.16666666666666666,0,0.0
11608,9087,4,16108,40,5,0.125,0,0.0
11609,9087,4,16108,50,5,0.1,0,0.0
11610,9087,5,20135,10,3,0.3,0,0.0
11611,9087,5,20135,20,5,0.25,0,0.0
11612,9087,5,20135,30,5,0.16666666666666666,0,0.0
11613,9087,5,20135,40,5,0.125,0,0.0
11614,9087,5,20135,50,5,0.1,0,0.0
11615,9087,6,24162,10,3,0.3,0,0.0
11616,9087,6,24162,20,5,0.25,0,0.0
11617,9087,6,24162,30,5,0.16666666666666666,0,0.0
11618,9087,6,24162,40,5,0.125,0,0.0
11619,9087,6,24162,50,5,0.1,0,0.0
11620,9087,7,28189,10,3,0.3,0,0.0
11621,9087,7,28189,20,4,0.2,0,0.0
11622,9087,7,28189,30,5,0.16666666666666666,0,0.0
11623,9087,7,28189,40,5,0.125,0,0.0
11624,9087,7,28189,50,5,0.1,0,0.0
11625,9087,8,32216,10,4,0.4,0,0.0
11626,9087,8,32216,20,8,0.4,2,0.1
11627,9087,8,32216,30,10,0.3333333333333333,3,0.1
11628,9087,8,32216,40,12,0.3,3,0.075
11629,9087,8,32216,50,13,0.26,3,0.06
11630,9087,9,36243,10,6,0.6,2,0.2
11631,9087,9,36243,20,8,0.4,2,0.1
11632,9087,9,36243,30,10,0.3333333333333333,3,0.1
11633,9087,9,36243,40,13,0.325,3,0.075
11634,9087,9,36243,50,14,0.28,3,0.06
11635,9087,10,40270,10,5,0.5,1,0.1
11636,9087,10,40270,20,9,0.45,2,0.1
11637,9087,10,40270,30,10,0.3333333333333333,3,0.1
11638,9087,10,40270,40,13,0.325,3,0.075
11639,9087,10,40270,50,14,0.28,3,0.06
11640,9087,11,44297,10,5,0.5,1,0.1
11641,9087,11,44297,20,9,0.45,2,0.1
11642,9087,11,44297,30,10,0.3333333333333333,3,0.1
11643,9087,11,44297,40,14,0.35,3,0.075
11644,9087,11,44297,50,14,0.28,3,0.06
11645,9087,12,48324,10,5,0.5,1,0.1
11646,9087,12,48324,20,9,0.45,2,0.1
11647,9087,12,48324,30,10,0.3333333333333333,3,0.1
11648,9087,12,48324,40,14,0.35,3,0.075
11649,9087,12,48324,50,14,0.28,3,0.06
11650,9087,13,52351,10,5,0.5,1,0.1
11651,9087,13,52351,20,8,0.4,2,0.1
11652,9087,13,52351,30,10,0.3333333333333333,3,0.1
11653,9087,13,52351,40,12,0.3,3,0.075
11654,9087,13,52351,50,15,0.3,3,0.06
11655,9087,14,56378,10,5,0.5,1,0.1
11656,9087,14,56378,20,8,0.4,2,0.1
11657,9087,14,56378,30,9,0.3,3,0.1
11658,9087,14,56378,40,12,0.3,3,0.075
11659,9087,14,56378,50,16,0.32,3,0.06
11660,9087,15,60405,10,4,0.4,0,0.0
11661,9087,15,60405,20,7,0.35,1,0.05
11662,9087,15,60405,30,9,0.3,2,0.06666666666666667
11663,9087,15,60405,40,12,0.3,2,0.05
11664,9087,15,60405,50,14,0.28,3,0.06
11665,9087,16,64432,10,3,0.3,0,0.0
11666,9087,16,64432,20,7,0.35,1,0.05
11667,9087,16,64432,30,9,0.3,2,0.06666666666666667
11668,9087,16,64432,40,10,0.25,2,0.05
11669,9087,16,64432,50,12,0.24,2,0.04
11670,9087,17,68459,10,5,0.5,1,0.1
11671,9087,17,68459,20,8,0.4,2,0.1
11672,9087,17,68459,30,9,0.3,2,0.06666666666666667
11673,9087,17,68459,40,13,0.325,3,0.075
11674,9087,17,68459,50,15,0.3,3,0.06
11675,9087,18,72486,10,4,0.4,1,0.1
11676,9087,18,72486,20,7,0.35,2,0.1
11677,9087,18,72486,30,9,0.3,3,0.1
11678,9087,18,72486,40,12,0.3,3,0.075
11679,9087,18,72486,50,16,0.32,3,0.06
11680,9087,19,76513,10,5,0.5,1,0.1
11681,9087,19,76513,20,7,0.35,2,0.1
11682,9087,19,76513,30,10,0.3333333333333333,3,0.1
11683,9087,19,76513,40,12,0.3,3,0.075
11684,9087,19,76513,50,15,0.3,3,0.06
11685,9091,1,4027,10,1,0.1,0,0.0
11686,9091,1,4027,20,2,0.1,1,0.05
11687,9091,1,4027,30,3,0.1,2,0.06666666666666667
11688,9091,1,4027,40,4,0.1,3,0.075
11689,9091,1,4027,50,5,0.1,4,0.08
11690,9091,2,8054,10,1,0.1,0,0.0
11691,9091,2,8054,20,1,0.05,0,0.0
11692,9091,2,8054,30,2,0.06666666666666667,2,0.06666666666666667
11693,9091,2,8054,40,4,0.1,3,0.075
11694,9091,2,8054,50,4,0.08,4,0.08
11695,9091,3,12081,10,1,0.1,0,0.0
11696,9091,3,12081,20,1,0.05,1,0.05
11697,9091,3,12081,30,2,0.06666666666666667,1,0.03333333333333333
11698,9091,3,12081,40,4,0.1,3,0.075
11699,9091,3,12081,50,4,0.08,3,0.06
11700,9091,4,16108,10,0,0.0,0,0.0
11701,9091,4,16108,20,2,0.1,1,0.05
11702,9091,4,16108,30,2,0.06666666666666667,1,0.03333333333333333
11703,9091,4,16108,40,2,0.05,1,0.025
11704,9091,4,16108,50,4,0.08,3,0.06
11705,9091,5,20135,10,0,0.0,0,0.0
11706,9091,5,20135,20,2,0.1,1,0.05
11707,9091,5,20135,30,2,0.06666666666666667,1,0.03333333333333333
11708,9091,5,20135,40,2,0.05,1,0.025
11709,9091,5,20135,50,4,0.08,3,0.06
11710,9091,6,24162,10,0,0.0,0,0.0
11711,9091,6,24162,20,2,0.1,1,0.05
11712,9091,6,24162,30,2,0.06666666666666667,1,0.03333333333333333
11713,9091,6,24162,40,2,0.05,1,0.025
11714,9091,6,24162,50,4,0.08,3,0.06
11715,9091,7,28189,10,0,0.0,0,0.0
11716,9091,7,28189,20,2,0.1,1,0.05
11717,9091,7,28189,30,2,0.06666666666666667,1,0.03333333333333333
11718,9091,7,28189,40,2,0.05,1,0.025
11719,9091,7,28189,50,4,0.08,3,0.06
11720,9091,8,32216,10,0,0.0,0,0.0
11721,9091,8,32216,20,2,0.1,1,0.05
11722,9091,8,32216,30,2,0.06666666666666667,1,0.03333333333333333
11723,9091,8,32216,40,2,0.05,1,0.025
11724,9091,8,32216,50,4,0.08,3,0.06
11725,9091,9,36243,10,0,0.0,0,0.0
11726,9091,9,36243,20,2,0.1,1,0.05
11727,9091,9,36243,30,2,0.06666666666666667,1,0.03333333333333333
11728,9091,9,36243,40,2,0.05,1,0.025
11729,9091,9,36243,50,4,0.08,3,0.06
11730,9091,10,40270,10,0,0.0,0,0.0
11731,9091,10,40270,20,2,0.1,1,0.05
11732,9091,10,40270,30,2,0.06666666666666667,1,0.03333333333333333
11733,9091,10,40270,40,2,0.05,1,0.025
11734,9091,10,40270,50,4,0.08,3,0.06
11735,9091,11,44297,10,0,0.0,0,0.0
11736,9091,11,44297,20,2,0.1,0,0.0
11737,9091,11,44297,30,2,0.06666666666666667,1,0.03333333333333333
11738,9091,11,44297,40,2,0.05,1,0.025
11739,9091,11,44297,50,4,0.08,4,0.08
11740,9091,12,48324,10,0,0.0,0,0.0
11741,9091,12,48324,20,2,0.1,0,0.0
11742,9091,12,48324,30,2,0.06666666666666667,1,0.03333333333333333
11743,9091,12,48324,40,2,0.05,1,0.025
11744,9091,12,48324,50,4,0.08,4,0.08
11745,9091,13,52351,10,0,0.0,0,0.0
11746,9091,13,52351,20,2,0.1,0,0.0
11747,9091,13,52351,30,2,0.06666666666666667,1,0.03333333333333333
11748,9091,13,52351,40,2,0.05,1,0.025
11749,9091,13,52351,50,4,0.08,4,0.08
11750,9091,14,56378,10,0,0.0,0,0.0
11751,9091,14,56378,20,2,0.1,0,0.0
11752,9091,14,56378,30,2,0.06666666666666667,1,0.03333333333333333
11753,9091,14,56378,40,2,0.05,1,0.025
11754,9091,14,56378,50,3,0.06,3,0.06
11755,9091,15,60405,10,0,0.0,0,0.0
11756,9091,15,60405,20,2,0.1,0,0.0
11757,9091,15,60405,30,2,0.06666666666666667,1,0.03333333333333333
11758,9091,15,60405,40,2,0.05,1,0.025
11759,9091,15,60405,50,3,0.06,3,0.06
11760,9091,16,64432,10,0,0.0,0,0.0
11761,9091,16,64432,20,2,0.1,0,0.0
11762,9091,16,64432,30,2,0.06666666666666667,2,0.06666666666666667
11763,9091,16,64432,40,2,0.05,2,0.05
11764,9091,16,64432,50,2,0.04,2,0.04
11765,9091,17,68459,10,0,0.0,0,0.0
11766,9091,17,68459,20,2,0.1,0,0.0
11767,9091,17,68459,30,2,0.06666666666666667,2,0.06666666666666667
11768,9091,17,68459,40,2,0.05,2,0.05
11769,9091,17,68459,50,4,0.08,4,0.08
11770,9091,18,72486,10,0,0.0,0,0.0
11771,9091,18,72486,20,2,0.1,1,0.05
11772,9091,18,72486,30,2,0.06666666666666667,2,0.06666666666666667
11773,9091,18,72486,40,2,0.05,2,0.05
11774,9091,18,72486,50,4,0.08,4,0.08
11775,9091,19,76513,10,0,0.0,0,0.0
11776,9091,19,76513,20,2,0.1,1,0.05
11777,9091,19,76513,30,2,0.06666666666666667,2,0.06666666666666667
11778,9091,19,76513,40,2,0.05,2,0.05
11779,9091,19,76513,50,3,0.06,3,0.06
11780,9526,1,4027,10,1,0.1,1,0.1
11781,9526,1,4027,20,3,0.15,1,0.05
11782,9526,1,4027,30,7,0.23333333333333334,3,0.1
11783,9526,1,4027,40,9,0.225,3,0.075
11784,9526,1,4027,50,11,0.22,4,0.08
11785,9526,2,8054,10,0,0.0,0,0.0
11786,9526,2,8054,20,1,0.05,1,0.05
11787,9526,2,8054,30,2,0.06666666666666667,1,0.03333333333333333
11788,9526,2,8054,40,3,0.075,2,0.05
11789,9526,2,8054,50,3,0.06,2,0.04
11790,9526,3,12081,10,0,0.0,0,0.0
11791,9526,3,12081,20,0,0.0,0,0.0
11792,9526,3,12081,30,2,0.06666666666666667,1,0.03333333333333333
11793,9526,3,12081,40,2,0.05,1,0.025
11794,9526,3,12081,50,2,0.04,1,0.02
11795,9526,4,16108,10,0,0.0,0,0.0
11796,9526,4,16108,20,0,0.0,0,0.0
11797,9526,4,16108,30,1,0.03333333333333333,1,0.03333333333333333
11798,9526,4,16108,40,2,0.05,1,0.025
11799,9526,4,16108,50,2,0.04,1,0.02
11800,9526,5,20135,10,0,0.0,0,0.0
11801,9526,5,20135,20,0,0.0,0,0.0
11802,9526,5,20135,30,1,0.03333333333333333,1,0.03333333333333333
11803,9526,5,20135,40,2,0.05,1,0.025
11804,9526,5,20135,50,3,0.06,1,0.02
11805,9526,6,24162,10,0,0.0,0,0.0
11806,9526,6,24162,20,1,0.05,1,0.05
11807,9526,6,24162,30,2,0.06666666666666667,1,0.03333333333333333
11808,9526,6,24162,40,2,0.05,1,0.025
11809,9526,6,24162,50,2,0.04,1,0.02
11810,9526,7,28189,10,0,0.0,0,0.0
11811,9526,7,28189,20,0,0.0,0,0.0
11812,9526,7,28189,30,1,0.03333333333333333,1,0.03333333333333333
11813,9526,7,28189,40,2,0.05,1,0.025
11814,9526,7,28189,50,2,0.04,1,0.02
11815,9526,8,32216,10,0,0.0,0,0.0
11816,9526,8,32216,20,0,0.0,0,0.0
11817,9526,8,32216,30,1,0.03333333333333333,1,0.03333333333333333
11818,9526,8,32216,40,2,0.05,1,0.025
11819,9526,8,32216,50,2,0.04,1,0.02
11820,9526,9,36243,10,0,0.0,0,0.0
11821,9526,9,36243,20,0,0.0,0,0.0
11822,9526,9,36243,30,1,0.03333333333333333,1,0.03333333333333333
11823,9526,9,36243,40,2,0.05,1,0.025
11824,9526,9,36243,50,2,0.04,1,0.02
11825,9526,10,40270,10,0,0.0,0,0.0
11826,9526,10,40270,20,0,0.0,0,0.0
11827,9526,10,40270,30,1,0.03333333333333333,1,0.03333333333333333
11828,9526,10,40270,40,2,0.05,1,0.025
11829,9526,10,40270,50,2,0.04,1,0.02
11830,9526,11,44297,10,0,0.0,0,0.0
11831,9526,11,44297,20,0,0.0,0,0.0
11832,9526,11,44297,30,1,0.03333333333333333,1,0.03333333333333333
11833,9526,11,44297,40,2,0.05,1,0.025
11834,9526,11,44297,50,2,0.04,1,0.02
11835,9526,12,48324,10,0,0.0,0,0.0
11836,9526,12,48324,20,0,0.0,0,0.0
11837,9526,12,48324,30,1,0.03333333333333333,1,0.03333333333333333
11838,9526,12,48324,40,2,0.05,1,0.025
11839,9526,12,48324,50,2,0.04,1,0.02
11840,9526,13,52351,10,0,0.0,0,0.0
11841,9526,13,52351,20,0,0.0,0,0.0
11842,9526,13,52351,30,1,0.03333333333333333,1,0.03333333333333333
11843,9526,13,52351,40,2,0.05,1,0.025
11844,9526,13,52351,50,2,0.04,1,0.02
11845,9526,14,56378,10,0,0.0,0,0.0
11846,9526,14,56378,20,0,0.0,0,0.0
11847,9526,14,56378,30,1,0.03333333333333333,1,0.03333333333333333
11848,9526,14,56378,40,2,0.05,1,0.025
11849,9526,14,56378,50,2,0.04,1,0.02
11850,9526,15,60405,10,0,0.0,0,0.0
11851,9526,15,60405,20,0,0.0,0,0.0
11852,9526,15,60405,30,1,0.03333333333333333,1,0.03333333333333333
11853,9526,15,60405,40,2,0.05,1,0.025
11854,9526,15,60405,50,2,0.04,1,0.02
11855,9526,16,64432,10,0,0.0,0,0.0
11856,9526,16,64432,20,0,0.0,0,0.0
11857,9526,16,64432,30,1,0.03333333333333333,1,0.03333333333333333
11858,9526,16,64432,40,2,0.05,1,0.025
11859,9526,16,64432,50,2,0.04,1,0.02
11860,9526,17,68459,10,0,0.0,0,0.0
11861,9526,17,68459,20,0,0.0,0,0.0
11862,9526,17,68459,30,2,0.06666666666666667,1,0.03333333333333333
11863,9526,17,68459,40,2,0.05,1,0.025
11864,9526,17,68459,50,2,0.04,1,0.02
11865,9526,18,72486,10,0,0.0,0,0.0
11866,9526,18,72486,20,0,0.0,0,0.0
11867,9526,18,72486,30,1,0.03333333333333333,1,0.03333333333333333
11868,9526,18,72486,40,2,0.05,1,0.025
11869,9526,18,72486,50,2,0.04,1,0.02
11870,9526,19,76513,10,0,0.0,0,0.0
11871,9526,19,76513,20,0,0.0,0,0.0
11872,9526,19,76513,30,1,0.03333333333333333,1,0.03333333333333333
11873,9526,19,76513,40,2,0.05,1,0.025
11874,9526,19,76513,50,2,0.04,1,0.02
11875,9777,1,4027,10,1,0.1,0,0.0
11876,9777,1,4027,20,1,0.05,0,0.0
11877,9777,1,4027,30,6,0.2,0,0.0
11878,9777,1,4027,40,8,0.2,1,0.025
11879,9777,1,4027,50,11,0.22,1,0.02
11880,9777,2,8054,10,1,0.1,0,0.0
11881,9777,2,8054,20,1,0.05,0,0.0
11882,9777,2,8054,30,6,0.2,0,0.0
11883,9777,2,8054,40,9,0.225,1,0.025
11884,9777,2,8054,50,12,0.24,1,0.02
11885,9777,3,12081,10,1,0.1,0,0.0
11886,9777,3,12081,20,2,0.1,0,0.0
11887,9777,3,12081,30,6,0.2,0,0.0
11888,9777,3,12081,40,9,0.225,1,0.025
11889,9777,3,12081,50,12,0.24,1,0.02
11890,9777,4,16108,10,1,0.1,0,0.0
11891,9777,4,16108,20,1,0.05,0,0.0
11892,9777,4,16108,30,6,0.2,0,0.0
11893,9777,4,16108,40,9,0.225,1,0.025
11894,9777,4,16108,50,12,0.24,1,0.02
11895,9777,5,20135,10,1,0.1,0,0.0
11896,9777,5,20135,20,1,0.05,0,0.0
11897,9777,5,20135,30,5,0.16666666666666666,1,0.03333333333333333
11898,9777,5,20135,40,9,0.225,1,0.025
11899,9777,5,20135,50,11,0.22,1,0.02
11900,9777,6,24162,10,1,0.1,0,0.0
11901,9777,6,24162,20,1,0.05,0,0.0
11902,9777,6,24162,30,5,0.16666666666666666,0,0.0
11903,9777,6,24162,40,9,0.225,1,0.025
11904,9777,6,24162,50,11,0.22,1,0.02
11905,9777,7,28189,10,1,0.1,0,0.0
11906,9777,7,28189,20,1,0.05,0,0.0
11907,9777,7,28189,30,6,0.2,0,0.0
11908,9777,7,28189,40,9,0.225,1,0.025
11909,9777,7,28189,50,11,0.22,1,0.02
11910,9777,8,32216,10,1,0.1,0,0.0
11911,9777,8,32216,20,1,0.05,0,0.0
11912,9777,8,32216,30,5,0.16666666666666666,0,0.0
11913,9777,8,32216,40,9,0.225,1,0.025
11914,9777,8,32216,50,11,0.22,1,0.02
11915,9777,9,36243,10,1,0.1,0,0.0
11916,9777,9,36243,20,1,0.05,0,0.0
11917,9777,9,36243,30,6,0.2,0,0.0
11918,9777,9,36243,40,9,0.225,1,0.025
11919,9777,9,36243,50,11,0.22,1,0.02
11920,9777,10,40270,10,1,0.1,0,0.0
11921,9777,10,40270,20,1,0.05,0,0.0
11922,9777,10,40270,30,6,0.2,0,0.0
11923,9777,10,40270,40,9,0.225,1,0.025
11924,9777,10,40270,50,11,0.22,1,0.02
11925,9777,11,44297,10,1,0.1,0,0.0
11926,9777,11,44297,20,1,0.05,0,0.0
11927,9777,11,44297,30,7,0.23333333333333334,1,0.03333333333333333
11928,9777,11,44297,40,8,0.2,1,0.025
11929,9777,11,44297,50,11,0.22,1,0.02
11930,9777,12,48324,10,1,0.1,0,0.0
11931,9777,12,48324,20,1,0.05,0,0.0
11932,9777,12,48324,30,7,0.23333333333333334,1,0.03333333333333333
11933,9777,12,48324,40,8,0.2,1,0.025
11934,9777,12,48324,50,11,0.22,1,0.02
11935,9777,13,52351,10,1,0.1,0,0.0
11936,9777,13,52351,20,1,0.05,0,0.0
11937,9777,13,52351,30,5,0.16666666666666666,1,0.03333333333333333
11938,9777,13,52351,40,9,0.225,1,0.025
11939,9777,13,52351,50,11,0.22,1,0.02
11940,9777,14,56378,10,1,0.1,0,0.0
11941,9777,14,56378,20,1,0.05,0,0.0
11942,9777,14,56378,30,5,0.16666666666666666,1,0.03333333333333333
11943,9777,14,56378,40,9,0.225,1,0.025
11944,9777,14,56378,50,11,0.22,1,0.02
11945,9777,15,60405,10,1,0.1,0,0.0
11946,9777,15,60405,20,1,0.05,0,0.0
11947,9777,15,60405,30,5,0.16666666666666666,1,0.03333333333333333
11948,9777,15,60405,40,9,0.225,1,0.025
11949,9777,15,60405,50,11,0.22,1,0.02
11950,9777,16,64432,10,1,0.1,0,0.0
11951,9777,16,64432,20,1,0.05,0,0.0
11952,9777,16,64432,30,5,0.16666666666666666,1,0.03333333333333333
11953,9777,16,64432,40,9,0.225,1,0.025
11954,9777,16,64432,50,11,0.22,1,0.02
11955,9777,17,68459,10,1,0.1,0,0.0
11956,9777,17,68459,20,1,0.05,0,0.0
11957,9777,17,68459,30,5,0.16666666666666666,1,0.03333333333333333
11958,9777,17,68459,40,9,0.225,1,0.025
11959,9777,17,68459,50,11,0.22,1,0.02
11960,9777,18,72486,10,1,0.1,0,0.0
11961,9777,18,72486,20,1,0.05,0,0.0
11962,9777,18,72486,30,5,0.16666666666666666,1,0.03333333333333333
11963,9777,18,72486,40,9,0.225,1,0.025
11964,9777,18,72486,50,11,0.22,1,0.02
11965,9777,19,76513,10,1,0.1,0,0.0
11966,9777,19,76513,20,1,0.05,0,0.0
11967,9777,19,76513,30,6,0.2,1,0.03333333333333333
11968,9777,19,76513,40,9,0.225,1,0.025
11969,9777,19,76513,50,11,0.22,1,0.02
11970,10013,1,4027,10,0,0.0,0,0.0
11971,10013,1,4027,20,0,0.0,0,0.0
11972,10013,1,4027,30,0,0.0,0,0.0
11973,10013,1,4027,40,1,0.025,0,0.0
11974,10013,1,4027,50,2,0.04,0,0.0
11975,10013,2,8054,10,0,0.0,0,0.0
11976,10013,2,8054,20,1,0.05,0,0.0
11977,10013,2,8054,30,1,0.03333333333333333,0,0.0
11978,10013,2,8054,40,2,0.05,0,0.0
11979,10013,2,8054,50,2,0.04,1,0.02
11980,10013,3,12081,10,0,0.0,0,0.0
11981,10013,3,12081,20,0,0.0,0,0.0
11982,10013,3,12081,30,1,0.03333333333333333,0,0.0
11983,10013,3,12081,40,2,0.05,0,0.0
11984,10013,3,12081,50,2,0.04,0,0.0
11985,10013,4,16108,10,0,0.0,0,0.0
11986,10013,4,16108,20,0,0.0,0,0.0
11987,10013,4,16108,30,0,0.0,0,0.0
11988,10013,4,16108,40,1,0.025,0,0.0
11989,10013,4,16108,50,2,0.04,0,0.0
11990,10013,5,20135,10,0,0.0,0,0.0
11991,10013,5,20135,20,0,0.0,0,0.0
11992,10013,5,20135,30,0,0.0,0,0.0
11993,10013,5,20135,40,0,0.0,0,0.0
11994,10013,5,20135,50,1,0.02,0,0.0
11995,10013,6,24162,10,0,0.0,0,0.0
11996,10013,6,24162,20,0,0.0,0,0.0
11997,10013,6,24162,30,0,0.0,0,0.0
11998,10013,6,24162,40,1,0.025,0,0.0
11999,10013,6,24162,50,1,0.02,0,0.0
12000,10013,7,28189,10,0,0.0,0,0.0
12001,10013,7,28189,20,0,0.0,0,0.0
12002,10013,7,28189,30,0,0.0,0,0.0
12003,10013,7,28189,40,1,0.025,0,0.0
12004,10013,7,28189,50,1,0.02,0,0.0
12005,10013,8,32216,10,0,0.0,0,0.0
12006,10013,8,32216,20,0,0.0,0,0.0
12007,10013,8,32216,30,0,0.0,0,0.0
12008,10013,8,32216,40,1,0.025,0,0.0
12009,10013,8,32216,50,2,0.04,0,0.0
12010,10013,9,36243,10,0,0.0,0,0.0
12011,10013,9,36243,20,0,0.0,0,0.0
12012,10013,9,36243,30,1,0.03333333333333333,0,0.0
12013,10013,9,36243,40,3,0.075,0,0.0
12014,10013,9,36243,50,3,0.06,0,0.0
12015,10013,10,40270,10,0,0.0,0,0.0
12016,10013,10,40270,20,0,0.0,0,0.0
12017,10013,10,40270,30,0,0.0,0,0.0
12018,10013,10,40270,40,1,0.025,0,0.0
12019,10013,10,40270,50,1,0.02,0,0.0
12020,10013,11,44297,10,0,0.0,0,0.0
12021,10013,11,44297,20,0,0.0,0,0.0
12022,10013,11,44297,30,1,0.03333333333333333,0,0.0
12023,10013,11,44297,40,2,0.05,0,0.0
12024,10013,11,44297,50,2,0.04,0,0.0
12025,10013,12,48324,10,0,0.0,0,0.0
12026,10013,12,48324,20,0,0.0,0,0.0
12027,10013,12,48324,30,1,0.03333333333333333,0,0.0
12028,10013,12,48324,40,2,0.05,0,0.0
12029,10013,12,48324,50,2,0.04,0,0.0
12030,10013,13,52351,10,0,0.0,0,0.0
12031,10013,13,52351,20,0,0.0,0,0.0
12032,10013,13,52351,30,1,0.03333333333333333,0,0.0
12033,10013,13,52351,40,2,0.05,0,0.0
12034,10013,13,52351,50,2,0.04,0,0.0
12035,10013,14,56378,10,0,0.0,0,0.0
12036,10013,14,56378,20,0,0.0,0,0.0
12037,10013,14,56378,30,1,0.03333333333333333,0,0.0
12038,10013,14,56378,40,2,0.05,0,0.0
12039,10013,14,56378,50,2,0.04,0,0.0
12040,10013,15,60405,10,0,0.0,0,0.0
12041,10013,15,60405,20,0,0.0,0,0.0
12042,10013,15,60405,30,1,0.03333333333333333,0,0.0
12043,10013,15,60405,40,2,0.05,0,0.0
12044,10013,15,60405,50,2,0.04,0,0.0
12045,10013,16,64432,10,0,0.0,0,0.0
12046,10013,16,64432,20,0,0.0,0,0.0
12047,10013,16,64432,30,2,0.06666666666666667,0,0.0
12048,10013,16,64432,40,2,0.05,0,0.0
12049,10013,16,64432,50,2,0.04,0,0.0
12050,10013,17,68459,10,0,0.0,0,0.0
12051,10013,17,68459,20,0,0.0,0,0.0
12052,10013,17,68459,30,2,0.06666666666666667,0,0.0
12053,10013,17,68459,40,2,0.05,0,0.0
12054,10013,17,68459,50,2,0.04,0,0.0
12055,10013,18,72486,10,0,0.0,0,0.0
12056,10013,18,72486,20,0,0.0,0,0.0
12057,10013,18,72486,30,2,0.06666666666666667,0,0.0
12058,10013,18,72486,40,2,0.05,0,0.0
12059,10013,18,72486,50,2,0.04,0,0.0
12060,10013,19,76513,10,0,0.0,0,0.0
12061,10013,19,76513,20,0,0.0,0,0.0
12062,10013,19,76513,30,2,0.06666666666666667,0,0.0
12063,10013,19,76513,40,2,0.05,0,0.0
12064,10013,19,76513,50,2,0.04,0,0.0
12065,10071,1,4027,10,1,0.1,0,0.0
12066,10071,1,4027,20,1,0.05,0,0.0
12067,10071,1,4027,30,2,0.06666666666666667,0,0.0
12068,10071,1,4027,40,4,0.1,0,0.0
12069,10071,1,4027,50,5,0.1,0,0.0
12070,10071,2,8054,10,1,0.1,0,0.0
12071,10071,2,8054,20,1,0.05,0,0.0
12072,10071,2,8054,30,3,0.1,0,0.0
12073,10071,2,8054,40,4,0.1,0,0.0
12074,10071,2,8054,50,5,0.1,0,0.0
12075,10071,3,12081,10,1,0.1,0,0.0
12076,10071,3,12081,20,1,0.05,0,0.0
12077,10071,3,12081,30,2,0.06666666666666667,0,0.0
12078,10071,3,12081,40,4,0.1,0,0.0
12079,10071,3,12081,50,5,0.1,0,0.0
12080,10071,4,16108,10,1,0.1,0,0.0
12081,10071,4,16108,20,1,0.05,0,0.0
12082,10071,4,16108,30,4,0.13333333333333333,0,0.0
12083,10071,4,16108,40,4,0.1,0,0.0
12084,10071,4,16108,50,5,0.1,0,0.0
12085,10071,5,20135,10,1,0.1,0,0.0
12086,10071,5,20135,20,1,0.05,0,0.0
12087,10071,5,20135,30,4,0.13333333333333333,0,0.0
12088,10071,5,20135,40,4,0.1,0,0.0
12089,10071,5,20135,50,5,0.1,0,0.0
12090,10071,6,24162,10,1,0.1,0,0.0
12091,10071,6,24162,20,1,0.05,0,0.0
12092,10071,6,24162,30,4,0.13333333333333333,0,0.0
12093,10071,6,24162,40,4,0.1,0,0.0
12094,10071,6,24162,50,5,0.1,0,0.0
12095,10071,7,28189,10,1,0.1,0,0.0
12096,10071,7,28189,20,1,0.05,0,0.0
12097,10071,7,28189,30,4,0.13333333333333333,0,0.0
12098,10071,7,28189,40,4,0.1,0,0.0
12099,10071,7,28189,50,5,0.1,0,0.0
12100,10071,8,32216,10,1,0.1,0,0.0
12101,10071,8,32216,20,2,0.1,0,0.0
12102,10071,8,32216,30,4,0.13333333333333333,0,0.0
12103,10071,8,32216,40,4,0.1,0,0.0
12104,10071,8,32216,50,5,0.1,0,0.0
12105,10071,9,36243,10,1,0.1,0,0.0
12106,10071,9,36243,20,1,0.05,0,0.0
12107,10071,9,36243,30,2,0.06666666666666667,0,0.0
12108,10071,9,36243,40,4,0.1,0,0.0
12109,10071,9,36243,50,5,0.1,0,0.0
12110,10071,10,40270,10,1,0.1,0,0.0
12111,10071,10,40270,20,2,0.1,0,0.0
12112,10071,10,40270,30,3,0.1,0,0.0
12113,10071,10,40270,40,4,0.1,0,0.0
12114,10071,10,40270,50,5,0.1,0,0.0
12115,10071,11,44297,10,1,0.1,0,0.0
12116,10071,11,44297,20,1,0.05,0,0.0
12117,10071,11,44297,30,2,0.06666666666666667,0,0.0
12118,10071,11,44297,40,4,0.1,0,0.0
12119,10071,11,44297,50,5,0.1,0,0.0
12120,10071,12,48324,10,1,0.1,0,0.0
12121,10071,12,48324,20,1,0.05,0,0.0
12122,10071,12,48324,30,2,0.06666666666666667,0,0.0
12123,10071,12,48324,40,4,0.1,0,0.0
12124,10071,12,48324,50,5,0.1,0,0.0
12125,10071,13,52351,10,1,0.1,0,0.0
12126,10071,13,52351,20,1,0.05,0,0.0
12127,10071,13,52351,30,4,0.13333333333333333,0,0.0
12128,10071,13,52351,40,4,0.1,0,0.0
12129,10071,13,52351,50,5,0.1,0,0.0
12130,10071,14,56378,10,1,0.1,0,0.0
12131,10071,14,56378,20,1,0.05,0,0.0
12132,10071,14,56378,30,2,0.06666666666666667,0,0.0
12133,10071,14,56378,40,4,0.1,0,0.0
12134,10071,14,56378,50,5,0.1,0,0.0
12135,10071,15,60405,10,1,0.1,0,0.0
12136,10071,15,60405,20,1,0.05,0,0.0
12137,10071,15,60405,30,2,0.06666666666666667,0,0.0
12138,10071,15,60405,40,4,0.1,0,0.0
12139,10071,15,60405,50,5,0.1,0,0.0
12140,10071,16,64432,10,1,0.1,0,0.0
12141,10071,16,64432,20,1,0.05,0,0.0
12142,10071,16,64432,30,3,0.1,0,0.0
12143,10071,16,64432,40,4,0.1,0,0.0
12144,10071,16,64432,50,5,0.1,0,0.0
12145,10071,17,68459,10,1,0.1,0,0.0
12146,10071,17,68459,20,1,0.05,0,0.0
12147,10071,17,68459,30,3,0.1,0,0.0
12148,10071,17,68459,40,4,0.1,0,0.0
12149,10071,17,68459,50,5,0.1,0,0.0
12150,10071,18,72486,10,1,0.1,0,0.0
12151,10071,18,72486,20,1,0.05,0,0.0
12152,10071,18,72486,30,2,0.06666666666666667,0,0.0
12153,10071,18,72486,40,4,0.1,0,0.0
12154,10071,18,72486,50,5,0.1,0,0.0
12155,10071,19,76513,10,1,0.1,0,0.0
12156,10071,19,76513,20,1,0.05,0,0.0
12157,10071,19,76513,30,2,0.06666666666666667,0,0.0
12158,10071,19,76513,40,4,0.1,0,0.0
12159,10071,19,76513,50,5,0.1,0,0.0
12160,10073,1,4027,10,2,0.2,1,0.1
12161,10073,1,4027,20,2,0.1,1,0.05
12162,10073,1,4027,30,2,0.06666666666666667,1,0.03333333333333333
12163,10073,1,4027,40,3,0.075,1,0.025
12164,10073,1,4027,50,3,0.06,1,0.02
12165,10073,2,8054,10,2,0.2,1,0.1
12166,10073,2,8054,20,2,0.1,1,0.05
12167,10073,2,8054,30,2,0.06666666666666667,1,0.03333333333333333
12168,10073,2,8054,40,3,0.075,1,0.025
12169,10073,2,8054,50,3,0.06,1,0.02
12170,10073,3,12081,10,1,0.1,0,0.0
12171,10073,3,12081,20,2,0.1,1,0.05
12172,10073,3,12081,30,2,0.06666666666666667,1,0.03333333333333333
12173,10073,3,12081,40,3,0.075,1,0.025
12174,10073,3,12081,50,3,0.06,1,0.02
12175,10073,4,16108,10,1,0.1,0,0.0
12176,10073,4,16108,20,2,0.1,1,0.05
12177,10073,4,16108,30,2,0.06666666666666667,1,0.03333333333333333
12178,10073,4,16108,40,3,0.075,1,0.025
12179,10073,4,16108,50,3,0.06,1,0.02
12180,10073,5,20135,10,1,0.1,0,0.0
12181,10073,5,20135,20,2,0.1,1,0.05
12182,10073,5,20135,30,2,0.06666666666666667,1,0.03333333333333333
12183,10073,5,20135,40,3,0.075,1,0.025
12184,10073,5,20135,50,3,0.06,1,0.02
12185,10073,6,24162,10,1,0.1,0,0.0
12186,10073,6,24162,20,2,0.1,1,0.05
12187,10073,6,24162,30,2,0.06666666666666667,1,0.03333333333333333
12188,10073,6,24162,40,3,0.075,1,0.025
12189,10073,6,24162,50,3,0.06,1,0.02
12190,10073,7,28189,10,1,0.1,0,0.0
12191,10073,7,28189,20,2,0.1,1,0.05
12192,10073,7,28189,30,2,0.06666666666666667,1,0.03333333333333333
12193,10073,7,28189,40,3,0.075,1,0.025
12194,10073,7,28189,50,3,0.06,1,0.02
12195,10073,8,32216,10,2,0.2,0,0.0
12196,10073,8,32216,20,2,0.1,1,0.05
12197,10073,8,32216,30,2,0.06666666666666667,1,0.03333333333333333
12198,10073,8,32216,40,3,0.075,1,0.025
12199,10073,8,32216,50,3,0.06,1,0.02
12200,10073,9,36243,10,1,0.1,0,0.0
12201,10073,9,36243,20,2,0.1,1,0.05
12202,10073,9,36243,30,2,0.06666666666666667,1,0.03333333333333333
12203,10073,9,36243,40,3,0.075,1,0.025
12204,10073,9,36243,50,3,0.06,1,0.02
12205,10073,10,40270,10,1,0.1,0,0.0
12206,10073,10,40270,20,2,0.1,1,0.05
12207,10073,10,40270,30,2,0.06666666666666667,1,0.03333333333333333
12208,10073,10,40270,40,3,0.075,1,0.025
12209,10073,10,40270,50,3,0.06,1,0.02
12210,10073,11,44297,10,1,0.1,0,0.0
12211,10073,11,44297,20,2,0.1,1,0.05
12212,10073,11,44297,30,2,0.06666666666666667,1,0.03333333333333333
12213,10073,11,44297,40,3,0.075,1,0.025
12214,10073,11,44297,50,3,0.06,1,0.02
12215,10073,12,48324,10,1,0.1,0,0.0
12216,10073,12,48324,20,2,0.1,1,0.05
12217,10073,12,48324,30,2,0.06666666666666667,1,0.03333333333333333
12218,10073,12,48324,40,3,0.075,1,0.025
12219,10073,12,48324,50,3,0.06,1,0.02
12220,10073,13,52351,10,2,0.2,0,0.0
12221,10073,13,52351,20,2,0.1,1,0.05
12222,10073,13,52351,30,2,0.06666666666666667,1,0.03333333333333333
12223,10073,13,52351,40,3,0.075,1,0.025
12224,10073,13,52351,50,3,0.06,1,0.02
12225,10073,14,56378,10,2,0.2,0,0.0
12226,10073,14,56378,20,2,0.1,1,0.05
12227,10073,14,56378,30,2,0.06666666666666667,1,0.03333333333333333
12228,10073,14,56378,40,3,0.075,1,0.025
12229,10073,14,56378,50,3,0.06,1,0.02
12230,10073,15,60405,10,2,0.2,0,0.0
12231,10073,15,60405,20,2,0.1,1,0.05
12232,10073,15,60405,30,2,0.06666666666666667,1,0.03333333333333333
12233,10073,15,60405,40,3,0.075,1,0.025
12234,10073,15,60405,50,3,0.06,1,0.02
12235,10073,16,64432,10,2,0.2,0,0.0
12236,10073,16,64432,20,2,0.1,1,0.05
12237,10073,16,64432,30,2,0.06666666666666667,1,0.03333333333333333
12238,10073,16,64432,40,3,0.075,1,0.025
12239,10073,16,64432,50,3,0.06,1,0.02
12240,10073,17,68459,10,1,0.1,0,0.0
12241,10073,17,68459,20,2,0.1,1,0.05
12242,10073,17,68459,30,2,0.06666666666666667,1,0.03333333333333333
12243,10073,17,68459,40,3,0.075,1,0.025
12244,10073,17,68459,50,3,0.06,1,0.02
12245,10073,18,72486,10,2,0.2,1,0.1
12246,10073,18,72486,20,2,0.1,1,0.05
12247,10073,18,72486,30,2,0.06666666666666667,1,0.03333333333333333
12248,10073,18,72486,40,3,0.075,1,0.025
12249,10073,18,72486,50,3,0.06,1,0.02
12250,10073,19,76513,10,2,0.2,1,0.1
12251,10073,19,76513,20,2,0.1,1,0.05
12252,10073,19,76513,30,2,0.06666666666666667,1,0.03333333333333333
12253,10073,19,76513,40,3,0.075,1,0.025
12254,10073,19,76513,50,3,0.06,1,0.02
12255,10765,1,4027,10,0,0.0,0,0.0
12256,10765,1,4027,20,0,0.0,0,0.0
12257,10765,1,4027,30,0,0.0,0,0.0
12258,10765,1,4027,40,1,0.025,0,0.0
12259,10765,1,4027,50,2,0.04,0,0.0
12260,10765,2,8054,10,0,0.0,0,0.0
12261,10765,2,8054,20,0,0.0,0,0.0
12262,10765,2,8054,30,1,0.03333333333333333,0,0.0
12263,10765,2,8054,40,2,0.05,0,0.0
12264,10765,2,8054,50,3,0.06,0,0.0
12265,10765,3,12081,10,0,0.0,0,0.0
12266,10765,3,12081,20,0,0.0,0,0.0
12267,10765,3,12081,30,1,0.03333333333333333,0,0.0
12268,10765,3,12081,40,2,0.05,0,0.0
12269,10765,3,12081,50,3,0.06,0,0.0
12270,10765,4,16108,10,0,0.0,0,0.0
12271,10765,4,16108,20,0,0.0,0,0.0
12272,10765,4,16108,30,1,0.03333333333333333,0,0.0
12273,10765,4,16108,40,2,0.05,0,0.0
12274,10765,4,16108,50,3,0.06,0,0.0
12275,10765,5,20135,10,0,0.0,0,0.0
12276,10765,5,20135,20,0,0.0,0,0.0
12277,10765,5,20135,30,1,0.03333333333333333,0,0.0
12278,10765,5,20135,40,2,0.05,0,0.0
12279,10765,5,20135,50,3,0.06,0,0.0
12280,10765,6,24162,10,0,0.0,0,0.0
12281,10765,6,24162,20,0,0.0,0,0.0
12282,10765,6,24162,30,1,0.03333333333333333,0,0.0
12283,10765,6,24162,40,2,0.05,0,0.0
12284,10765,6,24162,50,3,0.06,0,0.0
12285,10765,7,28189,10,0,0.0,0,0.0
12286,10765,7,28189,20,0,0.0,0,0.0
12287,10765,7,28189,30,1,0.03333333333333333,0,0.0
12288,10765,7,28189,40,2,0.05,0,0.0
12289,10765,7,28189,50,3,0.06,0,0.0
12290,10765,8,32216,10,0,0.0,0,0.0
12291,10765,8,32216,20,0,0.0,0,0.0
12292,10765,8,32216,30,1,0.03333333333333333,0,0.0
12293,10765,8,32216,40,2,0.05,0,0.0
12294,10765,8,32216,50,3,0.06,0,0.0
12295,10765,9,36243,10,0,0.0,0,0.0
12296,10765,9,36243,20,0,0.0,0,0.0
12297,10765,9,36243,30,0,0.0,0,0.0
12298,10765,9,36243,40,2,0.05,0,0.0
12299,10765,9,36243,50,3,0.06,0,0.0
12300,10765,10,40270,10,0,0.0,0,0.0
12301,10765,10,40270,20,0,0.0,0,0.0
12302,10765,10,40270,30,0,0.0,0,0.0
12303,10765,10,40270,40,1,0.025,0,0.0
12304,10765,10,40270,50,3,0.06,0,0.0
12305,10765,11,44297,10,0,0.0,0,0.0
12306,10765,11,44297,20,0,0.0,0,0.0
12307,10765,11,44297,30,0,0.0,0,0.0
12308,10765,11,44297,40,1,0.025,0,0.0
12309,10765,11,44297,50,3,0.06,0,0.0
12310,10765,12,48324,10,0,0.0,0,0.0
12311,10765,12,48324,20,0,0.0,0,0.0
12312,10765,12,48324,30,0,0.0,0,0.0
12313,10765,12,48324,40,1,0.025,0,0.0
12314,10765,12,48324,50,3,0.06,0,0.0
12315,10765,13,52351,10,0,0.0,0,0.0
12316,10765,13,52351,20,0,0.0,0,0.0
12317,10765,13,52351,30,2,0.06666666666666667,0,0.0
12318,10765,13,52351,40,2,0.05,0,0.0
12319,10765,13,52351,50,3,0.06,0,0.0
12320,10765,14,56378,10,0,0.0,0,0.0
12321,10765,14,56378,20,1,0.05,0,0.0
12322,10765,14,56378,30,2,0.06666666666666667,0,0.0
12323,10765,14,56378,40,3,0.075,0,0.0
12324,10765,14,56378,50,3,0.06,0,0.0
12325,10765,15,60405,10,0,0.0,0,0.0
12326,10765,15,60405,20,1,0.05,0,0.0
12327,10765,15,60405,30,2,0.06666666666666667,0,0.0
12328,10765,15,60405,40,3,0.075,0,0.0
12329,10765,15,60405,50,3,0.06,0,0.0
12330,10765,16,64432,10,0,0.0,0,0.0
12331,10765,16,64432,20,1,0.05,0,0.0
12332,10765,16,64432,30,2,0.06666666666666667,0,0.0
12333,10765,16,64432,40,3,0.075,0,0.0
12334,10765,16,64432,50,3,0.06,0,0.0
12335,10765,17,68459,10,0,0.0,0,0.0
12336,10765,17,68459,20,1,0.05,0,0.0
12337,10765,17,68459,30,2,0.06666666666666667,0,0.0
12338,10765,17,68459,40,3,0.075,0,0.0
12339,10765,17,68459,50,3,0.06,0,0.0
12340,10765,18,72486,10,0,0.0,0,0.0
12341,10765,18,72486,20,1,0.05,0,0.0
12342,10765,18,72486,30,2,0.06666666666666667,0,0.0
12343,10765,18,72486,40,3,0.075,0,0.0
12344,10765,18,72486,50,3,0.06,0,0.0
12345,10765,19,76513,10,0,0.0,0,0.0
12346,10765,19,76513,20,1,0.05,0,0.0
12347,10765,19,76513,30,2,0.06666666666666667,0,0.0
12348,10765,19,76513,40,2,0.05,0,0.0
12349,10765,19,76513,50,3,0.06,0,0.0
12350,10881,1,4027,10,4,0.4,2,0.2
12351,10881,1,4027,20,5,0.25,2,0.1
12352,10881,1,4027,30,5,0.16666666666666666,2,0.06666666666666667
12353,10881,1,4027,40,5,0.125,2,0.05
12354,10881,1,4027,50,5,0.1,2,0.04
12355,10881,2,8054,10,4,0.4,2,0.2
12356,10881,2,8054,20,5,0.25,2,0.1
12357,10881,2,8054,30,5,0.16666666666666666,2,0.06666666666666667
12358,10881,2,8054,40,5,0.125,2,0.05
12359,10881,2,8054,50,5,0.1,2,0.04
12360,10881,3,12081,10,4,0.4,2,0.2
12361,10881,3,12081,20,5,0.25,2,0.1
12362,10881,3,12081,30,5,0.16666666666666666,2,0.06666666666666667
12363,10881,3,12081,40,5,0.125,2,0.05
12364,10881,3,12081,50,5,0.1,2,0.04
12365,10881,4,16108,10,5,0.5,2,0.2
12366,10881,4,16108,20,5,0.25,2,0.1
12367,10881,4,16108,30,5,0.16666666666666666,2,0.06666666666666667
12368,10881,4,16108,40,5,0.125,2,0.05
12369,10881,4,16108,50,5,0.1,2,0.04
12370,10881,5,20135,10,4,0.4,2,0.2
12371,10881,5,20135,20,5,0.25,2,0.1
12372,10881,5,20135,30,5,0.16666666666666666,2,0.06666666666666667
12373,10881,5,20135,40,5,0.125,2,0.05
12374,10881,5,20135,50,5,0.1,2,0.04
12375,10881,6,24162,10,5,0.5,2,0.2
12376,10881,6,24162,20,5,0.25,2,0.1
12377,10881,6,24162,30,5,0.16666666666666666,2,0.06666666666666667
12378,10881,6,24162,40,5,0.125,2,0.05
12379,10881,6,24162,50,5,0.1,2,0.04
12380,10881,7,28189,10,5,0.5,2,0.2
12381,10881,7,28189,20,5,0.25,2,0.1
12382,10881,7,28189,30,5,0.16666666666666666,2,0.06666666666666667
12383,10881,7,28189,40,5,0.125,2,0.05
12384,10881,7,28189,50,5,0.1,2,0.04
12385,10881,8,32216,10,5,0.5,2,0.2
12386,10881,8,32216,20,5,0.25,2,0.1
12387,10881,8,32216,30,5,0.16666666666666666,2,0.06666666666666667
12388,10881,8,32216,40,5,0.125,2,0.05
12389,10881,8,32216,50,5,0.1,2,0.04
12390,10881,9,36243,10,5,0.5,2,0.2
12391,10881,9,36243,20,5,0.25,2,0.1
12392,10881,9,36243,30,5,0.16666666666666666,2,0.06666666666666667
12393,10881,9,36243,40,5,0.125,2,0.05
12394,10881,9,36243,50,5,0.1,2,0.04
12395,10881,10,40270,10,5,0.5,2,0.2
12396,10881,10,40270,20,5,0.25,2,0.1
12397,10881,10,40270,30,5,0.16666666666666666,2,0.06666666666666667
12398,10881,10,40270,40,5,0.125,2,0.05
12399,10881,10,40270,50,6,0.12,2,0.04
12400,10881,11,44297,10,5,0.5,2,0.2
12401,10881,11,44297,20,5,0.25,2,0.1
12402,10881,11,44297,30,5,0.16666666666666666,2,0.06666666666666667
12403,10881,11,44297,40,5,0.125,2,0.05
12404,10881,11,44297,50,6,0.12,2,0.04
12405,10881,12,48324,10,5,0.5,2,0.2
12406,10881,12,48324,20,5,0.25,2,0.1
12407,10881,12,48324,30,5,0.16666666666666666,2,0.06666666666666667
12408,10881,12,48324,40,5,0.125,2,0.05
12409,10881,12,48324,50,6,0.12,2,0.04
12410,10881,13,52351,10,5,0.5,2,0.2
12411,10881,13,52351,20,5,0.25,2,0.1
12412,10881,13,52351,30,5,0.16666666666666666,2,0.06666666666666667
12413,10881,13,52351,40,5,0.125,2,0.05
12414,10881,13,52351,50,7,0.14,2,0.04
12415,10881,14,56378,10,5,0.5,2,0.2
12416,10881,14,56378,20,5,0.25,2,0.1
12417,10881,14,56378,30,5,0.16666666666666666,2,0.06666666666666667
12418,10881,14,56378,40,5,0.125,2,0.05
12419,10881,14,56378,50,7,0.14,2,0.04
12420,10881,15,60405,10,4,0.4,2,0.2
12421,10881,15,60405,20,5,0.25,2,0.1
12422,10881,15,60405,30,5,0.16666666666666666,2,0.06666666666666667
12423,10881,15,60405,40,5,0.125,2,0.05
12424,10881,15,60405,50,7,0.14,2,0.04
12425,10881,16,64432,10,4,0.4,2,0.2
12426,10881,16,64432,20,5,0.25,2,0.1
12427,10881,16,64432,30,5,0.16666666666666666,2,0.06666666666666667
12428,10881,16,64432,40,5,0.125,2,0.05
12429,10881,16,64432,50,7,0.14,2,0.04
12430,10881,17,68459,10,4,0.4,2,0.2
12431,10881,17,68459,20,5,0.25,2,0.1
12432,10881,17,68459,30,5,0.16666666666666666,2,0.06666666666666667
12433,10881,17,68459,40,5,0.125,2,0.05
12434,10881,17,68459,50,7,0.14,2,0.04
12435,10881,18,72486,10,4,0.4,2,0.2
12436,10881,18,72486,20,5,0.25,2,0.1
12437,10881,18,72486,30,5,0.16666666666666666,2,0.06666666666666667
12438,10881,18,72486,40,5,0.125,2,0.05
12439,10881,18,72486,50,7,0.14,2,0.04
12440,10881,19,76513,10,4,0.4,2,0.2
12441,10881,19,76513,20,5,0.25,2,0.1
12442,10881,19,76513,30,5,0.16666666666666666,2,0.06666666666666667
12443,10881,19,76513,40,5,0.125,2,0.05
12444,10881,19,76513,50,7,0.14,2,0.04
12445,10929,1,4027,10,0,0.0,0,0.0
12446,10929,1,4027,20,0,0.0,0,0.0
12447,10929,1,4027,30,0,0.0,0,0.0
12448,10929,1,4027,40,0,0.0,0,0.0
12449,10929,1,4027,50,1,0.02,0,0.0
12450,10929,2,8054,10,0,0.0,0,0.0
12451,10929,2,8054,20,0,0.0,0,0.0
12452,10929,2,8054,30,0,0.0,0,0.0
12453,10929,2,8054,40,0,0.0,0,0.0
12454,10929,2,8054,50,0,0.0,0,0.0
12455,10929,3,12081,10,0,0.0,0,0.0
12456,10929,3,12081,20,0,0.0,0,0.0
12457,10929,3,12081,30,0,0.0,0,0.0
12458,10929,3,12081,40,0,0.0,0,0.0
12459,10929,3,12081,50,0,0.0,0,0.0
12460,10929,4,16108,10,0,0.0,0,0.0
12461,10929,4,16108,20,0,0.0,0,0.0
12462,10929,4,16108,30,0,0.0,0,0.0
12463,10929,4,16108,40,0,0.0,0,0.0
12464,10929,4,16108,50,0,0.0,0,0.0
12465,10929,5,20135,10,0,0.0,0,0.0
12466,10929,5,20135,20,0,0.0,0,0.0
12467,10929,5,20135,30,0,0.0,0,0.0
12468,10929,5,20135,40,0,0.0,0,0.0
12469,10929,5,20135,50,1,0.02,0,0.0
12470,10929,6,24162,10,0,0.0,0,0.0
12471,10929,6,24162,20,0,0.0,0,0.0
12472,10929,6,24162,30,0,0.0,0,0.0
12473,10929,6,24162,40,0,0.0,0,0.0
12474,10929,6,24162,50,0,0.0,0,0.0
12475,10929,7,28189,10,0,0.0,0,0.0
12476,10929,7,28189,20,0,0.0,0,0.0
12477,10929,7,28189,30,0,0.0,0,0.0
12478,10929,7,28189,40,0,0.0,0,0.0
12479,10929,7,28189,50,0,0.0,0,0.0
12480,10929,8,32216,10,0,0.0,0,0.0
12481,10929,8,32216,20,0,0.0,0,0.0
12482,10929,8,32216,30,0,0.0,0,0.0
12483,10929,8,32216,40,0,0.0,0,0.0
12484,10929,8,32216,50,0,0.0,0,0.0
12485,10929,9,36243,10,0,0.0,0,0.0
12486,10929,9,36243,20,0,0.0,0,0.0
12487,10929,9,36243,30,0,0.0,0,0.0
12488,10929,9,36243,40,0,0.0,0,0.0
12489,10929,9,36243,50,0,0.0,0,0.0
12490,10929,10,40270,10,0,0.0,0,0.0
12491,10929,10,40270,20,0,0.0,0,0.0
12492,10929,10,40270,30,0,0.0,0,0.0
12493,10929,10,40270,40,0,0.0,0,0.0
12494,10929,10,40270,50,1,0.02,0,0.0
12495,10929,11,44297,10,0,0.0,0,0.0
12496,10929,11,44297,20,0,0.0,0,0.0
12497,10929,11,44297,30,0,0.0,0,0.0
12498,10929,11,44297,40,1,0.025,0,0.0
12499,10929,11,44297,50,1,0.02,0,0.0
12500,10929,12,48324,10,0,0.0,0,0.0
12501,10929,12,48324,20,0,0.0,0,0.0
12502,10929,12,48324,30,0,0.0,0,0.0
12503,10929,12,48324,40,1,0.025,0,0.0
12504,10929,12,48324,50,1,0.02,0,0.0
12505,10929,13,52351,10,0,0.0,0,0.0
12506,10929,13,52351,20,0,0.0,0,0.0
12507,10929,13,52351,30,0,0.0,0,0.0
12508,10929,13,52351,40,1,0.025,0,0.0
12509,10929,13,52351,50,1,0.02,0,0.0
12510,10929,14,56378,10,0,0.0,0,0.0
12511,10929,14,56378,20,0,0.0,0,0.0
12512,10929,14,56378,30,0,0.0,0,0.0
12513,10929,14,56378,40,0,0.0,0,0.0
12514,10929,14,56378,50,1,0.02,0,0.0
12515,10929,15,60405,10,0,0.0,0,0.0
12516,10929,15,60405,20,0,0.0,0,0.0
12517,10929,15,60405,30,0,0.0,0,0.0
12518,10929,15,60405,40,0,0.0,0,0.0
12519,10929,15,60405,50,1,0.02,0,0.0
12520,10929,16,64432,10,0,0.0,0,0.0
12521,10929,16,64432,20,0,0.0,0,0.0
12522,10929,16,64432,30,0,0.0,0,0.0
12523,10929,16,64432,40,0,0.0,0,0.0
12524,10929,16,64432,50,1,0.02,0,0.0
12525,10929,17,68459,10,0,0.0,0,0.0
12526,10929,17,68459,20,0,0.0,0,0.0
12527,10929,17,68459,30,0,0.0,0,0.0
12528,10929,17,68459,40,0,0.0,0,0.0
12529,10929,17,68459,50,1,0.02,0,0.0
12530,10929,18,72486,10,0,0.0,0,0.0
12531,10929,18,72486,20,0,0.0,0,0.0
12532,10929,18,72486,30,0,0.0,0,0.0
12533,10929,18,72486,40,0,0.0,0,0.0
12534,10929,18,72486,50,0,0.0,0,0.0
12535,10929,19,76513,10,0,0.0,0,0.0
12536,10929,19,76513,20,0,0.0,0,0.0
12537,10929,19,76513,30,0,0.0,0,0.0
12538,10929,19,76513,40,0,0.0,0,0.0
12539,10929,19,76513,50,0,0.0,0,0.0
12540,10981,1,4027,10,0,0.0,0,0.0
12541,10981,1,4027,20,2,0.1,0,0.0
12542,10981,1,4027,30,2,0.06666666666666667,0,0.0
12543,10981,1,4027,40,2,0.05,0,0.0
12544,10981,1,4027,50,2,0.04,0,0.0
12545,10981,2,8054,10,2,0.2,0,0.0
12546,10981,2,8054,20,2,0.1,0,0.0
12547,10981,2,8054,30,2,0.06666666666666667,0,0.0
12548,10981,2,8054,40,2,0.05,0,0.0
12549,10981,2,8054,50,2,0.04,0,0.0
12550,10981,3,12081,10,2,0.2,0,0.0
12551,10981,3,12081,20,2,0.1,0,0.0
12552,10981,3,12081,30,2,0.06666666666666667,0,0.0
12553,10981,3,12081,40,2,0.05,0,0.0
12554,10981,3,12081,50,2,0.04,0,0.0
12555,10981,4,16108,10,2,0.2,0,0.0
12556,10981,4,16108,20,2,0.1,0,0.0
12557,10981,4,16108,30,2,0.06666666666666667,0,0.0
12558,10981,4,16108,40,2,0.05,0,0.0
12559,10981,4,16108,50,2,0.04,0,0.0
12560,10981,5,20135,10,2,0.2,0,0.0
12561,10981,5,20135,20,2,0.1,0,0.0
12562,10981,5,20135,30,2,0.06666666666666667,0,0.0
12563,10981,5,20135,40,2,0.05,0,0.0
12564,10981,5,20135,50,2,0.04,0,0.0
12565,10981,6,24162,10,2,0.2,0,0.0
12566,10981,6,24162,20,2,0.1,0,0.0
12567,10981,6,24162,30,2,0.06666666666666667,0,0.0
12568,10981,6,24162,40,2,0.05,0,0.0
12569,10981,6,24162,50,2,0.04,0,0.0
12570,10981,7,28189,10,2,0.2,0,0.0
12571,10981,7,28189,20,2,0.1,0,0.0
12572,10981,7,28189,30,2,0.06666666666666667,0,0.0
12573,10981,7,28189,40,2,0.05,0,0.0
12574,10981,7,28189,50,2,0.04,0,0.0
12575,10981,8,32216,10,3,0.3,0,0.0
12576,10981,8,32216,20,3,0.15,0,0.0
12577,10981,8,32216,30,3,0.1,0,0.0
12578,10981,8,32216,40,3,0.075,0,0.0
12579,10981,8,32216,50,3,0.06,0,0.0
12580,10981,9,36243,10,3,0.3,0,0.0
12581,10981,9,36243,20,3,0.15,0,0.0
12582,10981,9,36243,30,3,0.1,0,0.0
12583,10981,9,36243,40,3,0.075,0,0.0
12584,10981,9,36243,50,3,0.06,0,0.0
12585,10981,10,40270,10,3,0.3,0,0.0
12586,10981,10,40270,20,3,0.15,0,0.0
12587,10981,10,40270,30,3,0.1,0,0.0
12588,10981,10,40270,40,3,0.075,0,0.0
12589,10981,10,40270,50,3,0.06,0,0.0
12590,10981,11,44297,10,3,0.3,0,0.0
12591,10981,11,44297,20,3,0.15,0,0.0
12592,10981,11,44297,30,3,0.1,0,0.0
12593,10981,11,44297,40,3,0.075,0,0.0
12594,10981,11,44297,50,3,0.06,0,0.0
12595,10981,12,48324,10,3,0.3,0,0.0
12596,10981,12,48324,20,3,0.15,0,0.0
12597,10981,12,48324,30,3,0.1,0,0.0
12598,10981,12,48324,40,3,0.075,0,0.0
12599,10981,12,48324,50,3,0.06,0,0.0
12600,10981,13,52351,10,3,0.3,0,0.0
12601,10981,13,52351,20,3,0.15,0,0.0
12602,10981,13,52351,30,3,0.1,0,0.0
12603,10981,13,52351,40,3,0.075,0,0.0
12604,10981,13,52351,50,3,0.06,0,0.0
12605,10981,14,56378,10,3,0.3,0,0.0
12606,10981,14,56378,20,3,0.15,0,0.0
12607,10981,14,56378,30,3,0.1,0,0.0
12608,10981,14,56378,40,3,0.075,0,0.0
12609,10981,14,56378,50,3,0.06,0,0.0
12610,10981,15,60405,10,3,0.3,0,0.0
12611,10981,15,60405,20,3,0.15,0,0.0
12612,10981,15,60405,30,3,0.1,0,0.0
12613,10981,15,60405,40,3,0.075,0,0.0
12614,10981,15,60405,50,3,0.06,0,0.0
12615,10981,16,64432,10,3,0.3,0,0.0
12616,10981,16,64432,20,3,0.15,0,0.0
12617,10981,16,64432,30,3,0.1,0,0.0
12618,10981,16,64432,40,3,0.075,0,0.0
12619,10981,16,64432,50,3,0.06,0,0.0
12620,10981,17,68459,10,3,0.3,0,0.0
12621,10981,17,68459,20,3,0.15,0,0.0
12622,10981,17,68459,30,3,0.1,0,0.0
12623,10981,17,68459,40,3,0.075,0,0.0
12624,10981,17,68459,50,3,0.06,0,0.0
12625,10981,18,72486,10,3,0.3,0,0.0
12626,10981,18,72486,20,3,0.15,0,0.0
12627,10981,18,72486,30,3,0.1,0,0.0
12628,10981,18,72486,40,3,0.075,0,0.0
12629,10981,18,72486,50,3,0.06,0,0.0
12630,10981,19,76513,10,3,0.3,0,0.0
12631,10981,19,76513,20,3,0.15,0,0.0
12632,10981,19,76513,30,3,0.1,0,0.0
12633,10981,19,76513,40,3,0.075,0,0.0
12634,10981,19,76513,50,3,0.06,0,0.0
12635,10989,1,4027,10,0,0.0,0,0.0
12636,10989,1,4027,20,0,0.0,0,0.0
12637,10989,1,4027,30,0,0.0,0,0.0
12638,10989,1,4027,40,0,0.0,0,0.0
12639,10989,1,4027,50,0,0.0,0,0.0
12640,10989,2,8054,10,0,0.0,0,0.0
12641,10989,2,8054,20,0,0.0,0,0.0
12642,10989,2,8054,30,0,0.0,0,0.0
12643,10989,2,8054,40,0,0.0,0,0.0
12644,10989,2,8054,50,0,0.0,0,0.0
12645,10989,3,12081,10,0,0.0,0,0.0
12646,10989,3,12081,20,0,0.0,0,0.0
12647,10989,3,12081,30,0,0.0,0,0.0
12648,10989,3,12081,40,3,0.075,1,0.025
12649,10989,3,12081,50,3,0.06,1,0.02
12650,10989,4,16108,10,0,0.0,0,0.0
12651,10989,4,16108,20,0,0.0,0,0.0
12652,10989,4,16108,30,0,0.0,0,0.0
12653,10989,4,16108,40,1,0.025,0,0.0
12654,10989,4,16108,50,3,0.06,1,0.02
12655,10989,5,20135,10,0,0.0,0,0.0
12656,10989,5,20135,20,0,0.0,0,0.0
12657,10989,5,20135,30,0,0.0,0,0.0
12658,10989,5,20135,40,1,0.025,0,0.0
12659,10989,5,20135,50,1,0.02,0,0.0
12660,10989,6,24162,10,0,0.0,0,0.0
12661,10989,6,24162,20,0,0.0,0,0.0
12662,10989,6,24162,30,0,0.0,0,0.0
12663,10989,6,24162,40,0,0.0,0,0.0
12664,10989,6,24162,50,1,0.02,0,0.0
12665,10989,7,28189,10,0,0.0,0,0.0
12666,10989,7,28189,20,0,0.0,0,0.0
12667,10989,7,28189,30,0,0.0,0,0.0
12668,10989,7,28189,40,1,0.025,0,0.0
12669,10989,7,28189,50,1,0.02,0,0.0
12670,10989,8,32216,10,0,0.0,0,0.0
12671,10989,8,32216,20,0,0.0,0,0.0
12672,10989,8,32216,30,0,0.0,0,0.0
12673,10989,8,32216,40,0,0.0,0,0.0
12674,10989,8,32216,50,3,0.06,1,0.02
12675,10989,9,36243,10,0,0.0,0,0.0
12676,10989,9,36243,20,0,0.0,0,0.0
12677,10989,9,36243,30,0,0.0,0,0.0
12678,10989,9,36243,40,2,0.05,0,0.0
12679,10989,9,36243,50,3,0.06,1,0.02
12680,10989,10,40270,10,0,0.0,0,0.0
12681,10989,10,40270,20,0,0.0,0,0.0
12682,10989,10,40270,30,0,0.0,0,0.0
12683,10989,10,40270,40,3,0.075,1,0.025
12684,10989,10,40270,50,3,0.06,1,0.02
12685,10989,11,44297,10,0,0.0,0,0.0
12686,10989,11,44297,20,0,0.0,0,0.0
12687,10989,11,44297,30,1,0.03333333333333333,0,0.0
12688,10989,11,44297,40,3,0.075,1,0.025
12689,10989,11,44297,50,3,0.06,1,0.02
12690,10989,12,48324,10,0,0.0,0,0.0
12691,10989,12,48324,20,0,0.0,0,0.0
12692,10989,12,48324,30,1,0.03333333333333333,0,0.0
12693,10989,12,48324,40,3,0.075,1,0.025
12694,10989,12,48324,50,3,0.06,1,0.02
12695,10989,13,52351,10,0,0.0,0,0.0
12696,10989,13,52351,20,0,0.0,0,0.0
12697,10989,13,52351,30,3,0.1,1,0.03333333333333333
12698,10989,13,52351,40,3,0.075,1,0.025
12699,10989,13,52351,50,3,0.06,1,0.02
12700,10989,14,56378,10,0,0.0,0,0.0
12701,10989,14,56378,20,0,0.0,0,0.0
12702,10989,14,56378,30,3,0.1,1,0.03333333333333333
12703,10989,14,56378,40,3,0.075,1,0.025
12704,10989,14,56378,50,3,0.06,1,0.02
12705,10989,15,60405,10,0,0.0,0,0.0
12706,10989,15,60405,20,1,0.05,0,0.0
12707,10989,15,60405,30,3,0.1,1,0.03333333333333333
12708,10989,15,60405,40,3,0.075,1,0.025
12709,10989,15,60405,50,3,0.06,2,0.04
12710,10989,16,64432,10,0,0.0,0,0.0
12711,10989,16,64432,20,1,0.05,0,0.0
12712,10989,16,64432,30,3,0.1,1,0.03333333333333333
12713,10989,16,64432,40,3,0.075,1,0.025
12714,10989,16,64432,50,3,0.06,2,0.04
12715,10989,17,68459,10,0,0.0,0,0.0
12716,10989,17,68459,20,1,0.05,0,0.0
12717,10989,17,68459,30,3,0.1,1,0.03333333333333333
12718,10989,17,68459,40,4,0.1,1,0.025
12719,10989,17,68459,50,4,0.08,2,0.04
12720,10989,18,72486,10,0,0.0,0,0.0
12721,10989,18,72486,20,1,0.05,0,0.0
12722,10989,18,72486,30,3,0.1,1,0.03333333333333333
12723,10989,18,72486,40,4,0.1,1,0.025
12724,10989,18,72486,50,4,0.08,2,0.04
12725,10989,19,76513,10,0,0.0,0,0.0
12726,10989,19,76513,20,1,0.05,0,0.0
12727,10989,19,76513,30,3,0.1,1,0.03333333333333333
12728,10989,19,76513,40,4,0.1,1,0.025
12729,10989,19,76513,50,4,0.08,2,0.04
12730,11184,1,4027,10,1,0.1,0,0.0
12731,11184,1,4027,20,1,0.05,0,0.0
12732,11184,1,4027,30,1,0.03333333333333333,0,0.0
12733,11184,1,4027,40,2,0.05,0,0.0
12734,11184,1,4027,50,2,0.04,0,0.0
12735,11184,2,8054,10,1,0.1,0,0.0
12736,11184,2,8054,20,1,0.05,0,0.0
12737,11184,2,8054,30,1,0.03333333333333333,0,0.0
12738,11184,2,8054,40,2,0.05,0,0.0
12739,11184,2,8054,50,2,0.04,0,0.0
12740,11184,3,12081,10,1,0.1,0,0.0
12741,11184,3,12081,20,1,0.05,0,0.0
12742,11184,3,12081,30,2,0.06666666666666667,0,0.0
12743,11184,3,12081,40,2,0.05,0,0.0
12744,11184,3,12081,50,2,0.04,0,0.0
12745,11184,4,16108,10,1,0.1,0,0.0
12746,11184,4,16108,20,1,0.05,0,0.0
12747,11184,4,16108,30,2,0.06666666666666667,0,0.0
12748,11184,4,16108,40,2,0.05,0,0.0
12749,11184,4,16108,50,2,0.04,0,0.0
12750,11184,5,20135,10,1,0.1,0,0.0
12751,11184,5,20135,20,1,0.05,0,0.0
12752,11184,5,20135,30,2,0.06666666666666667,0,0.0
12753,11184,5,20135,40,2,0.05,0,0.0
12754,11184,5,20135,50,2,0.04,0,0.0
12755,11184,6,24162,10,1,0.1,0,0.0
12756,11184,6,24162,20,1,0.05,0,0.0
12757,11184,6,24162,30,2,0.06666666666666667,0,0.0
12758,11184,6,24162,40,2,0.05,0,0.0
12759,11184,6,24162,50,2,0.04,0,0.0
12760,11184,7,28189,10,1,0.1,0,0.0
12761,11184,7,28189,20,1,0.05,0,0.0
12762,11184,7,28189,30,2,0.06666666666666667,0,0.0
12763,11184,7,28189,40,2,0.05,0,0.0
12764,11184,7,28189,50,2,0.04,0,0.0
12765,11184,8,32216,10,1,0.1,0,0.0
12766,11184,8,32216,20,1,0.05,0,0.0
12767,11184,8,32216,30,2,0.06666666666666667,0,0.0
12768,11184,8,32216,40,2,0.05,0,0.0
12769,11184,8,32216,50,2,0.04,0,0.0
12770,11184,9,36243,10,1,0.1,0,0.0
12771,11184,9,36243,20,1,0.05,0,0.0
12772,11184,9,36243,30,2,0.06666666666666667,0,0.0
12773,11184,9,36243,40,2,0.05,0,0.0
12774,11184,9,36243,50,2,0.04,0,0.0
12775,11184,10,40270,10,1,0.1,0,0.0
12776,11184,10,40270,20,1,0.05,0,0.0
12777,11184,10,40270,30,2,0.06666666666666667,0,0.0
12778,11184,10,40270,40,2,0.05,0,0.0
12779,11184,10,40270,50,2,0.04,0,0.0
12780,11184,11,44297,10,1,0.1,0,0.0
12781,11184,11,44297,20,1,0.05,0,0.0
12782,11184,11,44297,30,2,0.06666666666666667,0,0.0
12783,11184,11,44297,40,2,0.05,0,0.0
12784,11184,11,44297,50,2,0.04,0,0.0
12785,11184,12,48324,10,1,0.1,0,0.0
12786,11184,12,48324,20,1,0.05,0,0.0
12787,11184,12,48324,30,2,0.06666666666666667,0,0.0
12788,11184,12,48324,40,2,0.05,0,0.0
12789,11184,12,48324,50,2,0.04,0,0.0
12790,11184,13,52351,10,1,0.1,0,0.0
12791,11184,13,52351,20,1,0.05,0,0.0
12792,11184,13,52351,30,2,0.06666666666666667,0,0.0
12793,11184,13,52351,40,2,0.05,0,0.0
12794,11184,13,52351,50,2,0.04,0,0.0
12795,11184,14,56378,10,1,0.1,0,0.0
12796,11184,14,56378,20,1,0.05,0,0.0
12797,11184,14,56378,30,2,0.06666666666666667,0,0.0
12798,11184,14,56378,40,2,0.05,0,0.0
12799,11184,14,56378,50,2,0.04,0,0.0
12800,11184,15,60405,10,1,0.1,0,0.0
12801,11184,15,60405,20,1,0.05,0,0.0
12802,11184,15,60405,30,1,0.03333333333333333,0,0.0
12803,11184,15,60405,40,2,0.05,0,0.0
12804,11184,15,60405,50,2,0.04,0,0.0
12805,11184,16,64432,10,1,0.1,0,0.0
12806,11184,16,64432,20,1,0.05,0,0.0
12807,11184,16,64432,30,1,0.03333333333333333,0,0.0
12808,11184,16,64432,40,2,0.05,0,0.0
12809,11184,16,64432,50,2,0.04,0,0.0
12810,11184,17,68459,10,1,0.1,0,0.0
12811,11184,17,68459,20,1,0.05,0,0.0
12812,11184,17,68459,30,1,0.03333333333333333,0,0.0
12813,11184,17,68459,40,2,0.05,0,0.0
12814,11184,17,68459,50,2,0.04,0,0.0
12815,11184,18,72486,10,1,0.1,0,0.0
12816,11184,18,72486,20,1,0.05,0,0.0
12817,11184,18,72486,30,2,0.06666666666666667,0,0.0
12818,11184,18,72486,40,2,0.05,0,0.0
12819,11184,18,72486,50,2,0.04,0,0.0
12820,11184,19,76513,10,1,0.1,0,0.0
12821,11184,19,76513,20,1,0.05,0,0.0
12822,11184,19,76513,30,2,0.06666666666666667,0,0.0
12823,11184,19,76513,40,2,0.05,0,0.0
12824,11184,19,76513,50,2,0.04,0,0.0
12825,11297,1,4027,10,0,0.0,0,0.0
12826,11297,1,4027,20,0,0.0,0,0.0
12827,11297,1,4027,30,0,0.0,0,0.0
12828,11297,1,4027,40,0,0.0,0,0.0
12829,11297,1,4027,50,0,0.0,0,0.0
12830,11297,2,8054,10,0,0.0,0,0.0
12831,11297,2,8054,20,0,0.0,0,0.0
12832,11297,2,8054,30,1,0.03333333333333333,0,0.0
12833,11297,2,8054,40,1,0.025,0,0.0
12834,11297,2,8054,50,1,0.02,0,0.0
12835,11297,3,12081,10,0,0.0,0,0.0
12836,11297,3,12081,20,0,0.0,0,0.0
12837,11297,3,12081,30,0,0.0,0,0.0
12838,11297,3,12081,40,0,0.0,0,0.0
12839,11297,3,12081,50,0,0.0,0,0.0
12840,11297,4,16108,10,0,0.0,0,0.0
12841,11297,4,16108,20,0,0.0,0,0.0
12842,11297,4,16108,30,0,0.0,0,0.0
12843,11297,4,16108,40,0,0.0,0,0.0
12844,11297,4,16108,50,0,0.0,0,0.0
12845,11297,5,20135,10,0,0.0,0,0.0
12846,11297,5,20135,20,0,0.0,0,0.0
12847,11297,5,20135,30,0,0.0,0,0.0
12848,11297,5,20135,40,0,0.0,0,0.0
12849,11297,5,20135,50,0,0.0,0,0.0
12850,11297,6,24162,10,0,0.0,0,0.0
12851,11297,6,24162,20,0,0.0,0,0.0
12852,11297,6,24162,30,0,0.0,0,0.0
12853,11297,6,24162,40,0,0.0,0,0.0
12854,11297,6,24162,50,0,0.0,0,0.0
12855,11297,7,28189,10,0,0.0,0,0.0
12856,11297,7,28189,20,0,0.0,0,0.0
12857,11297,7,28189,30,0,0.0,0,0.0
12858,11297,7,28189,40,0,0.0,0,0.0
12859,11297,7,28189,50,0,0.0,0,0.0
12860,11297,8,32216,10,0,0.0,0,0.0
12861,11297,8,32216,20,0,0.0,0,0.0
12862,11297,8,32216,30,0,0.0,0,0.0
12863,11297,8,32216,40,0,0.0,0,0.0
12864,11297,8,32216,50,0,0.0,0,0.0
12865,11297,9,36243,10,0,0.0,0,0.0
12866,11297,9,36243,20,0,0.0,0,0.0
12867,11297,9,36243,30,0,0.0,0,0.0
12868,11297,9,36243,40,0,0.0,0,0.0
12869,11297,9,36243,50,0,0.0,0,0.0
12870,11297,10,40270,10,0,0.0,0,0.0
12871,11297,10,40270,20,0,0.0,0,0.0
12872,11297,10,40270,30,0,0.0,0,0.0
12873,11297,10,40270,40,0,0.0,0,0.0
12874,11297,10,40270,50,0,0.0,0,0.0
12875,11297,11,44297,10,0,0.0,0,0.0
12876,11297,11,44297,20,0,0.0,0,0.0
12877,11297,11,44297,30,0,0.0,0,0.0
12878,11297,11,44297,40,0,0.0,0,0.0
12879,11297,11,44297,50,0,0.0,0,0.0
12880,11297,12,48324,10,0,0.0,0,0.0
12881,11297,12,48324,20,0,0.0,0,0.0
12882,11297,12,48324,30,0,0.0,0,0.0
12883,11297,12,48324,40,0,0.0,0,0.0
12884,11297,12,48324,50,0,0.0,0,0.0
12885,11297,13,52351,10,0,0.0,0,0.0
12886,11297,13,52351,20,0,0.0,0,0.0
12887,11297,13,52351,30,0,0.0,0,0.0
12888,11297,13,52351,40,0,0.0,0,0.0
12889,11297,13,52351,50,0,0.0,0,0.0
12890,11297,14,56378,10,0,0.0,0,0.0
12891,11297,14,56378,20,0,0.0,0,0.0
12892,11297,14,56378,30,0,0.0,0,0.0
12893,11297,14,56378,40,0,0.0,0,0.0
12894,11297,14,56378,50,0,0.0,0,0.0
12895,11297,15,60405,10,0,0.0,0,0.0
12896,11297,15,60405,20,0,0.0,0,0.0
12897,11297,15,60405,30,0,0.0,0,0.0
12898,11297,15,60405,40,0,0.0,0,0.0
12899,11297,15,60405,50,0,0.0,0,0.0
12900,11297,16,64432,10,0,0.0,0,0.0
12901,11297,16,64432,20,0,0.0,0,0.0
12902,11297,16,64432,30,0,0.0,0,0.0
12903,11297,16,64432,40,0,0.0,0,0.0
12904,11297,16,64432,50,0,0.0,0,0.0
12905,11297,17,68459,10,0,0.0,0,0.0
12906,11297,17,68459,20,0,0.0,0,0.0
12907,11297,17,68459,30,0,0.0,0,0.0
12908,11297,17,68459,40,0,0.0,0,0.0
12909,11297,17,68459,50,0,0.0,0,0.0
12910,11297,18,72486,10,0,0.0,0,0.0
12911,11297,18,72486,20,0,0.0,0,0.0
12912,11297,18,72486,30,0,0.0,0,0.0
12913,11297,18,72486,40,0,0.0,0,0.0
12914,11297,18,72486,50,0,0.0,0,0.0
12915,11297,19,76513,10,0,0.0,0,0.0
12916,11297,19,76513,20,0,0.0,0,0.0
12917,11297,19,76513,30,0,0.0,0,0.0
12918,11297,19,76513,40,0,0.0,0,0.0
12919,11297,19,76513,50,0,0.0,0,0.0
12920,11359,1,4027,10,1,0.1,0,0.0
12921,11359,1,4027,20,1,0.05,0,0.0
12922,11359,1,4027,30,1,0.03333333333333333,0,0.0
12923,11359,1,4027,40,1,0.025,0,0.0
12924,11359,1,4027,50,1,0.02,0,0.0
12925,11359,2,8054,10,1,0.1,0,0.0
12926,11359,2,8054,20,1,0.05,0,0.0
12927,11359,2,8054,30,1,0.03333333333333333,0,0.0
12928,11359,2,8054,40,1,0.025,0,0.0
12929,11359,2,8054,50,1,0.02,0,0.0
12930,11359,3,12081,10,1,0.1,0,0.0
12931,11359,3,12081,20,1,0.05,0,0.0
12932,11359,3,12081,30,1,0.03333333333333333,0,0.0
12933,11359,3,12081,40,1,0.025,0,0.0
12934,11359,3,12081,50,1,0.02,0,0.0
12935,11359,4,16108,10,1,0.1,0,0.0
12936,11359,4,16108,20,1,0.05,0,0.0
12937,11359,4,16108,30,1,0.03333333333333333,0,0.0
12938,11359,4,16108,40,1,0.025,0,0.0
12939,11359,4,16108,50,1,0.02,0,0.0
12940,11359,5,20135,10,1,0.1,0,0.0
12941,11359,5,20135,20,1,0.05,0,0.0
12942,11359,5,20135,30,1,0.03333333333333333,0,0.0
12943,11359,5,20135,40,1,0.025,0,0.0
12944,11359,5,20135,50,1,0.02,0,0.0
12945,11359,6,24162,10,1,0.1,0,0.0
12946,11359,6,24162,20,1,0.05,0,0.0
12947,11359,6,24162,30,1,0.03333333333333333,0,0.0
12948,11359,6,24162,40,1,0.025,0,0.0
12949,11359,6,24162,50,1,0.02,0,0.0
12950,11359,7,28189,10,1,0.1,0,0.0
12951,11359,7,28189,20,1,0.05,0,0.0
12952,11359,7,28189,30,1,0.03333333333333333,0,0.0
12953,11359,7,28189,40,1,0.025,0,0.0
12954,11359,7,28189,50,1,0.02,0,0.0
12955,11359,8,32216,10,1,0.1,0,0.0
12956,11359,8,32216,20,1,0.05,0,0.0
12957,11359,8,32216,30,1,0.03333333333333333,0,0.0
12958,11359,8,32216,40,1,0.025,0,0.0
12959,11359,8,32216,50,1,0.02,0,0.0
12960,11359,9,36243,10,1,0.1,0,0.0
12961,11359,9,36243,20,1,0.05,0,0.0
12962,11359,9,36243,30,1,0.03333333333333333,0,0.0
12963,11359,9,36243,40,1,0.025,0,0.0
12964,11359,9,36243,50,1,0.02,0,0.0
12965,11359,10,40270,10,1,0.1,0,0.0
12966,11359,10,40270,20,1,0.05,0,0.0
12967,11359,10,40270,30,1,0.03333333333333333,0,0.0
12968,11359,10,40270,40,1,0.025,0,0.0
12969,11359,10,40270,50,1,0.02,0,0.0
12970,11359,11,44297,10,1,0.1,0,0.0
12971,11359,11,44297,20,1,0.05,0,0.0
12972,11359,11,44297,30,1,0.03333333333333333,0,0.0
12973,11359,11,44297,40,1,0.025,0,0.0
12974,11359,11,44297,50,1,0.02,0,0.0
12975,11359,12,48324,10,1,0.1,0,0.0
12976,11359,12,48324,20,1,0.05,0,0.0
12977,11359,12,48324,30,1,0.03333333333333333,0,0.0
12978,11359,12,48324,40,1,0.025,0,0.0
12979,11359,12,48324,50,1,0.02,0,0.0
12980,11359,13,52351,10,1,0.1,0,0.0
12981,11359,13,52351,20,1,0.05,0,0.0
12982,11359,13,52351,30,1,0.03333333333333333,0,0.0
12983,11359,13,52351,40,1,0.025,0,0.0
12984,11359,13,52351,50,1,0.02,0,0.0
12985,11359,14,56378,10,1,0.1,0,0.0
12986,11359,14,56378,20,1,0.05,0,0.0
12987,11359,14,56378,30,1,0.03333333333333333,0,0.0
12988,11359,14,56378,40,1,0.025,0,0.0
12989,11359,14,56378,50,1,0.02,0,0.0
12990,11359,15,60405,10,1,0.1,0,0.0
12991,11359,15,60405,20,1,0.05,0,0.0
12992,11359,15,60405,30,1,0.03333333333333333,0,0.0
12993,11359,15,60405,40,1,0.025,0,0.0
12994,11359,15,60405,50,1,0.02,0,0.0
12995,11359,16,64432,10,1,0.1,0,0.0
12996,11359,16,64432,20,1,0.05,0,0.0
12997,11359,16,64432,30,1,0.03333333333333333,0,0.0
12998,11359,16,64432,40,1,0.025,0,0.0
12999,11359,16,64432,50,1,0.02,0,0.0
13000,11359,17,68459,10,1,0.1,0,0.0
13001,11359,17,68459,20,1,0.05,0,0.0
13002,11359,17,68459,30,1,0.03333333333333333,0,0.0
13003,11359,17,68459,40,1,0.025,0,0.0
13004,11359,17,68459,50,1,0.02,0,0.0
13005,11359,18,72486,10,1,0.1,0,0.0
13006,11359,18,72486,20,1,0.05,0,0.0
13007,11359,18,72486,30,1,0.03333333333333333,0,0.0
13008,11359,18,72486,40,1,0.025,0,0.0
13009,11359,18,72486,50,1,0.02,0,0.0
13010,11359,19,76513,10,1,0.1,0,0.0
13011,11359,19,76513,20,1,0.05,0,0.0
13012,11359,19,76513,30,1,0.03333333333333333,0,0.0
13013,11359,19,76513,40,1,0.025,0,0.0
13014,11359,19,76513,50,1,0.02,0,0.0
13015,11622,1,4027,10,1,0.1,1,0.1
13016,11622,1,4027,20,5,0.25,2,0.1
13017,11622,1,4027,30,5,0.16666666666666666,2,0.06666666666666667
13018,11622,1,4027,40,5,0.125,2,0.05
13019,11622,1,4027,50,5,0.1,2,0.04
13020,11622,2,8054,10,1,0.1,1,0.1
13021,11622,2,8054,20,5,0.25,2,0.1
13022,11622,2,8054,30,5,0.16666666666666666,2,0.06666666666666667
13023,11622,2,8054,40,5,0.125,2,0.05
13024,11622,2,8054,50,6,0.12,2,0.04
13025,11622,3,12081,10,2,0.2,1,0.1
13026,11622,3,12081,20,5,0.25,2,0.1
13027,11622,3,12081,30,5,0.16666666666666666,2,0.06666666666666667
13028,11622,3,12081,40,5,0.125,2,0.05
13029,11622,3,12081,50,5,0.1,2,0.04
13030,11622,4,16108,10,2,0.2,1,0.1
13031,11622,4,16108,20,5,0.25,2,0.1
13032,11622,4,16108,30,5,0.16666666666666666,2,0.06666666666666667
13033,11622,4,16108,40,5,0.125,2,0.05
13034,11622,4,16108,50,5,0.1,2,0.04
13035,11622,5,20135,10,2,0.2,1,0.1
13036,11622,5,20135,20,5,0.25,2,0.1
13037,11622,5,20135,30,5,0.16666666666666666,2,0.06666666666666667
13038,11622,5,20135,40,5,0.125,2,0.05
13039,11622,5,20135,50,5,0.1,2,0.04
13040,11622,6,24162,10,2,0.2,1,0.1
13041,11622,6,24162,20,5,0.25,2,0.1
13042,11622,6,24162,30,5,0.16666666666666666,2,0.06666666666666667
13043,11622,6,24162,40,5,0.125,2,0.05
13044,11622,6,24162,50,5,0.1,2,0.04
13045,11622,7,28189,10,2,0.2,1,0.1
13046,11622,7,28189,20,5,0.25,2,0.1
13047,11622,7,28189,30,5,0.16666666666666666,2,0.06666666666666667
13048,11622,7,28189,40,5,0.125,2,0.05
13049,11622,7,28189,50,5,0.1,2,0.04
13050,11622,8,32216,10,2,0.2,1,0.1
13051,11622,8,32216,20,5,0.25,2,0.1
13052,11622,8,32216,30,5,0.16666666666666666,2,0.06666666666666667
13053,11622,8,32216,40,5,0.125,2,0.05
13054,11622,8,32216,50,5,0.1,2,0.04
13055,11622,9,36243,10,2,0.2,1,0.1
13056,11622,9,36243,20,5,0.25,2,0.1
13057,11622,9,36243,30,5,0.16666666666666666,2,0.06666666666666667
13058,11622,9,36243,40,5,0.125,2,0.05
13059,11622,9,36243,50,5,0.1,2,0.04
13060,11622,10,40270,10,2,0.2,1,0.1
13061,11622,10,40270,20,5,0.25,2,0.1
13062,11622,10,40270,30,5,0.16666666666666666,2,0.06666666666666667
13063,11622,10,40270,40,5,0.125,2,0.05
13064,11622,10,40270,50,5,0.1,2,0.04
13065,11622,11,44297,10,2,0.2,1,0.1
13066,11622,11,44297,20,5,0.25,2,0.1
13067,11622,11,44297,30,5,0.16666666666666666,2,0.06666666666666667
13068,11622,11,44297,40,5,0.125,2,0.05
13069,11622,11,44297,50,5,0.1,2,0.04
13070,11622,12,48324,10,1,0.1,1,0.1
13071,11622,12,48324,20,5,0.25,2,0.1
13072,11622,12,48324,30,5,0.16666666666666666,2,0.06666666666666667
13073,11622,12,48324,40,5,0.125,2,0.05
13074,11622,12,48324,50,6,0.12,2,0.04
13075,11622,13,52351,10,1,0.1,1,0.1
13076,11622,13,52351,20,5,0.25,2,0.1
13077,11622,13,52351,30,5,0.16666666666666666,2,0.06666666666666667
13078,11622,13,52351,40,5,0.125,2,0.05
13079,11622,13,52351,50,6,0.12,2,0.04
13080,11622,14,56378,10,1,0.1,1,0.1
13081,11622,14,56378,20,5,0.25,2,0.1
13082,11622,14,56378,30,5,0.16666666666666666,2,0.06666666666666667
13083,11622,14,56378,40,5,0.125,2,0.05
13084,11622,14,56378,50,6,0.12,2,0.04
13085,11622,15,60405,10,1,0.1,1,0.1
13086,11622,15,60405,20,5,0.25,2,0.1
13087,11622,15,60405,30,5,0.16666666666666666,2,0.06666666666666667
13088,11622,15,60405,40,5,0.125,2,0.05
13089,11622,15,60405,50,6,0.12,2,0.04
13090,11622,16,64432,10,1,0.1,1,0.1
13091,11622,16,64432,20,5,0.25,2,0.1
13092,11622,16,64432,30,5,0.16666666666666666,2,0.06666666666666667
13093,11622,16,64432,40,5,0.125,2,0.05
13094,11622,16,64432,50,6,0.12,2,0.04
13095,11622,17,68459,10,1,0.1,1,0.1
13096,11622,17,68459,20,5,0.25,2,0.1
13097,11622,17,68459,30,5,0.16666666666666666,2,0.06666666666666667
13098,11622,17,68459,40,5,0.125,2,0.05
13099,11622,17,68459,50,6,0.12,2,0.04
13100,11622,18,72486,10,1,0.1,1,0.1
13101,11622,18,72486,20,5,0.25,2,0.1
13102,11622,18,72486,30,5,0.16666666666666666,2,0.06666666666666667
13103,11622,18,72486,40,5,0.125,2,0.05
13104,11622,18,72486,50,6,0.12,2,0.04
13105,11622,19,76513,10,1,0.1,1,0.1
13106,11622,19,76513,20,5,0.25,2,0.1
13107,11622,19,76513,30,5,0.16666666666666666,2,0.06666666666666667
13108,11622,19,76513,40,5,0.125,2,0.05
13109,11622,19,76513,50,6,0.12,2,0.04
13110,11641,1,4027,10,1,0.1,0,0.0
13111,11641,1,4027,20,1,0.05,1,0.05
13112,11641,1,4027,30,1,0.03333333333333333,1,0.03333333333333333
13113,11641,1,4027,40,1,0.025,1,0.025
13114,11641,1,4027,50,1,0.02,1,0.02
13115,11641,2,8054,10,1,0.1,1,0.1
13116,11641,2,8054,20,1,0.05,1,0.05
13117,11641,2,8054,30,1,0.03333333333333333,1,0.03333333333333333
13118,11641,2,8054,40,1,0.025,1,0.025
13119,11641,2,8054,50,1,0.02,1,0.02
13120,11641,3,12081,10,1,0.1,0,0.0
13121,11641,3,12081,20,1,0.05,1,0.05
13122,11641,3,12081,30,1,0.03333333333333333,1,0.03333333333333333
13123,11641,3,12081,40,1,0.025,1,0.025
13124,11641,3,12081,50,1,0.02,1,0.02
13125,11641,4,16108,10,1,0.1,0,0.0
13126,11641,4,16108,20,1,0.05,1,0.05
13127,11641,4,16108,30,1,0.03333333333333333,1,0.03333333333333333
13128,11641,4,16108,40,1,0.025,1,0.025
13129,11641,4,16108,50,1,0.02,1,0.02
13130,11641,5,20135,10,1,0.1,0,0.0
13131,11641,5,20135,20,1,0.05,1,0.05
13132,11641,5,20135,30,1,0.03333333333333333,1,0.03333333333333333
13133,11641,5,20135,40,1,0.025,1,0.025
13134,11641,5,20135,50,1,0.02,1,0.02
13135,11641,6,24162,10,1,0.1,0,0.0
13136,11641,6,24162,20,1,0.05,1,0.05
13137,11641,6,24162,30,1,0.03333333333333333,1,0.03333333333333333
13138,11641,6,24162,40,1,0.025,1,0.025
13139,11641,6,24162,50,1,0.02,1,0.02
13140,11641,7,28189,10,1,0.1,1,0.1
13141,11641,7,28189,20,1,0.05,1,0.05
13142,11641,7,28189,30,1,0.03333333333333333,1,0.03333333333333333
13143,11641,7,28189,40,1,0.025,1,0.025
13144,11641,7,28189,50,1,0.02,1,0.02
13145,11641,8,32216,10,1,0.1,1,0.1
13146,11641,8,32216,20,1,0.05,1,0.05
13147,11641,8,32216,30,1,0.03333333333333333,1,0.03333333333333333
13148,11641,8,32216,40,1,0.025,1,0.025
13149,11641,8,32216,50,1,0.02,1,0.02
13150,11641,9,36243,10,1,0.1,1,0.1
13151,11641,9,36243,20,1,0.05,1,0.05
13152,11641,9,36243,30,1,0.03333333333333333,1,0.03333333333333333
13153,11641,9,36243,40,1,0.025,1,0.025
13154,11641,9,36243,50,1,0.02,1,0.02
13155,11641,10,40270,10,1,0.1,1,0.1
13156,11641,10,40270,20,1,0.05,1,0.05
13157,11641,10,40270,30,1,0.03333333333333333,1,0.03333333333333333
13158,11641,10,40270,40,1,0.025,1,0.025
13159,11641,10,40270,50,1,0.02,1,0.02
13160,11641,11,44297,10,1,0.1,1,0.1
13161,11641,11,44297,20,1,0.05,1,0.05
13162,11641,11,44297,30,1,0.03333333333333333,1,0.03333333333333333
13163,11641,11,44297,40,1,0.025,1,0.025
13164,11641,11,44297,50,1,0.02,1,0.02
13165,11641,12,48324,10,1,0.1,1,0.1
13166,11641,12,48324,20,1,0.05,1,0.05
13167,11641,12,48324,30,1,0.03333333333333333,1,0.03333333333333333
13168,11641,12,48324,40,1,0.025,1,0.025
13169,11641,12,48324,50,1,0.02,1,0.02
13170,11641,13,52351,10,1,0.1,1,0.1
13171,11641,13,52351,20,1,0.05,1,0.05
13172,11641,13,52351,30,1,0.03333333333333333,1,0.03333333333333333
13173,11641,13,52351,40,1,0.025,1,0.025
13174,11641,13,52351,50,1,0.02,1,0.02
13175,11641,14,56378,10,1,0.1,1,0.1
13176,11641,14,56378,20,1,0.05,1,0.05
13177,11641,14,56378,30,1,0.03333333333333333,1,0.03333333333333333
13178,11641,14,56378,40,1,0.025,1,0.025
13179,11641,14,56378,50,1,0.02,1,0.02
13180,11641,15,60405,10,1,0.1,1,0.1
13181,11641,15,60405,20,1,0.05,1,0.05
13182,11641,15,60405,30,1,0.03333333333333333,1,0.03333333333333333
13183,11641,15,60405,40,1,0.025,1,0.025
13184,11641,15,60405,50,1,0.02,1,0.02
13185,11641,16,64432,10,1,0.1,1,0.1
13186,11641,16,64432,20,1,0.05,1,0.05
13187,11641,16,64432,30,1,0.03333333333333333,1,0.03333333333333333
13188,11641,16,64432,40,1,0.025,1,0.025
13189,11641,16,64432,50,1,0.02,1,0.02
13190,11641,17,68459,10,1,0.1,1,0.1
13191,11641,17,68459,20,1,0.05,1,0.05
13192,11641,17,68459,30,1,0.03333333333333333,1,0.03333333333333333
13193,11641,17,68459,40,1,0.025,1,0.025
13194,11641,17,68459,50,1,0.02,1,0.02
13195,11641,18,72486,10,1,0.1,1,0.1
13196,11641,18,72486,20,1,0.05,1,0.05
13197,11641,18,72486,30,1,0.03333333333333333,1,0.03333333333333333
13198,11641,18,72486,40,1,0.025,1,0.025
13199,11641,18,72486,50,1,0.02,1,0.02
13200,11641,19,76513,10,1,0.1,1,0.1
13201,11641,19,76513,20,1,0.05,1,0.05
13202,11641,19,76513,30,1,0.03333333333333333,1,0.03333333333333333
13203,11641,19,76513,40,1,0.025,1,0.025
13204,11641,19,76513,50,1,0.02,1,0.02
13205,11784,1,4027,10,6,0.6,1,0.1
13206,11784,1,4027,20,8,0.4,4,0.2
13207,11784,1,4027,30,8,0.26666666666666666,5,0.16666666666666666
13208,11784,1,4027,40,9,0.225,6,0.15
13209,11784,1,4027,50,12,0.24,6,0.12
13210,11784,2,8054,10,6,0.6,1,0.1
13211,11784,2,8054,20,8,0.4,4,0.2
13212,11784,2,8054,30,8,0.26666666666666666,5,0.16666666666666666
13213,11784,2,8054,40,9,0.225,5,0.125
13214,11784,2,8054,50,11,0.22,7,0.14
13215,11784,3,12081,10,6,0.6,1,0.1
13216,11784,3,12081,20,8,0.4,4,0.2
13217,11784,3,12081,30,8,0.26666666666666666,5,0.16666666666666666
13218,11784,3,12081,40,9,0.225,6,0.15
13219,11784,3,12081,50,11,0.22,7,0.14
13220,11784,4,16108,10,6,0.6,1,0.1
13221,11784,4,16108,20,8,0.4,4,0.2
13222,11784,4,16108,30,9,0.3,5,0.16666666666666666
13223,11784,4,16108,40,11,0.275,6,0.15
13224,11784,4,16108,50,11,0.22,6,0.12
13225,11784,5,20135,10,6,0.6,1,0.1
13226,11784,5,20135,20,8,0.4,4,0.2
13227,11784,5,20135,30,9,0.3,5,0.16666666666666666
13228,11784,5,20135,40,10,0.25,6,0.15
13229,11784,5,20135,50,11,0.22,6,0.12
13230,11784,6,24162,10,6,0.6,1,0.1
13231,11784,6,24162,20,8,0.4,4,0.2
13232,11784,6,24162,30,8,0.26666666666666666,5,0.16666666666666666
13233,11784,6,24162,40,9,0.225,6,0.15
13234,11784,6,24162,50,11,0.22,7,0.14
13235,11784,7,28189,10,6,0.6,1,0.1
13236,11784,7,28189,20,8,0.4,4,0.2
13237,11784,7,28189,30,9,0.3,4,0.13333333333333333
13238,11784,7,28189,40,10,0.25,6,0.15
13239,11784,7,28189,50,11,0.22,6,0.12
13240,11784,8,32216,10,6,0.6,1,0.1
13241,11784,8,32216,20,8,0.4,4,0.2
13242,11784,8,32216,30,9,0.3,4,0.13333333333333333
13243,11784,8,32216,40,9,0.225,6,0.15
13244,11784,8,32216,50,11,0.22,6,0.12
13245,11784,9,36243,10,6,0.6,1,0.1
13246,11784,9,36243,20,8,0.4,4,0.2
13247,11784,9,36243,30,9,0.3,4,0.13333333333333333
13248,11784,9,36243,40,10,0.25,6,0.15
13249,11784,9,36243,50,11,0.22,6,0.12
13250,11784,10,40270,10,5,0.5,1,0.1
13251,11784,10,40270,20,8,0.4,4,0.2
13252,11784,10,40270,30,9,0.3,4,0.13333333333333333
13253,11784,10,40270,40,9,0.225,6,0.15
13254,11784,10,40270,50,11,0.22,6,0.12
13255,11784,11,44297,10,5,0.5,0,0.0
13256,11784,11,44297,20,8,0.4,4,0.2
13257,11784,11,44297,30,9,0.3,5,0.16666666666666666
13258,11784,11,44297,40,9,0.225,6,0.15
13259,11784,11,44297,50,11,0.22,6,0.12
13260,11784,12,48324,10,5,0.5,0,0.0
13261,11784,12,48324,20,8,0.4,4,0.2
13262,11784,12,48324,30,9,0.3,5,0.16666666666666666
13263,11784,12,48324,40,9,0.225,6,0.15
13264,11784,12,48324,50,10,0.2,6,0.12
13265,11784,13,52351,10,5,0.5,0,0.0
13266,11784,13,52351,20,8,0.4,4,0.2
13267,11784,13,52351,30,8,0.26666666666666666,5,0.16666666666666666
13268,11784,13,52351,40,9,0.225,5,0.125
13269,11784,13,52351,50,9,0.18,6,0.12
13270,11784,14,56378,10,5,0.5,0,0.0
13271,11784,14,56378,20,8,0.4,4,0.2
13272,11784,14,56378,30,8,0.26666666666666666,5,0.16666666666666666
13273,11784,14,56378,40,9,0.225,5,0.125
13274,11784,14,56378,50,9,0.18,6,0.12
13275,11784,15,60405,10,5,0.5,0,0.0
13276,11784,15,60405,20,8,0.4,4,0.2
13277,11784,15,60405,30,8,0.26666666666666666,5,0.16666666666666666
13278,11784,15,60405,40,9,0.225,6,0.15
13279,11784,15,60405,50,9,0.18,6,0.12
13280,11784,16,64432,10,5,0.5,0,0.0
13281,11784,16,64432,20,8,0.4,4,0.2
13282,11784,16,64432,30,9,0.3,5,0.16666666666666666
13283,11784,16,64432,40,9,0.225,6,0.15
13284,11784,16,64432,50,10,0.2,6,0.12
13285,11784,17,68459,10,5,0.5,0,0.0
13286,11784,17,68459,20,8,0.4,4,0.2
13287,11784,17,68459,30,8,0.26666666666666666,4,0.13333333333333333
13288,11784,17,68459,40,9,0.225,6,0.15
13289,11784,17,68459,50,10,0.2,6,0.12
13290,11784,18,72486,10,5,0.5,0,0.0
13291,11784,18,72486,20,8,0.4,4,0.2
13292,11784,18,72486,30,8,0.26666666666666666,4,0.13333333333333333
13293,11784,18,72486,40,10,0.25,6,0.15
13294,11784,18,72486,50,10,0.2,6,0.12
13295,11784,19,76513,10,5,0.5,0,0.0
13296,11784,19,76513,20,8,0.4,4,0.2
13297,11784,19,76513,30,8,0.26666666666666666,4,0.13333333333333333
13298,11784,19,76513,40,10,0.25,6,0.15
13299,11784,19,76513,50,10,0.2,6,0.12
13300,11787,1,4027,10,0,0.0,0,0.0
13301,11787,1,4027,20,2,0.1,0,0.0
13302,11787,1,4027,30,2,0.06666666666666667,0,0.0
13303,11787,1,4027,40,2,0.05,2,0.05
13304,11787,1,4027,50,2,0.04,2,0.04
13305,11787,2,8054,10,0,0.0,0,0.0
13306,11787,2,8054,20,0,0.0,1,0.05
13307,11787,2,8054,30,1,0.03333333333333333,1,0.03333333333333333
13308,11787,2,8054,40,2,0.05,1,0.025
13309,11787,2,8054,50,3,0.06,2,0.04
13310,11787,3,12081,10,0,0.0,0,0.0
13311,11787,3,12081,20,0,0.0,1,0.05
13312,11787,3,12081,30,1,0.03333333333333333,1,0.03333333333333333
13313,11787,3,12081,40,1,0.025,1,0.025
13314,11787,3,12081,50,3,0.06,2,0.04
13315,11787,4,16108,10,0,0.0,0,0.0
13316,11787,4,16108,20,0,0.0,1,0.05
13317,11787,4,16108,30,1,0.03333333333333333,1,0.03333333333333333
13318,11787,4,16108,40,1,0.025,2,0.05
13319,11787,4,16108,50,4,0.08,2,0.04
13320,11787,5,20135,10,0,0.0,0,0.0
13321,11787,5,20135,20,2,0.1,1,0.05
13322,11787,5,20135,30,2,0.06666666666666667,2,0.06666666666666667
13323,11787,5,20135,40,2,0.05,2,0.05
13324,11787,5,20135,50,2,0.04,3,0.06
13325,11787,6,24162,10,2,0.2,0,0.0
13326,11787,6,24162,20,2,0.1,1,0.05
13327,11787,6,24162,30,2,0.06666666666666667,1,0.03333333333333333
13328,11787,6,24162,40,2,0.05,1,0.025
13329,11787,6,24162,50,2,0.04,3,0.06
13330,11787,7,28189,10,0,0.0,0,0.0
13331,11787,7,28189,20,2,0.1,0,0.0
13332,11787,7,28189,30,2,0.06666666666666667,1,0.03333333333333333
13333,11787,7,28189,40,2,0.05,2,0.05
13334,11787,7,28189,50,2,0.04,2,0.04
13335,11787,8,32216,10,0,0.0,0,0.0
13336,11787,8,32216,20,2,0.1,0,0.0
13337,11787,8,32216,30,2,0.06666666666666667,1,0.03333333333333333
13338,11787,8,32216,40,2,0.05,2,0.05
13339,11787,8,32216,50,2,0.04,2,0.04
13340,11787,9,36243,10,0,0.0,0,0.0
13341,11787,9,36243,20,2,0.1,0,0.0
13342,11787,9,36243,30,2,0.06666666666666667,1,0.03333333333333333
13343,11787,9,36243,40,2,0.05,2,0.05
13344,11787,9,36243,50,2,0.04,2,0.04
13345,11787,10,40270,10,0,0.0,0,0.0
13346,11787,10,40270,20,2,0.1,0,0.0
13347,11787,10,40270,30,2,0.06666666666666667,1,0.03333333333333333
13348,11787,10,40270,40,2,0.05,2,0.05
13349,11787,10,40270,50,2,0.04,2,0.04
13350,11787,11,44297,10,0,0.0,0,0.0
13351,11787,11,44297,20,2,0.1,0,0.0
13352,11787,11,44297,30,2,0.06666666666666667,1,0.03333333333333333
13353,11787,11,44297,40,2,0.05,2,0.05
13354,11787,11,44297,50,2,0.04,2,0.04
13355,11787,12,48324,10,0,0.0,0,0.0
13356,11787,12,48324,20,2,0.1,0,0.0
13357,11787,12,48324,30,2,0.06666666666666667,0,0.0
13358,11787,12,48324,40,2,0.05,1,0.025
13359,11787,12,48324,50,2,0.04,2,0.04
13360,11787,13,52351,10,0,0.0,0,0.0
13361,11787,13,52351,20,2,0.1,0,0.0
13362,11787,13,52351,30,2,0.06666666666666667,1,0.03333333333333333
13363,11787,13,52351,40,2,0.05,1,0.025
13364,11787,13,52351,50,2,0.04,2,0.04
13365,11787,14,56378,10,0,0.0,0,0.0
13366,11787,14,56378,20,1,0.05,0,0.0
13367,11787,14,56378,30,2,0.06666666666666667,0,0.0
13368,11787,14,56378,40,2,0.05,1,0.025
13369,11787,14,56378,50,2,0.04,2,0.04
13370,11787,15,60405,10,0,0.0,0,0.0
13371,11787,15,60405,20,1,0.05,0,0.0
13372,11787,15,60405,30,2,0.06666666666666667,0,0.0
13373,11787,15,60405,40,2,0.05,1,0.025
13374,11787,15,60405,50,2,0.04,2,0.04
13375,11787,16,64432,10,0,0.0,0,0.0
13376,11787,16,64432,20,2,0.1,0,0.0
13377,11787,16,64432,30,2,0.06666666666666667,0,0.0
13378,11787,16,64432,40,2,0.05,1,0.025
13379,11787,16,64432,50,2,0.04,2,0.04
13380,11787,17,68459,10,0,0.0,0,0.0
13381,11787,17,68459,20,2,0.1,0,0.0
13382,11787,17,68459,30,2,0.06666666666666667,0,0.0
13383,11787,17,68459,40,2,0.05,1,0.025
13384,11787,17,68459,50,2,0.04,2,0.04
13385,11787,18,72486,10,0,0.0,0,0.0
13386,11787,18,72486,20,2,0.1,0,0.0
13387,11787,18,72486,30,2,0.06666666666666667,0,0.0
13388,11787,18,72486,40,2,0.05,1,0.025
13389,11787,18,72486,50,2,0.04,2,0.04
13390,11787,19,76513,10,0,0.0,0,0.0
13391,11787,19,76513,20,2,0.1,0,0.0
13392,11787,19,76513,30,2,0.06666666666666667,0,0.0
13393,11787,19,76513,40,2,0.05,1,0.025
13394,11787,19,76513,50,2,0.04,2,0.04
13395,11817,1,4027,10,5,0.5,0,0.0
13396,11817,1,4027,20,5,0.25,0,0.0
13397,11817,1,4027,30,6,0.2,0,0.0
13398,11817,1,4027,40,6,0.15,0,0.0
13399,11817,1,4027,50,7,0.14,0,0.0
13400,11817,2,8054,10,5,0.5,0,0.0
13401,11817,2,8054,20,6,0.3,0,0.0
13402,11817,2,8054,30,6,0.2,0,0.0
13403,11817,2,8054,40,6,0.15,0,0.0
13404,11817,2,8054,50,6,0.12,0,0.0
13405,11817,3,12081,10,5,0.5,0,0.0
13406,11817,3,12081,20,6,0.3,0,0.0
13407,11817,3,12081,30,6,0.2,0,0.0
13408,11817,3,12081,40,6,0.15,0,0.0
13409,11817,3,12081,50,6,0.12,0,0.0
13410,11817,4,16108,10,5,0.5,0,0.0
13411,11817,4,16108,20,6,0.3,0,0.0
13412,11817,4,16108,30,6,0.2,0,0.0
13413,11817,4,16108,40,6,0.15,0,0.0
13414,11817,4,16108,50,6,0.12,0,0.0
13415,11817,5,20135,10,5,0.5,0,0.0
13416,11817,5,20135,20,5,0.25,0,0.0
13417,11817,5,20135,30,6,0.2,0,0.0
13418,11817,5,20135,40,6,0.15,0,0.0
13419,11817,5,20135,50,6,0.12,0,0.0
13420,11817,6,24162,10,5,0.5,0,0.0
13421,11817,6,24162,20,5,0.25,0,0.0
13422,11817,6,24162,30,6,0.2,0,0.0
13423,11817,6,24162,40,6,0.15,0,0.0
13424,11817,6,24162,50,7,0.14,0,0.0
13425,11817,7,28189,10,5,0.5,0,0.0
13426,11817,7,28189,20,5,0.25,0,0.0
13427,11817,7,28189,30,6,0.2,0,0.0
13428,11817,7,28189,40,6,0.15,0,0.0
13429,11817,7,28189,50,7,0.14,0,0.0
13430,11817,8,32216,10,5,0.5,0,0.0
13431,11817,8,32216,20,6,0.3,0,0.0
13432,11817,8,32216,30,6,0.2,0,0.0
13433,11817,8,32216,40,6,0.15,0,0.0
13434,11817,8,32216,50,7,0.14,0,0.0
13435,11817,9,36243,10,5,0.5,0,0.0
13436,11817,9,36243,20,5,0.25,0,0.0
13437,11817,9,36243,30,6,0.2,0,0.0
13438,11817,9,36243,40,6,0.15,0,0.0
13439,11817,9,36243,50,6,0.12,0,0.0
13440,11817,10,40270,10,5,0.5,0,0.0
13441,11817,10,40270,20,5,0.25,0,0.0
13442,11817,10,40270,30,6,0.2,0,0.0
13443,11817,10,40270,40,6,0.15,0,0.0
13444,11817,10,40270,50,6,0.12,0,0.0
13445,11817,11,44297,10,5,0.5,0,0.0
13446,11817,11,44297,20,5,0.25,0,0.0
13447,11817,11,44297,30,6,0.2,0,0.0
13448,11817,11,44297,40,6,0.15,0,0.0
13449,11817,11,44297,50,6,0.12,0,0.0
13450,11817,12,48324,10,5,0.5,0,0.0
13451,11817,12,48324,20,5,0.25,0,0.0
13452,11817,12,48324,30,6,0.2,0,0.0
13453,11817,12,48324,40,6,0.15,0,0.0
13454,11817,12,48324,50,6,0.12,0,0.0
13455,11817,13,52351,10,5,0.5,0,0.0
13456,11817,13,52351,20,5,0.25,0,0.0
13457,11817,13,52351,30,6,0.2,0,0.0
13458,11817,13,52351,40,6,0.15,0,0.0
13459,11817,13,52351,50,6,0.12,0,0.0
13460,11817,14,56378,10,5,0.5,0,0.0
13461,11817,14,56378,20,5,0.25,0,0.0
13462,11817,14,56378,30,6,0.2,0,0.0
13463,11817,14,56378,40,6,0.15,0,0.0
13464,11817,14,56378,50,6,0.12,0,0.0
13465,11817,15,60405,10,5,0.5,0,0.0
13466,11817,15,60405,20,5,0.25,0,0.0
13467,11817,15,60405,30,6,0.2,0,0.0
13468,11817,15,60405,40,6,0.15,0,0.0
13469,11817,15,60405,50,6,0.12,0,0.0
13470,11817,16,64432,10,5,0.5,0,0.0
13471,11817,16,64432,20,5,0.25,0,0.0
13472,11817,16,64432,30,6,0.2,0,0.0
13473,11817,16,64432,40,6,0.15,0,0.0
13474,11817,16,64432,50,6,0.12,0,0.0
13475,11817,17,68459,10,5,0.5,0,0.0
13476,11817,17,68459,20,5,0.25,0,0.0
13477,11817,17,68459,30,6,0.2,0,0.0
13478,11817,17,68459,40,6,0.15,0,0.0
13479,11817,17,68459,50,6,0.12,0,0.0
13480,11817,18,72486,10,5,0.5,0,0.0
13481,11817,18,72486,20,5,0.25,0,0.0
13482,11817,18,72486,30,6,0.2,0,0.0
13483,11817,18,72486,40,6,0.15,0,0.0
13484,11817,18,72486,50,6,0.12,0,0.0
13485,11817,19,76513,10,5,0.5,0,0.0
13486,11817,19,76513,20,5,0.25,0,0.0
13487,11817,19,76513,30,6,0.2,0,0.0
13488,11817,19,76513,40,6,0.15,0,0.0
13489,11817,19,76513,50,6,0.12,0,0.0
13490,12652,1,4027,10,1,0.1,1,0.1
13491,12652,1,4027,20,1,0.05,1,0.05
13492,12652,1,4027,30,1,0.03333333333333333,1,0.03333333333333333
13493,12652,1,4027,40,3,0.075,1,0.025
13494,12652,1,4027,50,6,0.12,1,0.02
13495,12652,2,8054,10,1,0.1,1,0.1
13496,12652,2,8054,20,1,0.05,1,0.05
13497,12652,2,8054,30,1,0.03333333333333333,1,0.03333333333333333
13498,12652,2,8054,40,5,0.125,1,0.025
13499,12652,2,8054,50,5,0.1,1,0.02
13500,12652,3,12081,10,1,0.1,1,0.1
13501,12652,3,12081,20,1,0.05,1,0.05
13502,12652,3,12081,30,1,0.03333333333333333,1,0.03333333333333333
13503,12652,3,12081,40,5,0.125,1,0.025
13504,12652,3,12081,50,6,0.12,1,0.02
13505,12652,4,16108,10,1,0.1,1,0.1
13506,12652,4,16108,20,1,0.05,1,0.05
13507,12652,4,16108,30,1,0.03333333333333333,1,0.03333333333333333
13508,12652,4,16108,40,3,0.075,1,0.025
13509,12652,4,16108,50,5,0.1,1,0.02
13510,12652,5,20135,10,1,0.1,1,0.1
13511,12652,5,20135,20,1,0.05,1,0.05
13512,12652,5,20135,30,2,0.06666666666666667,1,0.03333333333333333
13513,12652,5,20135,40,6,0.15,1,0.025
13514,12652,5,20135,50,6,0.12,2,0.04
13515,12652,6,24162,10,1,0.1,1,0.1
13516,12652,6,24162,20,1,0.05,1,0.05
13517,12652,6,24162,30,2,0.06666666666666667,1,0.03333333333333333
13518,12652,6,24162,40,6,0.15,1,0.025
13519,12652,6,24162,50,7,0.14,2,0.04
13520,12652,7,28189,10,1,0.1,1,0.1
13521,12652,7,28189,20,1,0.05,1,0.05
13522,12652,7,28189,30,2,0.06666666666666667,1,0.03333333333333333
13523,12652,7,28189,40,6,0.15,1,0.025
13524,12652,7,28189,50,8,0.16,2,0.04
13525,12652,8,32216,10,1,0.1,1,0.1
13526,12652,8,32216,20,1,0.05,1,0.05
13527,12652,8,32216,30,2,0.06666666666666667,1,0.03333333333333333
13528,12652,8,32216,40,6,0.15,1,0.025
13529,12652,8,32216,50,6,0.12,2,0.04
13530,12652,9,36243,10,1,0.1,1,0.1
13531,12652,9,36243,20,1,0.05,1,0.05
13532,12652,9,36243,30,2,0.06666666666666667,1,0.03333333333333333
13533,12652,9,36243,40,5,0.125,1,0.025
13534,12652,9,36243,50,7,0.14,2,0.04
13535,12652,10,40270,10,1,0.1,1,0.1
13536,12652,10,40270,20,1,0.05,1,0.05
13537,12652,10,40270,30,2,0.06666666666666667,1,0.03333333333333333
13538,12652,10,40270,40,5,0.125,1,0.025
13539,12652,10,40270,50,7,0.14,2,0.04
13540,12652,11,44297,10,1,0.1,1,0.1
13541,12652,11,44297,20,1,0.05,1,0.05
13542,12652,11,44297,30,3,0.1,1,0.03333333333333333
13543,12652,11,44297,40,5,0.125,1,0.025
13544,12652,11,44297,50,7,0.14,2,0.04
13545,12652,12,48324,10,1,0.1,1,0.1
13546,12652,12,48324,20,1,0.05,1,0.05
13547,12652,12,48324,30,2,0.06666666666666667,1,0.03333333333333333
13548,12652,12,48324,40,5,0.125,1,0.025
13549,12652,12,48324,50,6,0.12,2,0.04
13550,12652,13,52351,10,1,0.1,1,0.1
13551,12652,13,52351,20,1,0.05,1,0.05
13552,12652,13,52351,30,2,0.06666666666666667,1,0.03333333333333333
13553,12652,13,52351,40,5,0.125,1,0.025
13554,12652,13,52351,50,6,0.12,2,0.04
13555,12652,14,56378,10,1,0.1,1,0.1
13556,12652,14,56378,20,1,0.05,1,0.05
13557,12652,14,56378,30,2,0.06666666666666667,1,0.03333333333333333
13558,12652,14,56378,40,5,0.125,1,0.025
13559,12652,14,56378,50,6,0.12,2,0.04
13560,12652,15,60405,10,1,0.1,1,0.1
13561,12652,15,60405,20,1,0.05,1,0.05
13562,12652,15,60405,30,2,0.06666666666666667,1,0.03333333333333333
13563,12652,15,60405,40,5,0.125,1,0.025
13564,12652,15,60405,50,6,0.12,2,0.04
13565,12652,16,64432,10,1,0.1,1,0.1
13566,12652,16,64432,20,1,0.05,1,0.05
13567,12652,16,64432,30,1,0.03333333333333333,1,0.03333333333333333
13568,12652,16,64432,40,5,0.125,1,0.025
13569,12652,16,64432,50,6,0.12,2,0.04
13570,12652,17,68459,10,1,0.1,1,0.1
13571,12652,17,68459,20,1,0.05,1,0.05
13572,12652,17,68459,30,1,0.03333333333333333,1,0.03333333333333333
13573,12652,17,68459,40,5,0.125,1,0.025
13574,12652,17,68459,50,6,0.12,2,0.04
13575,12652,18,72486,10,1,0.1,1,0.1
13576,12652,18,72486,20,1,0.05,1,0.05
13577,12652,18,72486,30,1,0.03333333333333333,1,0.03333333333333333
13578,12652,18,72486,40,5,0.125,1,0.025
13579,12652,18,72486,50,6,0.12,2,0.04
13580,12652,19,76513,10,1,0.1,1,0.1
13581,12652,19,76513,20,1,0.05,1,0.05
13582,12652,19,76513,30,1,0.03333333333333333,1,0.03333333333333333
13583,12652,19,76513,40,6,0.15,1,0.025
13584,12652,19,76513,50,6,0.12,2,0.04
13585,12961,1,4027,10,2,0.2,1,0.1
13586,12961,1,4027,20,3,0.15,1,0.05
13587,12961,1,4027,30,4,0.13333333333333333,1,0.03333333333333333
13588,12961,1,4027,40,4,0.1,2,0.05
13589,12961,1,4027,50,4,0.08,2,0.04
13590,12961,2,8054,10,2,0.2,1,0.1
13591,12961,2,8054,20,3,0.15,1,0.05
13592,12961,2,8054,30,4,0.13333333333333333,1,0.03333333333333333
13593,12961,2,8054,40,4,0.1,2,0.05
13594,12961,2,8054,50,4,0.08,2,0.04
13595,12961,3,12081,10,2,0.2,1,0.1
13596,12961,3,12081,20,3,0.15,1,0.05
13597,12961,3,12081,30,4,0.13333333333333333,1,0.03333333333333333
13598,12961,3,12081,40,4,0.1,2,0.05
13599,12961,3,12081,50,4,0.08,2,0.04
13600,12961,4,16108,10,2,0.2,1,0.1
13601,12961,4,16108,20,3,0.15,1,0.05
13602,12961,4,16108,30,4,0.13333333333333333,1,0.03333333333333333
13603,12961,4,16108,40,4,0.1,2,0.05
13604,12961,4,16108,50,4,0.08,2,0.04
13605,12961,5,20135,10,2,0.2,1,0.1
13606,12961,5,20135,20,3,0.15,1,0.05
13607,12961,5,20135,30,4,0.13333333333333333,1,0.03333333333333333
13608,12961,5,20135,40,4,0.1,2,0.05
13609,12961,5,20135,50,4,0.08,2,0.04
13610,12961,6,24162,10,2,0.2,1,0.1
13611,12961,6,24162,20,3,0.15,1,0.05
13612,12961,6,24162,30,4,0.13333333333333333,1,0.03333333333333333
13613,12961,6,24162,40,4,0.1,2,0.05
13614,12961,6,24162,50,4,0.08,2,0.04
13615,12961,7,28189,10,2,0.2,1,0.1
13616,12961,7,28189,20,3,0.15,1,0.05
13617,12961,7,28189,30,4,0.13333333333333333,1,0.03333333333333333
13618,12961,7,28189,40,4,0.1,2,0.05
13619,12961,7,28189,50,4,0.08,2,0.04
13620,12961,8,32216,10,2,0.2,1,0.1
13621,12961,8,32216,20,3,0.15,1,0.05
13622,12961,8,32216,30,4,0.13333333333333333,1,0.03333333333333333
13623,12961,8,32216,40,4,0.1,2,0.05
13624,12961,8,32216,50,4,0.08,2,0.04
13625,12961,9,36243,10,2,0.2,1,0.1
13626,12961,9,36243,20,3,0.15,1,0.05
13627,12961,9,36243,30,4,0.13333333333333333,1,0.03333333333333333
13628,12961,9,36243,40,4,0.1,2,0.05
13629,12961,9,36243,50,4,0.08,2,0.04
13630,12961,10,40270,10,2,0.2,1,0.1
13631,12961,10,40270,20,3,0.15,1,0.05
13632,12961,10,40270,30,4,0.13333333333333333,1,0.03333333333333333
13633,12961,10,40270,40,4,0.1,2,0.05
13634,12961,10,40270,50,4,0.08,2,0.04
13635,12961,11,44297,10,2,0.2,1,0.1
13636,12961,11,44297,20,3,0.15,1,0.05
13637,12961,11,44297,30,4,0.13333333333333333,1,0.03333333333333333
13638,12961,11,44297,40,4,0.1,2,0.05
13639,12961,11,44297,50,4,0.08,2,0.04
13640,12961,12,48324,10,2,0.2,1,0.1
13641,12961,12,48324,20,3,0.15,1,0.05
13642,12961,12,48324,30,4,0.13333333333333333,1,0.03333333333333333
13643,12961,12,48324,40,4,0.1,2,0.05
13644,12961,12,48324,50,4,0.08,2,0.04
13645,12961,13,52351,10,2,0.2,1,0.1
13646,12961,13,52351,20,3,0.15,1,0.05
13647,12961,13,52351,30,4,0.13333333333333333,1,0.03333333333333333
13648,12961,13,52351,40,4,0.1,2,0.05
13649,12961,13,52351,50,4,0.08,2,0.04
13650,12961,14,56378,10,2,0.2,1,0.1
13651,12961,14,56378,20,3,0.15,1,0.05
13652,12961,14,56378,30,4,0.13333333333333333,1,0.03333333333333333
13653,12961,14,56378,40,4,0.1,2,0.05
13654,12961,14,56378,50,4,0.08,2,0.04
13655,12961,15,60405,10,2,0.2,1,0.1
13656,12961,15,60405,20,3,0.15,1,0.05
13657,12961,15,60405,30,4,0.13333333333333333,1,0.03333333333333333
13658,12961,15,60405,40,4,0.1,2,0.05
13659,12961,15,60405,50,4,0.08,2,0.04
13660,12961,16,64432,10,2,0.2,1,0.1
13661,12961,16,64432,20,3,0.15,1,0.05
13662,12961,16,64432,30,4,0.13333333333333333,1,0.03333333333333333
13663,12961,16,64432,40,4,0.1,2,0.05
13664,12961,16,64432,50,4,0.08,2,0.04
13665,12961,17,68459,10,2,0.2,1,0.1
13666,12961,17,68459,20,3,0.15,1,0.05
13667,12961,17,68459,30,4,0.13333333333333333,1,0.03333333333333333
13668,12961,17,68459,40,4,0.1,2,0.05
13669,12961,17,68459,50,4,0.08,2,0.04
13670,12961,18,72486,10,2,0.2,1,0.1
13671,12961,18,72486,20,3,0.15,1,0.05
13672,12961,18,72486,30,4,0.13333333333333333,1,0.03333333333333333
13673,12961,18,72486,40,4,0.1,2,0.05
13674,12961,18,72486,50,4,0.08,2,0.04
13675,12961,19,76513,10,2,0.2,1,0.1
13676,12961,19,76513,20,3,0.15,1,0.05
13677,12961,19,76513,30,4,0.13333333333333333,1,0.03333333333333333
13678,12961,19,76513,40,4,0.1,2,0.05
13679,12961,19,76513,50,4,0.08,2,0.04
13680,13639,1,4027,10,0,0.0,0,0.0
13681,13639,1,4027,20,2,0.1,0,0.0
13682,13639,1,4027,30,2,0.06666666666666667,0,0.0
13683,13639,1,4027,40,3,0.075,0,0.0
13684,13639,1,4027,50,4,0.08,0,0.0
13685,13639,2,8054,10,1,0.1,0,0.0
13686,13639,2,8054,20,2,0.1,0,0.0
13687,13639,2,8054,30,2,0.06666666666666667,0,0.0
13688,13639,2,8054,40,2,0.05,0,0.0
13689,13639,2,8054,50,4,0.08,0,0.0
13690,13639,3,12081,10,0,0.0,0,0.0
13691,13639,3,12081,20,2,0.1,0,0.0
13692,13639,3,12081,30,2,0.06666666666666667,0,0.0
13693,13639,3,12081,40,4,0.1,0,0.0
13694,13639,3,12081,50,4,0.08,0,0.0
13695,13639,4,16108,10,0,0.0,0,0.0
13696,13639,4,16108,20,2,0.1,0,0.0
13697,13639,4,16108,30,3,0.1,0,0.0
13698,13639,4,16108,40,3,0.075,0,0.0
13699,13639,4,16108,50,4,0.08,0,0.0
13700,13639,5,20135,10,0,0.0,0,0.0
13701,13639,5,20135,20,2,0.1,0,0.0
13702,13639,5,20135,30,2,0.06666666666666667,0,0.0
13703,13639,5,20135,40,4,0.1,0,0.0
13704,13639,5,20135,50,4,0.08,0,0.0
13705,13639,6,24162,10,1,0.1,0,0.0
13706,13639,6,24162,20,2,0.1,0,0.0
13707,13639,6,24162,30,2,0.06666666666666667,0,0.0
13708,13639,6,24162,40,4,0.1,0,0.0
13709,13639,6,24162,50,4,0.08,0,0.0
13710,13639,7,28189,10,1,0.1,0,0.0
13711,13639,7,28189,20,2,0.1,0,0.0
13712,13639,7,28189,30,2,0.06666666666666667,0,0.0
13713,13639,7,28189,40,4,0.1,0,0.0
13714,13639,7,28189,50,4,0.08,0,0.0
13715,13639,8,32216,10,1,0.1,0,0.0
13716,13639,8,32216,20,2,0.1,0,0.0
13717,13639,8,32216,30,2,0.06666666666666667,0,0.0
13718,13639,8,32216,40,4,0.1,0,0.0
13719,13639,8,32216,50,4,0.08,0,0.0
13720,13639,9,36243,10,1,0.1,0,0.0
13721,13639,9,36243,20,2,0.1,0,0.0
13722,13639,9,36243,30,2,0.06666666666666667,0,0.0
13723,13639,9,36243,40,4,0.1,0,0.0
13724,13639,9,36243,50,4,0.08,0,0.0
13725,13639,10,40270,10,1,0.1,0,0.0
13726,13639,10,40270,20,2,0.1,0,0.0
13727,13639,10,40270,30,2,0.06666666666666667,0,0.0
13728,13639,10,40270,40,3,0.075,0,0.0
13729,13639,10,40270,50,4,0.08,0,0.0
13730,13639,11,44297,10,1,0.1,0,0.0
13731,13639,11,44297,20,2,0.1,0,0.0
13732,13639,11,44297,30,2,0.06666666666666667,0,0.0
13733,13639,11,44297,40,3,0.075,0,0.0
13734,13639,11,44297,50,4,0.08,0,0.0
13735,13639,12,48324,10,1,0.1,0,0.0
13736,13639,12,48324,20,2,0.1,0,0.0
13737,13639,12,48324,30,2,0.06666666666666667,0,0.0
13738,13639,12,48324,40,3,0.075,0,0.0
13739,13639,12,48324,50,4,0.08,0,0.0
13740,13639,13,52351,10,1,0.1,0,0.0
13741,13639,13,52351,20,2,0.1,0,0.0
13742,13639,13,52351,30,2,0.06666666666666667,0,0.0
13743,13639,13,52351,40,3,0.075,0,0.0
13744,13639,13,52351,50,4,0.08,0,0.0
13745,13639,14,56378,10,1,0.1,0,0.0
13746,13639,14,56378,20,2,0.1,0,0.0
13747,13639,14,56378,30,2,0.06666666666666667,0,0.0
13748,13639,14,56378,40,3,0.075,0,0.0
13749,13639,14,56378,50,4,0.08,0,0.0
13750,13639,15,60405,10,1,0.1,0,0.0
13751,13639,15,60405,20,2,0.1,0,0.0
13752,13639,15,60405,30,2,0.06666666666666667,0,0.0
13753,13639,15,60405,40,3,0.075,0,0.0
13754,13639,15,60405,50,4,0.08,0,0.0
13755,13639,16,64432,10,1,0.1,0,0.0
13756,13639,16,64432,20,2,0.1,0,0.0
13757,13639,16,64432,30,2,0.06666666666666667,0,0.0
13758,13639,16,64432,40,3,0.075,0,0.0
13759,13639,16,64432,50,4,0.08,0,0.0
13760,13639,17,68459,10,1,0.1,0,0.0
13761,13639,17,68459,20,2,0.1,0,0.0
13762,13639,17,68459,30,2,0.06666666666666667,0,0.0
13763,13639,17,68459,40,3,0.075,0,0.0
13764,13639,17,68459,50,4,0.08,0,0.0
13765,13639,18,72486,10,1,0.1,0,0.0
13766,13639,18,72486,20,2,0.1,0,0.0
13767,13639,18,72486,30,2,0.06666666666666667,0,0.0
13768,13639,18,72486,40,3,0.075,0,0.0
13769,13639,18,72486,50,4,0.08,0,0.0
13770,13639,19,76513,10,1,0.1,0,0.0
13771,13639,19,76513,20,2,0.1,0,0.0
13772,13639,19,76513,30,2,0.06666666666666667,0,0.0
13773,13639,19,76513,40,3,0.075,0,0.0
13774,13639,19,76513,50,4,0.08,0,0.0
13775,14441,1,4027,10,1,0.1,0,0.0
13776,14441,1,4027,20,1,0.05,0,0.0
13777,14441,1,4027,30,1,0.03333333333333333,1,0.03333333333333333
13778,14441,1,4027,40,1,0.025,1,0.025
13779,14441,1,4027,50,1,0.02,1,0.02
13780,14441,2,8054,10,1,0.1,0,0.0
13781,14441,2,8054,20,1,0.05,0,0.0
13782,14441,2,8054,30,1,0.03333333333333333,1,0.03333333333333333
13783,14441,2,8054,40,1,0.025,1,0.025
13784,14441,2,8054,50,1,0.02,1,0.02
13785,14441,3,12081,10,1,0.1,0,0.0
13786,14441,3,12081,20,1,0.05,0,0.0
13787,14441,3,12081,30,1,0.03333333333333333,1,0.03333333333333333
13788,14441,3,12081,40,1,0.025,1,0.025
13789,14441,3,12081,50,1,0.02,1,0.02
13790,14441,4,16108,10,1,0.1,0,0.0
13791,14441,4,16108,20,1,0.05,0,0.0
13792,14441,4,16108,30,1,0.03333333333333333,1,0.03333333333333333
13793,14441,4,16108,40,1,0.025,1,0.025
13794,14441,4,16108,50,1,0.02,1,0.02
13795,14441,5,20135,10,1,0.1,0,0.0
13796,14441,5,20135,20,1,0.05,0,0.0
13797,14441,5,20135,30,1,0.03333333333333333,1,0.03333333333333333
13798,14441,5,20135,40,1,0.025,1,0.025
13799,14441,5,20135,50,1,0.02,1,0.02
13800,14441,6,24162,10,1,0.1,0,0.0
13801,14441,6,24162,20,1,0.05,0,0.0
13802,14441,6,24162,30,1,0.03333333333333333,1,0.03333333333333333
13803,14441,6,24162,40,1,0.025,1,0.025
13804,14441,6,24162,50,1,0.02,1,0.02
13805,14441,7,28189,10,1,0.1,0,0.0
13806,14441,7,28189,20,1,0.05,0,0.0
13807,14441,7,28189,30,1,0.03333333333333333,1,0.03333333333333333
13808,14441,7,28189,40,1,0.025,1,0.025
13809,14441,7,28189,50,1,0.02,1,0.02
13810,14441,8,32216,10,1,0.1,0,0.0
13811,14441,8,32216,20,1,0.05,0,0.0
13812,14441,8,32216,30,1,0.03333333333333333,1,0.03333333333333333
13813,14441,8,32216,40,1,0.025,1,0.025
13814,14441,8,32216,50,1,0.02,1,0.02
13815,14441,9,36243,10,1,0.1,0,0.0
13816,14441,9,36243,20,1,0.05,0,0.0
13817,14441,9,36243,30,1,0.03333333333333333,1,0.03333333333333333
13818,14441,9,36243,40,1,0.025,1,0.025
13819,14441,9,36243,50,1,0.02,1,0.02
13820,14441,10,40270,10,1,0.1,0,0.0
13821,14441,10,40270,20,1,0.05,0,0.0
13822,14441,10,40270,30,1,0.03333333333333333,1,0.03333333333333333
13823,14441,10,40270,40,1,0.025,1,0.025
13824,14441,10,40270,50,1,0.02,1,0.02
13825,14441,11,44297,10,1,0.1,0,0.0
13826,14441,11,44297,20,1,0.05,0,0.0
13827,14441,11,44297,30,1,0.03333333333333333,1,0.03333333333333333
13828,14441,11,44297,40,1,0.025,1,0.025
13829,14441,11,44297,50,1,0.02,1,0.02
13830,14441,12,48324,10,1,0.1,0,0.0
13831,14441,12,48324,20,1,0.05,0,0.0
13832,14441,12,48324,30,1,0.03333333333333333,1,0.03333333333333333
13833,14441,12,48324,40,1,0.025,1,0.025
13834,14441,12,48324,50,1,0.02,1,0.02
13835,14441,13,52351,10,1,0.1,0,0.0
13836,14441,13,52351,20,1,0.05,0,0.0
13837,14441,13,52351,30,1,0.03333333333333333,1,0.03333333333333333
13838,14441,13,52351,40,1,0.025,1,0.025
13839,14441,13,52351,50,1,0.02,1,0.02
13840,14441,14,56378,10,1,0.1,0,0.0
13841,14441,14,56378,20,1,0.05,0,0.0
13842,14441,14,56378,30,1,0.03333333333333333,1,0.03333333333333333
13843,14441,14,56378,40,1,0.025,1,0.025
13844,14441,14,56378,50,1,0.02,1,0.02
13845,14441,15,60405,10,1,0.1,0,0.0
13846,14441,15,60405,20,1,0.05,0,0.0
13847,14441,15,60405,30,1,0.03333333333333333,1,0.03333333333333333
13848,14441,15,60405,40,1,0.025,1,0.025
13849,14441,15,60405,50,1,0.02,1,0.02
13850,14441,16,64432,10,1,0.1,0,0.0
13851,14441,16,64432,20,1,0.05,0,0.0
13852,14441,16,64432,30,1,0.03333333333333333,1,0.03333333333333333
13853,14441,16,64432,40,1,0.025,1,0.025
13854,14441,16,64432,50,1,0.02,1,0.02
13855,14441,17,68459,10,1,0.1,0,0.0
13856,14441,17,68459,20,1,0.05,0,0.0
13857,14441,17,68459,30,1,0.03333333333333333,1,0.03333333333333333
13858,14441,17,68459,40,1,0.025,1,0.025
13859,14441,17,68459,50,1,0.02,1,0.02
13860,14441,18,72486,10,1,0.1,0,0.0
13861,14441,18,72486,20,1,0.05,0,0.0
13862,14441,18,72486,30,1,0.03333333333333333,1,0.03333333333333333
13863,14441,18,72486,40,1,0.025,1,0.025
13864,14441,18,72486,50,1,0.02,1,0.02
13865,14441,19,76513,10,1,0.1,0,0.0
13866,14441,19,76513,20,1,0.05,0,0.0
13867,14441,19,76513,30,1,0.03333333333333333,1,0.03333333333333333
13868,14441,19,76513,40,1,0.025,1,0.025
13869,14441,19,76513,50,1,0.02,1,0.02
13870,15743,1,4027,10,0,0.0,0,0.0
13871,15743,1,4027,20,0,0.0,0,0.0
13872,15743,1,4027,30,0,0.0,0,0.0
13873,15743,1,4027,40,0,0.0,0,0.0
13874,15743,1,4027,50,1,0.02,0,0.0
13875,15743,2,8054,10,0,0.0,0,0.0
13876,15743,2,8054,20,0,0.0,0,0.0
13877,15743,2,8054,30,0,0.0,0,0.0
13878,15743,2,8054,40,0,0.0,0,0.0
13879,15743,2,8054,50,0,0.0,0,0.0
13880,15743,3,12081,10,0,0.0,0,0.0
13881,15743,3,12081,20,0,0.0,0,0.0
13882,15743,3,12081,30,0,0.0,0,0.0
13883,15743,3,12081,40,0,0.0,0,0.0
13884,15743,3,12081,50,0,0.0,0,0.0
13885,15743,4,16108,10,0,0.0,0,0.0
13886,15743,4,16108,20,0,0.0,0,0.0
13887,15743,4,16108,30,0,0.0,0,0.0
13888,15743,4,16108,40,0,0.0,0,0.0
13889,15743,4,16108,50,0,0.0,0,0.0
13890,15743,5,20135,10,0,0.0,0,0.0
13891,15743,5,20135,20,0,0.0,0,0.0
13892,15743,5,20135,30,0,0.0,0,0.0
13893,15743,5,20135,40,0,0.0,0,0.0
13894,15743,5,20135,50,0,0.0,0,0.0
13895,15743,6,24162,10,0,0.0,0,0.0
13896,15743,6,24162,20,0,0.0,0,0.0
13897,15743,6,24162,30,0,0.0,0,0.0
13898,15743,6,24162,40,0,0.0,0,0.0
13899,15743,6,24162,50,0,0.0,0,0.0
13900,15743,7,28189,10,0,0.0,0,0.0
13901,15743,7,28189,20,0,0.0,0,0.0
13902,15743,7,28189,30,0,0.0,0,0.0
13903,15743,7,28189,40,0,0.0,0,0.0
13904,15743,7,28189,50,0,0.0,0,0.0
13905,15743,8,32216,10,0,0.0,0,0.0
13906,15743,8,32216,20,0,0.0,0,0.0
13907,15743,8,32216,30,0,0.0,0,0.0
13908,15743,8,32216,40,0,0.0,0,0.0
13909,15743,8,32216,50,0,0.0,0,0.0
13910,15743,9,36243,10,0,0.0,0,0.0
13911,15743,9,36243,20,0,0.0,0,0.0
13912,15743,9,36243,30,0,0.0,0,0.0
13913,15743,9,36243,40,0,0.0,0,0.0
13914,15743,9,36243,50,0,0.0,0,0.0
13915,15743,10,40270,10,0,0.0,0,0.0
13916,15743,10,40270,20,0,0.0,0,0.0
13917,15743,10,40270,30,0,0.0,0,0.0
13918,15743,10,40270,40,0,0.0,0,0.0
13919,15743,10,40270,50,0,0.0,0,0.0
13920,15743,11,44297,10,0,0.0,0,0.0
13921,15743,11,44297,20,0,0.0,0,0.0
13922,15743,11,44297,30,0,0.0,0,0.0
13923,15743,11,44297,40,0,0.0,0,0.0
13924,15743,11,44297,50,0,0.0,0,0.0
13925,15743,12,48324,10,0,0.0,0,0.0
13926,15743,12,48324,20,0,0.0,0,0.0
13927,15743,12,48324,30,0,0.0,0,0.0
13928,15743,12,48324,40,0,0.0,0,0.0
13929,15743,12,48324,50,0,0.0,0,0.0
13930,15743,13,52351,10,0,0.0,0,0.0
13931,15743,13,52351,20,0,0.0,0,0.0
13932,15743,13,52351,30,0,0.0,0,0.0
13933,15743,13,52351,40,0,0.0,0,0.0
13934,15743,13,52351,50,0,0.0,0,0.0
13935,15743,14,56378,10,0,0.0,0,0.0
13936,15743,14,56378,20,0,0.0,0,0.0
13937,15743,14,56378,30,0,0.0,0,0.0
13938,15743,14,56378,40,0,0.0,0,0.0
13939,15743,14,56378,50,0,0.0,0,0.0
13940,15743,15,60405,10,0,0.0,0,0.0
13941,15743,15,60405,20,0,0.0,0,0.0
13942,15743,15,60405,30,0,0.0,0,0.0
13943,15743,15,60405,40,0,0.0,0,0.0
13944,15743,15,60405,50,0,0.0,0,0.0
13945,15743,16,64432,10,0,0.0,0,0.0
13946,15743,16,64432,20,0,0.0,0,0.0
13947,15743,16,64432,30,0,0.0,0,0.0
13948,15743,16,64432,40,0,0.0,0,0.0
13949,15743,16,64432,50,0,0.0,0,0.0
13950,15743,17,68459,10,0,0.0,0,0.0
13951,15743,17,68459,20,0,0.0,0,0.0
13952,15743,17,68459,30,0,0.0,0,0.0
13953,15743,17,68459,40,0,0.0,0,0.0
13954,15743,17,68459,50,0,0.0,0,0.0
13955,15743,18,72486,10,0,0.0,0,0.0
13956,15743,18,72486,20,0,0.0,0,0.0
13957,15743,18,72486,30,0,0.0,0,0.0
13958,15743,18,72486,40,0,0.0,0,0.0
13959,15743,18,72486,50,0,0.0,0,0.0
13960,15743,19,76513,10,0,0.0,0,0.0
13961,15743,19,76513,20,0,0.0,0,0.0
13962,15743,19,76513,30,0,0.0,0,0.0
13963,15743,19,76513,40,0,0.0,0,0.0
13964,15743,19,76513,50,0,0.0,0,0.0
13965,15919,1,4027,10,0,0.0,0,0.0
13966,15919,1,4027,20,0,0.0,0,0.0
13967,15919,1,4027,30,0,0.0,0,0.0
13968,15919,1,4027,40,0,0.0,0,0.0
13969,15919,1,4027,50,1,0.02,0,0.0
13970,15919,2,8054,10,0,0.0,0,0.0
13971,15919,2,8054,20,0,0.0,0,0.0
13972,15919,2,8054,30,0,0.0,1,0.03333333333333333
13973,15919,2,8054,40,1,0.025,2,0.05
13974,15919,2,8054,50,1,0.02,2,0.04
13975,15919,3,12081,10,0,0.0,0,0.0
13976,15919,3,12081,20,0,0.0,0,0.0
13977,15919,3,12081,30,0,0.0,0,0.0
13978,15919,3,12081,40,0,0.0,0,0.0
13979,15919,3,12081,50,2,0.04,1,0.02
13980,15919,4,16108,10,0,0.0,0,0.0
13981,15919,4,16108,20,0,0.0,0,0.0
13982,15919,4,16108,30,0,0.0,0,0.0
13983,15919,4,16108,40,0,0.0,0,0.0
13984,15919,4,16108,50,3,0.06,0,0.0
13985,15919,5,20135,10,0,0.0,0,0.0
13986,15919,5,20135,20,0,0.0,0,0.0
13987,15919,5,20135,30,1,0.03333333333333333,0,0.0
13988,15919,5,20135,40,1,0.025,0,0.0
13989,15919,5,20135,50,2,0.04,0,0.0
13990,15919,6,24162,10,0,0.0,0,0.0
13991,15919,6,24162,20,0,0.0,0,0.0
13992,15919,6,24162,30,1,0.03333333333333333,0,0.0
13993,15919,6,24162,40,1,0.025,0,0.0
13994,15919,6,24162,50,2,0.04,0,0.0
13995,15919,7,28189,10,0,0.0,0,0.0
13996,15919,7,28189,20,0,0.0,0,0.0
13997,15919,7,28189,30,0,0.0,0,0.0
13998,15919,7,28189,40,0,0.0,0,0.0
13999,15919,7,28189,50,1,0.02,0,0.0
14000,15919,8,32216,10,0,0.0,0,0.0
14001,15919,8,32216,20,0,0.0,0,0.0
14002,15919,8,32216,30,0,0.0,0,0.0
14003,15919,8,32216,40,0,0.0,0,0.0
14004,15919,8,32216,50,1,0.02,0,0.0
14005,15919,9,36243,10,0,0.0,0,0.0
14006,15919,9,36243,20,0,0.0,0,0.0
14007,15919,9,36243,30,0,0.0,0,0.0
14008,15919,9,36243,40,0,0.0,0,0.0
14009,15919,9,36243,50,1,0.02,0,0.0
14010,15919,10,40270,10,0,0.0,0,0.0
14011,15919,10,40270,20,0,0.0,0,0.0
14012,15919,10,40270,30,0,0.0,0,0.0
14013,15919,10,40270,40,0,0.0,0,0.0
14014,15919,10,40270,50,1,0.02,0,0.0
14015,15919,11,44297,10,0,0.0,0,0.0
14016,15919,11,44297,20,0,0.0,0,0.0
14017,15919,11,44297,30,0,0.0,0,0.0
14018,15919,11,44297,40,1,0.025,0,0.0
14019,15919,11,44297,50,1,0.02,0,0.0
14020,15919,12,48324,10,0,0.0,0,0.0
14021,15919,12,48324,20,0,0.0,0,0.0
14022,15919,12,48324,30,0,0.0,0,0.0
14023,15919,12,48324,40,0,0.0,0,0.0
14024,15919,12,48324,50,1,0.02,0,0.0
14025,15919,13,52351,10,0,0.0,0,0.0
14026,15919,13,52351,20,0,0.0,0,0.0
14027,15919,13,52351,30,0,0.0,0,0.0
14028,15919,13,52351,40,0,0.0,0,0.0
14029,15919,13,52351,50,1,0.02,0,0.0
14030,15919,14,56378,10,0,0.0,0,0.0
14031,15919,14,56378,20,0,0.0,0,0.0
14032,15919,14,56378,30,0,0.0,0,0.0
14033,15919,14,56378,40,0,0.0,0,0.0
14034,15919,14,56378,50,1,0.02,0,0.0
14035,15919,15,60405,10,0,0.0,0,0.0
14036,15919,15,60405,20,0,0.0,0,0.0
14037,15919,15,60405,30,0,0.0,0,0.0
14038,15919,15,60405,40,0,0.0,0,0.0
14039,15919,15,60405,50,1,0.02,0,0.0
14040,15919,16,64432,10,0,0.0,0,0.0
14041,15919,16,64432,20,0,0.0,0,0.0
14042,15919,16,64432,30,0,0.0,0,0.0
14043,15919,16,64432,40,0,0.0,0,0.0
14044,15919,16,64432,50,1,0.02,0,0.0
14045,15919,17,68459,10,0,0.0,0,0.0
14046,15919,17,68459,20,0,0.0,0,0.0
14047,15919,17,68459,30,0,0.0,0,0.0
14048,15919,17,68459,40,0,0.0,0,0.0
14049,15919,17,68459,50,1,0.02,0,0.0
14050,15919,18,72486,10,0,0.0,0,0.0
14051,15919,18,72486,20,0,0.0,0,0.0
14052,15919,18,72486,30,0,0.0,0,0.0
14053,15919,18,72486,40,1,0.025,0,0.0
14054,15919,18,72486,50,1,0.02,0,0.0
14055,15919,19,76513,10,0,0.0,0,0.0
14056,15919,19,76513,20,0,0.0,0,0.0
14057,15919,19,76513,30,0,0.0,0,0.0
14058,15919,19,76513,40,1,0.025,0,0.0
14059,15919,19,76513,50,1,0.02,0,0.0
14060,16453,1,4027,10,0,0.0,0,0.0
14061,16453,1,4027,20,4,0.2,1,0.05
14062,16453,1,4027,30,5,0.16666666666666666,1,0.03333333333333333
14063,16453,1,4027,40,5,0.125,1,0.025
14064,16453,1,4027,50,5,0.1,1,0.02
14065,16453,2,8054,10,0,0.0,0,0.0
14066,16453,2,8054,20,5,0.25,1,0.05
14067,16453,2,8054,30,5,0.16666666666666666,1,0.03333333333333333
14068,16453,2,8054,40,5,0.125,1,0.025
14069,16453,2,8054,50,5,0.1,1,0.02
14070,16453,3,12081,10,0,0.0,0,0.0
14071,16453,3,12081,20,5,0.25,1,0.05
14072,16453,3,12081,30,5,0.16666666666666666,1,0.03333333333333333
14073,16453,3,12081,40,5,0.125,1,0.025
14074,16453,3,12081,50,5,0.1,1,0.02
14075,16453,4,16108,10,0,0.0,0,0.0
14076,16453,4,16108,20,5,0.25,1,0.05
14077,16453,4,16108,30,5,0.16666666666666666,1,0.03333333333333333
14078,16453,4,16108,40,5,0.125,1,0.025
14079,16453,4,16108,50,5,0.1,1,0.02
14080,16453,5,20135,10,0,0.0,1,0.1
14081,16453,5,20135,20,4,0.2,1,0.05
14082,16453,5,20135,30,5,0.16666666666666666,1,0.03333333333333333
14083,16453,5,20135,40,5,0.125,1,0.025
14084,16453,5,20135,50,5,0.1,1,0.02
14085,16453,6,24162,10,0,0.0,1,0.1
14086,16453,6,24162,20,5,0.25,1,0.05
14087,16453,6,24162,30,5,0.16666666666666666,1,0.03333333333333333
14088,16453,6,24162,40,5,0.125,1,0.025
14089,16453,6,24162,50,5,0.1,1,0.02
14090,16453,7,28189,10,0,0.0,0,0.0
14091,16453,7,28189,20,3,0.15,1,0.05
14092,16453,7,28189,30,5,0.16666666666666666,1,0.03333333333333333
14093,16453,7,28189,40,5,0.125,1,0.025
14094,16453,7,28189,50,5,0.1,1,0.02
14095,16453,8,32216,10,0,0.0,0,0.0
14096,16453,8,32216,20,2,0.1,1,0.05
14097,16453,8,32216,30,5,0.16666666666666666,1,0.03333333333333333
14098,16453,8,32216,40,5,0.125,1,0.025
14099,16453,8,32216,50,5,0.1,1,0.02
14100,16453,9,36243,10,0,0.0,0,0.0
14101,16453,9,36243,20,2,0.1,1,0.05
14102,16453,9,36243,30,5,0.16666666666666666,1,0.03333333333333333
14103,16453,9,36243,40,5,0.125,1,0.025
14104,16453,9,36243,50,5,0.1,1,0.02
14105,16453,10,40270,10,0,0.0,0,0.0
14106,16453,10,40270,20,2,0.1,1,0.05
14107,16453,10,40270,30,5,0.16666666666666666,1,0.03333333333333333
14108,16453,10,40270,40,5,0.125,1,0.025
14109,16453,10,40270,50,5,0.1,1,0.02
14110,16453,11,44297,10,0,0.0,0,0.0
14111,16453,11,44297,20,1,0.05,1,0.05
14112,16453,11,44297,30,5,0.16666666666666666,1,0.03333333333333333
14113,16453,11,44297,40,5,0.125,1,0.025
14114,16453,11,44297,50,5,0.1,1,0.02
14115,16453,12,48324,10,0,0.0,0,0.0
14116,16453,12,48324,20,1,0.05,1,0.05
14117,16453,12,48324,30,4,0.13333333333333333,1,0.03333333333333333
14118,16453,12,48324,40,5,0.125,1,0.025
14119,16453,12,48324,50,5,0.1,1,0.02
14120,16453,13,52351,10,0,0.0,0,0.0
14121,16453,13,52351,20,0,0.0,1,0.05
14122,16453,13,52351,30,4,0.13333333333333333,1,0.03333333333333333
14123,16453,13,52351,40,5,0.125,1,0.025
14124,16453,13,52351,50,5,0.1,1,0.02
14125,16453,14,56378,10,0,0.0,0,0.0
14126,16453,14,56378,20,0,0.0,1,0.05
14127,16453,14,56378,30,4,0.13333333333333333,1,0.03333333333333333
14128,16453,14,56378,40,5,0.125,1,0.025
14129,16453,14,56378,50,5,0.1,1,0.02
14130,16453,15,60405,10,0,0.0,0,0.0
14131,16453,15,60405,20,0,0.0,1,0.05
14132,16453,15,60405,30,4,0.13333333333333333,1,0.03333333333333333
14133,16453,15,60405,40,5,0.125,1,0.025
14134,16453,15,60405,50,5,0.1,1,0.02
14135,16453,16,64432,10,0,0.0,0,0.0
14136,16453,16,64432,20,0,0.0,1,0.05
14137,16453,16,64432,30,4,0.13333333333333333,1,0.03333333333333333
14138,16453,16,64432,40,5,0.125,1,0.025
14139,16453,16,64432,50,5,0.1,1,0.02
14140,16453,17,68459,10,0,0.0,0,0.0
14141,16453,17,68459,20,0,0.0,1,0.05
14142,16453,17,68459,30,4,0.13333333333333333,1,0.03333333333333333
14143,16453,17,68459,40,5,0.125,1,0.025
14144,16453,17,68459,50,5,0.1,1,0.02
14145,16453,18,72486,10,0,0.0,0,0.0
14146,16453,18,72486,20,0,0.0,1,0.05
14147,16453,18,72486,30,4,0.13333333333333333,1,0.03333333333333333
14148,16453,18,72486,40,5,0.125,1,0.025
14149,16453,18,72486,50,5,0.1,1,0.02
14150,16453,19,76513,10,0,0.0,0,0.0
14151,16453,19,76513,20,0,0.0,1,0.05
14152,16453,19,76513,30,4,0.13333333333333333,1,0.03333333333333333
14153,16453,19,76513,40,5,0.125,1,0.025
14154,16453,19,76513,50,5,0.1,1,0.02
14155,16635,1,4027,10,0,0.0,1,0.1
14156,16635,1,4027,20,0,0.0,1,0.05
14157,16635,1,4027,30,2,0.06666666666666667,2,0.06666666666666667
14158,16635,1,4027,40,2,0.05,2,0.05
14159,16635,1,4027,50,2,0.04,2,0.04
14160,16635,2,8054,10,0,0.0,1,0.1
14161,16635,2,8054,20,0,0.0,1,0.05
14162,16635,2,8054,30,2,0.06666666666666667,2,0.06666666666666667
14163,16635,2,8054,40,2,0.05,2,0.05
14164,16635,2,8054,50,2,0.04,2,0.04
14165,16635,3,12081,10,0,0.0,1,0.1
14166,16635,3,12081,20,1,0.05,2,0.1
14167,16635,3,12081,30,2,0.06666666666666667,2,0.06666666666666667
14168,16635,3,12081,40,2,0.05,2,0.05
14169,16635,3,12081,50,2,0.04,2,0.04
14170,16635,4,16108,10,0,0.0,1,0.1
14171,16635,4,16108,20,0,0.0,1,0.05
14172,16635,4,16108,30,2,0.06666666666666667,2,0.06666666666666667
14173,16635,4,16108,40,2,0.05,2,0.05
14174,16635,4,16108,50,2,0.04,2,0.04
14175,16635,5,20135,10,0,0.0,1,0.1
14176,16635,5,20135,20,1,0.05,2,0.1
14177,16635,5,20135,30,2,0.06666666666666667,2,0.06666666666666667
14178,16635,5,20135,40,2,0.05,2,0.05
14179,16635,5,20135,50,2,0.04,2,0.04
14180,16635,6,24162,10,0,0.0,1,0.1
14181,16635,6,24162,20,0,0.0,1,0.05
14182,16635,6,24162,30,2,0.06666666666666667,2,0.06666666666666667
14183,16635,6,24162,40,2,0.05,2,0.05
14184,16635,6,24162,50,2,0.04,2,0.04
14185,16635,7,28189,10,0,0.0,1,0.1
14186,16635,7,28189,20,0,0.0,1,0.05
14187,16635,7,28189,30,2,0.06666666666666667,2,0.06666666666666667
14188,16635,7,28189,40,2,0.05,2,0.05
14189,16635,7,28189,50,2,0.04,2,0.04
14190,16635,8,32216,10,0,0.0,1,0.1
14191,16635,8,32216,20,1,0.05,2,0.1
14192,16635,8,32216,30,2,0.06666666666666667,2,0.06666666666666667
14193,16635,8,32216,40,2,0.05,2,0.05
14194,16635,8,32216,50,3,0.06,2,0.04
14195,16635,9,36243,10,0,0.0,1,0.1
14196,16635,9,36243,20,1,0.05,2,0.1
14197,16635,9,36243,30,2,0.06666666666666667,2,0.06666666666666667
14198,16635,9,36243,40,2,0.05,2,0.05
14199,16635,9,36243,50,3,0.06,2,0.04
14200,16635,10,40270,10,0,0.0,1,0.1
14201,16635,10,40270,20,1,0.05,2,0.1
14202,16635,10,40270,30,2,0.06666666666666667,2,0.06666666666666667
14203,16635,10,40270,40,2,0.05,2,0.05
14204,16635,10,40270,50,3,0.06,2,0.04
14205,16635,11,44297,10,0,0.0,1,0.1
14206,16635,11,44297,20,1,0.05,2,0.1
14207,16635,11,44297,30,2,0.06666666666666667,2,0.06666666666666667
14208,16635,11,44297,40,2,0.05,2,0.05
14209,16635,11,44297,50,3,0.06,2,0.04
14210,16635,12,48324,10,0,0.0,1,0.1
14211,16635,12,48324,20,1,0.05,2,0.1
14212,16635,12,48324,30,2,0.06666666666666667,2,0.06666666666666667
14213,16635,12,48324,40,2,0.05,2,0.05
14214,16635,12,48324,50,3,0.06,2,0.04
14215,16635,13,52351,10,0,0.0,1,0.1
14216,16635,13,52351,20,1,0.05,2,0.1
14217,16635,13,52351,30,2,0.06666666666666667,2,0.06666666666666667
14218,16635,13,52351,40,2,0.05,2,0.05
14219,16635,13,52351,50,3,0.06,2,0.04
14220,16635,14,56378,10,0,0.0,1,0.1
14221,16635,14,56378,20,1,0.05,2,0.1
14222,16635,14,56378,30,2,0.06666666666666667,2,0.06666666666666667
14223,16635,14,56378,40,2,0.05,2,0.05
14224,16635,14,56378,50,3,0.06,2,0.04
14225,16635,15,60405,10,0,0.0,1,0.1
14226,16635,15,60405,20,0,0.0,1,0.05
14227,16635,15,60405,30,2,0.06666666666666667,2,0.06666666666666667
14228,16635,15,60405,40,2,0.05,2,0.05
14229,16635,15,60405,50,3,0.06,2,0.04
14230,16635,16,64432,10,0,0.0,1,0.1
14231,16635,16,64432,20,0,0.0,1,0.05
14232,16635,16,64432,30,2,0.06666666666666667,2,0.06666666666666667
14233,16635,16,64432,40,2,0.05,2,0.05
14234,16635,16,64432,50,3,0.06,2,0.04
14235,16635,17,68459,10,0,0.0,1,0.1
14236,16635,17,68459,20,0,0.0,1,0.05
14237,16635,17,68459,30,2,0.06666666666666667,2,0.06666666666666667
14238,16635,17,68459,40,2,0.05,2,0.05
14239,16635,17,68459,50,3,0.06,2,0.04
14240,16635,18,72486,10,0,0.0,1,0.1
14241,16635,18,72486,20,0,0.0,1,0.05
14242,16635,18,72486,30,2,0.06666666666666667,2,0.06666666666666667
14243,16635,18,72486,40,2,0.05,2,0.05
14244,16635,18,72486,50,3,0.06,2,0.04
14245,16635,19,76513,10,0,0.0,1,0.1
14246,16635,19,76513,20,0,0.0,1,0.05
14247,16635,19,76513,30,2,0.06666666666666667,2,0.06666666666666667
14248,16635,19,76513,40,2,0.05,2,0.05
14249,16635,19,76513,50,3,0.06,2,0.04
14250,16641,1,4027,10,1,0.1,0,0.0
14251,16641,1,4027,20,4,0.2,0,0.0
14252,16641,1,4027,30,5,0.16666666666666666,0,0.0
14253,16641,1,4027,40,6,0.15,0,0.0
14254,16641,1,4027,50,6,0.12,0,0.0
14255,16641,2,8054,10,1,0.1,0,0.0
14256,16641,2,8054,20,4,0.2,0,0.0
14257,16641,2,8054,30,5,0.16666666666666666,0,0.0
14258,16641,2,8054,40,6,0.15,0,0.0
14259,16641,2,8054,50,6,0.12,0,0.0
14260,16641,3,12081,10,1,0.1,0,0.0
14261,16641,3,12081,20,4,0.2,0,0.0
14262,16641,3,12081,30,5,0.16666666666666666,0,0.0
14263,16641,3,12081,40,6,0.15,0,0.0
14264,16641,3,12081,50,6,0.12,0,0.0
14265,16641,4,16108,10,1,0.1,0,0.0
14266,16641,4,16108,20,4,0.2,0,0.0
14267,16641,4,16108,30,5,0.16666666666666666,0,0.0
14268,16641,4,16108,40,6,0.15,0,0.0
14269,16641,4,16108,50,6,0.12,0,0.0
14270,16641,5,20135,10,1,0.1,0,0.0
14271,16641,5,20135,20,4,0.2,0,0.0
14272,16641,5,20135,30,5,0.16666666666666666,0,0.0
14273,16641,5,20135,40,6,0.15,0,0.0
14274,16641,5,20135,50,6,0.12,0,0.0
14275,16641,6,24162,10,1,0.1,0,0.0
14276,16641,6,24162,20,4,0.2,0,0.0
14277,16641,6,24162,30,5,0.16666666666666666,0,0.0
14278,16641,6,24162,40,6,0.15,0,0.0
14279,16641,6,24162,50,6,0.12,0,0.0
14280,16641,7,28189,10,1,0.1,0,0.0
14281,16641,7,28189,20,4,0.2,0,0.0
14282,16641,7,28189,30,5,0.16666666666666666,0,0.0
14283,16641,7,28189,40,6,0.15,0,0.0
14284,16641,7,28189,50,6,0.12,0,0.0
14285,16641,8,32216,10,1,0.1,0,0.0
14286,16641,8,32216,20,4,0.2,0,0.0
14287,16641,8,32216,30,5,0.16666666666666666,0,0.0
14288,16641,8,32216,40,6,0.15,0,0.0
14289,16641,8,32216,50,6,0.12,0,0.0
14290,16641,9,36243,10,1,0.1,0,0.0
14291,16641,9,36243,20,4,0.2,0,0.0
14292,16641,9,36243,30,5,0.16666666666666666,0,0.0
14293,16641,9,36243,40,6,0.15,0,0.0
14294,16641,9,36243,50,6,0.12,0,0.0
14295,16641,10,40270,10,1,0.1,0,0.0
14296,16641,10,40270,20,4,0.2,0,0.0
14297,16641,10,40270,30,5,0.16666666666666666,0,0.0
14298,16641,10,40270,40,6,0.15,0,0.0
14299,16641,10,40270,50,6,0.12,0,0.0
14300,16641,11,44297,10,1,0.1,0,0.0
14301,16641,11,44297,20,4,0.2,0,0.0
14302,16641,11,44297,30,5,0.16666666666666666,0,0.0
14303,16641,11,44297,40,6,0.15,0,0.0
14304,16641,11,44297,50,6,0.12,0,0.0
14305,16641,12,48324,10,1,0.1,0,0.0
14306,16641,12,48324,20,4,0.2,0,0.0
14307,16641,12,48324,30,5,0.16666666666666666,0,0.0
14308,16641,12,48324,40,6,0.15,0,0.0
14309,16641,12,48324,50,6,0.12,0,0.0
14310,16641,13,52351,10,1,0.1,0,0.0
14311,16641,13,52351,20,4,0.2,0,0.0
14312,16641,13,52351,30,5,0.16666666666666666,0,0.0
14313,16641,13,52351,40,6,0.15,0,0.0
14314,16641,13,52351,50,6,0.12,0,0.0
14315,16641,14,56378,10,1,0.1,0,0.0
14316,16641,14,56378,20,4,0.2,0,0.0
14317,16641,14,56378,30,5,0.16666666666666666,0,0.0
14318,16641,14,56378,40,6,0.15,0,0.0
14319,16641,14,56378,50,6,0.12,0,0.0
14320,16641,15,60405,10,1,0.1,0,0.0
14321,16641,15,60405,20,4,0.2,0,0.0
14322,16641,15,60405,30,4,0.13333333333333333,0,0.0
14323,16641,15,60405,40,6,0.15,0,0.0
14324,16641,15,60405,50,6,0.12,0,0.0
14325,16641,16,64432,10,1,0.1,0,0.0
14326,16641,16,64432,20,4,0.2,0,0.0
14327,16641,16,64432,30,5,0.16666666666666666,0,0.0
14328,16641,16,64432,40,6,0.15,0,0.0
14329,16641,16,64432,50,6,0.12,0,0.0
14330,16641,17,68459,10,1,0.1,0,0.0
14331,16641,17,68459,20,4,0.2,0,0.0
14332,16641,17,68459,30,5,0.16666666666666666,0,0.0
14333,16641,17,68459,40,6,0.15,0,0.0
14334,16641,17,68459,50,6,0.12,0,0.0
14335,16641,18,72486,10,1,0.1,0,0.0
14336,16641,18,72486,20,4,0.2,0,0.0
14337,16641,18,72486,30,5,0.16666666666666666,0,0.0
14338,16641,18,72486,40,6,0.15,0,0.0
14339,16641,18,72486,50,6,0.12,0,0.0
14340,16641,19,76513,10,1,0.1,0,0.0
14341,16641,19,76513,20,4,0.2,0,0.0
14342,16641,19,76513,30,5,0.16666666666666666,0,0.0
14343,16641,19,76513,40,6,0.15,0,0.0
14344,16641,19,76513,50,6,0.12,0,0.0
14345,16775,1,4027,10,4,0.4,0,0.0
14346,16775,1,4027,20,6,0.3,0,0.0
14347,16775,1,4027,30,6,0.2,0,0.0
14348,16775,1,4027,40,6,0.15,1,0.025
14349,16775,1,4027,50,6,0.12,1,0.02
14350,16775,2,8054,10,4,0.4,0,0.0
14351,16775,2,8054,20,5,0.25,0,0.0
14352,16775,2,8054,30,7,0.23333333333333334,0,0.0
14353,16775,2,8054,40,7,0.175,0,0.0
14354,16775,2,8054,50,8,0.16,1,0.02
14355,16775,3,12081,10,4,0.4,0,0.0
14356,16775,3,12081,20,6,0.3,0,0.0
14357,16775,3,12081,30,6,0.2,0,0.0
14358,16775,3,12081,40,7,0.175,0,0.0
14359,16775,3,12081,50,7,0.14,1,0.02
14360,16775,4,16108,10,4,0.4,0,0.0
14361,16775,4,16108,20,6,0.3,0,0.0
14362,16775,4,16108,30,6,0.2,0,0.0
14363,16775,4,16108,40,7,0.175,0,0.0
14364,16775,4,16108,50,7,0.14,1,0.02
14365,16775,5,20135,10,4,0.4,0,0.0
14366,16775,5,20135,20,6,0.3,0,0.0
14367,16775,5,20135,30,6,0.2,0,0.0
14368,16775,5,20135,40,7,0.175,0,0.0
14369,16775,5,20135,50,7,0.14,1,0.02
14370,16775,6,24162,10,4,0.4,0,0.0
14371,16775,6,24162,20,6,0.3,0,0.0
14372,16775,6,24162,30,6,0.2,0,0.0
14373,16775,6,24162,40,7,0.175,0,0.0
14374,16775,6,24162,50,8,0.16,1,0.02
14375,16775,7,28189,10,4,0.4,0,0.0
14376,16775,7,28189,20,6,0.3,0,0.0
14377,16775,7,28189,30,6,0.2,0,0.0
14378,16775,7,28189,40,7,0.175,0,0.0
14379,16775,7,28189,50,8,0.16,1,0.02
14380,16775,8,32216,10,4,0.4,0,0.0
14381,16775,8,32216,20,6,0.3,0,0.0
14382,16775,8,32216,30,6,0.2,0,0.0
14383,16775,8,32216,40,7,0.175,0,0.0
14384,16775,8,32216,50,8,0.16,1,0.02
14385,16775,9,36243,10,4,0.4,0,0.0
14386,16775,9,36243,20,6,0.3,0,0.0
14387,16775,9,36243,30,6,0.2,0,0.0
14388,16775,9,36243,40,7,0.175,0,0.0
14389,16775,9,36243,50,7,0.14,1,0.02
14390,16775,10,40270,10,4,0.4,0,0.0
14391,16775,10,40270,20,6,0.3,0,0.0
14392,16775,10,40270,30,6,0.2,0,0.0
14393,16775,10,40270,40,7,0.175,0,0.0
14394,16775,10,40270,50,7,0.14,1,0.02
14395,16775,11,44297,10,4,0.4,0,0.0
14396,16775,11,44297,20,6,0.3,0,0.0
14397,16775,11,44297,30,6,0.2,0,0.0
14398,16775,11,44297,40,7,0.175,0,0.0
14399,16775,11,44297,50,7,0.14,1,0.02
14400,16775,12,48324,10,4,0.4,0,0.0
14401,16775,12,48324,20,5,0.25,0,0.0
14402,16775,12,48324,30,6,0.2,0,0.0
14403,16775,12,48324,40,7,0.175,0,0.0
14404,16775,12,48324,50,7,0.14,1,0.02
14405,16775,13,52351,10,4,0.4,0,0.0
14406,16775,13,52351,20,5,0.25,0,0.0
14407,16775,13,52351,30,7,0.23333333333333334,0,0.0
14408,16775,13,52351,40,7,0.175,0,0.0
14409,16775,13,52351,50,7,0.14,1,0.02
14410,16775,14,56378,10,4,0.4,0,0.0
14411,16775,14,56378,20,5,0.25,0,0.0
14412,16775,14,56378,30,7,0.23333333333333334,0,0.0
14413,16775,14,56378,40,7,0.175,0,0.0
14414,16775,14,56378,50,8,0.16,1,0.02
14415,16775,15,60405,10,4,0.4,0,0.0
14416,16775,15,60405,20,5,0.25,0,0.0
14417,16775,15,60405,30,7,0.23333333333333334,0,0.0
14418,16775,15,60405,40,7,0.175,0,0.0
14419,16775,15,60405,50,8,0.16,1,0.02
14420,16775,16,64432,10,4,0.4,0,0.0
14421,16775,16,64432,20,5,0.25,0,0.0
14422,16775,16,64432,30,7,0.23333333333333334,0,0.0
14423,16775,16,64432,40,7,0.175,0,0.0
14424,16775,16,64432,50,8,0.16,1,0.02
14425,16775,17,68459,10,4,0.4,0,0.0
14426,16775,17,68459,20,5,0.25,0,0.0
14427,16775,17,68459,30,7,0.23333333333333334,0,0.0
14428,16775,17,68459,40,7,0.175,0,0.0
14429,16775,17,68459,50,8,0.16,1,0.02
14430,16775,18,72486,10,4,0.4,0,0.0
14431,16775,18,72486,20,5,0.25,0,0.0
14432,16775,18,72486,30,7,0.23333333333333334,0,0.0
14433,16775,18,72486,40,7,0.175,0,0.0
14434,16775,18,72486,50,8,0.16,1,0.02
14435,16775,19,76513,10,4,0.4,0,0.0
14436,16775,19,76513,20,5,0.25,0,0.0
14437,16775,19,76513,30,7,0.23333333333333334,0,0.0
14438,16775,19,76513,40,7,0.175,0,0.0
14439,16775,19,76513,50,8,0.16,1,0.02
14440,17215,1,4027,10,0,0.0,0,0.0
14441,17215,1,4027,20,2,0.1,0,0.0
14442,17215,1,4027,30,3,0.1,0,0.0
14443,17215,1,4027,40,5,0.125,0,0.0
14444,17215,1,4027,50,5,0.1,0,0.0
14445,17215,2,8054,10,2,0.2,0,0.0
14446,17215,2,8054,20,4,0.2,0,0.0
14447,17215,2,8054,30,5,0.16666666666666666,0,0.0
14448,17215,2,8054,40,5,0.125,0,0.0
14449,17215,2,8054,50,6,0.12,0,0.0
14450,17215,3,12081,10,0,0.0,0,0.0
14451,17215,3,12081,20,1,0.05,0,0.0
14452,17215,3,12081,30,3,0.1,0,0.0
14453,17215,3,12081,40,4,0.1,0,0.0
14454,17215,3,12081,50,4,0.08,0,0.0
14455,17215,4,16108,10,0,0.0,0,0.0
14456,17215,4,16108,20,0,0.0,0,0.0
14457,17215,4,16108,30,0,0.0,0,0.0
14458,17215,4,16108,40,1,0.025,0,0.0
14459,17215,4,16108,50,3,0.06,0,0.0
14460,17215,5,20135,10,0,0.0,0,0.0
14461,17215,5,20135,20,0,0.0,0,0.0
14462,17215,5,20135,30,0,0.0,0,0.0
14463,17215,5,20135,40,1,0.025,0,0.0
14464,17215,5,20135,50,4,0.08,0,0.0
14465,17215,6,24162,10,0,0.0,0,0.0
14466,17215,6,24162,20,0,0.0,0,0.0
14467,17215,6,24162,30,0,0.0,0,0.0
14468,17215,6,24162,40,1,0.025,0,0.0
14469,17215,6,24162,50,5,0.1,0,0.0
14470,17215,7,28189,10,0,0.0,0,0.0
14471,17215,7,28189,20,2,0.1,0,0.0
14472,17215,7,28189,30,4,0.13333333333333333,0,0.0
14473,17215,7,28189,40,6,0.15,0,0.0
14474,17215,7,28189,50,7,0.14,0,0.0
14475,17215,8,32216,10,0,0.0,0,0.0
14476,17215,8,32216,20,2,0.1,0,0.0
14477,17215,8,32216,30,5,0.16666666666666666,0,0.0
14478,17215,8,32216,40,6,0.15,0,0.0
14479,17215,8,32216,50,7,0.14,0,0.0
14480,17215,9,36243,10,2,0.2,0,0.0
14481,17215,9,36243,20,2,0.1,0,0.0
14482,17215,9,36243,30,2,0.06666666666666667,0,0.0
14483,17215,9,36243,40,2,0.05,0,0.0
14484,17215,9,36243,50,3,0.06,0,0.0
14485,17215,10,40270,10,1,0.1,0,0.0
14486,17215,10,40270,20,2,0.1,0,0.0
14487,17215,10,40270,30,2,0.06666666666666667,0,0.0
14488,17215,10,40270,40,3,0.075,0,0.0
14489,17215,10,40270,50,4,0.08,0,0.0
14490,17215,11,44297,10,2,0.2,0,0.0
14491,17215,11,44297,20,2,0.1,0,0.0
14492,17215,11,44297,30,2,0.06666666666666667,0,0.0
14493,17215,11,44297,40,2,0.05,0,0.0
14494,17215,11,44297,50,2,0.04,0,0.0
14495,17215,12,48324,10,0,0.0,0,0.0
14496,17215,12,48324,20,2,0.1,0,0.0
14497,17215,12,48324,30,2,0.06666666666666667,0,0.0
14498,17215,12,48324,40,2,0.05,0,0.0
14499,17215,12,48324,50,2,0.04,0,0.0
14500,17215,13,52351,10,0,0.0,0,0.0
14501,17215,13,52351,20,2,0.1,0,0.0
14502,17215,13,52351,30,2,0.06666666666666667,0,0.0
14503,17215,13,52351,40,2,0.05,0,0.0
14504,17215,13,52351,50,2,0.04,0,0.0
14505,17215,14,56378,10,0,0.0,0,0.0
14506,17215,14,56378,20,0,0.0,0,0.0
14507,17215,14,56378,30,1,0.03333333333333333,0,0.0
14508,17215,14,56378,40,1,0.025,0,0.0
14509,17215,14,56378,50,4,0.08,0,0.0
14510,17215,15,60405,10,0,0.0,0,0.0
14511,17215,15,60405,20,0,0.0,0,0.0
14512,17215,15,60405,30,1,0.03333333333333333,0,0.0
14513,17215,15,60405,40,1,0.025,0,0.0
14514,17215,15,60405,50,4,0.08,0,0.0
14515,17215,16,64432,10,0,0.0,0,0.0
14516,17215,16,64432,20,0,0.0,0,0.0
14517,17215,16,64432,30,0,0.0,0,0.0
14518,17215,16,64432,40,3,0.075,0,0.0
14519,17215,16,64432,50,3,0.06,0,0.0
14520,17215,17,68459,10,0,0.0,0,0.0
14521,17215,17,68459,20,0,0.0,0,0.0
14522,17215,17,68459,30,0,0.0,0,0.0
14523,17215,17,68459,40,2,0.05,0,0.0
14524,17215,17,68459,50,3,0.06,0,0.0
14525,17215,18,72486,10,0,0.0,0,0.0
14526,17215,18,72486,20,0,0.0,0,0.0
14527,17215,18,72486,30,0,0.0,0,0.0
14528,17215,18,72486,40,3,0.075,0,0.0
14529,17215,18,72486,50,3,0.06,0,0.0
14530,17215,19,76513,10,0,0.0,0,0.0
14531,17215,19,76513,20,0,0.0,0,0.0
14532,17215,19,76513,30,0,0.0,0,0.0
14533,17215,19,76513,40,2,0.05,0,0.0
14534,17215,19,76513,50,3,0.06,0,0.0
14535,17635,1,4027,10,1,0.1,1,0.1
14536,17635,1,4027,20,4,0.2,1,0.05
14537,17635,1,4027,30,5,0.16666666666666666,1,0.03333333333333333
14538,17635,1,4027,40,8,0.2,1,0.025
14539,17635,1,4027,50,8,0.16,1,0.02
14540,17635,2,8054,10,1,0.1,0,0.0
14541,17635,2,8054,20,3,0.15,0,0.0
14542,17635,2,8054,30,4,0.13333333333333333,0,0.0
14543,17635,2,8054,40,5,0.125,0,0.0
14544,17635,2,8054,50,6,0.12,0,0.0
14545,17635,3,12081,10,1,0.1,0,0.0
14546,17635,3,12081,20,2,0.1,0,0.0
14547,17635,3,12081,30,3,0.1,0,0.0
14548,17635,3,12081,40,4,0.1,0,0.0
14549,17635,3,12081,50,5,0.1,0,0.0
14550,17635,4,16108,10,1,0.1,0,0.0
14551,17635,4,16108,20,2,0.1,0,0.0
14552,17635,4,16108,30,3,0.1,0,0.0
14553,17635,4,16108,40,4,0.1,0,0.0
14554,17635,4,16108,50,4,0.08,0,0.0
14555,17635,5,20135,10,1,0.1,0,0.0
14556,17635,5,20135,20,2,0.1,0,0.0
14557,17635,5,20135,30,3,0.1,0,0.0
14558,17635,5,20135,40,4,0.1,0,0.0
14559,17635,5,20135,50,4,0.08,0,0.0
14560,17635,6,24162,10,1,0.1,0,0.0
14561,17635,6,24162,20,2,0.1,0,0.0
14562,17635,6,24162,30,3,0.1,0,0.0
14563,17635,6,24162,40,3,0.075,0,0.0
14564,17635,6,24162,50,5,0.1,0,0.0
14565,17635,7,28189,10,1,0.1,0,0.0
14566,17635,7,28189,20,2,0.1,0,0.0
14567,17635,7,28189,30,3,0.1,0,0.0
14568,17635,7,28189,40,3,0.075,0,0.0
14569,17635,7,28189,50,5,0.1,0,0.0
14570,17635,8,32216,10,1,0.1,0,0.0
14571,17635,8,32216,20,2,0.1,0,0.0
14572,17635,8,32216,30,3,0.1,0,0.0
14573,17635,8,32216,40,3,0.075,0,0.0
14574,17635,8,32216,50,5,0.1,0,0.0
14575,17635,9,36243,10,1,0.1,0,0.0
14576,17635,9,36243,20,2,0.1,0,0.0
14577,17635,9,36243,30,3,0.1,0,0.0
14578,17635,9,36243,40,3,0.075,0,0.0
14579,17635,9,36243,50,5,0.1,0,0.0
14580,17635,10,40270,10,1,0.1,0,0.0
14581,17635,10,40270,20,2,0.1,0,0.0
14582,17635,10,40270,30,3,0.1,0,0.0
14583,17635,10,40270,40,4,0.1,0,0.0
14584,17635,10,40270,50,5,0.1,0,0.0
14585,17635,11,44297,10,1,0.1,0,0.0
14586,17635,11,44297,20,2,0.1,0,0.0
14587,17635,11,44297,30,3,0.1,0,0.0
14588,17635,11,44297,40,4,0.1,0,0.0
14589,17635,11,44297,50,5,0.1,0,0.0
14590,17635,12,48324,10,1,0.1,0,0.0
14591,17635,12,48324,20,2,0.1,0,0.0
14592,17635,12,48324,30,3,0.1,0,0.0
14593,17635,12,48324,40,4,0.1,0,0.0
14594,17635,12,48324,50,5,0.1,0,0.0
14595,17635,13,52351,10,1,0.1,0,0.0
14596,17635,13,52351,20,2,0.1,0,0.0
14597,17635,13,52351,30,3,0.1,0,0.0
14598,17635,13,52351,40,4,0.1,0,0.0
14599,17635,13,52351,50,5,0.1,0,0.0
14600,17635,14,56378,10,1,0.1,0,0.0
14601,17635,14,56378,20,2,0.1,0,0.0
14602,17635,14,56378,30,3,0.1,0,0.0
14603,17635,14,56378,40,4,0.1,0,0.0
14604,17635,14,56378,50,5,0.1,0,0.0
14605,17635,15,60405,10,1,0.1,0,0.0
14606,17635,15,60405,20,2,0.1,0,0.0
14607,17635,15,60405,30,3,0.1,0,0.0
14608,17635,15,60405,40,4,0.1,0,0.0
14609,17635,15,60405,50,5,0.1,0,0.0
14610,17635,16,64432,10,1,0.1,0,0.0
14611,17635,16,64432,20,2,0.1,0,0.0
14612,17635,16,64432,30,3,0.1,0,0.0
14613,17635,16,64432,40,4,0.1,0,0.0
14614,17635,16,64432,50,5,0.1,0,0.0
14615,17635,17,68459,10,1,0.1,0,0.0
14616,17635,17,68459,20,2,0.1,0,0.0
14617,17635,17,68459,30,3,0.1,0,0.0
14618,17635,17,68459,40,4,0.1,0,0.0
14619,17635,17,68459,50,5,0.1,0,0.0
14620,17635,18,72486,10,1,0.1,0,0.0
14621,17635,18,72486,20,1,0.05,0,0.0
14622,17635,18,72486,30,3,0.1,0,0.0
14623,17635,18,72486,40,4,0.1,0,0.0
14624,17635,18,72486,50,5,0.1,0,0.0
14625,17635,19,76513,10,1,0.1,0,0.0
14626,17635,19,76513,20,1,0.05,0,0.0
14627,17635,19,76513,30,3,0.1,0,0.0
14628,17635,19,76513,40,4,0.1,0,0.0
14629,17635,19,76513,50,5,0.1,0,0.0
14630,18057,1,4027,10,2,0.2,0,0.0
14631,18057,1,4027,20,4,0.2,0,0.0
14632,18057,1,4027,30,5,0.16666666666666666,0,0.0
14633,18057,1,4027,40,7,0.175,0,0.0
14634,18057,1,4027,50,8,0.16,0,0.0
14635,18057,2,8054,10,2,0.2,0,0.0
14636,18057,2,8054,20,4,0.2,0,0.0
14637,18057,2,8054,30,5,0.16666666666666666,0,0.0
14638,18057,2,8054,40,7,0.175,0,0.0
14639,18057,2,8054,50,8,0.16,0,0.0
14640,18057,3,12081,10,2,0.2,0,0.0
14641,18057,3,12081,20,4,0.2,0,0.0
14642,18057,3,12081,30,6,0.2,0,0.0
14643,18057,3,12081,40,9,0.225,0,0.0
14644,18057,3,12081,50,10,0.2,0,0.0
14645,18057,4,16108,10,2,0.2,0,0.0
14646,18057,4,16108,20,4,0.2,0,0.0
14647,18057,4,16108,30,6,0.2,0,0.0
14648,18057,4,16108,40,9,0.225,0,0.0
14649,18057,4,16108,50,10,0.2,0,0.0
14650,18057,5,20135,10,2,0.2,0,0.0
14651,18057,5,20135,20,5,0.25,0,0.0
14652,18057,5,20135,30,6,0.2,0,0.0
14653,18057,5,20135,40,9,0.225,0,0.0
14654,18057,5,20135,50,10,0.2,0,0.0
14655,18057,6,24162,10,2,0.2,0,0.0
14656,18057,6,24162,20,4,0.2,0,0.0
14657,18057,6,24162,30,6,0.2,0,0.0
14658,18057,6,24162,40,9,0.225,0,0.0
14659,18057,6,24162,50,10,0.2,0,0.0
14660,18057,7,28189,10,2,0.2,0,0.0
14661,18057,7,28189,20,4,0.2,0,0.0
14662,18057,7,28189,30,6,0.2,0,0.0
14663,18057,7,28189,40,9,0.225,0,0.0
14664,18057,7,28189,50,10,0.2,0,0.0
14665,18057,8,32216,10,2,0.2,0,0.0
14666,18057,8,32216,20,4,0.2,0,0.0
14667,18057,8,32216,30,7,0.23333333333333334,0,0.0
14668,18057,8,32216,40,9,0.225,0,0.0
14669,18057,8,32216,50,10,0.2,0,0.0
14670,18057,9,36243,10,2,0.2,0,0.0
14671,18057,9,36243,20,4,0.2,0,0.0
14672,18057,9,36243,30,7,0.23333333333333334,0,0.0
14673,18057,9,36243,40,9,0.225,0,0.0
14674,18057,9,36243,50,10,0.2,0,0.0
14675,18057,10,40270,10,2,0.2,0,0.0
14676,18057,10,40270,20,4,0.2,0,0.0
14677,18057,10,40270,30,7,0.23333333333333334,0,0.0
14678,18057,10,40270,40,7,0.175,0,0.0
14679,18057,10,40270,50,10,0.2,0,0.0
14680,18057,11,44297,10,2,0.2,0,0.0
14681,18057,11,44297,20,4,0.2,0,0.0
14682,18057,11,44297,30,7,0.23333333333333334,0,0.0
14683,18057,11,44297,40,7,0.175,0,0.0
14684,18057,11,44297,50,10,0.2,0,0.0
14685,18057,12,48324,10,2,0.2,0,0.0
14686,18057,12,48324,20,4,0.2,0,0.0
14687,18057,12,48324,30,7,0.23333333333333334,0,0.0
14688,18057,12,48324,40,8,0.2,0,0.0
14689,18057,12,48324,50,11,0.22,0,0.0
14690,18057,13,52351,10,2,0.2,0,0.0
14691,18057,13,52351,20,4,0.2,0,0.0
14692,18057,13,52351,30,6,0.2,0,0.0
14693,18057,13,52351,40,8,0.2,0,0.0
14694,18057,13,52351,50,11,0.22,0,0.0
14695,18057,14,56378,10,2,0.2,0,0.0
14696,18057,14,56378,20,4,0.2,0,0.0
14697,18057,14,56378,30,5,0.16666666666666666,0,0.0
14698,18057,14,56378,40,7,0.175,0,0.0
14699,18057,14,56378,50,10,0.2,0,0.0
14700,18057,15,60405,10,2,0.2,0,0.0
14701,18057,15,60405,20,4,0.2,0,0.0
14702,18057,15,60405,30,5,0.16666666666666666,0,0.0
14703,18057,15,60405,40,7,0.175,0,0.0
14704,18057,15,60405,50,9,0.18,0,0.0
14705,18057,16,64432,10,2,0.2,0,0.0
14706,18057,16,64432,20,4,0.2,0,0.0
14707,18057,16,64432,30,5,0.16666666666666666,0,0.0
14708,18057,16,64432,40,7,0.175,0,0.0
14709,18057,16,64432,50,9,0.18,0,0.0
14710,18057,17,68459,10,2,0.2,0,0.0
14711,18057,17,68459,20,4,0.2,0,0.0
14712,18057,17,68459,30,5,0.16666666666666666,0,0.0
14713,18057,17,68459,40,8,0.2,0,0.0
14714,18057,17,68459,50,9,0.18,0,0.0
14715,18057,18,72486,10,2,0.2,0,0.0
14716,18057,18,72486,20,4,0.2,0,0.0
14717,18057,18,72486,30,5,0.16666666666666666,0,0.0
14718,18057,18,72486,40,7,0.175,0,0.0
14719,18057,18,72486,50,9,0.18,0,0.0
14720,18057,19,76513,10,2,0.2,0,0.0
14721,18057,19,76513,20,4,0.2,0,0.0
14722,18057,19,76513,30,5,0.16666666666666666,0,0.0
14723,18057,19,76513,40,7,0.175,0,0.0
14724,18057,19,76513,50,8,0.16,0,0.0
14725,18227,1,4027,10,1,0.1,0,0.0
14726,18227,1,4027,20,1,0.05,0,0.0
14727,18227,1,4027,30,5,0.16666666666666666,0,0.0
14728,18227,1,4027,40,6,0.15,0,0.0
14729,18227,1,4027,50,7,0.14,1,0.02
14730,18227,2,8054,10,1,0.1,0,0.0
14731,18227,2,8054,20,1,0.05,0,0.0
14732,18227,2,8054,30,5,0.16666666666666666,0,0.0
14733,18227,2,8054,40,6,0.15,0,0.0
14734,18227,2,8054,50,7,0.14,1,0.02
14735,18227,3,12081,10,1,0.1,0,0.0
14736,18227,3,12081,20,1,0.05,0,0.0
14737,18227,3,12081,30,6,0.2,0,0.0
14738,18227,3,12081,40,6,0.15,0,0.0
14739,18227,3,12081,50,7,0.14,1,0.02
14740,18227,4,16108,10,1,0.1,0,0.0
14741,18227,4,16108,20,1,0.05,0,0.0
14742,18227,4,16108,30,6,0.2,0,0.0
14743,18227,4,16108,40,6,0.15,0,0.0
14744,18227,4,16108,50,7,0.14,1,0.02
14745,18227,5,20135,10,1,0.1,0,0.0
14746,18227,5,20135,20,1,0.05,0,0.0
14747,18227,5,20135,30,6,0.2,0,0.0
14748,18227,5,20135,40,6,0.15,0,0.0
14749,18227,5,20135,50,7,0.14,1,0.02
14750,18227,6,24162,10,1,0.1,0,0.0
14751,18227,6,24162,20,1,0.05,0,0.0
14752,18227,6,24162,30,6,0.2,0,0.0
14753,18227,6,24162,40,6,0.15,0,0.0
14754,18227,6,24162,50,7,0.14,1,0.02
14755,18227,7,28189,10,1,0.1,0,0.0
14756,18227,7,28189,20,1,0.05,0,0.0
14757,18227,7,28189,30,6,0.2,0,0.0
14758,18227,7,28189,40,6,0.15,0,0.0
14759,18227,7,28189,50,7,0.14,1,0.02
14760,18227,8,32216,10,1,0.1,0,0.0
14761,18227,8,32216,20,1,0.05,0,0.0
14762,18227,8,32216,30,6,0.2,0,0.0
14763,18227,8,32216,40,6,0.15,0,0.0
14764,18227,8,32216,50,7,0.14,1,0.02
14765,18227,9,36243,10,1,0.1,0,0.0
14766,18227,9,36243,20,1,0.05,0,0.0
14767,18227,9,36243,30,6,0.2,0,0.0
14768,18227,9,36243,40,6,0.15,0,0.0
14769,18227,9,36243,50,7,0.14,1,0.02
14770,18227,10,40270,10,1,0.1,0,0.0
14771,18227,10,40270,20,1,0.05,0,0.0
14772,18227,10,40270,30,4,0.13333333333333333,0,0.0
14773,18227,10,40270,40,6,0.15,0,0.0
14774,18227,10,40270,50,7,0.14,1,0.02
14775,18227,11,44297,10,1,0.1,0,0.0
14776,18227,11,44297,20,1,0.05,0,0.0
14777,18227,11,44297,30,4,0.13333333333333333,0,0.0
14778,18227,11,44297,40,6,0.15,0,0.0
14779,18227,11,44297,50,7,0.14,1,0.02
14780,18227,12,48324,10,1,0.1,0,0.0
14781,18227,12,48324,20,1,0.05,0,0.0
14782,18227,12,48324,30,6,0.2,0,0.0
14783,18227,12,48324,40,6,0.15,0,0.0
14784,18227,12,48324,50,7,0.14,1,0.02
14785,18227,13,52351,10,1,0.1,0,0.0
14786,18227,13,52351,20,1,0.05,0,0.0
14787,18227,13,52351,30,5,0.16666666666666666,0,0.0
14788,18227,13,52351,40,6,0.15,0,0.0
14789,18227,13,52351,50,7,0.14,1,0.02
14790,18227,14,56378,10,1,0.1,0,0.0
14791,18227,14,56378,20,1,0.05,0,0.0
14792,18227,14,56378,30,5,0.16666666666666666,0,0.0
14793,18227,14,56378,40,6,0.15,0,0.0
14794,18227,14,56378,50,7,0.14,1,0.02
14795,18227,15,60405,10,1,0.1,0,0.0
14796,18227,15,60405,20,1,0.05,0,0.0
14797,18227,15,60405,30,4,0.13333333333333333,0,0.0
14798,18227,15,60405,40,6,0.15,0,0.0
14799,18227,15,60405,50,7,0.14,1,0.02
14800,18227,16,64432,10,1,0.1,0,0.0
14801,18227,16,64432,20,1,0.05,0,0.0
14802,18227,16,64432,30,4,0.13333333333333333,0,0.0
14803,18227,16,64432,40,6,0.15,0,0.0
14804,18227,16,64432,50,7,0.14,1,0.02
14805,18227,17,68459,10,1,0.1,0,0.0
14806,18227,17,68459,20,1,0.05,0,0.0
14807,18227,17,68459,30,4,0.13333333333333333,0,0.0
14808,18227,17,68459,40,6,0.15,0,0.0
14809,18227,17,68459,50,7,0.14,1,0.02
14810,18227,18,72486,10,1,0.1,0,0.0
14811,18227,18,72486,20,1,0.05,0,0.0
14812,18227,18,72486,30,4,0.13333333333333333,0,0.0
14813,18227,18,72486,40,6,0.15,0,0.0
14814,18227,18,72486,50,7,0.14,1,0.02
14815,18227,19,76513,10,1,0.1,0,0.0
14816,18227,19,76513,20,1,0.05,0,0.0
14817,18227,19,76513,30,3,0.1,0,0.0
14818,18227,19,76513,40,6,0.15,0,0.0
14819,18227,19,76513,50,7,0.14,1,0.02
14820,18511,1,4027,10,1,0.1,0,0.0
14821,18511,1,4027,20,1,0.05,0,0.0
14822,18511,1,4027,30,1,0.03333333333333333,0,0.0
14823,18511,1,4027,40,1,0.025,0,0.0
14824,18511,1,4027,50,1,0.02,0,0.0
14825,18511,2,8054,10,1,0.1,0,0.0
14826,18511,2,8054,20,1,0.05,0,0.0
14827,18511,2,8054,30,1,0.03333333333333333,0,0.0
14828,18511,2,8054,40,1,0.025,0,0.0
14829,18511,2,8054,50,1,0.02,0,0.0
14830,18511,3,12081,10,0,0.0,0,0.0
14831,18511,3,12081,20,1,0.05,0,0.0
14832,18511,3,12081,30,1,0.03333333333333333,0,0.0
14833,18511,3,12081,40,1,0.025,0,0.0
14834,18511,3,12081,50,1,0.02,0,0.0
14835,18511,4,16108,10,0,0.0,0,0.0
14836,18511,4,16108,20,1,0.05,0,0.0
14837,18511,4,16108,30,1,0.03333333333333333,0,0.0
14838,18511,4,16108,40,1,0.025,0,0.0
14839,18511,4,16108,50,1,0.02,0,0.0
14840,18511,5,20135,10,1,0.1,0,0.0
14841,18511,5,20135,20,1,0.05,0,0.0
14842,18511,5,20135,30,1,0.03333333333333333,0,0.0
14843,18511,5,20135,40,1,0.025,0,0.0
14844,18511,5,20135,50,1,0.02,0,0.0
14845,18511,6,24162,10,1,0.1,0,0.0
14846,18511,6,24162,20,1,0.05,0,0.0
14847,18511,6,24162,30,1,0.03333333333333333,0,0.0
14848,18511,6,24162,40,1,0.025,0,0.0
14849,18511,6,24162,50,1,0.02,0,0.0
14850,18511,7,28189,10,1,0.1,0,0.0
14851,18511,7,28189,20,1,0.05,0,0.0
14852,18511,7,28189,30,1,0.03333333333333333,0,0.0
14853,18511,7,28189,40,1,0.025,0,0.0
14854,18511,7,28189,50,1,0.02,0,0.0
14855,18511,8,32216,10,1,0.1,0,0.0
14856,18511,8,32216,20,1,0.05,0,0.0
14857,18511,8,32216,30,1,0.03333333333333333,0,0.0
14858,18511,8,32216,40,1,0.025,0,0.0
14859,18511,8,32216,50,1,0.02,0,0.0
14860,18511,9,36243,10,1,0.1,0,0.0
14861,18511,9,36243,20,1,0.05,0,0.0
14862,18511,9,36243,30,1,0.03333333333333333,0,0.0
14863,18511,9,36243,40,1,0.025,0,0.0
14864,18511,9,36243,50,1,0.02,0,0.0
14865,18511,10,40270,10,0,0.0,0,0.0
14866,18511,10,40270,20,1,0.05,0,0.0
14867,18511,10,40270,30,1,0.03333333333333333,0,0.0
14868,18511,10,40270,40,1,0.025,0,0.0
14869,18511,10,40270,50,1,0.02,0,0.0
14870,18511,11,44297,10,0,0.0,0,0.0
14871,18511,11,44297,20,1,0.05,0,0.0
14872,18511,11,44297,30,1,0.03333333333333333,0,0.0
14873,18511,11,44297,40,1,0.025,0,0.0
14874,18511,11,44297,50,1,0.02,0,0.0
14875,18511,12,48324,10,0,0.0,0,0.0
14876,18511,12,48324,20,1,0.05,0,0.0
14877,18511,12,48324,30,1,0.03333333333333333,0,0.0
14878,18511,12,48324,40,1,0.025,0,0.0
14879,18511,12,48324,50,1,0.02,0,0.0
14880,18511,13,52351,10,0,0.0,0,0.0
14881,18511,13,52351,20,1,0.05,0,0.0
14882,18511,13,52351,30,1,0.03333333333333333,0,0.0
14883,18511,13,52351,40,1,0.025,0,0.0
14884,18511,13,52351,50,1,0.02,0,0.0
14885,18511,14,56378,10,0,0.0,0,0.0
14886,18511,14,56378,20,1,0.05,0,0.0
14887,18511,14,56378,30,1,0.03333333333333333,0,0.0
14888,18511,14,56378,40,1,0.025,0,0.0
14889,18511,14,56378,50,1,0.02,0,0.0
14890,18511,15,60405,10,0,0.0,0,0.0
14891,18511,15,60405,20,1,0.05,0,0.0
14892,18511,15,60405,30,1,0.03333333333333333,0,0.0
14893,18511,15,60405,40,1,0.025,0,0.0
14894,18511,15,60405,50,1,0.02,0,0.0
14895,18511,16,64432,10,0,0.0,0,0.0
14896,18511,16,64432,20,1,0.05,0,0.0
14897,18511,16,64432,30,1,0.03333333333333333,0,0.0
14898,18511,16,64432,40,1,0.025,0,0.0
14899,18511,16,64432,50,1,0.02,0,0.0
14900,18511,17,68459,10,0,0.0,0,0.0
14901,18511,17,68459,20,1,0.05,0,0.0
14902,18511,17,68459,30,1,0.03333333333333333,0,0.0
14903,18511,17,68459,40,1,0.025,0,0.0
14904,18511,17,68459,50,1,0.02,0,0.0
14905,18511,18,72486,10,0,0.0,0,0.0
14906,18511,18,72486,20,1,0.05,0,0.0
14907,18511,18,72486,30,1,0.03333333333333333,0,0.0
14908,18511,18,72486,40,1,0.025,0,0.0
14909,18511,18,72486,50,1,0.02,0,0.0
14910,18511,19,76513,10,0,0.0,0,0.0
14911,18511,19,76513,20,1,0.05,0,0.0
14912,18511,19,76513,30,1,0.03333333333333333,0,0.0
14913,18511,19,76513,40,1,0.025,0,0.0
14914,18511,19,76513,50,1,0.02,0,0.0
14915,19884,1,4027,10,0,0.0,0,0.0
14916,19884,1,4027,20,0,0.0,0,0.0
14917,19884,1,4027,30,0,0.0,0,0.0
14918,19884,1,4027,40,0,0.0,0,0.0
14919,19884,1,4027,50,0,0.0,0,0.0
14920,19884,2,8054,10,0,0.0,0,0.0
14921,19884,2,8054,20,0,0.0,0,0.0
14922,19884,2,8054,30,0,0.0,0,0.0
14923,19884,2,8054,40,0,0.0,0,0.0
14924,19884,2,8054,50,0,0.0,0,0.0
14925,19884,3,12081,10,0,0.0,0,0.0
14926,19884,3,12081,20,0,0.0,0,0.0
14927,19884,3,12081,30,0,0.0,0,0.0
14928,19884,3,12081,40,0,0.0,0,0.0
14929,19884,3,12081,50,0,0.0,0,0.0
14930,19884,4,16108,10,0,0.0,0,0.0
14931,19884,4,16108,20,0,0.0,0,0.0
14932,19884,4,16108,30,0,0.0,0,0.0
14933,19884,4,16108,40,0,0.0,0,0.0
14934,19884,4,16108,50,0,0.0,0,0.0
14935,19884,5,20135,10,0,0.0,0,0.0
14936,19884,5,20135,20,0,0.0,0,0.0
14937,19884,5,20135,30,0,0.0,0,0.0
14938,19884,5,20135,40,0,0.0,0,0.0
14939,19884,5,20135,50,0,0.0,0,0.0
14940,19884,6,24162,10,0,0.0,0,0.0
14941,19884,6,24162,20,0,0.0,0,0.0
14942,19884,6,24162,30,0,0.0,0,0.0
14943,19884,6,24162,40,0,0.0,0,0.0
14944,19884,6,24162,50,0,0.0,0,0.0
14945,19884,7,28189,10,0,0.0,0,0.0
14946,19884,7,28189,20,0,0.0,0,0.0
14947,19884,7,28189,30,0,0.0,0,0.0
14948,19884,7,28189,40,0,0.0,0,0.0
14949,19884,7,28189,50,0,0.0,0,0.0
14950,19884,8,32216,10,0,0.0,0,0.0
14951,19884,8,32216,20,0,0.0,0,0.0
14952,19884,8,32216,30,0,0.0,0,0.0
14953,19884,8,32216,40,0,0.0,0,0.0
14954,19884,8,32216,50,0,0.0,0,0.0
14955,19884,9,36243,10,0,0.0,0,0.0
14956,19884,9,36243,20,0,0.0,0,0.0
14957,19884,9,36243,30,0,0.0,0,0.0
14958,19884,9,36243,40,0,0.0,0,0.0
14959,19884,9,36243,50,0,0.0,0,0.0
14960,19884,10,40270,10,0,0.0,0,0.0
14961,19884,10,40270,20,0,0.0,0,0.0
14962,19884,10,40270,30,0,0.0,0,0.0
14963,19884,10,40270,40,0,0.0,0,0.0
14964,19884,10,40270,50,0,0.0,0,0.0
14965,19884,11,44297,10,0,0.0,0,0.0
14966,19884,11,44297,20,0,0.0,0,0.0
14967,19884,11,44297,30,0,0.0,0,0.0
14968,19884,11,44297,40,0,0.0,0,0.0
14969,19884,11,44297,50,0,0.0,0,0.0
14970,19884,12,48324,10,0,0.0,0,0.0
14971,19884,12,48324,20,0,0.0,0,0.0
14972,19884,12,48324,30,0,0.0,0,0.0
14973,19884,12,48324,40,0,0.0,0,0.0
14974,19884,12,48324,50,0,0.0,1,0.02
14975,19884,13,52351,10,0,0.0,0,0.0
14976,19884,13,52351,20,0,0.0,0,0.0
14977,19884,13,52351,30,0,0.0,0,0.0
14978,19884,13,52351,40,0,0.0,0,0.0
14979,19884,13,52351,50,0,0.0,1,0.02
14980,19884,14,56378,10,0,0.0,0,0.0
14981,19884,14,56378,20,0,0.0,0,0.0
14982,19884,14,56378,30,0,0.0,0,0.0
14983,19884,14,56378,40,0,0.0,0,0.0
14984,19884,14,56378,50,0,0.0,0,0.0
14985,19884,15,60405,10,0,0.0,0,0.0
14986,19884,15,60405,20,0,0.0,0,0.0
14987,19884,15,60405,30,0,0.0,0,0.0
14988,19884,15,60405,40,0,0.0,0,0.0
14989,19884,15,60405,50,0,0.0,0,0.0
14990,19884,16,64432,10,0,0.0,0,0.0
14991,19884,16,64432,20,0,0.0,0,0.0
14992,19884,16,64432,30,0,0.0,0,0.0
14993,19884,16,64432,40,0,0.0,0,0.0
14994,19884,16,64432,50,0,0.0,0,0.0
14995,19884,17,68459,10,0,0.0,0,0.0
14996,19884,17,68459,20,0,0.0,0,0.0
14997,19884,17,68459,30,0,0.0,0,0.0
14998,19884,17,68459,40,0,0.0,0,0.0
14999,19884,17,68459,50,0,0.0,0,0.0
15000,19884,18,72486,10,0,0.0,0,0.0
15001,19884,18,72486,20,0,0.0,0,0.0
15002,19884,18,72486,30,0,0.0,0,0.0
15003,19884,18,72486,40,0,0.0,0,0.0
15004,19884,18,72486,50,0,0.0,0,0.0
15005,19884,19,76513,10,0,0.0,0,0.0
15006,19884,19,76513,20,0,0.0,0,0.0
15007,19884,19,76513,30,0,0.0,0,0.0
15008,19884,19,76513,40,0,0.0,0,0.0
15009,19884,19,76513,50,0,0.0,0,0.0
15010,20156,1,4027,10,3,0.3,0,0.0
15011,20156,1,4027,20,3,0.15,0,0.0
15012,20156,1,4027,30,3,0.1,0,0.0
15013,20156,1,4027,40,5,0.125,2,0.05
15014,20156,1,4027,50,5,0.1,2,0.04
15015,20156,2,8054,10,3,0.3,0,0.0
15016,20156,2,8054,20,3,0.15,0,0.0
15017,20156,2,8054,30,4,0.13333333333333333,2,0.06666666666666667
15018,20156,2,8054,40,5,0.125,2,0.05
15019,20156,2,8054,50,5,0.1,2,0.04
15020,20156,3,12081,10,3,0.3,0,0.0
15021,20156,3,12081,20,3,0.15,0,0.0
15022,20156,3,12081,30,5,0.16666666666666666,1,0.03333333333333333
15023,20156,3,12081,40,5,0.125,2,0.05
15024,20156,3,12081,50,5,0.1,2,0.04
15025,20156,4,16108,10,3,0.3,0,0.0
15026,20156,4,16108,20,3,0.15,0,0.0
15027,20156,4,16108,30,5,0.16666666666666666,1,0.03333333333333333
15028,20156,4,16108,40,5,0.125,2,0.05
15029,20156,4,16108,50,5,0.1,2,0.04
15030,20156,5,20135,10,3,0.3,0,0.0
15031,20156,5,20135,20,3,0.15,0,0.0
15032,20156,5,20135,30,5,0.16666666666666666,1,0.03333333333333333
15033,20156,5,20135,40,5,0.125,1,0.025
15034,20156,5,20135,50,5,0.1,1,0.02
15035,20156,6,24162,10,3,0.3,0,0.0
15036,20156,6,24162,20,3,0.15,0,0.0
15037,20156,6,24162,30,5,0.16666666666666666,1,0.03333333333333333
15038,20156,6,24162,40,5,0.125,1,0.025
15039,20156,6,24162,50,5,0.1,1,0.02
15040,20156,7,28189,10,3,0.3,0,0.0
15041,20156,7,28189,20,3,0.15,0,0.0
15042,20156,7,28189,30,5,0.16666666666666666,1,0.03333333333333333
15043,20156,7,28189,40,5,0.125,1,0.025
15044,20156,7,28189,50,5,0.1,1,0.02
15045,20156,8,32216,10,3,0.3,0,0.0
15046,20156,8,32216,20,3,0.15,0,0.0
15047,20156,8,32216,30,5,0.16666666666666666,1,0.03333333333333333
15048,20156,8,32216,40,5,0.125,1,0.025
15049,20156,8,32216,50,5,0.1,1,0.02
15050,20156,9,36243,10,3,0.3,0,0.0
15051,20156,9,36243,20,3,0.15,0,0.0
15052,20156,9,36243,30,5,0.16666666666666666,1,0.03333333333333333
15053,20156,9,36243,40,5,0.125,2,0.05
15054,20156,9,36243,50,5,0.1,2,0.04
15055,20156,10,40270,10,3,0.3,0,0.0
15056,20156,10,40270,20,3,0.15,0,0.0
15057,20156,10,40270,30,5,0.16666666666666666,1,0.03333333333333333
15058,20156,10,40270,40,5,0.125,2,0.05
15059,20156,10,40270,50,5,0.1,2,0.04
15060,20156,11,44297,10,3,0.3,0,0.0
15061,20156,11,44297,20,3,0.15,0,0.0
15062,20156,11,44297,30,5,0.16666666666666666,1,0.03333333333333333
15063,20156,11,44297,40,5,0.125,2,0.05
15064,20156,11,44297,50,5,0.1,2,0.04
15065,20156,12,48324,10,3,0.3,0,0.0
15066,20156,12,48324,20,3,0.15,0,0.0
15067,20156,12,48324,30,5,0.16666666666666666,1,0.03333333333333333
15068,20156,12,48324,40,5,0.125,2,0.05
15069,20156,12,48324,50,5,0.1,2,0.04
15070,20156,13,52351,10,3,0.3,0,0.0
15071,20156,13,52351,20,3,0.15,0,0.0
15072,20156,13,52351,30,5,0.16666666666666666,1,0.03333333333333333
15073,20156,13,52351,40,6,0.15,2,0.05
15074,20156,13,52351,50,6,0.12,2,0.04
15075,20156,14,56378,10,3,0.3,0,0.0
15076,20156,14,56378,20,3,0.15,0,0.0
15077,20156,14,56378,30,5,0.16666666666666666,1,0.03333333333333333
15078,20156,14,56378,40,6,0.15,2,0.05
15079,20156,14,56378,50,6,0.12,2,0.04
15080,20156,15,60405,10,3,0.3,0,0.0
15081,20156,15,60405,20,3,0.15,0,0.0
15082,20156,15,60405,30,5,0.16666666666666666,1,0.03333333333333333
15083,20156,15,60405,40,5,0.125,2,0.05
15084,20156,15,60405,50,6,0.12,2,0.04
15085,20156,16,64432,10,1,0.1,0,0.0
15086,20156,16,64432,20,3,0.15,0,0.0
15087,20156,16,64432,30,3,0.1,0,0.0
15088,20156,16,64432,40,5,0.125,2,0.05
15089,20156,16,64432,50,6,0.12,2,0.04
15090,20156,17,68459,10,1,0.1,0,0.0
15091,20156,17,68459,20,3,0.15,0,0.0
15092,20156,17,68459,30,3,0.1,0,0.0
15093,20156,17,68459,40,5,0.125,2,0.05
15094,20156,17,68459,50,5,0.1,2,0.04
15095,20156,18,72486,10,2,0.2,0,0.0
15096,20156,18,72486,20,3,0.15,0,0.0
15097,20156,18,72486,30,3,0.1,0,0.0
15098,20156,18,72486,40,5,0.125,2,0.05
15099,20156,18,72486,50,5,0.1,2,0.04
15100,20156,19,76513,10,2,0.2,0,0.0
15101,20156,19,76513,20,3,0.15,0,0.0
15102,20156,19,76513,30,3,0.1,0,0.0
15103,20156,19,76513,40,5,0.125,2,0.05
15104,20156,19,76513,50,5,0.1,2,0.04
15105,21517,1,4027,10,0,0.0,0,0.0
15106,21517,1,4027,20,0,0.0,1,0.05
15107,21517,1,4027,30,0,0.0,1,0.03333333333333333
15108,21517,1,4027,40,0,0.0,1,0.025
15109,21517,1,4027,50,1,0.02,2,0.04
15110,21517,2,8054,10,0,0.0,0,0.0
15111,21517,2,8054,20,0,0.0,1,0.05
15112,21517,2,8054,30,1,0.03333333333333333,2,0.06666666666666667
15113,21517,2,8054,40,1,0.025,4,0.1
15114,21517,2,8054,50,3,0.06,4,0.08
15115,21517,3,12081,10,0,0.0,0,0.0
15116,21517,3,12081,20,0,0.0,0,0.0
15117,21517,3,12081,30,1,0.03333333333333333,2,0.06666666666666667
15118,21517,3,12081,40,1,0.025,3,0.075
15119,21517,3,12081,50,2,0.04,4,0.08
15120,21517,4,16108,10,0,0.0,0,0.0
15121,21517,4,16108,20,0,0.0,0,0.0
15122,21517,4,16108,30,1,0.03333333333333333,2,0.06666666666666667
15123,21517,4,16108,40,1,0.025,2,0.05
15124,21517,4,16108,50,2,0.04,4,0.08
15125,21517,5,20135,10,0,0.0,0,0.0
15126,21517,5,20135,20,0,0.0,0,0.0
15127,21517,5,20135,30,1,0.03333333333333333,2,0.06666666666666667
15128,21517,5,20135,40,1,0.025,4,0.1
15129,21517,5,20135,50,1,0.02,4,0.08
15130,21517,6,24162,10,0,0.0,0,0.0
15131,21517,6,24162,20,0,0.0,1,0.05
15132,21517,6,24162,30,1,0.03333333333333333,2,0.06666666666666667
15133,21517,6,24162,40,1,0.025,2,0.05
15134,21517,6,24162,50,2,0.04,4,0.08
15135,21517,7,28189,10,0,0.0,0,0.0
15136,21517,7,28189,20,0,0.0,1,0.05
15137,21517,7,28189,30,0,0.0,1,0.03333333333333333
15138,21517,7,28189,40,1,0.025,3,0.075
15139,21517,7,28189,50,2,0.04,4,0.08
15140,21517,8,32216,10,0,0.0,0,0.0
15141,21517,8,32216,20,0,0.0,1,0.05
15142,21517,8,32216,30,1,0.03333333333333333,2,0.06666666666666667
15143,21517,8,32216,40,1,0.025,2,0.05
15144,21517,8,32216,50,2,0.04,4,0.08
15145,21517,9,36243,10,0,0.0,0,0.0
15146,21517,9,36243,20,0,0.0,1,0.05
15147,21517,9,36243,30,1,0.03333333333333333,2,0.06666666666666667
15148,21517,9,36243,40,1,0.025,3,0.075
15149,21517,9,36243,50,2,0.04,4,0.08
15150,21517,10,40270,10,0,0.0,0,0.0
15151,21517,10,40270,20,0,0.0,1,0.05
15152,21517,10,40270,30,1,0.03333333333333333,2,0.06666666666666667
15153,21517,10,40270,40,1,0.025,3,0.075
15154,21517,10,40270,50,2,0.04,4,0.08
15155,21517,11,44297,10,0,0.0,0,0.0
15156,21517,11,44297,20,1,0.05,1,0.05
15157,21517,11,44297,30,1,0.03333333333333333,2,0.06666666666666667
15158,21517,11,44297,40,2,0.05,4,0.1
15159,21517,11,44297,50,2,0.04,4,0.08
15160,21517,12,48324,10,0,0.0,0,0.0
15161,21517,12,48324,20,1,0.05,1,0.05
15162,21517,12,48324,30,1,0.03333333333333333,3,0.1
15163,21517,12,48324,40,2,0.05,4,0.1
15164,21517,12,48324,50,2,0.04,4,0.08
15165,21517,13,52351,10,0,0.0,0,0.0
15166,21517,13,52351,20,1,0.05,1,0.05
15167,21517,13,52351,30,1,0.03333333333333333,3,0.1
15168,21517,13,52351,40,2,0.05,4,0.1
15169,21517,13,52351,50,2,0.04,4,0.08
15170,21517,14,56378,10,0,0.0,0,0.0
15171,21517,14,56378,20,1,0.05,2,0.1
15172,21517,14,56378,30,2,0.06666666666666667,3,0.1
15173,21517,14,56378,40,3,0.075,3,0.075
15174,21517,14,56378,50,4,0.08,4,0.08
15175,21517,15,60405,10,0,0.0,0,0.0
15176,21517,15,60405,20,1,0.05,2,0.1
15177,21517,15,60405,30,2,0.06666666666666667,3,0.1
15178,21517,15,60405,40,3,0.075,3,0.075
15179,21517,15,60405,50,4,0.08,4,0.08
15180,21517,16,64432,10,0,0.0,0,0.0
15181,21517,16,64432,20,1,0.05,2,0.1
15182,21517,16,64432,30,2,0.06666666666666667,3,0.1
15183,21517,16,64432,40,3,0.075,3,0.075
15184,21517,16,64432,50,4,0.08,3,0.06
15185,21517,17,68459,10,0,0.0,0,0.0
15186,21517,17,68459,20,1,0.05,2,0.1
15187,21517,17,68459,30,2,0.06666666666666667,3,0.1
15188,21517,17,68459,40,3,0.075,3,0.075
15189,21517,17,68459,50,4,0.08,3,0.06
15190,21517,18,72486,10,0,0.0,0,0.0
15191,21517,18,72486,20,1,0.05,2,0.1
15192,21517,18,72486,30,2,0.06666666666666667,3,0.1
15193,21517,18,72486,40,3,0.075,3,0.075
15194,21517,18,72486,50,4,0.08,3,0.06
15195,21517,19,76513,10,0,0.0,0,0.0
15196,21517,19,76513,20,1,0.05,3,0.15
15197,21517,19,76513,30,2,0.06666666666666667,3,0.1
15198,21517,19,76513,40,3,0.075,3,0.075
15199,21517,19,76513,50,4,0.08,3,0.06
15200,21785,1,4027,10,0,0.0,0,0.0
15201,21785,1,4027,20,1,0.05,0,0.0
15202,21785,1,4027,30,1,0.03333333333333333,0,0.0
15203,21785,1,4027,40,2,0.05,1,0.025
15204,21785,1,4027,50,5,0.1,3,0.06
15205,21785,2,8054,10,0,0.0,0,0.0
15206,21785,2,8054,20,2,0.1,0,0.0
15207,21785,2,8054,30,3,0.1,2,0.06666666666666667
15208,21785,2,8054,40,4,0.1,3,0.075
15209,21785,2,8054,50,6,0.12,3,0.06
15210,21785,3,12081,10,0,0.0,0,0.0
15211,21785,3,12081,20,1,0.05,0,0.0
15212,21785,3,12081,30,1,0.03333333333333333,0,0.0
15213,21785,3,12081,40,3,0.075,1,0.025
15214,21785,3,12081,50,5,0.1,3,0.06
15215,21785,4,16108,10,0,0.0,0,0.0
15216,21785,4,16108,20,1,0.05,0,0.0
15217,21785,4,16108,30,1,0.03333333333333333,0,0.0
15218,21785,4,16108,40,4,0.1,1,0.025
15219,21785,4,16108,50,6,0.12,3,0.06
15220,21785,5,20135,10,0,0.0,0,0.0
15221,21785,5,20135,20,1,0.05,0,0.0
15222,21785,5,20135,30,2,0.06666666666666667,1,0.03333333333333333
15223,21785,5,20135,40,3,0.075,2,0.05
15224,21785,5,20135,50,6,0.12,3,0.06
15225,21785,6,24162,10,0,0.0,0,0.0
15226,21785,6,24162,20,1,0.05,0,0.0
15227,21785,6,24162,30,2,0.06666666666666667,1,0.03333333333333333
15228,21785,6,24162,40,3,0.075,2,0.05
15229,21785,6,24162,50,6,0.12,3,0.06
15230,21785,7,28189,10,1,0.1,0,0.0
15231,21785,7,28189,20,2,0.1,1,0.05
15232,21785,7,28189,30,3,0.1,2,0.06666666666666667
15233,21785,7,28189,40,3,0.075,2,0.05
15234,21785,7,28189,50,6,0.12,3,0.06
15235,21785,8,32216,10,0,0.0,0,0.0
15236,21785,8,32216,20,2,0.1,1,0.05
15237,21785,8,32216,30,3,0.1,2,0.06666666666666667
15238,21785,8,32216,40,4,0.1,2,0.05
15239,21785,8,32216,50,6,0.12,3,0.06
15240,21785,9,36243,10,0,0.0,0,0.0
15241,21785,9,36243,20,2,0.1,1,0.05
15242,21785,9,36243,30,2,0.06666666666666667,2,0.06666666666666667
15243,21785,9,36243,40,3,0.075,2,0.05
15244,21785,9,36243,50,6,0.12,3,0.06
15245,21785,10,40270,10,0,0.0,0,0.0
15246,21785,10,40270,20,2,0.1,1,0.05
15247,21785,10,40270,30,2,0.06666666666666667,1,0.03333333333333333
15248,21785,10,40270,40,3,0.075,2,0.05
15249,21785,10,40270,50,6,0.12,3,0.06
15250,21785,11,44297,10,0,0.0,0,0.0
15251,21785,11,44297,20,2,0.1,1,0.05
15252,21785,11,44297,30,2,0.06666666666666667,1,0.03333333333333333
15253,21785,11,44297,40,3,0.075,2,0.05
15254,21785,11,44297,50,6,0.12,3,0.06
15255,21785,12,48324,10,0,0.0,0,0.0
15256,21785,12,48324,20,2,0.1,1,0.05
15257,21785,12,48324,30,2,0.06666666666666667,1,0.03333333333333333
15258,21785,12,48324,40,3,0.075,2,0.05
15259,21785,12,48324,50,6,0.12,3,0.06
15260,21785,13,52351,10,0,0.0,0,0.0
15261,21785,13,52351,20,2,0.1,1,0.05
15262,21785,13,52351,30,2,0.06666666666666667,1,0.03333333333333333
15263,21785,13,52351,40,3,0.075,2,0.05
15264,21785,13,52351,50,6,0.12,3,0.06
15265,21785,14,56378,10,0,0.0,0,0.0
15266,21785,14,56378,20,2,0.1,1,0.05
15267,21785,14,56378,30,2,0.06666666666666667,1,0.03333333333333333
15268,21785,14,56378,40,4,0.1,2,0.05
15269,21785,14,56378,50,6,0.12,3,0.06
15270,21785,15,60405,10,0,0.0,0,0.0
15271,21785,15,60405,20,2,0.1,1,0.05
15272,21785,15,60405,30,2,0.06666666666666667,1,0.03333333333333333
15273,21785,15,60405,40,4,0.1,2,0.05
15274,21785,15,60405,50,6,0.12,3,0.06
15275,21785,16,64432,10,0,0.0,0,0.0
15276,21785,16,64432,20,2,0.1,1,0.05
15277,21785,16,64432,30,2,0.06666666666666667,1,0.03333333333333333
15278,21785,16,64432,40,4,0.1,2,0.05
15279,21785,16,64432,50,6,0.12,3,0.06
15280,21785,17,68459,10,0,0.0,0,0.0
15281,21785,17,68459,20,2,0.1,1,0.05
15282,21785,17,68459,30,3,0.1,1,0.03333333333333333
15283,21785,17,68459,40,3,0.075,2,0.05
15284,21785,17,68459,50,6,0.12,3,0.06
15285,21785,18,72486,10,0,0.0,0,0.0
15286,21785,18,72486,20,2,0.1,1,0.05
15287,21785,18,72486,30,3,0.1,1,0.03333333333333333
15288,21785,18,72486,40,4,0.1,2,0.05
15289,21785,18,72486,50,6,0.12,3,0.06
15290,21785,19,76513,10,0,0.0,0,0.0
15291,21785,19,76513,20,2,0.1,1,0.05
15292,21785,19,76513,30,3,0.1,1,0.03333333333333333
15293,21785,19,76513,40,4,0.1,2,0.05
15294,21785,19,76513,50,6,0.12,3,0.06
15295,21955,1,4027,10,0,0.0,0,0.0
15296,21955,1,4027,20,0,0.0,0,0.0
15297,21955,1,4027,30,0,0.0,0,0.0
15298,21955,1,4027,40,0,0.0,0,0.0
15299,21955,1,4027,50,0,0.0,0,0.0
15300,21955,2,8054,10,0,0.0,0,0.0
15301,21955,2,8054,20,0,0.0,0,0.0
15302,21955,2,8054,30,1,0.03333333333333333,1,0.03333333333333333
15303,21955,2,8054,40,1,0.025,1,0.025
15304,21955,2,8054,50,2,0.04,1,0.02
15305,21955,3,12081,10,0,0.0,0,0.0
15306,21955,3,12081,20,0,0.0,0,0.0
15307,21955,3,12081,30,2,0.06666666666666667,1,0.03333333333333333
15308,21955,3,12081,40,3,0.075,2,0.05
15309,21955,3,12081,50,3,0.06,2,0.04
15310,21955,4,16108,10,0,0.0,0,0.0
15311,21955,4,16108,20,0,0.0,0,0.0
15312,21955,4,16108,30,0,0.0,0,0.0
15313,21955,4,16108,40,0,0.0,0,0.0
15314,21955,4,16108,50,0,0.0,0,0.0
15315,21955,5,20135,10,0,0.0,0,0.0
15316,21955,5,20135,20,0,0.0,0,0.0
15317,21955,5,20135,30,0,0.0,0,0.0
15318,21955,5,20135,40,0,0.0,0,0.0
15319,21955,5,20135,50,0,0.0,0,0.0
15320,21955,6,24162,10,0,0.0,0,0.0
15321,21955,6,24162,20,0,0.0,0,0.0
15322,21955,6,24162,30,0,0.0,0,0.0
15323,21955,6,24162,40,0,0.0,0,0.0
15324,21955,6,24162,50,0,0.0,0,0.0
15325,21955,7,28189,10,0,0.0,0,0.0
15326,21955,7,28189,20,0,0.0,0,0.0
15327,21955,7,28189,30,0,0.0,0,0.0
15328,21955,7,28189,40,0,0.0,0,0.0
15329,21955,7,28189,50,0,0.0,0,0.0
15330,21955,8,32216,10,0,0.0,0,0.0
15331,21955,8,32216,20,0,0.0,0,0.0
15332,21955,8,32216,30,0,0.0,0,0.0
15333,21955,8,32216,40,0,0.0,0,0.0
15334,21955,8,32216,50,0,0.0,0,0.0
15335,21955,9,36243,10,0,0.0,0,0.0
15336,21955,9,36243,20,0,0.0,0,0.0
15337,21955,9,36243,30,0,0.0,0,0.0
15338,21955,9,36243,40,0,0.0,0,0.0
15339,21955,9,36243,50,0,0.0,0,0.0
15340,21955,10,40270,10,0,0.0,0,0.0
15341,21955,10,40270,20,0,0.0,0,0.0
15342,21955,10,40270,30,0,0.0,0,0.0
15343,21955,10,40270,40,0,0.0,0,0.0
15344,21955,10,40270,50,0,0.0,0,0.0
15345,21955,11,44297,10,0,0.0,0,0.0
15346,21955,11,44297,20,0,0.0,0,0.0
15347,21955,11,44297,30,0,0.0,0,0.0
15348,21955,11,44297,40,0,0.0,0,0.0
15349,21955,11,44297,50,0,0.0,0,0.0
15350,21955,12,48324,10,0,0.0,0,0.0
15351,21955,12,48324,20,0,0.0,0,0.0
15352,21955,12,48324,30,0,0.0,0,0.0
15353,21955,12,48324,40,0,0.0,0,0.0
15354,21955,12,48324,50,0,0.0,0,0.0
15355,21955,13,52351,10,0,0.0,0,0.0
15356,21955,13,52351,20,0,0.0,0,0.0
15357,21955,13,52351,30,0,0.0,0,0.0
15358,21955,13,52351,40,0,0.0,0,0.0
15359,21955,13,52351,50,0,0.0,0,0.0
15360,21955,14,56378,10,0,0.0,0,0.0
15361,21955,14,56378,20,0,0.0,0,0.0
15362,21955,14,56378,30,0,0.0,0,0.0
15363,21955,14,56378,40,0,0.0,0,0.0
15364,21955,14,56378,50,0,0.0,0,0.0
15365,21955,15,60405,10,0,0.0,0,0.0
15366,21955,15,60405,20,0,0.0,0,0.0
15367,21955,15,60405,30,0,0.0,0,0.0
15368,21955,15,60405,40,0,0.0,0,0.0
15369,21955,15,60405,50,0,0.0,0,0.0
15370,21955,16,64432,10,0,0.0,0,0.0
15371,21955,16,64432,20,0,0.0,0,0.0
15372,21955,16,64432,30,0,0.0,0,0.0
15373,21955,16,64432,40,0,0.0,0,0.0
15374,21955,16,64432,50,0,0.0,0,0.0
15375,21955,17,68459,10,0,0.0,0,0.0
15376,21955,17,68459,20,0,0.0,0,0.0
15377,21955,17,68459,30,0,0.0,0,0.0
15378,21955,17,68459,40,0,0.0,0,0.0
15379,21955,17,68459,50,0,0.0,0,0.0
15380,21955,18,72486,10,0,0.0,0,0.0
15381,21955,18,72486,20,0,0.0,0,0.0
15382,21955,18,72486,30,0,0.0,0,0.0
15383,21955,18,72486,40,0,0.0,0,0.0
15384,21955,18,72486,50,0,0.0,0,0.0
15385,21955,19,76513,10,0,0.0,0,0.0
15386,21955,19,76513,20,0,0.0,0,0.0
15387,21955,19,76513,30,0,0.0,0,0.0
15388,21955,19,76513,40,0,0.0,0,0.0
15389,21955,19,76513,50,0,0.0,0,0.0
15390,21971,1,4027,10,0,0.0,0,0.0
15391,21971,1,4027,20,0,0.0,0,0.0
15392,21971,1,4027,30,0,0.0,0,0.0
15393,21971,1,4027,40,0,0.0,0,0.0
15394,21971,1,4027,50,0,0.0,0,0.0
15395,21971,2,8054,10,0,0.0,0,0.0
15396,21971,2,8054,20,0,0.0,0,0.0
15397,21971,2,8054,30,0,0.0,0,0.0
15398,21971,2,8054,40,0,0.0,0,0.0
15399,21971,2,8054,50,0,0.0,0,0.0
15400,21971,3,12081,10,0,0.0,0,0.0
15401,21971,3,12081,20,0,0.0,0,0.0
15402,21971,3,12081,30,0,0.0,0,0.0
15403,21971,3,12081,40,0,0.0,0,0.0
15404,21971,3,12081,50,0,0.0,0,0.0
15405,21971,4,16108,10,0,0.0,0,0.0
15406,21971,4,16108,20,0,0.0,0,0.0
15407,21971,4,16108,30,0,0.0,0,0.0
15408,21971,4,16108,40,0,0.0,0,0.0
15409,21971,4,16108,50,0,0.0,0,0.0
15410,21971,5,20135,10,0,0.0,0,0.0
15411,21971,5,20135,20,0,0.0,0,0.0
15412,21971,5,20135,30,0,0.0,0,0.0
15413,21971,5,20135,40,0,0.0,0,0.0
15414,21971,5,20135,50,0,0.0,0,0.0
15415,21971,6,24162,10,0,0.0,0,0.0
15416,21971,6,24162,20,0,0.0,0,0.0
15417,21971,6,24162,30,0,0.0,0,0.0
15418,21971,6,24162,40,0,0.0,0,0.0
15419,21971,6,24162,50,0,0.0,0,0.0
15420,21971,7,28189,10,0,0.0,0,0.0
15421,21971,7,28189,20,0,0.0,0,0.0
15422,21971,7,28189,30,0,0.0,0,0.0
15423,21971,7,28189,40,0,0.0,0,0.0
15424,21971,7,28189,50,0,0.0,0,0.0
15425,21971,8,32216,10,0,0.0,0,0.0
15426,21971,8,32216,20,0,0.0,0,0.0
15427,21971,8,32216,30,0,0.0,0,0.0
15428,21971,8,32216,40,0,0.0,0,0.0
15429,21971,8,32216,50,0,0.0,0,0.0
15430,21971,9,36243,10,0,0.0,0,0.0
15431,21971,9,36243,20,0,0.0,0,0.0
15432,21971,9,36243,30,0,0.0,0,0.0
15433,21971,9,36243,40,0,0.0,0,0.0
15434,21971,9,36243,50,0,0.0,0,0.0
15435,21971,10,40270,10,0,0.0,0,0.0
15436,21971,10,40270,20,0,0.0,0,0.0
15437,21971,10,40270,30,0,0.0,0,0.0
15438,21971,10,40270,40,0,0.0,0,0.0
15439,21971,10,40270,50,0,0.0,0,0.0
15440,21971,11,44297,10,0,0.0,0,0.0
15441,21971,11,44297,20,0,0.0,0,0.0
15442,21971,11,44297,30,0,0.0,0,0.0
15443,21971,11,44297,40,0,0.0,0,0.0
15444,21971,11,44297,50,0,0.0,0,0.0
15445,21971,12,48324,10,0,0.0,0,0.0
15446,21971,12,48324,20,0,0.0,0,0.0
15447,21971,12,48324,30,0,0.0,0,0.0
15448,21971,12,48324,40,0,0.0,0,0.0
15449,21971,12,48324,50,0,0.0,0,0.0
15450,21971,13,52351,10,0,0.0,0,0.0
15451,21971,13,52351,20,0,0.0,0,0.0
15452,21971,13,52351,30,0,0.0,0,0.0
15453,21971,13,52351,40,0,0.0,0,0.0
15454,21971,13,52351,50,0,0.0,0,0.0
15455,21971,14,56378,10,0,0.0,0,0.0
15456,21971,14,56378,20,0,0.0,0,0.0
15457,21971,14,56378,30,0,0.0,0,0.0
15458,21971,14,56378,40,0,0.0,0,0.0
15459,21971,14,56378,50,0,0.0,0,0.0
15460,21971,15,60405,10,0,0.0,0,0.0
15461,21971,15,60405,20,0,0.0,0,0.0
15462,21971,15,60405,30,0,0.0,0,0.0
15463,21971,15,60405,40,0,0.0,0,0.0
15464,21971,15,60405,50,0,0.0,0,0.0
15465,21971,16,64432,10,0,0.0,0,0.0
15466,21971,16,64432,20,0,0.0,0,0.0
15467,21971,16,64432,30,0,0.0,0,0.0
15468,21971,16,64432,40,0,0.0,0,0.0
15469,21971,16,64432,50,0,0.0,0,0.0
15470,21971,17,68459,10,0,0.0,0,0.0
15471,21971,17,68459,20,0,0.0,0,0.0
15472,21971,17,68459,30,0,0.0,0,0.0
15473,21971,17,68459,40,0,0.0,0,0.0
15474,21971,17,68459,50,0,0.0,0,0.0
15475,21971,18,72486,10,0,0.0,0,0.0
15476,21971,18,72486,20,0,0.0,0,0.0
15477,21971,18,72486,30,0,0.0,0,0.0
15478,21971,18,72486,40,0,0.0,0,0.0
15479,21971,18,72486,50,0,0.0,0,0.0
15480,21971,19,76513,10,0,0.0,0,0.0
15481,21971,19,76513,20,0,0.0,0,0.0
15482,21971,19,76513,30,0,0.0,0,0.0
15483,21971,19,76513,40,0,0.0,0,0.0
15484,21971,19,76513,50,0,0.0,0,0.0
15485,23445,1,4027,10,6,0.6,2,0.2
15486,23445,1,4027,20,8,0.4,2,0.1
15487,23445,1,4027,30,9,0.3,2,0.06666666666666667
15488,23445,1,4027,40,9,0.225,2,0.05
15489,23445,1,4027,50,11,0.22,2,0.04
15490,23445,2,8054,10,6,0.6,2,0.2
15491,23445,2,8054,20,8,0.4,2,0.1
15492,23445,2,8054,30,9,0.3,2,0.06666666666666667
15493,23445,2,8054,40,9,0.225,2,0.05
15494,23445,2,8054,50,10,0.2,2,0.04
15495,23445,3,12081,10,6,0.6,2,0.2
15496,23445,3,12081,20,8,0.4,2,0.1
15497,23445,3,12081,30,9,0.3,2,0.06666666666666667
15498,23445,3,12081,40,9,0.225,2,0.05
15499,23445,3,12081,50,10,0.2,2,0.04
15500,23445,4,16108,10,6,0.6,2,0.2
15501,23445,4,16108,20,8,0.4,2,0.1
15502,23445,4,16108,30,9,0.3,2,0.06666666666666667
15503,23445,4,16108,40,9,0.225,2,0.05
15504,23445,4,16108,50,9,0.18,2,0.04
15505,23445,5,20135,10,6,0.6,2,0.2
15506,23445,5,20135,20,8,0.4,2,0.1
15507,23445,5,20135,30,9,0.3,2,0.06666666666666667
15508,23445,5,20135,40,9,0.225,2,0.05
15509,23445,5,20135,50,9,0.18,2,0.04
15510,23445,6,24162,10,6,0.6,2,0.2
15511,23445,6,24162,20,8,0.4,2,0.1
15512,23445,6,24162,30,9,0.3,2,0.06666666666666667
15513,23445,6,24162,40,9,0.225,2,0.05
15514,23445,6,24162,50,9,0.18,2,0.04
15515,23445,7,28189,10,6,0.6,2,0.2
15516,23445,7,28189,20,8,0.4,2,0.1
15517,23445,7,28189,30,9,0.3,2,0.06666666666666667
15518,23445,7,28189,40,9,0.225,2,0.05
15519,23445,7,28189,50,9,0.18,2,0.04
15520,23445,8,32216,10,6,0.6,2,0.2
15521,23445,8,32216,20,7,0.35,2,0.1
15522,23445,8,32216,30,9,0.3,2,0.06666666666666667
15523,23445,8,32216,40,9,0.225,2,0.05
15524,23445,8,32216,50,9,0.18,2,0.04
15525,23445,9,36243,10,6,0.6,2,0.2
15526,23445,9,36243,20,7,0.35,2,0.1
15527,23445,9,36243,30,9,0.3,2,0.06666666666666667
15528,23445,9,36243,40,9,0.225,2,0.05
15529,23445,9,36243,50,9,0.18,2,0.04
15530,23445,10,40270,10,6,0.6,2,0.2
15531,23445,10,40270,20,7,0.35,2,0.1
15532,23445,10,40270,30,8,0.26666666666666666,2,0.06666666666666667
15533,23445,10,40270,40,9,0.225,2,0.05
15534,23445,10,40270,50,11,0.22,2,0.04
15535,23445,11,44297,10,6,0.6,2,0.2
15536,23445,11,44297,20,8,0.4,2,0.1
15537,23445,11,44297,30,8,0.26666666666666666,2,0.06666666666666667
15538,23445,11,44297,40,9,0.225,2,0.05
15539,23445,11,44297,50,11,0.22,2,0.04
15540,23445,12,48324,10,6,0.6,2,0.2
15541,23445,12,48324,20,8,0.4,2,0.1
15542,23445,12,48324,30,8,0.26666666666666666,2,0.06666666666666667
15543,23445,12,48324,40,9,0.225,2,0.05
15544,23445,12,48324,50,11,0.22,2,0.04
15545,23445,13,52351,10,6,0.6,2,0.2
15546,23445,13,52351,20,7,0.35,2,0.1
15547,23445,13,52351,30,8,0.26666666666666666,2,0.06666666666666667
15548,23445,13,52351,40,9,0.225,2,0.05
15549,23445,13,52351,50,11,0.22,2,0.04
15550,23445,14,56378,10,6,0.6,2,0.2
15551,23445,14,56378,20,8,0.4,2,0.1
15552,23445,14,56378,30,8,0.26666666666666666,2,0.06666666666666667
15553,23445,14,56378,40,9,0.225,2,0.05
15554,23445,14,56378,50,10,0.2,2,0.04
15555,23445,15,60405,10,6,0.6,2,0.2
15556,23445,15,60405,20,8,0.4,2,0.1
15557,23445,15,60405,30,9,0.3,2,0.06666666666666667
15558,23445,15,60405,40,9,0.225,2,0.05
15559,23445,15,60405,50,10,0.2,2,0.04
15560,23445,16,64432,10,6,0.6,2,0.2
15561,23445,16,64432,20,8,0.4,2,0.1
15562,23445,16,64432,30,9,0.3,2,0.06666666666666667
15563,23445,16,64432,40,9,0.225,2,0.05
15564,23445,16,64432,50,9,0.18,2,0.04
15565,23445,17,68459,10,6,0.6,2,0.2
15566,23445,17,68459,20,8,0.4,2,0.1
15567,23445,17,68459,30,9,0.3,2,0.06666666666666667
15568,23445,17,68459,40,9,0.225,2,0.05
15569,23445,17,68459,50,9,0.18,2,0.04
15570,23445,18,72486,10,6,0.6,2,0.2
15571,23445,18,72486,20,8,0.4,2,0.1
15572,23445,18,72486,30,9,0.3,2,0.06666666666666667
15573,23445,18,72486,40,9,0.225,2,0.05
15574,23445,18,72486,50,10,0.2,2,0.04
15575,23445,19,76513,10,6,0.6,2,0.2
15576,23445,19,76513,20,8,0.4,2,0.1
15577,23445,19,76513,30,9,0.3,2,0.06666666666666667
15578,23445,19,76513,40,9,0.225,2,0.05
15579,23445,19,76513,50,10,0.2,2,0.04
15580,24293,1,4027,10,6,0.6,2,0.2
15581,24293,1,4027,20,7,0.35,2,0.1
15582,24293,1,4027,30,8,0.26666666666666666,3,0.1
15583,24293,1,4027,40,8,0.2,3,0.075
15584,24293,1,4027,50,9,0.18,3,0.06
15585,24293,2,8054,10,6,0.6,2,0.2
15586,24293,2,8054,20,7,0.35,2,0.1
15587,24293,2,8054,30,8,0.26666666666666666,3,0.1
15588,24293,2,8054,40,8,0.2,3,0.075
15589,24293,2,8054,50,8,0.16,3,0.06
15590,24293,3,12081,10,6,0.6,2,0.2
15591,24293,3,12081,20,7,0.35,3,0.15
15592,24293,3,12081,30,8,0.26666666666666666,3,0.1
15593,24293,3,12081,40,8,0.2,3,0.075
15594,24293,3,12081,50,9,0.18,4,0.08
15595,24293,4,16108,10,6,0.6,2,0.2
15596,24293,4,16108,20,7,0.35,3,0.15
15597,24293,4,16108,30,8,0.26666666666666666,3,0.1
15598,24293,4,16108,40,8,0.2,3,0.075
15599,24293,4,16108,50,9,0.18,4,0.08
15600,24293,5,20135,10,6,0.6,2,0.2
15601,24293,5,20135,20,7,0.35,3,0.15
15602,24293,5,20135,30,8,0.26666666666666666,3,0.1
15603,24293,5,20135,40,8,0.2,3,0.075
15604,24293,5,20135,50,9,0.18,4,0.08
15605,24293,6,24162,10,6,0.6,2,0.2
15606,24293,6,24162,20,7,0.35,3,0.15
15607,24293,6,24162,30,8,0.26666666666666666,3,0.1
15608,24293,6,24162,40,8,0.2,3,0.075
15609,24293,6,24162,50,9,0.18,4,0.08
15610,24293,7,28189,10,6,0.6,2,0.2
15611,24293,7,28189,20,7,0.35,3,0.15
15612,24293,7,28189,30,8,0.26666666666666666,3,0.1
15613,24293,7,28189,40,8,0.2,3,0.075
15614,24293,7,28189,50,9,0.18,4,0.08
15615,24293,8,32216,10,6,0.6,2,0.2
15616,24293,8,32216,20,7,0.35,3,0.15
15617,24293,8,32216,30,8,0.26666666666666666,3,0.1
15618,24293,8,32216,40,8,0.2,3,0.075
15619,24293,8,32216,50,9,0.18,4,0.08
15620,24293,9,36243,10,6,0.6,2,0.2
15621,24293,9,36243,20,7,0.35,2,0.1
15622,24293,9,36243,30,8,0.26666666666666666,3,0.1
15623,24293,9,36243,40,8,0.2,3,0.075
15624,24293,9,36243,50,9,0.18,4,0.08
15625,24293,10,40270,10,6,0.6,2,0.2
15626,24293,10,40270,20,7,0.35,3,0.15
15627,24293,10,40270,30,7,0.23333333333333334,3,0.1
15628,24293,10,40270,40,8,0.2,3,0.075
15629,24293,10,40270,50,9,0.18,4,0.08
15630,24293,11,44297,10,6,0.6,2,0.2
15631,24293,11,44297,20,7,0.35,3,0.15
15632,24293,11,44297,30,7,0.23333333333333334,3,0.1
15633,24293,11,44297,40,8,0.2,3,0.075
15634,24293,11,44297,50,9,0.18,4,0.08
15635,24293,12,48324,10,6,0.6,2,0.2
15636,24293,12,48324,20,7,0.35,3,0.15
15637,24293,12,48324,30,7,0.23333333333333334,3,0.1
15638,24293,12,48324,40,8,0.2,3,0.075
15639,24293,12,48324,50,9,0.18,4,0.08
15640,24293,13,52351,10,6,0.6,2,0.2
15641,24293,13,52351,20,7,0.35,3,0.15
15642,24293,13,52351,30,7,0.23333333333333334,3,0.1
15643,24293,13,52351,40,8,0.2,3,0.075
15644,24293,13,52351,50,9,0.18,4,0.08
15645,24293,14,56378,10,6,0.6,2,0.2
15646,24293,14,56378,20,7,0.35,3,0.15
15647,24293,14,56378,30,7,0.23333333333333334,3,0.1
15648,24293,14,56378,40,8,0.2,3,0.075
15649,24293,14,56378,50,9,0.18,4,0.08
15650,24293,15,60405,10,6,0.6,2,0.2
15651,24293,15,60405,20,7,0.35,3,0.15
15652,24293,15,60405,30,7,0.23333333333333334,3,0.1
15653,24293,15,60405,40,8,0.2,3,0.075
15654,24293,15,60405,50,9,0.18,4,0.08
15655,24293,16,64432,10,6,0.6,2,0.2
15656,24293,16,64432,20,7,0.35,3,0.15
15657,24293,16,64432,30,7,0.23333333333333334,3,0.1
15658,24293,16,64432,40,8,0.2,3,0.075
15659,24293,16,64432,50,9,0.18,4,0.08
15660,24293,17,68459,10,6,0.6,2,0.2
15661,24293,17,68459,20,7,0.35,3,0.15
15662,24293,17,68459,30,7,0.23333333333333334,3,0.1
15663,24293,17,68459,40,8,0.2,3,0.075
15664,24293,17,68459,50,9,0.18,4,0.08
15665,24293,18,72486,10,6,0.6,2,0.2
15666,24293,18,72486,20,7,0.35,3,0.15
15667,24293,18,72486,30,7,0.23333333333333334,3,0.1
15668,24293,18,72486,40,8,0.2,3,0.075
15669,24293,18,72486,50,9,0.18,4,0.08
15670,24293,19,76513,10,6,0.6,2,0.2
15671,24293,19,76513,20,7,0.35,3,0.15
15672,24293,19,76513,30,7,0.23333333333333334,3,0.1
15673,24293,19,76513,40,8,0.2,3,0.075
15674,24293,19,76513,50,9,0.18,4,0.08
15675,25401,1,4027,10,0,0.0,0,0.0
15676,25401,1,4027,20,0,0.0,0,0.0
15677,25401,1,4027,30,1,0.03333333333333333,1,0.03333333333333333
15678,25401,1,4027,40,2,0.05,2,0.05
15679,25401,1,4027,50,2,0.04,2,0.04
15680,25401,2,8054,10,0,0.0,0,0.0
15681,25401,2,8054,20,0,0.0,0,0.0
15682,25401,2,8054,30,0,0.0,0,0.0
15683,25401,2,8054,40,0,0.0,0,0.0
15684,25401,2,8054,50,1,0.02,1,0.02
15685,25401,3,12081,10,0,0.0,0,0.0
15686,25401,3,12081,20,0,0.0,0,0.0
15687,25401,3,12081,30,1,0.03333333333333333,0,0.0
15688,25401,3,12081,40,1,0.025,0,0.0
15689,25401,3,12081,50,2,0.04,0,0.0
15690,25401,4,16108,10,0,0.0,0,0.0
15691,25401,4,16108,20,0,0.0,0,0.0
15692,25401,4,16108,30,1,0.03333333333333333,0,0.0
15693,25401,4,16108,40,3,0.075,0,0.0
15694,25401,4,16108,50,5,0.1,0,0.0
15695,25401,5,20135,10,0,0.0,0,0.0
15696,25401,5,20135,20,0,0.0,0,0.0
15697,25401,5,20135,30,2,0.06666666666666667,1,0.03333333333333333
15698,25401,5,20135,40,4,0.1,1,0.025
15699,25401,5,20135,50,5,0.1,1,0.02
15700,25401,6,24162,10,0,0.0,0,0.0
15701,25401,6,24162,20,0,0.0,0,0.0
15702,25401,6,24162,30,1,0.03333333333333333,1,0.03333333333333333
15703,25401,6,24162,40,4,0.1,2,0.05
15704,25401,6,24162,50,5,0.1,2,0.04
15705,25401,7,28189,10,0,0.0,0,0.0
15706,25401,7,28189,20,0,0.0,0,0.0
15707,25401,7,28189,30,2,0.06666666666666667,1,0.03333333333333333
15708,25401,7,28189,40,4,0.1,2,0.05
15709,25401,7,28189,50,6,0.12,2,0.04
15710,25401,8,32216,10,0,0.0,0,0.0
15711,25401,8,32216,20,0,0.0,0,0.0
15712,25401,8,32216,30,0,0.0,0,0.0
15713,25401,8,32216,40,1,0.025,1,0.025
15714,25401,8,32216,50,1,0.02,1,0.02
15715,25401,9,36243,10,0,0.0,0,0.0
15716,25401,9,36243,20,0,0.0,0,0.0
15717,25401,9,36243,30,0,0.0,0,0.0
15718,25401,9,36243,40,1,0.025,1,0.025
15719,25401,9,36243,50,1,0.02,1,0.02
15720,25401,10,40270,10,0,0.0,0,0.0
15721,25401,10,40270,20,0,0.0,0,0.0
15722,25401,10,40270,30,0,0.0,0,0.0
15723,25401,10,40270,40,0,0.0,0,0.0
15724,25401,10,40270,50,1,0.02,1,0.02
15725,25401,11,44297,10,0,0.0,0,0.0
15726,25401,11,44297,20,0,0.0,0,0.0
15727,25401,11,44297,30,0,0.0,0,0.0
15728,25401,11,44297,40,0,0.0,0,0.0
15729,25401,11,44297,50,1,0.02,1,0.02
15730,25401,12,48324,10,0,0.0,0,0.0
15731,25401,12,48324,20,0,0.0,0,0.0
15732,25401,12,48324,30,0,0.0,0,0.0
15733,25401,12,48324,40,0,0.0,0,0.0
15734,25401,12,48324,50,1,0.02,1,0.02
15735,25401,13,52351,10,0,0.0,0,0.0
15736,25401,13,52351,20,0,0.0,0,0.0
15737,25401,13,52351,30,0,0.0,0,0.0
15738,25401,13,52351,40,0,0.0,0,0.0
15739,25401,13,52351,50,1,0.02,1,0.02
15740,25401,14,56378,10,0,0.0,0,0.0
15741,25401,14,56378,20,0,0.0,0,0.0
15742,25401,14,56378,30,0,0.0,0,0.0
15743,25401,14,56378,40,0,0.0,0,0.0
15744,25401,14,56378,50,1,0.02,1,0.02
15745,25401,15,60405,10,0,0.0,0,0.0
15746,25401,15,60405,20,0,0.0,0,0.0
15747,25401,15,60405,30,0,0.0,0,0.0
15748,25401,15,60405,40,0,0.0,0,0.0
15749,25401,15,60405,50,1,0.02,1,0.02
15750,25401,16,64432,10,0,0.0,0,0.0
15751,25401,16,64432,20,0,0.0,0,0.0
15752,25401,16,64432,30,0,0.0,0,0.0
15753,25401,16,64432,40,0,0.0,0,0.0
15754,25401,16,64432,50,1,0.02,1,0.02
15755,25401,17,68459,10,0,0.0,0,0.0
15756,25401,17,68459,20,0,0.0,0,0.0
15757,25401,17,68459,30,0,0.0,0,0.0
15758,25401,17,68459,40,0,0.0,0,0.0
15759,25401,17,68459,50,1,0.02,1,0.02
15760,25401,18,72486,10,0,0.0,0,0.0
15761,25401,18,72486,20,0,0.0,0,0.0
15762,25401,18,72486,30,0,0.0,0,0.0
15763,25401,18,72486,40,0,0.0,0,0.0
15764,25401,18,72486,50,1,0.02,1,0.02
15765,25401,19,76513,10,0,0.0,0,0.0
15766,25401,19,76513,20,0,0.0,0,0.0
15767,25401,19,76513,30,0,0.0,0,0.0
15768,25401,19,76513,40,0,0.0,0,0.0
15769,25401,19,76513,50,0,0.0,0,0.0
15770,25437,1,4027,10,3,0.3,0,0.0
15771,25437,1,4027,20,4,0.2,0,0.0
15772,25437,1,4027,30,6,0.2,0,0.0
15773,25437,1,4027,40,6,0.15,0,0.0
15774,25437,1,4027,50,6,0.12,0,0.0
15775,25437,2,8054,10,3,0.3,0,0.0
15776,25437,2,8054,20,5,0.25,0,0.0
15777,25437,2,8054,30,6,0.2,0,0.0
15778,25437,2,8054,40,6,0.15,0,0.0
15779,25437,2,8054,50,6,0.12,0,0.0
15780,25437,3,12081,10,3,0.3,0,0.0
15781,25437,3,12081,20,4,0.2,0,0.0
15782,25437,3,12081,30,6,0.2,0,0.0
15783,25437,3,12081,40,6,0.15,0,0.0
15784,25437,3,12081,50,6,0.12,0,0.0
15785,25437,4,16108,10,3,0.3,0,0.0
15786,25437,4,16108,20,4,0.2,0,0.0
15787,25437,4,16108,30,6,0.2,0,0.0
15788,25437,4,16108,40,6,0.15,0,0.0
15789,25437,4,16108,50,6,0.12,0,0.0
15790,25437,5,20135,10,3,0.3,0,0.0
15791,25437,5,20135,20,4,0.2,0,0.0
15792,25437,5,20135,30,6,0.2,0,0.0
15793,25437,5,20135,40,6,0.15,0,0.0
15794,25437,5,20135,50,6,0.12,0,0.0
15795,25437,6,24162,10,3,0.3,0,0.0
15796,25437,6,24162,20,4,0.2,0,0.0
15797,25437,6,24162,30,6,0.2,0,0.0
15798,25437,6,24162,40,6,0.15,0,0.0
15799,25437,6,24162,50,6,0.12,0,0.0
15800,25437,7,28189,10,3,0.3,0,0.0
15801,25437,7,28189,20,4,0.2,0,0.0
15802,25437,7,28189,30,6,0.2,0,0.0
15803,25437,7,28189,40,6,0.15,0,0.0
15804,25437,7,28189,50,6,0.12,0,0.0
15805,25437,8,32216,10,3,0.3,0,0.0
15806,25437,8,32216,20,4,0.2,0,0.0
15807,25437,8,32216,30,6,0.2,0,0.0
15808,25437,8,32216,40,6,0.15,0,0.0
15809,25437,8,32216,50,6,0.12,0,0.0
15810,25437,9,36243,10,4,0.4,0,0.0
15811,25437,9,36243,20,4,0.2,0,0.0
15812,25437,9,36243,30,6,0.2,0,0.0
15813,25437,9,36243,40,6,0.15,0,0.0
15814,25437,9,36243,50,6,0.12,0,0.0
15815,25437,10,40270,10,4,0.4,0,0.0
15816,25437,10,40270,20,4,0.2,0,0.0
15817,25437,10,40270,30,6,0.2,0,0.0
15818,25437,10,40270,40,6,0.15,0,0.0
15819,25437,10,40270,50,6,0.12,0,0.0
15820,25437,11,44297,10,4,0.4,0,0.0
15821,25437,11,44297,20,4,0.2,0,0.0
15822,25437,11,44297,30,6,0.2,0,0.0
15823,25437,11,44297,40,6,0.15,0,0.0
15824,25437,11,44297,50,6,0.12,0,0.0
15825,25437,12,48324,10,4,0.4,0,0.0
15826,25437,12,48324,20,4,0.2,0,0.0
15827,25437,12,48324,30,6,0.2,0,0.0
15828,25437,12,48324,40,6,0.15,0,0.0
15829,25437,12,48324,50,6,0.12,0,0.0
15830,25437,13,52351,10,4,0.4,0,0.0
15831,25437,13,52351,20,4,0.2,0,0.0
15832,25437,13,52351,30,6,0.2,0,0.0
15833,25437,13,52351,40,6,0.15,0,0.0
15834,25437,13,52351,50,6,0.12,0,0.0
15835,25437,14,56378,10,4,0.4,0,0.0
15836,25437,14,56378,20,4,0.2,0,0.0
15837,25437,14,56378,30,6,0.2,0,0.0
15838,25437,14,56378,40,6,0.15,0,0.0
15839,25437,14,56378,50,6,0.12,0,0.0
15840,25437,15,60405,10,4,0.4,0,0.0
15841,25437,15,60405,20,4,0.2,0,0.0
15842,25437,15,60405,30,6,0.2,0,0.0
15843,25437,15,60405,40,6,0.15,0,0.0
15844,25437,15,60405,50,6,0.12,0,0.0
15845,25437,16,64432,10,4,0.4,0,0.0
15846,25437,16,64432,20,4,0.2,0,0.0
15847,25437,16,64432,30,6,0.2,0,0.0
15848,25437,16,64432,40,6,0.15,0,0.0
15849,25437,16,64432,50,6,0.12,0,0.0
15850,25437,17,68459,10,3,0.3,0,0.0
15851,25437,17,68459,20,4,0.2,0,0.0
15852,25437,17,68459,30,6,0.2,0,0.0
15853,25437,17,68459,40,6,0.15,0,0.0
15854,25437,17,68459,50,6,0.12,0,0.0
15855,25437,18,72486,10,4,0.4,0,0.0
15856,25437,18,72486,20,4,0.2,0,0.0
15857,25437,18,72486,30,6,0.2,0,0.0
15858,25437,18,72486,40,6,0.15,0,0.0
15859,25437,18,72486,50,6,0.12,0,0.0
15860,25437,19,76513,10,3,0.3,0,0.0
15861,25437,19,76513,20,4,0.2,0,0.0
15862,25437,19,76513,30,6,0.2,0,0.0
15863,25437,19,76513,40,6,0.15,0,0.0
15864,25437,19,76513,50,6,0.12,0,0.0
15865,25817,1,4027,10,2,0.2,3,0.3
15866,25817,1,4027,20,6,0.3,7,0.35
15867,25817,1,4027,30,8,0.26666666666666666,7,0.23333333333333334
15868,25817,1,4027,40,9,0.225,7,0.175
15869,25817,1,4027,50,9,0.18,7,0.14
15870,25817,2,8054,10,7,0.7,5,0.5
15871,25817,2,8054,20,9,0.45,5,0.25
15872,25817,2,8054,30,10,0.3333333333333333,5,0.16666666666666666
15873,25817,2,8054,40,10,0.25,5,0.125
15874,25817,2,8054,50,10,0.2,5,0.1
15875,25817,3,12081,10,1,0.1,1,0.1
15876,25817,3,12081,20,2,0.1,3,0.15
15877,25817,3,12081,30,2,0.06666666666666667,3,0.1
15878,25817,3,12081,40,2,0.05,3,0.075
15879,25817,3,12081,50,3,0.06,4,0.08
15880,25817,4,16108,10,1,0.1,1,0.1
15881,25817,4,16108,20,2,0.1,3,0.15
15882,25817,4,16108,30,2,0.06666666666666667,3,0.1
15883,25817,4,16108,40,2,0.05,3,0.075
15884,25817,4,16108,50,3,0.06,4,0.08
15885,25817,5,20135,10,1,0.1,1,0.1
15886,25817,5,20135,20,2,0.1,3,0.15
15887,25817,5,20135,30,2,0.06666666666666667,3,0.1
15888,25817,5,20135,40,2,0.05,3,0.075
15889,25817,5,20135,50,3,0.06,4,0.08
15890,25817,6,24162,10,1,0.1,1,0.1
15891,25817,6,24162,20,2,0.1,3,0.15
15892,25817,6,24162,30,2,0.06666666666666667,3,0.1
15893,25817,6,24162,40,2,0.05,3,0.075
15894,25817,6,24162,50,3,0.06,4,0.08
15895,25817,7,28189,10,1,0.1,1,0.1
15896,25817,7,28189,20,2,0.1,3,0.15
15897,25817,7,28189,30,2,0.06666666666666667,3,0.1
15898,25817,7,28189,40,2,0.05,3,0.075
15899,25817,7,28189,50,3,0.06,4,0.08
15900,25817,8,32216,10,1,0.1,1,0.1
15901,25817,8,32216,20,2,0.1,3,0.15
15902,25817,8,32216,30,2,0.06666666666666667,3,0.1
15903,25817,8,32216,40,2,0.05,3,0.075
15904,25817,8,32216,50,3,0.06,4,0.08
15905,25817,9,36243,10,1,0.1,1,0.1
15906,25817,9,36243,20,2,0.1,3,0.15
15907,25817,9,36243,30,2,0.06666666666666667,3,0.1
15908,25817,9,36243,40,2,0.05,3,0.075
15909,25817,9,36243,50,3,0.06,4,0.08
15910,25817,10,40270,10,1,0.1,1,0.1
15911,25817,10,40270,20,2,0.1,3,0.15
15912,25817,10,40270,30,2,0.06666666666666667,3,0.1
15913,25817,10,40270,40,2,0.05,3,0.075
15914,25817,10,40270,50,3,0.06,4,0.08
15915,25817,11,44297,10,1,0.1,1,0.1
15916,25817,11,44297,20,2,0.1,3,0.15
15917,25817,11,44297,30,2,0.06666666666666667,3,0.1
15918,25817,11,44297,40,2,0.05,3,0.075
15919,25817,11,44297,50,3,0.06,4,0.08
15920,25817,12,48324,10,0,0.0,1,0.1
15921,25817,12,48324,20,2,0.1,3,0.15
15922,25817,12,48324,30,6,0.2,7,0.23333333333333334
15923,25817,12,48324,40,7,0.175,8,0.2
15924,25817,12,48324,50,8,0.16,8,0.16
15925,25817,13,52351,10,0,0.0,1,0.1
15926,25817,13,52351,20,2,0.1,3,0.15
15927,25817,13,52351,30,7,0.23333333333333334,8,0.26666666666666666
15928,25817,13,52351,40,7,0.175,8,0.2
15929,25817,13,52351,50,9,0.18,8,0.16
15930,25817,14,56378,10,0,0.0,1,0.1
15931,25817,14,56378,20,2,0.1,3,0.15
15932,25817,14,56378,30,7,0.23333333333333334,8,0.26666666666666666
15933,25817,14,56378,40,9,0.225,8,0.2
15934,25817,14,56378,50,9,0.18,8,0.16
15935,25817,15,60405,10,0,0.0,1,0.1
15936,25817,15,60405,20,2,0.1,3,0.15
15937,25817,15,60405,30,7,0.23333333333333334,8,0.26666666666666666
15938,25817,15,60405,40,9,0.225,8,0.2
15939,25817,15,60405,50,9,0.18,8,0.16
15940,25817,16,64432,10,0,0.0,1,0.1
15941,25817,16,64432,20,2,0.1,3,0.15
15942,25817,16,64432,30,7,0.23333333333333334,8,0.26666666666666666
15943,25817,16,64432,40,9,0.225,8,0.2
15944,25817,16,64432,50,9,0.18,8,0.16
15945,25817,17,68459,10,0,0.0,1,0.1
15946,25817,17,68459,20,1,0.05,2,0.1
15947,25817,17,68459,30,7,0.23333333333333334,8,0.26666666666666666
15948,25817,17,68459,40,8,0.2,8,0.2
15949,25817,17,68459,50,9,0.18,8,0.16
15950,25817,18,72486,10,0,0.0,1,0.1
15951,25817,18,72486,20,1,0.05,2,0.1
15952,25817,18,72486,30,7,0.23333333333333334,8,0.26666666666666666
15953,25817,18,72486,40,8,0.2,8,0.2
15954,25817,18,72486,50,9,0.18,8,0.16
15955,25817,19,76513,10,0,0.0,1,0.1
15956,25817,19,76513,20,3,0.15,4,0.2
15957,25817,19,76513,30,9,0.3,8,0.26666666666666666
15958,25817,19,76513,40,9,0.225,8,0.2
15959,25817,19,76513,50,9,0.18,8,0.16
15960,26063,1,4027,10,0,0.0,0,0.0
15961,26063,1,4027,20,0,0.0,0,0.0
15962,26063,1,4027,30,1,0.03333333333333333,0,0.0
15963,26063,1,4027,40,1,0.025,0,0.0
15964,26063,1,4027,50,1,0.02,0,0.0
15965,26063,2,8054,10,0,0.0,0,0.0
15966,26063,2,8054,20,0,0.0,0,0.0
15967,26063,2,8054,30,1,0.03333333333333333,0,0.0
15968,26063,2,8054,40,1,0.025,0,0.0
15969,26063,2,8054,50,1,0.02,0,0.0
15970,26063,3,12081,10,1,0.1,1,0.1
15971,26063,3,12081,20,1,0.05,1,0.05
15972,26063,3,12081,30,1,0.03333333333333333,1,0.03333333333333333
15973,26063,3,12081,40,1,0.025,1,0.025
15974,26063,3,12081,50,1,0.02,2,0.04
15975,26063,4,16108,10,2,0.2,1,0.1
15976,26063,4,16108,20,2,0.1,1,0.05
15977,26063,4,16108,30,2,0.06666666666666667,1,0.03333333333333333
15978,26063,4,16108,40,3,0.075,1,0.025
15979,26063,4,16108,50,3,0.06,1,0.02
15980,26063,5,20135,10,2,0.2,1,0.1
15981,26063,5,20135,20,2,0.1,1,0.05
15982,26063,5,20135,30,2,0.06666666666666667,1,0.03333333333333333
15983,26063,5,20135,40,3,0.075,1,0.025
15984,26063,5,20135,50,3,0.06,2,0.04
15985,26063,6,24162,10,2,0.2,0,0.0
15986,26063,6,24162,20,2,0.1,1,0.05
15987,26063,6,24162,30,2,0.06666666666666667,1,0.03333333333333333
15988,26063,6,24162,40,3,0.075,1,0.025
15989,26063,6,24162,50,3,0.06,1,0.02
15990,26063,7,28189,10,1,0.1,0,0.0
15991,26063,7,28189,20,2,0.1,0,0.0
15992,26063,7,28189,30,3,0.1,0,0.0
15993,26063,7,28189,40,3,0.075,2,0.05
15994,26063,7,28189,50,4,0.08,2,0.04
15995,26063,8,32216,10,1,0.1,0,0.0
15996,26063,8,32216,20,1,0.05,0,0.0
15997,26063,8,32216,30,3,0.1,0,0.0
15998,26063,8,32216,40,3,0.075,1,0.025
15999,26063,8,32216,50,4,0.08,1,0.02
16000,26063,9,36243,10,1,0.1,0,0.0
16001,26063,9,36243,20,1,0.05,0,0.0
16002,26063,9,36243,30,2,0.06666666666666667,0,0.0
16003,26063,9,36243,40,4,0.1,1,0.025
16004,26063,9,36243,50,4,0.08,1,0.02
16005,26063,10,40270,10,1,0.1,0,0.0
16006,26063,10,40270,20,1,0.05,0,0.0
16007,26063,10,40270,30,2,0.06666666666666667,0,0.0
16008,26063,10,40270,40,4,0.1,1,0.025
16009,26063,10,40270,50,4,0.08,1,0.02
16010,26063,11,44297,10,1,0.1,0,0.0
16011,26063,11,44297,20,1,0.05,0,0.0
16012,26063,11,44297,30,2,0.06666666666666667,0,0.0
16013,26063,11,44297,40,4,0.1,1,0.025
16014,26063,11,44297,50,4,0.08,1,0.02
16015,26063,12,48324,10,1,0.1,0,0.0
16016,26063,12,48324,20,1,0.05,0,0.0
16017,26063,12,48324,30,2,0.06666666666666667,0,0.0
16018,26063,12,48324,40,4,0.1,1,0.025
16019,26063,12,48324,50,4,0.08,1,0.02
16020,26063,13,52351,10,1,0.1,0,0.0
16021,26063,13,52351,20,1,0.05,0,0.0
16022,26063,13,52351,30,3,0.1,0,0.0
16023,26063,13,52351,40,3,0.075,1,0.025
16024,26063,13,52351,50,4,0.08,1,0.02
16025,26063,14,56378,10,1,0.1,0,0.0
16026,26063,14,56378,20,1,0.05,0,0.0
16027,26063,14,56378,30,3,0.1,0,0.0
16028,26063,14,56378,40,3,0.075,1,0.025
16029,26063,14,56378,50,3,0.06,1,0.02
16030,26063,15,60405,10,0,0.0,0,0.0
16031,26063,15,60405,20,1,0.05,0,0.0
16032,26063,15,60405,30,3,0.1,0,0.0
16033,26063,15,60405,40,3,0.075,1,0.025
16034,26063,15,60405,50,3,0.06,1,0.02
16035,26063,16,64432,10,0,0.0,0,0.0
16036,26063,16,64432,20,1,0.05,0,0.0
16037,26063,16,64432,30,3,0.1,0,0.0
16038,26063,16,64432,40,3,0.075,1,0.025
16039,26063,16,64432,50,3,0.06,1,0.02
16040,26063,17,68459,10,0,0.0,0,0.0
16041,26063,17,68459,20,1,0.05,0,0.0
16042,26063,17,68459,30,3,0.1,0,0.0
16043,26063,17,68459,40,3,0.075,1,0.025
16044,26063,17,68459,50,3,0.06,1,0.02
16045,26063,18,72486,10,0,0.0,0,0.0
16046,26063,18,72486,20,1,0.05,0,0.0
16047,26063,18,72486,30,3,0.1,0,0.0
16048,26063,18,72486,40,3,0.075,1,0.025
16049,26063,18,72486,50,3,0.06,1,0.02
16050,26063,19,76513,10,0,0.0,0,0.0
16051,26063,19,76513,20,1,0.05,0,0.0
16052,26063,19,76513,30,3,0.1,0,0.0
16053,26063,19,76513,40,3,0.075,1,0.025
16054,26063,19,76513,50,3,0.06,1,0.02
16055,26639,1,4027,10,8,0.8,6,0.6
16056,26639,1,4027,20,11,0.55,7,0.35
16057,26639,1,4027,30,13,0.43333333333333335,7,0.23333333333333334
16058,26639,1,4027,40,13,0.325,7,0.175
16059,26639,1,4027,50,13,0.26,7,0.14
16060,26639,2,8054,10,8,0.8,6,0.6
16061,26639,2,8054,20,13,0.65,7,0.35
16062,26639,2,8054,30,13,0.43333333333333335,7,0.23333333333333334
16063,26639,2,8054,40,13,0.325,7,0.175
16064,26639,2,8054,50,13,0.26,7,0.14
16065,26639,3,12081,10,8,0.8,6,0.6
16066,26639,3,12081,20,12,0.6,7,0.35
16067,26639,3,12081,30,13,0.43333333333333335,7,0.23333333333333334
16068,26639,3,12081,40,13,0.325,7,0.175
16069,26639,3,12081,50,13,0.26,7,0.14
16070,26639,4,16108,10,7,0.7,6,0.6
16071,26639,4,16108,20,12,0.6,7,0.35
16072,26639,4,16108,30,13,0.43333333333333335,7,0.23333333333333334
16073,26639,4,16108,40,13,0.325,7,0.175
16074,26639,4,16108,50,14,0.28,7,0.14
16075,26639,5,20135,10,7,0.7,6,0.6
16076,26639,5,20135,20,12,0.6,7,0.35
16077,26639,5,20135,30,13,0.43333333333333335,7,0.23333333333333334
16078,26639,5,20135,40,13,0.325,7,0.175
16079,26639,5,20135,50,14,0.28,7,0.14
16080,26639,6,24162,10,8,0.8,6,0.6
16081,26639,6,24162,20,12,0.6,7,0.35
16082,26639,6,24162,30,13,0.43333333333333335,7,0.23333333333333334
16083,26639,6,24162,40,13,0.325,7,0.175
16084,26639,6,24162,50,14,0.28,7,0.14
16085,26639,7,28189,10,8,0.8,6,0.6
16086,26639,7,28189,20,12,0.6,7,0.35
16087,26639,7,28189,30,13,0.43333333333333335,7,0.23333333333333334
16088,26639,7,28189,40,13,0.325,7,0.175
16089,26639,7,28189,50,14,0.28,7,0.14
16090,26639,8,32216,10,8,0.8,6,0.6
16091,26639,8,32216,20,12,0.6,7,0.35
16092,26639,8,32216,30,13,0.43333333333333335,7,0.23333333333333334
16093,26639,8,32216,40,13,0.325,7,0.175
16094,26639,8,32216,50,14,0.28,7,0.14
16095,26639,9,36243,10,8,0.8,6,0.6
16096,26639,9,36243,20,12,0.6,7,0.35
16097,26639,9,36243,30,13,0.43333333333333335,7,0.23333333333333334
16098,26639,9,36243,40,13,0.325,7,0.175
16099,26639,9,36243,50,14,0.28,7,0.14
16100,26639,10,40270,10,8,0.8,6,0.6
16101,26639,10,40270,20,11,0.55,7,0.35
16102,26639,10,40270,30,13,0.43333333333333335,7,0.23333333333333334
16103,26639,10,40270,40,13,0.325,7,0.175
16104,26639,10,40270,50,14,0.28,7,0.14
16105,26639,11,44297,10,8,0.8,6,0.6
16106,26639,11,44297,20,12,0.6,7,0.35
16107,26639,11,44297,30,12,0.4,7,0.23333333333333334
16108,26639,11,44297,40,13,0.325,7,0.175
16109,26639,11,44297,50,14,0.28,7,0.14
16110,26639,12,48324,10,8,0.8,6,0.6
16111,26639,12,48324,20,12,0.6,7,0.35
16112,26639,12,48324,30,12,0.4,7,0.23333333333333334
16113,26639,12,48324,40,13,0.325,7,0.175
16114,26639,12,48324,50,14,0.28,7,0.14
16115,26639,13,52351,10,8,0.8,6,0.6
16116,26639,13,52351,20,12,0.6,7,0.35
16117,26639,13,52351,30,12,0.4,7,0.23333333333333334
16118,26639,13,52351,40,13,0.325,7,0.175
16119,26639,13,52351,50,14,0.28,7,0.14
16120,26639,14,56378,10,8,0.8,6,0.6
16121,26639,14,56378,20,12,0.6,7,0.35
16122,26639,14,56378,30,12,0.4,7,0.23333333333333334
16123,26639,14,56378,40,13,0.325,7,0.175
16124,26639,14,56378,50,14,0.28,7,0.14
16125,26639,15,60405,10,8,0.8,6,0.6
16126,26639,15,60405,20,12,0.6,7,0.35
16127,26639,15,60405,30,12,0.4,7,0.23333333333333334
16128,26639,15,60405,40,13,0.325,7,0.175
16129,26639,15,60405,50,14,0.28,7,0.14
16130,26639,16,64432,10,8,0.8,6,0.6
16131,26639,16,64432,20,12,0.6,7,0.35
16132,26639,16,64432,30,12,0.4,7,0.23333333333333334
16133,26639,16,64432,40,13,0.325,7,0.175
16134,26639,16,64432,50,14,0.28,7,0.14
16135,26639,17,68459,10,8,0.8,6,0.6
16136,26639,17,68459,20,12,0.6,7,0.35
16137,26639,17,68459,30,12,0.4,7,0.23333333333333334
16138,26639,17,68459,40,13,0.325,7,0.175
16139,26639,17,68459,50,14,0.28,7,0.14
16140,26639,18,72486,10,8,0.8,6,0.6
16141,26639,18,72486,20,12,0.6,7,0.35
16142,26639,18,72486,30,12,0.4,7,0.23333333333333334
16143,26639,18,72486,40,13,0.325,7,0.175
16144,26639,18,72486,50,14,0.28,7,0.14
16145,26639,19,76513,10,7,0.7,6,0.6
16146,26639,19,76513,20,12,0.6,7,0.35
16147,26639,19,76513,30,13,0.43333333333333335,7,0.23333333333333334
16148,26639,19,76513,40,13,0.325,7,0.175
16149,26639,19,76513,50,14,0.28,7,0.14
16150,26705,1,4027,10,1,0.1,0,0.0
16151,26705,1,4027,20,3,0.15,2,0.1
16152,26705,1,4027,30,4,0.13333333333333333,2,0.06666666666666667
16153,26705,1,4027,40,5,0.125,2,0.05
16154,26705,1,4027,50,5,0.1,2,0.04
16155,26705,2,8054,10,0,0.0,0,0.0
16156,26705,2,8054,20,0,0.0,0,0.0
16157,26705,2,8054,30,0,0.0,0,0.0
16158,26705,2,8054,40,0,0.0,0,0.0
16159,26705,2,8054,50,0,0.0,0,0.0
16160,26705,3,12081,10,0,0.0,0,0.0
16161,26705,3,12081,20,0,0.0,0,0.0
16162,26705,3,12081,30,0,0.0,0,0.0
16163,26705,3,12081,40,0,0.0,0,0.0
16164,26705,3,12081,50,1,0.02,0,0.0
16165,26705,4,16108,10,1,0.1,0,0.0
16166,26705,4,16108,20,3,0.15,2,0.1
16167,26705,4,16108,30,5,0.16666666666666666,2,0.06666666666666667
16168,26705,4,16108,40,5,0.125,2,0.05
16169,26705,4,16108,50,5,0.1,2,0.04
16170,26705,5,20135,10,1,0.1,0,0.0
16171,26705,5,20135,20,2,0.1,1,0.05
16172,26705,5,20135,30,5,0.16666666666666666,2,0.06666666666666667
16173,26705,5,20135,40,5,0.125,2,0.05
16174,26705,5,20135,50,5,0.1,2,0.04
16175,26705,6,24162,10,1,0.1,0,0.0
16176,26705,6,24162,20,2,0.1,0,0.0
16177,26705,6,24162,30,5,0.16666666666666666,2,0.06666666666666667
16178,26705,6,24162,40,5,0.125,2,0.05
16179,26705,6,24162,50,5,0.1,2,0.04
16180,26705,7,28189,10,1,0.1,0,0.0
16181,26705,7,28189,20,1,0.05,0,0.0
16182,26705,7,28189,30,4,0.13333333333333333,2,0.06666666666666667
16183,26705,7,28189,40,5,0.125,2,0.05
16184,26705,7,28189,50,5,0.1,2,0.04
16185,26705,8,32216,10,1,0.1,0,0.0
16186,26705,8,32216,20,1,0.05,0,0.0
16187,26705,8,32216,30,3,0.1,2,0.06666666666666667
16188,26705,8,32216,40,5,0.125,2,0.05
16189,26705,8,32216,50,5,0.1,2,0.04
16190,26705,9,36243,10,1,0.1,0,0.0
16191,26705,9,36243,20,2,0.1,0,0.0
16192,26705,9,36243,30,2,0.06666666666666667,1,0.03333333333333333
16193,26705,9,36243,40,5,0.125,2,0.05
16194,26705,9,36243,50,5,0.1,2,0.04
16195,26705,10,40270,10,1,0.1,0,0.0
16196,26705,10,40270,20,2,0.1,0,0.0
16197,26705,10,40270,30,5,0.16666666666666666,2,0.06666666666666667
16198,26705,10,40270,40,5,0.125,2,0.05
16199,26705,10,40270,50,5,0.1,2,0.04
16200,26705,11,44297,10,1,0.1,0,0.0
16201,26705,11,44297,20,2,0.1,0,0.0
16202,26705,11,44297,30,4,0.13333333333333333,2,0.06666666666666667
16203,26705,11,44297,40,5,0.125,2,0.05
16204,26705,11,44297,50,5,0.1,2,0.04
16205,26705,12,48324,10,1,0.1,0,0.0
16206,26705,12,48324,20,2,0.1,0,0.0
16207,26705,12,48324,30,4,0.13333333333333333,2,0.06666666666666667
16208,26705,12,48324,40,5,0.125,2,0.05
16209,26705,12,48324,50,5,0.1,2,0.04
16210,26705,13,52351,10,1,0.1,0,0.0
16211,26705,13,52351,20,2,0.1,0,0.0
16212,26705,13,52351,30,4,0.13333333333333333,2,0.06666666666666667
16213,26705,13,52351,40,5,0.125,2,0.05
16214,26705,13,52351,50,5,0.1,2,0.04
16215,26705,14,56378,10,1,0.1,0,0.0
16216,26705,14,56378,20,2,0.1,0,0.0
16217,26705,14,56378,30,5,0.16666666666666666,2,0.06666666666666667
16218,26705,14,56378,40,5,0.125,2,0.05
16219,26705,14,56378,50,5,0.1,2,0.04
16220,26705,15,60405,10,1,0.1,0,0.0
16221,26705,15,60405,20,2,0.1,0,0.0
16222,26705,15,60405,30,4,0.13333333333333333,2,0.06666666666666667
16223,26705,15,60405,40,5,0.125,2,0.05
16224,26705,15,60405,50,5,0.1,2,0.04
16225,26705,16,64432,10,1,0.1,0,0.0
16226,26705,16,64432,20,2,0.1,0,0.0
16227,26705,16,64432,30,4,0.13333333333333333,2,0.06666666666666667
16228,26705,16,64432,40,5,0.125,2,0.05
16229,26705,16,64432,50,5,0.1,2,0.04
16230,26705,17,68459,10,1,0.1,0,0.0
16231,26705,17,68459,20,2,0.1,0,0.0
16232,26705,17,68459,30,5,0.16666666666666666,2,0.06666666666666667
16233,26705,17,68459,40,5,0.125,2,0.05
16234,26705,17,68459,50,5,0.1,2,0.04
16235,26705,18,72486,10,1,0.1,0,0.0
16236,26705,18,72486,20,2,0.1,1,0.05
16237,26705,18,72486,30,5,0.16666666666666666,2,0.06666666666666667
16238,26705,18,72486,40,5,0.125,2,0.05
16239,26705,18,72486,50,5,0.1,2,0.04
16240,26705,19,76513,10,1,0.1,0,0.0
16241,26705,19,76513,20,2,0.1,1,0.05
16242,26705,19,76513,30,5,0.16666666666666666,2,0.06666666666666667
16243,26705,19,76513,40,5,0.125,2,0.05
16244,26705,19,76513,50,5,0.1,2,0.04
16245,30379,1,4027,10,4,0.4,0,0.0
16246,30379,1,4027,20,4,0.2,0,0.0
16247,30379,1,4027,30,4,0.13333333333333333,0,0.0
16248,30379,1,4027,40,5,0.125,0,0.0
16249,30379,1,4027,50,5,0.1,0,0.0
16250,30379,2,8054,10,4,0.4,0,0.0
16251,30379,2,8054,20,4,0.2,0,0.0
16252,30379,2,8054,30,4,0.13333333333333333,0,0.0
16253,30379,2,8054,40,4,0.1,0,0.0
16254,30379,2,8054,50,6,0.12,0,0.0
16255,30379,3,12081,10,4,0.4,0,0.0
16256,30379,3,12081,20,4,0.2,0,0.0
16257,30379,3,12081,30,4,0.13333333333333333,0,0.0
16258,30379,3,12081,40,5,0.125,0,0.0
16259,30379,3,12081,50,5,0.1,0,0.0
16260,30379,4,16108,10,4,0.4,0,0.0
16261,30379,4,16108,20,4,0.2,0,0.0
16262,30379,4,16108,30,4,0.13333333333333333,0,0.0
16263,30379,4,16108,40,5,0.125,0,0.0
16264,30379,4,16108,50,6,0.12,0,0.0
16265,30379,5,20135,10,4,0.4,0,0.0
16266,30379,5,20135,20,4,0.2,0,0.0
16267,30379,5,20135,30,4,0.13333333333333333,0,0.0
16268,30379,5,20135,40,5,0.125,0,0.0
16269,30379,5,20135,50,5,0.1,0,0.0
16270,30379,6,24162,10,4,0.4,0,0.0
16271,30379,6,24162,20,4,0.2,0,0.0
16272,30379,6,24162,30,4,0.13333333333333333,0,0.0
16273,30379,6,24162,40,5,0.125,0,0.0
16274,30379,6,24162,50,5,0.1,0,0.0
16275,30379,7,28189,10,4,0.4,0,0.0
16276,30379,7,28189,20,4,0.2,0,0.0
16277,30379,7,28189,30,4,0.13333333333333333,0,0.0
16278,30379,7,28189,40,5,0.125,0,0.0
16279,30379,7,28189,50,5,0.1,0,0.0
16280,30379,8,32216,10,4,0.4,0,0.0
16281,30379,8,32216,20,4,0.2,0,0.0
16282,30379,8,32216,30,4,0.13333333333333333,0,0.0
16283,30379,8,32216,40,5,0.125,0,0.0
16284,30379,8,32216,50,5,0.1,0,0.0
16285,30379,9,36243,10,4,0.4,0,0.0
16286,30379,9,36243,20,4,0.2,0,0.0
16287,30379,9,36243,30,5,0.16666666666666666,0,0.0
16288,30379,9,36243,40,5,0.125,0,0.0
16289,30379,9,36243,50,5,0.1,0,0.0
16290,30379,10,40270,10,4,0.4,0,0.0
16291,30379,10,40270,20,4,0.2,0,0.0
16292,30379,10,40270,30,5,0.16666666666666666,0,0.0
16293,30379,10,40270,40,5,0.125,0,0.0
16294,30379,10,40270,50,5,0.1,0,0.0
16295,30379,11,44297,10,4,0.4,0,0.0
16296,30379,11,44297,20,4,0.2,0,0.0
16297,30379,11,44297,30,5,0.16666666666666666,0,0.0
16298,30379,11,44297,40,5,0.125,0,0.0
16299,30379,11,44297,50,5,0.1,0,0.0
16300,30379,12,48324,10,4,0.4,0,0.0
16301,30379,12,48324,20,4,0.2,0,0.0
16302,30379,12,48324,30,5,0.16666666666666666,0,0.0
16303,30379,12,48324,40,5,0.125,0,0.0
16304,30379,12,48324,50,5,0.1,0,0.0
16305,30379,13,52351,10,4,0.4,0,0.0
16306,30379,13,52351,20,4,0.2,0,0.0
16307,30379,13,52351,30,5,0.16666666666666666,0,0.0
16308,30379,13,52351,40,5,0.125,0,0.0
16309,30379,13,52351,50,5,0.1,0,0.0
16310,30379,14,56378,10,4,0.4,0,0.0
16311,30379,14,56378,20,4,0.2,0,0.0
16312,30379,14,56378,30,4,0.13333333333333333,0,0.0
16313,30379,14,56378,40,5,0.125,0,0.0
16314,30379,14,56378,50,5,0.1,0,0.0
16315,30379,15,60405,10,4,0.4,0,0.0
16316,30379,15,60405,20,4,0.2,0,0.0
16317,30379,15,60405,30,5,0.16666666666666666,0,0.0
16318,30379,15,60405,40,5,0.125,0,0.0
16319,30379,15,60405,50,5,0.1,0,0.0
16320,30379,16,64432,10,4,0.4,0,0.0
16321,30379,16,64432,20,4,0.2,0,0.0
16322,30379,16,64432,30,4,0.13333333333333333,0,0.0
16323,30379,16,64432,40,5,0.125,0,0.0
16324,30379,16,64432,50,5,0.1,0,0.0
16325,30379,17,68459,10,4,0.4,0,0.0
16326,30379,17,68459,20,4,0.2,0,0.0
16327,30379,17,68459,30,4,0.13333333333333333,0,0.0
16328,30379,17,68459,40,5,0.125,0,0.0
16329,30379,17,68459,50,6,0.12,0,0.0
16330,30379,18,72486,10,4,0.4,0,0.0
16331,30379,18,72486,20,4,0.2,0,0.0
16332,30379,18,72486,30,4,0.13333333333333333,0,0.0
16333,30379,18,72486,40,5,0.125,0,0.0
16334,30379,18,72486,50,6,0.12,0,0.0
16335,30379,19,76513,10,4,0.4,0,0.0
16336,30379,19,76513,20,5,0.25,0,0.0
16337,30379,19,76513,30,5,0.16666666666666666,0,0.0
16338,30379,19,76513,40,6,0.15,0,0.0
16339,30379,19,76513,50,6,0.12,0,0.0
16340,30853,1,4027,10,3,0.3,1,0.1
16341,30853,1,4027,20,3,0.15,2,0.1
16342,30853,1,4027,30,3,0.1,2,0.06666666666666667
16343,30853,1,4027,40,3,0.075,2,0.05
16344,30853,1,4027,50,3,0.06,2,0.04
16345,30853,2,8054,10,3,0.3,1,0.1
16346,30853,2,8054,20,3,0.15,2,0.1
16347,30853,2,8054,30,3,0.1,2,0.06666666666666667
16348,30853,2,8054,40,3,0.075,2,0.05
16349,30853,2,8054,50,3,0.06,2,0.04
16350,30853,3,12081,10,3,0.3,1,0.1
16351,30853,3,12081,20,3,0.15,2,0.1
16352,30853,3,12081,30,3,0.1,2,0.06666666666666667
16353,30853,3,12081,40,3,0.075,2,0.05
16354,30853,3,12081,50,3,0.06,2,0.04
16355,30853,4,16108,10,3,0.3,1,0.1
16356,30853,4,16108,20,3,0.15,2,0.1
16357,30853,4,16108,30,3,0.1,2,0.06666666666666667
16358,30853,4,16108,40,3,0.075,2,0.05
16359,30853,4,16108,50,3,0.06,2,0.04
16360,30853,5,20135,10,3,0.3,1,0.1
16361,30853,5,20135,20,3,0.15,2,0.1
16362,30853,5,20135,30,3,0.1,2,0.06666666666666667
16363,30853,5,20135,40,3,0.075,2,0.05
16364,30853,5,20135,50,3,0.06,2,0.04
16365,30853,6,24162,10,3,0.3,1,0.1
16366,30853,6,24162,20,3,0.15,1,0.05
16367,30853,6,24162,30,3,0.1,2,0.06666666666666667
16368,30853,6,24162,40,3,0.075,2,0.05
16369,30853,6,24162,50,3,0.06,2,0.04
16370,30853,7,28189,10,3,0.3,1,0.1
16371,30853,7,28189,20,3,0.15,2,0.1
16372,30853,7,28189,30,3,0.1,2,0.06666666666666667
16373,30853,7,28189,40,3,0.075,2,0.05
16374,30853,7,28189,50,3,0.06,2,0.04
16375,30853,8,32216,10,3,0.3,1,0.1
16376,30853,8,32216,20,3,0.15,1,0.05
16377,30853,8,32216,30,3,0.1,2,0.06666666666666667
16378,30853,8,32216,40,3,0.075,2,0.05
16379,30853,8,32216,50,3,0.06,2,0.04
16380,30853,9,36243,10,3,0.3,1,0.1
16381,30853,9,36243,20,3,0.15,2,0.1
16382,30853,9,36243,30,3,0.1,2,0.06666666666666667
16383,30853,9,36243,40,3,0.075,2,0.05
16384,30853,9,36243,50,3,0.06,2,0.04
16385,30853,10,40270,10,3,0.3,1,0.1
16386,30853,10,40270,20,3,0.15,1,0.05
16387,30853,10,40270,30,3,0.1,2,0.06666666666666667
16388,30853,10,40270,40,3,0.075,2,0.05
16389,30853,10,40270,50,3,0.06,2,0.04
16390,30853,11,44297,10,3,0.3,1,0.1
16391,30853,11,44297,20,3,0.15,2,0.1
16392,30853,11,44297,30,3,0.1,2,0.06666666666666667
16393,30853,11,44297,40,3,0.075,2,0.05
16394,30853,11,44297,50,3,0.06,2,0.04
16395,30853,12,48324,10,3,0.3,1,0.1
16396,30853,12,48324,20,3,0.15,2,0.1
16397,30853,12,48324,30,3,0.1,2,0.06666666666666667
16398,30853,12,48324,40,3,0.075,2,0.05
16399,30853,12,48324,50,3,0.06,2,0.04
16400,30853,13,52351,10,3,0.3,1,0.1
16401,30853,13,52351,20,3,0.15,2,0.1
16402,30853,13,52351,30,3,0.1,2,0.06666666666666667
16403,30853,13,52351,40,3,0.075,2,0.05
16404,30853,13,52351,50,3,0.06,2,0.04
16405,30853,14,56378,10,3,0.3,1,0.1
16406,30853,14,56378,20,3,0.15,2,0.1
16407,30853,14,56378,30,3,0.1,2,0.06666666666666667
16408,30853,14,56378,40,3,0.075,2,0.05
16409,30853,14,56378,50,3,0.06,2,0.04
16410,30853,15,60405,10,3,0.3,1,0.1
16411,30853,15,60405,20,3,0.15,2,0.1
16412,30853,15,60405,30,3,0.1,2,0.06666666666666667
16413,30853,15,60405,40,3,0.075,2,0.05
16414,30853,15,60405,50,3,0.06,2,0.04
16415,30853,16,64432,10,3,0.3,1,0.1
16416,30853,16,64432,20,3,0.15,2,0.1
16417,30853,16,64432,30,3,0.1,2,0.06666666666666667
16418,30853,16,64432,40,3,0.075,2,0.05
16419,30853,16,64432,50,3,0.06,2,0.04
16420,30853,17,68459,10,3,0.3,1,0.1
16421,30853,17,68459,20,3,0.15,2,0.1
16422,30853,17,68459,30,3,0.1,2,0.06666666666666667
16423,30853,17,68459,40,3,0.075,2,0.05
16424,30853,17,68459,50,3,0.06,2,0.04
16425,30853,18,72486,10,3,0.3,1,0.1
16426,30853,18,72486,20,3,0.15,2,0.1
16427,30853,18,72486,30,3,0.1,2,0.06666666666666667
16428,30853,18,72486,40,3,0.075,2,0.05
16429,30853,18,72486,50,3,0.06,2,0.04
16430,30853,19,76513,10,3,0.3,1,0.1
16431,30853,19,76513,20,3,0.15,2,0.1
16432,30853,19,76513,30,3,0.1,2,0.06666666666666667
16433,30853,19,76513,40,3,0.075,2,0.05
16434,30853,19,76513,50,3,0.06,2,0.04
16435,31597,1,4027,10,4,0.4,0,0.0
16436,31597,1,4027,20,5,0.25,0,0.0
16437,31597,1,4027,30,6,0.2,0,0.0
16438,31597,1,4027,40,6,0.15,0,0.0
16439,31597,1,4027,50,6,0.12,0,0.0
16440,31597,2,8054,10,4,0.4,0,0.0
16441,31597,2,8054,20,5,0.25,0,0.0
16442,31597,2,8054,30,6,0.2,0,0.0
16443,31597,2,8054,40,6,0.15,0,0.0
16444,31597,2,8054,50,6,0.12,0,0.0
16445,31597,3,12081,10,4,0.4,0,0.0
16446,31597,3,12081,20,5,0.25,0,0.0
16447,31597,3,12081,30,6,0.2,0,0.0
16448,31597,3,12081,40,6,0.15,0,0.0
16449,31597,3,12081,50,6,0.12,0,0.0
16450,31597,4,16108,10,4,0.4,0,0.0
16451,31597,4,16108,20,5,0.25,0,0.0
16452,31597,4,16108,30,6,0.2,0,0.0
16453,31597,4,16108,40,6,0.15,0,0.0
16454,31597,4,16108,50,6,0.12,0,0.0
16455,31597,5,20135,10,4,0.4,0,0.0
16456,31597,5,20135,20,5,0.25,0,0.0
16457,31597,5,20135,30,6,0.2,0,0.0
16458,31597,5,20135,40,6,0.15,0,0.0
16459,31597,5,20135,50,6,0.12,0,0.0
16460,31597,6,24162,10,4,0.4,0,0.0
16461,31597,6,24162,20,5,0.25,0,0.0
16462,31597,6,24162,30,6,0.2,0,0.0
16463,31597,6,24162,40,6,0.15,0,0.0
16464,31597,6,24162,50,6,0.12,0,0.0
16465,31597,7,28189,10,4,0.4,0,0.0
16466,31597,7,28189,20,5,0.25,0,0.0
16467,31597,7,28189,30,6,0.2,0,0.0
16468,31597,7,28189,40,6,0.15,0,0.0
16469,31597,7,28189,50,6,0.12,0,0.0
16470,31597,8,32216,10,4,0.4,0,0.0
16471,31597,8,32216,20,5,0.25,0,0.0
16472,31597,8,32216,30,6,0.2,0,0.0
16473,31597,8,32216,40,6,0.15,0,0.0
16474,31597,8,32216,50,6,0.12,0,0.0
16475,31597,9,36243,10,4,0.4,0,0.0
16476,31597,9,36243,20,5,0.25,0,0.0
16477,31597,9,36243,30,6,0.2,0,0.0
16478,31597,9,36243,40,6,0.15,0,0.0
16479,31597,9,36243,50,6,0.12,0,0.0
16480,31597,10,40270,10,4,0.4,0,0.0
16481,31597,10,40270,20,5,0.25,0,0.0
16482,31597,10,40270,30,6,0.2,0,0.0
16483,31597,10,40270,40,6,0.15,0,0.0
16484,31597,10,40270,50,6,0.12,0,0.0
16485,31597,11,44297,10,4,0.4,0,0.0
16486,31597,11,44297,20,5,0.25,0,0.0
16487,31597,11,44297,30,6,0.2,0,0.0
16488,31597,11,44297,40,6,0.15,0,0.0
16489,31597,11,44297,50,6,0.12,0,0.0
16490,31597,12,48324,10,4,0.4,0,0.0
16491,31597,12,48324,20,5,0.25,0,0.0
16492,31597,12,48324,30,6,0.2,0,0.0
16493,31597,12,48324,40,6,0.15,0,0.0
16494,31597,12,48324,50,6,0.12,0,0.0
16495,31597,13,52351,10,4,0.4,0,0.0
16496,31597,13,52351,20,5,0.25,0,0.0
16497,31597,13,52351,30,6,0.2,0,0.0
16498,31597,13,52351,40,6,0.15,0,0.0
16499,31597,13,52351,50,6,0.12,0,0.0
16500,31597,14,56378,10,4,0.4,0,0.0
16501,31597,14,56378,20,5,0.25,0,0.0
16502,31597,14,56378,30,6,0.2,0,0.0
16503,31597,14,56378,40,6,0.15,0,0.0
16504,31597,14,56378,50,6,0.12,0,0.0
16505,31597,15,60405,10,4,0.4,0,0.0
16506,31597,15,60405,20,5,0.25,0,0.0
16507,31597,15,60405,30,6,0.2,0,0.0
16508,31597,15,60405,40,6,0.15,0,0.0
16509,31597,15,60405,50,6,0.12,0,0.0
16510,31597,16,64432,10,4,0.4,0,0.0
16511,31597,16,64432,20,5,0.25,0,0.0
16512,31597,16,64432,30,6,0.2,0,0.0
16513,31597,16,64432,40,6,0.15,0,0.0
16514,31597,16,64432,50,6,0.12,0,0.0
16515,31597,17,68459,10,4,0.4,0,0.0
16516,31597,17,68459,20,5,0.25,0,0.0
16517,31597,17,68459,30,6,0.2,0,0.0
16518,31597,17,68459,40,6,0.15,0,0.0
16519,31597,17,68459,50,6,0.12,0,0.0
16520,31597,18,72486,10,4,0.4,0,0.0
16521,31597,18,72486,20,5,0.25,0,0.0
16522,31597,18,72486,30,6,0.2,0,0.0
16523,31597,18,72486,40,6,0.15,0,0.0
16524,31597,18,72486,50,6,0.12,0,0.0
16525,31597,19,76513,10,4,0.4,0,0.0
16526,31597,19,76513,20,5,0.25,0,0.0
16527,31597,19,76513,30,6,0.2,0,0.0
16528,31597,19,76513,40,6,0.15,0,0.0
16529,31597,19,76513,50,6,0.12,0,0.0
16530,33051,1,4027,10,0,0.0,0,0.0
16531,33051,1,4027,20,1,0.05,0,0.0
16532,33051,1,4027,30,1,0.03333333333333333,0,0.0
16533,33051,1,4027,40,2,0.05,1,0.025
16534,33051,1,4027,50,2,0.04,1,0.02
16535,33051,2,8054,10,0,0.0,0,0.0
16536,33051,2,8054,20,1,0.05,0,0.0
16537,33051,2,8054,30,1,0.03333333333333333,0,0.0
16538,33051,2,8054,40,1,0.025,0,0.0
16539,33051,2,8054,50,2,0.04,1,0.02
16540,33051,3,12081,10,0,0.0,0,0.0
16541,33051,3,12081,20,1,0.05,0,0.0
16542,33051,3,12081,30,1,0.03333333333333333,0,0.0
16543,33051,3,12081,40,1,0.025,0,0.0
16544,33051,3,12081,50,2,0.04,1,0.02
16545,33051,4,16108,10,1,0.1,0,0.0
16546,33051,4,16108,20,1,0.05,0,0.0
16547,33051,4,16108,30,1,0.03333333333333333,0,0.0
16548,33051,4,16108,40,1,0.025,0,0.0
16549,33051,4,16108,50,2,0.04,1,0.02
16550,33051,5,20135,10,1,0.1,0,0.0
16551,33051,5,20135,20,1,0.05,0,0.0
16552,33051,5,20135,30,1,0.03333333333333333,0,0.0
16553,33051,5,20135,40,2,0.05,1,0.025
16554,33051,5,20135,50,2,0.04,1,0.02
16555,33051,6,24162,10,0,0.0,0,0.0
16556,33051,6,24162,20,1,0.05,0,0.0
16557,33051,6,24162,30,1,0.03333333333333333,0,0.0
16558,33051,6,24162,40,1,0.025,0,0.0
16559,33051,6,24162,50,2,0.04,1,0.02
16560,33051,7,28189,10,0,0.0,0,0.0
16561,33051,7,28189,20,1,0.05,0,0.0
16562,33051,7,28189,30,1,0.03333333333333333,0,0.0
16563,33051,7,28189,40,1,0.025,0,0.0
16564,33051,7,28189,50,2,0.04,1,0.02
16565,33051,8,32216,10,0,0.0,0,0.0
16566,33051,8,32216,20,1,0.05,0,0.0
16567,33051,8,32216,30,1,0.03333333333333333,0,0.0
16568,33051,8,32216,40,1,0.025,0,0.0
16569,33051,8,32216,50,2,0.04,1,0.02
16570,33051,9,36243,10,0,0.0,0,0.0
16571,33051,9,36243,20,1,0.05,0,0.0
16572,33051,9,36243,30,1,0.03333333333333333,0,0.0
16573,33051,9,36243,40,1,0.025,0,0.0
16574,33051,9,36243,50,2,0.04,1,0.02
16575,33051,10,40270,10,0,0.0,0,0.0
16576,33051,10,40270,20,1,0.05,0,0.0
16577,33051,10,40270,30,1,0.03333333333333333,0,0.0
16578,33051,10,40270,40,2,0.05,1,0.025
16579,33051,10,40270,50,2,0.04,1,0.02
16580,33051,11,44297,10,0,0.0,0,0.0
16581,33051,11,44297,20,1,0.05,0,0.0
16582,33051,11,44297,30,1,0.03333333333333333,0,0.0
16583,33051,11,44297,40,1,0.025,0,0.0
16584,33051,11,44297,50,2,0.04,1,0.02
16585,33051,12,48324,10,0,0.0,0,0.0
16586,33051,12,48324,20,1,0.05,0,0.0
16587,33051,12,48324,30,1,0.03333333333333333,0,0.0
16588,33051,12,48324,40,1,0.025,0,0.0
16589,33051,12,48324,50,2,0.04,1,0.02
16590,33051,13,52351,10,0,0.0,0,0.0
16591,33051,13,52351,20,1,0.05,0,0.0
16592,33051,13,52351,30,1,0.03333333333333333,0,0.0
16593,33051,13,52351,40,1,0.025,0,0.0
16594,33051,13,52351,50,2,0.04,1,0.02
16595,33051,14,56378,10,0,0.0,0,0.0
16596,33051,14,56378,20,1,0.05,0,0.0
16597,33051,14,56378,30,1,0.03333333333333333,0,0.0
16598,33051,14,56378,40,1,0.025,0,0.0
16599,33051,14,56378,50,2,0.04,1,0.02
16600,33051,15,60405,10,0,0.0,0,0.0
16601,33051,15,60405,20,1,0.05,0,0.0
16602,33051,15,60405,30,1,0.03333333333333333,0,0.0
16603,33051,15,60405,40,1,0.025,0,0.0
16604,33051,15,60405,50,2,0.04,1,0.02
16605,33051,16,64432,10,1,0.1,0,0.0
16606,33051,16,64432,20,1,0.05,0,0.0
16607,33051,16,64432,30,1,0.03333333333333333,0,0.0
16608,33051,16,64432,40,1,0.025,0,0.0
16609,33051,16,64432,50,2,0.04,1,0.02
16610,33051,17,68459,10,0,0.0,0,0.0
16611,33051,17,68459,20,1,0.05,0,0.0
16612,33051,17,68459,30,1,0.03333333333333333,0,0.0
16613,33051,17,68459,40,1,0.025,0,0.0
16614,33051,17,68459,50,2,0.04,1,0.02
16615,33051,18,72486,10,0,0.0,0,0.0
16616,33051,18,72486,20,1,0.05,0,0.0
16617,33051,18,72486,30,1,0.03333333333333333,0,0.0
16618,33051,18,72486,40,1,0.025,0,0.0
16619,33051,18,72486,50,2,0.04,1,0.02
16620,33051,19,76513,10,0,0.0,0,0.0
16621,33051,19,76513,20,1,0.05,0,0.0
16622,33051,19,76513,30,1,0.03333333333333333,0,0.0
16623,33051,19,76513,40,1,0.025,0,0.0
16624,33051,19,76513,50,2,0.04,1,0.02
16625,33995,1,4027,10,1,0.1,0,0.0
16626,33995,1,4027,20,2,0.1,0,0.0
16627,33995,1,4027,30,5,0.16666666666666666,1,0.03333333333333333
16628,33995,1,4027,40,5,0.125,1,0.025
16629,33995,1,4027,50,6,0.12,1,0.02
16630,33995,2,8054,10,1,0.1,0,0.0
16631,33995,2,8054,20,2,0.1,0,0.0
16632,33995,2,8054,30,5,0.16666666666666666,1,0.03333333333333333
16633,33995,2,8054,40,5,0.125,1,0.025
16634,33995,2,8054,50,6,0.12,1,0.02
16635,33995,3,12081,10,1,0.1,0,0.0
16636,33995,3,12081,20,2,0.1,0,0.0
16637,33995,3,12081,30,5,0.16666666666666666,1,0.03333333333333333
16638,33995,3,12081,40,5,0.125,1,0.025
16639,33995,3,12081,50,6,0.12,1,0.02
16640,33995,4,16108,10,1,0.1,0,0.0
16641,33995,4,16108,20,2,0.1,0,0.0
16642,33995,4,16108,30,5,0.16666666666666666,1,0.03333333333333333
16643,33995,4,16108,40,5,0.125,1,0.025
16644,33995,4,16108,50,6,0.12,1,0.02
16645,33995,5,20135,10,1,0.1,0,0.0
16646,33995,5,20135,20,2,0.1,0,0.0
16647,33995,5,20135,30,5,0.16666666666666666,1,0.03333333333333333
16648,33995,5,20135,40,5,0.125,1,0.025
16649,33995,5,20135,50,6,0.12,1,0.02
16650,33995,6,24162,10,1,0.1,0,0.0
16651,33995,6,24162,20,2,0.1,0,0.0
16652,33995,6,24162,30,5,0.16666666666666666,1,0.03333333333333333
16653,33995,6,24162,40,5,0.125,1,0.025
16654,33995,6,24162,50,6,0.12,1,0.02
16655,33995,7,28189,10,1,0.1,0,0.0
16656,33995,7,28189,20,2,0.1,0,0.0
16657,33995,7,28189,30,5,0.16666666666666666,1,0.03333333333333333
16658,33995,7,28189,40,5,0.125,1,0.025
16659,33995,7,28189,50,6,0.12,1,0.02
16660,33995,8,32216,10,1,0.1,0,0.0
16661,33995,8,32216,20,2,0.1,0,0.0
16662,33995,8,32216,30,5,0.16666666666666666,1,0.03333333333333333
16663,33995,8,32216,40,5,0.125,1,0.025
16664,33995,8,32216,50,6,0.12,1,0.02
16665,33995,9,36243,10,1,0.1,0,0.0
16666,33995,9,36243,20,2,0.1,0,0.0
16667,33995,9,36243,30,5,0.16666666666666666,1,0.03333333333333333
16668,33995,9,36243,40,5,0.125,1,0.025
16669,33995,9,36243,50,5,0.1,1,0.02
16670,33995,10,40270,10,1,0.1,0,0.0
16671,33995,10,40270,20,2,0.1,0,0.0
16672,33995,10,40270,30,5,0.16666666666666666,1,0.03333333333333333
16673,33995,10,40270,40,5,0.125,1,0.025
16674,33995,10,40270,50,6,0.12,1,0.02
16675,33995,11,44297,10,1,0.1,0,0.0
16676,33995,11,44297,20,2,0.1,0,0.0
16677,33995,11,44297,30,5,0.16666666666666666,1,0.03333333333333333
16678,33995,11,44297,40,5,0.125,1,0.025
16679,33995,11,44297,50,5,0.1,1,0.02
16680,33995,12,48324,10,1,0.1,0,0.0
16681,33995,12,48324,20,2,0.1,0,0.0
16682,33995,12,48324,30,5,0.16666666666666666,1,0.03333333333333333
16683,33995,12,48324,40,5,0.125,1,0.025
16684,33995,12,48324,50,5,0.1,1,0.02
16685,33995,13,52351,10,1,0.1,0,0.0
16686,33995,13,52351,20,2,0.1,0,0.0
16687,33995,13,52351,30,5,0.16666666666666666,1,0.03333333333333333
16688,33995,13,52351,40,5,0.125,1,0.025
16689,33995,13,52351,50,5,0.1,1,0.02
16690,33995,14,56378,10,1,0.1,0,0.0
16691,33995,14,56378,20,2,0.1,0,0.0
16692,33995,14,56378,30,5,0.16666666666666666,1,0.03333333333333333
16693,33995,14,56378,40,5,0.125,1,0.025
16694,33995,14,56378,50,5,0.1,1,0.02
16695,33995,15,60405,10,1,0.1,0,0.0
16696,33995,15,60405,20,2,0.1,0,0.0
16697,33995,15,60405,30,5,0.16666666666666666,1,0.03333333333333333
16698,33995,15,60405,40,5,0.125,1,0.025
16699,33995,15,60405,50,5,0.1,1,0.02
16700,33995,16,64432,10,1,0.1,0,0.0
16701,33995,16,64432,20,2,0.1,0,0.0
16702,33995,16,64432,30,5,0.16666666666666666,1,0.03333333333333333
16703,33995,16,64432,40,5,0.125,1,0.025
16704,33995,16,64432,50,5,0.1,1,0.02
16705,33995,17,68459,10,1,0.1,0,0.0
16706,33995,17,68459,20,2,0.1,0,0.0
16707,33995,17,68459,30,5,0.16666666666666666,1,0.03333333333333333
16708,33995,17,68459,40,5,0.125,1,0.025
16709,33995,17,68459,50,5,0.1,1,0.02
16710,33995,18,72486,10,1,0.1,0,0.0
16711,33995,18,72486,20,2,0.1,0,0.0
16712,33995,18,72486,30,5,0.16666666666666666,1,0.03333333333333333
16713,33995,18,72486,40,5,0.125,1,0.025
16714,33995,18,72486,50,5,0.1,1,0.02
16715,33995,19,76513,10,1,0.1,0,0.0
16716,33995,19,76513,20,2,0.1,0,0.0
16717,33995,19,76513,30,5,0.16666666666666666,1,0.03333333333333333
16718,33995,19,76513,40,5,0.125,1,0.025
16719,33995,19,76513,50,5,0.1,1,0.02
16720,34209,1,4027,10,2,0.2,0,0.0
16721,34209,1,4027,20,2,0.1,0,0.0
16722,34209,1,4027,30,2,0.06666666666666667,0,0.0
16723,34209,1,4027,40,2,0.05,0,0.0
16724,34209,1,4027,50,2,0.04,0,0.0
16725,34209,2,8054,10,2,0.2,0,0.0
16726,34209,2,8054,20,2,0.1,0,0.0
16727,34209,2,8054,30,2,0.06666666666666667,0,0.0
16728,34209,2,8054,40,2,0.05,0,0.0
16729,34209,2,8054,50,2,0.04,0,0.0
16730,34209,3,12081,10,2,0.2,0,0.0
16731,34209,3,12081,20,2,0.1,0,0.0
16732,34209,3,12081,30,2,0.06666666666666667,0,0.0
16733,34209,3,12081,40,2,0.05,0,0.0
16734,34209,3,12081,50,2,0.04,0,0.0
16735,34209,4,16108,10,2,0.2,0,0.0
16736,34209,4,16108,20,2,0.1,0,0.0
16737,34209,4,16108,30,2,0.06666666666666667,0,0.0
16738,34209,4,16108,40,2,0.05,0,0.0
16739,34209,4,16108,50,2,0.04,0,0.0
16740,34209,5,20135,10,2,0.2,0,0.0
16741,34209,5,20135,20,2,0.1,0,0.0
16742,34209,5,20135,30,2,0.06666666666666667,0,0.0
16743,34209,5,20135,40,2,0.05,0,0.0
16744,34209,5,20135,50,2,0.04,0,0.0
16745,34209,6,24162,10,2,0.2,0,0.0
16746,34209,6,24162,20,2,0.1,0,0.0
16747,34209,6,24162,30,2,0.06666666666666667,0,0.0
16748,34209,6,24162,40,2,0.05,0,0.0
16749,34209,6,24162,50,2,0.04,0,0.0
16750,34209,7,28189,10,2,0.2,0,0.0
16751,34209,7,28189,20,2,0.1,0,0.0
16752,34209,7,28189,30,2,0.06666666666666667,0,0.0
16753,34209,7,28189,40,2,0.05,0,0.0
16754,34209,7,28189,50,2,0.04,0,0.0
16755,34209,8,32216,10,2,0.2,0,0.0
16756,34209,8,32216,20,2,0.1,0,0.0
16757,34209,8,32216,30,2,0.06666666666666667,0,0.0
16758,34209,8,32216,40,2,0.05,0,0.0
16759,34209,8,32216,50,2,0.04,0,0.0
16760,34209,9,36243,10,2,0.2,0,0.0
16761,34209,9,36243,20,2,0.1,0,0.0
16762,34209,9,36243,30,2,0.06666666666666667,0,0.0
16763,34209,9,36243,40,2,0.05,0,0.0
16764,34209,9,36243,50,2,0.04,0,0.0
16765,34209,10,40270,10,2,0.2,0,0.0
16766,34209,10,40270,20,2,0.1,0,0.0
16767,34209,10,40270,30,2,0.06666666666666667,0,0.0
16768,34209,10,40270,40,2,0.05,0,0.0
16769,34209,10,40270,50,2,0.04,0,0.0
16770,34209,11,44297,10,2,0.2,0,0.0
16771,34209,11,44297,20,2,0.1,0,0.0
16772,34209,11,44297,30,2,0.06666666666666667,0,0.0
16773,34209,11,44297,40,2,0.05,0,0.0
16774,34209,11,44297,50,2,0.04,0,0.0
16775,34209,12,48324,10,2,0.2,0,0.0
16776,34209,12,48324,20,2,0.1,0,0.0
16777,34209,12,48324,30,2,0.06666666666666667,0,0.0
16778,34209,12,48324,40,2,0.05,0,0.0
16779,34209,12,48324,50,2,0.04,0,0.0
16780,34209,13,52351,10,2,0.2,0,0.0
16781,34209,13,52351,20,2,0.1,0,0.0
16782,34209,13,52351,30,2,0.06666666666666667,0,0.0
16783,34209,13,52351,40,2,0.05,0,0.0
16784,34209,13,52351,50,2,0.04,0,0.0
16785,34209,14,56378,10,2,0.2,0,0.0
16786,34209,14,56378,20,2,0.1,0,0.0
16787,34209,14,56378,30,2,0.06666666666666667,0,0.0
16788,34209,14,56378,40,2,0.05,0,0.0
16789,34209,14,56378,50,2,0.04,0,0.0
16790,34209,15,60405,10,2,0.2,0,0.0
16791,34209,15,60405,20,2,0.1,0,0.0
16792,34209,15,60405,30,2,0.06666666666666667,0,0.0
16793,34209,15,60405,40,2,0.05,0,0.0
16794,34209,15,60405,50,2,0.04,0,0.0
16795,34209,16,64432,10,2,0.2,0,0.0
16796,34209,16,64432,20,2,0.1,0,0.0
16797,34209,16,64432,30,2,0.06666666666666667,0,0.0
16798,34209,16,64432,40,2,0.05,0,0.0
16799,34209,16,64432,50,2,0.04,0,0.0
16800,34209,17,68459,10,2,0.2,0,0.0
16801,34209,17,68459,20,2,0.1,0,0.0
16802,34209,17,68459,30,2,0.06666666666666667,0,0.0
16803,34209,17,68459,40,2,0.05,0,0.0
16804,34209,17,68459,50,2,0.04,0,0.0
16805,34209,18,72486,10,2,0.2,0,0.0
16806,34209,18,72486,20,2,0.1,0,0.0
16807,34209,18,72486,30,2,0.06666666666666667,0,0.0
16808,34209,18,72486,40,2,0.05,0,0.0
16809,34209,18,72486,50,2,0.04,0,0.0
16810,34209,19,76513,10,2,0.2,0,0.0
16811,34209,19,76513,20,2,0.1,0,0.0
16812,34209,19,76513,30,2,0.06666666666666667,0,0.0
16813,34209,19,76513,40,2,0.05,0,0.0
16814,34209,19,76513,50,2,0.04,0,0.0
16815,34785,1,4027,10,1,0.1,0,0.0
16816,34785,1,4027,20,1,0.05,0,0.0
16817,34785,1,4027,30,1,0.03333333333333333,0,0.0
16818,34785,1,4027,40,1,0.025,0,0.0
16819,34785,1,4027,50,1,0.02,0,0.0
16820,34785,2,8054,10,1,0.1,0,0.0
16821,34785,2,8054,20,1,0.05,0,0.0
16822,34785,2,8054,30,1,0.03333333333333333,0,0.0
16823,34785,2,8054,40,1,0.025,0,0.0
16824,34785,2,8054,50,1,0.02,0,0.0
16825,34785,3,12081,10,1,0.1,0,0.0
16826,34785,3,12081,20,1,0.05,0,0.0
16827,34785,3,12081,30,1,0.03333333333333333,0,0.0
16828,34785,3,12081,40,1,0.025,0,0.0
16829,34785,3,12081,50,1,0.02,0,0.0
16830,34785,4,16108,10,1,0.1,0,0.0
16831,34785,4,16108,20,1,0.05,0,0.0
16832,34785,4,16108,30,1,0.03333333333333333,0,0.0
16833,34785,4,16108,40,1,0.025,0,0.0
16834,34785,4,16108,50,1,0.02,0,0.0
16835,34785,5,20135,10,1,0.1,0,0.0
16836,34785,5,20135,20,1,0.05,0,0.0
16837,34785,5,20135,30,1,0.03333333333333333,0,0.0
16838,34785,5,20135,40,1,0.025,0,0.0
16839,34785,5,20135,50,1,0.02,0,0.0
16840,34785,6,24162,10,1,0.1,0,0.0
16841,34785,6,24162,20,1,0.05,0,0.0
16842,34785,6,24162,30,1,0.03333333333333333,0,0.0
16843,34785,6,24162,40,1,0.025,0,0.0
16844,34785,6,24162,50,1,0.02,0,0.0
16845,34785,7,28189,10,1,0.1,0,0.0
16846,34785,7,28189,20,1,0.05,0,0.0
16847,34785,7,28189,30,1,0.03333333333333333,0,0.0
16848,34785,7,28189,40,1,0.025,0,0.0
16849,34785,7,28189,50,1,0.02,0,0.0
16850,34785,8,32216,10,1,0.1,0,0.0
16851,34785,8,32216,20,1,0.05,0,0.0
16852,34785,8,32216,30,1,0.03333333333333333,0,0.0
16853,34785,8,32216,40,1,0.025,0,0.0
16854,34785,8,32216,50,1,0.02,0,0.0
16855,34785,9,36243,10,1,0.1,0,0.0
16856,34785,9,36243,20,1,0.05,0,0.0
16857,34785,9,36243,30,1,0.03333333333333333,0,0.0
16858,34785,9,36243,40,1,0.025,0,0.0
16859,34785,9,36243,50,1,0.02,0,0.0
16860,34785,10,40270,10,1,0.1,0,0.0
16861,34785,10,40270,20,1,0.05,0,0.0
16862,34785,10,40270,30,1,0.03333333333333333,0,0.0
16863,34785,10,40270,40,1,0.025,0,0.0
16864,34785,10,40270,50,1,0.02,0,0.0
16865,34785,11,44297,10,1,0.1,0,0.0
16866,34785,11,44297,20,1,0.05,0,0.0
16867,34785,11,44297,30,1,0.03333333333333333,0,0.0
16868,34785,11,44297,40,1,0.025,0,0.0
16869,34785,11,44297,50,1,0.02,0,0.0
16870,34785,12,48324,10,1,0.1,0,0.0
16871,34785,12,48324,20,1,0.05,0,0.0
16872,34785,12,48324,30,1,0.03333333333333333,0,0.0
16873,34785,12,48324,40,1,0.025,0,0.0
16874,34785,12,48324,50,1,0.02,0,0.0
16875,34785,13,52351,10,1,0.1,0,0.0
16876,34785,13,52351,20,1,0.05,0,0.0
16877,34785,13,52351,30,1,0.03333333333333333,0,0.0
16878,34785,13,52351,40,1,0.025,0,0.0
16879,34785,13,52351,50,1,0.02,0,0.0
16880,34785,14,56378,10,1,0.1,0,0.0
16881,34785,14,56378,20,1,0.05,0,0.0
16882,34785,14,56378,30,1,0.03333333333333333,0,0.0
16883,34785,14,56378,40,1,0.025,0,0.0
16884,34785,14,56378,50,1,0.02,0,0.0
16885,34785,15,60405,10,1,0.1,0,0.0
16886,34785,15,60405,20,1,0.05,0,0.0
16887,34785,15,60405,30,1,0.03333333333333333,0,0.0
16888,34785,15,60405,40,1,0.025,0,0.0
16889,34785,15,60405,50,1,0.02,0,0.0
16890,34785,16,64432,10,1,0.1,0,0.0
16891,34785,16,64432,20,1,0.05,0,0.0
16892,34785,16,64432,30,1,0.03333333333333333,0,0.0
16893,34785,16,64432,40,1,0.025,0,0.0
16894,34785,16,64432,50,1,0.02,0,0.0
16895,34785,17,68459,10,1,0.1,0,0.0
16896,34785,17,68459,20,1,0.05,0,0.0
16897,34785,17,68459,30,1,0.03333333333333333,0,0.0
16898,34785,17,68459,40,1,0.025,0,0.0
16899,34785,17,68459,50,1,0.02,0,0.0
16900,34785,18,72486,10,1,0.1,0,0.0
16901,34785,18,72486,20,1,0.05,0,0.0
16902,34785,18,72486,30,1,0.03333333333333333,0,0.0
16903,34785,18,72486,40,1,0.025,0,0.0
16904,34785,18,72486,50,1,0.02,0,0.0
16905,34785,19,76513,10,1,0.1,0,0.0
16906,34785,19,76513,20,1,0.05,0,0.0
16907,34785,19,76513,30,1,0.03333333333333333,0,0.0
16908,34785,19,76513,40,1,0.025,0,0.0
16909,34785,19,76513,50,1,0.02,0,0.0
16910,34855,1,4027,10,2,0.2,0,0.0
16911,34855,1,4027,20,3,0.15,0,0.0
16912,34855,1,4027,30,4,0.13333333333333333,0,0.0
16913,34855,1,4027,40,7,0.175,0,0.0
16914,34855,1,4027,50,10,0.2,0,0.0
16915,34855,2,8054,10,2,0.2,0,0.0
16916,34855,2,8054,20,2,0.1,0,0.0
16917,34855,2,8054,30,2,0.06666666666666667,0,0.0
16918,34855,2,8054,40,5,0.125,0,0.0
16919,34855,2,8054,50,7,0.14,0,0.0
16920,34855,3,12081,10,2,0.2,0,0.0
16921,34855,3,12081,20,2,0.1,0,0.0
16922,34855,3,12081,30,2,0.06666666666666667,0,0.0
16923,34855,3,12081,40,4,0.1,0,0.0
16924,34855,3,12081,50,5,0.1,0,0.0
16925,34855,4,16108,10,2,0.2,0,0.0
16926,34855,4,16108,20,2,0.1,0,0.0
16927,34855,4,16108,30,2,0.06666666666666667,0,0.0
16928,34855,4,16108,40,4,0.1,0,0.0
16929,34855,4,16108,50,6,0.12,0,0.0
16930,34855,5,20135,10,2,0.2,0,0.0
16931,34855,5,20135,20,2,0.1,0,0.0
16932,34855,5,20135,30,2,0.06666666666666667,0,0.0
16933,34855,5,20135,40,3,0.075,0,0.0
16934,34855,5,20135,50,6,0.12,0,0.0
16935,34855,6,24162,10,2,0.2,0,0.0
16936,34855,6,24162,20,2,0.1,0,0.0
16937,34855,6,24162,30,2,0.06666666666666667,0,0.0
16938,34855,6,24162,40,3,0.075,0,0.0
16939,34855,6,24162,50,6,0.12,0,0.0
16940,34855,7,28189,10,2,0.2,0,0.0
16941,34855,7,28189,20,2,0.1,0,0.0
16942,34855,7,28189,30,2,0.06666666666666667,0,0.0
16943,34855,7,28189,40,3,0.075,0,0.0
16944,34855,7,28189,50,6,0.12,0,0.0
16945,34855,8,32216,10,2,0.2,0,0.0
16946,34855,8,32216,20,2,0.1,0,0.0
16947,34855,8,32216,30,2,0.06666666666666667,0,0.0
16948,34855,8,32216,40,3,0.075,0,0.0
16949,34855,8,32216,50,5,0.1,0,0.0
16950,34855,9,36243,10,2,0.2,0,0.0
16951,34855,9,36243,20,2,0.1,0,0.0
16952,34855,9,36243,30,2,0.06666666666666667,0,0.0
16953,34855,9,36243,40,3,0.075,0,0.0
16954,34855,9,36243,50,6,0.12,0,0.0
16955,34855,10,40270,10,2,0.2,0,0.0
16956,34855,10,40270,20,2,0.1,0,0.0
16957,34855,10,40270,30,2,0.06666666666666667,0,0.0
16958,34855,10,40270,40,3,0.075,0,0.0
16959,34855,10,40270,50,5,0.1,0,0.0
16960,34855,11,44297,10,2,0.2,0,0.0
16961,34855,11,44297,20,2,0.1,0,0.0
16962,34855,11,44297,30,2,0.06666666666666667,0,0.0
16963,34855,11,44297,40,3,0.075,0,0.0
16964,34855,11,44297,50,6,0.12,0,0.0
16965,34855,12,48324,10,2,0.2,0,0.0
16966,34855,12,48324,20,2,0.1,0,0.0
16967,34855,12,48324,30,2,0.06666666666666667,0,0.0
16968,34855,12,48324,40,3,0.075,0,0.0
16969,34855,12,48324,50,6,0.12,0,0.0
16970,34855,13,52351,10,2,0.2,0,0.0
16971,34855,13,52351,20,2,0.1,0,0.0
16972,34855,13,52351,30,2,0.06666666666666667,0,0.0
16973,34855,13,52351,40,3,0.075,0,0.0
16974,34855,13,52351,50,6,0.12,0,0.0
16975,34855,14,56378,10,2,0.2,0,0.0
16976,34855,14,56378,20,2,0.1,0,0.0
16977,34855,14,56378,30,2,0.06666666666666667,0,0.0
16978,34855,14,56378,40,3,0.075,0,0.0
16979,34855,14,56378,50,6,0.12,0,0.0
16980,34855,15,60405,10,2,0.2,0,0.0
16981,34855,15,60405,20,2,0.1,0,0.0
16982,34855,15,60405,30,2,0.06666666666666667,0,0.0
16983,34855,15,60405,40,4,0.1,0,0.0
16984,34855,15,60405,50,8,0.16,0,0.0
16985,34855,16,64432,10,2,0.2,0,0.0
16986,34855,16,64432,20,2,0.1,0,0.0
16987,34855,16,64432,30,2,0.06666666666666667,0,0.0
16988,34855,16,64432,40,4,0.1,0,0.0
16989,34855,16,64432,50,8,0.16,0,0.0
16990,34855,17,68459,10,2,0.2,0,0.0
16991,34855,17,68459,20,2,0.1,0,0.0
16992,34855,17,68459,30,2,0.06666666666666667,0,0.0
16993,34855,17,68459,40,4,0.1,0,0.0
16994,34855,17,68459,50,8,0.16,0,0.0
16995,34855,18,72486,10,2,0.2,0,0.0
16996,34855,18,72486,20,2,0.1,0,0.0
16997,34855,18,72486,30,2,0.06666666666666667,0,0.0
16998,34855,18,72486,40,4,0.1,0,0.0
16999,34855,18,72486,50,8,0.16,0,0.0
17000,34855,19,76513,10,2,0.2,0,0.0
17001,34855,19,76513,20,2,0.1,0,0.0
17002,34855,19,76513,30,2,0.06666666666666667,0,0.0
17003,34855,19,76513,40,4,0.1,0,0.0
17004,34855,19,76513,50,8,0.16,0,0.0
17005,36888,1,4027,10,1,0.1,0,0.0
17006,36888,1,4027,20,1,0.05,0,0.0
17007,36888,1,4027,30,1,0.03333333333333333,0,0.0
17008,36888,1,4027,40,3,0.075,1,0.025
17009,36888,1,4027,50,4,0.08,2,0.04
17010,36888,2,8054,10,1,0.1,0,0.0
17011,36888,2,8054,20,1,0.05,0,0.0
17012,36888,2,8054,30,2,0.06666666666666667,1,0.03333333333333333
17013,36888,2,8054,40,2,0.05,1,0.025
17014,36888,2,8054,50,6,0.12,2,0.04
17015,36888,3,12081,10,0,0.0,0,0.0
17016,36888,3,12081,20,2,0.1,0,0.0
17017,36888,3,12081,30,4,0.13333333333333333,1,0.03333333333333333
17018,36888,3,12081,40,6,0.15,2,0.05
17019,36888,3,12081,50,6,0.12,2,0.04
17020,36888,4,16108,10,1,0.1,0,0.0
17021,36888,4,16108,20,1,0.05,0,0.0
17022,36888,4,16108,30,1,0.03333333333333333,0,0.0
17023,36888,4,16108,40,3,0.075,1,0.025
17024,36888,4,16108,50,4,0.08,1,0.02
17025,36888,5,20135,10,3,0.3,2,0.2
17026,36888,5,20135,20,6,0.3,2,0.1
17027,36888,5,20135,30,6,0.2,2,0.06666666666666667
17028,36888,5,20135,40,6,0.15,2,0.05
17029,36888,5,20135,50,6,0.12,2,0.04
17030,36888,6,24162,10,2,0.2,2,0.2
17031,36888,6,24162,20,6,0.3,2,0.1
17032,36888,6,24162,30,6,0.2,2,0.06666666666666667
17033,36888,6,24162,40,6,0.15,2,0.05
17034,36888,6,24162,50,6,0.12,2,0.04
17035,36888,7,28189,10,1,0.1,1,0.1
17036,36888,7,28189,20,5,0.25,2,0.1
17037,36888,7,28189,30,5,0.16666666666666666,2,0.06666666666666667
17038,36888,7,28189,40,6,0.15,2,0.05
17039,36888,7,28189,50,6,0.12,2,0.04
17040,36888,8,32216,10,2,0.2,2,0.2
17041,36888,8,32216,20,5,0.25,2,0.1
17042,36888,8,32216,30,5,0.16666666666666666,2,0.06666666666666667
17043,36888,8,32216,40,5,0.125,2,0.05
17044,36888,8,32216,50,5,0.1,2,0.04
17045,36888,9,36243,10,2,0.2,2,0.2
17046,36888,9,36243,20,5,0.25,2,0.1
17047,36888,9,36243,30,5,0.16666666666666666,2,0.06666666666666667
17048,36888,9,36243,40,5,0.125,2,0.05
17049,36888,9,36243,50,5,0.1,2,0.04
17050,36888,10,40270,10,2,0.2,2,0.2
17051,36888,10,40270,20,4,0.2,2,0.1
17052,36888,10,40270,30,5,0.16666666666666666,2,0.06666666666666667
17053,36888,10,40270,40,5,0.125,2,0.05
17054,36888,10,40270,50,5,0.1,2,0.04
17055,36888,11,44297,10,3,0.3,2,0.2
17056,36888,11,44297,20,4,0.2,2,0.1
17057,36888,11,44297,30,5,0.16666666666666666,2,0.06666666666666667
17058,36888,11,44297,40,5,0.125,2,0.05
17059,36888,11,44297,50,5,0.1,2,0.04
17060,36888,12,48324,10,2,0.2,2,0.2
17061,36888,12,48324,20,4,0.2,2,0.1
17062,36888,12,48324,30,5,0.16666666666666666,2,0.06666666666666667
17063,36888,12,48324,40,5,0.125,2,0.05
17064,36888,12,48324,50,5,0.1,2,0.04
17065,36888,13,52351,10,3,0.3,2,0.2
17066,36888,13,52351,20,4,0.2,2,0.1
17067,36888,13,52351,30,5,0.16666666666666666,2,0.06666666666666667
17068,36888,13,52351,40,5,0.125,2,0.05
17069,36888,13,52351,50,5,0.1,2,0.04
17070,36888,14,56378,10,3,0.3,2,0.2
17071,36888,14,56378,20,4,0.2,2,0.1
17072,36888,14,56378,30,5,0.16666666666666666,2,0.06666666666666667
17073,36888,14,56378,40,5,0.125,2,0.05
17074,36888,14,56378,50,5,0.1,2,0.04
17075,36888,15,60405,10,3,0.3,2,0.2
17076,36888,15,60405,20,4,0.2,2,0.1
17077,36888,15,60405,30,5,0.16666666666666666,2,0.06666666666666667
17078,36888,15,60405,40,5,0.125,2,0.05
17079,36888,15,60405,50,5,0.1,2,0.04
17080,36888,16,64432,10,3,0.3,2,0.2
17081,36888,16,64432,20,4,0.2,2,0.1
17082,36888,16,64432,30,5,0.16666666666666666,2,0.06666666666666667
17083,36888,16,64432,40,5,0.125,2,0.05
17084,36888,16,64432,50,5,0.1,2,0.04
17085,36888,17,68459,10,3,0.3,2,0.2
17086,36888,17,68459,20,4,0.2,2,0.1
17087,36888,17,68459,30,5,0.16666666666666666,2,0.06666666666666667
17088,36888,17,68459,40,5,0.125,2,0.05
17089,36888,17,68459,50,5,0.1,2,0.04
17090,36888,18,72486,10,3,0.3,2,0.2
17091,36888,18,72486,20,4,0.2,2,0.1
17092,36888,18,72486,30,5,0.16666666666666666,2,0.06666666666666667
17093,36888,18,72486,40,5,0.125,2,0.05
17094,36888,18,72486,50,5,0.1,2,0.04
17095,36888,19,76513,10,3,0.3,2,0.2
17096,36888,19,76513,20,4,0.2,2,0.1
17097,36888,19,76513,30,5,0.16666666666666666,2,0.06666666666666667
17098,36888,19,76513,40,5,0.125,2,0.05
17099,36888,19,76513,50,5,0.1,2,0.04
17100,36895,1,4027,10,2,0.2,1,0.1
17101,36895,1,4027,20,3,0.15,2,0.1
17102,36895,1,4027,30,3,0.1,2,0.06666666666666667
17103,36895,1,4027,40,3,0.075,2,0.05
17104,36895,1,4027,50,4,0.08,2,0.04
17105,36895,2,8054,10,2,0.2,1,0.1
17106,36895,2,8054,20,3,0.15,2,0.1
17107,36895,2,8054,30,3,0.1,2,0.06666666666666667
17108,36895,2,8054,40,3,0.075,2,0.05
17109,36895,2,8054,50,4,0.08,2,0.04
17110,36895,3,12081,10,2,0.2,1,0.1
17111,36895,3,12081,20,3,0.15,2,0.1
17112,36895,3,12081,30,4,0.13333333333333333,2,0.06666666666666667
17113,36895,3,12081,40,4,0.1,2,0.05
17114,36895,3,12081,50,4,0.08,2,0.04
17115,36895,4,16108,10,2,0.2,1,0.1
17116,36895,4,16108,20,3,0.15,2,0.1
17117,36895,4,16108,30,3,0.1,2,0.06666666666666667
17118,36895,4,16108,40,4,0.1,2,0.05
17119,36895,4,16108,50,4,0.08,2,0.04
17120,36895,5,20135,10,2,0.2,1,0.1
17121,36895,5,20135,20,3,0.15,2,0.1
17122,36895,5,20135,30,4,0.13333333333333333,2,0.06666666666666667
17123,36895,5,20135,40,4,0.1,2,0.05
17124,36895,5,20135,50,4,0.08,2,0.04
17125,36895,6,24162,10,2,0.2,1,0.1
17126,36895,6,24162,20,3,0.15,2,0.1
17127,36895,6,24162,30,4,0.13333333333333333,3,0.1
17128,36895,6,24162,40,4,0.1,3,0.075
17129,36895,6,24162,50,5,0.1,3,0.06
17130,36895,7,28189,10,2,0.2,1,0.1
17131,36895,7,28189,20,3,0.15,2,0.1
17132,36895,7,28189,30,4,0.13333333333333333,3,0.1
17133,36895,7,28189,40,4,0.1,3,0.075
17134,36895,7,28189,50,5,0.1,3,0.06
17135,36895,8,32216,10,2,0.2,1,0.1
17136,36895,8,32216,20,3,0.15,2,0.1
17137,36895,8,32216,30,4,0.13333333333333333,3,0.1
17138,36895,8,32216,40,4,0.1,3,0.075
17139,36895,8,32216,50,5,0.1,3,0.06
17140,36895,9,36243,10,2,0.2,1,0.1
17141,36895,9,36243,20,3,0.15,2,0.1
17142,36895,9,36243,30,4,0.13333333333333333,3,0.1
17143,36895,9,36243,40,4,0.1,3,0.075
17144,36895,9,36243,50,5,0.1,3,0.06
17145,36895,10,40270,10,2,0.2,1,0.1
17146,36895,10,40270,20,3,0.15,2,0.1
17147,36895,10,40270,30,4,0.13333333333333333,3,0.1
17148,36895,10,40270,40,4,0.1,3,0.075
17149,36895,10,40270,50,5,0.1,3,0.06
17150,36895,11,44297,10,2,0.2,1,0.1
17151,36895,11,44297,20,3,0.15,2,0.1
17152,36895,11,44297,30,4,0.13333333333333333,3,0.1
17153,36895,11,44297,40,5,0.125,3,0.075
17154,36895,11,44297,50,5,0.1,3,0.06
17155,36895,12,48324,10,2,0.2,1,0.1
17156,36895,12,48324,20,3,0.15,2,0.1
17157,36895,12,48324,30,4,0.13333333333333333,3,0.1
17158,36895,12,48324,40,5,0.125,3,0.075
17159,36895,12,48324,50,5,0.1,3,0.06
17160,36895,13,52351,10,2,0.2,1,0.1
17161,36895,13,52351,20,3,0.15,2,0.1
17162,36895,13,52351,30,4,0.13333333333333333,2,0.06666666666666667
17163,36895,13,52351,40,5,0.125,3,0.075
17164,36895,13,52351,50,5,0.1,3,0.06
17165,36895,14,56378,10,1,0.1,0,0.0
17166,36895,14,56378,20,2,0.1,1,0.05
17167,36895,14,56378,30,4,0.13333333333333333,2,0.06666666666666667
17168,36895,14,56378,40,5,0.125,3,0.075
17169,36895,14,56378,50,5,0.1,3,0.06
17170,36895,15,60405,10,2,0.2,1,0.1
17171,36895,15,60405,20,2,0.1,1,0.05
17172,36895,15,60405,30,5,0.16666666666666666,3,0.1
17173,36895,15,60405,40,5,0.125,3,0.075
17174,36895,15,60405,50,5,0.1,3,0.06
17175,36895,16,64432,10,2,0.2,1,0.1
17176,36895,16,64432,20,3,0.15,2,0.1
17177,36895,16,64432,30,4,0.13333333333333333,3,0.1
17178,36895,16,64432,40,5,0.125,3,0.075
17179,36895,16,64432,50,5,0.1,3,0.06
17180,36895,17,68459,10,2,0.2,1,0.1
17181,36895,17,68459,20,3,0.15,2,0.1
17182,36895,17,68459,30,5,0.16666666666666666,3,0.1
17183,36895,17,68459,40,5,0.125,3,0.075
17184,36895,17,68459,50,5,0.1,3,0.06
17185,36895,18,72486,10,2,0.2,1,0.1
17186,36895,18,72486,20,2,0.1,1,0.05
17187,36895,18,72486,30,5,0.16666666666666666,3,0.1
17188,36895,18,72486,40,5,0.125,3,0.075
17189,36895,18,72486,50,5,0.1,3,0.06
17190,36895,19,76513,10,2,0.2,1,0.1
17191,36895,19,76513,20,2,0.1,1,0.05
17192,36895,19,76513,30,5,0.16666666666666666,3,0.1
17193,36895,19,76513,40,5,0.125,3,0.075
17194,36895,19,76513,50,5,0.1,3,0.06
17195,38428,1,4027,10,1,0.1,1,0.1
17196,38428,1,4027,20,3,0.15,1,0.05
17197,38428,1,4027,30,4,0.13333333333333333,1,0.03333333333333333
17198,38428,1,4027,40,4,0.1,1,0.025
17199,38428,1,4027,50,5,0.1,1,0.02
17200,38428,2,8054,10,1,0.1,0,0.0
17201,38428,2,8054,20,3,0.15,0,0.0
17202,38428,2,8054,30,3,0.1,0,0.0
17203,38428,2,8054,40,5,0.125,0,0.0
17204,38428,2,8054,50,5,0.1,0,0.0
17205,38428,3,12081,10,2,0.2,0,0.0
17206,38428,3,12081,20,3,0.15,0,0.0
17207,38428,3,12081,30,4,0.13333333333333333,0,0.0
17208,38428,3,12081,40,4,0.1,0,0.0
17209,38428,3,12081,50,5,0.1,1,0.02
17210,38428,4,16108,10,1,0.1,0,0.0
17211,38428,4,16108,20,3,0.15,0,0.0
17212,38428,4,16108,30,3,0.1,0,0.0
17213,38428,4,16108,40,5,0.125,1,0.025
17214,38428,4,16108,50,5,0.1,1,0.02
17215,38428,5,20135,10,3,0.3,0,0.0
17216,38428,5,20135,20,4,0.2,0,0.0
17217,38428,5,20135,30,4,0.13333333333333333,0,0.0
17218,38428,5,20135,40,4,0.1,1,0.025
17219,38428,5,20135,50,4,0.08,1,0.02
17220,38428,6,24162,10,3,0.3,0,0.0
17221,38428,6,24162,20,4,0.2,1,0.05
17222,38428,6,24162,30,4,0.13333333333333333,1,0.03333333333333333
17223,38428,6,24162,40,4,0.1,1,0.025
17224,38428,6,24162,50,4,0.08,1,0.02
17225,38428,7,28189,10,3,0.3,0,0.0
17226,38428,7,28189,20,4,0.2,0,0.0
17227,38428,7,28189,30,4,0.13333333333333333,0,0.0
17228,38428,7,28189,40,4,0.1,0,0.0
17229,38428,7,28189,50,4,0.08,0,0.0
17230,38428,8,32216,10,3,0.3,0,0.0
17231,38428,8,32216,20,4,0.2,0,0.0
17232,38428,8,32216,30,4,0.13333333333333333,0,0.0
17233,38428,8,32216,40,4,0.1,0,0.0
17234,38428,8,32216,50,4,0.08,1,0.02
17235,38428,9,36243,10,2,0.2,0,0.0
17236,38428,9,36243,20,3,0.15,0,0.0
17237,38428,9,36243,30,4,0.13333333333333333,0,0.0
17238,38428,9,36243,40,5,0.125,0,0.0
17239,38428,9,36243,50,5,0.1,0,0.0
17240,38428,10,40270,10,2,0.2,0,0.0
17241,38428,10,40270,20,3,0.15,0,0.0
17242,38428,10,40270,30,4,0.13333333333333333,0,0.0
17243,38428,10,40270,40,5,0.125,0,0.0
17244,38428,10,40270,50,5,0.1,0,0.0
17245,38428,11,44297,10,2,0.2,0,0.0
17246,38428,11,44297,20,3,0.15,0,0.0
17247,38428,11,44297,30,4,0.13333333333333333,0,0.0
17248,38428,11,44297,40,5,0.125,0,0.0
17249,38428,11,44297,50,5,0.1,0,0.0
17250,38428,12,48324,10,1,0.1,0,0.0
17251,38428,12,48324,20,3,0.15,0,0.0
17252,38428,12,48324,30,3,0.1,0,0.0
17253,38428,12,48324,40,5,0.125,0,0.0
17254,38428,12,48324,50,5,0.1,0,0.0
17255,38428,13,52351,10,1,0.1,0,0.0
17256,38428,13,52351,20,3,0.15,0,0.0
17257,38428,13,52351,30,3,0.1,0,0.0
17258,38428,13,52351,40,5,0.125,0,0.0
17259,38428,13,52351,50,5,0.1,1,0.02
17260,38428,14,56378,10,3,0.3,0,0.0
17261,38428,14,56378,20,3,0.15,0,0.0
17262,38428,14,56378,30,4,0.13333333333333333,0,0.0
17263,38428,14,56378,40,4,0.1,0,0.0
17264,38428,14,56378,50,5,0.1,0,0.0
17265,38428,15,60405,10,2,0.2,0,0.0
17266,38428,15,60405,20,3,0.15,0,0.0
17267,38428,15,60405,30,4,0.13333333333333333,0,0.0
17268,38428,15,60405,40,4,0.1,0,0.0
17269,38428,15,60405,50,5,0.1,0,0.0
17270,38428,16,64432,10,3,0.3,0,0.0
17271,38428,16,64432,20,4,0.2,0,0.0
17272,38428,16,64432,30,4,0.13333333333333333,0,0.0
17273,38428,16,64432,40,4,0.1,0,0.0
17274,38428,16,64432,50,4,0.08,0,0.0
17275,38428,17,68459,10,3,0.3,0,0.0
17276,38428,17,68459,20,4,0.2,0,0.0
17277,38428,17,68459,30,4,0.13333333333333333,0,0.0
17278,38428,17,68459,40,4,0.1,0,0.0
17279,38428,17,68459,50,4,0.08,0,0.0
17280,38428,18,72486,10,3,0.3,0,0.0
17281,38428,18,72486,20,4,0.2,0,0.0
17282,38428,18,72486,30,4,0.13333333333333333,0,0.0
17283,38428,18,72486,40,4,0.1,0,0.0
17284,38428,18,72486,50,4,0.08,0,0.0
17285,38428,19,76513,10,3,0.3,0,0.0
17286,38428,19,76513,20,4,0.2,0,0.0
17287,38428,19,76513,30,4,0.13333333333333333,0,0.0
17288,38428,19,76513,40,4,0.1,0,0.0
17289,38428,19,76513,50,4,0.08,0,0.0
17290,38659,1,4027,10,0,0.0,0,0.0
17291,38659,1,4027,20,0,0.0,0,0.0
17292,38659,1,4027,30,1,0.03333333333333333,0,0.0
17293,38659,1,4027,40,1,0.025,0,0.0
17294,38659,1,4027,50,2,0.04,0,0.0
17295,38659,2,8054,10,0,0.0,0,0.0
17296,38659,2,8054,20,0,0.0,0,0.0
17297,38659,2,8054,30,0,0.0,0,0.0
17298,38659,2,8054,40,0,0.0,0,0.0
17299,38659,2,8054,50,1,0.02,0,0.0
17300,38659,3,12081,10,0,0.0,0,0.0
17301,38659,3,12081,20,0,0.0,0,0.0
17302,38659,3,12081,30,0,0.0,0,0.0
17303,38659,3,12081,40,0,0.0,0,0.0
17304,38659,3,12081,50,1,0.02,0,0.0
17305,38659,4,16108,10,0,0.0,0,0.0
17306,38659,4,16108,20,0,0.0,0,0.0
17307,38659,4,16108,30,0,0.0,0,0.0
17308,38659,4,16108,40,0,0.0,0,0.0
17309,38659,4,16108,50,1,0.02,0,0.0
17310,38659,5,20135,10,0,0.0,0,0.0
17311,38659,5,20135,20,0,0.0,0,0.0
17312,38659,5,20135,30,0,0.0,0,0.0
17313,38659,5,20135,40,0,0.0,0,0.0
17314,38659,5,20135,50,0,0.0,0,0.0
17315,38659,6,24162,10,0,0.0,0,0.0
17316,38659,6,24162,20,0,0.0,0,0.0
17317,38659,6,24162,30,0,0.0,0,0.0
17318,38659,6,24162,40,0,0.0,0,0.0
17319,38659,6,24162,50,0,0.0,0,0.0
17320,38659,7,28189,10,0,0.0,0,0.0
17321,38659,7,28189,20,0,0.0,0,0.0
17322,38659,7,28189,30,0,0.0,0,0.0
17323,38659,7,28189,40,0,0.0,0,0.0
17324,38659,7,28189,50,0,0.0,0,0.0
17325,38659,8,32216,10,0,0.0,0,0.0
17326,38659,8,32216,20,0,0.0,0,0.0
17327,38659,8,32216,30,0,0.0,0,0.0
17328,38659,8,32216,40,0,0.0,0,0.0
17329,38659,8,32216,50,0,0.0,0,0.0
17330,38659,9,36243,10,0,0.0,0,0.0
17331,38659,9,36243,20,0,0.0,0,0.0
17332,38659,9,36243,30,0,0.0,0,0.0
17333,38659,9,36243,40,0,0.0,0,0.0
17334,38659,9,36243,50,0,0.0,0,0.0
17335,38659,10,40270,10,0,0.0,0,0.0
17336,38659,10,40270,20,0,0.0,0,0.0
17337,38659,10,40270,30,0,0.0,0,0.0
17338,38659,10,40270,40,0,0.0,0,0.0
17339,38659,10,40270,50,0,0.0,0,0.0
17340,38659,11,44297,10,0,0.0,0,0.0
17341,38659,11,44297,20,0,0.0,0,0.0
17342,38659,11,44297,30,0,0.0,0,0.0
17343,38659,11,44297,40,0,0.0,0,0.0
17344,38659,11,44297,50,0,0.0,0,0.0
17345,38659,12,48324,10,0,0.0,0,0.0
17346,38659,12,48324,20,0,0.0,0,0.0
17347,38659,12,48324,30,0,0.0,0,0.0
17348,38659,12,48324,40,0,0.0,0,0.0
17349,38659,12,48324,50,0,0.0,0,0.0
17350,38659,13,52351,10,0,0.0,0,0.0
17351,38659,13,52351,20,0,0.0,0,0.0
17352,38659,13,52351,30,0,0.0,0,0.0
17353,38659,13,52351,40,0,0.0,0,0.0
17354,38659,13,52351,50,0,0.0,0,0.0
17355,38659,14,56378,10,0,0.0,0,0.0
17356,38659,14,56378,20,0,0.0,0,0.0
17357,38659,14,56378,30,0,0.0,0,0.0
17358,38659,14,56378,40,0,0.0,0,0.0
17359,38659,14,56378,50,0,0.0,0,0.0
17360,38659,15,60405,10,0,0.0,0,0.0
17361,38659,15,60405,20,0,0.0,0,0.0
17362,38659,15,60405,30,0,0.0,0,0.0
17363,38659,15,60405,40,0,0.0,0,0.0
17364,38659,15,60405,50,0,0.0,0,0.0
17365,38659,16,64432,10,0,0.0,0,0.0
17366,38659,16,64432,20,0,0.0,0,0.0
17367,38659,16,64432,30,0,0.0,0,0.0
17368,38659,16,64432,40,0,0.0,0,0.0
17369,38659,16,64432,50,0,0.0,0,0.0
17370,38659,17,68459,10,0,0.0,0,0.0
17371,38659,17,68459,20,0,0.0,0,0.0
17372,38659,17,68459,30,0,0.0,0,0.0
17373,38659,17,68459,40,0,0.0,0,0.0
17374,38659,17,68459,50,0,0.0,0,0.0
17375,38659,18,72486,10,0,0.0,0,0.0
17376,38659,18,72486,20,0,0.0,0,0.0
17377,38659,18,72486,30,0,0.0,0,0.0
17378,38659,18,72486,40,0,0.0,0,0.0
17379,38659,18,72486,50,1,0.02,0,0.0
17380,38659,19,76513,10,0,0.0,0,0.0
17381,38659,19,76513,20,0,0.0,0,0.0
17382,38659,19,76513,30,0,0.0,0,0.0
17383,38659,19,76513,40,0,0.0,0,0.0
17384,38659,19,76513,50,1,0.02,0,0.0
17385,42373,1,4027,10,3,0.3,2,0.2
17386,42373,1,4027,20,4,0.2,2,0.1
17387,42373,1,4027,30,5,0.16666666666666666,3,0.1
17388,42373,1,4027,40,8,0.2,3,0.075
17389,42373,1,4027,50,14,0.28,5,0.1
17390,42373,2,8054,10,3,0.3,2,0.2
17391,42373,2,8054,20,4,0.2,2,0.1
17392,42373,2,8054,30,7,0.23333333333333334,3,0.1
17393,42373,2,8054,40,10,0.25,3,0.075
17394,42373,2,8054,50,14,0.28,5,0.1
17395,42373,3,12081,10,3,0.3,2,0.2
17396,42373,3,12081,20,4,0.2,2,0.1
17397,42373,3,12081,30,7,0.23333333333333334,3,0.1
17398,42373,3,12081,40,10,0.25,3,0.075
17399,42373,3,12081,50,14,0.28,5,0.1
17400,42373,4,16108,10,3,0.3,2,0.2
17401,42373,4,16108,20,6,0.3,2,0.1
17402,42373,4,16108,30,9,0.3,3,0.1
17403,42373,4,16108,40,11,0.275,3,0.075
17404,42373,4,16108,50,15,0.3,4,0.08
17405,42373,5,20135,10,3,0.3,2,0.2
17406,42373,5,20135,20,6,0.3,2,0.1
17407,42373,5,20135,30,9,0.3,3,0.1
17408,42373,5,20135,40,10,0.25,3,0.075
17409,42373,5,20135,50,15,0.3,4,0.08
17410,42373,6,24162,10,3,0.3,2,0.2
17411,42373,6,24162,20,6,0.3,2,0.1
17412,42373,6,24162,30,9,0.3,3,0.1
17413,42373,6,24162,40,10,0.25,3,0.075
17414,42373,6,24162,50,16,0.32,5,0.1
17415,42373,7,28189,10,3,0.3,2,0.2
17416,42373,7,28189,20,6,0.3,2,0.1
17417,42373,7,28189,30,9,0.3,3,0.1
17418,42373,7,28189,40,10,0.25,3,0.075
17419,42373,7,28189,50,16,0.32,5,0.1
17420,42373,8,32216,10,3,0.3,2,0.2
17421,42373,8,32216,20,6,0.3,2,0.1
17422,42373,8,32216,30,9,0.3,3,0.1
17423,42373,8,32216,40,10,0.25,3,0.075
17424,42373,8,32216,50,15,0.3,5,0.1
17425,42373,9,36243,10,3,0.3,2,0.2
17426,42373,9,36243,20,4,0.2,2,0.1
17427,42373,9,36243,30,9,0.3,3,0.1
17428,42373,9,36243,40,11,0.275,3,0.075
17429,42373,9,36243,50,15,0.3,5,0.1
17430,42373,10,40270,10,3,0.3,2,0.2
17431,42373,10,40270,20,4,0.2,2,0.1
17432,42373,10,40270,30,9,0.3,3,0.1
17433,42373,10,40270,40,11,0.275,3,0.075
17434,42373,10,40270,50,15,0.3,5,0.1
17435,42373,11,44297,10,3,0.3,2,0.2
17436,42373,11,44297,20,4,0.2,2,0.1
17437,42373,11,44297,30,8,0.26666666666666666,3,0.1
17438,42373,11,44297,40,11,0.275,3,0.075
17439,42373,11,44297,50,15,0.3,5,0.1
17440,42373,12,48324,10,3,0.3,2,0.2
17441,42373,12,48324,20,4,0.2,2,0.1
17442,42373,12,48324,30,8,0.26666666666666666,3,0.1
17443,42373,12,48324,40,10,0.25,3,0.075
17444,42373,12,48324,50,15,0.3,5,0.1
17445,42373,13,52351,10,3,0.3,2,0.2
17446,42373,13,52351,20,4,0.2,2,0.1
17447,42373,13,52351,30,7,0.23333333333333334,3,0.1
17448,42373,13,52351,40,10,0.25,3,0.075
17449,42373,13,52351,50,15,0.3,5,0.1
17450,42373,14,56378,10,3,0.3,2,0.2
17451,42373,14,56378,20,4,0.2,2,0.1
17452,42373,14,56378,30,7,0.23333333333333334,3,0.1
17453,42373,14,56378,40,10,0.25,3,0.075
17454,42373,14,56378,50,15,0.3,5,0.1
17455,42373,15,60405,10,3,0.3,2,0.2
17456,42373,15,60405,20,4,0.2,2,0.1
17457,42373,15,60405,30,7,0.23333333333333334,3,0.1
17458,42373,15,60405,40,10,0.25,3,0.075
17459,42373,15,60405,50,15,0.3,5,0.1
17460,42373,16,64432,10,3,0.3,2,0.2
17461,42373,16,64432,20,4,0.2,2,0.1
17462,42373,16,64432,30,8,0.26666666666666666,3,0.1
17463,42373,16,64432,40,10,0.25,3,0.075
17464,42373,16,64432,50,15,0.3,5,0.1
17465,42373,17,68459,10,3,0.3,2,0.2
17466,42373,17,68459,20,6,0.3,2,0.1
17467,42373,17,68459,30,8,0.26666666666666666,3,0.1
17468,42373,17,68459,40,10,0.25,3,0.075
17469,42373,17,68459,50,15,0.3,5,0.1
17470,42373,18,72486,10,3,0.3,2,0.2
17471,42373,18,72486,20,5,0.25,2,0.1
17472,42373,18,72486,30,8,0.26666666666666666,3,0.1
17473,42373,18,72486,40,10,0.25,3,0.075
17474,42373,18,72486,50,15,0.3,5,0.1
17475,42373,19,76513,10,3,0.3,2,0.2
17476,42373,19,76513,20,5,0.25,2,0.1
17477,42373,19,76513,30,9,0.3,3,0.1
17478,42373,19,76513,40,10,0.25,3,0.075
17479,42373,19,76513,50,15,0.3,5,0.1
