,MAL_id,Title,Score,Type
0,56352,Loop_7-kaime_no_Akuyaku_Reijou_wa_Moto_Tekikoku_de_Jiyuu_Kimama_na_Hanayome_Seikatsu_wo_Mankitsu_suru,,
1,48569,86_Part_2,,
2,34525,Centaur_no_Nayami,,
3,38480,Toaru_Kagaku_no_Accelerator,,
4,38481,Toaru_Kagaku_no_Railgun_T,,
5,38302,Boku_no_Tonari_ni_Ankoku_Hakaishin_ga_Imasu,,
6,54852,Kikansha_no_Mahou_wa_Tokubetsu_desu,,
7,55866,Yubisaki_to_Renren,,
8,18689,Diamond_no_Ace,,
9,38731,Diamond_no_Ace__Act_II,,
10,30230,Diamond_no_Ace__Second_Season,,
11,56425,Houkago_Shounen_Hanako-kun,,
12,32977,Aggressive_Retsuko,,
13,49520,Aharen-san_wa_Hakarenai,,
14,41433,Akudama_Drive,,
15,33203,Fukumenkei_Noise,,
16,38778,Midara_na_Ao-chan_wa_Benkyou_ga_Dekinai,,
17,49052,Ao_Ashi,,
18,477,Aria_the_Animation,,
19,962,Aria_the_Natural,,
20,3297,Aria_the_Origination,,
21,8630,Hidan_no_Aria,,
22,36882,Arifureta_Shokugyou_de_Sekai_Saikyou,,
23,40507,Arifureta_Shokugyou_de_Sekai_Saikyou_2nd_Season,,
24,33475,Busou_Shoujo_Machiavellianism,,
25,48583,Shingeki_no_Kyojin__The_Final_Season_Part_2,,
26,66,Azumanga_Daiou_The_Animation,,
27,3901,Baccano_Specials,,
28,9513,Beelzebub,,
29,50923,Mushikaburi-hime,,
30,23317,Kuroshitsuji__Book_of_Murder,,
31,31812,Kuroshitsuji_Movie__Book_of_the_Atlantic,,
32,34572,Black_Clover,,
33,39806,Mugen_no_Juunin__Immortal,,
34,269,Bleach,,
35,53998,Bleach__Sennen_Kessen-hen_-_Ketsubetsu-tan,,
36,53889,Ao_no_Exorcist__Shimane_Illuminati-hen,,
37,49596,Blue_Lock,,
38,47917,Bocchi_the_Rock,,
39,38790,Itai_no_wa_Iya_nanode_Bougyoryoku_ni_Kyokufuri_Shitai_to_Omoimasu,,
40,38003,Bungou_Stray_Dogs_3rd_Season,,
41,50330,Bungou_Stray_Dogs_4th_Season,,
42,54898,Bungou_Stray_Dogs_5th_Season,,
43,42250,Bungou_Stray_Dogs_Wan,,
44,50346,Yofukashi_no_Uta,,
45,53446,Tondemo_Skill_de_Isekai_Hourou_Meshi,,
46,37435,Carole___Tuesday,,
47,10800,Chihayafuru,,
48,14397,Chihayafuru_2,,
49,37379,Chihayafuru_3,,
50,18495,Kitaku-bu_Katsudou_Kiroku,,
51,35507,Youkoso_Jitsuryoku_Shijou_Shugi_no_Kyoushitsu_e,,
52,51096,Youkoso_Jitsuryoku_Shijou_Shugi_no_Kyoushitsu_e_2nd_Season,,
53,51180,Youkoso_Jitsuryoku_Shijou_Shugi_no_Kyoushitsu_e_3rd_Season,,
54,34437,Code_Geass__Fukkatsu_no_Lelouch,,
55,15109,Cuticle_Tantei_Inaba,,
56,42310,Cyberpunk__Edgerunners,,
57,48702,Dance_Dance_Danseur,,
58,52505,Dark_Gathering,,
59,2025,Darker_than_Black__Kuro_no_Keiyakusha,,
60,35849,Darling_in_the_FranXX,,
61,38656,Darwins_Game,,
62,41461,Date_A_Live_IV,,
63,53613,Dead_Mount_Death_Play,,
64,48779,Deaimon,,
65,40056,Deca-Dence,,
66,52701,Dungeon_Meshi,,
67,51019,Kimetsu_no_Yaiba__Katanakaji_no_Sato-hen,,
68,39730,Houkago_Teibou_Nisshi,,
69,50197,Ijiranaide_Nagatoro-san_2nd_Attack,,
70,48549,Dr_Stone__New_World,,
71,55644,Dr_Stone__New_World_Part_2,,
72,27833,Durararax2_Ketsu,,
73,23199,Durararax2_Shou,,
74,27831,Durararax2_Ten,,
75,4551,Hakushaku_to_Yousei,,
76,6372,Higashi_no_Eden_Movie_I__The_King_of_Eden,,
77,6637,Higashi_no_Eden_Movie_II__Paradise_Lost,,
78,32901,Eromanga-sensei,,
79,237,Koukyoushihen_Eureka_Seven,,
80,2759,Evangelion_Movie_1__Jo,,
81,3784,Evangelion_Movie_2__Ha,,
82,3785,Evangelion_Movie_3__Q,,
83,3786,Shin_Evangelion_Movie_%7C%7C,,
84,51462,Isekai_Nonbiri_Nouka,,
85,37651,Fate_Extra__Last_Encore_-_Illustrias_Tendousetsu,,
86,34321,Fate_Grand_Order__First_Order,,
87,38084,Fate_Grand_Order__Zettai_Majuu_Sensen_Babylonia,,
88,40206,Fate_Grand_Order__Zettai_Majuu_Sensen_Babylonia_-_Initium_Iter,,
89,20509,Fate_kaleid_liner_Prisma%E2%98%86Illya_2wei,,
90,31706,Fate_kaleid_liner_Prisma%E2%98%86Illya_3rei,,
91,25537,Fate_stay_night_Movie__Heavens_Feel_-_I_Presage_Flower,,
92,33049,Fate_stay_night_Movie__Heavens_Feel_-_II_Lost_Butterfly,,
93,33050,Fate_stay_night_Movie__Heavens_Feel_-_III_Spring_Song,,
94,35198,Free_Take_Your_Marks,,
95,52991,Sousou_no_Frieren,,
96,40358,Gal_to_Kyouryuu,,
97,34280,Gamers,,
98,39486,Gintama__The_Final,,
99,39533,Given,,
100,47160,Goblin_Slayer_II,,
101,39576,Goblin_Slayer__Goblins_Crown,,
102,50528,Golden_Kamuy_4th_Season,,
103,31629,Granblue_Fantasy_The_Animation,,
104,40052,Great_Pretender,,
105,245,Great_Teacher_Onizuka,,
106,40776,Haikyuu_To_the_Top_Part_2,,
107,15613,Hakkenden__Touhou_Hakken_Ibun,,
108,53393,Tengoku_Daimakyou,,
109,46569,Jigokuraku,,
110,777,Hellsing_Ultimate,,
111,49692,Heroine_Tarumono_Kiraware_Heroine_to_Naisho_no_Oshigoto,,
112,41006,Higurashi_no_Naku_Koro_ni_Gou,,
113,48488,Higurashi_no_Naku_Koro_ni_Sotsu,,
114,37614,Hitoribocchi_no_Marumaru_Seikatsu,,
115,54856,Horimiya__Piece,,
116,41710,Genjitsu_Shugi_Yuusha_no_Oukoku_Saikenki,,
117,40803,Hypnosis_Mic__Division_Rap_Battle_-_Rhyme_Anima,,
118,52934,Konyaku_Haki_sareta_Reijou_wo_Hirotta_Ore_ga_Ikenai_Koto_wo_Oshiekomu,,
119,41380,100-man_no_Inochi_no_Ue_ni_Ore_wa_Tatteiru,,
120,49979,Akuyaku_Reijou_nanode_Last_Boss_wo_Kattemimashita,,
121,44881,100-man_no_Inochi_no_Ue_ni_Ore_wa_Tatteiru_2nd_Season,,
122,40046,Id_Invaded,,
123,44204,Kyokou_Suiri_Season_2,,
124,50796,Kimi_wa_Houkago_Insomnia,,
125,40454,Dungeon_ni_Deai_wo_Motomeru_no_wa_Machigatteiru_Darou_ka_III,,
126,47164,Dungeon_ni_Deai_wo_Motomeru_no_wa_Machigatteiru_Darou_ka_IV__Shin_Shou_-_Meikyuu-hen,,
127,53111,Dungeon_ni_Deai_wo_Motomeru_no_wa_Machigatteiru_Darou_ka_IV__Shin_Shou_-_Yakusai-hen,,
128,38337,Gochuumon_wa_Usagi_desu_ka_Bloom,,
129,12413,Jormungand,,
130,48561,Jujutsu_Kaisen_0_Movie,,
131,51009,Jujutsu_Kaisen_2nd_Season,,
132,47398,Chuukou_Ikkan_Kimetsu_Gakuen_Monogatari__Valentine-hen,,
133,25649,Junjou_Romantica_3,,
134,6980,Kaidan_Restaurant,,
135,30709,Kamisama_Hajimemashita__Kako-hen,,
136,25681,Kamisama_Hajimemashita%E2%97%8E,,
137,12031,Kingdom,,
138,50631,Komi-san_wa_Comyushou_desu_2nd_Season,,
139,38080,Kono_Oto_Tomare,,
140,51958,Kono_Subarashii_Sekai_ni_Bakuen_wo,,
141,38040,Kono_Subarashii_Sekai_ni_Shukufuku_wo_Movie__Kurenai_Densetsu,,
142,49909,Kotarou_wa_Hitorigurashi,,
143,51815,Kubo-san_wa_Mob_wo_Yurusanai,,
144,40974,Kuma_Kuma_Kuma_Bear,,
145,31658,Kuroko_no_Basket_Movie_4__Last_Game,,
146,49263,Yaku_nara_Mug_Cup_mo__Niban_Gama,,
147,48997,Fantasy_Bishoujo_Juniku_Ojisan_to,,
148,44074,Shiguang_Dailiren,,
149,17265,Log_Horizon,,
150,23321,Log_Horizon_2nd_Season,,
151,41109,Log_Horizon__Entaku_Houkai,,
152,48643,Koi_wa_Sekai_Seifuku_no_Ato_de,,
153,32262,Renai_Boukun,,
154,35608,Chuunibyou_demo_Koi_ga_Shitai_Movie__Take_On_Me,,
155,50709,Lycoris_Recoil,,
156,41084,Made_in_Abyss__Retsujitsu_no_Ougonkyou,,
157,31741,Magi__Sinbad_no_Bouken_TV,,
158,41530,Magia_Record__Mahou_Shoujo_Madoka%E2%98%86Magica_Gaiden_2nd_Season_-_Kakusei_Zenya,,
159,52211,Mashle,,
160,55813,Mashle__Shinkakusha_Kouho_Senbatsu_Shiken-hen,,
161,50586,Migi_to_Dali,,
162,50172,Mob_Psycho_100_III,,
163,19,Monster,,
164,40708,Monster_Musume_no_Oishasan,,
165,39948,Muhyo_to_Rouji_no_Mahouritsu_Soudan_Jimusho_2nd_Season,,
166,51179,Mushoku_Tensei_II__Isekai_Ittara_Honki_Dasu,,
167,48736,Sono_Bisque_Doll_wa_Koi_wo_Suru,,
168,51552,Watashi_no_Shiawase_na_Kekkon,,
169,42603,Boku_no_Hero_Academia__Ikinokore_Kesshi_no_Survival_Kunren,,
170,36896,Boku_no_Hero_Academia_the_Movie_1__Futari_no_Hero,,
171,44200,Boku_no_Hero_Academia_the_Movie_3__World_Heroes_Mission,,
172,52092,My_Home_Hero,,
173,53126,Yamada-kun_to_Lv999_no_Koi_wo_Suru,,
174,21561,Ryuugajou_Nanana_no_Maizoukin,,
175,34534,Natsume_Yuujinchou_Go_Specials,,
176,36275,Natsume_Yuujinchou_Roku_Specials,,
177,20651,Natsume_Yuujinchou__Itsuka_Yuki_no_Hi_ni,,
178,38924,Nekopara,,
179,51105,NieR_Automata_Ver11a,,
180,56285,Ninja_Kamui,,
181,33674,No_Game_No_Life__Zero,,
182,40529,No_Guns_Life_2nd_Season,,
183,41345,Noblesse,,
184,36990,Non_Non_Biyori_Movie__Vacation,,
185,21,One_Piece,,
186,42391,Osomatsu-san_3rd_Season,,
187,52990,Keikenzumi_na_Kimi_to_Keiken_Zero_na_Ore_ga_Otsukiai_suru_Hanashi,,
188,48895,Overlord_IV,,
189,49438,Isekai_Yakkyoku,,
190,44961,Platinum_End,,
191,32013,Oshiete_Galko-chan,,
192,50663,Poputepipikku_2nd_Season,,
193,35848,Promare,,
194,39491,Psycho-Pass_3,,
195,21339,Psycho-Pass_Movie,,
196,32153,Mahou_Shoujo_Madoka%E2%98%85Magica__Concept_Movie,,
197,11977,Mahou_Shoujo_Madoka%E2%98%85Magica_Movie_1__Hajimari_no_Monogatari,,
198,11979,Mahou_Shoujo_Madoka%E2%98%85Magica_Movie_2__Eien_no_Monogatari,,
199,11981,Mahou_Shoujo_Madoka%E2%98%85Magica_Movie_3__Hangyaku_no_Monogatari,,
200,39355,Radiant_2nd_Season,,
201,51297,Ragna_Crimson,,
202,52657,Ousama_Ranking__Yuuki_no_Takarabako,,
203,50590,Koukyuu_no_Karasu,,
204,39587,Re_Zero_kara_Hajimeru_Isekai_Seikatsu_2nd_Season,,
205,42203,Re_Zero_kara_Hajimeru_Isekai_Seikatsu_2nd_Season_Part_2,,
206,52619,Jidou_Hanbaiki_ni_Umarekawatta_Ore_wa_Meikyuu_wo_Samayou,,
207,1604,Katekyou_Hitman_Reborn,,
208,40750,Kaifuku_Jutsushi_no_Yarinaoshi,,
209,49891,Tensei_shitara_Ken_deshita,,
210,42963,Kanojo_Okarishimasu_2nd_Season,,
211,53050,Kanojo_Okarishimasu_3rd_Season,,
212,42892,Baraou_no_Souretsu,,
213,440,Shoujo_Kakumei_Utena,,
214,34126,Rewrite_2nd_Season,,
215,38594,Kimi_to_Nami_ni_Noretara,,
216,52865,Romantic_Killer,,
217,48414,Sabikui_Bisco,,
218,46422,Niehime_to_Kemono_no_Ou,,
219,30727,Saenai_Heroine_no_Sodatekata_%E2%99%AD,,
220,37055,Youjo_Senki_Movie,,
221,34102,Sakurada_Reset,,
222,34494,Sakura_Quest,,
223,44055,Sasaki_to_Miyano,,
224,40314,Sekaiichi_Hatsukoi__Propose-hen,,
225,49782,Shadows_House_2nd_Season,,
226,42205,Shaman_King_2021,,
227,52347,Shangri-La_Frontier__Kusoge_Hunter_Kamige_ni_Idoman_to_su,,
228,48760,Gaikotsu_Kishi-sama_Tadaima_Isekai_e_Odekakechuu,,
229,50416,Skip_to_Loafer,,
230,45425,Slow_Loop,,
231,40392,Runway_de_Waratte,,
232,52299,Ore_dake_Level_Up_na_Ken,,
233,27989,Hibike_Euphonium,,
234,31988,Hibike_Euphonium_2,,
235,53887,Spy_x_Family_Season_2,,
236,54842,Sugar_Apple_Fairy_Tale_Part_2,,
237,1642,Sugar_Sugar_Rune,,
238,47194,Summertime_Render,,
239,50220,Isekai_Shoukan_wa_Nidome_desu,,
240,33417,Super_Lovers_2,,
241,48556,Takt_Op_Destiny,,
242,30911,Tales_of_Zestiria_the_Cross,,
243,34086,Tales_of_Zestiria_the_Cross_2nd_Season,,
244,49721,Karakai_Jouzu_no_Takagi-san_3,,
245,54275,Temple,,
246,38793,Tensei_shitara_Slime_Datta_Ken_OVA,,
247,54714,Kimi_no_Koto_ga_Daidaidaidaidaisuki_na_100-nin_no_Kanojo,,
248,52955,Mahoutsukai_no_Yome_Season_2,,
249,55742,Mahoutsukai_no_Yome_Season_2_Part_2,,
250,50739,Otonari_no_Tenshi-sama_ni_Itsunomanika_Dame_Ningen_ni_Sareteita_Ken,,
251,54492,Kusuriya_no_Hitorigoto,,
252,46093,Shiroi_Suna_no_Aquatope,,
253,40230,Housekishou_Richard-shi_no_Nazo_Kantei,,
254,49114,Vanitas_no_Karte_Part_2,,
255,41094,Xian_Wang_de_Richang_Shenghuo,,
256,52578,Boku_no_Kokoro_no_Yabai_Yatsu,,
257,55690,Boku_no_Kokoro_no_Yabai_Yatsu_2nd_Season,,
258,42745,Machikado_Mazoku__2-choume,,
259,48413,Hataraku_Maou-sama,,
260,53200,Hataraku_Maou-sama_2nd_Season,,
261,33255,Saiki_Kusuo_no_%CE%A8-nan,,
262,34612,Saiki_Kusuo_no_%CE%A8-nan_2,,
263,49858,Shinigami_Bocchan_to_Kuro_Maid_2nd_Season,,
264,34076,Uchouten_Kazoku_2,,
265,48316,Kage_no_Jitsuryokusha_ni_Naritakute,,
266,54595,Kage_no_Jitsuryokusha_ni_Naritakute_2nd_Season,,
267,52985,Dekoboko_Majo_no_Oyako_Jijou,,
268,47159,Tensai_Ouji_no_Akaji_Kokka_Saisei_Jutsu,,
269,52173,Koori_Zokusei_Danshi_to_Cool_na_Douryou_Joshi,,
270,54362,Hametsu_no_Oukoku,,
271,51916,Dekiru_Neko_wa_Kyou_mo_Yuuutsu,,
272,40496,Maou_Gakuin_no_Futekigousha__Shijou_Saikyou_no_Maou_no_Shiso_Tensei_shite_Shison-tachi_no_Gakkou_e_Kayou,,
273,40356,Tate_no_Yuusha_no_Nariagari_Season_2,,
274,40357,Tate_no_Yuusha_no_Nariagari_Season_3,,
275,51215,Seijo_no_Maryoku_wa_Bannou_desu_Season_2,,
276,40615,Umibe_no_%C3%89tranger,,
277,50287,Kyuuketsuki_Sugu_Shinu_2,,
278,53590,Saijaku_Tamer_wa_Gomi_Hiroi_no_Tabi_wo_Hajimemashita,,
279,49776,Kumichou_Musume_to_Sewagakari,,
280,55153,Yuzuki-san_Chi_no_Yonkyoudai,,
281,33191,Kishibe_Rohan_wa_Ugokanai,,
282,9941,Tiger___Bunny,,
283,49709,Fumetsu_no_Anata_e_Season_2,,
284,37033,Emiya-san_Chi_no_Kyou_no_Gohan,,
285,50608,Tokyo_Revengers__Seiya_Kessen-hen,,
286,54918,Tokyo_Revengers__Tenjiku-hen,,
287,52305,Tomo-chan_wa_Onnanoko,,
288,50273,Tomodachi_Game,,
289,50307,Tonikaku_Kawaii_2nd_Season,,
290,52093,Trigun_Stampede,,
291,34822,Tsuki_ga_Kirei,,
292,49889,Tsuki_ga_Michibiku_Isekai_Douchuu_2nd_Season,,
293,34902,Tsurezure_Children,,
294,52826,Tsurune__Tsunagari_no_Issha,,
295,39761,Saezuru_Tori_wa_Habatakanai__The_Clouds_Gather,,
296,42941,Uma_Musume__Pretty_Derby_Season_2,,
297,49220,Isekai_Ojisan,,
298,54790,Undead_Girl_Murder_Farce,,
299,52741,Undead_Unluck,,
300,1293,Urusei_Yatsura,,
301,50710,Urusei_Yatsura_2022,,
302,54829,Urusei_Yatsura_2022_2nd_Season,,
303,54837,Akuyaku_Reijou_Level_99__Watashi_wa_Ura-Boss_desu_ga_Maou_dewa_Arimasen,,
304,49387,Vinland_Saga_Season_2,,
305,39741,Violet_Evergarden_Gaiden__Eien_to_Jidou_Shuki_Ningyou,,
306,37095,Violet_Evergarden__Kitto_Ai_wo_Shiru_Hi_ga_Kuru_no_Darou,,
307,40571,Majo_no_Tabitabi,,
308,38186,Bokutachi_wa_Benkyou_ga_Dekinai,,
309,40004,Bokutachi_wa_Benkyou_ga_Dekinai,,
310,49784,Mairimashita_Iruma-kun_3rd_Season,,
311,34636,Ballroom_e_Youkoso,,
312,24405,World_Trigger,,
313,40907,World_Trigger_2nd_Season,,
314,44940,World_Trigger_3rd_Season,,
315,33502,Shuumatsu_Nani_Shitemasu_ka_Isogashii_desu_ka_Sukutte_Moratte_Ii_desu_ka,,
316,50380,Paripi_Koumei,,
317,28,Yakitate_Japan,,
318,41911,Hanyou_no_Yashahime__Sengoku_Otogizoushi,,
319,48505,Hanyou_no_Yashahime__Sengoku_Otogizoushi_-_Ni_no_Shou,,
320,35789,Yowamushi_Pedal__Glory_Line,,
321,50552,Yowamushi_Pedal__Limit_Break,,
322,31783,Yowamushi_Pedal__New_Generation,,
323,392,Yuu%E2%98%86Yuu%E2%98%86Hakusho,,
324,36999,Zoku_Owarimonogatari,,
325,54112,Zom_100__Zombie_ni_Naru_made_ni_Shitai_100_no_Koto,,
326,52034,Oshi_no_Ko,,
327,29978,001,,
328,5525,07-Ghost,,
329,6682,11eyes,,
330,7739,11eyes__Momoiro_Genmutan,,
331,41744,365-nichi_no_Love_Song,,
332,20913,6%E2%99%A5Princess,,
333,32853,7-kakan,,
334,41457,86,,
335,50475,86_Part_2_Recaps,,
336,32998,91_Days,,
337,33964,91_Days__Mijikai_Rousoku,,
338,34777,91_Days__Toki_no_Asase_Subete_no_Kinou_Ashita_Mata_Ashita,,
339,4654,Toaru_Majutsu_no_Index,,
340,8937,Toaru_Majutsu_no_Index_II,,
341,36432,Toaru_Majutsu_no_Index_III,,
342,6213,Toaru_Kagaku_no_Railgun,,
343,16049,Toaru_Kagaku_no_Railgun_S,,
344,3210,Ikoku_Irokoi_Romantan,,
345,24197,E_no_Umakatta_Tomodachi,,
346,10389,Momo_e_no_Tegami,,
347,16067,Nagi_no_Asu_kara,,
348,39057,A_New_Journey,,
349,35839,Sora_yori_mo_Tooi_Basho,,
350,28851,Koe_no_Katachi,,
351,41168,Nakitai_Watashi_wa_Neko_wo_Kaburu,,
352,11759,Accel_World,,
353,29785,Jitsu_wa_Watashi_wa,,
354,39093,Additional_Memory,,
355,34984,Koi_wa_Ameagari_no_You_ni,,
356,36904,Aggressive_Retsuko_ONA,,
357,37985,Aggressive_Retsuko_ONA_2nd_Season,,
358,40215,Aggressive_Retsuko_ONA_3rd_Season,,
359,45489,Aggressive_Retsuko_ONA_4th_Season,,
360,38815,Aggressive_Retsuko__We_Wish_You_a_Metal_Christmas,,
361,31908,Ai_think_so,,
362,16169,Choboraunyopomi_Gekijou_Ai_Mai_Mii,,
363,23551,Choboraunyopomi_Gekijou_Dai_Ni_Maku_Ai_Mai_Mii__Mousou_Catastrophe,,
364,34295,Choboraunyopomi_Gekijou_Dai_San_Maku_Ai_Mai_Mii__Surgical_Friends,,
365,857,Air_Gear,,
366,17082,Aiura,,
367,32015,Ajin_OVA,,
368,31580,Ajin,,
369,33253,Ajin_Part_2,,
370,22199,Akame_ga_Kill,,
371,32951,Rokudenashi_Majutsu_Koushi_to_Akashic_Records,,
372,34051,Akibas_Trip_The_Animation,,
373,47,Akira,,
374,22729,AldnoahZero,,
375,27655,AldnoahZero_Part_2,,
376,36001,Alice_or_Alice,,
377,17901,All_Alone_With_You,,
378,31588,All_Out,,
379,22147,Amagi_Brilliant_Park,,
380,30206,Amagi_Brilliant_Park__Nonbirishiteiru_Hima_ga_Nai,,
381,30056,Amagi_Brilliant_Park__Wakuwaku_Mini_Theater_-_Rakugaki_Backstage,,
382,15085,Amnesia,,
383,20655,Amnesia_OVA,,
384,31404,Netoge_no_Yome_wa_Onnanoko_ja_Nai_to_Omotta,,
385,39975,Android_Girl_feat_Hatsune_Miku,,
386,6547,Angel_Beats,,
387,9062,Angel_Beats_Specials,,
388,35994,Satsuriku_no_Tenshi,,
389,39288,Anger,,
390,31519,Anitore_EX,,
391,33746,Anitore_XX__Hitotsu_Yane_no_Shita_de,,
392,35427,Animegataris,,
393,9989,Ano_Hi_Mita_Hana_no_Namae_wo_Bokutachi_wa_Mada_Shiranai,,
394,11111,Another,,
395,20365,Another__Misaki_Mei_-_Shizukani,,
396,11701,Another__The_Other_-_Inga,,
397,34611,Answer_2016,,
398,30205,Aoharu_x_Kikanjuu,,
399,31754,Aoharu_x_Kikanjuu__Kemono-tachi_no_Senjou_da_na,,
400,40532,Appare-Ranman,,
401,7647,Arakawa_Under_the_Bridge,,
402,9074,Arakawa_Under_the_Bridge_x_Bridge,,
403,40128,Arte,,
404,37716,Beelzebub-jou_no_Okinimesu_mama,,
405,39468,Honzuki_no_Gekokujou__Shisho_ni_Naru_Tame_ni_wa_Shudan_wo_Erandeiraremasen,,
406,40815,Honzuki_no_Gekokujou__Shisho_ni_Naru_Tame_ni_wa_Shudan_wo_Erandeiraremasen_2nd_Season,,
407,42429,Honzuki_no_Gekokujou__Shisho_ni_Naru_Tame_ni_wa_Shudan_wo_Erandeiraremasen_3rd_Season,,
408,40841,Honzuki_no_Gekokujou__Shisho_ni_Naru_Tame_ni_wa_Shudan_wo_Erandeiraremasen_OVA,,
409,37171,Asobi_Asobase,,
410,24833,Ansatsu_Kyoushitsu,,
411,30654,Ansatsu_Kyoushitsu_2nd_Season,,
412,33513,Ansatsu_Kyoushitsu__365-nichi_no_Jikan,,
413,19759,Ansatsu_Kyoushitsu__Jump_Festa_2013_Special,,
414,28405,Ansatsu_Kyoushitsu__Deai_no_Jikan,,
415,16498,Shingeki_no_Kyojin,,
416,18397,Shingeki_no_Kyojin_OVA,,
417,25777,Shingeki_no_Kyojin_Season_2,,
418,35760,Shingeki_no_Kyojin_Season_3,,
419,38524,Shingeki_no_Kyojin_Season_3_Part_2,,
420,40028,Shingeki_no_Kyojin__The_Final_Season,,
421,31374,Shingeki_Kyojin_Chuugakkou,,
422,36106,Shingeki_no_Kyojin__Lost_Girls,,
423,25781,Shingeki_no_Kyojin__Kuinaki_Sentaku,,
424,31880,B_Who_I_Want_2_B,,
425,33046,B-Project__KodouAmbitious,,
426,36483,B-Project__ZecchouEmotion,,
427,40560,Baby_Maniacs_feat_Hatsune_Miku,,
428,2251,Baccano,,
429,43756,Bakuten,,
430,9471,Baka_to_Test_to_Shoukanjuu__Matsuri,,
431,8516,Baka_to_Test_to_Shoukanjuu_Ni,,
432,7805,Baka_to_Test_to_Shoukanjuu__Mondai_-_Christmas_ni_Tsuite_Kotae_Nasai,,
433,6347,Baka_to_Test_to_Shoukanjuu,,
434,24727,Baka_to_Test_to_Shoukanjuu_Ni__Mahou_Hideyoshi_Hideyoshi,,
435,7870,Baka_to_Test_to_Shoukanjuu_Specials,,
436,10431,Baka_to_Test_to_Shoukanjuu__Matsuri_-_Sentaku_ni_Yotte_Tenkai_ga_Kawaru_LIPS_Eizou,,
437,31298,Baka_to_Test_to_Shoukanjuu__Matsuri_-_Sentakushi_Ikou_nomi,,
438,10834,Baka_to_Test_to_Shoukanjuu__Spinout_Sore_ga_Bokura_no_Nichijou,,
439,5081,Bakemonogatari,,
440,36649,Banana_Fish,,
441,32664,Bananya,,
442,22789,Barakamon,,
443,36517,Ninja_Batman,,
444,43814,Deatte_5-byou_de_Battle,,
445,39195,Beastars,,
446,40935,Beastars_2nd_Season,,
447,38551,Beat_in_Love_2018,,
448,10396,Ben-To,,
449,18153,Kyoukai_no_Kanata,,
450,23385,Kyoukai_no_Kanata__Shinonome,,
451,28675,Kyoukai_no_Kanata_Movie_2__Ill_Be_Here_-_Mirai-hen,,
452,25015,Kyoukai_no_Kanata_Movie_1__Ill_Be_Here_-_Kako-hen,,
453,21241,Kyoukai_no_Kanata__Idol_Saiban_Mayoi_Nagara_mo_Kimi_wo_Sabaku_Tami,,
454,25991,Bishoujo_Mobage__Mobami-chan,,
455,20787,Black_Bullet,,
456,4898,Kuroshitsuji,,
457,6707,Kuroshitsuji_II,,
458,9136,Kuroshitsuji_II_Specials,,
459,22145,Kuroshitsuji__Book_of_Circus,,
460,889,Black_Lagoon,,
461,1519,Black_Lagoon__The_Second_Barrage,,
462,11285,Black%E2%98%85Rock_Shooter_TV,,
463,38809,Blackn_White_Jammin_Cats,,
464,12079,Black%E2%98%85Rock_Shooter,,
465,7059,Black%E2%98%85Rock_Shooter_OVA,,
466,14075,Zetsuen_no_Tempest,,
467,34618,Blend_S,,
468,24439,Kekkai_Sensen,,
469,34451,Kekkai_Sensen___Beyond,,
470,10490,Blood-C,,
471,33985,Bloodivores,,
472,37786,Yagate_Kimi_ni_Naru,,
473,9919,Ao_no_Exorcist,,
474,33506,Ao_no_Exorcist__Kyoto_Fujouou-hen,,
475,11266,Ao_no_Exorcist__Kuro_no_Iede,,
476,11737,Ao_no_Exorcist_Movie,,
477,10647,Ao_no_Exorcist__Ura_Ex,,
478,46352,Blue_Period,,
479,40564,Blue_Star_feat_Hatsune_Miku,,
480,40060,BNA,,
481,37475,Kishuku_Gakkou_no_Juliet,,
482,16405,Boku_no_Imouto_wa_Osaka_Okan,,
483,38997,Boku_wa_Mou_Inai,,
484,9907,Bokura_no_Live_Kimi_to_no_Life,,
485,25839,Bonjour%E2%99%AAKoiaji_P%C3%A2tisserie,,
486,40530,Jaku-Chara_Tomozaki-kun,,
487,15605,Brothers_Conflict,,
488,25437,Brothers_Conflict_OVA,,
489,22745,Brothers_Conflict__Setsubou,,
490,14345,Btooom,,
491,53411,Buddy_Daddies,,
492,31478,Bungou_Stray_Dogs,,
493,32867,Bungou_Stray_Dogs_2nd_Season,,
494,10162,Usagi_Drop,,
495,11113,Usagi_Drop_Specials,,
496,31048,Burenai_Ai_de,,
497,41468,Burn_the_Witch,,
498,42395,Shakunetsu_Kabaddi,,
499,232,Cardcaptor_Sakura,,
500,372,Cardcaptor_Sakura_Movie_2__Fuuin_Sareta_Card,,
501,2424,Suteki_desu_wa_Sakura-chan_Tomoyo_no_Cardcaptor_Sakura_Katsuyaku_Video_Nikki,,
502,371,Cardcaptor_Sakura_Movie_1,,
503,33354,Cardcaptor_Sakura__Clear_Card-hen,,
504,35320,Cardcaptor_Sakura__Clear_Card-hen_Prologue_-_Sakura_to_Futatsu_no_Kuma,,
505,1078,Cardcaptor_Sakura__Kero-chan_ni_Omakase,,
506,40683,Carry_Me_Off_feat_Hatsune_Miku,,
507,513,Tenkuu_no_Shiro_Laputa,,
508,6166,Asobi_ni_Iku_yo,,
509,37141,Hataraku_Saibou,,
510,41694,Hataraku_Saibou_Black,,
511,39586,Hataraku_Saibou,,
512,44511,Chainsaw_Man,,
513,28999,Charlotte,,
514,31553,Charlotte__Tsuyoimono-tachi,,
515,32483,Cheer_Danshi,,
516,33798,Cheer_Danshi_Recap,,
517,34712,Kujira_no_Kora_wa_Sajou_ni_Utau,,
518,10799,Chime,,
519,35821,Chio-chan_no_Tsuugakuro,,
520,59,Chobits,,
521,34382,Citrus,,
522,2167,Clannad,,
523,4181,Clannad__After_Story,,
524,40687,Cleaning_Switch,,
525,34802,Cobalt_World,,
526,1575,Code_Geass__Hangyaku_no_Lelouch,,
527,1953,Code_Geass__Hangyaku_no_Lelouch_Picture_Drama,,
528,2904,Code_Geass__Hangyaku_no_Lelouch_R2,,
529,2124,Code_Geass__Hangyaku_no_Lelouch_Recaps,,
530,11703,Code_Breaker,,
531,15633,Code_Breaker_OVA,,
532,31456,Code_Realize_-_Sousei_no_Himegimi,,
533,8142,Colorful_Movie,,
534,41456,Sentouin_Haken_shimasu,,
535,13807,Corpse_Party__Missing_Footage,,
536,15037,Corpse_Party__Tortured_Souls_-_Bougyakusareta_Tamashii_no_Jukyou,,
537,1,Cowboy_Bebop,,
538,4037,Cowboy_Bebop__Yose_Atsume_Blues,,
539,5,Cowboy_Bebop__Tengoku_no_Tobira,,
540,32906,Bishoujo_Yuugi_Unit_Crane_Game_Girls,,
541,40690,Crazy_Roulette,,
542,37188,Fumikiri_Jikan,,
543,37036,Binan_Koukou_Chikyuu_Bouei-bu_Happy_Kiss,,
544,27727,Binan_Koukou_Chikyuu_Bouei-bu_LOVE,,
545,31417,Binan_Koukou_Chikyuu_Bouei-bu_LOVE_LOVE,,
546,20031,D-Frag,,
547,1482,DGray-man,,
548,32370,DGray-man_Hallow,,
549,31636,Dagashi_Kashi,,
550,36049,Dagashi_Kashi_2,,
551,11843,Danshi_Koukousei_no_Nichijou,,
552,12893,Danshi_Koukousei_no_Nichijou_Specials,,
553,38487,Daitan_Futeki_ni_Koi_Shitai,,
554,37597,Dakaretai_Otoko_1-i_ni_Odosarete_Imasu,,
555,35988,Dame_x_Prince_Anime_Caravan,,
556,6747,Dance_in_the_Vampire_Bund,,
557,8211,Dance_in_the_Vampire_Bund__Special_Edition,,
558,34860,Dance_XX,,
559,30127,Danchigai,,
560,31683,Danchigai__Juusan_Goutou_Sentou_Ikitai,,
561,16592,Danganronpa__Kibou_no_Gakuen_to_Zetsubou_no_Koukousei_The_Animation,,
562,15583,Date_A_Live,,
563,19163,Date_A_Live_II,,
564,22961,Date_A_Live_II__Kurumi_Star_Festival,,
565,36633,Date_A_Live_III,,
566,32494,Days,,
567,34497,Death_March_kara_Hajimaru_Isekai_Kyousoukyoku,,
568,1535,Death_Note,,
569,28223,Death_Parade,,
570,23483,Decorator,,
571,34165,Oishi-sa_Hajikeru_One_Piece,,
572,38000,Kimetsu_no_Yaiba,,
573,40456,Kimetsu_no_Yaiba_Movie__Mugen_Ressha-hen,,
574,47778,Kimetsu_no_Yaiba__Yuukaku-hen,,
575,49926,Kimetsu_no_Yaiba__Mugen_Ressha-hen,,
576,40686,Desktop_Cinderella_feat_Hatsune_Miku,,
577,35120,Devilman__Crybaby,,
578,16890,Makai_Ouji__Devils_and_Realist,,
579,17513,Diabolik_Lovers,,
580,29974,Diabolik_Lovers_MoreBlood,,
581,27417,Diabolik_Lovers_OVA,,
582,40710,Distorted_Princess,,
583,42361,Ijiranaide_Nagatoro-san,,
584,38668,Dorohedoro,,
585,37520,Dororo,,
586,40694,Dosukoi_Tarou,,
587,10838,Double-J,,
588,30346,Doukyuusei,,
589,10691,Downloader,,
590,42822,Kai_Byoui_Ramune,,
591,38691,Dr_Stone,,
592,40852,Dr_Stone__Stone_Wars,,
593,36884,Hisone_to_Maso-tan,,
594,23333,DRAMAtical_Murder,,
595,19519,Dream_Creator_feat_GUMI,,
596,12683,Yumeyume,,
597,9331,Yumekui_Merry,,
598,31339,Drifters,,
599,36906,Jashin-chan_Dropkick,,
600,38383,Jashin-chan_Dropkick_Episode_12,,
601,39049,Jashin-chan_Dropkick,,
602,36173,Suna_no_Wakusei_feat_Hatsune_Miku,,
603,6746,Durarara,,
604,19137,EDEN,,
605,5630,Higashi_no_Eden,,
606,12623,Egomama,,
607,40556,Electric_Love_feat_Hatsune_Miku,,
608,226,Elfen_Lied,,
609,376,Elfen_Lied__Tooriame_nite_Arui_wa_Shoujo_wa_Ikani_Shite_Sono_Shinjou_ni_Itatta_ka_-_Regenschauer,,
610,20541,Mikakunin_de_Shinkoukei,,
611,31043,Boku_dake_ga_Inai_Machi,,
612,12121,Towa_no_Kizuna,,
613,6702,Fairy_Tail,,
614,35972,Fairy_Tail__Final_Series,,
615,9982,Fairy_Tail_OVA,,
616,22043,Fairy_Tail_2014,,
617,32930,Fairy_Tail_OVA_2016,,
618,12049,Fairy_Tail_Movie_1__Houou_no_Miko,,
619,17535,Fairy_Tail_Movie_1__Houou_no_Miko_-_Hajimari_no_Asa,,
620,18393,Fairy_Tail_x_Rave,,
621,19187,Fake_Doll,,
622,32745,Fake_Style,,
623,32747,Fake_Style_II,,
624,34662,Fate_Apocrypha,,
625,33047,Fate_Extra__Last_Encore,,
626,356,Fate_stay_night,,
627,22297,Fate_stay_night__Unlimited_Blade_Works,,
628,28701,Fate_stay_night__Unlimited_Blade_Works_2nd_Season,,
629,10087,Fate_Zero,,
630,11741,Fate_Zero_2nd_Season,,
631,42544,Kaizoku_Oujo,,
632,38671,Enen_no_Shouboutai,,
633,40956,Enen_no_Shouboutai__Ni_no_Shou,,
634,4362,Fireball,,
635,31109,Hatsukoi_Monster,,
636,227,FLCL,,
637,35842,FLCL_Alternative,,
638,33010,FLCL_Progressive,,
639,32979,Flip_Flappers,,
640,41183,Mofumofuiction,,
641,31376,Flying_Witch,,
642,31327,Shokugeki_no_Souma_OVA,,
643,28171,Shokugeki_no_Souma,,
644,40902,Shokugeki_no_Souma__Gou_no_Sara,,
645,39940,Shokugeki_no_Souma__Shin_no_Sara,,
646,32282,Shokugeki_no_Souma__Ni_no_Sara,,
647,34480,Shokugeki_no_Souma__Ni_no_Sara_OVA,,
648,35788,Shokugeki_no_Souma__San_no_Sara,,
649,36949,Shokugeki_no_Souma__San_no_Sara_-_Tootsuki_Ressha-hen,,
650,36652,Piano_no_Mori_TV,,
651,37975,Piano_no_Mori_TV_2nd_Season,,
652,36397,Shiyan_Pin_Jiating,,
653,18507,Free,,
654,36704,Free_Dive_to_the_Future,,
655,22265,Free_Eternal_Summer,,
656,26213,Free_Eternal_Summer__Kindan_no_All_Hard,,
657,30415,High%E2%98%86Speed_Movie__Free_Starting_Days,,
658,19671,Free__FrFr_-_Short_Movie,,
659,22513,Freely_Tomorrow,,
660,10029,Coquelicot-zaka_kara,,
661,120,Fruits_Basket,,
662,38680,Fruits_Basket_1st_Season,,
663,40417,Fruits_Basket_2nd_Season,,
664,42938,Fruits_Basket__The_Final,,
665,44276,Kyuukyoku_Shinka_shita_Full_Dive_RPG_ga_Genjitsu_yori_mo_Kusoge_Dattara,,
666,121,Fullmetal_Alchemist,,
667,30746,Fushigi_na_Somera-chan,,
668,33731,Gabriel_DropOut,,
669,19521,GAME_OVER_feat_Hatsune_Miku,,
670,25183,Gangsta,,
671,28907,Gate__Jieitai_Kanochi_nite_Kaku_Tatakaeri,,
672,31637,Gate__Jieitai_Kanochi_nite_Kaku_Tatakaeri_Part_2,,
673,1571,Ghost_Hunt,,
674,43,Koukaku_Kidoutai,,
675,918,Gintama,,
676,9969,Gintama,,
677,28977,Gintama%C2%B0,,
678,34096,Gintama,,
679,25313,Gintama__Futon_ni_Haitte_kara_Buki_Nokoshi_ni_Kizuite_Neru_ni_Nerenai_Toki_mo_Aru,,
680,36838,Gintama_Shirogane_no_Tamashii-hen,,
681,37491,Gintama_Shirogane_no_Tamashii-hen_-_Kouhan-sen,,
682,35843,Gintama_Porori-hen,,
683,10643,Gintama__Dai_Hanseikai,,
684,15417,Gintama__Enchousen,,
685,2951,Gintama__Nanigoto_mo_Saisho_ga_Kanjin_nanode_Tashou_Senobisuru_Kurai_ga_Choudoyoi,,
686,6945,Gintama__Shiroyasha_Koutan,,
687,32366,Gintama%C2%B0__Aizome_Kaori-hen,,
688,9735,Gintama__Shinyaku_Benizakura-hen,,
689,7472,Gintama_Movie_1__Shinyaku_Benizakura-hen,,
690,15335,Gintama_Movie_2__Kanketsu-hen_-_Yorozuya_yo_Eien_Nare,,
691,21899,Gintama__Yorinuki_Gintama-san_on_Theater_2D,,
692,32122,Gintama%C2%B0__Umai-mono_wa_Atomawashi_ni_Suru_to_Yokodorisareru_kara_Yappari_Saki_ni_Kue,,
693,32607,Giarlish_Number,,
694,35838,Shoujo_Shuumatsu_Ryokou,,
695,38486,Go_Now,,
696,21267,Go_Go_575,,
697,37349,Goblin_Slayer,,
698,28351,Hikari_no_Megami,,
699,43229,Godzilla__SP,,
700,36028,Golden_Kamuy,,
701,37989,Golden_Kamuy_2nd_Season,,
702,40059,Golden_Kamuy_3rd_Season,,
703,17895,Golden_Time,,
704,8425,Gosick,,
705,37105,Grand_Blue,,
706,578,Hotaru_no_Haka,,
707,34176,Zero_kara_Hajimeru_Mahou_no_Sho,,
708,9379,Denpa_Onna_to_Seishun_Otoko,,
709,10638,Denpa_Onna_to_Seishun_Otoko__Mayonaka_no_Taiyou,,
710,23251,Gugure_Kokkuri-san,,
711,27945,Gugure_Kokkuri-san_Specials,,
712,10793,Guilty_Crown,,
713,2001,Tengen_Toppa_Gurren_Lagann,,
714,30721,Hacka_Doll_The_Animation,,
715,14027,Boku_wa_Tomodachi_ga_Sukunai__Relay_Shousetsu_wa_Ketsumatsu_ga_Hanpanai,,
716,10719,Boku_wa_Tomodachi_ga_Sukunai,,
717,14967,Boku_wa_Tomodachi_ga_Sukunai_Next,,
718,34013,Hagane_Orchestra,,
719,20583,Haikyuu,,
720,28891,Haikyuu_Second_Season,,
721,32935,Haikyuu_Karasuno_Koukou_vs_Shiratorizawa_Gakuen_Koukou,,
722,38883,Haikyuu_To_the_Top,,
723,15043,Haitai_Nanafa,,
724,17727,Haitai_Nanafa_2nd_Season,,
725,23619,Haiyore_Nyaruko-san_W__W_ni_Sayonara_Kono_Onsen_ni_Koi_no_Konton_wo,,
726,18713,Haiyore_Nyaruko-san__Yasashii_Teki_no_Shitome-kata,,
727,9598,Haiyoru_Nyaruani__Remember_My_Lovecraft-sensei,,
728,39620,Hakata_Mentai_Pirikarako-chan,,
729,35889,Hakata_Tonkotsu_Ramens,,
730,31143,Onsen_Yousei_Hakone-chan,,
731,36094,Hakumei_to_Mikochi,,
732,21855,Hanamonogatari,,
733,37259,Hanebado,,
734,36918,Happy_Happy_Party,,
735,35983,Harukana_Receive,,
736,11543,Hate_You,,
737,33905,Hatsune_Miku__Hiyashite_Narasou_Okashi_no_Ii_Oto,,
738,32542,Sakamoto_desu_ga,,
739,41195,Kokoro_Yohou,,
740,41762,Tenchi_Souzou_Design-bu,,
741,5958,Sora_no_Otoshimono,,
742,8407,Sora_no_Otoshimono_Forte,,
743,7858,Sora_no_Otoshimono__Project_Pink,,
744,9790,Sora_no_Otoshimono__Tokeijikake_no_Angeloid,,
745,12783,Sora_no_Otoshimono_Final__Eternal_My_Master,,
746,5060,Hetalia_Axis_Powers,,
747,8479,Hetalia_World_Series,,
748,15195,Hetalia__The_Beautiful_World,,
749,5774,Seitokaichou_ni_Chuukoku,,
750,21877,High_Score_Girl,,
751,39570,High_Score_Girl_II,,
752,38422,High_Score_Girl__Extra_Stage,,
753,40938,Hige_wo_Soru_Soshite_Joshikousei_wo_Hirou,,
754,8074,Highschool_of_the_Dead,,
755,9515,Highschool_of_the_Dead__Drifters_of_the_Dead,,
756,10958,High_Score,,
757,934,Higurashi_no_Naku_Koro_ni,,
758,1889,Higurashi_no_Naku_Koro_ni_Kai,,
759,28825,Himouto_Umaru-chan,,
760,35376,Himouto_Umaru-chan_R,,
761,36296,Hinamatsuri,,
762,37007,Hinomaruzumou,,
763,33654,Hitorijime_My_Hero,,
764,41766,Hitotsu_no_Doa,,
765,33241,Honobono_Log,,
766,42897,Horimiya,,
767,19185,HORIZON_feat_Hatsune_Miku,,
768,37210,Isekai_Maou_to_Shoukan_Shoujo_no_Dorei_Majutsu,,
769,41623,Isekai_Maou_to_Shoukan_Shoujo_no_Dorei_Majutsu_%CE%A9,,
770,35828,Miira_no_Kaikata,,
771,431,Howl_no_Ugoku_Shiro,,
772,20431,Hoozuki_no_Reitetsu,,
773,35075,Hoozuki_no_Reitetsu_2nd_Season,,
774,37029,Hoozuki_no_Reitetsu_2nd_Season__Sono_Ni,,
775,10357,Jinrui_wa_Suitai_Shimashita,,
776,15617,Jinrui_wa_Suitai_Shimashita_Specials,,
777,31338,Hundred,,
778,11061,Hunter_x_Hunter_2011,,
779,12189,Hyouka,,
780,13469,Hyouka__Motsubeki_Mono_wa,,
781,26349,Danna_ga_Nani_wo_Itteiru_ka_Wakaranai_Ken,,
782,29067,Danna_ga_Nani_wo_Itteiru_ka_Wakaranai_Ken_2_Sure-me,,
783,36098,Kimi_no_Suizou_wo_Tabetai,,
784,38254,Hashiri_Tsuzukete_Yokatta_tte,,
785,40586,Slime_Taoshite_300-nen_Shiranai_Uchi_ni_Level_Max_ni_Nattemashita,,
786,39203,Idobata_Gossip,,
787,38471,Idol_Fantasy,,
788,33899,IDOLiSH7,,
789,41853,Ievan_Polkka,,
790,40709,Iiwake_Love_Song,,
791,15227,Kono_Sekai_no_Katasumi_ni,,
792,39017,Kyokou_Suiri,,
793,40442,Initiation_feat_Hatsune_Miku,,
794,33988,Demi-chan_wa_Kataritai,,
795,10408,Hotarubi_no_Mori_e,,
796,11013,Inu_x_Boku_SS,,
797,13403,Inu_x_Boku_SS__Miketsukami-kun_Henka_Switch_Omamagoto,,
798,22123,Inugami-san_to_Nekoyama-san,,
799,249,InuYasha,,
800,450,InuYasha_Movie_2__Kagami_no_Naka_no_Mugenjou,,
801,451,InuYasha_Movie_3__Tenka_Hadou_no_Ken,,
802,449,InuYasha_Movie_4__Guren_no_Houraijima,,
803,452,InuYasha_Movie_1__Toki_wo_Koeru_Omoi,,
804,4886,InuYasha__Kuroi_Tessaiga,,
805,6811,InuYasha__Kanketsu-hen,,
806,34542,Inuyashiki,,
807,10849,Shinryaku_Ika_Musume__Ika_Ice_Tabena-ika,,
808,37497,Irozuku_Sekai_no_Ashita_kara,,
809,41727,Iroha_Matsuri,,
810,28121,Dungeon_ni_Deai_wo_Motomeru_no_wa_Machigatteiru_Darou_ka,,
811,37347,Dungeon_ni_Deai_wo_Motomeru_no_wa_Machigatteiru_Darou_ka_II,,
812,40453,Dungeon_ni_Deai_wo_Motomeru_no_wa_Machigatteiru_Darou_ka_II_OVA,,
813,37348,Dungeon_ni_Deai_wo_Motomeru_no_wa_Machigatteiru_Darou_ka_Movie__Orion_no_Ya,,
814,32801,Dungeon_ni_Deai_wo_Motomeru_no_wa_Machigatteiru_Darou_ka_OVA,,
815,21273,Gochuumon_wa_Usagi_desu_ka,,
816,29787,Gochuumon_wa_Usagi_desu_ka,,
817,8841,Kore_wa_Zombie_desu_ka,,
818,10790,Kore_wa_Zombie_desu_ka_of_the_Dead,,
819,15437,Kore_wa_Zombie_desu_ka_of_the_Dead__Hai_Minotake_ni_Attemasu,,
820,38472,Isekai_Quartet,,
821,39988,Isekai_Quartet_2,,
822,33433,Shuumatsu_no_Izetta,,
823,37992,Jingai-san_no_Yome,,
824,14719,JoJo_no_Kimyou_na_Bouken_TV,,
825,31933,JoJo_no_Kimyou_na_Bouken_Part_4__Diamond_wa_Kudakenai,,
826,37991,JoJo_no_Kimyou_na_Bouken_Part_5__Ougon_no_Kaze,,
827,20899,JoJo_no_Kimyou_na_Bouken_Part_3__Stardust_Crusaders,,
828,26055,JoJo_no_Kimyou_na_Bouken_Part_3__Stardust_Crusaders_-_Egypt-hen,,
829,48661,JoJo_no_Kimyou_na_Bouken_Part_6__Stone_Ocean,,
830,51367,JoJo_no_Kimyou_na_Bouken_Part_6__Stone_Ocean_Part_2,,
831,53273,JoJo_no_Kimyou_na_Bouken_Part_6__Stone_Ocean_Part_3,,
832,47250,Jouran__The_Princess_of_Snow_and_Blood,,
833,40748,Jujutsu_Kaisen,,
834,37538,Junai_Rhapsody,,
835,41739,Jungle_Dance,,
836,35076,Juuni_Taisen,,
837,3092,Junjou_Romantica,,
838,4814,Junjou_Romantica_2,,
839,14467,K,,
840,5680,K-On,,
841,6862,K-On__Live_House,,
842,7791,K-On,,
843,9617,K-On_Movie,,
844,9734,K-On__Keikaku,,
845,16904,K__Missing_Kings,,
846,27991,K__Return_of_Kings,,
847,28623,Koutetsujou_no_Kabaneri,,
848,43691,Kageki_Shoujo,,
849,37999,Kaguya-sama_wa_Kokurasetai__Tensai-tachi_no_Renai_Zunousen,,
850,43608,Kaguya-sama_wa_Kokurasetai__Ultra_Romantic,,
851,40591,Kaguya-sama_wa_Kokurasetai_Tensai-tachi_no_Renai_Zunousen,,
852,3701,Kaiba,,
853,34933,Kakegurui,,
854,37086,Kakegurui%C3%97%C3%97,,
855,40716,Kakushigoto,,
856,21563,Kamigami_no_Asobi,,
857,14713,Kamisama_Hajimemashita,,
858,21511,Kantai_Collection__KanColle,,
859,1530,Kanon_2006,,
860,37447,Karakuri_Circus,,
861,469,Karin,,
862,16035,Karneval_TV,,
863,6594,Katanagatari,,
864,33018,Katsugeki_Touken_Ranbu,,
865,41685,Kaze_no_Organ,,
866,39792,Eizouken_ni_wa_Te_wo_Dasu_na,,
867,40908,Kemono_Jihen,,
868,34501,Kenka_Banchou_Otome__Girl_Beats_Boys,,
869,512,Majo_no_Takkyuubin,,
870,18679,Kill_la_Kill,,
871,11079,Kill_Me_Baby,,
872,34964,Killing_Bites,,
873,36630,Kimagure_Mercy,,
874,6045,Kimi_ni_Todoke,,
875,9656,Kimi_ni_Todoke_2nd_Season,,
876,41541,Kimi_no_Machi_nimo_Ame_wa_Furu_no_Kai,,
877,41570,Kirameki_Inokori_Daisensou,,
878,3375,Kirepapa,,
879,31798,Kiznaiver,,
880,9260,Kizumonogatari_I__Tekketsu-hen,,
881,31757,Kizumonogatari_II__Nekketsu-hen,,
882,31758,Kizumonogatari_III__Reiketsu-hen,,
883,32400,KochinPa,,
884,34503,KochinPa_Dainiki,,
885,41103,Koi_to_Yobu_ni_wa_Kimochi_Warui,,
886,36548,Kokkoku,,
887,48926,Komi-san_wa_Comyushou_desu,,
888,31091,Komori-san_wa_Kotowarenai,,
889,35241,Konohana_Kitan,,
890,30831,Kono_Subarashii_Sekai_ni_Shukufuku_wo,,
891,32380,Kono_Subarashii_Sekai_ni_Shukufuku_wo__Kono_Subarashii_Choker_ni_Shukufuku_wo,,
892,32937,Kono_Subarashii_Sekai_ni_Shukufuku_wo_2,,
893,34626,Kono_Subarashii_Sekai_ni_Shukufuku_wo_2__Kono_Subarashii_Geijutsu_ni_Shukufuku_wo,,
894,32268,Koyomimonogatari,,
895,11771,Kuroko_no_Basket,,
896,16894,Kuroko_no_Basket_2nd_Season,,
897,24415,Kuroko_no_Basket_3rd_Season,,
898,16916,Kuroko_no_Basket__Tip_Off,,
899,20909,Kyoukai_no_Kanata__Mini_Gekijou,,
900,19703,Kyousou_Giga_TV,,
901,5365,Tsumiki_no_Ie,,
902,32748,La_Primavera,,
903,12967,Arcana_Famiglia,,
904,34798,Yuru_Camp%E2%96%B3,,
905,38474,Yuru_Camp%E2%96%B3_Season_2,,
906,35557,Houseki_no_Kuni,,
907,42568,Yaku_nara_Mug_Cup_mo,,
908,40620,Uramichi_Oniisan,,
909,40702,Life_Size,,
910,39001,Light_Speed_Days,,
911,33489,Little_Witch_Academia_TV,,
912,35677,Liz_to_Aoi_Tori,,
913,35484,Osake_wa_Fuufu_ni_Natte_kara,,
914,15051,Love_Live_School_Idol_Project,,
915,19111,Love_Live_School_Idol_Project_2nd_Season,,
916,32526,Love_Live_Sunshine,,
917,34973,Love_Live_Sunshine_2nd_Season,,
918,34402,Love_Kome__We_Love_Rice,,
919,35818,Love_Kome__We_Love_Rice_Nikisaku,,
920,21105,Love_Stage,,
921,36943,Tachibanakan_Triangle,,
922,37608,Renai_Saiban,,
923,14741,Chuunibyou_demo_Koi_ga_Shitai,,
924,15879,Chuunibyou_demo_Koi_ga_Shitai_Depth_of_Field__Ai_to_Nikushimi_Gekijou,,
925,15687,Chuunibyou_demo_Koi_ga_Shitai_Lite,,
926,18671,Chuunibyou_demo_Koi_ga_Shitai_Ren,,
927,27601,Chuunibyou_demo_Koi_ga_Shitai_Ren__The_Rikka_Wars,,
928,21797,Chuunibyou_demo_Koi_ga_Shitai_Ren_Lite,,
929,23237,Chuunibyou_demo_Koi_ga_Shitai_Ren_Specials,,
930,16934,Chuunibyou_demo_Koi_ga_Shitai_Kirameki_no_Slapstick_Noel,,
931,2034,Lovely%E2%98%85Complex,,
932,1887,Lucky%E2%98%86Star,,
933,12101,Lyrical_Magic__Suteki_na_Mahou,,
934,34599,Made_in_Abyss,,
935,18115,Magi__The_Kingdom_of_Magic,,
936,14513,Magi__The_Labyrinth_of_Magic,,
937,38256,Magia_Record__Mahou_Shoujo_Madoka%E2%98%86Magica_Gaiden,,
938,33299,Magic-Kyun_Renaissance,,
939,76,Mahou_Shoujo_Lyrical_Nanoha,,
940,77,Mahou_Shoujo_Lyrical_Nanoha_As,,
941,1915,Mahou_Shoujo_Lyrical_Nanoha_StrikerS,,
942,33003,Mahou_Shoujo_Ikusei_Keikaku,,
943,25939,Mahou_Shoujo_Lyrical_Nanoha_ViVid,,
944,31137,Mahou_Shoujo_Lyrical_Nanoha_ViVid__Special_Program,,
945,7054,Kaichou_wa_Maid-sama,,
946,14045,Mangirl,,
947,35851,Sayonara_no_Asa_ni_Yakusoku_no_Hana_wo_Kazarou,,
948,31646,3-gatsu_no_Lion,,
949,35180,3-gatsu_no_Lion_2nd_Season,,
950,5030,Maria%E2%80%A0Holic,,
951,9712,Maria%E2%80%A0Holic_Alive,,
952,34541,Mary_to_Majo_no_Hana,,
953,33487,Masamune-kun_no_Revenge,,
954,10110,Mayo_Chiki,,
955,36563,Megalo_Box,,
956,40729,Nomad__Megalo_Box_2,,
957,21603,Mekakucity_Actors,,
958,40703,Melody_Line,,
959,41035,Melty_Land_Nightmare,,
960,40713,Memories_Music,,
961,37232,Merc_Storia__Mukiryoku_no_Shounen_to_Bin_no_Naka_no_Shoujo,,
962,24211,Orenchi_no_Furo_Jijou,,
963,48483,Mieruko-chan,,
964,26085,Military,,
965,1033,Sennen_Joyuu,,
966,21427,Minna_Atsumare_Falcom_Gakuen,,
967,25999,Minna_Atsumare_Falcom_Gakuen_SC,,
968,36936,Mirai_no_Mirai,,
969,33206,Kobayashi-san_Chi_no_Maid_Dragon,,
970,39247,Kobayashi-san_Chi_no_Maid_Dragon_S,,
971,48590,Mini_Dragon,,
972,35078,Mitsuboshi_Colors,,
973,8424,MM,,
974,9581,MM_Specials,,
975,32182,Mob_Psycho_100,,
976,37510,Mob_Psycho_100_II,,
977,40701,Monochro%E2%88%9EBlue_Sky,,
978,17074,Monogatari_Series__Second_Season,,
979,2246,Mononoke,,
980,30307,Monster_Musume_no_Iru_Nichijou,,
981,41431,Daredemo_Nai_Monster,,
982,23289,Gekkan_Shoujo_Nozaki-kun,,
983,40911,Yuukoku_no_Moriarty,,
984,43325,Yuukoku_no_Moriarty_Part_2,,
985,9181,Motto_To_LOVE-Ru,,
986,31174,Osomatsu-san,,
987,35067,Osomatsu-san_2nd_Season,,
988,35298,Ramen_Daisuki_Koizumi-san,,
989,37579,Tonari_no_Kyuuketsuki-san,,
990,457,Mushishi,,
991,24687,Mushishi_Zoku_Shou__Odoro_no_Michi,,
992,21939,Mushishi_Zoku_Shou,,
993,24701,Mushishi_Zoku_Shou_2nd_Season,,
994,21329,Mushishi__Hihamukage,,
995,41651,Mushiba_no_Kodomo_no_Tanjoubi,,
996,28957,Mushishi_Zoku_Shou__Suzu_no_Shizuku,,
997,39535,Mushoku_Tensei__Isekai_Ittara_Honki_Dasu,,
998,45576,Mushoku_Tensei__Isekai_Ittara_Honki_Dasu_Part_2,,
999,2104,Seto_no_Hanayome,,
1000,31964,Boku_no_Hero_Academia,,
1001,33486,Boku_no_Hero_Academia_2nd_Season,,
1002,36456,Boku_no_Hero_Academia_3rd_Season,,
1003,38408,Boku_no_Hero_Academia_4th_Season,,
1004,41587,Boku_no_Hero_Academia_5th_Season,,
1005,49918,Boku_no_Hero_Academia_6th_Season,,
1006,35262,Boku_no_Hero_Academia__Hero_Note,,
1007,33929,Boku_no_Hero_Academia__Sukue_Kyuujo_Kunren,,
1008,35459,Boku_no_Hero_Academia__Training_of_the_Dead,,
1009,14227,Tonari_no_Kaibutsu-kun,,
1010,16866,Tonari_no_Kaibutsu-kun__Tonari_no_Gokudou-kun,,
1011,28297,Ore_Monogatari,,
1012,19221,Ore_no_Nounai_Sentakushi_ga_Gakuen_Love_Comedy_wo_Zenryoku_de_Jama_Shiteiru,,
1013,523,Tonari_no_Totoro,,
1014,415,Tonari_no_Yamada-kun,,
1015,38555,Otome_Game_no_Hametsu_Flag_shika_Nai_Akuyaku_Reijou_ni_Tensei_shiteshimatta,,
1016,42282,Otome_Game_no_Hametsu_Flag_shika_Nai_Akuyaku_Reijou_ni_Tensei_shiteshimatta_X,,
1017,38145,Doukyonin_wa_Hiza_Tokidoki_Atama_no_Ue,,
1018,42351,Senpai_ga_Uzai_Kouhai_no_Hanashi,,
1019,14813,Yahari_Ore_no_Seishun_Love_Comedy_wa_Machigatteiru,,
1020,39547,Yahari_Ore_no_Seishun_Love_Comedy_wa_Machigatteiru_Kan,,
1021,18753,Yahari_Ore_no_Seishun_Love_Comedy_wa_Machigatteiru_OVA,,
1022,23847,Yahari_Ore_no_Seishun_Love_Comedy_wa_Machigatteiru_Zoku,,
1023,30016,Nanbaka,,
1024,34414,Nanbaka_2,,
1025,20,Naruto,,
1026,2472,Naruto__Shippuuden_Movie_1,,
1027,4437,Naruto__Shippuuden_Movie_2_-_Kizuna,,
1028,6325,Naruto__Shippuuden_Movie_3_-_Hi_no_Ishi_wo_Tsugu_Mono,,
1029,8246,Naruto__Shippuuden_Movie_4_-_The_Lost_Tower,,
1030,10589,Naruto__Shippuuden_Movie_5_-_Blood_Prison,,
1031,13667,Naruto__Shippuuden_Movie_6_-_Road_to_Ninja,,
1032,442,Naruto_Movie_1__Dai_Katsugeki_Yuki_Hime_Ninpouchou_Dattebayo,,
1033,936,Naruto_Movie_2__Dai_Gekitotsu_Maboroshi_no_Chiteiiseki_Dattebayo,,
1034,2144,Naruto_Movie_3__Dai_Koufun_Mikazuki_Jima_no_Animaru_Panic_Dattebayo,,
1035,41535,Natsu_no_Niwa,,
1036,4081,Natsume_Yuujinchou,,
1037,5300,Zoku_Natsume_Yuujinchou,,
1038,10379,Natsume_Yuujinchou_San,,
1039,11665,Natsume_Yuujinchou_Shi,,
1040,32983,Natsume_Yuujinchou_Go,,
1041,34591,Natsume_Yuujinchou_Roku,,
1042,41663,Natsuyasumi_no_Osakana,,
1043,572,Kaze_no_Tani_no_Nausica%C3%A4,,
1044,20857,Nebula_feat_Hatsune_Miku,,
1045,15689,Nekomonogatari__Kuro,,
1046,37954,Neo-Aspect,,
1047,30,Shinseiki_Evangelion,,
1048,31,Shinseiki_Evangelion_Movie__Shi_to_Shinsei,,
1049,32,Shinseiki_Evangelion_Movie__Air_Magokoro_wo_Kimi_ni,,
1050,31953,New_Game,,
1051,34914,New_Game,,
1052,40971,Newsong,,
1053,19727,Nexus,,
1054,10165,Nichijou,,
1055,41729,Nichiyoubi_no_Shokuji,,
1056,32829,Nobunaga_no_Shinobi,,
1057,34978,Nobunaga_no_Shinobi__Ise_Kanegasaki-hen,,
1058,37126,Nobunaga_no_Shinobi__Anegawa_Ishiyama-hen,,
1059,18897,Nisekoi,,
1060,27787,Nisekoi_,,
1061,11597,Nisemonogatari,,
1062,19815,No_Game_No_Life,,
1063,39539,No_Guns_Life,,
1064,10161,No6,,
1065,32668,Noblesse__Awakening,,
1066,17549,Non_Non_Biyori,,
1067,39808,Non_Non_Biyori_Nonstop,,
1068,23623,Non_Non_Biyori_Repeat,,
1069,20507,Noragami,,
1070,30503,Noragami_Aragoto,,
1071,30885,Noragami_Aragoto_OVA,,
1072,20767,Noragami_OVA,,
1073,6512,Nyan_Koi,,
1074,34148,Nyanko_Days,,
1075,11785,Haiyore_Nyaruko-san,,
1076,15699,Haiyore_Nyaruko-san_W,,
1077,40136,Oda_Cinnamon_Nobunaga,,
1078,46102,Odd_Taxi,,
1079,36258,Ohedo_Julia-Night,,
1080,31848,Ojisan_to_Marshmallow,,
1081,41684,Oka_Shika_Chika_Ika_Saka,,
1082,7769,Ookami-san_to_Shichinin_no_Nakama-tachi,,
1083,1047,On_Your_Mark,,
1084,9999,One_Piece_3D__Mugiwara_Chase,,
1085,31490,One_Piece_Film__Gold,,
1086,4155,One_Piece_Film__Strong_World,,
1087,8740,One_Piece_Film__Strong_World_Episode_0,,
1088,12859,One_Piece_Film__Z,,
1089,32051,One_Piece__Adventure_of_Nebulandia,,
1090,464,One_Piece_Movie_06__Omatsuri_Danshaku_to_Himitsu_no_Shima,,
1091,461,One_Piece_Movie_03__Chinjuu-jima_no_Chopper_Oukoku,,
1092,460,One_Piece_Movie_02__Nejimaki-jima_no_Daibouken,,
1093,22661,One_Piece__Cry_Heart,,
1094,462,One_Piece_Movie_04__Dead_End_no_Bouken,,
1095,2385,One_Piece__Jango_no_Dance_Carnival,,
1096,2386,One_Piece__Yume_no_Soccer_Ou,,
1097,2107,One_Piece_Movie_08__Episode_of_Alabasta_-_Sabaku_no_Oujo_to_Kaizoku-tachi,,
1098,3848,One_Piece_Movie_09__Episode_of_Chopper_Plus_-_Fuyu_ni_Saku_Kiseki_no_Sakura,,
1099,16239,One_Piece__Episode_of_Luffy_-_Hand_Island_no_Bouken,,
1100,15323,One_Piece__Episode_of_Nami_-_Koukaishi_no_Namida_to_Nakama_no_Kizuna,,
1101,16468,One_Piece__Glorious_Island,,
1102,1237,One_Piece__Oounabara_ni_Hirake_Dekkai_Dekkai_Chichi_no_Yume,,
1103,1238,One_Piece__Mamore_Saigo_no_Oobutai,,
1104,38234,One_Piece_Movie_14__Stampede,,
1105,2490,One_Piece__Mezase_Kaizoku_Yakyuu_Ou,,
1106,463,One_Piece_Movie_05__Norowareta_Seiken,,
1107,2020,One_Piece__Nenmatsu_Tokubetsu_Kikaku_Mugiwara_no_Luffy_Oyabun_Torimonochou,,
1108,465,One_Piece_Movie_07__Karakuri-jou_no_Mecha_Kyohei,,
1109,459,One_Piece_Movie_01,,
1110,30276,One_Punch_Man,,
1111,34134,One_Punch_Man_2nd_Season,,
1112,31772,One_Punch_Man_Specials,,
1113,31704,One_Punch_Man__Road_to_Hero,,
1114,20931,Oneechan_ga_Kita,,
1115,14199,Oniichan_dakedo_Ai_sae_Areba_Kankeinai_yo_ne,,
1116,1029,Omoide_Poroporo,,
1117,32729,Orange,,
1118,36922,Egao_no_Orchestra,,
1119,8769,Ore_no_Imouto_ga_Konnani_Kawaii_Wake_ga_Nai,,
1120,13659,Ore_no_Imouto_ga_Konnani_Kawaii_Wake_ga_Nai,,
1121,18857,Ore_no_Imouto_ga_Konnani_Kawaii_Wake_ga_Nai_Specials,,
1122,10020,Ore_no_Imouto_ga_Konnani_Kawaii_Wake_ga_Nai_Specials,,
1123,14749,Ore_no_Kanojo_to_Osananajimi_ga_Shuraba_Sugiru,,
1124,43007,Osananajimi_ga_Zettai_ni_Makenai_Love_Comedy,,
1125,36220,Itsudatte_Bokura_no_Koi_wa_10_cm_Datta,,
1126,853,Ouran_Koukou_Host_Club,,
1127,29803,Overlord,,
1128,35073,Overlord_II,,
1129,37675,Overlord_III,,
1130,31181,Owarimonogatari,,
1131,35247,Owarimonogatari_2nd_Season,,
1132,32697,Ozmafia,,
1133,11189,Pair,,
1134,31498,Pan_de_Peace,,
1135,5530,Pandora_Hearts,,
1136,8795,Panty___Stocking_with_Garterbelt,,
1137,1943,Paprika,,
1138,323,Mousou_Dairinin,,
1139,22535,Kiseijuu__Sei_no_Kakuritsu,,
1140,42627,Peach_Boy_Riverside,,
1141,10721,Mawaru_Penguindrum,,
1142,437,Perfect_Blue,,
1143,36023,Persona_5_the_Animation,,
1144,326,Petshop_of_Horrors,,
1145,27775,Plastic_Memories,,
1146,10711,Plastic_Neesan,,
1147,38818,Please_Marry_Me,,
1148,32673,Udon_no_Kuni_no_Kiniro_Kemari,,
1149,1119,Pokemon_Movie_04__Celebi_Toki_wo_Koeta_Deai,,
1150,1030,Heisei_Tanuki_Gassen_Ponpoko,,
1151,2890,Gake_no_Ue_no_Ponyo,,
1152,35330,Poputepipikku,,
1153,416,Kurenai_no_Buta,,
1154,31559,Prince_of_Stride__Alternative,,
1155,39292,Princess_Connect_Re_Dive,,
1156,164,Mononoke_Hime,,
1157,30240,Prison_School,,
1158,32485,Prison_School__Mad_Wax,,
1159,15315,Mondaiji-tachi_ga_Isekai_kara_Kuru_Sou_desu_yo,,
1160,13601,Psycho-Pass,,
1161,23281,Psycho-Pass_2,,
1162,9756,Mahou_Shoujo_Madoka%E2%98%85Magica,,
1163,28617,Punch_Line,,
1164,37202,Radiant,,
1165,41180,Ame_to_Cappuccino,,
1166,40569,Raison_d%C3%AAtre,,
1167,40834,Ousama_Ranking,,
1168,37450,Seishun_Buta_Yarou_wa_Bunny_Girl_Senpai_no_Yume_wo_Minai,,
1169,23043,Re_Boot,,
1170,48406,Re-Main,,
1171,34561,Re_Creators,,
1172,31240,Re_Zero_kara_Hajimeru_Isekai_Seikatsu,,
1173,36038,Net-juu_no_Susume,,
1174,17913,Redial,,
1175,6675,Redline,,
1176,30015,ReLIFE,,
1177,40904,Bokutachi_no_Remake,,
1178,40839,Kanojo_Okarishimasu,,
1179,39385,Replicant,,
1180,31716,Rewrite,,
1181,41722,Ringo_no_Uta,,
1182,38476,Heya_Camp%E2%96%B3,,
1183,2993,Rosario_to_Vampire,,
1184,4214,Rosario_to_Vampire_Capu2,,
1185,64,Rozen_Maiden,,
1186,1719,Rozen_Maiden__Ouvert%C3%BCre,,
1187,65,Rozen_Maiden__Tr%C3%A4umend,,
1188,18041,Rozen_Maiden_2013,,
1189,37965,Kaze_ga_Tsuyoku_Fuiteiru,,
1190,32615,Youjo_Senki,,
1191,41646,Saibou_no_Fushigi,,
1192,36114,Saishuu_Densha_featuring_Izumi_Makura,,
1193,11499,Sankarea,,
1194,34839,Sanrio_Danshi,,
1195,36239,Sono_Me_ga_Mitsumeru_Mono,,
1196,41485,Sarashimono,,
1197,37426,Sarazanmai,,
1198,35222,Gakuen_Babysitters,,
1199,24765,Gakkougurashi,,
1200,29778,Himitsu_Spark,,
1201,44203,Seirei_Gensouki,,
1202,9926,Sekaiichi_Hatsukoi,,
1203,11123,Sekaiichi_Hatsukoi_2,,
1204,11487,Sekiranun_Graffiti,,
1205,38787,Senryuu_Shoujo,,
1206,15751,Senyuu,,
1207,18523,Senyuu_2,,
1208,28927,Owari_no_Seraph__Nagoya_Kessen-hen,,
1209,31756,Owari_no_Seraph__The_Beginning_of_the_End,,
1210,26243,Owari_no_Seraph,,
1211,40410,Ring_no_Seraph,,
1212,31229,Servamp,,
1213,40483,Murenase_Seton_Gakuen,,
1214,43439,Shadows_House,,
1215,32491,Kanojo_to_Kanojo_no_Neko__Everything_Flows,,
1216,34240,Shelter_Music,,
1217,7724,Shiki,,
1218,10083,Shiki_Specials,,
1219,23433,Shin_Strange_,,
1220,15453,Shinryaku_Ika_Musume__Kore_ga_Umi_e_no_Ai_Jana-ika,,
1221,37569,Sirius,,
1222,42923,SK%E2%88%9E,,
1223,48456,SK%E2%88%9E__Crazy_Rock_Jam,,
1224,4722,Skip_Beat,,
1225,36317,Gaikotsu_Shotenin_Honda-san,,
1226,40397,Maoujou_de_Oyasumi,,
1227,35540,Slow_Start,,
1228,30123,Akagami_no_Shirayuki-hime,,
1229,31173,Akagami_no_Shirayuki-hime_2nd_Season,,
1230,37984,Kumo_desu_ga_Nani_ka,,
1231,39575,Somali_to_Mori_no_Kamisama,,
1232,41534,Sonna_Yoru,,
1233,48849,Sonny_Boy,,
1234,41759,Soratobu_Kujira,,
1235,3588,Soul_Eater,,
1236,32681,Uchuu_Patrol_Luluco,,
1237,17849,Sparrows_Hotel,,
1238,3470,Special_A,,
1239,38488,Special_Nu_World,,
1240,2966,Ookami_to_Koushinryou,,
1241,5341,Ookami_to_Koushinryou_II,,
1242,6884,Ookami_to_Koushinryou_II__Holo_no_Short_Anime,,
1243,6007,Ookami_to_Koushinryou_II__Ookami_to_Kohakuiro_no_Yuuutsu,,
1244,199,Sen_to_Chihiro_no_Kamikakushi,,
1245,39252,Spunky_Afro_Tiger_Jet,,
1246,50265,Spy_x_Family,,
1247,50602,Spy_x_Family_Part_2,,
1248,41193,Star_Night_Snow,,
1249,9253,Steins_Gate,,
1250,30484,Steins_Gate_0,,
1251,10863,Steins_Gate__Oukoubakko_no_Poriomania,,
1252,32188,Steins_Gate__Kyoukaimenjou_no_Missing_Link_-_Divide_By_Zero,,
1253,11577,Steins_Gate_Movie__Fuka_Ryouiki_no_D%C3%A9j%C3%A0_vu,,
1254,27957,Steins_Gate__Soumei_Eichi_no_Cognitive_Computing,,
1255,35585,Stella-Rium,,
1256,21067,Strange_,,
1257,5681,Summer_Wars,,
1258,40685,Super_Cub,,
1259,31680,Super_Lovers,,
1260,19841,Super_Seisyun_Brothers,,
1261,40557,Sweet_Devil_feat_Hatsune_Miku,,
1262,32828,Amaama_to_Inazuma,,
1263,11757,Sword_Art_Online,,
1264,2418,Stranger__Mukou_Hadan,,
1265,32887,Dungeon_ni_Deai_wo_Motomeru_no_wa_Machigatteiru_Darou_ka_Gaiden__Sword_Oratoria,,
1266,32309,Tabi_Machi_Late_Show,,
1267,36470,Tada-kun_wa_Koi_wo_Shinai,,
1268,45055,Taishou_Otome_Otogibanashi,,
1269,36108,Takunomi,,
1270,1829,Ged_Senki,,
1271,21647,Tamako_Love_Story,,
1272,16417,Tamako_Market,,
1273,17879,Tamako_Market_Specials,,
1274,32093,Tanaka-kun_wa_Itsumo_Kedaruge,,
1275,41091,Tanitsu_Shikousei_Overbloom,,
1276,35860,Karakai_Jouzu_no_Takagi-san,,
1277,38993,Karakai_Jouzu_no_Takagi-san_2,,
1278,15125,Teekyuu,,
1279,18121,Teekyuu_2,,
1280,20473,Teekyuu_3,,
1281,26395,Teekyuu_4,,
1282,30567,Teekyuu_5,,
1283,31440,Teekyuu_6,,
1284,32228,Teekyuu_7,,
1285,33811,Teekyuu_8,,
1286,35370,Teekyuu_9,,
1287,41852,Teienu_Theater_in_Kobe_Opening,,
1288,15673,Tell_Your_World,,
1289,23283,Zankyou_no_Terror,,
1290,37430,Tensei_shitara_Slime_Datta_Ken,,
1291,39551,Tensei_shitara_Slime_Datta_Ken_2nd_Season,,
1292,41487,Tensei_shitara_Slime_Datta_Ken_2nd_Season_Part_2,,
1293,39607,Tensei_shitara_Slime_Datta_Ken__Kanwa_-_Veldora_Nikki,,
1294,15225,Hentai_Ouji_to_Warawanai_Neko,,
1295,11933,Oda_Nobuna_no_Yabou,,
1296,35062,Mahoutsukai_no_Yome,,
1297,32902,Mahoutsukai_no_Yome__Hoshi_Matsu_Hito,,
1298,28805,Bakemono_no_Ko,,
1299,48580,Vanitas_no_Karte,,
1300,597,Neko_no_Ongaeshi,,
1301,46471,Tantei_wa_Mou_Shindeiru,,
1302,15809,Hataraku_Maou-sama,,
1303,47257,Shinigami_Bocchan_to_Kuro_Maid,,
1304,42340,Meikyuu_Black_Company,,
1305,17949,The_Everlasting_Guilty_Crown,,
1306,1195,Zero_no_Tsukaima,,
1307,11319,Zero_no_Tsukaima_F,,
1308,1840,Zero_no_Tsukaima__Futatsuki_no_Kishi,,
1309,3712,Zero_no_Tsukaima__Princesses_no_Rondo,,
1310,5764,Zero_no_Tsukaima__Princesses_no_Rondo_-_Yuuwaku_no_Sunahama,,
1311,48761,Saihate_no_Paladin,,
1312,10620,Mirai_Nikki_TV,,
1313,16782,Kotonoha_no_Niwa,,
1314,37561,Akanesasu_Shoujo,,
1315,2236,Toki_wo_Kakeru_Shoujo,,
1316,41353,The_God_of_High_School,,
1317,48753,Jahy-sama_wa_Kujikenai,,
1318,38759,Sewayaki_Kitsune_no_Senko-san,,
1319,42625,Heion_Sedai_no_Idaten-tachi,,
1320,34915,The_iDOLMSTER_SideM,,
1321,20785,Mahouka_Koukou_no_Rettousei,,
1322,35730,Musekinin_Galaxy%E2%98%86Tylor,,
1323,849,Suzumiya_Haruhi_no_Yuuutsu,,
1324,4382,Suzumiya_Haruhi_no_Yuuutsu_2009,,
1325,41120,Fugou_Keiji__Balance_Unlimited,,
1326,32696,Fukigen_na_Mononokean,,
1327,37958,Fukigen_na_Mononokean_Tsuzuki,,
1328,13759,Sakura-sou_no_Pet_na_Kanojo,,
1329,37779,Yakusoku_no_Neverland,,
1330,38101,5-toubun_no_Hanayome,,
1331,39783,5-toubun_no_Hanayome_%E2%88%AC,,
1332,35790,Tate_no_Yuusha_no_Nariagari,,
1333,34262,Oushitsu_Kyoushi_Heine,,
1334,35905,Ryuuou_no_Oshigoto,,
1335,42826,Seijo_no_Maryoku_wa_Bannou_desu,,
1336,37266,Ano_Ko_Secret,,
1337,7711,Karigurashi_no_Arrietty,,
1338,23755,Nanatsu_no_Taizai,,
1339,34577,Nanatsu_no_Taizai__Imashime_no_Fukkatsu,,
1340,31722,Nanatsu_no_Taizai__Seisen_no_Shirushi,,
1341,41488,Tensura_Nikki__Tensei_shitara_Slime_Datta_Ken,,
1342,8557,Shinryaku_Ika_Musume,,
1343,10378,Shinryaku_Ika_Musume,,
1344,37683,The_Starry_Night,,
1345,16664,Kaguya-hime_no_Monogatari,,
1346,7785,Yojouhan_Shinwa_Taikei,,
1347,8634,Koisuru_Boukun,,
1348,41833,Kyuuketsuki_Sugu_Shinu,,
1349,43692,Gokushufudou,,
1350,16662,Kaze_Tachinu,,
1351,8525,Kami_nomi_zo_Shiru_Sekai,,
1352,10080,Kami_nomi_zo_Shiru_Sekai_II,,
1353,10805,Kami_nomi_zo_Shiru_Sekai__4-nin_to_Idol,,
1354,16706,Kami_nomi_zo_Shiru_Sekai__Megami-hen,,
1355,15117,Kami_nomi_zo_Shiru_Sekai__Tenri-hen,,
1356,47790,Sekai_Saikou_no_Ansatsusha_Isekai_Kizoku_ni_Tensei_suru,,
1357,31952,Kono_Bijutsu-bu_ni_wa_Mondai_ga_Aru,,
1358,31815,Kono_Danshi_Mahou_ga_Oshigoto_desu,,
1359,42590,Mashiro_no_Oto,,
1360,12695,Tight-rope,,
1361,40715,To_Dimension,,
1362,3455,To_LOVE-Ru,,
1363,13663,To_LOVE-Ru_Darkness,,
1364,28979,To_LOVE-Ru_Darkness_2nd,,
1365,31711,To_LOVE-Ru_Darkness_2nd_Specials,,
1366,13851,To_LOVE-Ru_Darkness_OVA,,
1367,5667,To_LOVE-Ru_OVA,,
1368,41025,Fumetsu_no_Anata_e,,
1369,39534,Jibaku_Shounen_Hanako-kun,,
1370,22319,Tokyo_Ghoul,,
1371,27899,Tokyo_Ghoul_%E2%88%9AA,,
1372,36511,Tokyo_Ghoul_re,,
1373,37799,Tokyo_Ghoul_re_2nd_Season,,
1374,759,Tokyo_Godfathers,,
1375,6211,Tokyo_Magnitude_80,,
1376,42249,Tokyo_Revengers,,
1377,33119,Tokyogurashi,,
1378,18139,Tonari_no_Seki-kun,,
1379,41389,Tonikaku_Kawaii,,
1380,4224,Toradora,,
1381,33023,Touken_Ranbu__Hanamaru,,
1382,34863,Zoku_Touken_Ranbu__Hanamaru,,
1383,40221,Kami_no_Tou,,
1384,40559,TRAPxTRAP_feat_Hatsune_Miku,,
1385,25157,Trinity_Seven,,
1386,39469,Tsugu_Tsugumomo,,
1387,34019,Tsugumomo,,
1388,43523,Tsuki_ga_Michibiku_Isekai_Douchuu,,
1389,28025,Tsukimonogatari,,
1390,12883,Tsuritama,,
1391,36653,Tsurune__Kazemai_Koukou_Kyuudou-bu,,
1392,32105,Sousei_no_Onmyouji,,
1393,40684,Twinkle_World_feat_Hatsune_Miku,,
1394,39942,Uchi_Tama_Uchi_no_Tama_Shirimasen_ka,,
1395,10798,Un-Go,,
1396,32924,Urara_Meirochou,,
1397,27927,Urawa_no_Usagi-chan,,
1398,40255,Urban_Caravan,,
1399,32454,Usakame,,
1400,10321,Uta_no%E2%98%86Prince-sama%E2%99%AA_Maji_Love_1000,,
1401,12711,Uta_no%E2%98%86Prince-sama%E2%99%AA_Maji_Love_2000,,
1402,31178,Uta_no%E2%98%86Prince-sama%E2%99%AA_Maji_Love_Legend_Star,,
1403,21439,Uta_no%E2%98%86Prince-sama%E2%99%AA_Maji_Love_Revolutions,,
1404,21103,Utopia,,
1405,37722,Uchi_no_Maid_ga_Uzasugiru,,
1406,543,Vampire_Hunter_D_2000,,
1407,3457,Vampire_Knight,,
1408,4752,Vampire_Knight_Guilty,,
1409,37521,Vinland_Saga,,
1410,33352,Violet_Evergarden,,
1411,33589,ViVid_Strike,,
1412,46095,Vivy__Fluorite_Eyes_Song,,
1413,37106,Kitsune_no_Koe,,
1414,31439,Wagamama_High_Spec,,
1415,11433,Ano_Natsu_de_Matteru,,
1416,30355,WakabaGirl,,
1417,30437,Wakako-zake,,
1418,16742,Watashi_ga_Motenai_no_wa_Dou_Kangaetemo_Omaera_ga_Warui,,
1419,20449,Watashi_ga_Motenai_no_wa_Dou_Kangaetemo_Omaera_ga_Warui__Motenaishi_Nazomeite_Miru,,
1420,38826,Tenki_no_Ko,,
1421,19081,Weekender_Girl,,
1422,39196,Mairimashita_Iruma-kun,,
1423,41402,Mairimashita_Iruma-kun_2nd_Season,,
1424,38089,Okoshiyasu_Chitose-chan,,
1425,41227,Youkoso_Boku_desu,,
1426,21557,Omoide_no_Marnie,,
1427,585,Mimi_wo_Sumaseba,,
1428,38052,WiSH_VOYAGE,,
1429,40378,Witch_Hat__Majo_to_Boushi_no_Waltz,,
1430,12355,Ookami_Kodomo_no_Ame_to_Yuki,,
1431,23673,Ookami_Shoujo_to_Kuro_Ouji,,
1432,43299,Wonder_Egg_Priority,,
1433,48614,Wonder_Egg_Priority__Watashi_no_Priority,,
1434,35968,Wotaku_ni_Koi_wa_Muzukashii,,
1435,7817,B-gata_H-kei,,
1436,28677,Yamada-kun_to_7-nin_no_Majo,,
1437,36553,Yinhun_x_He_Wei_Dao,,
1438,41622,Yogishayo_Isoge,,
1439,25013,Akatsuki_no_Yona,,
1440,37258,Omae_wa_Mada_Gunma_wo_Shiranai,,
1441,23273,Shigatsu_wa_Kimi_no_Uso,,
1442,35159,Kimi_no_Hikari__Asagao_to_Kase-san,,
1443,32281,Kimi_no_Na_wa,,
1444,18179,Yowamushi_Pedal,,
1445,24277,Yowamushi_Pedal__Grande_Road,,
1446,32995,Yuri_on_Ice,,
1447,35382,Yuri_on_Ice__Yuri_Plisetsky_GPF_in_Barcelona_EX_-_Welcome_to_The_Madness,,
1448,12123,Yurumates_3D,,
1449,36726,Yuragi-sou_no_Yuuna-san,,
1450,37976,Zombieland_Saga,,
1451,40174,Zombieland_Saga_Revenge,,
1452,2404,Zombie-Loan,,
1453,3354,Zombie-Loan_Specials,,
1454,49505,Deji_Meets_Girl,,
1455,1689,Byousoku_5_Centimeter,,
1456,9750,Itsuka_Tenma_no_Kuro_Usagi,,
1457,33337,ACCA__13-ku_Kansatsu-ka,,
1458,39790,Adachi_to_Shimamura,,
1459,13161,Hagure_Yuusha_no_Aesthetica,,
1460,37403,Ahiru_no_Sora,,
1461,34881,Aho_Girl,,
1462,101,Air,,
1463,31764,Nejimaki_Seirei_Senki__Tenkyou_no_Alderamin,,
1464,31771,Amanchu,,
1465,3359,Amatsuki,,
1466,7193,Aoi_Bungaku_Series,,
1467,28391,Ao_no_Kanata_no_Four_Rhythm,,
1468,28883,Hidan_no_Aria_AA,,
1469,39198,Kanata_no_Astra,,
1470,38328,Azur_Lane,,
1471,21185,Baby_Steps,,
1472,37525,Babylon,,
1473,7674,Bakuman,,
1474,10030,Bakuman_2nd_Season,,
1475,12365,Bakuman_3rd_Season,,
1476,30795,Bakuon,,
1477,67,Basilisk__Kouga_Ninpou_Chou,,
1478,57,Beck,,
1479,33,Kenpuu_Denki_Berserk,,
1480,10259,Da_Yu_Hai_Tang_Movie,,
1481,2159,Ookiku_Furikabutte,,
1482,7720,Ookiku_Furikabutte__Natsu_no_Taikai-hen,,
1483,68,Black_Cat,,
1484,22877,Seireitsukai_no_Blade_Dance,,
1485,150,Blood_,,
1486,21995,Ao_Haru_Ride,,
1487,8917,Mouretsu_Pirates,,
1488,37451,Boogiepop_wa_Warawanai_2019,,
1489,11241,Brave_10,,
1490,10012,Carnival_Phantasm,,
1491,235,Meitantei_Conan,,
1492,20853,Hitsugi_no_Chaika,,
1493,24231,Hitsugi_no_Chaika__Avenging_Battle,,
1494,4975,Ch%C3%A4oS_HEAd,,
1495,30296,Rakudai_Kishi_no_Cavalry,,
1496,60,Chrno_Crusade,,
1497,1470,City_Hunter,,
1498,1471,City_Hunter_2,,
1499,1818,Claymore,,
1500,32407,Clockwork_Planet,,
1501,35756,Comic_Girls,,
1502,38940,Cop_Craft,,
1503,5941,Cross_Game,,
1504,33028,Danganronpa_3__The_End_of_Kibougamine_Gakuen_-_Zetsubou-hen,,
1505,32189,Danganronpa_3__The_End_of_Kibougamine_Gakuen_-_Mirai-hen,,
1506,6573,Darker_than_Black__Ryuusei_no_Gemini,,
1507,974,Dead_Leaves,,
1508,14353,Death_Billiards,,
1509,7088,Ichiban_Ushiro_no_Daimaou,,
1510,33095,Shouwa_Genroku_Rakugo_Shinjuu__Sukeroku_Futatabi-hen,,
1511,1726,Devil_May_Cry,,
1512,16512,Devil_Survivor_2_The_Animation,,
1513,35928,Devils_Line,,
1514,10155,Dog_Days,,
1515,223,Dragon_Ball,,
1516,30694,Dragon_Ball_Super,,
1517,813,Dragon_Ball_Z,,
1518,9330,Dragon_Crisis,,
1519,21033,Seikoku_no_Dragonar,,
1520,39609,Ochikobore_Fruit_Tart,,
1521,12445,Tasogare_Otome_x_Amnesia,,
1522,42192,Edens_Zero,,
1523,2924,ef__A_Tale_of_Memories,,
1524,35220,Youkai_Apartment_no_Yuuga_na_Nichijou,,
1525,1250,Erementar_Gerad,,
1526,32212,Ensemble_Stars,,
1527,12471,Eureka_Seven_AO,,
1528,13391,Rakuen_Tsuihou,,
1529,15,Eyeshield_21,,
1530,34580,Nana_Maru_San_Batsu,,
1531,14829,Fate_kaleid_liner_Prisma%E2%98%86Illya,,
1532,27525,Fate_kaleid_liner_Prisma%E2%98%86Illya_2wei_Herz,,
1533,263,Hajime_no_Ippo,,
1534,5258,Hajime_no_Ippo__New_Challenger,,
1535,19647,Hajime_no_Ippo__Rising,,
1536,967,Hokuto_no_Ken,,
1537,8536,Fortune_Arterial__Akai_Yakusoku,,
1538,13125,Shinsekai_yori,,
1539,71,Full_Metal_Panic,,
1540,73,Full_Metal_Panic_The_Second_Raid,,
1541,72,Full_Metal_Panic_Fumoffu,,
1542,5114,Fullmetal_Alchemist__Brotherhood,,
1543,302,Mirai_Shounen_Conan,,
1544,74,Gakuen_Alice,,
1545,1491,Ginga_Tetsudou_999,,
1546,239,Gankutsuou,,
1547,16524,Suisei_no_Gargantia,,
1548,2596,Shinreigari,,
1549,467,Koukaku_Kidoutai__Stand_Alone_Complex,,
1550,801,Koukaku_Kidoutai__Stand_Alone_Complex_2nd_GIG,,
1551,14131,Girls___Panzer,,
1552,14811,GJ-bu,,
1553,1974,Glass_no_Kamen_2005,,
1554,27631,God_Eater,,
1555,268,Golden_Boy,,
1556,36587,Granblue_Fantasy_The_Animation_Season_2,,
1557,243,Gravitation,,
1558,31859,Hai_to_Gensou_no_Grimgar,,
1559,267,Gungrave,,
1560,4107,Tengen_Toppa_Gurren_Lagann_Movie_1__Gurren-hen,,
1561,4565,Tengen_Toppa_Gurren_Lagann_Movie_2__Lagann-hen,,
1562,387,Haibane_Renmei,,
1563,18055,Hakkenden__Touhou_Hakken_Ibun_2nd_Season,,
1564,6895,Hakuouki,,
1565,13115,Hakuouki__Reimeiroku,,
1566,9065,Hakuouki__Hekketsuroku,,
1567,16528,Hal,,
1568,20689,Hamatora_The_Animation,,
1569,5835,Hanasakeru_Seishounen,,
1570,9289,Hanasaku_Iroha,,
1571,32648,Handa-kun,,
1572,3467,Nogizaka_Haruka_no_Himitsu,,
1573,2026,Hayate_no_Gotoku,,
1574,228,Jigoku_Shoujo,,
1575,1594,Jigoku_Shoujo_Futakomori,,
1576,1852,Hidamari_Sketch,,
1577,11617,High_School_DxD,,
1578,24703,High_School_DxD_BorN,,
1579,15451,High_School_DxD_New,,
1580,31500,High_School_Fleet,,
1581,12461,Hiiro_no_Kakera,,
1582,135,Hikaru_no_Go,,
1583,16,Hachimitsu_to_Clover,,
1584,1142,Hachimitsu_to_Clover_II,,
1585,11135,Hybrid_Child,,
1586,16157,Choujigen_Game_Neptune_The_Animation,,
1587,18677,Yuusha_ni_Narenakatta_Ore_wa_Shibushibu_Shuushoku_wo_Ketsui_Shimashita,,
1588,20457,Inari_Konkon_Koi_Iroha,,
1589,9041,IS__Infinite_Stratos,,
1590,40010,Ishuzoku_Reviewers,,
1591,33012,Island,,
1592,3731,Itazura_na_Kiss,,
1593,31405,Joker_Game,,
1594,13331,Jormungand__Perfect_Order,,
1595,12679,Joshiraku,,
1596,3002,Gyakkyou_Burai_Kaiji__Ultimate_Survivor,,
1597,36754,Kakuriyo_no_Yadomeshi,,
1598,427,Kaleido_Star,,
1599,1691,Kaze_no_Stigma,,
1600,6205,K%C3%A4mpfer,,
1601,32686,Keijo,,
1602,1606,Kekkaishi,,
1603,33089,Kemono_Friends,,
1604,1559,Shijou_Saikyou_no_Deshi_Kenichi,,
1605,12531,Sakamichi_no_Apollon,,
1606,17389,Kingdom_2nd_Season,,
1607,16732,Kiniro_Mosaic,,
1608,486,Kino_no_Tabi__The_Beautiful_World,,
1609,19775,Sidonia_no_Kishi,,
1610,5678,Kobato,,
1611,11887,Kokoro_Connect,,
1612,38889,Kono_Oto_Tomare_Part_2,,
1613,31804,Kuma_Miko,,
1614,32245,Kuromukuro,,
1615,251,Kyou_kara_Maou,,
1616,4080,Kyou_kara_Maou_3rd_Series,,
1617,7148,Ladies_versus_Butlers,,
1618,21743,Donten_ni_Warau,,
1619,820,Ginga_Eiyuu_Densetsu,,
1620,31433,Ginga_Eiyuu_Densetsu__Die_Neue_These_-_Kaikou,,
1621,13655,Little_Busters,,
1622,18195,Little_Busters_Refrain,,
1623,587,Hanbun_no_Tsuki_ga_Noboru_Sora,,
1624,38959,Lord_El-Melloi_II-sei_no_Jikenbo__Rail_Zeppelin_Grace_Note,,
1625,34934,Koi_to_Uso,,
1626,189,Love_Hina,,
1627,16353,Love_Lab,,
1628,40879,Love_Live_Nijigasaki_Gakuen_School_Idol_Doukoukai,,
1629,41169,Love_Live_Superstar,,
1630,149,Loveless,,
1631,34792,Yoake_Tsugeru_Lu_no_Uta,,
1632,1412,Lupin_III,,
1633,1088,Macross,,
1634,1397,Macross_7,,
1635,28013,Macross_%CE%94,,
1636,3572,Macross_F,,
1637,34745,Mahoujin_Guruguru_2017,,
1638,38610,Tejina-senpai,,
1639,23945,Majimoji_Rurumo,,
1640,627,Major_S1,,
1641,14833,Maoyuu_Maou_Yuusha,,
1642,11761,Medaka_Box,,
1643,1462,Memories,,
1644,522,Metropolis,,
1645,687,Tokyo_Mew_Mew,,
1646,4087,Michiko_to_Hatchin,,
1647,2963,Minami-ke,,
1648,3225,Minami-ke_Okawari,,
1649,875,Mind_Game,,
1650,29089,Yaoguai_Mingdan,,
1651,2150,Tanoshii_Muumin_Ikka,,
1652,1827,Seirei_no_Moribito,,
1653,37487,Muhyo_to_Rouji_no_Mahouritsu_Soudan_Jimusho,,
1654,34403,Hajimete_no_Gal,,
1655,98,Mai-HiME,,
1656,31442,Musaigen_no_Phantom_World,,
1657,31537,Manaria_Friends,,
1658,877,Nana,,
1659,13585,Natsuyuki_Rendezvous,,
1660,6030,Needless,,
1661,34537,Yoru_wa_Mijikashi_Arukeyo_Otome,,
1662,617,Juubee_Ninpuuchou,,
1663,1698,Nodame_Cantabile,,
1664,5690,Nodame_Cantabile_Finale,,
1665,31452,Norn9__Norn_Nonet,,
1666,7592,Nurarihyon_no_Mago,,
1667,38753,Araburu_Kisetsu_no_Otome-domo_yo,,
1668,5040,One_Outs,,
1669,21327,Isshuukan_Friends,,
1670,38483,Ore_wo_Suki_nano_wa_Omae_dake_ka_yo,,
1671,45560,Orient,,
1672,19369,Outbreak_Company,,
1673,38390,Chuubyou_Gekihatsu_Boy,,
1674,400,Seihou_Bukyou_Outlaw_Star,,
1675,322,Paradise_Kiss,,
1676,12477,Sakasama_no_Patema,,
1677,161,Peace_Maker_Kurogane,,
1678,37407,Penguin_Highway,,
1679,10588,Persona_4_the_Animation,,
1680,40436,Peter_Grill_to_Kenja_no_Jikan,,
1681,5682,Phantom__Requiem_for_the_Phantom,,
1682,22135,Ping_Pong_the_Animation,,
1683,12291,Acchi_Kocchi,,
1684,329,Planetes,,
1685,100,Shin_Shirayuki-hime_Densetsu_Pr%C3%A9tear,,
1686,8129,Kuragehime,,
1687,35240,Princess_Principal,,
1688,721,Princess_Tutu,,
1689,21843,Shingeki_no_Bahamut__Genesis,,
1690,165,RahXephon,,
1691,6114,Rainbow__Nisha_Rokubou_no_Shichinin,,
1692,31414,Nijiiro_Days,,
1693,210,Ranma_%C2%BD,,
1694,38329,Seishun_Buta_Yarou_wa_Yumemiru_Shoujo_no_Yume_wo_Minai,,
1695,23421,Re_%E2%90%A3Hamatora,,
1696,36793,3D_Kanojo__Real_Girl,,
1697,710,Rec,,
1698,34012,Isekai_Shokudou,,
1699,35503,Shoujo%E2%98%86Kageki_Revue_Starlight,,
1700,19429,Akuma_no_Riddle,,
1701,38707,RobiHachi,,
1702,28497,Rokka_no_Yuusha,,
1703,2559,Romeo_no_Aoi_Sora,,
1704,22359,Sanzoku_no_Musume_Ronja,,
1705,45,Rurouni_Kenshin__Meiji_Kenkaku_Romantan,,
1706,23277,Saenai_Heroine_no_Sodatekata,,
1707,530,Bishoujo_Senshi_Sailor_Moon,,
1708,740,Bishoujo_Senshi_Sailor_Moon_R,,
1709,129,Gensoumaden_Saiyuuki,,
1710,205,Samurai_Champloo,,
1711,44,Rurouni_Kenshin__Meiji_Kenkaku_Romantan_-_Tsuioku-hen,,
1712,2829,Ie_Naki_Ko_Remy,,
1713,14289,Suki_tte_Ii_na_yo,,
1714,2605,Sayonara_Zetsubou_Sensei,,
1715,24,School_Rumble,,
1716,846,School_Rumble_Ni_Gakki,,
1717,122,Full_Moon_wo_Sagashite,,
1718,4063,Sekirei,,
1719,5355,Sengoku_Basara,,
1720,339,Serial_Experiments_Lain,,
1721,355,Shakugan_no_Shana,,
1722,2787,Shakugan_no_Shana_II_Second,,
1723,6773,Shakugan_no_Shana_III_Final,,
1724,154,Shaman_King,,
1725,29786,Shimoneta_to_Iu_Gainen_ga_Sonzai_Shinai_Taikutsu_na_Sekai,,
1726,25835,Shirobako,,
1727,32175,Shounen_Maid,,
1728,27441,Show_By_Rock,,
1729,28735,Shouwa_Genroku_Rakugo_Shinjuu,,
1730,2923,Shugo_Chara,,
1731,16918,Gin_no_Saji,,
1732,19363,Gin_no_Saji_2nd_Season,,
1733,42847,Ai_no_Utagoe_wo_Kikasete,,
1734,9863,SKET_Dance,,
1735,25283,Kuusen_Madoushi_Kouhosei_no_Kyoukan,,
1736,170,Slam_Dunk,,
1737,534,Slayers,,
1738,36267,Uchuu_Senkan_Tiramis%C3%B9,,
1739,12431,Uchuu_Kyoudai,,
1740,20057,Space%E2%98%86Dandy,,
1741,23327,Space%E2%98%86Dandy_2nd_Season,,
1742,1000,Uchuu_Kaizoku_Captain_Herlock,,
1743,35847,SSSSGridman,,
1744,12029,Uchuu_Senkan_Yamato_2199,,
1745,8934,Star_Driver__Kagayaki_no_Takuto,,
1746,7705,Starry%E2%98%86Sky,,
1747,37972,Hoshiai_no_Sora,,
1748,565,Steamboy,,
1749,18277,Strike_the_Blood,,
1750,8675,Seitokai_Yakuindomo,,
1751,5597,Natsu_no_Arashi,,
1752,16009,Kamisama_no_Inai_Nichiyoubi,,
1753,41619,Munou_na_Nana,,
1754,1731,Tales_of_Symphonia_The_Animation__Sylvarant-hen,,
1755,4884,Tales_of_the_Abyss,,
1756,6046,Tales_of_Vesperia__The_First_Strike,,
1757,13333,Tari_Tari,,
1758,3594,Tears_to_Tiara,,
1759,6444,Tegamibachi,,
1760,2154,Tekkon_Kinkreet,,
1761,5781,Isekai_no_Seikishi_Monogatari,,
1762,28725,Kokoro_ga_Sakebitagatterunda,,
1763,30544,Gakusen_Toshi_Asterisk,,
1764,5420,Kemono_no_Souja_Erin,,
1765,7058,Uragiri_wa_Boku_no_Namae_wo_Shitteiru,,
1766,21863,Mangaka-san_to_Assistant-san_to_The_Animation,,
1767,41930,Kamisama_ni_Natta_Hi,,
1768,39071,Machikado_Mazoku,,
1769,7311,Suzumiya_Haruhi_no_Shoushitsu,,
1770,17909,Uchouten_Kazoku,,
1771,29095,Grisaia_no_Rakuen,,
1772,2593,Kara_no_Kyoukai_Movie_1__Fukan_Fuukei,,
1773,3782,Kara_no_Kyoukai_Movie_2__Satsujin_Kousatsu_Zen,,
1774,3783,Kara_no_Kyoukai_Movie_3__Tsuukaku_Zanryuu,,
1775,4280,Kara_no_Kyoukai_Movie_4__Garan_no_Dou,,
1776,4282,Kara_no_Kyoukai_Movie_5__Mujun_Rasen,,
1777,5205,Kara_no_Kyoukai_Movie_7__Satsujin_Kousatsu_Go,,
1778,32948,Fune_wo_Amu,,
1779,42668,Taisou_Zamurai,,
1780,49738,Heike_Monogatari,,
1781,28249,Arslan_Senki_TV,,
1782,45572,Mahouka_Koukou_no_Yuutousei,,
1783,40497,Mahouka_Koukou_no_Rettousei__Raihousha-hen,,
1784,569,Musekinin_Kanchou_Tylor,,
1785,21405,Bokura_wa_Minna_Kawai-sou,,
1786,33926,Quanzhi_Gaoshou,,
1787,37208,Mo_Dao_Zu_Shi,,
1788,38450,Mo_Dao_Zu_Shi__Xian_Yun_Pian,,
1789,19117,Toaru_Hikuushi_e_no_Koiuta,,
1790,22,Tennis_no_Oujisama,,
1791,338,Versailles_no_Bara,,
1792,41491,Nanatsu_no_Taizai__Funnu_no_Shinpan,,
1793,957,Saiunkoku_Monogatari,,
1794,23233,Shinmai_Maou_no_Testament,,
1795,15379,Kotoura-san,,
1796,1562,Yamato_Nadeshiko_Shichihenge%E2%99%A5,,
1797,22101,Soredemo_Sekai_wa_Utsukushii,,
1798,7465,Eve_no_Jikan_Movie,,
1799,16011,Tokyo_Ravens,,
1800,2402,Ashita_no_Joe,,
1801,2921,Ashita_no_Joe_2,,
1802,10033,Toriko,,
1803,2158,Terra_e_TV,,
1804,3230,Druaga_no_Tou__The_Aegis_of_Uruk,,
1805,6,Trigun,,
1806,27,Trinity_Blood,,
1807,35249,Uma_Musume__Pretty_Derby,,
1808,6129,Umi_Monogatari__Anata_ga_Ite_Kureta_Koto,,
1809,4896,Umineko_no_Naku_Koro_ni,,
1810,17247,Machine-Doll_wa_Kizutsukanai,,
1811,31098,Ushio_to_Tora_TV_2nd_Season,,
1812,30901,Utawarerumono__Itsuwari_no_Kamen,,
1813,41226,Uzaki-chan_wa_Asobitai,,
1814,16668,Kakumeiki_Valvrave,,
1815,6956,Working,,
1816,25879,Working,,
1817,38619,Joshikousei_no_Mudazukai,,
1818,40513,Nami_yo_Kiitekure,,
1819,1222,Bokura_ga_Ita,,
1820,6774,Kuuchuu_Buranko,,
1821,1210,NHK_ni_Youkoso,,
1822,25159,Inou-Battle_wa_Nichijou-kei_no_Naka_de,,
1823,18245,White_Album_2,,
1824,21085,Witch_Craft_Works,,
1825,202,Wolfs_Rain,,
1826,22663,Seiken_Tsukai_no_World_Break,,
1827,861,xxxHOLiC,,
1828,3091,xxxHOLiC%E2%97%86Kei,,
1829,36160,Yaoguai_Mingdan_2nd_Season,,
1830,36513,Rokuhou-dou_Yotsuiro_Biyori,,
1831,11739,Kimi_to_Boku_2,,
1832,10460,Kimi_to_Boku,,
1833,10216,Yondemasu_yo_Azazel-san_TV,,
1834,30740,Young_Black_Jack,,
1835,550,Yu%E2%98%86Gi%E2%98%86Oh,,
1836,26165,Yuri_Kuma_Arashi,,
1837,30279,Yuru_Yuri_San%E2%98%86Hai,,
1838,10495,Yuru_Yuri,,
1839,12403,Yuru_Yuri%E2%99%AA%E2%99%AA,,
1840,8476,Otome_Youkai_Zakuro,,
1841,6377,Zan_Sayonara_Zetsubou_Sensei,,
1842,3228,Zoku_Sayonara_Zetsubou_Sensei,,
1843,43969,Kanojo_mo_Kanojo,,
1844,36029,Hakyuu_Houshin_Engi,,
1845,37962,IDOLiSH7_Second_Beat,,
1846,35997,M%C3%A4rchen_M%C3%A4dchen,,
1847,1735,Naruto__Shippuuden,,
1848,39710,Yesterday_wo_Utatte,,
1849,21881,Sword_Art_Online_II,,
1850,39617,Yakusoku_no_Neverland_2nd_Season,,
1851,39701,Nanatsu_no_Taizai__Kamigami_no_Gekirin,,
1852,36847,Nanatsu_no_Bitoku,,
1853,37993,Watashi_ni_Tenshi_ga_Maiorita,,
1854,46118,Wave_Surfing_Yappe_TV,,
1855,39582,Kitsutsuki_Tanteidokoro,,
1856,15911,Yuyushiki,,
1857,7669,Bungaku_Shoujo_Kyou_no_Oyatsu__Hatsukoi,,
1858,6408,Bungaku_Shoujo_Movie,,
1859,3269,hack__GU_Trilogy,,
1860,298,hack__Tasogare_no_Udewa_Densetsu,,
1861,873,hack__Roots,,
1862,48,hack__Sign,,
1863,33966,Yume_Oukoku_to_Nemureru_100-nin_no_Oujisama,,
1864,34052,100_Pascal-sensei_TV,,
1865,20557,11eyes_Picture_Drama,,
1866,31319,12-sai_2nd_Season,,
1867,32601,12-sai__Chicchana_Mune_no_Tokimeki,,
1868,33419,12-sai__Chicchana_Mune_no_Tokimeki_2nd_Season,,
1869,35248,18if,,
1870,40679,243__Seiin_Koukou_Danshi_Volley-bu,,
1871,36840,25-sai_no_Joshikousei,,
1872,35746,6_Lovers,,
1873,49235,86_Special_Edition__Senya_ni_Akaku_Hinageshi_no_Saku,,
1874,10079,Hoshizora_e_Kakaru_Hashi,,
1875,39094,Toaru_Majutsu_no_Index-tan_III,,
1876,11743,Toaru_Majutsu_no_Index_Movie__Endymion_no_Kiseki,,
1877,19697,Toaru_Kagaku_no_Railgun_S__Motto_Marutto_Railgun,,
1878,55597,Hananoi-kun_to_Koi_no_Yamai,,
1879,17827,Daitoshokan_no_Hitsujikai,,
1880,2547,Princess_Sara,,
1881,831,Chicchana_Yukitsukai_Sugar,,
1882,35413,Imouto_sae_Ireba_Ii,,
1883,12119,Natsu-iro_Kiseki,,
1884,9624,30-sai_no_Hoken_Taiiku,,
1885,17741,Kimi_no_Iru_Machi,,
1886,9776,A-Channel,,
1887,36039,AICO_Incarnation,,
1888,25397,Absolute_Duo,,
1889,13939,Accel_World_EX,,
1890,13859,Accel_World__Acchel_World,,
1891,31763,Accel_World__Infinite%E2%88%9EBurst,,
1892,16273,Acchi_Kocchi__Place_Princess,,
1893,31630,Gyakuten_Saiban__Sono_Shinjitsu_Igi_Ari,,
1894,34800,Action_Heroine_Cheer_Fruits,,
1895,31790,Active_Raid__Kidou_Kyoushuushitsu_Dai_Hachi_Gakari,,
1896,32301,Active_Raid__Kidou_Kyoushuushitsu_Dai_Hachi_Gakari_2nd,,
1897,38670,Actors__Songs_Connection,,
1898,1292,Afro_Samurai,,
1899,92,Kidou_Shinseiki_Gundam_X,,
1900,37952,Shoumetsu_Toshi,,
1901,23579,12-sai,,
1902,37769,Aguu__Tensai_Ningyou,,
1903,591,Amaenaide_yo,,
1904,886,Amaenaide_yo_Katsu,,
1905,50,Aa_Megami-sama_TV,,
1906,3090,Aa_Megami-sama_Tatakau_Tsubasa,,
1907,880,Aa_Megami-sama_Sorezore_no_Tsubasa,,
1908,2198,Aa_Megami-sama_Sorezore_no_Tsubasa_Specials,,
1909,9611,Aa_Megami-sama_2011,,
1910,719,Ai_no_Kusabi,,
1911,5784,Ai_no_Kusabi_2012,,
1912,24699,Ai_Tenchi_Muyou,,
1913,53,Ai_Yori_Aoshi,,
1914,394,Ai_Yori_Aoshi__Enishi,,
1915,37204,Aikatsu_Friends,,
1916,32717,Aikatsu_Stars,,
1917,15061,Aikatsu,,
1918,311,Ace_wo_Nerae,,
1919,13053,Aimai_Elegy,,
1920,9201,Air_Gear__Kuro_no_Hane_to_Nemuri_no_Mori_-_Break_on_the_Sky,,
1921,656,Air_in_Summer,,
1922,230,Air_Master,,
1923,36032,Air_Recap,,
1924,713,Air_Movie,,
1925,102,Aishiteruze_Baby%E2%98%85%E2%98%85,,
1926,30868,Ajin_Part_1__Shoudou,,
1927,658,Touhai_Densetsu_Akagi__Yami_ni_Maiorita_Tensai,,
1928,25241,AkaKill_Gekijou,,
1929,12149,AKB0048,,
1930,14941,AKB0048__Next_Stage,,
1931,48553,Akebi-chan_no_Sailor-fuku,,
1932,29513,Aki_no_Kanade,,
1933,5112,Akikan,,
1934,34350,Alice_to_Zouroku,,
1935,24781,Imawa_no_Kuni_no_Alice,,
1936,375,Bannou_Bunka_Neko-Musume_1998,,
1937,41611,Wan_Sheng_Jie,,
1938,42640,Wan_Sheng_Jie_2,,
1939,49587,Wan_Sheng_Jie_3,,
1940,3549,Allison_to_Lillia,,
1941,34547,Shoukoku_no_Altair,,
1942,8676,Amagami_SS,,
1943,11235,Amagami_SS__Plus,,
1944,36800,Amanchu_Advance,,
1945,2356,Amon__Devilman_Mokushiroku,,
1946,53434,Maou_no_Ore_ga_Dorei_Elf_wo_Yome_ni_Shitanda_ga_Dou_Medereba_Ii,,
1947,8726,Soredemo_Machi_wa_Mawatteiru,,
1948,32171,Ange_Vierge,,
1949,51,Tenshi_Kinryouku,,
1950,682,Otogi_Story_Tenshi_no_Shippo,,
1951,34177,Tenshi_no_3P,,
1952,885,Tenshi_no_Tamago,,
1953,35834,Angolmois__Genkou_Kassenki,,
1954,35015,Ani_ni_Tsukeru_Kusuri_wa_Nai,,
1955,37924,Ani_ni_Tsukeru_Kusuri_wa_Nai_2,,
1956,39959,Ani_ni_Tsukeru_Kusuri_wa_Nai_3,,
1957,37206,Anima_Yell,,
1958,283,Akage_no_Anne,,
1959,31080,Anne_Happy%E2%99%AA,,
1960,38963,Ano_Hi_Mita_Hana_no_Namae_wo_Bokutachi_wa_Mada_Shiranai__Menma_e_no_Tegami,,
1961,15039,Ano_Hi_Mita_Hana_no_Namae_wo_Bokutachi_wa_Mada_Shiranai_Movie,,
1962,24133,Taimadou_Gakuen_35_Shiken_Shoutai,,
1963,4021,Seiyou_Kottou_Yougashiten__Antique,,
1964,7152,Anyamal_Tantei_Kiruminzoo,,
1965,51614,Ao_no_Orchestra,,
1966,24921,Aoki_Hagane_no_Arpeggio__Ars_Nova_Movie_2_-_Cadenza,,
1967,54,Appleseed_Movie,,
1968,1224,Aquarian_Age__Sign_for_Evolution,,
1969,478,Sousei_no_Aquarion,,
1970,10447,Aquarion_Evol,,
1971,30382,Aquarion_Logos,,
1972,4657,Arad_Senki__Slap_Up_Party,,
1973,16518,Arata_Kangatari,,
1974,55,Arc_the_Lad,,
1975,39456,Sounan_desu_ka,,
1976,284,Area_88_TV,,
1977,285,Argento_Soma,,
1978,23325,Shirogane_no_Ishi__Argevollen,,
1979,2563,Aria_the_OVA__Arietta,,
1980,52995,Arifureta_Shokugyou_de_Sekai_Saikyou_Season_3,,
1981,812,Chikyuu_Shoujo_Arjuna,,
1982,50205,Arknights__Reimei_Zensou,,
1983,6758,Tatakau_Shisho__The_Book_of_Bantorra,,
1984,1079,Armitage_III,,
1985,38395,Otona_no_Bouguya-san,,
1986,2582,Soukou_Kihei_Votoms,,
1987,18893,Aoki_Hagane_no_Arpeggio__Ars_Nova,,
1988,32863,Ansatsu_Kyoushitsu__Kagaijugyou-hen,,
1989,38572,Assassins_Pride,,
1990,40550,Assault_Lily__Bouquet,,
1991,9736,Astarotte_no_Omocha,,
1992,39388,Koisuru_Asteroid,,
1993,3044,Tetsuwan_Atom_1980,,
1994,5342,Asura_Cryin,,
1995,6676,Asura_Cryin_2,,
1996,6098,Sora_no_Manimani,,
1997,19391,Shingeki_no_Kyojin_Picture_Drama,,
1998,42091,Shingeki_no_Kyojin__Chronicle,,
1999,51535,Shingeki_no_Kyojin__The_Final_Season_-_Kanketsu-hen,,
2000,929,Seisenshi_Dunbine,,
2001,14669,Aura__Maryuuin_Kouga_Saigo_no_Tatakai,,
2002,56,Avenger,,
2003,3166,Ayakashi,,
2004,586,Ayakashi__Japanese_Classic_Horror,,
2005,95,Turn_A_Gundam,,
2006,3963,Turn_A_Gundam_I__Chikyuukou,,
2007,3964,Turn_A_Gundam_II__Gekkou_Chou,,
2008,286,BT_X,,
2009,11177,Cross_Fight_B-Daman,,
2010,32827,B__The_Beginning,,
2011,1485,Akachan_to_Boku,,
2012,27663,Baby_Steps_2nd_Season,,
2013,36873,Back_Street_Girls__Gokudolls,,
2014,36250,Baka_to_Test_to_Shoukanjuu_Mini_Anime,,
2015,34443,Baki,,
2016,2156,Bakugan_Battle_Brawlers,,
2017,7334,Bakugan_Battle_Brawlers__Gundalian_Invaders,,
2018,10330,Bakugan_Battle_Brawlers__Mechtanium_Surge,,
2019,5337,Bakugan_Battle_Brawlers__New_Vestroia,,
2020,37584,Bakumatsu,,
2021,2986,Bamboo_Blade,,
2022,33573,BanG_Dream,,
2023,44037,Shin_no_Nakama_ja_Nai_to_Yuusha_no_Party_wo_Oidasareta_node_Henkyou_de_Slow_Life_suru_Koto_ni_Shimashita,,
2024,53488,Shin_no_Nakama_ja_Nai_to_Yuusha_no_Party_wo_Oidasareta_node_Henkyou_de_Slow_Life_suru_Koto_ni_Shimashita_2nd,,
2025,396,Seikai_no_Senki,,
2026,397,Seikai_no_Senki_II,,
2027,1824,Hadashi_no_Gen,,
2028,1667,Barom_One,,
2029,1589,Bartender,,
2030,35964,Basilisk__Ouka_Ninpouchou,,
2031,5675,Basquash,,
2032,32947,Battery,,
2033,1016,Gunnm,,
2034,1186,Battle_Athletess_Daiundoukai_TV,,
2035,52,Kidou_Tenshi_Angelic_Layer,,
2036,33184,Battle_Girl_High_School,,
2037,10308,Sengoku_Otome__Momoiro_Paradox,,
2038,579,Battle_Programmer_Shirase,,
2039,9346,Battle_Spirits__Brave,,
2040,6901,Battle_Spirits__Shounen_Gekiha_Dan,,
2041,19877,Battle_Spirits__Sword_Eyes_Gekitouden,,
2042,20543,Bayonetta__Bloody_Fate,,
2043,32023,Bubuki_Buranki,,
2044,33041,Bubuki_Buranki__Hoshi_no_Kyojin,,
2045,36516,Beatless,,
2046,30187,Sakurako-san_no_Ashimoto_ni_wa_Shitai_ga_Umatteiru,,
2047,8,Bouken_Ou_Beet,,
2048,5494,Konnichiwa_Anne__Before_Green_Gables,,
2049,3220,Kanashimi_no_Belladonna,,
2050,39221,Bem,,
2051,38199,Bermuda_Triangle__Colorful_Pastrale,,
2052,32379,Berserk,,
2053,34055,Berserk_2nd_Season,,
2054,52976,Berserk__Ougon_Jidai-hen_-_Memorial_Edition,,
2055,10218,Berserk__Ougon_Jidai-hen_I_-_Haou_no_Tamago,,
2056,12113,Berserk__Ougon_Jidai-hen_II_-_Doldrey_Kouryaku,,
2057,12115,Berserk__Ougon_Jidai-hen_III_-_Kourin,,
2058,456,Gokujou_Seitokai,,
2059,1136,Betterman,,
2060,36000,Sora_to_Umi_no_Aida,,
2061,1668,Bakuten_Shoot_Beyblade_G_Revolution,,
2062,368,Bible_Black,,
2063,972,Bible_Black_Gaiden,,
2064,5347,Bible_Black__Imari_Ryoujoku_Genba,,
2065,1401,Bible_Black__New_Testament,,
2066,36155,Bibury,,
2067,31904,Big_Order_TV,,
2068,30782,Bikini_Warriors,,
2069,31283,Bikini_Warriors_Special,,
2070,1214,Binbou_Shimai_Monogatari,,
2071,750,Binchou-tan,,
2072,3974,Tetsuwan_Birdy_Decode,,
2073,5074,Tetsuwan_Birdy_Decode_02,,
2074,1498,Black_Blood_Brothers,,
2075,30100,Black_Bullet__Tenchuu%EF%BC%8AGirls,,
2076,6793,Kuroshitsuji__Sono_Shitsuji_Kougyou,,
2077,55855,Kuroshitsuji__Kishuku_Gakkou-hen,,
2078,6163,Kuroshitsuji_Recap,,
2079,2213,Black_Jack_TV,,
2080,2214,Black_Jack_21,,
2081,4901,Black_Lagoon__Robertas_Blood_Trail,,
2082,37498,Black_Fox,,
2083,22547,Blade___Soul,,
2084,23781,Blade___Soul_Specials,,
2085,4151,Mugen_no_Juunin,,
2086,36308,Blade_Runner__Black_Out_2022,,
2087,32086,Blame_Movie,,
2088,3407,Blassreiter,,
2089,18767,BlazBlue__Alter_Memory,,
2090,4835,Bleach_Movie_3__Fade_to_Black_-_Kimi_no_Na_wo_Yobu,,
2091,8247,Bleach_Movie_4__Jigoku-hen,,
2092,1686,Bleach_Movie_1__Memories_of_Nobody,,
2093,2889,Bleach_Movie_2__The_DiamondDust_Rebellion_-_Mou_Hitotsu_no_Hyourinmaru,,
2094,41467,Bleach__Sennen_Kessen-hen,,
2095,6979,Shukufuku_no_Campanella,,
2096,11633,Blood_Lad,,
2097,18441,Blood_Lad__Wagahai_wa_Neko_de_wa_Nai,,
2098,14117,Blood-C__Special_Edition,,
2099,10681,Blood-C__The_Last_Dark,,
2100,357,Bokusatsu_Tenshi_Dokuro-chan,,
2101,3079,Aoki_Ryuusei_SPT_Layzner,,
2102,2964,Blue_Drop__Tenshi-tachi_no_Gikyoku,,
2103,34465,Ao_no_Exorcist__Kyoto_Fujouou-hen_OVA,,
2104,58,Blue_Gender,,
2105,1327,Aoki_Densetsu_Shoot,,
2106,998,Blue_Seed,,
2107,24151,Ao_Haru_Ride_OVA,,
2108,1051,Ao_no_6-gou,,
2109,1050,Bobobo-bo_Bo-bobo,,
2110,41514,Itai_no_wa_Iya_nanode_Bougyoryoku_ni_Kyokufuri_Shitai_to_Omoimasu_2,,
2111,1690,Bokura_no,,
2112,24641,Baku_Ane__Otouto_Shibocchau_zo_The_Animation,,
2113,2435,Choubatsu_Yobikou,,
2114,369,Boogiepop_wa_Warawanai,,
2115,34566,Boruto__Naruto_Next_Generations,,
2116,28755,Boruto__Naruto_the_Movie,,
2117,45604,Jaku-Chara_Tomozaki-kun_Specials,,
2118,4879,Mouryou_no_Hako,,
2119,1542,Brain_Powerd,,
2120,31573,Brave_Beats,,
2121,4532,Taiyou_no_Yuusha_Fighbird,,
2122,5075,Yuusha_Keisatsu_J-Decker,,
2123,32866,Brave_Witches,,
2124,1450,Brigadoon__Marin_to_Melan,,
2125,1543,Yoake_Mae_yori_Ruriiro_na__Crescent_Love,,
2126,6772,Break_Blade_Movie_1__Kakusei_no_Toki,,
2127,22433,Break_Blade,,
2128,33080,Brotherhood__Final_Fantasy_XV,,
2129,21431,Gokukoku_no_Brynhildr,,
2130,568,Bubblegum_Crisis_Tokyo_2040,,
2131,2330,Jibaku-kun,,
2132,21437,Buddy_Complex,,
2133,33056,Buddy_Go,,
2134,109,Bakuretsu_Tenshi,,
2135,3389,Bus_Gamer,,
2136,1536,Busou_Renkin,,
2137,14237,Busou_Shinki,,
2138,36309,Butlers__Chitose_Momotose_Monogatari,,
2139,49109,Kami-tachi_ni_Hirowareta_Otoko_2nd_Season,,
2140,36828,Caligula,,
2141,12293,Campione_Matsurowanu_Kamigami_to_Kamigoroshi_no_Maou,,
2142,5356,Canaan,,
2143,888,Megami_Kouhosei,,
2144,4535,Candy_Boy__Nonchalant_Talk_of_the_Certain_Twin_Sisters_in_Daily_Life,,
2145,694,Canvas_2__Nijiiro_no_Sketch,,
2146,388,Capeta,,
2147,21677,Captain_Earth,,
2148,2202,Waga_Seishun_no_Arcadia,,
2149,2203,Waga_Seishun_no_Arcadia__Mugen_Kidou_SSX,,
2150,2116,Captain_Tsubasa,,
2151,36934,Captain_Tsubasa_2018,,
2152,9539,Cardfight_Vanguard,,
2153,13145,Cardfight_Vanguard__Asia_Circuit-hen,,
2154,27815,Cardfight_Vanguard_G,,
2155,31196,Cardfight_Vanguard_G__GIRS_Crisis-hen,,
2156,34077,Cardfight_Vanguard_G_Next,,
2157,32802,Cardfight_Vanguard_G__Stride_Gate-hen,,
2158,21729,Cardfight_Vanguard__Legion_Mate-hen,,
2159,15611,Cardfight_Vanguard__Link_Joker-hen,,
2160,606,Kazemakase_Tsukikage_Ran,,
2161,38161,Kabukichou_Sherlock,,
2162,4981,Casshern_Sins,,
2163,28387,Joukamachi_no_Dandelion,,
2164,10578,C%C2%B3,,
2165,23209,Sora_no_Method,,
2166,3087,Cencoroll,,
2167,32595,Seisen_Cerberus__Ryuukoku_no_Fatalit%C3%A9s,,
2168,104,Ayashi_no_Ceres,,
2169,28833,Chain_Chronicle__Haecceitas_no_Hikari,,
2170,30091,Chaos_Dragon__Sekiryuu_Seneki,,
2171,5973,Fight_Ippatsu_Juuden-chan,,
2172,30485,Ch%C3%A4oS_Child,,
2173,33771,Cheating_Craft,,
2174,200,Tenshi_na_Konamaiki,,
2175,55973,30-sai_made_Doutei_dato_Mahoutsukai_ni_Nareru_Rashii,,
2176,6024,Chis_Sweet_Home__Atarashii_Ouchi,,
2177,33240,Koneko_no_Chi__Ponponra_Daibouken,,
2178,3841,Chis_Sweet_Home,,
2179,951,Chibi_Maruko-chan,,
2180,3114,Chiisana_Kyojin_Microman,,
2181,37981,Kaijuu_no_Kodomo,,
2182,30903,Children_Record,,
2183,9760,Hoshi_wo_Ou_Kodomo,,
2184,56923,Lv2_kara_Cheat_datta_Motoyuusha_Kouho_no_Mattari_Isekai_Life,,
2185,52446,Kaiko_sareta_Ankoku_Heishi_30-dai_no_Slow_na_Second_Life,,
2186,34088,Chiruran__Nibun_no_Ichi,,
2187,1219,Chocotto_Sister,,
2188,3690,Chou_Hatsumei_Boy_Kanipan,,
2189,39523,Choujin_Koukousei-tachi_wa_Isekai_demo_Yoyuu_de_Ikinuku_you_desu,,
2190,4186,Koukaku_no_Regios,,
2191,34565,Jikan_no_Shihaisha,,
2192,6645,Chuu_Bra,,
2193,110,Chuuka_Ichiban,,
2194,301,Cinderella_Boy,,
2195,38157,Circlet_Princess,,
2196,1473,City_Hunter_91,,
2197,1472,City_Hunter_3,,
2198,1844,Clamp_Gakuen_Tanteidan,,
2199,4059,Clannad__Mou_Hitotsu_no_Sekai_Tomoyo-hen,,
2200,31157,ClassicaLoid,,
2201,30383,Classroom%E2%98%86Crisis,,
2202,34825,Keppeki_Danshi_Aoyama-kun,,
2203,32152,Closers__Side_Blacklambs,,
2204,69,Cluster_Edge,,
2205,8888,Code_Geass__Boukoku_no_Akito_1_-_Yokuryuu_wa_Maiorita,,
2206,8728,Code_Geass__Hangyaku_no_Lelouch_-_Kiseki_no_Birthday,,
2207,12685,Code_Geass__Hangyaku_no_Lelouch_-_Nunnally_in_Wonderland,,
2208,34438,Code_Geass__Hangyaku_no_Lelouch_I_-_Koudou,,
2209,34439,Code_Geass__Hangyaku_no_Lelouch_II_-_Handou,,
2210,34440,Code_Geass__Hangyaku_no_Lelouch_III_-_Oudou,,
2211,33156,Code_Geass__Hangyaku_no_Lelouch_R2_Picture_Drama_-_Last_Moratorium,,
2212,5163,Code_Geass__Hangyaku_no_Lelouch_R2_Picture_Drama,,
2213,6768,Code_Geass__Hangyaku_no_Lelouch_R2_Special_Edition_-_Zero_Requiem,,
2214,4596,Code_Geass__Hangyaku_no_Lelouch_Special_Edition_-_Black_Rebellion,,
2215,2564,Code-E,,
2216,31318,Comet_Lucifer,,
2217,31827,Comet_Lucifer__Garden_Indigo_no_Shasou_kara,,
2218,706,Comic_Party_Revolution,,
2219,27911,Anime_de_Wakaru_Shinryounaika,,
2220,37823,Conception,,
2221,31147,Concrete_Revolutio__Choujin_Gensou,,
2222,32313,Concrete_Revolutio__Choujin_Gensou_-_The_Last_Song,,
2223,35434,Konbini_Kareshi,,
2224,8123,Cooking_Papa,,
2225,9479,Coppelion,,
2226,4581,Shikabane_Hime__Aka,,
2227,5034,Shikabane_Hime__Kuro,,
2228,111,Corrector_Yui,,
2229,1676,Cosmo_Warrior_Zero,,
2230,1677,Young_Herlock_wo_Oe_Cosmo_Warrior_Zero_Gaiden,,
2231,1194,Coyote_Ragtime_Show,,
2232,33541,Bishoujo_Yuugi_Unit_Crane_Game_Girls_Galaxy,,
2233,290,Seikai_no_Monshou,,
2234,9938,Ikoku_Meiro_no_Crois%C3%A9e_The_Animation,,
2235,114,Sakigake_Cromartie_Koukou,,
2236,25731,Cross_Ange__Tenshi_to_Ryuu_no_Rondo,,
2237,2722,Crusher_Joe,,
2238,39112,Kawaki_wo_Ameku,,
2239,36136,Crystal_Clear,,
2240,37207,Zuori_Qing_Kong,,
2241,32323,Aishen_Qiaokeli-ing,,
2242,1853,Cutie_Honey_F,,
2243,36976,Cutie_Honey_Universe,,
2244,1352,Cyber_City_Oedo_808,,
2245,1678,Cyborg_009__The_Cyborg_Soldier,,
2246,4690,Cyborg_009_1979,,
2247,23383,D-Frag,,
2248,3627,DCII_SS__Da_Capo_II_Second_Season,,
2249,2595,DCII__Da_Capo_II,,
2250,14827,DCIII__Da_Capo_III,,
2251,291,DCSS__Da_Capo_Second_Season,,
2252,62,DC__Da_Capo,,
2253,61,DNAngel,,
2254,2723,D4_Princess,,
2255,233,Daa_Daa_Daa,,
2256,9200,Dae_Jang_Geum__Jang_Geums_Dream_2,,
2257,21821,Fuuun_Ishin_Dai%E2%98%86Shougun,,
2258,21809,Kenzen_Robo_Daimidaler,,
2259,485,Damekko_Doubutsu,,
2260,17917,Danball_Senki_Wars,,
2261,29976,Dance_with_Devils,,
2262,34830,Dance_with_Devils__Fortuna,,
2263,33889,Saredo_Tsumibito_wa_Ryuu_to_Odoru,,
2264,34103,Danganronpa_3__The_End_of_Kibougamine_Gakuen_-_Kibou-hen,,
2265,1082,Hikari_to_Mizu_no_Daphne,,
2266,7338,Darker_than_Black__Kuro_no_Keiyakusha_Gaiden,,
2267,1494,Darkside_Blues,,
2268,24655,Date_A_Live_Movie__Mayuri_Judgment,,
2269,52196,Date_A_Live_V,,
2270,17641,Date_A_Live__Date_to_Date,,
2271,17651,Genei_wo_Kakeru_Taiyou,,
2272,52481,Gimai_Seikatsu,,
2273,34513,Days__Touin_Gakuen-sen,,
2274,6880,Deadman_Wonderland,,
2275,795,Oniisama_e,,
2276,63,DearS,,
2277,2994,Death_Note__Rewrite,,
2278,1826,Deltora_Quest,,
2279,55701,Kimetsu_no_Yaiba__Hashira_Geiko-hen,,
2280,2164,Dennou_Coil,,
2281,24031,Denki-gai_no_Honya-san,,
2282,5640,Tabidachi__Ami_Shuushou,,
2283,553,Yami_no_Matsuei,,
2284,25,Sunabouzu,,
2285,143,Kannazuki_no_Miko,,
2286,11341,Tantei_Opera_Milky_Holmes_Dai_2_Maku,,
2287,407,Tantei_Gakuen_Q,,
2288,293,Di_Gi_Charat,,
2289,1683,Di_Gi_Charat_Nyo,,
2290,1718,Winter_Garden,,
2291,148,Kita_e__Diamond_Dust_Drops,,
2292,28673,Duan_Nao,,
2293,32271,Dies_Irae,,
2294,1313,Digimon_Adventure_02,,
2295,32108,Digimon_Adventure_tri_2__Ketsui,,
2296,874,Digimon_Tamers,,
2297,552,Digimon_Adventure,,
2298,38449,Choujigen_Kakumei_Anime__Dimension_High_School,,
2299,1775,Jikuu_Tenshou_Nazca,,
2300,31163,Dimension_W,,
2301,424,Dirty_Pair,,
2302,2432,Discipline,,
2303,860,Makai_Senki_Disgaea,,
2304,34543,Dive,,
2305,294,Divergence_Eve,,
2306,31710,Divine_Gate,,
2307,2019,DNA_Sights_9999,,
2308,17831,Inu_to_Hasami_wa_Tsukaiyou,,
2309,11783,Dog_Days,,
2310,16385,Dog_Days,,
2311,5593,Dogs__Bullets___Carnage,,
2312,2166,Doujin_Work,,
2313,37982,Domestic_na_Kanojo,,
2314,36525,Dorei-ku_The_Animation,,
2315,41053,Dorohedoro__Ma_no_Omake,,
2316,5760,Dororo_to_Hyakkimaru,,
2317,37496,Double_Decker_Doug___Kirill,,
2318,346,W__Wish,,
2319,6215,Dr,,
2320,2259,Dr_Rin_ni_Kiitemite,,
2321,50612,Dr_Stone__Ryuusui,,
2322,11705,Dragon_Age__Blood_Mage_no_Seisen,,
2323,296,Dragon_Drive,,
2324,40526,Dragon_Ie_wo_Kau,,
2325,870,Dragon_Half,,
2326,2229,Dragon_Quest__Dai_no_Daibouken_TV,,
2327,2795,Dragonaut__The_Resonance,,
2328,25567,DRAMAtical_Murder__Data_xx_Transitory,,
2329,34552,Dream_Festival_R,,
2330,36480,Drifters_OVA,,
2331,37034,Drifters__Kokuou-sama_Goranshin,,
2332,38360,Drifters__The_Outlandish_Knight,,
2333,39531,Kuutei_Dragons,,
2334,31886,Dropout,,
2335,1685,Duel_Masters,,
2336,8408,Durarara_Specials,,
2337,32915,Durararax2_Ketsu__Dufufufu,,
2338,30191,Durararax2_Shou__Watashi_no_Kokoro_wa_Nabe_Moyou,,
2339,12035,Dwaeji-ui_Wang,,
2340,34771,Dynamic_Chord,,
2341,236,Es_Otherwise,,
2342,6927,Higashi_no_Eden__Air_Communication,,
2343,4789,ef__A_Tale_of_Melodies,,
2344,2030,El_Cazador_de_la_Bruja,,
2345,115,Ijigen_no_Sekai_El-Hazard,,
2346,116,Shinpi_no_Sekai_El-Hazard_TV,,
2347,32878,%C4%93lDLIVE,,
2348,5177,Denpa-teki_na_Kanojo,,
2349,5945,Element_Hunters,,
2350,32613,Elsword__El-ui_Yeoin,,
2351,747,Haru_wo_Daite_Ita,,
2352,2238,Fuyu_no_Semi,,
2353,345,Eikoku_Koi_Monogatari_Emma,,
2354,2035,Eikoku_Koi_Monogatari_Emma__Molders-hen,,
2355,14355,Yama_no_Susume,,
2356,21435,Yama_no_Susume_Second_Season,,
2357,48491,Yama_no_Susume__Next_Summit,,
2358,50652,Tsundere_Akuyaku_Reijou_Liselotte_to_Jikkyou_no_Endou-kun_to_Kaisetsu_no_Kobayashi-san,,
2359,32608,Endride,,
2360,38062,Endro,,
2361,724,Enzai,,
2362,790,Ergo_Proxy,,
2363,393,Escaflowne,,
2364,34208,Escha_Chron,,
2365,577,Kagi_Hime_Monogatari__Eikyuu_Alice_Rondo,,
2366,28221,Etotama,,
2367,10851,Euphoria,,
2368,38797,Papa_datte_Shitai,,
2369,38853,Ex-Arm,,
2370,5883,Examurai_Sengoku,,
2371,379,Heppoko_Jikken_Animation_Excel%E2%99%A5Saga,,
2372,75,Soukyuu_no_Fafner__Dead_Aggressor,,
2373,17080,Soukyuu_no_Fafner__Dead_Aggressor_-_Exodus,,
2374,39063,Fairy_Gone,,
2375,518,Mahou_no_Princess_Minky_Momo,,
2376,5953,Mahou_no_Princess_Minky_Momo__Yume_wo_Dakishimete,,
2377,45665,Fairy_Ranmaru__Anata_no_Kokoro_Otasuke_Shimasu,,
2378,30778,Fairy_Tail_Movie_2__Dragon_Cry,,
2379,49785,Fairy_Tail__100-nen_Quest,,
2380,15883,Fantasista_Doll,,
2381,455,Fantastic_Children,,
2382,2965,Suteki_Tantei_Labyrinth,,
2383,36064,Fate_Grand_Order,,
2384,36914,Fate_Grand_Order__Himuro_no_Tenchi_-_7-nin_no_Saikyou_Ijin-hen,,
2385,34100,Fate_kaleid_liner_Prisma%E2%98%86Illya_Movie__Sekka_no_Chikai,,
2386,12565,Fate_Prototype,,
2387,7559,Fate_stay_night_TV_Reproduction,,
2388,27821,Fate_stay_night__Unlimited_Blade_Works_Prologue,,
2389,6922,Fate_stay_night_Movie__Unlimited_Blade_Works,,
2390,19165,Fate_Zero_Cafe,,
2391,13183,Fate_Zero_Remix,,
2392,13263,Fate_Zero__Onegai_Einzbern_Soudanshitsu,,
2393,913,Kakutou_Bijin_Wulong,,
2394,968,Kakutou_Bijin_Wulong__Rebirth,,
2395,1126,Figure_17__Tsubasa___Hikaru,,
2396,119,Final_Approach,,
2397,317,Final_Fantasy_VII__Advent_Children,,
2398,2952,Final_Fantasy_VII__Advent_Children_Complete,,
2399,2782,Fire_Emblem,,
2400,51818,Enen_no_Shouboutai__San_no_Shou,,
2401,39963,Yubisaki_kara_Honki_no_Netsujou__Osananajimi_wa_Shouboushi,,
2402,34498,Uchiage_Hanabi_Shita_kara_Miru_ka_Yoko_kara_Miru_ka,,
2403,36655,Souten_no_Ken__Regenesis,,
2404,238,Rekka_no_Honoo,,
2405,37396,Shikioriori,,
2406,16201,Aku_no_Hana,,
2407,13163,Furusato_Saisei__Nippon_no_Mukashibanashi,,
2408,36962,Shokugeki_no_Souma__San_no_Sara_-_Kyokuseiryou_no_Erina,,
2409,3355,Fortune_Dogs,,
2410,31499,Huyao_Xiao_Hongniang,,
2411,9314,Fractale,,
2412,39014,Free_Movie_3__Road_to_the_World_-_Yume,,
2413,37858,Free_Movie_1__Timeless_Medley_-_Kizuna_-_Character_Butai_Aisatsu,,
2414,38400,Free_Movie_4__The_Final_Stroke_-_Zenpen,,
2415,33845,Free_Movie_1__Timeless_Medley_-_Kizuna,,
2416,9367,Freezing,,
2417,18001,Freezing_Vibration,,
2418,5684,Fresh_Precure,,
2419,31931,Full_Metal_Panic_Invisible_Victory,,
2420,1015,Full_Metal_Panic_The_Second_Raid__Wari_to_Hima_na_Sentaichou_no_Ichinichi,,
2421,34300,Quanzhi_Fashi,,
2422,6421,Fullmetal_Alchemist__Brotherhood_Specials,,
2423,430,Fullmetal_Alchemist__The_Conqueror_of_Shamballa,,
2424,9135,Fullmetal_Alchemist__The_Sacred_Star_of_Milos,,
2425,13335,Fuse__Teppou_Musume_no_Torimonochou,,
2426,505,Fushigiboshi_no%E2%98%86Futagohime,,
2427,126,Futakoi_Alternative,,
2428,8765,Futarigurashi,,
2429,1391,Future_GPX_Cyber_Formula,,
2430,33743,Fuuka,,
2431,10048,Fuyu_no_Semi_Special,,
2432,1623,G-On_Riders,,
2433,4725,Ga-Rei__Zero,,
2434,5670,GA__Geijutsuka_Art_Design_Class,,
2435,1845,Gaiking__Legend_of_Daiku-Maryu,,
2436,13139,Gakkatsu,,
2437,17147,Gakkatsu_2nd_Season,,
2438,37657,Gakuen_Basara,,
2439,850,Gakuen_Heaven,,
2440,1858,Gakuen_Utopia_Manabi_Straight,,
2441,383,Galaxy_Angel,,
2442,653,Galaxy_Angel_3,,
2443,1600,Galaxy_Angel_Rune,,
2444,655,Galaxy_Angel_4,,
2445,652,Galaxy_Angel_Z,,
2446,3602,Ginga_Tetsudou_999__Eternal_Fantasy,,
2447,3907,Ginga_Sengoku_Gunyuuden_Rai,,
2448,19367,Galilei_Donna,,
2449,384,Gantz,,
2450,395,Gantz_2nd_Stage,,
2451,1382,Yuusha-Ou_GaoGaiGar_Final,,
2452,965,Yoshinaga-sanchi_no_Gargoyle,,
2453,36144,Garo__Vanishing_Line,,
2454,23311,Garo__Honoo_no_Kokuin,,
2455,782,Gasaraki,,
2456,18229,Gatchaman_Crowds,,
2457,21039,Gatchaman_Crowds_Insight,,
2458,127,Gate_Keepers,,
2459,1049,Cello_Hiki_no_Gauche_1982,,
2460,36797,gdMen,,
2461,37140,Gegege_no_Kitarou_2018,,
2462,1022,Generator_Gawl,,
2463,240,Genshiken,,
2464,2508,Genshiken_2,,
2465,18465,Genshiken_Nidaime,,
2466,132,GetBackers,,
2467,978,Change_Getter_Robo__Sekai_Saigo_no_Hi,,
2468,9493,Dororon_Enma-kun_Meeramera,,
2469,4672,Koukaku_Kidoutai_20,,
2470,468,Innocence,,
2471,29325,Koukaku_Kidoutai_Arise__Alternative_Architecture,,
2472,17187,Koukaku_Kidoutai_Arise__Ghost_in_the_Shell_-_Border_1_Ghost_Pain,,
2473,19191,Koukaku_Kidoutai_Arise__Ghost_in_the_Shell_-_Border_2_Ghost_Whispers,,
2474,19193,Koukaku_Kidoutai_Arise__Ghost_in_the_Shell_-_Border_3_Ghost_Tears,,
2475,19195,Koukaku_Kidoutai_Arise__Ghost_in_the_Shell_-_Border_4_Ghost_Stands_Alone,,
2476,38799,Koukaku_Kidoutai__SAC_2045,,
2477,1566,Koukaku_Kidoutai__Stand_Alone_Complex_-_Solid_State_Society,,
2478,2449,Koukaku_Kidoutai__Stand_Alone_Complex_-_The_Laughing_Man,,
2479,27411,Koukaku_Kidoutai__Shin_Movie,,
2480,1587,Tenpou_Ibun__Ayakashi_Ayashi,,
2481,1281,Gakkou_no_Kaidan,,
2482,2400,GS_Mikami,,
2483,7661,Giant_Killing,,
2484,40074,Gibiate,,
2485,1581,Gift__Eternal_Rainbow,,
2486,18771,Gifuu_Doudou__Kanetsugu_to_Keiji,,
2487,385,Gilgamesh,,
2488,476,Ginban_Kaleidoscope,,
2489,2987,Ginga_Hyouryuu_Vifam,,
2490,28733,Ginga_Tetsudou_999_ONA,,
2491,30481,Ginga_Tetsudou_999_for_Planetarium,,
2492,18411,Gingitsune,,
2493,336,Ginyuu_Mokushiroku_Meine_Liebe,,
2494,771,Ginyuu_Mokushiroku_Meine_Liebe_Wieder,,
2495,19115,Giovanni_no_Shima,,
2496,24855,Girlfriend_Kari,,
2497,667,Kashimashi__Girl_Meets_Girl,,
2498,53040,Kanojo_mo_Kanojo_Season_2,,
2499,55102,Girls_Band_Cry,,
2500,31914,Shoujo-tachi_wa_Kouya_wo_Mezasu,,
2501,241,Girls_Bravo__First_Season,,
2502,487,Girls_Bravo__Second_Season,,
2503,18617,Girls___Panzer_Movie,,
2504,37998,Girly_Air_Force,,
2505,40421,Given_Movie_1,,
2506,21635,GJ-bu,,
2507,3840,Crystal_Blaze,,
2508,506,Glass_no_Kamen,,
2509,23079,Glasslip,,
2510,39463,Gleipnir,,
2511,12191,Smile_Precure,,
2512,16419,Dokidoki_Precure,,
2513,31698,Zhan_Long_Si_Qu,,
2514,53770,Sentai_Daishikkaku,,
2515,28669,Go_Princess_Precure,,
2516,38807,Goblin_Slayer__Bouken_Kiroku_Youshi_-_Adventure_Sheet,,
2517,3399,Rokushin_Gattai_GodMars,,
2518,1880,Midnight_Eye__Gokuu_II,,
2519,1879,Midnight_Eye__Gokuu,,
2520,2409,Gokudou-kun_Manyuuki,,
2521,11769,Gokujo__Gokurakuin_Joshikou_Ryou_Monogatari,,
2522,38710,Golden_Kamuy_2nd_Season_OVA,,
2523,37755,Golden_Douga_Gekijou,,
2524,4039,Golgo_13_TV,,
2525,24705,Ore_Twintail_ni_Narimasu,,
2526,13535,Binbougami_ga,,
2527,2494,Goshuushou-sama_Ninomiya-kun,,
2528,6787,Goulart_Knights__Evoked_the_Beginning_Black,,
2529,24629,Koufuku_Graffiti,,
2530,35814,Granblue_Fantasy_The_Animation__Kabocha_no_Lantern,,
2531,41574,Guraburu,,
2532,2416,Grander_Musashi_RV,,
2533,16027,Greek_Roman_Sinhwa__Olympus_Guardian,,
2534,133,Green_Green,,
2535,297,Grenadier__Hohoemi_no_Senshi,,
2536,4060,Grimm_Meisaku_Gekijou,,
2537,37154,Grimms_Notes_The_Animation,,
2538,35868,Grisaia__Phantom_Trigger_The_Animation,,
2539,980,Rikujou_Bouei-tai_Mao-chan,,
2540,13411,Guilty_Crown__Lost_Christmas_-_An_Episode_of_Port_Town,,
2541,5041,Guin_Saga,,
2542,1706,Gun_Frontier,,
2543,411,Gun_x_Sword,,
2544,949,Top_wo_Nerae_Gunbuster,,
2545,19319,Gundam_Build_Fighters,,
2546,24625,Gundam_Build_Fighters_Try,,
2547,266,Gunparade_March__Arata_Naru_Kougunka,,
2548,858,Gunparade_Orchestra,,
2549,134,Gunslinger_Girl,,
2550,3231,Gunslinger_Girl__Il_Teatrino,,
2551,28791,Gunslinger_Stratos_The_Animation,,
2552,4705,Tengen_Toppa_Gurren_Lagann__Parallel_Works,,
2553,386,H2,,
2554,3299,H2O__Footprints_in_the_Sand,,
2555,1663,Haha_wo_Tazunete_Sanzenri,,
2556,33378,Haikara-san_ga_Tooru_Movie_1__Benio_Hana_no_17-sai,,
2557,52742,Haikyuu_Movie__Gomisuteba_no_Kessen,,
2558,35111,Haikyuu_Movie_4__Concept_no_Tatakai,,
2559,35110,Haikyuu_Movie_3__Sainou_to_Sense,,
2560,29755,Haikyuu_Movie_1__Owari_to_Hajimari,,
2561,25303,Haikyuu_Lev_Genzan,,
2562,30364,Haikyuu_Movie_2__Shousha_to_Haisha,,
2563,26023,Haiyore_Nyaruko-san_F,,
2564,32011,Hakuouki__Otogisoushi,,
2565,2804,Hana_no_Mahoutsukai_Mary_Bell,,
2566,106,Hana_yori_Dango,,
2567,2004,Hanada_Shounen-shi,,
2568,6574,Hanamaru_Youchien,,
2569,14175,Hanasaku_Iroha_Movie__Home_Sweet_Home,,
2570,649,Hanaukyou_Maid-tai__La_Verite,,
2571,403,Hanaukyou_Maid-tai,,
2572,14145,Hanayaka_Nari_Waga_Ichizoku__Kinetograph,,
2573,21681,Hanayamata,,
2574,318,Hand_Maid_May,,
2575,32981,Hand_Shakers,,
2576,50854,Benriya_Saitou-san_Isekai_ni_Iku,,
2577,21407,Happiness_Charge_Precure,,
2578,1570,Happiness,,
2579,35006,Happy_Party_Train,,
2580,1193,Happy_Seven__The_TV_Manga,,
2581,37517,Happy_Sugar_Life,,
2582,260,Happy%E2%98%86Lesson_TV,,
2583,261,Happy%E2%98%86Lesson_Advance,,
2584,1645,Herlock_Saga__Nibelung_no_Yubiwa,,
2585,28211,Harmony,,
2586,30895,HaruChika__Haruta_to_Chika_wa_Seishun_suru,,
2587,6023,Nogizaka_Haruka_no_Himitsu_Purezza_%E2%99%AA,,
2588,247,Harukanaru_Toki_no_Naka_de__Hachiyou_Shou,,
2589,1904,Harukanaru_Toki_no_Naka_de_2__Shiroki_Ryuu_no_Miko,,
2590,1592,Hataraki_Man,,
2591,39605,Hataraku_Saibou_Specials,,
2592,3298,Hatenkou_Yuugi,,
2593,5150,Hatsukoi_Limited,,
2594,34016,Hatsukoi_Monster__Mou_Chotto_dake_Tsuzukunja,,
2595,646,Haunted_Junction,,
2596,16982,Hayate_no_Gotoku_Cuties,,
2597,9958,Hayate_no_Gotoku_Heaven_Is_a_Place_on_Earth,,
2598,4192,Hayate_no_Gotoku,,
2599,14653,Hayate_no_Gotoku_Cant_Take_My_Eyes_Off_You,,
2600,412,Kore_ga_Watashi_no_Goshujinsama,,
2601,4713,Heart_no_Kuni_no_Alice__Wonderful_Wonder_World,,
2602,7645,Heartcatch_Precure,,
2603,958,Heat_Guy_J,,
2604,40730,Tian_Guan_Cifu,,
2605,50399,Tian_Guan_Cifu_Er,,
2606,44070,Tian_Guan_Cifu_Special,,
2607,10568,Kamisama_no_Memochou,,
2608,2598,Juusenki_L-Gaim,,
2609,27829,Heavy_Object,,
2610,34966,Jigoku_Shoujo__Yoi_no_Togi,,
2611,3713,Jigoku_Shoujo_Mitsuganae,,
2612,2012,Jigoku_Sensei_Nube,,
2613,38816,Hello_World,,
2614,2405,Hello_Lady_Lynn,,
2615,23269,Hello_Kiniro_Mosaic,,
2616,270,Hellsing,,
2617,35286,Henkei_Shoujo,,
2618,8101,HenSemi,,
2619,10187,HenSemi_TV,,
2620,39569,Sora_no_Aosa_wo_Shiru_Hito_yo,,
2621,13159,Kuromajo-san_ga_Tooru,,
2622,2002,Heroic_Age,,
2623,4334,Heroman,,
2624,28607,Hetalia__The_World_Twinkle,,
2625,23787,Hi%E2%98%86sCoool_SeHa_Girls,,
2626,3604,Hidamari_Sketch_x_365,,
2627,7062,Hidamari_Sketch_x_%E2%98%86%E2%98%86%E2%98%86,,
2628,11239,Hidamari_Sketch_x_Honeycomb,,
2629,17739,Hidamari_Sketch__Sae_Hiro_Sotsugyou-hen,,
2630,49154,High_Card,,
2631,34281,High_School_DxD_Hero,,
2632,863,Joshikousei__Girls_High,,
2633,9882,High_School_Mystery__Gakuen_Nanafushigi,,
2634,43690,Tenkuu_Shinpan,,
2635,2178,Highlander__The_Search_for_Vengeance,,
2636,14645,Hiiro_no_Kakera_2nd_Season,,
2637,2224,Hikari_no_Densetsu,,
2638,910,Himawari,,
2639,2037,Hime-chan_no_Ribbon,,
2640,22835,Himegoto,,
2641,36945,Himote_House,,
2642,31234,Himouto_Umaru-chanS,,
2643,34834,Hina_Logi__From_Luck___Logic,,
2644,33948,Hinako_Note,,
2645,145,Kareshi_Kanojo_no_Jijou,,
2646,1721,Hitohira,,
2647,33421,Yi_Ren_Zhi_Xia,,
2648,8768,Hiyokoi,,
2649,15895,Hiyokoi_2012,,
2650,37458,Kyoto_Teramachi_Sanjou_no_Holmes,,
2651,10338,Honto_ni_Atta_Reibai_Sensei,,
2652,14753,Hori-san_to_Miyamura-kun,,
2653,10456,Kyoukaisenjou_no_Horizon,,
2654,12487,Kyoukaisenjou_no_Horizon_II,,
2655,40961,Hortensia_Saga,,
2656,1044,Taiyou_no_Ouji__Horus_no_Daibouken,,
2657,3570,Yadosagashi,,
2658,7588,Saraiya_Goyou,,
2659,49930,Genjitsu_Shugi_Yuusha_no_Oukoku_Saikenki_Part_2,,
2660,37920,Ueno-san_wa_Bukiyou,,
2661,1883,Kappa_no_Kaikata,,
2662,36593,Hug_tto_Precure,,
2663,17,Hungry_Heart__Wild_Striker,,
2664,22955,Francesca,,
2665,136,Hunter_x_Hunter,,
2666,138,Hunter_x_Hunter__Greed_Island,,
2667,139,Hunter_x_Hunter__Greed_Island_Final,,
2668,137,Hunter_x_Hunter__Original_Video_Animation,,
2669,13271,Hunter_x_Hunter_Movie_1__Phantom_Rouge,,
2670,19951,Hunter_x_Hunter_Movie_2__The_Last_Mission,,
2671,4550,Hyakko,,
2672,31845,Masou_Gakuen_HxH,,
2673,9996,Hyouge_Mono,,
2674,1180,Hyper_Police,,
2675,9587,Oniichan_no_Koto_nanka_Zenzen_Suki_ja_Nai_n_da_kara_ne,,
2676,509,I_My_Me_Strawberry_Eggs,,
2677,53516,Tensei_shitara_Dainana_Ouji_Datta_node_Kimama_ni_Majutsu_wo_Kiwamemasu,,
2678,2771,Chou_Kuse_ni_Narisou,,
2679,605,Tenshi_ni_Narumon,,
2680,53833,Watashi_no_Oshi_wa_Akuyaku_Reijou,,
2681,50175,Yuusha_Yamemasu,,
2682,31245,Zutto_Mae_kara_Suki_deshita_Kokuhaku_Jikkou_Iinkai,,
2683,50738,Slime_Taoshite_300-nen_Shiranai_Uchi_ni_Level_Max_ni_Nattemashita__Sono_Ni,,
2684,48252,Ore_Tsushima,,
2685,2891,Iblard_Jikan,,
2686,17887,Ichirin-sha,,
2687,1316,Idaten_Jump,,
2688,4928,Idol_Tenshi_Youkoso_Youko,,
2689,34028,Idol_Jihen,,
2690,34787,Idol_Time_PriPara,,
2691,19685,Kanojo_ga_Flag_wo_Oraretara,,
2692,718,Yume_de_Aetara_TV,,
2693,37890,Oshi_ga_Budoukan_Ittekuretara_Shinu,,
2694,2762,Igano_Kabamaru,,
2695,3270,IGPX__Immortal_Grand_Prix_2005,,
2696,1410,IGPX__Immortal_Grand_Prix_2005_2nd_Season,,
2697,40359,Ikebukuro_West_Gate_Park,,
2698,34337,Ikemen_Sengoku__Toki_wo_Kakeru_ga_Koi_wa_Hajimaranai,,
2699,637,Iketeru_Futari,,
2700,257,Ikkitousen,,
2701,1956,Ikkitousen__Dragon_Destiny,,
2702,4196,Ikkitousen__Great_Guardians,,
2703,7580,Ikkitousen__Xtreme_Xecutor,,
2704,35203,Isekai_wa_Smartphone_to_Tomo_ni,,
2705,21845,Ushinawareta_Mirai_wo_Motomete,,
2706,48239,Leadale_no_Daichi_nite,,
2707,5231,Inazuma_Eleven,,
2708,10507,Inazuma_Eleven_Go,,
2709,13261,Inazuma_Eleven_Go__Chrono_Stone,,
2710,18097,Inazuma_Eleven_Go__Galaxy,,
2711,16774,Inferno_Cop,,
2712,593,Mugen_no_Ryvius,,
2713,18247,IS__Infinite_Stratos_2,,
2714,10794,IS__Infinite_Stratos_Encore_-_Koi_ni_Kogareru_Rokujuusou,,
2715,37438,Ingress_the_Animation,,
2716,15059,Initial_D_Fifth_Stage,,
2717,22507,Initial_D_Final_Stage,,
2718,185,Initial_D_First_Stage,,
2719,18,Initial_D_Fourth_Stage,,
2720,186,Initial_D_Second_Stage,,
2721,1230,Innocent_Venus,,
2722,731,Interstella5555__The_5tory_of_The_5ecret_5tar_5ystem,,
2723,35823,Demi-chan_wa_Kataritai__Demi-chan_no_Natsuyasumi,,
2724,1576,Bakumatsu_Kikansetsu_Irohanihoheto,,
2725,940,Inukami,,
2726,22865,Rokujouma_no_Shinryakusha,,
2727,1057,Ippatsu_Kiki_Musume,,
2728,48471,Tsuki_to_Laika_to_Nosferatu,,
2729,4663,Tekken_Chinmi,,
2730,10209,Kore_wa_Zombie_desu_ka_OVA,,
2731,37744,Isekai_Cheat_Magician,,
2732,49297,Isekai_Cheat_Magician__Yoiboshi_no_Matsuri_to_Majutsushi,,
2733,41567,Isekai_Quartet_Movie__Another_World,,
2734,25429,Isuca,,
2735,588,Itsudatte_My_Santa,,
2736,41783,Iwa_Kakeru_Sport_Climbing_Girls,,
2737,14765,Ixion_Saga_DT,,
2738,2523,Izumo__Takeki_Tsurugi_no_Senki,,
2739,17497,Jewelpet_Happiness,,
2740,12963,Jewelpet_Kira%E2%98%86Deco,,
2741,30030,Jewelpet_Magical_Change,,
2742,8217,Jewelpet_Twinkle%E2%98%86,,
2743,570,Jin-Rou,,
2744,107,Ou_Dorobou_Jing,,
2745,141,Jinki_Extend,,
2746,16101,Jinrui_wa_Suitai_Shimashita__Ningen-san_no_Yousei-san_Memo,,
2747,23121,Jinsei,,
2748,31578,JK_Meshi,,
2749,666,JoJo_no_Kimyou_na_Bouken,,
2750,33490,Kaitou_Joker_4th_Season,,
2751,38295,Joshikausei,,
2752,636,Juubee-chan_2__Siberia_Yagyuu_no_Gyakushuu,,
2753,2264,Jungle_Taitei_Movie_1997,,
2754,2556,Jungle_Taitei_1989,,
2755,36124,Itou_Junji__Collection,,
2756,13767,Junjou_Romantica_OVA,,
2757,35639,Just_Because,,
2758,22295,Juuza_Engi__Engetsu_Sangokuden_-_Gaiden_Youzhou_Genya,,
2759,953,Juu_Ou_Sei,,
2760,33248,K__Seven_Stories_Movie_1_-_R_B_-_Blaze,,
2761,33840,Kabuki-bu,,
2762,32032,Seikaisuru_Kado,,
2763,32682,Kagewani__Shou,,
2764,50325,Kaguya-sama_wa_Kokurasetai__Ultra_Romantic_Teaser_PV_-_Ishigami_Yuu_wa_Kataritai,,
2765,10271,Gyakkyou_Burai_Kaiji__Hakairoku-hen,,
2766,52588,Kaijuu_8-gou,,
2767,1021,Kaikan_Phrase,,
2768,38939,Kakegurui_Picture_Drama,,
2769,1192,Kakurenbo,,
2770,510,Kakyuusei_2__Hitomi_no_Naka_no_Shoujo-tachi,,
2771,2609,Kakyuusei_TV,,
2772,3616,Kamen_no_Maid_Guy,,
2773,1808,Kamichama_Karin,,
2774,489,Kamichu,,
2775,142,Kamikaze_Kaitou_Jeanne,,
2776,10372,Kamisama_Dolls,,
2777,33323,Kamisama_Hajimemashita__Kamisama_Shiawase_ni_Naru,,
2778,990,Kamisama_Kazoku,,
2779,18661,Kamisama_Hajimemashita_OVA,,
2780,5914,Kanamemo,,
2781,30455,KanColle__Itsuka_Ano_Umi_de,,
2782,3958,Kannagi,,
2783,3503,Kanokon,,
2784,144,Kanon,,
2785,39066,Karakuri_Circus__Makuai_-_Soshite_Mata_Kaimaku_Bell,,
2786,2204,Karakuri_Zoushi_Ayatsuri_Sakon,,
2787,31865,Kare_Baka__Wagahai_no_Kare_wa_Baka_de_R,,
2788,23425,Karneval_Specials,,
2789,36214,Asagao_to_Kase-san,,
2790,35589,Toji_no_Miko,,
2791,49501,Katarina_Nounai_Kaigi_X,,
2792,36419,Katsugeki_Touken_Ranbu_Movie,,
2793,1878,Kaze_no_Shoujo_Emily,,
2794,1145,Kaze_no_Youjinbou,,
2795,3464,Kemeko_Deluxe,,
2796,7904,Kemono_no_Souja_Erin_Recap,,
2797,37302,Kemurikusa_TV,,
2798,11813,Shijou_Saikyou_no_Deshi_Kenichi_OVA,,
2799,2602,Kenkou_Zenrakei_Suiei-bu_Umishou,,
2800,21671,Keroro,,
2801,1457,Key_the_Metal_Idol,,
2802,845,Kiba,,
2803,7525,Kick_Off_2002,,
2804,3349,Kiddy_GiRL-AND,,
2805,274,Kiddy_Grade,,
2806,33244,Kiitarou_Shounen_no_Youkai_Enikki,,
2807,3315,Kikou_Keisatsu_Metal_Jack,,
2808,21659,Kill_la_Kill_Specials,,
2809,1087,Kimagure_Orange%E2%98%86Road,,
2810,10536,Kimi_ni_Todoke_2nd_Season__Minitodo_Gekijou,,
2811,2927,KimiKiss_Pure_Rouge,,
2812,890,Yuusha-Ou_GaoGaiGar,,
2813,4416,Yuusha-Ou_GaoGaiGar_Final_Grand_Glorious_Gathering,,
2814,31762,King_of_Prism_by_Pretty_Rhythm,,
2815,34032,King_of_Prism__Pride_the_Hero,,
2816,6610,Ibara_no_Ou,,
2817,40682,Kingdom_3rd_Season,,
2818,35079,Kino_no_Tabi__The_Beautiful_World_-_The_Animated_Series,,
2819,34290,Kirakira%E2%98%86Precure_A_La_Mode,,
2820,1516,Kirarin%E2%98%86Revolution,,
2821,2390,Hoshi_no_Kirby,,
2822,1067,Kishin_Houkou_Demonbane_TV,,
2823,2215,Kishin_Taisen_Gigantic_Formula,,
2824,2106,Kiss_Dum__Engage_Planet,,
2825,32899,Watashi_ga_Motete_Dousunda,,
2826,5042,Kiss_x_Sis,,
2827,7593,Kiss_x_Sis_TV,,
2828,320,A_Kite,,
2829,446,Wei%C3%9F_Kreuz_Gl%C3%BChen,,
2830,34104,Knights___Magic,,
2831,24893,Sidonia_no_Kishi__Daikyuu_Wakusei_Seneki,,
2832,3545,Kochira_Katsushikaku_Kameari_Kouenmae_Hashutsujo,,
2833,1486,Kodomo_no_Omocha_TV,,
2834,2403,Kodomo_no_Jikan_TV,,
2835,634,Koi_Kaze,,
2836,4262,Koihime%E2%80%A0Musou,,
2837,16001,Kokoro_Connect__Michi_Random,,
2838,2155,Kono_Aozora_ni_Yakusoku_wo__Youkoso_Tsugumi_Ryou_e,,
2839,12981,Kono_Shihai_kara_no_Sotsugyou__Ozaki_Yutaka,,
2840,49458,Kono_Subarashii_Sekai_ni_Shukufuku_wo_3,,
2841,34389,Koro-sensei_Quest,,
2842,20329,Koroshiya-san__The_Hired_Gun,,
2843,2162,Koutetsu_Sangokushi,,
2844,37139,Koyomi_History,,
2845,1591,Kujibiki%E2%99%A5Unbalance,,
2846,45486,Kuma_Kuma_Kuma_Bear_Punch,,
2847,483,Kurau_Phantom_Memory,,
2848,3358,Kure-nai,,
2849,16023,Kuro_to_Kin_no_Akanai_Kagi,,
2850,5079,Kurokami_The_Animation,,
2851,6587,Kurokami__Intermission,,
2852,22673,Kuroko_no_Basket_2nd_Season_NG-shuu,,
2853,29583,Kuroko_no_Basket__Oshaberi_Demo_Shimasen_ka,,
2854,31051,Kuroko_no_Basket__Saikou_no_Present_desu,,
2855,8068,Kuroshitsuji_Picture_Drama,,
2856,5039,Kurozuka,,
2857,6604,Kuruneko,,
2858,9013,Kuruneko_2nd_Season,,
2859,851,Kyou_kara_Ore_wa,,
2860,4903,Kyou_no_5_no_2_TV,,
2861,3577,Kyouran_Kazoku_Nikki,,
2862,20971,Kiniro_no_Corda__Blue%E2%99%AASky,,
2863,1579,Kiniro_no_Corda__Primo_Passo,,
2864,22693,Lady_Jewelpet,,
2865,37448,Ladyspo,,
2866,11227,Rinne_no_Lagrange,,
2867,12281,Rinne_no_Lagrange_Season_2,,
2868,53410,Yuru_Camp%E2%96%B3_Season_3,,
2869,37341,Yuru_Camp%E2%96%B3_Specials,,
2870,38475,Yuru_Camp%E2%96%B3_Movie,,
2871,670,Lamune,,
2872,31621,Ooya-san_wa_Shishunki,,
2873,97,Last_Exile,,
2874,10336,Last_Exile__Ginyoku_no_Fam,,
2875,33531,Juushinki_Pandora,,
2876,37254,Last_Period__Owarinaki_Rasen_no_Monogatari,,
2877,12651,Danball_Senki_W,,
2878,1013,Le_Chevalier_DEon,,
2879,514,Cossette_no_Shouzou,,
2880,38958,Manga_de_Wakaru_Fate_Grand_Order,,
2881,633,Legend_of_Basara,,
2882,1025,Kachou_Ouji,,
2883,600,Legend_of_Duo,,
2884,360,Himiko-den,,
2885,959,Shin_Chou_Kyou_Ryo__Condor_Hero,,
2886,960,Shin_Chou_Kyou_Ryo__Condor_Hero_II,,
2887,5854,Shin_Chou_Kyou_Ryo__Condor_Hero_III,,
2888,3014,Ginga_Eiyuu_Densetsu__Waga_Yuku_wa_Hoshi_no_Taikai,,
2889,2938,Idol_Densetsu_Eriko,,
2890,671,Lemon_Angel_Project,,
2891,1695,Les_Mis%C3%A9rables__Shoujo_Cosette,,
2892,5132,Lets_Nupu_Nupu,,
2893,8022,Tegamibachi_Gakuen,,
2894,9834,Level_E,,
2895,17681,Zettai_Bouei_Leviathan,,
2896,39574,Levius,,
2897,33850,Nil_Admirari_no_Tenbin,,
2898,3613,Toshokan_Sensou,,
2899,35114,Clione_no_Akari,,
2900,1097,Lime-iro_Senkitan,,
2901,3653,Kurogane_no_Linebarrels,,
2902,11179,Papa_no_Iukoto_wo_Kikinasai,,
2903,40165,Listeners,,
2904,20517,Little_Busters_EX,,
2905,14349,Little_Witch_Academia,,
2906,2558,Wakakusa_Monogatari__Nan_to_Jo-sensei,,
2907,1554,Asatte_no_Houkou,,
2908,22189,Futsuu_no_Joshikousei_ga_Locodol_Yattemita,,
2909,30652,Long_Riders,,
2910,38936,Lord_El-Melloi_II-sei_no_Jikenbo__Rail_Zeppelin_Grace_Note_-_Hakamori_to_Neko_to_Majutsushi,,
2911,24455,Madan_no_Ou_to_Vanadis,,
2912,1848,Haou_Taikei_Ryuu_Knight,,
2913,34338,Lost_Song,,
2914,1184,Lost_Universe,,
2915,34607,Lostorage_Conflated_WIXOSS,,
2916,7598,Loups_Garous,,
2917,22901,Love_es_M_The_Animation,,
2918,1070,Love_Get_Chu,,
2919,190,Love_Hina_Again,,
2920,24997,Love_Live_The_School_Idol_Movie,,
2921,44516,Koroshi_Ai,,
2922,23441,Love_Stage__Chotto_ja_Nakutte,,
2923,19021,Takanashi_Rikka_Kai__Chuunibyou_demo_Koi_ga_Shitai_Movie,,
2924,22859,Takanashi_Rikka_Kai__Chuunibyou_demo_Koi_ga_Shitai_Movie_Lite,,
2925,37967,Chuunibyou_demo_Koi_ga_Shitai_Movie__Take_On_Me_-_Weekly_Short_Movie_Kotatsu_DE_Photo_Session,,
2926,12175,Koi_to_Senkyo_to_Chocolate,,
2927,275,Love%E2%99%A5Love,,
2928,3057,Loveless_Specials,,
2929,1864,Koisuru_Tenshi_Angelique__Kagayaki_no_Ashita,,
2930,1578,Koisuru_Tenshi_Angelique__Kokoro_no_Mezameru_Toki,,
2931,31233,Lu_Shidai,,
2932,32543,Lu_Shidai_2nd_Season,,
2933,32083,Luck___Logic,,
2934,31598,Luger_Code_1951,,
2935,169,Shingetsutan_Tsukihime,,
2936,38720,Lupin_III__Goodbye_Partner,,
2937,1425,Lupin_III__Part_II,,
2938,1426,Lupin_III__Part_III,,
2939,1430,Lupin_III__Cagliostro_no_Shiro,,
2940,27947,Lupin_III_2015,,
2941,35857,Lupin_III__Part_5,,
2942,13203,Lupin_the_Third__Mine_Fujiko_to_Iu_Onna,,
2943,23133,M3__Sono_Kuroki_Hagane,,
2944,193,Maburaho,,
2945,7222,Macross_F_Movie_2__Sayonara_no_Tsubasa,,
2946,614,Okusama_wa_Mahou_Shoujo,,
2947,36862,Made_in_Abyss_Movie_3__Fukaki_Tamashii_no_Reimei,,
2948,37514,Made_in_Abyss_Movie_1__Tabidachi_no_Yoake,,
2949,37515,Made_in_Abyss_Movie_2__Hourou_Suru_Tasogare,,
2950,252,Madlax,,
2951,1495,Maetel_Legend,,
2952,37599,Magatsu_Wahrheit__Zuerst,,
2953,22097,Magi__Sinbad_no_Bouken,,
2954,25517,Magic_Kaito_1412,,
2955,435,Magic_Knight_Rayearth,,
2956,1563,Magic_Knight_Rayearth_II,,
2957,32555,Stella_no_Mahou,,
2958,630,Mahoutsukai_Tai_TV,,
2959,2044,Mahou_no_Tenshi_Creamy_Mami,,
2960,331,Mahoujin_Guruguru,,
2961,332,Dokidoki%E2%99%A1Densetsu__Mahoujin_Guruguru,,
2962,350,Ojamajo_Doremi,,
2963,17947,Mahou_Shoujo_Lyrical_Nanoha__Reflection,,
2964,35984,Mahou_Shoujo_Lyrical_Nanoha__Detonation,,
2965,4985,Mahou_Shoujo_Lyrical_Nanoha__The_Movie_1st,,
2966,10153,Mahou_Shoujo_Lyrical_Nanoha__The_Movie_2nd_As,,
2967,36902,Mahou_Shoujo_Ore,,
2968,36266,Mahou_Shoujo_Site,,
2969,37979,Mahou_Shoujo_Tokushusen_Asuka,,
2970,349,Magical_Canan,,
2971,952,Magical_Nyan_Nyan_Taruto,,
2972,1502,Mahou_Shoujo_Pretty_Sammy_1996,,
2973,15813,Majokko_Shimai_no_Yoyo_to_Nene,,
2974,19769,Mahou_Sensou,,
2975,306,Abenobashi_Mahou%E2%98%86Shoutengai,,
2976,3654,Macademi_Wasshoi,,
2977,576,Magikano,,
2978,519,Mahoraba__Heartful_Days,,
2979,277,Mahoromatic__Motto_Utsukushii_Mono,,
2980,276,Mahoromatic__Automatic_Maiden,,
2981,2040,Mahou_no_Angel_Sweet_Mint,,
2982,4188,Mahou_Sensei_Negima__Shiroki_Tsubasa_Ala_Alba,,
2983,31793,Mahou_Shoujo_Nante_Mou_Ii_desu_kara,,
2984,33795,Mahou_Shoujo_Nante_Mou_Ii_desu_kara_Second_Season,,
2985,3875,Mahoutsukai_Sally_2,,
2986,9366,Kaichou_wa_Maid-sama__Omake_da_yo,,
2987,5902,Hyakujitsu_no_Bara,,
2988,15291,Hyakujitsu_no_Bara__Jinginaki_Nikukyuu-hen,,
2989,1453,Maison_Ikkoku,,
2990,15863,Ginga_Kikoutai_Majestic_Prince,,
2991,14563,Maji_de_Otaku_na_English_Ribbon-chan__Eigo_de_Tatakau_Mahou_Shoujo,,
2992,19207,Maji_de_Otaku_na_English_Ribbon-chan__Eigo_de_Tatakau_Mahou_Shoujo_-_The_TV,,
2993,10213,Maji_de_Watashi_ni_Koi_Shinasai,,
2994,21835,Majin_Bone,,
2995,3388,Majokko_Megu-chan,,
2996,36565,Major_2nd,,
2997,558,Major_S2,,
2998,1842,Major_S3,,
2999,3226,Major_S4,,
